event_name,event_dates,company_name,company_short_name,company_name_eng,products,country,country_codes,city,address,stand,pavilion,rubrics,rubrics_eng,product_notes,brands,website,public_email,public_phone,source_url,exhibitor_id,request_id,alpha_filter,evidence_snippet,parse_status,missing_fields,scraped_at,parser_version,short_name_check,products_check,qa_notes,signo_status,repeat_reason,matched_crm_email,matched_crm_domain,matched_crm_company,candidate_emails,candidate_top_domains,source_sheet,source_removed_reason,website_email_status,website_email_source_url,website_email_notes,main email,main_email_reason
Агросалон 2026,6–9 октября 2026,АГМ ПАРТС,АГМ ПАРТС,AGM PARTS,уборочная техника и жатки; кормозаготовительная техника; погрузочная и транспортная техника; запчасти и комплектующие для сельхозтехники; сельскохозяйственная техника и оборудование,Россия,RUS,,,B8.54,,Снабжение запасными частями,Spare parts supply,"Компания «АГМ Партс» - является крупнейшим поставщиком запасных частей для сельскохозяйственной техники всемирно-известных производителей. ВЫСОКОКАЧЕСТВЕННЫЕ РЕЖУЩИЕ ЭЛЕМЕНТЫ, А ТАКЖЕ КРУПНЫЕ КОРПУСНЫЕ ЗАПЧАСТИ ДЛЯ: * Жаток * Зерноуборочных комбайнов * Кормоуборочных комбайнов * Дисковых косилок * Измельчителей грубых кормов * Кормосмесителей * Пресс-подборщиков * Самозагружающихся прицепов",,https://oooagm.ru/,office.agm@mail.ru,+7-910-318-60-25; +7(4712)31-06-60,https://forms.agrosalon.ru/api/exhibitors/detail?catalogId=33763,33763,2937,keep,"АГМ ПАРТС | Россия | Снабжение запасными частями | Компания «АГМ Партс» - является крупнейшим поставщиком запасных частей для сельскохозяйственной техники всемирно-известных производителей. ВЫСОКОКАЧЕСТВЕННЫЕ РЕЖУЩИЕ ЭЛЕМЕНТЫ, А ТАКЖЕ КРУПНЫЕ КОРПУСНЫЕ ЗАПЧАСТИ ДЛЯ: * Жаток * Зерноуборочных комбайнов * Кормоуб",parsed,,2026-09-21T05:10:19Z,agrosalon-2026-official-forms-api-signo-v1.0.0,ok,ok,Russia row with qualifying agricultural equipment/product/category evidence from official catalogue.,repeat,company-owned domain matched current Twenty repeat index,,oooagm.ru,АГМ Партс,office.agm@mail.ru,oooagm.ru,official_forms_api,,catalog_email_present,,public email visible in official catalogue detail,office.agm@mail.ru,public catalogue/contact email
Агросалон 2026,6–9 октября 2026,АГРИ ПАРТС РУС,АГРИ ПАРТС РУС,AGRI PARTS RUS,барабанные комбайны; жатки комбайнов,Россия,RUS,,,B8.84,,Барабанные комбайны; Жатки комбайнов,Drum harvesters; Combine headers,Запасные части для сельскохозяйственной и специальной техники,,https://www.agriparts.su,info@agriparts.su,+74953239557,https://forms.agrosalon.ru/api/exhibitors/detail?catalogId=33800,33800,3036,keep,АГРИ ПАРТС РУС | Россия | Барабанные комбайны; Жатки комбайнов | Запасные части для сельскохозяйственной и специальной техники,parsed,,2026-09-21T05:10:20Z,agrosalon-2026-official-forms-api-signo-v1.0.0,ok,ok,Russia row with qualifying agricultural equipment/product/category evidence from official catalogue.,new,,,,,info@agriparts.su,agriparts.su,official_forms_api,,catalog_email_present,,public email visible in official catalogue detail,info@agriparts.su,public catalogue/contact email
Агросалон 2026,6–9 октября 2026,АГРО-ЛАДА.РУ,АГРО-ЛАДА.РУ,AGRO-LADA.RU,"другое из группы «комплектующие, запасные части, принадлежности»",Россия,RUS,,,B7.10,,"Другое из группы «Комплектующие, запасные части, принадлежности»","Others from the group ""Components, spare parts, accessories""",Производство высевающих дисков и вакуумных уплотнителей для всех типов пропашных сеялок.,,https://AGRO-LADA.RU,info@agro-lada.ru,+79286173909,https://forms.agrosalon.ru/api/exhibitors/detail?catalogId=34040,34040,3952,keep,"АГРО-ЛАДА.РУ | Россия | Другое из группы «Комплектующие, запасные части, принадлежности» | Производство высевающих дисков и вакуумных уплотнителей для всех типов пропашных сеялок.",parsed,,2026-09-21T05:10:20Z,agrosalon-2026-official-forms-api-signo-v1.0.0,ok,ok,Russia row with qualifying agricultural equipment/product/category evidence from official catalogue.,new,,,,,info@agro-lada.ru,agro-lada.ru,official_forms_api,,catalog_email_present,,public email visible in official catalogue detail,info@agro-lada.ru,public catalogue/contact email
Агросалон 2026,6–9 октября 2026,АГРОТЭК,АГРОТЭК,AGROTEK,"другое из группы «комплектующие, запасные части, принадлежности»",Россия,RUS,,,C7.61,,"Другое из группы «Комплектующие, запасные части, принадлежности»","Others from the group ""Components, spare parts, accessories""","АГРОТЭК — бренд автозапчастей для тракторной техники, основанный в 2020 году.",,,,,https://forms.agrosalon.ru/api/exhibitors/detail?catalogId=33910,33910,3335,keep,"АГРОТЭК | Россия | Другое из группы «Комплектующие, запасные части, принадлежности» | АГРОТЭК — бренд автозапчастей для тракторной техники, основанный в 2020 году.",parsed,,2026-09-21T05:10:20Z,agrosalon-2026-official-forms-api-signo-v1.0.0,ok,ok,Russia row with qualifying agricultural equipment/product/category evidence from official catalogue.,new,,,,,,,official_forms_api,,not_attempted,,,,no public email
Агросалон 2026,6–9 октября 2026,АКМАШ-ХОЛДИНГ,АКМАШ-ХОЛДИНГ,AKMASH-HOLDING,уборочная техника и жатки; погрузочная и транспортная техника; запчасти и комплектующие для сельхозтехники,Россия,RUS,,,C8.40,,Снабжение запасными частями,Spare parts supply,"АКМАШ-ХОЛДИНГ — это производство промышленных цепей, звездочек и других комплектующих. Транспортеры наклонных камер, зерновых и колосовых элеваторов комбайнов. Усиленные приводные цепи AKMASH PRO.",,http://www.akmash.ru,info@akmash.ru,+7 8332 50-00-00,https://forms.agrosalon.ru/api/exhibitors/detail?catalogId=33924,33924,3359,keep,"АКМАШ-ХОЛДИНГ | Россия | Снабжение запасными частями | АКМАШ-ХОЛДИНГ — это производство промышленных цепей, звездочек и других комплектующих. Транспортеры наклонных камер, зерновых и колосовых элеваторов комбайнов. Усиленные приводные цепи AKMASH PRO.",parsed,,2026-09-21T05:10:20Z,agrosalon-2026-official-forms-api-signo-v1.0.0,ok,ok,Russia row with qualifying agricultural equipment/product/category evidence from official catalogue.,repeat,company-owned domain matched current Twenty repeat index,,akmash.ru,Акмаш-Холдинг,info@akmash.ru,akmash.ru,official_forms_api,,catalog_email_present,,public email visible in official catalogue detail,info@akmash.ru,public catalogue/contact email
Агросалон 2026,6–9 октября 2026,АКСАЙКАРДАНДЕТАЛЬ,АКСАЙКАРДАНДЕТАЛЬ,Aksaycardandetal,жатки прицепные; жатки навесные,Россия,RUS,,,C7.52,,Жатки прицепные; Жатки навесные,Trailed headers; Mounted reapers,Производите жаток и карданных валов,,https://new.kardandetal.ru,79885407883@akard.ru,89885407883,https://forms.agrosalon.ru/api/exhibitors/detail?catalogId=33866,33866,3228,keep,АКСАЙКАРДАНДЕТАЛЬ | Россия | Жатки прицепные; Жатки навесные | Производите жаток и карданных валов,parsed,,2026-09-21T05:10:20Z,agrosalon-2026-official-forms-api-signo-v1.0.0,ok,ok,Russia row with qualifying agricultural equipment/product/category evidence from official catalogue.,repeat,company-owned domain matched current Twenty repeat index,,akard.ru,Аксайкардандеталь,79885407883@akard.ru,akard.ru; kardandetal.ru,official_forms_api,,catalog_email_present,,public email visible in official catalogue detail,79885407883@akard.ru,public catalogue/contact email
Агросалон 2026,6–9 октября 2026,АЛМАЗ (АНИТИМ),АЛМАЗ (АНИТИМ),ALMAZ (ANITIM),комбинированные почвообрабатывающие агрегаты,Россия,RUS,,,B5.31,,Зубовые бороны; Комбинированные почвообрабатывающие агрегаты,Field and crop harrows; Combined tillage implements,"АНИТИМ входит в состав заводов АЛМАЗ. Специализируется на проектировании и изготовлении почвообрабатывающей техники: тяжелых дисковых борон, культиваторов, мульчировщиков, сцепок, комбинированных орудий и катков; запчастей, упрочненных методом термоконтактного плакирования. Техника изготовлена из комплектующих собственного производства, имеет 2 года гарантии и обеспечена сервисным сопровождением в течение всего срока службы.",,https://almaztd.ru,almaztd@almaztd.ru,+73852503703,https://forms.agrosalon.ru/api/exhibitors/detail?catalogId=33942,33942,3393,keep,"АЛМАЗ (АНИТИМ) | Россия | Зубовые бороны; Комбинированные почвообрабатывающие агрегаты | АНИТИМ входит в состав заводов АЛМАЗ. Специализируется на проектировании и изготовлении почвообрабатывающей техники: тяжелых дисковых борон, культиваторов, мульчировщиков, сцепок, комбинированных орудий и катков; запчастей, упрочненных методом термоконтактного",parsed,,2026-09-21T05:10:20Z,agrosalon-2026-official-forms-api-signo-v1.0.0,ok,ok,Russia row with qualifying agricultural equipment/product/category evidence from official catalogue.,repeat,exact normalized email matched current Twenty repeat index,almaztd@almaztd.ru,,Алмаз,almaztd@almaztd.ru,almaztd.ru,official_forms_api,,catalog_email_present,,public email visible in official catalogue detail,almaztd@almaztd.ru,public catalogue/contact email
Агросалон 2026,6–9 октября 2026,АЛМАЗ (РЗЗ),АЛМАЗ (РЗЗ),ALMAZ (RZZ),почвообрабатывающая техника; посевная техника; запчасти и комплектующие для сельхозтехники; сельскохозяйственная техника и оборудование,Россия,RUS,,,В5.31,,Реверсивные плуги; Снабжение запасными частями,Reversible ploughs; Spare parts supply,"АЛМАЗ специализируется на проектировании, производстве и сбыте почвообрабатывающей, посевной техники и запасных частей. Ассортимент АЛМАЗ представлен в 7 категориях техники, включает 15 типов машин: лемешные, чизельные, оборотные плуги, дисковые бороны, сеялки. На рынке востребованы высококачественные запасные части для наиболее распространенных орудий почвообработки. Дилерская сеть действует в 70 субъектах РФ и ряде стран СНГ",,https://almaztd.ru,almaztd@almaztd.ru,+7 800 700 5008,https://forms.agrosalon.ru/api/exhibitors/detail?catalogId=33945,33945,3399,keep,"АЛМАЗ (РЗЗ) | Россия | Реверсивные плуги; Снабжение запасными частями | АЛМАЗ специализируется на проектировании, производстве и сбыте почвообрабатывающей, посевной техники и запасных частей. Ассортимент АЛМАЗ представлен в 7 категориях техники, включает 15 типов машин: лемешные, чизельные, оборотные плуги, дисковые бороны, сеялки",parsed,,2026-09-21T05:10:20Z,agrosalon-2026-official-forms-api-signo-v1.0.0,ok,ok,Russia row with qualifying agricultural equipment/product/category evidence from official catalogue.,repeat,exact normalized email matched current Twenty repeat index,almaztd@almaztd.ru,,Алмаз,almaztd@almaztd.ru,almaztd.ru,official_forms_api,,catalog_email_present,,public email visible in official catalogue detail,almaztd@almaztd.ru,public catalogue/contact email
Агросалон 2026,6–9 октября 2026,АЛЬЯНС БЕЛТ,АЛЬЯНС БЕЛТ,ALYANS BELT,погрузочная и транспортная техника; сельскохозяйственная техника и оборудование,Россия,RUS,,,B9.80,,Снабжение запасными частями,Spare parts supply,"АЛЬЯНС БЕЛТ — специализированный поставщик приводных ремней TOP DRIVE для сельхозтехники, промышленности и автотранспорта. Эксклюзивный партнер J.K. Fenner в РФ.",,https://allbelt.ru; https://topdv.ru/,info@allbelt.ru; info@topdv.ru,+7 (800) 555-36-25,https://forms.agrosalon.ru/api/exhibitors/detail?catalogId=33948,33948,3402,keep,"АЛЬЯНС БЕЛТ | Россия | Снабжение запасными частями | АЛЬЯНС БЕЛТ — специализированный поставщик приводных ремней TOP DRIVE для сельхозтехники, промышленности и автотранспорта. Эксклюзивный партнер J.K. Fenner в РФ.",parsed,,2026-09-21T05:10:21Z,agrosalon-2026-official-forms-api-signo-v1.0.0,ok,ok,Russia row with qualifying agricultural equipment/product/category evidence from official catalogue.,new,,,,,info@allbelt.ru; info@topdv.ru,allbelt.ru; topdv.ru,official_forms_api,,catalog_email_present,,public email visible in official catalogue detail,info@allbelt.ru,public catalogue/contact email
Агросалон 2026,6–9 октября 2026,АПЕКС,АПЕКС,APECS,"другое из группы «комплектующие, запасные части, принадлежности»",Россия,RUS,,,C7.51,,"Другое из группы «Комплектующие, запасные части, принадлежности»","Others from the group ""Components, spare parts, accessories""","Комплектующие для защиты растений и внесения КАС. Собственное производство: корпуса распылителей, фильтры,фитинги, дозаторы,шланговые подвесы. Поставка продукции ARAG, ASJ,LECHLER, FITT, IP, TOYMAN",,https://www.apecs.ru,marketing@apecs.ru,"(843)5-121-121,5-121-122",https://forms.agrosalon.ru/api/exhibitors/detail?catalogId=33784,33784,3005,keep,"АПЕКС | Россия | Другое из группы «Комплектующие, запасные части, принадлежности» | Комплектующие для защиты растений и внесения КАС. Собственное производство: корпуса распылителей, фильтры,фитинги, дозаторы,шланговые подвесы. Поставка продукции ARAG, ASJ,LECHLER, FITT, IP, TOYMAN",parsed,,2026-09-21T05:10:21Z,agrosalon-2026-official-forms-api-signo-v1.0.0,ok,ok,Russia row with qualifying agricultural equipment/product/category evidence from official catalogue.,new,,,,,marketing@apecs.ru,apecs.ru,official_forms_api,,catalog_email_present,,public email visible in official catalogue detail,marketing@apecs.ru,public catalogue/contact email
Агросалон 2026,6–9 октября 2026,АСМ-АГРО,АСМ-АГРО,ASM-AGRO,машины и оборудование для хранения зерна,Россия,RUS,,,B5.10,,Машины и оборудование для хранения зерна,Grain storage machinery and equipment,"ASM-AGRO – алтайский завод элеваторного оборудования. Производит конвейерные зерносушилки для доработки любого типа зерна, зерноочистительные установки, зерновые нории, силосы для хранения зерна.",,https://asm-agro.ru/,info@asm-agro.ru,(3852) 500-545,https://forms.agrosalon.ru/api/exhibitors/detail?catalogId=33844,33844,3164,keep,"АСМ-АГРО | Россия | Машины и оборудование для хранения зерна | ASM-AGRO – алтайский завод элеваторного оборудования. Производит конвейерные зерносушилки для доработки любого типа зерна, зерноочистительные установки, зерновые нории, силосы для хранения зерна.",parsed,,2026-09-21T05:10:21Z,agrosalon-2026-official-forms-api-signo-v1.0.0,ok,ok,Russia row with qualifying agricultural equipment/product/category evidence from official catalogue.,new,,,,,info@asm-agro.ru,asm-agro.ru,official_forms_api,,catalog_email_present,,public email visible in official catalogue detail,info@asm-agro.ru,public catalogue/contact email
Агросалон 2026,6–9 октября 2026,АССЕНСО,АССЕНСО,ASCENSO,запчасти и комплектующие для сельхозтехники; сельскохозяйственная техника и оборудование,Россия,RUS,,,E7.41,,,,"Ascenso - это высокотехнологичные шины из Индии для всех видов техники в аграрном и дорожностроительном сегментах. Опытные профессионалы, с многолетним стажем работы в проектировании и производстве, создают шины для различных режимов и условий эксплуатации с высокими показателями надежности и ресурса. На шинах Ассенсо Ваша техника будет работать в самых сложных условиях, с высокой производительностью, и без простоев.",,https://www.ascensotyres.com,info@agropromshina.ru,+74994033906,https://forms.agrosalon.ru/api/exhibitors/detail?catalogId=33825,33825,3127,keep,"АССЕНСО | Россия | Ascenso - это высокотехнологичные шины из Индии для всех видов техники в аграрном и дорожностроительном сегментах. Опытные профессионалы, с многолетним стажем работы в проектировании и производстве, создают шины для различных режимов и условий эксплуатации с в",parsed,rubrics,2026-09-21T05:10:21Z,agrosalon-2026-official-forms-api-signo-v1.0.0,ok,ok,Russia row with qualifying agricultural equipment/product/category evidence from official catalogue.,new,,,,,info@agropromshina.ru,agropromshina.ru; ascensotyres.com,official_forms_api,,catalog_email_present,,public email visible in official catalogue detail,info@agropromshina.ru,public catalogue/contact email
Агросалон 2026,6–9 октября 2026,Автодеталь-М,Автодеталь-М,Avtodetal-M,тракторы; погрузочная и транспортная техника; сельскохозяйственная техника и оборудование,Россия,RUS,,,B8.66,,Снабжение запасными частями,Spare parts supply,"Российская компания, специализирующаяся на поставках, производстве и импорте запасных частей для грузовых автомобилей, прицепов тракторов и сельскохозяйственной техники.",,https://www.avtodetal.net,info@autodetal.net,+78005054061,https://forms.agrosalon.ru/api/exhibitors/detail?catalogId=33876,33876,3251,keep,"Автодеталь-М | Россия | Снабжение запасными частями | Российская компания, специализирующаяся на поставках, производстве и импорте запасных частей для грузовых автомобилей, прицепов тракторов и сельскохозяйственной техники.",parsed,,2026-09-21T05:10:19Z,agrosalon-2026-official-forms-api-signo-v1.0.0,ok,ok,Russia row with qualifying agricultural equipment/product/category evidence from official catalogue.,new,,,,,info@autodetal.net,autodetal.net; avtodetal.net,official_forms_api,,catalog_email_present,,public email visible in official catalogue detail,info@autodetal.net,public catalogue/contact email
Агросалон 2026,6–9 октября 2026,Агро-Мастер Восток,Агро-Мастер Восток,Agro-Master Vostok,другое из группы «тракторы»,Россия,RUS,,,A8.10,,Другое из группы «Тракторы»,Others in the Tractors Group,"ООО «Агро-Мастер Восток» уже больше 15 лет занимается поставками сельскохозяйственной техники аграриям Красноярского края, Иркутской области, Республики Бурятия и Хакасия. Входит в ТОП-10 успешных российских дилеров импортной и российской сельскохозяйственной техники. «Агро-Мастер Восток» является официальным дистрибьютором сельскохозяйственных тракторов высокой мощности китайского бренда КАТ.",,https://kat-russia.ru/,sale@kat-russia.ru,8-800-201-77-41,https://forms.agrosalon.ru/api/exhibitors/detail?catalogId=33813,33813,3077,keep,"Агро-Мастер Восток | Россия | Другое из группы «Тракторы» | ООО «Агро-Мастер Восток» уже больше 15 лет занимается поставками сельскохозяйственной техники аграриям Красноярского края, Иркутской области, Республики Бурятия и Хакасия. Входит в ТОП-10 успешных российских дилеров импортной и российской сельскохозяйственной",parsed,,2026-09-21T05:10:20Z,agrosalon-2026-official-forms-api-signo-v1.0.0,ok,ok,Russia row with qualifying agricultural equipment/product/category evidence from official catalogue.,new,,,,,sale@kat-russia.ru,kat-russia.ru,official_forms_api,,catalog_email_present,,public email visible in official catalogue detail,sale@kat-russia.ru,public catalogue/contact email
Агросалон 2026,6–9 октября 2026,АгроАхтуба,АгроАхтуба,AgroAkhtuba,запчасти и комплектующие для сельхозтехники; сельскохозяйственная техника и оборудование,Россия,RUS,,,B8.55,,Снабжение запасными частями,Spare parts supply,"АгроАхтуба уже более 20 лет является поставщиком РТИ (эксклюзивный дистрибьютор SWR, BeltFlex), подшипников (владелец ТМ RandX, IRX) и гидравлики (дистрибьютор Belar) для сельскохозяйственной техники.",,https://www.agroachtuba.ru,opt@agroachtuba.ru,88002008443,https://forms.agrosalon.ru/api/exhibitors/detail?catalogId=33803,33803,3040,keep,"АгроАхтуба | Россия | Снабжение запасными частями | АгроАхтуба уже более 20 лет является поставщиком РТИ (эксклюзивный дистрибьютор SWR, BeltFlex), подшипников (владелец ТМ RandX, IRX) и гидравлики (дистрибьютор Belar) для сельскохозяйственной техники.",parsed,,2026-09-21T05:10:20Z,agrosalon-2026-official-forms-api-signo-v1.0.0,ok,ok,Russia row with qualifying agricultural equipment/product/category evidence from official catalogue.,new,,,,,opt@agroachtuba.ru,agroachtuba.ru,official_forms_api,,catalog_email_present,,public email visible in official catalogue detail,opt@agroachtuba.ru,public catalogue/contact email
Агросалон 2026,6–9 октября 2026,АгроКолёса Белогорья ООО,АгроКолёса Белогорья ООО,Agrokoles Belogorye LLC,колеса,Россия,RUS,,,F7.30,,Колеса; Покрышки,Wheels; Tires,"ООО «АгроКолёса Белогорья» - первый завод, в своем профиле, с производством на территории Российской Федерации. Проектируем и изготавливаем колеса для тракторов, комбайнов, сельскохозяйственной прицепной, индустриальной и лесозаготовительной техники импортного и российского производства.",,https://kolesa-na-traktor.ru/,info@agro-wheel.ru,8 800 234-32-44,https://forms.agrosalon.ru/api/exhibitors/detail?catalogId=33888,33888,3275,keep,"АгроКолёса Белогорья ООО | Россия | Колеса; Покрышки | ООО «АгроКолёса Белогорья» - первый завод, в своем профиле, с производством на территории Российской Федерации. Проектируем и изготавливаем колеса для тракторов, комбайнов, сельскохозяйственной прицепной, индустриальной и лесозаготовительной техники импортного",parsed,,2026-09-21T05:10:20Z,agrosalon-2026-official-forms-api-signo-v1.0.0,ok,ok,Russia row with qualifying agricultural equipment/product/category evidence from official catalogue.,new,,,,,info@agro-wheel.ru,agro-wheel.ru; kolesa-na-traktor.ru,official_forms_api,,catalog_email_present,,public email visible in official catalogue detail,info@agro-wheel.ru,public catalogue/contact email
Агросалон 2026,6–9 октября 2026,АгроПромШина,АгроПромШина,AgroPromShina,колеса,Россия,RUS,,,E7.30,,Колеса; Покрышки,Wheels; Tires,"АгроПромШина — лидер на рынке импортных сельскохозяйственных шин в РФ. Мы предлагаем качественные и надежные шины на любой кошелек. Строим сеть дилеров, гарантируя высокий доход, обучение сотрудников, узнаваемость в регионе. Наш ведущий бренд – Альянс (подразделение Йокогама). Шины этого бренда одни из самых высокотехнологичных и современных в мире – их выбирают на комплектацию ПТЗ, Ростсельмаш, Маниту, Джон Дир и другие.",,https://www.agropromshina.ru,info@agropromshina.ru,+74994033906,https://forms.agrosalon.ru/api/exhibitors/detail?catalogId=33806,33806,3048,keep,"АгроПромШина | Россия | Колеса; Покрышки | АгроПромШина — лидер на рынке импортных сельскохозяйственных шин в РФ. Мы предлагаем качественные и надежные шины на любой кошелек. Строим сеть дилеров, гарантируя высокий доход, обучение сотрудников, узнаваемость в регионе. Наш ведущий бренд – Альянс (подразд",parsed,,2026-09-21T05:10:20Z,agrosalon-2026-official-forms-api-signo-v1.0.0,ok,ok,Russia row with qualifying agricultural equipment/product/category evidence from official catalogue.,new,,,,,info@agropromshina.ru,agropromshina.ru,official_forms_api,,catalog_email_present,,public email visible in official catalogue detail,info@agropromshina.ru,public catalogue/contact email
Агросалон 2026,6–9 октября 2026,Агроцентр (FEATAGRO),Агроцентр (FEATAGRO),Agrocenter LLC,стерневые сеялки; другое из группы «машины и оборудование для посева и рядового сева»,Россия,RUS,,,C7.30,,Стерневые сеялки; Другое из группы «Машины и оборудование для посева и рядового сева»,"Stubble seeders; Other from the group ""Machines and equipment for sowing and drill seeding""","Агроцентр - одно из крупнейших предприятий сельхозмашиностроения в России, находится на территории Алтайского края. Выпускает технику под брендом FeatAgro. Основные виды продукции: посевные комплексы; культиваторы; бороны зубовые и пружинные; бороны дисковые; лущильники дисковые; агрегаты для внесения жидких удобрений, биофунгицидов, гербицидов; грабли-ворошилки ; тракторные погрузчики; катки, запасные части.",,https://featagro.ru,info@feat-agro.ru,8-800-700-21-21,https://forms.agrosalon.ru/api/exhibitors/detail?catalogId=33833,33833,3137,keep,"Агроцентр (FEATAGRO) | Россия | Стерневые сеялки; Другое из группы «Машины и оборудование для посева и рядового сева» | Агроцентр - одно из крупнейших предприятий сельхозмашиностроения в России, находится на территории Алтайского края. Выпускает технику под брендом FeatAgro. Основные виды продукции: посевные комплексы; культиваторы; бороны зубовые и пружинные; бороны дисковые;",parsed,,2026-09-21T05:10:20Z,agrosalon-2026-official-forms-api-signo-v1.0.0,ok,ok,Russia row with qualifying agricultural equipment/product/category evidence from official catalogue.,new,,,,,info@feat-agro.ru,feat-agro.ru; featagro.ru,official_forms_api,,catalog_email_present,,public email visible in official catalogue detail,info@feat-agro.ru,public catalogue/contact email
Агросалон 2026,6–9 октября 2026,Амазоне,Амазоне,Amazone,дисковые бороны; сеялки точного высева для кукурузы,Россия,RUS,,,E7.10,,Дисковые бороны; Сеялки точного высева для кукурузы,Disc harrows; Precision seed drills for maize,"Группа заводов AMAZONEN-WERKE являются специалистами по производству распределителей минеральных удобрений, сеялок, почвообрабатывающих машин и опрыскивателей для защиты растений. В основе концепции производства машин AMAZONE лежат высокоточные и экономически эффективные технологии. Группа AMAZONE имеет производственные предприятия в Германии, Франции, России (АО «АМ-Техника»), Венгрии и Бразилии.",,https://www.amazone.pro,nfo@amazone.ru,+7 (800) 222 46 01,https://forms.agrosalon.ru/api/exhibitors/detail?catalogId=33839,33839,3154,keep,"Амазоне | Россия | Дисковые бороны; Сеялки точного высева для кукурузы | Группа заводов AMAZONEN-WERKE являются специалистами по производству распределителей минеральных удобрений, сеялок, почвообрабатывающих машин и опрыскивателей для защиты растений. В основе концепции производства машин AMAZONE лежат высокоточные и экономически",parsed,,2026-09-21T05:10:21Z,agrosalon-2026-official-forms-api-signo-v1.0.0,ok,ok,Russia row with qualifying agricultural equipment/product/category evidence from official catalogue.,repeat,company-owned domain matched current Twenty repeat index,,amazone.ru,ДСК-Штамп,nfo@amazone.ru,amazone.ru; amazone.pro,official_forms_api,,catalog_email_present,,public email visible in official catalogue detail,nfo@amazone.ru,public catalogue/contact email
Агросалон 2026,6–9 октября 2026,Артибелт,Артибелт,Artibelt,"другое из раздела «машины и оборудование для комбайновой уборки»; другое из группы «комплектующие, запасные части, принадлежности»",Россия,RUS,,,C9.20,,"Другое из раздела «Машины и оборудование для комбайновой уборки»; Другое из группы «Комплектующие, запасные части, принадлежности»","Others in the Segment ""Machines and equipment for combine harvesting""; Others from the group ""Components, spare parts, accessories""","ООО ""Артибелт"" является оптовым поставщиком резинотехнических изделий (РТИ) на территории РФ и стран СНГ. Наша компания эксклюзивный дистрибьютор ремней PIX Harvester в России.",,https://www.artibelt.ru,info@artibelt.ru,+7(800) 7772857,https://forms.agrosalon.ru/api/exhibitors/detail?catalogId=33807,33807,3051,keep,"Артибелт | Россия | Другое из раздела «Машины и оборудование для комбайновой уборки»; Другое из группы «Комплектующие, запасные части, принадлежности» | ООО ""Артибелт"" является оптовым поставщиком резинотехнических изделий (РТИ) на территории РФ и стран СНГ. Наша компания эксклюзивный дистрибьютор ремней PIX Harvester в России.",parsed,,2026-09-21T05:10:21Z,agrosalon-2026-official-forms-api-signo-v1.0.0,ok,ok,Russia row with qualifying agricultural equipment/product/category evidence from official catalogue.,new,,,,,info@artibelt.ru,artibelt.ru,official_forms_api,,catalog_email_present,,public email visible in official catalogue detail,info@artibelt.ru,public catalogue/contact email
Агросалон 2026,6–9 октября 2026,Астрон Агро,Астрон Агро,Astron Agro,"другое из группы «комплектующие, запасные части, принадлежности»",Россия,RUS,,,C8.21,,"Другое из группы «Комплектующие, запасные части, принадлежности»","Others from the group ""Components, spare parts, accessories""","Производство пружинных пальцев пресс-подборщиков, граблин, ножей косилок, ножей соломоизмельчителей комбайнов с износоустойчивой наплавкой и с термообработанной кромкой, болтов, полевых досок.",,https://www.астрон-агро.рф,info@astron-agro.ru,+74852608772,https://forms.agrosalon.ru/api/exhibitors/detail?catalogId=33923,33923,3356,keep,"Астрон Агро | Россия | Другое из группы «Комплектующие, запасные части, принадлежности» | Производство пружинных пальцев пресс-подборщиков, граблин, ножей косилок, ножей соломоизмельчителей комбайнов с износоустойчивой наплавкой и с термообработанной кромкой, болтов, полевых досок.",parsed,,2026-09-21T05:10:21Z,agrosalon-2026-official-forms-api-signo-v1.0.0,ok,ok,Russia row with qualifying agricultural equipment/product/category evidence from official catalogue.,new,,,,,info@astron-agro.ru,astron-agro.ru; астрон-агро.рф,official_forms_api,,catalog_email_present,,public email visible in official catalogue detail,info@astron-agro.ru,public catalogue/contact email
Агросалон 2026,6–9 октября 2026,БРЯНСКСЕЛЬМАШ,БРЯНСКСЕЛЬМАШ,BRYANSKSELMASH,другое из группы «машины и оборудование для посева и рядового сева»; другое из раздела «машины и оборудование для комбайновой уборки»,Россия,RUS,,,B3.10,,Другое из группы «Машины и оборудование для посева и рядового сева»; Другое из раздела «Машины и оборудование для комбайновой уборки»,"Other from the group ""Machines and equipment for sowing and drill seeding""; Others in the Segment ""Machines and equipment for combine harvesting""","Компания «Брянсксельмаш» создана 1 августа 2005 года. Предприятие стало символом дружбы и сотрудничества братских народов России и Беларуси. За время своего развития брянский комбайновый завод завоевал ведущие позиции на рынке сельскохозяйственной техники. В числе основных видов деятельности – производство и реализация зерноуборочных, кормоуборочных и селекционных комбайнов, сеялок прямого сева и мульчирующих фрез, а также запасных частей к технике, гарантийное и сервисное обслуживание своей продукции. Главные приоритеты – надёжность, высокая производительность, удобство в обслуживании и доступная цена. Лозунг компании – «Сила в единстве!»",,https://bryanskselmash.ru,info@bryanskselmash.ru,+7 (4832) 74 77 07,https://forms.agrosalon.ru/api/exhibitors/detail?catalogId=33773,33773,2957,keep,БРЯНСКСЕЛЬМАШ | Россия | Другое из группы «Машины и оборудование для посева и рядового сева»; Другое из раздела «Машины и оборудование для комбайновой уборки» | Компания «Брянсксельмаш» создана 1 августа 2005 года. Предприятие стало символом дружбы и сотрудничества братских народов России и Беларуси. За время своего развития брянский комбайновый завод завоевал ведущие позиции на рынке сельскохозяйственной техники. В ч,parsed,,2026-09-21T05:10:21Z,agrosalon-2026-official-forms-api-signo-v1.0.0,ok,ok,Russia row with qualifying agricultural equipment/product/category evidence from official catalogue.,repeat,exact normalized email matched current Twenty repeat index,info@bryanskselmash.ru,,Брянсксельмаш,info@bryanskselmash.ru,bryanskselmash.ru,official_forms_api,,catalog_email_present,,public email visible in official catalogue detail,info@bryanskselmash.ru,public catalogue/contact email
Агросалон 2026,6–9 октября 2026,Белар,Белар,BELAR,запчасти и комплектующие для сельхозтехники; сельскохозяйственная техника и оборудование,Беларусь; Россия,BLR; RUS,,,B2.30,,Гидравлические насосы; Гидравлические цилиндры,Hydraulic pumps; Hydraulic cylinders,"Под брендом «БЕЛАР» выпускается: гидроцилиндры (ООО «ТМ Белар») -плунжерные, поршневые, двухштоковые, диаметр поршня до 140 мм, штока до 80 мм, ход до 1300 мм, различные типы крепления и подвода жидкости; шестеренные насосы (АО «Союзгидравлика») -в литом алюминии или высокопрочном чугуне, давление 160–250 бар, типоразмер 1–150 см³, по ГОСТ и стандартам SAE/DIN/ASIAN. Применяются в гидросистемах мобильной техники.",,https://belar.pro; https://belar.ru,info@belar.pro; unionhyd@mail.ru,"+375 (44) 580-03-60, +375 (44) 583-63-54; +7 (4722) 30-07-86, +7 (4722) 21-13-59",https://forms.agrosalon.ru/api/exhibitors/detail?catalogId=33777,33777,2971,keep,"Белар | Беларусь; Россия | Гидравлические насосы; Гидравлические цилиндры | Под брендом «БЕЛАР» выпускается: гидроцилиндры (ООО «ТМ Белар») -плунжерные, поршневые, двухштоковые, диаметр поршня до 140 мм, штока до 80 мм, ход до 1300 мм, различные типы крепления и подвода жидкости; шестеренные насосы (АО «Союзгидравлика») -в литом алюми",parsed,,2026-09-21T05:10:21Z,agrosalon-2026-official-forms-api-signo-v1.0.0,ok,ok,Russia row with qualifying agricultural equipment/product/category evidence from official catalogue.,repeat,exact normalized email matched current Twenty repeat index,unionhyd@mail.ru,,Союзгидравлика,info@belar.pro; unionhyd@mail.ru,belar.pro; belar.ru,official_forms_api,,catalog_email_present,,public email visible in official catalogue detail,info@belar.pro,public catalogue/contact email
Агросалон 2026,6–9 октября 2026,Булак Агро,Булак Агро,Bulak Agro,колесные тракторы; другое из раздела «машины и оборудование для косилок»,Россия,RUS,,,C3.40,,Колесные тракторы; Другое из раздела «Машины и оборудование для косилок»,Wheeled tractors; Others in the Segment Machinery and equipment for mowers,Оптовая продажа запасных частей для для техники сельхоз назначения,,,gimadiev-2013@mail.ru,+79991579698,https://forms.agrosalon.ru/api/exhibitors/detail?catalogId=33802,33802,3039,keep,Булак Агро | Россия | Колесные тракторы; Другое из раздела «Машины и оборудование для косилок» | Оптовая продажа запасных частей для для техники сельхоз назначения,parsed,,2026-09-21T05:10:21Z,agrosalon-2026-official-forms-api-signo-v1.0.0,ok,ok,Russia row with qualifying agricultural equipment/product/category evidence from official catalogue.,new,,,,,gimadiev-2013@mail.ru,,official_forms_api,,catalog_email_present,,public email visible in official catalogue detail,gimadiev-2013@mail.ru,public catalogue/contact email
Агросалон 2026,6–9 октября 2026,ВолгаАвтоПром,ВолгаАвтоПром,VolgaAvtoProm,"другое из группы «комплектующие, запасные части, принадлежности»",Россия,RUS,,,D8.21,,"Другое из группы «Комплектующие, запасные части, принадлежности»","Others from the group ""Components, spare parts, accessories""","Компания «ВолгаАвтоПром» является поставщиком деталей и узлов для заводов по производству автомобильной, сельскохозяйственной, прицепной и специальной техники.",,https://www.volgaavtoprom.ru,troyka-info@mail.ru,+78462219905,https://forms.agrosalon.ru/api/exhibitors/detail?catalogId=33790,33790,3013,keep,"ВолгаАвтоПром | Россия | Другое из группы «Комплектующие, запасные части, принадлежности» | Компания «ВолгаАвтоПром» является поставщиком деталей и узлов для заводов по производству автомобильной, сельскохозяйственной, прицепной и специальной техники.",parsed,,2026-09-21T05:10:21Z,agrosalon-2026-official-forms-api-signo-v1.0.0,ok,ok,Russia row with qualifying agricultural equipment/product/category evidence from official catalogue.,new,,,,,troyka-info@mail.ru,volgaavtoprom.ru,official_forms_api,,catalog_email_present,,public email visible in official catalogue detail,troyka-info@mail.ru,public catalogue/contact email
Агросалон 2026,6–9 октября 2026,Вольтаж,Вольтаж,Voltag,запчасти и комплектующие для сельхозтехники,Россия,RUS,,,B8.60,,Стартеры; Гидравлические цилиндры,Starters; Hydraulic cylinders,"Компания Вольтаж является эксклюзивным дистрибьютором брендов KRAUF, Motorherz, Zaufer, UTM Бренд KRAUF существует с 2009 года и активно развивается в сфере разработки и производства стартеров, генераторов, турбокомпрессоров, топливных насосов, элементов рулевого управления и других продуктов. KRAUF располагает широкой линейкой комплектующих и гарантирует возможность легкой замены любых деталей в агрегатах.",,https://www.voltag.ru,st@voltag.ru,+7(495)660-22-00,https://forms.agrosalon.ru/api/exhibitors/detail?catalogId=33896,33896,3312,keep,"Вольтаж | Россия | Стартеры; Гидравлические цилиндры | Компания Вольтаж является эксклюзивным дистрибьютором брендов KRAUF, Motorherz, Zaufer, UTM Бренд KRAUF существует с 2009 года и активно развивается в сфере разработки и производства стартеров, генераторов, турбокомпрессоров, топливных насосов, элементов рулев",parsed,,2026-09-21T05:10:21Z,agrosalon-2026-official-forms-api-signo-v1.0.0,ok,ok,Russia row with qualifying agricultural equipment/product/category evidence from official catalogue.,new,,,,,st@voltag.ru,voltag.ru,official_forms_api,,catalog_email_present,,public email visible in official catalogue detail,st@voltag.ru,public catalogue/contact email
Агросалон 2026,6–9 октября 2026,ГБЦ,ГБЦ,GBC,двигатели,Россия,RUS,,,B7.21,,Двигатели,Engines,"ООО ""ГБЦ"" - ведущий российский производитель прокладок и ремкомплектов для тракторов, грузовой и специализированной сельхозтехники.",,https://gbc-ural.ru,gbc4@gbc-ural.ru,8-9126400912,https://forms.agrosalon.ru/api/exhibitors/detail?catalogId=33816,33816,3100,keep,"ГБЦ | Россия | Двигатели | ООО ""ГБЦ"" - ведущий российский производитель прокладок и ремкомплектов для тракторов, грузовой и специализированной сельхозтехники.",parsed,,2026-09-21T05:10:22Z,agrosalon-2026-official-forms-api-signo-v1.0.0,ok,ok,Russia row with qualifying agricultural equipment/product/category evidence from official catalogue.,new,,,,,gbc4@gbc-ural.ru,gbc-ural.ru,official_forms_api,,catalog_email_present,,public email visible in official catalogue detail,gbc4@gbc-ural.ru,public catalogue/contact email
Агросалон 2026,6–9 октября 2026,ГЕОПТИКС,ГЕОПТИКС,Geoptics,агротехнологии и системы управления; сельскохозяйственная техника и оборудование,Россия,RUS,,,С3.10,,Электронные компоненты,Electronic components,"АО «Геоптикс» — производитель решений для точной навигации, инерциальных систем и контроллеров сельхоз- и дорожно-строительной техники. Поставляем серийное оборудование ведущим заводам РФ",,https://geoptics.ru/,geoptics@geoptics.ru,,https://forms.agrosalon.ru/api/exhibitors/detail?catalogId=33947,33947,3401,keep,"ГЕОПТИКС | Россия | Электронные компоненты | АО «Геоптикс» — производитель решений для точной навигации, инерциальных систем и контроллеров сельхоз- и дорожно-строительной техники. Поставляем серийное оборудование ведущим заводам РФ",parsed,,2026-09-21T05:10:22Z,agrosalon-2026-official-forms-api-signo-v1.0.0,ok,ok,Russia row with qualifying agricultural equipment/product/category evidence from official catalogue.,new,,,,,geoptics@geoptics.ru,geoptics.ru,official_forms_api,,catalog_email_present,,public email visible in official catalogue detail,geoptics@geoptics.ru,public catalogue/contact email
Агросалон 2026,6–9 октября 2026,ГРИММЕ-РУСЬ,ГРИММЕ-РУСЬ,GRIMME,сажалки для картофеля; картофелеуборочные комбайны,Россия,RUS,,,E5.23,,Сажалки для картофеля; Картофелеуборочные комбайны,Potato planters; Potato harvesters,"GRIMME – Ваш надежный партнер и мировой лидер в области овощеводства. Мы предлагаем широчайшую производственную программу, включающую более 150 типов машин, предназначенных для посадки, уборки и закладки на хранение картофеля, лука, моркови, столовой и сахарной свеклы и многих других культур. Дочернее предприятие ООО «ГРИММЕ-РУСЬ» уже почти 20 лет обеспечивает высокий уровень сервиса и поддержку партнеров в России.",,https://grimme.com/ru,grimme-rus@grimme.ru,+7 48431 5 60 00,https://forms.agrosalon.ru/api/exhibitors/detail?catalogId=33771,33771,2953,keep,"ГРИММЕ-РУСЬ | Россия | Сажалки для картофеля; Картофелеуборочные комбайны | GRIMME – Ваш надежный партнер и мировой лидер в области овощеводства. Мы предлагаем широчайшую производственную программу, включающую более 150 типов машин, предназначенных для посадки, уборки и закладки на хранение картофеля, лука, моркови, столовой и сахарно",parsed,,2026-09-21T05:10:22Z,agrosalon-2026-official-forms-api-signo-v1.0.0,ok,ok,Russia row with qualifying agricultural equipment/product/category evidence from official catalogue.,repeat,exact normalized email matched current Twenty repeat index,grimme-rus@grimme.ru,,Гримме Русь,grimme-rus@grimme.ru,grimme.ru; grimme.com,official_forms_api,,catalog_email_present,,public email visible in official catalogue detail,grimme-rus@grimme.ru,public catalogue/contact email
Агросалон 2026,6–9 октября 2026,Гермополис Технология,Гермополис Технология,HERMOPOLIS TECHNOLOGY / NAVMOPO,средства gps,Россия,RUS,,,E8.30,,Средства GPS,GPS tools,NAVMOPO предлагает решения для точного земледелия — от технологии GPS-навигации и автоматического рулевого управления для тракторов до систем точного фермерства.,,https://www.navmopo.com,sales@navmopo.com,+79165940088,https://forms.agrosalon.ru/api/exhibitors/detail?catalogId=33840,33840,3155,keep,Гермополис Технология | Россия | Средства GPS | NAVMOPO предлагает решения для точного земледелия — от технологии GPS-навигации и автоматического рулевого управления для тракторов до систем точного фермерства.,parsed,,2026-09-21T05:10:22Z,agrosalon-2026-official-forms-api-signo-v1.0.0,ok,ok,Russia row with qualifying agricultural equipment/product/category evidence from official catalogue.,new,,,,,sales@navmopo.com,navmopo.com,official_forms_api,,catalog_email_present,,public email visible in official catalogue detail,sales@navmopo.com,public catalogue/contact email
Агросалон 2026,6–9 октября 2026,Гермополис Технология,Гермополис Технология,HERMOPOLIS TECHNOLOGY / NAVMOPO,средства gps,Россия,RUS,,,D8.20,,Средства GPS,GPS tools,"Sveaverken имеет давнюю традицию внедрения инноваций в сельском хозяйстве, компания стремится к улучшению условий труда фермеров.",,https://www. sveaverken. com,,+79164585467,https://forms.agrosalon.ru/api/exhibitors/detail?catalogId=33841,33841,3156,keep,"Гермополис Технология | Россия | Средства GPS | Sveaverken имеет давнюю традицию внедрения инноваций в сельском хозяйстве, компания стремится к улучшению условий труда фермеров.",parsed,,2026-09-21T05:10:22Z,agrosalon-2026-official-forms-api-signo-v1.0.0,ok,ok,Russia row with qualifying agricultural equipment/product/category evidence from official catalogue.,new,,,,,, sveaverken. com,official_forms_api,,not_found,,no usable email found on sampled public pages,,no public email
Агросалон 2026,6–9 октября 2026,ГидроНТ,ГидроНТ,HydroNT,запчасти и комплектующие для сельхозтехники,Россия,RUS,,,A8.30,,Гидромоторы,Hydraulic motors,"ГИДРОНТ– ваш надежный партнер в области гидравлики. С 2005 года мы разрабатываем и производим высококачественную гидроаппаратуру, оказываем техническую поддержку и обеспечиваем сервисное обслуживание.",,https://www.hydront.ru,info@hydront.ru,+7 (343) 222-00-21,https://forms.agrosalon.ru/api/exhibitors/detail?catalogId=33809,33809,3060,keep,"ГидроНТ | Россия | Гидромоторы | ГИДРОНТ– ваш надежный партнер в области гидравлики. С 2005 года мы разрабатываем и производим высококачественную гидроаппаратуру, оказываем техническую поддержку и обеспечиваем сервисное обслуживание.",parsed,,2026-09-21T05:10:22Z,agrosalon-2026-official-forms-api-signo-v1.0.0,ok,ok,Russia row with qualifying agricultural equipment/product/category evidence from official catalogue.,new,,,,,info@hydront.ru,hydront.ru,official_forms_api,,catalog_email_present,,public email visible in official catalogue detail,info@hydront.ru,public catalogue/contact email
Агросалон 2026,6–9 октября 2026,ДЕКАР-ДА,ДЕКАР-ДА,DECAR-DA,запчасти и комплектующие для сельхозтехники; сельскохозяйственная техника и оборудование,Россия,RUS,,,E7.32,,Снабжение запасными частями,Spare parts supply,"Группа компаний, которая занимается поставкой запчастей, машин и оборудования для сельского хозяйства. Основная номенклатура представлена запчастями к машинам Amazone, John Deere, Claas, Krone, Grimme, а также осуществляем продажу аналогов зарубежных запасных частей российского производства",,https://ibltechnik.ru/,inbox@dekarda.ru,9896802025,https://forms.agrosalon.ru/api/exhibitors/detail?catalogId=33855,33855,3193,keep,"ДЕКАР-ДА | Россия | Снабжение запасными частями | Группа компаний, которая занимается поставкой запчастей, машин и оборудования для сельского хозяйства. Основная номенклатура представлена запчастями к машинам Amazone, John Deere, Claas, Krone, Grimme, а также осуществляем продажу аналогов зарубежных запасных",parsed,,2026-09-21T05:10:22Z,agrosalon-2026-official-forms-api-signo-v1.0.0,ok,ok,Russia row with qualifying agricultural equipment/product/category evidence from official catalogue.,new,,,,,inbox@dekarda.ru,dekarda.ru; ibltechnik.ru,official_forms_api,,catalog_email_present,,public email visible in official catalogue detail,inbox@dekarda.ru,public catalogue/contact email
Агросалон 2026,6–9 октября 2026,ДжиДжи,ДжиДжи,JEEGEE,плуги для свеклы,Россия,RUS,,,B4.10,,"Плуги для свеклы; Другое из раздела ""Плуги""",Beet ploughs; Others in the Segment Ploughs,"Китайская компания производитель сельскохозяйственной техники. Флагман в производстве- плуги, которые обладают высоким качеством материала и технологичностью в обработке почвы!",,https://jeegee.ru,plug@jeegee.ru,+79648724277,https://forms.agrosalon.ru/api/exhibitors/detail?catalogId=33952,33952,3409,keep,"ДжиДжи | Россия | Плуги для свеклы; Другое из раздела ""Плуги"" | Китайская компания производитель сельскохозяйственной техники. Флагман в производстве- плуги, которые обладают высоким качеством материала и технологичностью в обработке почвы!",parsed,,2026-09-21T05:10:22Z,agrosalon-2026-official-forms-api-signo-v1.0.0,ok,ok,Russia row with qualifying agricultural equipment/product/category evidence from official catalogue.,new,,,,,plug@jeegee.ru,jeegee.ru,official_forms_api,,catalog_email_present,,public email visible in official catalogue detail,plug@jeegee.ru,public catalogue/contact email
Агросалон 2026,6–9 октября 2026,Джиджи,Джиджи,Jeegee,дисковые бороны,Россия,RUS,,,Е3.10,,Чизельные культиваторы; Дисковые бороны,Chisel cultivators; Disc harrows,"JEEGEE AGRI EQUIP MANUFACTURING CO., LTD. — МЫ ПРЕДЛАГАЕМ АГРОТЕХНОЛОГИЧЕСКИЕ, КОМПЛЕКСНО — СОВРЕМЕННЫЕ И НАДЁЖНЫЕ РЕШЕНИЯ ДЛЯ СЕЛЬСКОГО ХОЗЯЙСТВА Дисковые бороны, культиваторы-глубокорыхлители, предпосевные культиваторы, плуги, валкообразователи, почвенные фрезы поставляются в более чем 100 стран по всему миру. Бренд JEEGEE занимает 1 место по объемам производимой техники в КНР.",,https://jeegee.pro/,,8 (800) 302-58-07,https://forms.agrosalon.ru/api/exhibitors/detail?catalogId=34034,34034,3828,keep,"Джиджи | Россия | Чизельные культиваторы; Дисковые бороны | JEEGEE AGRI EQUIP MANUFACTURING CO., LTD. — МЫ ПРЕДЛАГАЕМ АГРОТЕХНОЛОГИЧЕСКИЕ, КОМПЛЕКСНО — СОВРЕМЕННЫЕ И НАДЁЖНЫЕ РЕШЕНИЯ ДЛЯ СЕЛЬСКОГО ХОЗЯЙСТВА Дисковые бороны, культиваторы-глубокорыхлители, предпосевные культиваторы, плуги, валкообразователи, почвенные фр",parsed,,2026-09-21T05:10:22Z,agrosalon-2026-official-forms-api-signo-v1.0.0,ok,ok,Russia row with qualifying agricultural equipment/product/category evidence from official catalogue.,new,,,,,,jeegee.pro,official_forms_api,,not_found,,no usable email found on sampled public pages,,no public email
Агросалон 2026,6–9 октября 2026,ЕВРОЭЛЕМЕНТ,ЕВРОЭЛЕМЕНТ,EUROELEMENT,погрузочная и транспортная техника; сельскохозяйственная техника и оборудование,Россия,RUS,,,C8.55,,Снабжение запасными частями,Spare parts supply,"Больше 25 лет наша Евроэлемент производит фильтры: воздушные, масляные, топливные, гидравлические, фильтры на Белаз и другую спецтехнику, автомобили, большегрузный и коммерческий транспорт.",,https://www.euroelement.com,info@euroelement.com,+73843921333,https://forms.agrosalon.ru/api/exhibitors/detail?catalogId=33796,33796,3023,keep,"ЕВРОЭЛЕМЕНТ | Россия | Снабжение запасными частями | Больше 25 лет наша Евроэлемент производит фильтры: воздушные, масляные, топливные, гидравлические, фильтры на Белаз и другую спецтехнику, автомобили, большегрузный и коммерческий транспорт.",parsed,,2026-09-21T05:10:22Z,agrosalon-2026-official-forms-api-signo-v1.0.0,ok,ok,Russia row with qualifying agricultural equipment/product/category evidence from official catalogue.,repeat,exact normalized email matched current Twenty repeat index,info@euroelement.com,,Евроэлемент,info@euroelement.com,euroelement.com,official_forms_api,,catalog_email_present,,public email visible in official catalogue detail,info@euroelement.com,public catalogue/contact email
Агросалон 2026,6–9 октября 2026,"Елецкая Внешнеторговая Компания (ООО ""ЕВК"")","Елецкая Внешнеторговая Компания (ООО ""ЕВК"")",Yeletskaya Vneshnetorgovaya Company Ltd,запчасти и комплектующие для сельхозтехники; сельскохозяйственная техника и оборудование,Россия,RUS,,,C7.50,,Гидравлические цилиндры,Hydraulic cylinders,"Производит гидроцилиндры, гидростанции, прецизионные раскатанные трубы. Входит в ГК ""Строймашсервис"", которая реализует гидрооборудование, компоненты и запчасти для сельскохозяйственной и спецтехники.",,https://evk-import.ru / sms7.ru; https://zao-sms.ru,info@evk-import.ru; info@zao-sms.ru,"+7 (47467) 78-3-93, 78-3-39; +7 (495) 785-65-75",https://forms.agrosalon.ru/api/exhibitors/detail?catalogId=33776,33776,2970,keep,"Елецкая Внешнеторговая Компания (ООО ""ЕВК"") | Россия | Гидравлические цилиндры | Производит гидроцилиндры, гидростанции, прецизионные раскатанные трубы. Входит в ГК ""Строймашсервис"", которая реализует гидрооборудование, компоненты и запчасти для сельскохозяйственной и спецтехники.",parsed,,2026-09-21T05:10:22Z,agrosalon-2026-official-forms-api-signo-v1.0.0,ok,ok,Russia row with qualifying agricultural equipment/product/category evidence from official catalogue.,new,,,,,info@evk-import.ru; info@zao-sms.ru,evk-import.ru; zao-sms.ru; evk-import.ru ,official_forms_api,,catalog_email_present,,public email visible in official catalogue detail,info@evk-import.ru,public catalogue/contact email
Агросалон 2026,6–9 октября 2026,ЗИМАНИ,ЗИМАНИ,ZimAni,колесные тракторы; плуги для свеклы,Россия,RUS,,,D5.10,,Колесные тракторы; Плуги для свеклы,Wheeled tractors; Beet ploughs,"ZimAni — российская компания садовой техники и оборудования, работающая с 2008 года. Компания развивает собственное производство и сотрудничает с зарубежными производителями. В ассортименте ZimAni — надежные и функциональные решения для садовых, хозяйственных и профессиональных задач.",,https://zimin-magazin.ru,info@zimani.ru,+78003029552,https://forms.agrosalon.ru/api/exhibitors/detail?catalogId=34030,34030,3765,keep,"ЗИМАНИ | Россия | Колесные тракторы; Плуги для свеклы | ZimAni — российская компания садовой техники и оборудования, работающая с 2008 года. Компания развивает собственное производство и сотрудничает с зарубежными производителями. В ассортименте ZimAni — надежные и функциональные решения для садовых, хозяйственных",parsed,,2026-09-21T05:10:23Z,agrosalon-2026-official-forms-api-signo-v1.0.0,ok,ok,Russia row with qualifying agricultural equipment/product/category evidence from official catalogue.,new,,,,,info@zimani.ru,zimani.ru; zimin-magazin.ru,official_forms_api,,catalog_email_present,,public email visible in official catalogue detail,info@zimani.ru,public catalogue/contact email
Агросалон 2026,6–9 октября 2026,ИНДФОРС.РУС,ИНДФОРС.РУС,INDFORCE.RUS,"другое из группы «комплектующие, запасные части, принадлежности»",Россия,RUS,,,B8.80,,"Снабжение запасными частями; Другое из группы «Комплектующие, запасные части, принадлежности»","Spare parts supply; Others from the group ""Components, spare parts, accessories""",ИНДФОРС - приводные ремни для сельскохозяйственной техники,,https://indforce.ru,info@indforce.ru,+7-915-569-1111,https://forms.agrosalon.ru/api/exhibitors/detail?catalogId=33962,33962,3430,keep,"ИНДФОРС.РУС | Россия | Снабжение запасными частями; Другое из группы «Комплектующие, запасные части, принадлежности» | ИНДФОРС - приводные ремни для сельскохозяйственной техники",parsed,,2026-09-21T05:10:23Z,agrosalon-2026-official-forms-api-signo-v1.0.0,ok,ok,Russia row with qualifying agricultural equipment/product/category evidence from official catalogue.,new,,,,,info@indforce.ru,indforce.ru,official_forms_api,,catalog_email_present,,public email visible in official catalogue detail,info@indforce.ru,public catalogue/contact email
Агросалон 2026,6–9 октября 2026,Интерполе,Интерполе,Interpole JSC,сельскохозяйственная техника и оборудование,Россия,RUS,,,F6.30,,Снабжение запасными частями,Spare parts supply,Компания «ИНТЕРПОЛЕ» является лидером по поставке запасных частей для сельскохозяйственной техники отечественного и импортного производства на территории РФ и Казахстана.,,https://interpole.ru/,sorokina_nv@interpole.ru,8-800-700-18-17,https://forms.agrosalon.ru/api/exhibitors/detail?catalogId=33927,33927,3364,keep,Интерполе | Россия | Снабжение запасными частями | Компания «ИНТЕРПОЛЕ» является лидером по поставке запасных частей для сельскохозяйственной техники отечественного и импортного производства на территории РФ и Казахстана.,parsed,,2026-09-21T05:10:23Z,agrosalon-2026-official-forms-api-signo-v1.0.0,ok,ok,Russia row with qualifying agricultural equipment/product/category evidence from official catalogue.,repeat,exact normalized email matched current Twenty repeat index,sorokina_nv@interpole.ru,,Интерполе,sorokina_nv@interpole.ru,interpole.ru,official_forms_api,,catalog_email_present,,public email visible in official catalogue detail,sorokina_nv@interpole.ru,public catalogue/contact email
Агросалон 2026,6–9 октября 2026,Исток,Исток,Istok,сельскохозяйственная техника и оборудование,Россия,RUS,,,C6.10,,Другое из раздела «Сельскохозяйственная электроника»,"Others in the Segment ""Agricultural electronics""",Одно из ведущих предприятий России в области новых разработок и серийного производства телекоммуникационного оборудования и перспективных изделий СВЧ-электроники для всех видов связи и радиолокации,,https://istokmw.ru,info@istokmw.ru,+7 (495) 465-86-80,https://forms.agrosalon.ru/api/exhibitors/detail?catalogId=33943,33943,3396,keep,Исток | Россия | Другое из раздела «Сельскохозяйственная электроника» | Одно из ведущих предприятий России в области новых разработок и серийного производства телекоммуникационного оборудования и перспективных изделий СВЧ-электроники для всех видов связи и радиолокации,parsed,,2026-09-21T05:10:23Z,agrosalon-2026-official-forms-api-signo-v1.0.0,ok,ok,Russia row with qualifying agricultural equipment/product/category evidence from official catalogue.,repeat,exact normalized email matched current Twenty repeat index,info@istokmw.ru,,Исток,info@istokmw.ru,istokmw.ru,official_forms_api,,catalog_email_present,,public email visible in official catalogue detail,info@istokmw.ru,public catalogue/contact email
Агросалон 2026,6–9 октября 2026,КАЗАНЬСЕЛЬМАШ,КАЗАНЬСЕЛЬМАШ,KAZANSELMASH,опрыскиватели самоходные,Россия,RUS,,,B7.30,,Опрыскиватели самоходные,Self-propelled sprayers,"Производительвысокоэффективныхполуприцепных,самоходныхопрыскивателей,протравливателейсемян. Реализацияоборудованияикомплектующихсельскохозяйственногоназначения.Реализацияотечественныхсистем точногоземледелия-системыпараллельноговожденияисистемыравномерноговнесенияBars-5длязащитырастений.",,https://www.kazansm.ru,ksm_info@mail.ru,8(843)210-17-33,https://forms.agrosalon.ru/api/exhibitors/detail?catalogId=33768,33768,2950,keep,"КАЗАНЬСЕЛЬМАШ | Россия | Опрыскиватели самоходные | Производительвысокоэффективныхполуприцепных,самоходныхопрыскивателей,протравливателейсемян. Реализацияоборудованияикомплектующихсельскохозяйственногоназначения.Реализацияотечественныхсистем точногоземледелия-системыпараллельноговожденияисистемыравномерноговнес",parsed,,2026-09-21T05:10:23Z,agrosalon-2026-official-forms-api-signo-v1.0.0,ok,ok,Russia row with qualifying agricultural equipment/product/category evidence from official catalogue.,repeat,company-owned domain matched current Twenty repeat index,,kazansm.ru,Казаньсельмаш,ksm_info@mail.ru,kazansm.ru,official_forms_api,,catalog_email_present,,public email visible in official catalogue detail,ksm_info@mail.ru,public catalogue/contact email
Агросалон 2026,6–9 октября 2026,КЕСЛ,КЕСЛ,KESL,"другое из группы «комплектующие, запасные части, принадлежности»",Россия,RUS,,,C8.20,,"Снабжение запасными частями; Другое из группы «Комплектующие, запасные части, принадлежности»","Spare parts supply; Others from the group ""Components, spare parts, accessories""","Компания KESL – поставщик резинотехнических изделий брендов Armacord, Agrohard (ARAMID, GLADE, HARVEST), S-Power, для сельскохозяйственной техники, а также горнодобывающей отрасли и широкого спектра промышленного оборудования. Мы предлагаем резинотехнические изделия как собственных брендов, так и ведущих российских производителей.",,https://www.kesl.ru,info@kesl.ru,88005007237,https://forms.agrosalon.ru/api/exhibitors/detail?catalogId=33886,33886,3269,keep,"КЕСЛ | Россия | Снабжение запасными частями; Другое из группы «Комплектующие, запасные части, принадлежности» | Компания KESL – поставщик резинотехнических изделий брендов Armacord, Agrohard (ARAMID, GLADE, HARVEST), S-Power, для сельскохозяйственной техники, а также горнодобывающей отрасли и широкого спектра промышленного оборудования. Мы предлагаем резинотехнические и",parsed,,2026-09-21T05:10:23Z,agrosalon-2026-official-forms-api-signo-v1.0.0,ok,ok,Russia row with qualifying agricultural equipment/product/category evidence from official catalogue.,new,,,,,info@kesl.ru,kesl.ru,official_forms_api,,catalog_email_present,,public email visible in official catalogue detail,info@kesl.ru,public catalogue/contact email
Агросалон 2026,6–9 октября 2026,КОМЕТА,КОМЕТА,COMETA,"другое из группы «сельскохозяйственная электроника, оборудование для измерения и взвешивания»",Россия,RUS,,,F6.40,,"Другое из группы «Сельскохозяйственная электроника, оборудование для измерения и взвешивания»","Other from the group ""Agricultural electronics, equipment for measuring and weighing""","Мы предлагаем: Оборудование и химию для автомоек (портальные, АВД); Уборочную технику; Промышленное санитарное оборудование; Насосы и комплектующие для спецтехники (сельхоз, вакуумной, илососной).",,https://www.comet-a.ru/,info@comet-a.ru,+7 495 926-24-31,https://forms.agrosalon.ru/api/exhibitors/detail?catalogId=33799,33799,3030,keep,"КОМЕТА | Россия | Другое из группы «Сельскохозяйственная электроника, оборудование для измерения и взвешивания» | Мы предлагаем: Оборудование и химию для автомоек (портальные, АВД); Уборочную технику; Промышленное санитарное оборудование; Насосы и комплектующие для спецтехники (сельхоз, вакуумной, илососной).",parsed,,2026-09-21T05:10:23Z,agrosalon-2026-official-forms-api-signo-v1.0.0,ok,ok,Russia row with qualifying agricultural equipment/product/category evidence from official catalogue.,repeat,exact normalized email matched current Twenty repeat index,info@comet-a.ru,,Даерг Рус,info@comet-a.ru,comet-a.ru,official_forms_api,,catalog_email_present,,public email visible in official catalogue detail,info@comet-a.ru,public catalogue/contact email
Агросалон 2026,6–9 октября 2026,КОМПАС,КОМПАС,COMPASS,другое из группы «тракторы»,Россия,RUS,,,C8.10,,Другое из группы «Тракторы»,Others in the Tractors Group,КОМПАС специализируется на полном комплексе услуг по реализации водительских сидений для сельхоз и спецтехники и является уполномоченным представителем водительских сидений бренда PILOT,,https://www.compassmos.ru,shpak@compassmos.ru,+79060564848,https://forms.agrosalon.ru/api/exhibitors/detail?catalogId=33801,33801,3037,keep,КОМПАС | Россия | Другое из группы «Тракторы» | КОМПАС специализируется на полном комплексе услуг по реализации водительских сидений для сельхоз и спецтехники и является уполномоченным представителем водительских сидений бренда PILOT,parsed,,2026-09-21T05:10:24Z,agrosalon-2026-official-forms-api-signo-v1.0.0,ok,ok,Russia row with qualifying agricultural equipment/product/category evidence from official catalogue.,new,,,,,shpak@compassmos.ru,compassmos.ru,official_forms_api,,catalog_email_present,,public email visible in official catalogue detail,shpak@compassmos.ru,public catalogue/contact email
Агросалон 2026,6–9 октября 2026,КРОНЕ Русь,КРОНЕ Русь,KRONE,другое из раздела «машины и оборудование для уборки урожая»,Россия,RUS,,,E6.10,,Другое из раздела «Машины и оборудование для уборки урожая»,Others in the Segment Machinery and equipment for harvesting,"KRONE - специалист в сфере кормозаготовки. На сегодняшний день в портфеле компании более 240 моделей техники: от косилок и ворошителей до комбайнов, для заготовки качественного корма.KRONE",,https://www.krone-rus.ru,info@b-krone.com,+74956606688,https://forms.agrosalon.ru/api/exhibitors/detail?catalogId=33847,33847,3170,keep,"КРОНЕ Русь | Россия | Другое из раздела «Машины и оборудование для уборки урожая» | KRONE - специалист в сфере кормозаготовки. На сегодняшний день в портфеле компании более 240 моделей техники: от косилок и ворошителей до комбайнов, для заготовки качественного корма.KRONE",parsed,,2026-09-21T05:10:24Z,agrosalon-2026-official-forms-api-signo-v1.0.0,ok,ok,Russia row with qualifying agricultural equipment/product/category evidence from official catalogue.,new,,,,,info@b-krone.com,b-krone.com; krone-rus.ru,official_forms_api,,catalog_email_present,,public email visible in official catalogue detail,info@b-krone.com,public catalogue/contact email
Агросалон 2026,6–9 октября 2026,КЭМЗ,КЭМЗ,KEMP,фронтальные и тыловые погрузчики,Россия,RUS,,,C7.41,,Фронтальные и тыловые погрузчики,Front and rear loaders,АО КЭМЗ–современное высокотехнологичное предприятие. Важное направление работы предприятия – производство мини-погрузчиков АНТ. Ковровские машины трудятся у лидеров сельскохозяйственного производства.,,https://anttech.ru,ant@kemz.org,8-800-222-86-40,https://forms.agrosalon.ru/api/exhibitors/detail?catalogId=33797,33797,3027,keep,КЭМЗ | Россия | Фронтальные и тыловые погрузчики | АО КЭМЗ–современное высокотехнологичное предприятие. Важное направление работы предприятия – производство мини-погрузчиков АНТ. Ковровские машины трудятся у лидеров сельскохозяйственного производства.,parsed,,2026-09-21T05:10:24Z,agrosalon-2026-official-forms-api-signo-v1.0.0,ok,ok,Russia row with qualifying agricultural equipment/product/category evidence from official catalogue.,repeat,company-owned domain matched current Twenty repeat index,,kemz.org,Ковровский электромеханический завод,ant@kemz.org,kemz.org; anttech.ru,official_forms_api,,catalog_email_present,,public email visible in official catalogue detail,ant@kemz.org,public catalogue/contact email
Агросалон 2026,6–9 октября 2026,Калина Агро,Калина Агро,Kalina Agro,автономные системы управления транспортными средствами,Россия,RUS,,,D6.10,,Автономные системы управления транспортными средствами,Autonomous vehicle control systems,"Калина Агро 13 лет внедряет решения для точного земледелия. Навигационное оборудование Trimble, CHCNAV, ИТЭЛМА, агродроны DJI, управление поливом Sentek, метеостанции Davis, техника Kverneland",,https://kalinaag.ru/,info@kalinaag.ru,+78007000383,https://forms.agrosalon.ru/api/exhibitors/detail?catalogId=33786,33786,3009,keep,"Калина Агро | Россия | Автономные системы управления транспортными средствами | Калина Агро 13 лет внедряет решения для точного земледелия. Навигационное оборудование Trimble, CHCNAV, ИТЭЛМА, агродроны DJI, управление поливом Sentek, метеостанции Davis, техника Kverneland",parsed,,2026-09-21T05:10:23Z,agrosalon-2026-official-forms-api-signo-v1.0.0,ok,ok,Russia row with qualifying agricultural equipment/product/category evidence from official catalogue.,repeat,exact normalized email matched current Twenty repeat index,info@kalinaag.ru,,Калина Агро,info@kalinaag.ru,kalinaag.ru,official_forms_api,,catalog_email_present,,public email visible in official catalogue detail,info@kalinaag.ru,public catalogue/contact email
Агросалон 2026,6–9 октября 2026,Квернеланд Груп СНГ (Стенд официального дилера АМТ),Квернеланд Груп СНГ (Стенд официального дилера АМТ),Kverneland Group CIS (Official dealer AMT),сеялки точного высева для свеклы,Россия,RUS,,,E7.20,,Полунавесные плуги; Сеялки точного высева для свеклы,Semi-mounted ploughs; Сеялки точного высева для свеклы,"Компания АМТ - официальный дилер Kverneland Group. Kverneland Group является ведущей международной компанией по разработке, производству и продаже сельскохозяйственной техники и услуг. Kverneland Group предоставляет обширную линейку техники для подготовки почвы, посева, заготовки кормов, внесения удобрений, а также электронное оборудование для сельскохозяйственных тракторов и машин.",,https://ru.kverneland.com,inforus@kvernelandgroup.com,+7 (495) 212 2022,https://forms.agrosalon.ru/api/exhibitors/detail?catalogId=33781,33781,2986,keep,"Квернеланд Груп СНГ (Стенд официального дилера АМТ) | Россия | Полунавесные плуги; Сеялки точного высева для свеклы | Компания АМТ - официальный дилер Kverneland Group. Kverneland Group является ведущей международной компанией по разработке, производству и продаже сельскохозяйственной техники и услуг. Kverneland Group предоставляет обширную линейку техники для подготовки почв",parsed,,2026-09-21T05:10:23Z,agrosalon-2026-official-forms-api-signo-v1.0.0,ok,ok,Russia row with qualifying agricultural equipment/product/category evidence from official catalogue.,repeat,exact normalized email matched current Twenty repeat index,inforus@kvernelandgroup.com,,Квернеланд Груп,inforus@kvernelandgroup.com,kvernelandgroup.com; kverneland.com,official_forms_api,,catalog_email_present,,public email visible in official catalogue detail,inforus@kvernelandgroup.com,public catalogue/contact email
Агросалон 2026,6–9 октября 2026,Кентек,Кентек,Kentek,тракторы; уборочная техника и жатки; сельскохозяйственная техника и оборудование,Россия,RUS,,,C6.40,,Снабжение запасными частями,Spare parts supply,"""Кентек"" - поставщик фильтров для с/х техники импортного и отечественного производства. Воздушные, масляные, топливные, гидравлические фильтры для ваших комбайнов и тракторов от надежного поставщика.",,https://www.kentek.ru,info@kentek.ru,8 (812) 326-07-12,https://forms.agrosalon.ru/api/exhibitors/detail?catalogId=33787,33787,3010,keep,"Кентек | Россия | Снабжение запасными частями | ""Кентек"" - поставщик фильтров для с/х техники импортного и отечественного производства. Воздушные, масляные, топливные, гидравлические фильтры для ваших комбайнов и тракторов от надежного поставщика.",parsed,,2026-09-21T05:10:23Z,agrosalon-2026-official-forms-api-signo-v1.0.0,ok,ok,Russia row with qualifying agricultural equipment/product/category evidence from official catalogue.,new,,,,,info@kentek.ru,kentek.ru,official_forms_api,,catalog_email_present,,public email visible in official catalogue detail,info@kentek.ru,public catalogue/contact email
Агросалон 2026,6–9 октября 2026,Коблик групп,Коблик групп,Koblik group,разбрасыватели; самоходные,Россия,RUS,,,E6.20,,Разбрасыватели; самоходные,Spreaders; self-propelled,"Группа Компаний Коблик объединяет агромашиностроительные предприятия, осуществляющие полный цикл производства сельскохозяйственной техники и оборудования, а так же собственную сеть дилерских центров.",,https://koblik.ru,info@koblik.ru,+7 (473) 206-77-77,https://forms.agrosalon.ru/api/exhibitors/detail?catalogId=33887,33887,3271,keep,"Коблик групп | Россия | Разбрасыватели; самоходные | Группа Компаний Коблик объединяет агромашиностроительные предприятия, осуществляющие полный цикл производства сельскохозяйственной техники и оборудования, а так же собственную сеть дилерских центров.",parsed,,2026-09-21T05:10:23Z,agrosalon-2026-official-forms-api-signo-v1.0.0,ok,ok,Russia row with qualifying agricultural equipment/product/category evidence from official catalogue.,new,,,,,info@koblik.ru,koblik.ru,official_forms_api,,catalog_email_present,,public email visible in official catalogue detail,info@koblik.ru,public catalogue/contact email
Агросалон 2026,6–9 октября 2026,Комплекс Агро,Комплекс Агро,Kompleks Agro,машины и оборудование для хранения зерна,Россия,RUS,,,C5.21,,Машины и оборудование для хранения зерна; Строительство зданий для сельского хозяйства,Grain storage machinery and equipment; Agricultural buildings construction,"Комплекс Агро - сибирский производитель и поставщик комплексных решений для развития агробизнеса. Компания специализируется на элеваторном оборудовании, посевной и почвообрабатывающей технике, системах жидкого питания растений и газовом оборудовании. Проектируем решения «под ключ»: от подбора техники до монтажа, запуска и сервисного сопровождения, помогая повышать эффективность сельхозпредприятия.",,https://kompleksagro.ru,info@kompleksagro.ru,8 800 300 58 77,https://forms.agrosalon.ru/api/exhibitors/detail?catalogId=34038,34038,3926,keep,"Комплекс Агро | Россия | Машины и оборудование для хранения зерна; Строительство зданий для сельского хозяйства | Комплекс Агро - сибирский производитель и поставщик комплексных решений для развития агробизнеса. Компания специализируется на элеваторном оборудовании, посевной и почвообрабатывающей технике, системах жидкого питания растений и газовом оборудовании. Проектиру",parsed,,2026-09-21T05:10:24Z,agrosalon-2026-official-forms-api-signo-v1.0.0,ok,ok,Russia row with qualifying agricultural equipment/product/category evidence from official catalogue.,new,,,,,info@kompleksagro.ru,kompleksagro.ru,official_forms_api,,catalog_email_present,,public email visible in official catalogue detail,info@kompleksagro.ru,public catalogue/contact email
Агросалон 2026,6–9 октября 2026,Контрактпол,Контрактпол,Kontraktpol,"другое из группы «комплектующие, запасные части, принадлежности»",Россия,RUS,,,B2.40,,"Снабжение запасными частями; Другое из группы «Комплектующие, запасные части, принадлежности»","Spare parts supply; Others from the group ""Components, spare parts, accessories""","Компания ""Контрактпол"" - производитель и дистрибутор запасных частей для сельскохозяйственной техники. Наша специализация - рабочие органы для почвообработки, кормозаготовки, комбайнов и сеялок. Производство находится в белорусском городе Молодечно. В данный момент мы выпускаем около 500 товарных позиций. Более 50000 запчастей доступны на наших складах в России и Беларуси.",,https://kontraktpol.org/,info@kontraktpol.org,+7 (4812) 41-77-70,https://forms.agrosalon.ru/api/exhibitors/detail?catalogId=33793,33793,3018,keep,"Контрактпол | Россия | Снабжение запасными частями; Другое из группы «Комплектующие, запасные части, принадлежности» | Компания ""Контрактпол"" - производитель и дистрибутор запасных частей для сельскохозяйственной техники. Наша специализация - рабочие органы для почвообработки, кормозаготовки, комбайнов и сеялок. Производство находится в белорусском городе Молодечно. В данный м",parsed,,2026-09-21T05:10:24Z,agrosalon-2026-official-forms-api-signo-v1.0.0,ok,ok,Russia row with qualifying agricultural equipment/product/category evidence from official catalogue.,new,,,,,info@kontraktpol.org,kontraktpol.org,official_forms_api,,catalog_email_present,,public email visible in official catalogue detail,info@kontraktpol.org,public catalogue/contact email
Агросалон 2026,6–9 октября 2026,Краснокамский РМЗ,Краснокамский РМЗ,Krasnokamsky RMZ,другое из раздела «машины и оборудование для обработки скошенного материала»,Россия,RUS,,,E5.10,,Другое из раздела «Машины и оборудование для обработки скошенного материала»,Others in the Segment Machinery and equipment for processing cut material,"Производство уникального кормозаготовительного оборудования с 2003 года для технологии «Сенаж в упаковке»: пресс-подборщики, скоростные упаковщики, резчики рулонов, навесные фронтальные погрузчики.",,https://senazh.online/,agro@krmz.info,+7(342) 255-40-51,https://forms.agrosalon.ru/api/exhibitors/detail?catalogId=33984,33984,3577,keep,"Краснокамский РМЗ | Россия | Другое из раздела «Машины и оборудование для обработки скошенного материала» | Производство уникального кормозаготовительного оборудования с 2003 года для технологии «Сенаж в упаковке»: пресс-подборщики, скоростные упаковщики, резчики рулонов, навесные фронтальные погрузчики.",parsed,,2026-09-21T05:10:24Z,agrosalon-2026-official-forms-api-signo-v1.0.0,ok,ok,Russia row with qualifying agricultural equipment/product/category evidence from official catalogue.,repeat,exact normalized email matched current Twenty repeat index,agro@krmz.info,,Краснокамский Завод,agro@krmz.info,krmz.info; senazh.online,official_forms_api,,catalog_email_present,,public email visible in official catalogue detail,agro@krmz.info,public catalogue/contact email
Агросалон 2026,6–9 октября 2026,ЛЕМКЕН-РУС,ЛЕМКЕН-РУС,LEMKEN-RUS,дисковые бороны,Россия,RUS,,,F8.30,,"Полунавесные плуги; Другое из раздела ""Плуги""; Пропашные культиваторы; Короткие культиваторы; Дисковые бороны",Semi-mounted ploughs; Others in the Segment Ploughs; Peeling cultivators; Plough cultivators; Disc harrows,"Компания LEMKEN делает очень много, чтобы заниматься сельским хозяйством было выгодно. Мы предлагаем почвообрабатывающие орудия, сеялки, пропашные машины, распределители удобрений, а также умные решения для обработки сельскохозяйственных данных",,https://www.lemken.com,k.kuznetsova@lemken.ru,+74843157000,https://forms.agrosalon.ru/api/exhibitors/detail?catalogId=33922,33922,3354,keep,"ЛЕМКЕН-РУС | Россия | Полунавесные плуги; Другое из раздела ""Плуги""; Пропашные культиваторы; Короткие культиваторы; Дисковые бороны | Компания LEMKEN делает очень много, чтобы заниматься сельским хозяйством было выгодно. Мы предлагаем почвообрабатывающие орудия, сеялки, пропашные машины, распределители удобрений, а также умные решения для обработки сельскохозяйственных данных",parsed,,2026-09-21T05:10:24Z,agrosalon-2026-official-forms-api-signo-v1.0.0,ok,ok,Russia row with qualifying agricultural equipment/product/category evidence from official catalogue.,new,,,,,k.kuznetsova@lemken.ru,lemken.ru; lemken.com,official_forms_api,,catalog_email_present,,public email visible in official catalogue detail,k.kuznetsova@lemken.ru,public catalogue/contact email
Агросалон 2026,6–9 октября 2026,Лекта,Лекта,Leqta,сельскохозяйственная техника и оборудование,Россия,RUS,,,С3.22,,Метеорологические станции; Программное обеспечение для управления,Meteorological stations; Management software,"Лекта создаёт интеллектуальную экосистему для современного сельского хозяйства, объединяя собственное оборудование, программное обеспечение и технологии анализа данных.",,https://leqta.ru,info@leqta.ru,+79994200581,https://forms.agrosalon.ru/api/exhibitors/detail?catalogId=33881,33881,3257,keep,"Лекта | Россия | Метеорологические станции; Программное обеспечение для управления | Лекта создаёт интеллектуальную экосистему для современного сельского хозяйства, объединяя собственное оборудование, программное обеспечение и технологии анализа данных.",parsed,,2026-09-21T05:10:24Z,agrosalon-2026-official-forms-api-signo-v1.0.0,ok,ok,Russia row with qualifying agricultural equipment/product/category evidence from official catalogue.,new,,,,,info@leqta.ru,leqta.ru,official_forms_api,,catalog_email_present,,public email visible in official catalogue detail,info@leqta.ru,public catalogue/contact email
Агросалон 2026,6–9 октября 2026,Ловол Рус,Ловол Рус,"Weichai Lovol Intelligent Agricultural Technology Co., Ltd.",колесные тракторы; барабанные комбайны,Россия,RUS,,,E.9.10.,,Колесные тракторы; Барабанные комбайны,Wheeled tractors; Drum harvesters,"Weichai Lovol Intelligent Agricultural Technology Co., Ltd: надёжная сельхозтехника из Китая. LOVOL предлагает комплексные решения для сельского хозяйства: разрабатывает высокотехнологичные, интеллектуальные тракторы и комбайны, навесное оборудование и запчасти, оказывает сервисную поддержку. Высокое качество, выгодная цена, поставки в 120+ стран. Адрес: Москва, Ленинский проспект 111/к1, оф 86/3.",,https://ru.lovol.com/,ermolaev@lovolagro.ru,+79639106535,https://forms.agrosalon.ru/api/exhibitors/detail?catalogId=33982,33982,3554,keep,"Ловол Рус | Россия | Колесные тракторы; Барабанные комбайны | Weichai Lovol Intelligent Agricultural Technology Co., Ltd: надёжная сельхозтехника из Китая. LOVOL предлагает комплексные решения для сельского хозяйства: разрабатывает высокотехнологичные, интеллектуальные тракторы и комбайны, навесное оборудование и запчаст",parsed,,2026-09-21T05:10:24Z,agrosalon-2026-official-forms-api-signo-v1.0.0,ok,ok,Russia row with qualifying agricultural equipment/product/category evidence from official catalogue.,new,,,,,ermolaev@lovolagro.ru,lovolagro.ru; lovol.com,official_forms_api,,catalog_email_present,,public email visible in official catalogue detail,ermolaev@lovolagro.ru,public catalogue/contact email
Агросалон 2026,6–9 октября 2026,Луч,Луч,LUCH,запчасти и комплектующие для сельхозтехники; сельскохозяйственная техника и оборудование,Россия,RUS,,,B7.20,,Снабжение запасными частями,Spare parts supply,"Мы специализируемся на производстве и реализации рабочих органов, шин, колесных дисков и ступиц для широкой линейки отечественной и зарубежной с/х, дорожно-строительной и коммунальной техники.",,https://agro-luch.ru,sales@luchllc.ru,88002508644,https://forms.agrosalon.ru/api/exhibitors/detail?catalogId=33767,33767,2941,keep,"Луч | Россия | Снабжение запасными частями | Мы специализируемся на производстве и реализации рабочих органов, шин, колесных дисков и ступиц для широкой линейки отечественной и зарубежной с/х, дорожно-строительной и коммунальной техники.",parsed,,2026-09-21T05:10:24Z,agrosalon-2026-official-forms-api-signo-v1.0.0,ok,ok,Russia row with qualifying agricultural equipment/product/category evidence from official catalogue.,new,,,,,sales@luchllc.ru,luchllc.ru; agro-luch.ru,official_forms_api,,catalog_email_present,,public email visible in official catalogue detail,sales@luchllc.ru,public catalogue/contact email
Агросалон 2026,6–9 октября 2026,МЕГАПАРТСАГРО,МЕГАПАРТСАГРО,MEGAPARTSAGRO,запчасти и комплектующие для сельхозтехники,Россия,RUS,,,C7.20,,Снабжение запасными частями,Spare parts supply,Эксклюзивный дистрибьютор прикатывающих колес и катков бренда OTICO (Франция).,,https://otico.ru,mail@partsagro.ru,+74733003066,https://forms.agrosalon.ru/api/exhibitors/detail?catalogId=33792,33792,3017,keep,МЕГАПАРТСАГРО | Россия | Снабжение запасными частями | Эксклюзивный дистрибьютор прикатывающих колес и катков бренда OTICO (Франция).,parsed,,2026-09-21T05:10:25Z,agrosalon-2026-official-forms-api-signo-v1.0.0,ok,ok,Russia row with qualifying agricultural equipment/product/category evidence from official catalogue.,new,,,,,mail@partsagro.ru,partsagro.ru; otico.ru,official_forms_api,,catalog_email_present,,public email visible in official catalogue detail,mail@partsagro.ru,public catalogue/contact email
Агросалон 2026,6–9 октября 2026,МЕЛЬИНВЕСТ,МЕЛЬИНВЕСТ,MELINVEST,машины и оборудование для сушки зерна,Россия,RUS,,,C7.40,,Машины и оборудование для сушки зерна,Machines and equipment for drying grain,"АО «Мельинвест» производит полный спектр оборудования для мельнично-элеваторной, крупяной, комбикормовой промышленности, а также оборудования для масложировой отрасли.",,,,,https://forms.agrosalon.ru/api/exhibitors/detail?catalogId=33814,33814,3090,keep,"МЕЛЬИНВЕСТ | Россия | Машины и оборудование для сушки зерна | АО «Мельинвест» производит полный спектр оборудования для мельнично-элеваторной, крупяной, комбикормовой промышленности, а также оборудования для масложировой отрасли.",parsed,,2026-09-21T05:10:25Z,agrosalon-2026-official-forms-api-signo-v1.0.0,ok,ok,Russia row with qualifying agricultural equipment/product/category evidence from official catalogue.,new,,,,,,,official_forms_api,,not_attempted,,,,no public email
Агросалон 2026,6–9 октября 2026,Маштехагро,Маштехагро,MTA,почвообрабатывающая техника; запчасти и комплектующие для сельхозтехники; сельскохозяйственная техника и оборудование,Россия,RUS,,,B8.20,,Полунавесные плуги; Снабжение запасными частями,Semi-mounted ploughs; Spare parts supply,"Маштехагро (сокр. наименование МТА) специализируется на поставках комплектующих под товарным знаком Inagrum для почвообрабатывающей техники. Основное направление деятельности - качественные аналоги рабочих органов плугов, дисковых борон таких марок как Lemken, Kverneland, Amazone, Horsch и российских производителей техники. Inagrum – это запасные части напрямую от завода-производителя. Inagrum - это качество и надёжность",,,market@inagrum.ru,+79107190220,https://forms.agrosalon.ru/api/exhibitors/detail?catalogId=33798,33798,3029,keep,"Маштехагро | Россия | Полунавесные плуги; Снабжение запасными частями | Маштехагро (сокр. наименование МТА) специализируется на поставках комплектующих под товарным знаком Inagrum для почвообрабатывающей техники. Основное направление деятельности - качественные аналоги рабочих органов плугов, дисковых борон таких марок как Lemken,",parsed,,2026-09-21T05:10:25Z,agrosalon-2026-official-forms-api-signo-v1.0.0,ok,ok,Russia row with qualifying agricultural equipment/product/category evidence from official catalogue.,new,,,,,market@inagrum.ru,inagrum.ru,official_forms_api,,catalog_email_present,,public email visible in official catalogue detail,market@inagrum.ru,public catalogue/contact email
Агросалон 2026,6–9 октября 2026,НАВИГАТОР - НОВОЕ МАШИНОСТРОЕНИЕ,НАВИГАТОР - НОВОЕ МАШИНОСТРОЕНИЕ,NAVIGATOR - NM,кормозаготовительная техника; погрузочная и транспортная техника; сельскохозяйственная техника и оборудование,Россия,RUS,,,B7.25,,Прессы для круглых тюков,Round bale presses,"Навигатор-НМ-завод по производству кормозаготовительной техники(грабли,пресс-подборщики,подборщики-транспортировщики,упаковщики,резчик рулонов)Ведущий производитель рулонных пресс-подборщиков в России",,https://www.nm-agro.ru,mail@nm-agro.ru,+7 342 258 09 00,https://forms.agrosalon.ru/api/exhibitors/detail?catalogId=33939,33939,3381,keep,"НАВИГАТОР - НОВОЕ МАШИНОСТРОЕНИЕ | Россия | Прессы для круглых тюков | Навигатор-НМ-завод по производству кормозаготовительной техники(грабли,пресс-подборщики,подборщики-транспортировщики,упаковщики,резчик рулонов)Ведущий производитель рулонных пресс-подборщиков в России",parsed,,2026-09-21T05:10:25Z,agrosalon-2026-official-forms-api-signo-v1.0.0,ok,ok,Russia row with qualifying agricultural equipment/product/category evidence from official catalogue.,repeat,exact normalized email matched current Twenty repeat index,mail@nm-agro.ru,,Навигатор НМ,mail@nm-agro.ru,nm-agro.ru,official_forms_api,,catalog_email_present,,public email visible in official catalogue detail,mail@nm-agro.ru,public catalogue/contact email
Агросалон 2026,6–9 октября 2026,ОНИИП,ОНИИП,ONIIP,сельскохозяйственная техника и оборудование,Россия,RUS,,,C6.10,,Другое из раздела «Сельскохозяйственная электроника»,"Others in the Segment ""Agricultural electronics""","АО""ОНИИП""-это современное научно-производственное предприятие. Одно из направлений деятельности-автоматизированная система управления для животноводства ""АСУ-АГРО""",,https://www.onip.ru,info@onip.ru,+7(3812)448637,https://forms.agrosalon.ru/api/exhibitors/detail?catalogId=33882,33882,3258,keep,"ОНИИП | Россия | Другое из раздела «Сельскохозяйственная электроника» | АО""ОНИИП""-это современное научно-производственное предприятие. Одно из направлений деятельности-автоматизированная система управления для животноводства ""АСУ-АГРО""",parsed,,2026-09-21T05:10:25Z,agrosalon-2026-official-forms-api-signo-v1.0.0,ok,ok,Russia row with qualifying agricultural equipment/product/category evidence from official catalogue.,new,,,,,info@onip.ru,onip.ru,official_forms_api,,catalog_email_present,,public email visible in official catalogue detail,info@onip.ru,public catalogue/contact email
Агросалон 2026,6–9 октября 2026,ОПАЛЛ-АГРИ,ОПАЛЛ-АГРИ,OPALL-AGRI,"другое из группы «комплектующие, запасные части, принадлежности»",Россия,RUS,,,E8.20,,"Другое из раздела ""Плуги""; Другое из группы «Комплектующие, запасные части, принадлежности»","Others in the Segment Ploughs; Others from the group ""Components, spare parts, accessories""","OPaLL-AGRI - один из крупнейших производителей с/х техники и запасных частей в Европе. Производственная линейка включает плуги, культиваторы, дискаторы и глубокорыхлители. Благодаря использованию качественного сырья, жесткому контролю на всех этапах производства выпускаемая продукция долговечна. На территории РФ официальный представитель - компания «Техно-Снаб», расположенная в Пензенской области.",,https://t-snab.com,info@t-snab.com,88007008498,https://forms.agrosalon.ru/api/exhibitors/detail?catalogId=33941,33941,3389,keep,"ОПАЛЛ-АГРИ | Россия | Другое из раздела ""Плуги""; Другое из группы «Комплектующие, запасные части, принадлежности» | OPaLL-AGRI - один из крупнейших производителей с/х техники и запасных частей в Европе. Производственная линейка включает плуги, культиваторы, дискаторы и глубокорыхлители. Благодаря использованию качественного сырья, жесткому контролю на всех этапах производст",parsed,,2026-09-21T05:10:25Z,agrosalon-2026-official-forms-api-signo-v1.0.0,ok,ok,Russia row with qualifying agricultural equipment/product/category evidence from official catalogue.,repeat,exact normalized email matched current Twenty repeat index,info@t-snab.com,,Техно Снаб,info@t-snab.com,t-snab.com,official_forms_api,,catalog_email_present,,public email visible in official catalogue detail,info@t-snab.com,public catalogue/contact email
Агросалон 2026,6–9 октября 2026,ПАРТСМЕНЕДЖЕР,ПАРТСМЕНЕДЖЕР,PARTSMANAGER,"другое из группы «комплектующие, запасные части, принадлежности»",Россия,RUS,,,C8.30,,"Снабжение запасными частями; Другое из группы «Комплектующие, запасные части, принадлежности»","Spare parts supply; Others from the group ""Components, spare parts, accessories""","ООО «ТК ПАРТСМЕНЕДЖЕР» является ведущим российским производителем и поставщиком альтернативных запчастей, узлов и агрегатов для импортной сельскохозяйственной техники JOHN DEERE и CLAAS. Наша компания обладает собственным современным складом площадью 1500 квадратных метров, расположенным в Кстовском районе Нижегородской области.",,https://partsmanager.ru/,jd@partsmanager.ru,+7 800 350 79 80,https://forms.agrosalon.ru/api/exhibitors/detail?catalogId=33862,33862,3216,keep,"ПАРТСМЕНЕДЖЕР | Россия | Снабжение запасными частями; Другое из группы «Комплектующие, запасные части, принадлежности» | ООО «ТК ПАРТСМЕНЕДЖЕР» является ведущим российским производителем и поставщиком альтернативных запчастей, узлов и агрегатов для импортной сельскохозяйственной техники JOHN DEERE и CLAAS. Наша компания обладает собственным современным складом площадью 1500 квад",parsed,,2026-09-21T05:10:26Z,agrosalon-2026-official-forms-api-signo-v1.0.0,ok,ok,Russia row with qualifying agricultural equipment/product/category evidence from official catalogue.,new,,,,,jd@partsmanager.ru,partsmanager.ru,official_forms_api,,catalog_email_present,,public email visible in official catalogue detail,jd@partsmanager.ru,public catalogue/contact email
Агросалон 2026,6–9 октября 2026,ПЕНЗМАШ,ПЕНЗМАШ,PENZMASH,барабанные комбайны; роторные комбайны; другое из раздела «машины и оборудование для комбайновой уборки»,Россия,RUS,,,B5.30,,Барабанные комбайны; Роторные комбайны; Другое из раздела «Машины и оборудование для комбайновой уборки»,"Drum harvesters; Rotary harvesters; Others in the Segment ""Machines and equipment for combine harvesting""","ПАО «ПЕНЗМАШ» специализируется на выпуске оборудования для уборки и переработки сельхозпродукции, оборудования для пищевой промышленности и широкой гаммы потребительских товаров.",,https://penzmash.ru/,penzmash@yandex.ru,"+7(8412) 32-49-33, 36-95-26",https://forms.agrosalon.ru/api/exhibitors/detail?catalogId=33950,33950,3404,keep,"ПЕНЗМАШ | Россия | Барабанные комбайны; Роторные комбайны; Другое из раздела «Машины и оборудование для комбайновой уборки» | ПАО «ПЕНЗМАШ» специализируется на выпуске оборудования для уборки и переработки сельхозпродукции, оборудования для пищевой промышленности и широкой гаммы потребительских товаров.",parsed,,2026-09-21T05:10:26Z,agrosalon-2026-official-forms-api-signo-v1.0.0,ok,ok,Russia row with qualifying agricultural equipment/product/category evidence from official catalogue.,repeat,exact normalized email matched current Twenty repeat index,penzmash@yandex.ru,,Пензенский машиностроительный завод,penzmash@yandex.ru,penzmash.ru,official_forms_api,,catalog_email_present,,public email visible in official catalogue detail,penzmash@yandex.ru,public catalogue/contact email
Агросалон 2026,6–9 октября 2026,ПОЛЫМЯ,ПОЛЫМЯ,POLYMYA,машины и оборудование для транспортировки зерна; машины и оборудование для сушки зерна,Беларусь; Россия,BLR; RUS,,,E5.22,,Машины и оборудование для транспортировки зерна; Машины и оборудование для сушки зерна,Machines and equipment for grain transportation; Machines and equipment for drying grain,"ПОЛЫМЯ — кластер, объединяющий собственное производство оборудования для АПК, сервис, инжиниринг, проектирование и строительство объектов сельхозназначения. Все производство сосредоточено в Беларуси, в ЗАО «Борисовский завод «Металлист». В ассортименте зерносушильное оборудование и оборудование для подготовки семян, оборудование для производства комбикормов, а также запасные части к сельскохозяйственной технике.",,https://polymya.com/,info@metallist.by; rf@polymya.com,+375445001414; +79038533889,https://forms.agrosalon.ru/api/exhibitors/detail?catalogId=33819,33819,3119,keep,"ПОЛЫМЯ | Беларусь; Россия | Машины и оборудование для транспортировки зерна; Машины и оборудование для сушки зерна | ПОЛЫМЯ — кластер, объединяющий собственное производство оборудования для АПК, сервис, инжиниринг, проектирование и строительство объектов сельхозназначения. Все производство сосредоточено в Беларуси, в ЗАО «Борисовский завод «Металлист». В ассортименте зерносу",parsed,,2026-09-21T05:10:26Z,agrosalon-2026-official-forms-api-signo-v1.0.0,ok,ok,Russia row with qualifying agricultural equipment/product/category evidence from official catalogue.,repeat,exact normalized email matched current Twenty repeat index,rf@polymya.com,,Полымя,info@metallist.by; rf@polymya.com,metallist.by; polymya.com,official_forms_api,,catalog_email_present,,public email visible in official catalogue detail,info@metallist.by,public catalogue/contact email
Агросалон 2026,6–9 октября 2026,ППУ 21 ВЕК,ППУ 21 ВЕК,PPU 21 VEK,"техника для картофеля, овощей и сахарной свеклы",Россия,RUS,,,F6.20,,Строительство зданий для сельского хозяйства,Agricultural buildings construction,ППУ 21 ВЕК Строительство картофелехранилищ/овощехранилищ Вентиляция VENTOGLAS Контейнеры Утепление ППУ Воздуховоды Миниклубни,,https://www.ppu21.ru,com@ppu21.ru,89015327366,https://forms.agrosalon.ru/api/exhibitors/detail?catalogId=33951,33951,3405,keep,ППУ 21 ВЕК | Россия | Строительство зданий для сельского хозяйства | ППУ 21 ВЕК Строительство картофелехранилищ/овощехранилищ Вентиляция VENTOGLAS Контейнеры Утепление ППУ Воздуховоды Миниклубни,parsed,,2026-09-21T05:10:26Z,agrosalon-2026-official-forms-api-signo-v1.0.0,ok,ok,Russia row with qualifying agricultural equipment/product/category evidence from official catalogue.,new,,,,,com@ppu21.ru,ppu21.ru,official_forms_api,,catalog_email_present,,public email visible in official catalogue detail,com@ppu21.ru,public catalogue/contact email
Агросалон 2026,6–9 октября 2026,ПРИВОДНЫЕ ЦЕПИ,ПРИВОДНЫЕ ЦЕПИ,PRIVODNYE TSEPI,уборочная техника и жатки; посевная техника; кормозаготовительная техника; погрузочная и транспортная техника; сельскохозяйственная техника и оборудование,Россия,RUS,,,B9.60,,Снабжение запасными частями,Spare parts supply,"ООО ПРИВОДНЫЕ ЦЕПИ- поставщик цепей для сельхозтехники, предприятий пищевой и перерабатывающей промышленности. Дистрибьютор заводов UNIVERSAL, CHOHO, DID Компания реализует:  приводные цепи для комбайнов;  пресс-подборщиков, жаток, сеялок,  транспортеры наклонной камеры, зерновые и колосовыеэлеваторы. Продажа по ОЕМ номерам и артикулам.",,https://privod-tsepi.ru; https://p-ts.ru,contact@privod-tsepi.ru; info@p-ts.ru,84957977947; +79030142022,https://forms.agrosalon.ru/api/exhibitors/detail?catalogId=33938,33938,3380,keep,"ПРИВОДНЫЕ ЦЕПИ | Россия | Снабжение запасными частями | ООО ПРИВОДНЫЕ ЦЕПИ- поставщик цепей для сельхозтехники, предприятий пищевой и перерабатывающей промышленности. Дистрибьютор заводов UNIVERSAL, CHOHO, DID Компания реализует:  приводные цепи для комбайнов;  пресс-подборщиков, жаток, сеялок,  транспортеры нак",parsed,,2026-09-21T05:10:26Z,agrosalon-2026-official-forms-api-signo-v1.0.0,ok,ok,Russia row with qualifying agricultural equipment/product/category evidence from official catalogue.,new,,,,,contact@privod-tsepi.ru; info@p-ts.ru,privod-tsepi.ru; p-ts.ru,official_forms_api,,catalog_email_present,,public email visible in official catalogue detail,contact@privod-tsepi.ru,public catalogue/contact email
Агросалон 2026,6–9 октября 2026,ПРОФИЛЕГИБ ДЕТАЛЬ,ПРОФИЛЕГИБ ДЕТАЛЬ,PROFILEGIB DETAIL LLC,колесные тракторы; кабины транспортных средств,Россия,RUS,,,F7.11,,Колесные тракторы; Кабины транспортных средств,Wheeled tractors; Vehicle cabins,"Компания «Профилегиб Деталь» предлагает комплексный подход к решению задач заказчика. Мы не только гнем профили, но и выполняем полный цикл обработки металла, включая резку, сверление, сварку и шлифовку. Это позволяет нам предоставлять готовые решения, которые полностью соответствуют требованиям клиентов.",,https://www.profilegib-detal.ru,o.inshakov@profilegib.com,+79052058645,https://forms.agrosalon.ru/api/exhibitors/detail?catalogId=33895,33895,3302,keep,"ПРОФИЛЕГИБ ДЕТАЛЬ | Россия | Колесные тракторы; Кабины транспортных средств | Компания «Профилегиб Деталь» предлагает комплексный подход к решению задач заказчика. Мы не только гнем профили, но и выполняем полный цикл обработки металла, включая резку, сверление, сварку и шлифовку. Это позволяет нам предоставлять готовые решения, которые",parsed,,2026-09-21T05:10:26Z,agrosalon-2026-official-forms-api-signo-v1.0.0,ok,ok,Russia row with qualifying agricultural equipment/product/category evidence from official catalogue.,repeat,company-owned domain matched current Twenty repeat index,,profilegib.com,Профилегиб Деталь,o.inshakov@profilegib.com,profilegib.com; profilegib-detal.ru,official_forms_api,,catalog_email_present,,public email visible in official catalogue detail,o.inshakov@profilegib.com,public catalogue/contact email
Агросалон 2026,6–9 октября 2026,Пегас-Агро,Пегас-Агро,PEGAS-AGRO LLC,другое из раздела «внесение минеральных удобрений»; разбрасыватели минеральных удобрений,Россия,RUS,,,C6.30,,Другое из раздела «Внесение минеральных удобрений»; Разбрасыватели минеральных удобрений,"Others in the Section ""Application of mineral fertilizers""; Fertilizer spreaders","Завод ООО «Пегас-Агро» производит самоходные опрыскиватели-разбрасыватели линейки «Туман». Это инновационная высокопроизводительная техника, предназначенная для внесения минеральных и жидких удобрений, а также гербицидной, инсектицидной и фунгицидной обработки растений в сжатые агротехнические сроки.",,https://pegas-agro.ru/,info@pegas-agro.ru,+7 846 202-59-10,https://forms.agrosalon.ru/api/exhibitors/detail?catalogId=33987,33987,3619,keep,"Пегас-Агро | Россия | Другое из раздела «Внесение минеральных удобрений»; Разбрасыватели минеральных удобрений | Завод ООО «Пегас-Агро» производит самоходные опрыскиватели-разбрасыватели линейки «Туман». Это инновационная высокопроизводительная техника, предназначенная для внесения минеральных и жидких удобрений, а также гербицидной, инсектицидной и фунгицидной обработки",parsed,,2026-09-21T05:10:26Z,agrosalon-2026-official-forms-api-signo-v1.0.0,ok,ok,Russia row with qualifying agricultural equipment/product/category evidence from official catalogue.,repeat,exact normalized email matched current Twenty repeat index,info@pegas-agro.ru,,ПЕГАС Агро,info@pegas-agro.ru,pegas-agro.ru,official_forms_api,,catalog_email_present,,public email visible in official catalogue detail,info@pegas-agro.ru,public catalogue/contact email
Агросалон 2026,6–9 октября 2026,Петербургский тракторный завод,Петербургский тракторный завод,Peterburgsky Traktorny Zavod,колесные тракторы,Россия,RUS,,,E5.10,,Колесные тракторы,Wheeled tractors,"Выпускает с/х тракторы КИРОВЕЦ серии К-7М (300 - 460 л.с.), серии К-5 (250 и 300 л.с.), дорожно-строительные и специальные машины КИРОВЕЦ",,https://kirovets-ptz.com/,market2@sptz.ru,8(812)3634696,https://forms.agrosalon.ru/api/exhibitors/detail?catalogId=33898,33898,3319,keep,"Петербургский тракторный завод | Россия | Колесные тракторы | Выпускает с/х тракторы КИРОВЕЦ серии К-7М (300 - 460 л.с.), серии К-5 (250 и 300 л.с.), дорожно-строительные и специальные машины КИРОВЕЦ",parsed,,2026-09-21T05:10:26Z,agrosalon-2026-official-forms-api-signo-v1.0.0,ok,ok,Russia row with qualifying agricultural equipment/product/category evidence from official catalogue.,repeat,company-owned domain matched current Twenty repeat index,,kirovets-ptz.com,Петербургский тракторный завод ПТЗ,market2@sptz.ru,sptz.ru; kirovets-ptz.com,official_forms_api,,catalog_email_present,,public email visible in official catalogue detail,market2@sptz.ru,public catalogue/contact email
Агросалон 2026,6–9 октября 2026,Полиплекс,Полиплекс,POLIPLEX,машины для сенокоса,Россия,RUS,,,B8.65,,Машины для сенокоса,Haymaking machines,"«Полиплекс» выпускает сеновязальный шпагат, сетку сенажную (тюковочную) и паллетную сетку . Качество продукции соответствует требованиям ГОСТ и подтверждено сертификатами соответствия.",,https://poliplex.ru/,polipleks-sh@yandex.ru,+7(347)269-4077(78),https://forms.agrosalon.ru/api/exhibitors/detail?catalogId=33778,33778,2972,keep,"Полиплекс | Россия | Машины для сенокоса | «Полиплекс» выпускает сеновязальный шпагат, сетку сенажную (тюковочную) и паллетную сетку . Качество продукции соответствует требованиям ГОСТ и подтверждено сертификатами соответствия.",parsed,,2026-09-21T05:10:26Z,agrosalon-2026-official-forms-api-signo-v1.0.0,ok,ok,Russia row with qualifying agricultural equipment/product/category evidence from official catalogue.,repeat,exact normalized email matched current Twenty repeat index,polipleks-sh@yandex.ru,,Полиплекс,polipleks-sh@yandex.ru,poliplex.ru,official_forms_api,,catalog_email_present,,public email visible in official catalogue detail,polipleks-sh@yandex.ru,public catalogue/contact email
Агросалон 2026,6–9 октября 2026,ПромРадиатор-НК,ПромРадиатор-НК,PromRadiator-NK,сельскохозяйственная техника и оборудование,Россия,RUS,,,C7.60,,Снабжение запасными частями,Spare parts supply,"производит радиаторы,которые используются в спецтехнике и в промышленных установках.Можем создать модель по чертежу или спроектировать,а так же модернизировать установку.",,https://hono-r.com,sales@hono-r.com,8-800-500-86-65,https://forms.agrosalon.ru/api/exhibitors/detail?catalogId=33815,33815,3094,keep,"ПромРадиатор-НК | Россия | Снабжение запасными частями | производит радиаторы,которые используются в спецтехнике и в промышленных установках.Можем создать модель по чертежу или спроектировать,а так же модернизировать установку.",parsed,,2026-09-21T05:10:26Z,agrosalon-2026-official-forms-api-signo-v1.0.0,ok,ok,Russia row with qualifying agricultural equipment/product/category evidence from official catalogue.,new,,,,,sales@hono-r.com,hono-r.com,official_forms_api,,catalog_email_present,,public email visible in official catalogue detail,sales@hono-r.com,public catalogue/contact email
Агросалон 2026,6–9 октября 2026,ПромТехПласт (ПТП),ПромТехПласт (ПТП),PromTehPlast (PTP),"другое из группы «комплектующие, запасные части, принадлежности»",Россия,RUS,,,C8.11,,"Снабжение запасными частями; Другое из группы «Комплектующие, запасные части, принадлежности»","Spare parts supply; Others from the group ""Components, spare parts, accessories""","Компания «ПромТехПласт», основанная в 2013 году, является производителем автозапчастей и автокомпонентов для отечественных и импортных автомобилей под брендом ПТП. Основная задача компании – высокое качество выпускаемой продукции. Основная цель – максимальное импортозамещение на Российском рынке и конкурентоспособность на международном рынке.",,https://ptp64.ru/,sales@ptp64.ru,8845(3)23-23-17,https://forms.agrosalon.ru/api/exhibitors/detail?catalogId=33865,33865,3226,keep,"ПромТехПласт (ПТП) | Россия | Снабжение запасными частями; Другое из группы «Комплектующие, запасные части, принадлежности» | Компания «ПромТехПласт», основанная в 2013 году, является производителем автозапчастей и автокомпонентов для отечественных и импортных автомобилей под брендом ПТП. Основная задача компании – высокое качество выпускаемой продукции. Основная цель – максимальное",parsed,,2026-09-21T05:10:26Z,agrosalon-2026-official-forms-api-signo-v1.0.0,ok,ok,Russia row with qualifying agricultural equipment/product/category evidence from official catalogue.,repeat,company-owned domain matched current Twenty repeat index,,ptp64.ru,Птп,sales@ptp64.ru,ptp64.ru,official_forms_api,,catalog_email_present,,public email visible in official catalogue detail,sales@ptp64.ru,public catalogue/contact email
Агросалон 2026,6–9 октября 2026,РН-СМАЗОЧНЫЕ МАТЕРИАЛЫ,РН-СМАЗОЧНЫЕ МАТЕРИАЛЫ,Rosneft Lubricants,"другое из группы «комплектующие, запасные части, принадлежности»",Россия,RUS,,,C8.50,,"Другое из группы «Комплектующие, запасные части, принадлежности»","Others from the group ""Components, spare parts, accessories""","ООО «РН-Смазочные материалы» - дочернее общество ПАО «НК «Роснефть», специализирующееся на производстве, маркетинге и реализации смазочных материалов, специальных жидкостей, предназначенных для использования в легковом и коммерческом транспорте, а также для широкого спектра промышленного оборудования.",,https://www.rosneft-lubricants.ru,oil@rosneft.ru,8 (499) 517 76 78,https://forms.agrosalon.ru/api/exhibitors/detail?catalogId=33789,33789,3012,keep,"РН-СМАЗОЧНЫЕ МАТЕРИАЛЫ | Россия | Другое из группы «Комплектующие, запасные части, принадлежности» | ООО «РН-Смазочные материалы» - дочернее общество ПАО «НК «Роснефть», специализирующееся на производстве, маркетинге и реализации смазочных материалов, специальных жидкостей, предназначенных для использования в легковом и коммерческом транспорте, а также для ши",parsed,,2026-09-21T05:10:26Z,agrosalon-2026-official-forms-api-signo-v1.0.0,ok,ok,Russia row with qualifying agricultural equipment/product/category evidence from official catalogue.,repeat,company-owned domain matched current Twenty repeat index,,rosneft.ru,Башнефть,oil@rosneft.ru,rosneft.ru; rosneft-lubricants.ru,official_forms_api,,catalog_email_present,,public email visible in official catalogue detail,oil@rosneft.ru,public catalogue/contact email
Агросалон 2026,6–9 октября 2026,РОСТСЕЛЬМАШ,РОСТСЕЛЬМАШ,ROSTSELMASH,колесные тракторы; барабанные комбайны,Россия,RUS,,,А7.50,,Колесные тракторы; Барабанные комбайны,Wheeled tractors; Drum harvesters,"Ростсельмаш входит в число крупнейших разработчиков и производителей специализированной техники. Компания располагает собственным центром инноваций, экспериментальной базой, современным производством полного технологического цикла. Продуктовая линейка насчитывает более 150 моделей и модификаций техники для АПК, промышленно-гражданского и дорожного строительства, коммунального хозяйства.",,https://rostselmash.com/,rostselmash@oaorsm.ru,+7 (863) 250-30-64,https://forms.agrosalon.ru/api/exhibitors/detail?catalogId=33818,33818,3116,keep,"РОСТСЕЛЬМАШ | Россия | Колесные тракторы; Барабанные комбайны | Ростсельмаш входит в число крупнейших разработчиков и производителей специализированной техники. Компания располагает собственным центром инноваций, экспериментальной базой, современным производством полного технологического цикла. Продуктовая линейка насчитыв",parsed,,2026-09-21T05:10:26Z,agrosalon-2026-official-forms-api-signo-v1.0.0,ok,ok,Russia row with qualifying agricultural equipment/product/category evidence from official catalogue.,repeat,exact normalized email matched current Twenty repeat index,rostselmash@oaorsm.ru,,Ростсельмаш,rostselmash@oaorsm.ru,oaorsm.ru; rostselmash.com,official_forms_api,,catalog_email_present,,public email visible in official catalogue detail,rostselmash@oaorsm.ru,public catalogue/contact email
Агросалон 2026,6–9 октября 2026,Завод Радиан,Радиан,Zavod Radian,посевная техника; агротехнологии и системы управления,Россия,RUS,,,C5.20,,Датчики,Sensors,"АО «Завод «Радиан» производит системы контроля высева СКИФ на пневматические и механические сеялки, на базе уникального запатентованного датчика пролета семян",,https://www.radianzavod.ru/,vik@radianzavod.ru,8(86557)2-65-95,https://forms.agrosalon.ru/api/exhibitors/detail?catalogId=33788,33788,3011,keep,"Завод Радиан | Россия | Датчики | АО «Завод «Радиан» производит системы контроля высева СКИФ на пневматические и механические сеялки, на базе уникального запатентованного датчика пролета семян",parsed,,2026-09-21T05:10:24Z,agrosalon-2026-official-forms-api-signo-v1.0.0,ok,ok,Russia row with qualifying agricultural equipment/product/category evidence from official catalogue.,repeat,company-owned domain matched current Twenty repeat index,,radianzavod.ru,Радиан,vik@radianzavod.ru,radianzavod.ru,official_forms_api,,catalog_email_present,,public email visible in official catalogue detail,vik@radianzavod.ru,public catalogue/contact email
Агросалон 2026,6–9 октября 2026,Радиозавод,Радиозавод,Radiozavod,пневматические рядовые сеялки,Россия,RUS,,,C6.10,,Пневматические рядовые сеялки,Pneumatic seed drills,"Акционерное общество «Радиозавод» – одно из крупнейших промышленных предприятий России, занимающихся производством сельскохозяйственной техники и высокотехнологичных электронных модулей.",,https://seyalki.penza-radiozavod.ru,sht.market@penza-radiozavod.ru,+7 (8412) 21-32-93,https://forms.agrosalon.ru/api/exhibitors/detail?catalogId=33879,33879,3254,keep,"Радиозавод | Россия | Пневматические рядовые сеялки | Акционерное общество «Радиозавод» – одно из крупнейших промышленных предприятий России, занимающихся производством сельскохозяйственной техники и высокотехнологичных электронных модулей.",parsed,,2026-09-21T05:10:26Z,agrosalon-2026-official-forms-api-signo-v1.0.0,ok,ok,Russia row with qualifying agricultural equipment/product/category evidence from official catalogue.,repeat,company-owned domain matched current Twenty repeat index,,penza-radiozavod.ru,Радиозавод,sht.market@penza-radiozavod.ru,penza-radiozavod.ru,official_forms_api,,catalog_email_present,,public email visible in official catalogue detail,sht.market@penza-radiozavod.ru,public catalogue/contact email
Агросалон 2026,6–9 октября 2026,Реммаш,Реммаш,Remmash,оборудование для содержания скота,Россия,RUS,,,C8.71,,Оборудование для содержания скота,Livestock keeping equipment,Реммаш - современный завод по производству навозоуборочного и кормоприготовительного оборудования.,,https://www.glazovmash.ru/,marketrmz@mail.ru,+73414137272,https://forms.agrosalon.ru/api/exhibitors/detail?catalogId=33762,33762,2930,keep,Реммаш | Россия | Оборудование для содержания скота | Реммаш - современный завод по производству навозоуборочного и кормоприготовительного оборудования.,parsed,,2026-09-21T05:10:26Z,agrosalon-2026-official-forms-api-signo-v1.0.0,ok,ok,Russia row with qualifying agricultural equipment/product/category evidence from official catalogue.,repeat,exact normalized email matched current Twenty repeat index,marketrmz@mail.ru,,Реммаш,marketrmz@mail.ru,glazovmash.ru,official_forms_api,,catalog_email_present,,public email visible in official catalogue detail,marketrmz@mail.ru,public catalogue/contact email
Агросалон 2026,6–9 октября 2026,Ростовский литейный завод,Ростовский литейный завод,Rostovskiy Liteiynyy Zavod Ltd.,"другое из группы «комплектующие, запасные части, принадлежности»",Россия,RUS,,,C6.21,,"Другое из группы «Комплектующие, запасные части, принадлежности»","Others from the group ""Components, spare parts, accessories""","Ростовский литейный завод входит в с/х машиностроительный холдинг Ростсельмаш. Полный производственный цикл. Отливки серого чугуна, стали, алюминия. Выпускает печатные песчаные 3D формы Binder Jetting",,https://www.rostlit.ru/,dirrlz@oaorsm.ru,+7(863) 250-34-01,https://forms.agrosalon.ru/api/exhibitors/detail?catalogId=33834,33834,3141,keep,"Ростовский литейный завод | Россия | Другое из группы «Комплектующие, запасные части, принадлежности» | Ростовский литейный завод входит в с/х машиностроительный холдинг Ростсельмаш. Полный производственный цикл. Отливки серого чугуна, стали, алюминия. Выпускает печатные песчаные 3D формы Binder Jetting",parsed,,2026-09-21T05:10:26Z,agrosalon-2026-official-forms-api-signo-v1.0.0,ok,ok,Russia row with qualifying agricultural equipment/product/category evidence from official catalogue.,repeat,company-owned domain matched current Twenty repeat index,,oaorsm.ru,Завод Конорд,dirrlz@oaorsm.ru,oaorsm.ru; rostlit.ru,official_forms_api,,catalog_email_present,,public email visible in official catalogue detail,dirrlz@oaorsm.ru,public catalogue/contact email
Агросалон 2026,6–9 октября 2026,РусАгро,РусАгро,RusAgro,запчасти и комплектующие для сельхозтехники; сельскохозяйственная техника и оборудование,Россия,RUS,,,B8.11,,Снабжение запасными частями,Spare parts supply,"РусАгро производственно коммерческая компания. Поставляем качественные запчасти к сельхозтехнике. Выгодные цены, логистика. Постоянным клиентам гибкие условия оплаты. Широкий ассортимент в наличии.",,https://www.rusagro.parts,sale@rusagro61.ru,+79287759770,https://forms.agrosalon.ru/api/exhibitors/detail?catalogId=33959,33959,3417,keep,"РусАгро | Россия | Снабжение запасными частями | РусАгро производственно коммерческая компания. Поставляем качественные запчасти к сельхозтехнике. Выгодные цены, логистика. Постоянным клиентам гибкие условия оплаты. Широкий ассортимент в наличии.",parsed,,2026-09-21T05:10:27Z,agrosalon-2026-official-forms-api-signo-v1.0.0,ok,ok,Russia row with qualifying agricultural equipment/product/category evidence from official catalogue.,new,,,,,sale@rusagro61.ru,rusagro61.ru; rusagro.parts,official_forms_api,,catalog_email_present,,public email visible in official catalogue detail,sale@rusagro61.ru,public catalogue/contact email
Агросалон 2026,6–9 октября 2026,СПЕЙС-ЮНИТ,СПЕЙС-ЮНИТ,SPACE-Unit LLC,гусеничные тракторы,Россия,RUS,,,B8.10,,Гусеничные тракторы,Crawler tractors,"ООО «СПЕЙС‑Юнит» — официальный дистрибьютор Taite, производителя компонентов для ходовой части гусеничной техники (резиновые гусеницы, катки и гусеничные системы), в России.",,https://space-unit.ru,info@space-unit.ru,+79616699621,https://forms.agrosalon.ru/api/exhibitors/detail?catalogId=33963,33963,3438,keep,"СПЕЙС-ЮНИТ | Россия | Гусеничные тракторы | ООО «СПЕЙС‑Юнит» — официальный дистрибьютор Taite, производителя компонентов для ходовой части гусеничной техники (резиновые гусеницы, катки и гусеничные системы), в России.",parsed,,2026-09-21T05:10:27Z,agrosalon-2026-official-forms-api-signo-v1.0.0,ok,ok,Russia row with qualifying agricultural equipment/product/category evidence from official catalogue.,new,,,,,info@space-unit.ru,space-unit.ru,official_forms_api,,catalog_email_present,,public email visible in official catalogue detail,info@space-unit.ru,public catalogue/contact email
Агросалон 2026,6–9 октября 2026,Смарт Грэйд,Смарт Грэйд,Smart Grade,"другое из раздела «машины и оборудование для сортировки, транспортировки, обработки и хранения урожая»",Россия,RUS,,,B4.22,,"Другое из раздела «Машины и оборудование для сортировки, транспортировки, обработки и хранения урожая»","Others in the Section ""Machines and equipment for sorting, transportation, processing and storage of crops""","«Смарт Грэйд» - завод-производитель линий очистки и фотосепараторов ""Сапсан"" для сельскохозяйственных культур.",,https://fsapsan.ru,info@fsapsan.ru,+7 499 938-90-93,https://forms.agrosalon.ru/api/exhibitors/detail?catalogId=33985,33985,3600,keep,"Смарт Грэйд | Россия | Другое из раздела «Машины и оборудование для сортировки, транспортировки, обработки и хранения урожая» | «Смарт Грэйд» - завод-производитель линий очистки и фотосепараторов ""Сапсан"" для сельскохозяйственных культур.",parsed,,2026-09-21T05:10:27Z,agrosalon-2026-official-forms-api-signo-v1.0.0,ok,ok,Russia row with qualifying agricultural equipment/product/category evidence from official catalogue.,new,,,,,info@fsapsan.ru,fsapsan.ru,official_forms_api,,catalog_email_present,,public email visible in official catalogue detail,info@fsapsan.ru,public catalogue/contact email
Агросалон 2026,6–9 октября 2026,Снабавто,Снабавто,SNABAVTO,запчасти и комплектующие для сельхозтехники; сельскохозяйственная техника и оборудование,Россия,RUS,,,E7.50,,Снабжение запасными частями,Spare parts supply,"Основной профиль деятельности ООО «Снабавто» - производство и поставка запасных частей и комплектующих для сельскохозяйственной, дорожно-строительной, портовой и горно-шахтной техники.",,https://snabavto.com/,info@snabavto.com,8(495) 212-06-35,https://forms.agrosalon.ru/api/exhibitors/detail?catalogId=33936,33936,3376,keep,"Снабавто | Россия | Снабжение запасными частями | Основной профиль деятельности ООО «Снабавто» - производство и поставка запасных частей и комплектующих для сельскохозяйственной, дорожно-строительной, портовой и горно-шахтной техники.",parsed,,2026-09-21T05:10:27Z,agrosalon-2026-official-forms-api-signo-v1.0.0,ok,ok,Russia row with qualifying agricultural equipment/product/category evidence from official catalogue.,new,,,,,info@snabavto.com,snabavto.com,official_forms_api,,catalog_email_present,,public email visible in official catalogue detail,info@snabavto.com,public catalogue/contact email
Агросалон 2026,6–9 октября 2026,Сохрани зерно,Сохрани зерно,Sohrani zerno,сельскохозяйственная техника и оборудование,Россия,RUS,,,F8.45,,Строительство зданий для сельского хозяйства,Agricultural buildings construction,Российский инженер-эксперт в проектировании и строительстве агроинженерных комплексов. Мы ориентир для отрасли по качеству и пользе для сельского хозяйства. От проекта до запуска и сервиса.,,https://sohranizerno.ru,sohranizerno@yandex.ru,9230016818,https://forms.agrosalon.ru/api/exhibitors/detail?catalogId=33960,33960,3424,keep,Сохрани зерно | Россия | Строительство зданий для сельского хозяйства | Российский инженер-эксперт в проектировании и строительстве агроинженерных комплексов. Мы ориентир для отрасли по качеству и пользе для сельского хозяйства. От проекта до запуска и сервиса.,parsed,,2026-09-21T05:10:27Z,agrosalon-2026-official-forms-api-signo-v1.0.0,ok,ok,Russia row with qualifying agricultural equipment/product/category evidence from official catalogue.,repeat,company-owned domain matched current Twenty repeat index,,sohranizerno.ru,Сохрани Зерно,sohranizerno@yandex.ru,sohranizerno.ru,official_forms_api,,catalog_email_present,,public email visible in official catalogue detail,sohranizerno@yandex.ru,public catalogue/contact email
Агросалон 2026,6–9 октября 2026,Спутник,Спутник,SPUTNIK LLC,сельскохозяйственная техника и оборудование,Россия,RUS,,,B9.71,,Шпагат; Сетка для обмотки тюков,Tying yarn; Round bale wrapping nets,"Партнер компании POLYPAK Products Co.,Ltd, мирового производителей сетки сеновязальной. Подбор оптимального решения, поставка, сопровождение. Сетка, шпагат и агрострейч пленка, склад и доставка по России.",,https://www.sputnik-parts.ru,sputnik@gmail.com,+7(918) 321-45-48,https://forms.agrosalon.ru/api/exhibitors/detail?catalogId=33980,33980,3514,keep,"Спутник | Россия | Шпагат; Сетка для обмотки тюков | Партнер компании POLYPAK Products Co.,Ltd, мирового производителей сетки сеновязальной. Подбор оптимального решения, поставка, сопровождение. Сетка, шпагат и агрострейч пленка, склад и доставка по России.",parsed,,2026-09-21T05:10:27Z,agrosalon-2026-official-forms-api-signo-v1.0.0,ok,ok,Russia row with qualifying agricultural equipment/product/category evidence from official catalogue.,new,,,,,sputnik@gmail.com,sputnik-parts.ru,official_forms_api,,catalog_email_present,,public email visible in official catalogue detail,sputnik@gmail.com,public catalogue/contact email
Агросалон 2026,6–9 октября 2026,ТРАКЕР ГРУПП,ТРАКЕР ГРУПП,TRAKER GROUP,тракторы; уборочная техника и жатки; запчасти и комплектующие для сельхозтехники; сельскохозяйственная техника и оборудование,Россия,RUS,,,C8.61,,Снабжение запасными частями,Spare parts supply,"Поставщик запчастей для тракторов сельхоз и спецтехники. Более 20 000 оригинальных запчастей и качественных аналогов для МТЗ, ТДТ-55, ДТ-75, Т-16/40/25, комбайнов и др. Оптовые поставки по РФ и СНГ.",,https://traker.ru,info@traker.ru,+7(8332)217-000,https://forms.agrosalon.ru/api/exhibitors/detail?catalogId=33765,33765,2939,keep,"ТРАКЕР ГРУПП | Россия | Снабжение запасными частями | Поставщик запчастей для тракторов сельхоз и спецтехники. Более 20 000 оригинальных запчастей и качественных аналогов для МТЗ, ТДТ-55, ДТ-75, Т-16/40/25, комбайнов и др. Оптовые поставки по РФ и СНГ.",parsed,,2026-09-21T05:10:27Z,agrosalon-2026-official-forms-api-signo-v1.0.0,ok,ok,Russia row with qualifying agricultural equipment/product/category evidence from official catalogue.,new,,,,,info@traker.ru,traker.ru,official_forms_api,,catalog_email_present,,public email visible in official catalogue detail,info@traker.ru,public catalogue/contact email
Агросалон 2026,6–9 октября 2026,ТСК,ТСК,TSK,сельскохозяйственная техника и оборудование,Россия,RUS,,,B9.81,,Снабжение запасными частями,Spare parts supply,"ООО «ТехноСпецКомплект»—поставщик функциональных узлов, запасных частей, рабочих органов для любых видов сельскохозяйственной техники, смазочных материалов премиум-класса и систем точного земледелия.",,https://www.tsk71.ru,komplekt71@internet.ru,+7 (4872) 71-71-86,https://forms.agrosalon.ru/api/exhibitors/detail?catalogId=33989,33989,3642,keep,"ТСК | Россия | Снабжение запасными частями | ООО «ТехноСпецКомплект»—поставщик функциональных узлов, запасных частей, рабочих органов для любых видов сельскохозяйственной техники, смазочных материалов премиум-класса и систем точного земледелия.",parsed,,2026-09-21T05:10:28Z,agrosalon-2026-official-forms-api-signo-v1.0.0,ok,ok,Russia row with qualifying agricultural equipment/product/category evidence from official catalogue.,new,,,,,komplekt71@internet.ru,tsk71.ru,official_forms_api,,catalog_email_present,,public email visible in official catalogue detail,komplekt71@internet.ru,public catalogue/contact email
Агросалон 2026,6–9 октября 2026,Тянли Арден,Тянли Арден,Tianli Arden,колеса,Россия,RUS,,,F7.20,,Колеса; Покрышки,Wheels; Tires,Производитель и официальный дистрибьютер сельхоз шин,,https://www.arden.market,westernagro@arden.market,+79185546331,https://forms.agrosalon.ru/api/exhibitors/detail?catalogId=33867,33867,3233,keep,Тянли Арден | Россия | Колеса; Покрышки | Производитель и официальный дистрибьютер сельхоз шин,parsed,,2026-09-21T05:10:28Z,agrosalon-2026-official-forms-api-signo-v1.0.0,ok,ok,Russia row with qualifying agricultural equipment/product/category evidence from official catalogue.,repeat,company-owned domain matched current Twenty repeat index,,arden.market,Arden,westernagro@arden.market,arden.market,official_forms_api,,catalog_email_present,,public email visible in official catalogue detail,westernagro@arden.market,public catalogue/contact email
Агросалон 2026,6–9 октября 2026,ФКЛ,ФКЛ,FKL,"другое из группы «комплектующие, запасные части, принадлежности»",Россия,RUS,,,C7.10,,"Другое из группы «Комплектующие, запасные части, принадлежности»","Others from the group ""Components, spare parts, accessories""","Генеральный дистрибьютор завода подшипников FKL (Сербия). Производство подшипников, подшипниковых узлов и ступиц для современных сеялок, дисковых борон и комбайнов. Оригинал для 200+ OEM.",,https://rusfkl.ru,mail@rusfkl.ru,+7 473 300 3066,https://forms.agrosalon.ru/api/exhibitors/detail?catalogId=33785,33785,3006,keep,"ФКЛ | Россия | Другое из группы «Комплектующие, запасные части, принадлежности» | Генеральный дистрибьютор завода подшипников FKL (Сербия). Производство подшипников, подшипниковых узлов и ступиц для современных сеялок, дисковых борон и комбайнов. Оригинал для 200+ OEM.",parsed,,2026-09-21T05:10:28Z,agrosalon-2026-official-forms-api-signo-v1.0.0,ok,ok,Russia row with qualifying agricultural equipment/product/category evidence from official catalogue.,new,,,,,mail@rusfkl.ru,rusfkl.ru,official_forms_api,,catalog_email_present,,public email visible in official catalogue detail,mail@rusfkl.ru,public catalogue/contact email
Агросалон 2026,6–9 октября 2026,ЦЕПЬИНВЕСТ,ЦЕПЬИНВЕСТ,TSEPINVEST,"другое из группы «комплектующие, запасные части, принадлежности»",Россия,RUS,,,B8.22,,"Другое из группы «Комплектующие, запасные части, принадлежности»","Others from the group ""Components, spare parts, accessories""",ЦЕПЬИНВЕСТ является поставщиком цепей DONGHUA CHAIN GROUP для цепных приводов сельхозтехники.,,https://tsepinvest.ru,info@tsepinvest.ru,+7 (495) 134-31-31,https://forms.agrosalon.ru/api/exhibitors/detail?catalogId=33766,33766,2940,keep,"ЦЕПЬИНВЕСТ | Россия | Другое из группы «Комплектующие, запасные части, принадлежности» | ЦЕПЬИНВЕСТ является поставщиком цепей DONGHUA CHAIN GROUP для цепных приводов сельхозтехники.",parsed,,2026-09-21T05:10:29Z,agrosalon-2026-official-forms-api-signo-v1.0.0,ok,ok,Russia row with qualifying agricultural equipment/product/category evidence from official catalogue.,new,,,,,info@tsepinvest.ru,tsepinvest.ru,official_forms_api,,catalog_email_present,,public email visible in official catalogue detail,info@tsepinvest.ru,public catalogue/contact email
Агросалон 2026,6–9 октября 2026,Шицзячжуанское машиностроительное производственное предприятие Чжунсин,Шицзячжуанское машиностроительное производственное предприятие Чжунсин,"Shijiazhuang Zhongxing Machinery Manufacturing Co., Ltd.",запчасти и комплектующие для сельхозтехники; сельскохозяйственная техника и оборудование,Россия,RUS,,,B8.70,,Снабжение запасными частями,Spare parts supply,"Компания «Shijiazhuang Zhongxing Machinery Manufacturing Co., Ltd.» является профессиональным производителем колес для сельскохозяйственной техники.",,,everest.ni@tot-hidraulics.com,89680609521,https://forms.agrosalon.ru/api/exhibitors/detail?catalogId=33925,33925,3360,keep,"Шицзячжуанское машиностроительное производственное предприятие Чжунсин | Россия | Снабжение запасными частями | Компания «Shijiazhuang Zhongxing Machinery Manufacturing Co., Ltd.» является профессиональным производителем колес для сельскохозяйственной техники.",parsed,,2026-09-21T05:10:30Z,agrosalon-2026-official-forms-api-signo-v1.0.0,ok,ok,Russia row with qualifying agricultural equipment/product/category evidence from official catalogue.,new,,,,,everest.ni@tot-hidraulics.com,tot-hidraulics.com,official_forms_api,,catalog_email_present,,public email visible in official catalogue detail,everest.ni@tot-hidraulics.com,public catalogue/contact email
Агросалон 2026,6–9 октября 2026,Шумахер,Шумахер,Schumacher,кормозаготовительная техника; запчасти и комплектующие для сельхозтехники; сельскохозяйственная техника и оборудование,Россия,RUS,,,D7.20,,Снабжение запасными частями,Spare parts supply,"«Шумахер» является производителем и поставщиком комплектующих и узлов для зерноуборочных и кормоуборочных жаток, а также компонентов для разных видов сельскохозяйственной техники.",,https://www.groupschumacher.ru,n.burdila@ooosch.ru,+79094622540,https://forms.agrosalon.ru/api/exhibitors/detail?catalogId=33805,33805,3046,keep,"Шумахер | Россия | Снабжение запасными частями | «Шумахер» является производителем и поставщиком комплектующих и узлов для зерноуборочных и кормоуборочных жаток, а также компонентов для разных видов сельскохозяйственной техники.",parsed,,2026-09-21T05:10:30Z,agrosalon-2026-official-forms-api-signo-v1.0.0,ok,ok,Russia row with qualifying agricultural equipment/product/category evidence from official catalogue.,new,,,,,n.burdila@ooosch.ru,ooosch.ru; groupschumacher.ru,official_forms_api,,catalog_email_present,,public email visible in official catalogue detail,n.burdila@ooosch.ru,public catalogue/contact email
Агросалон 2026,6–9 октября 2026,ЭТАЛОН,ЭТАЛОН,ETALON,"другое из группы «комплектующие, запасные части, принадлежности»",Россия,RUS,,,D7.10,,"Снабжение запасными частями; Другое из группы «Комплектующие, запасные части, принадлежности»","Spare parts supply; Others from the group ""Components, spare parts, accessories""","ООО «ЭТАЛОН» — надежный поставщик запасных частей для МТЗ, ЮМЗ, ДТ, Т-40, Т-25, КРН, КСФ и другой техники, официальный представитель M Master Part в России. На складе всегда более 8000 позиций запасных частей в ассортименте: мы делаем ставку на наличие, профессиональный подбор и глубокое понимание потребностей клиентов. ЭТАЛОН — это экспертность в запасных частях, уникальный ассортимент M Master Part и стабильность поставок.",,https://etalon-agro.ru,info@etalon-agro.ru,+7 (495) 979-79-52,https://forms.agrosalon.ru/api/exhibitors/detail?catalogId=33795,33795,3022,keep,"ЭТАЛОН | Россия | Снабжение запасными частями; Другое из группы «Комплектующие, запасные части, принадлежности» | ООО «ЭТАЛОН» — надежный поставщик запасных частей для МТЗ, ЮМЗ, ДТ, Т-40, Т-25, КРН, КСФ и другой техники, официальный представитель M Master Part в России. На складе всегда более 8000 позиций запасных частей в ассортименте: мы делаем ставку на наличие, профес",parsed,,2026-09-21T05:10:30Z,agrosalon-2026-official-forms-api-signo-v1.0.0,ok,ok,Russia row with qualifying agricultural equipment/product/category evidence from official catalogue.,new,,,,,info@etalon-agro.ru,etalon-agro.ru,official_forms_api,,catalog_email_present,,public email visible in official catalogue detail,info@etalon-agro.ru,public catalogue/contact email
Агросалон 2026,6–9 октября 2026,ЭкоНива-АПК Холдинг,ЭкоНива-АПК Холдинг,EkoNiva-APK,семена зерновых; семена масличных растений,Россия,RUS,,,D6.20,,Семена зерновых; Семена масличных растений,Grain seed; Oilseed plants,ГК «ЭкоНива» является одним из ведущих аграрных холдингов России и Европы,,https://www.ekonivasemena.ru,hello@ekonivasemena.ru,+7 (4732) 67-97-77,https://forms.agrosalon.ru/api/exhibitors/detail?catalogId=33835,33835,3149,keep,ЭкоНива-АПК Холдинг | Россия | Семена зерновых; Семена масличных растений | ГК «ЭкоНива» является одним из ведущих аграрных холдингов России и Европы,parsed,,2026-09-21T05:10:30Z,agrosalon-2026-official-forms-api-signo-v1.0.0,ok,ok,Russia row with qualifying agricultural equipment/product/category evidence from official catalogue.,new,,,,,hello@ekonivasemena.ru,ekonivasemena.ru,official_forms_api,,found,https://ekonivasemena.ru/,public website crawl only; no cookies or forms,hello@ekonivasemena.ru,public website enrichment email
Агросалон 2026,6–9 октября 2026,ЯРОВИТ-АГРО,ЯРОВИТ-АГРО,YAROVIT-AGRO,"другое из группы «комплектующие, запасные части, принадлежности»",Россия,RUS,,,A8.31,,"Снабжение запасными частями; Другое из группы «Комплектующие, запасные части, принадлежности»","Spare parts supply; Others from the group ""Components, spare parts, accessories""","ЯРОВИТ-АГРО является одним из ведущих поставщиков запасных частей к сельскохозяйственной технике белорусского, российского и зарубежного производства. Долголетний опыт работы позволяет предложить своим клиентам не только оригинальные запасные части, но и запчасти других производителей высокого качества к технике: ЛЕМКЕН, КВЕРНЕЛАНД, КУН, ХОРШ, КЁКЕРЛИНГ, КЛААС, САМАШ, РАБЕ, АМАЗОНЕ, MTЗ, ГОМСЕЛЬМАШ, БОБРУЙСКАГРОМАШ и др.",,https://www.yarovit-agro.ru,info@yarovit-agro.ru,+7 910 786-71-71,https://forms.agrosalon.ru/api/exhibitors/detail?catalogId=33944,33944,3397,keep,"ЯРОВИТ-АГРО | Россия | Снабжение запасными частями; Другое из группы «Комплектующие, запасные части, принадлежности» | ЯРОВИТ-АГРО является одним из ведущих поставщиков запасных частей к сельскохозяйственной технике белорусского, российского и зарубежного производства. Долголетний опыт работы позволяет предложить своим клиентам не только оригинальные запасные части, но и запча",parsed,,2026-09-21T05:10:31Z,agrosalon-2026-official-forms-api-signo-v1.0.0,ok,ok,Russia row with qualifying agricultural equipment/product/category evidence from official catalogue.,new,,,,,info@yarovit-agro.ru,yarovit-agro.ru,official_forms_api,,catalog_email_present,,public email visible in official catalogue detail,info@yarovit-agro.ru,public catalogue/contact email
Агросалон 2026,6–9 октября 2026,"ЯРОСЛАВИЧ, АО Производственная компания","ЯРОСЛАВИЧ, АО Производственная компания","YAROSLAVICH, JSC, Production Company",прицепы для сбора урожая,Россия,RUS,,,С6.22,,Прицепы для сбора урожая,Harvesting trailers,"ЯРОСЛАВИЧ - отечественный производитель техники для сельского хозяйства: тракторные полуприцепы, разбрасыватели удобрений, машины для снесения подстилочных материалов, почвообрабатывающая техника.",,https://pkyar.ru/,sale@pkyar.ru,8-800-707-12-74,https://forms.agrosalon.ru/api/exhibitors/detail?catalogId=33974,33974,3504,keep,"ЯРОСЛАВИЧ, АО Производственная компания | Россия | Прицепы для сбора урожая | ЯРОСЛАВИЧ - отечественный производитель техники для сельского хозяйства: тракторные полуприцепы, разбрасыватели удобрений, машины для снесения подстилочных материалов, почвообрабатывающая техника.",parsed,,2026-09-21T05:10:31Z,agrosalon-2026-official-forms-api-signo-v1.0.0,ok,ok,Russia row with qualifying agricultural equipment/product/category evidence from official catalogue.,repeat,company-owned domain matched current Twenty repeat index,,pkyar.ru,ПК «Ярославич,sale@pkyar.ru,pkyar.ru,official_forms_api,,catalog_email_present,,public email visible in official catalogue detail,sale@pkyar.ru,public catalogue/contact email
Агросалон 2026,6–9 октября 2026,Завод имени Медведева – Машиностроение,имени Медведева – Машиностроение,Medvedev Plant - Mechanical Engineering,дисковые бороны,Россия,RUS,,,C5.10,,Чизельные культиваторы; Дисковые бороны,Chisel cultivators; Disc harrows,"ООО «Завод имени Медведева – Машиностроение» - машиностроительное предприятие, на рынке производства сельскохозяйственной техники работает более 30 лет. Разработаны свыше 50 видов техники для основной и предпосевной обработки почвы. Технологическая оснащенность и квалифицированные кадры дают возможность выпускать высоко сложную технику. Дилерская сеть по всей стране гарантирует своевременное сервисное обслуживание.",,https://www.orzim.ru,sales@orzim.ru,8-800-250-11-88,https://forms.agrosalon.ru/api/exhibitors/detail?catalogId=33949,33949,3403,keep,"Завод имени Медведева – Машиностроение | Россия | Чизельные культиваторы; Дисковые бороны | ООО «Завод имени Медведева – Машиностроение» - машиностроительное предприятие, на рынке производства сельскохозяйственной техники работает более 30 лет. Разработаны свыше 50 видов техники для основной и предпосевной обработки почвы. Технологическая оснащенност",parsed,,2026-09-21T05:10:22Z,agrosalon-2026-official-forms-api-signo-v1.0.0,ok,ok,Russia row with qualifying agricultural equipment/product/category evidence from official catalogue.,repeat,exact normalized email matched current Twenty repeat index,sales@orzim.ru,,Завод имени Медведева Машиностроение,sales@orzim.ru,orzim.ru,official_forms_api,,catalog_email_present,,public email visible in official catalogue detail,sales@orzim.ru,public catalogue/contact email
Агросалон 2026,6–9 октября 2026,Завод кондиционеров Август,кондиционеров Август,Air-conditioner factory August,системы кондиционирования и обогрева воздуха для транспортных средств,Россия,RUS,,,B8.64,,Системы кондиционирования и обогрева воздуха для транспортных средств,Air conditioning and heating systems for vehicles,Завод кондиционеров Август является разработчиком и производителем климатических систем для различных видов транспорта. Мы являемся поставщиками на конвейеры крупнейших заводов РФ и стран СНГ. Наша продукция экспортируется в 22 страны. Список сервисных центров достигает 700 компаний. Завод кондиционеров Август аттестован по системе менеджмента качества ISO 9001:2015 & IATF 16949:2016,,https://www.augustcondy.ru,pochta@august.su,+78482555005,https://forms.agrosalon.ru/api/exhibitors/detail?catalogId=33775,33775,2967,keep,Завод кондиционеров Август | Россия | Системы кондиционирования и обогрева воздуха для транспортных средств | Завод кондиционеров Август является разработчиком и производителем климатических систем для различных видов транспорта. Мы являемся поставщиками на конвейеры крупнейших заводов РФ и стран СНГ. Наша продукция экспортируется в 22 страны. Список сервисных центров,parsed,,2026-09-21T05:10:22Z,agrosalon-2026-official-forms-api-signo-v1.0.0,ok,ok,Russia row with qualifying agricultural equipment/product/category evidence from official catalogue.,new,,,,,pochta@august.su,august.su; augustcondy.ru,official_forms_api,,catalog_email_present,,public email visible in official catalogue detail,pochta@august.su,public catalogue/contact email
Агросалон 2026,6–9 октября 2026,Завод тяжелых колесных дисков,тяжелых колесных дисков,Zavod tyazhelykh kolesnykh diskov,колеса; ободы колес,Россия,RUS,,,E7.31,,Колеса; Ободы колес,Wheels; Wheel rims,"Единственный в России производитель колёсных дисков, полного цикла, для крупной и сельскохозяйственной техники, а так же комплектов сдваивания колёс.",,https://ztkd22.ru,ztkd2021@mail.ru,+7 909-500-23-33,https://forms.agrosalon.ru/api/exhibitors/detail?catalogId=33877,33877,3252,keep,"Завод тяжелых колесных дисков | Россия | Колеса; Ободы колес | Единственный в России производитель колёсных дисков, полного цикла, для крупной и сельскохозяйственной техники, а так же комплектов сдваивания колёс.",parsed,,2026-09-21T05:10:23Z,agrosalon-2026-official-forms-api-signo-v1.0.0,ok,ok,Russia row with qualifying agricultural equipment/product/category evidence from official catalogue.,new,,,,,ztkd2021@mail.ru,ztkd22.ru,official_forms_api,,catalog_email_present,,public email visible in official catalogue detail,ztkd2021@mail.ru,public catalogue/contact email
