event_name,company_name,company_short_name,products,country,city,address,stand,pavilion,rubrics,product_notes,brands,website,public_email,public_phone,source_url,exhibitor_id,evidence_snippet,parse_status,missing_fields,scraped_at,parser_version,source_sheet
БАД-EXPO 2026,ImmunoHealth,ImmunoHealth,"пробиотики, растительные экстракты, масла, грибные продукты",,,,01-1,"Event Hall Даниловский, Москва",пробиотики; растительные экстракты; масла; грибные продукты,"Тест «Иммунохелс» – диагностика индивидуальных реакций иммунной системы на продукты питания. Кандигон – препарат, подавляющий патогенную микрофлору кишечника. В нем собраны природные экстракты и ароматические масла, наиболее эффективно подавляющие рост и размножение всех патогенных штаммов дрожжеподобного патогенного грибка Candida. Флорабион – комплекс пробиотиков (бифидобактерий, лактобактерий и пропионовокислых бактерий) для восстановления нормальной микрофлоры кишечника. immunohealth.ru",,https://immunohealth.ru/,,,https://baa-expo.ru/uchastniki_old_20,baa-expo-march-2026:001,"ImmunoHealth cтенд № 01-1 Тест «Иммунохелс» – диагностика индивидуальных реакций иммунной системы на продукты питания. Кандигон – препарат, подавляющий патогенную микрофлору кишечника. В нем собраны природные экстракты и ароматические масла, наиболее эффективно подавляющие рост и размножение всех патогенных штаммов дрожжеподобного патогенного грибка Candida. Флорабион – комплекс пробиотиков (бифидобактерий, лактобактерий и пропионовокислых бактерий) для восстановления нормальной микрофлоры кишечника. immunohealth.ru",ok,,2026-07-11T20:29:22.043355+00:00,bad-expo-2026-official-baa-expo-signo-pipeline-v1.0.0,official_baa_expo_participants_march_2026
БАД-EXPO 2026,ПЕРВЫЙ ЖИВОЙ КОЛЛАГЕН,Первый Живой Коллаген,коллаген,,,,01-2,"Event Hall Даниловский, Москва",коллаген,"«Первый живой коллаген» – бренд, занимающий лидирующие позиции в производстве натурального коллагена и продуктов на его основе. Компания создаёт продукцию по особой природоподобной технологии без нагревания. Это позволяет сохранить природную структуру белка и обеспечить максимальную усвояемость организмом. В состав формулы входят: комплекс из трёх типов коллагена (I, II и III); природный эластин для восстановления тканей; 14 микро- и макроэлементов в естественных пропорциях; натуральные компоненты. Ключевые преимущества бренда: высокая усвояемость благодаря особой технологии производства; комплексное действие на организм; большой ассортимент; клинически доказанная эффективность. Результаты применения: упругая кожа и здоровый внешний вид; здоровые суставы и крепкие связки; сильные волосы и крепкие ногти. Качество продукции подтверждено международными стандартами ISO и HACCP, а также серти",,https://colla-gen.com/,,,https://baa-expo.ru/uchastniki_old_20,baa-expo-march-2026:002,"ПЕРВЫЙ ЖИВОЙ КОЛЛАГЕН cтенд № 01-2 «Первый живой коллаген» – бренд, занимающий лидирующие позиции в производстве натурального коллагена и продуктов на его основе. Компания создаёт продукцию по особой природоподобной технологии без нагревания. Это позволяет сохранить природную структуру белка и обеспечить максимальную усвояемость организмом. В состав формулы входят: комплекс из трёх типов коллагена (I, II и III); природный эластин для восстановления тканей; 14 микро- и макроэлементов в естественных пропорциях; натуральные компоненты. Ключевые преимущества бренда: высокая усвояемость благодаря особой технологии производства; комплексное действие на организм; большой ассортимент; клинически доказанная эффективность. Результаты применения: упругая кожа и здоровый внешний вид; здоровые суставы и крепкие связки; сильные волосы и крепкие ногти. Качество продукции подтверждено международными стандартами ISO и HACCP, а также сертификатом ХАЛЯЛЬ. colla-gen.com",ok,,2026-07-11T20:29:22.043355+00:00,bad-expo-2026-official-baa-expo-signo-pipeline-v1.0.0,official_baa_expo_participants_march_2026
БАД-EXPO 2026,ООО «БиоПродукт»,БиоПродукт,"растительные экстракты, грибные продукты",,,,01-3,"Event Hall Даниловский, Москва",растительные экстракты; грибные продукты,"Компания «БиоПродукт» осуществляет деятельность по производству функционального фермерского питания быстрого приготовления: Нейросуп и нейрокаша, а так же натуральных грибных добавок на основе собственного сырья, а также на основе натурального сырья Владимирских сельхозпроизводителей. Компания «БиоПродукт» занимается выращиванием, переработкой и хранением сырья: ягод, грибов, пищевых цветов, овощей, фруктов, а также дикорастущих грибов, ягод и растений. Компания «БиоПродукт» имеет собственное производство, изготавливает широкий ассортимент качественных сушеных фруктов, ягод, овощей и трав. Также разработана и введена в производство новая линейка продуктов – это пищевые красители и ароматизаторы, которые изготавливаются на основе сока ягод, фруктов и овощей. Компания «БиоПродукт» принимает участие на регулярной основе в Международных и российских выставках и ярмарках. ООО «БиоПродукт» явл",,https://vsegrib.ru/,,,https://baa-expo.ru/uchastniki_old_20,baa-expo-march-2026:003,"ООО «БиоПродукт» стенд № 01-3 Компания «БиоПродукт» осуществляет деятельность по производству функционального фермерского питания быстрого приготовления: Нейросуп и нейрокаша, а так же натуральных грибных добавок на основе собственного сырья, а также на основе натурального сырья Владимирских сельхозпроизводителей. Компания «БиоПродукт» занимается выращиванием, переработкой и хранением сырья: ягод, грибов, пищевых цветов, овощей, фруктов, а также дикорастущих грибов, ягод и растений. Компания «БиоПродукт» имеет собственное производство, изготавливает широкий ассортимент качественных сушеных фруктов, ягод, овощей и трав. Также разработана и введена в производство новая линейка продуктов – это пищевые красители и ароматизаторы, которые изготавливаются на основе сока ягод, фруктов и овощей. Компания «БиоПродукт» принимает участие на регулярной основе в Международных и российских выставках и ярмарках. ООО «БиоПродукт» является победителем федеральной Национальной предпринимательской премии «Бизнес-успех» в номинации «Лучший сельскохозяйственный проект» Уникальность производства заключаетс",ok,,2026-07-11T20:29:22.043355+00:00,bad-expo-2026-official-baa-expo-signo-pipeline-v1.0.0,official_baa_expo_participants_march_2026
БАД-EXPO 2026,iTAB,iTAB,"коллаген, витамины, бады, здоровое питание",,,,01-4,"Event Hall Даниловский, Москва",коллаген; витамины; бады; здоровое питание,"ООО «АЙ ТАБ» (бренд iTAB) – крупнейший в России маркетплейс только качественных продуктов для здоровья. Специализируется на производстве и продаже БАД. В ассортименте 2000 товаров, тщательно отобранных медицинской комиссией. Компанию выбирают десятки тысяч покупателей, с ней сотрудничают ведущие интегративные врачи и нутрициологи, а продукты не содержат лактозы, глютена и диоксида титана. Из огромного числа товаров отбирается только безопасное, биодоступное и в рабочих дозировках. Среди бестселлеров – единственный на рынке РФ жидкий комплекс витаминов группы В в активной форме. Вкусный жидкий коллаген, от которого невозможно оторваться. С дополнительными ингредиентами для максимальной усвояемости. Единственный отечественный мелатонин на растительной основе. С растительным 5-HTP и активным витамином В6 для максимального эффекта. Магниевый комплекс в 5 формах для укрепления нервной и мышеч",,http://www.itab.pro,,,https://baa-expo.ru/uchastniki_old_20,baa-expo-march-2026:004,"iTAB стенд № 01-4 ООО «АЙ ТАБ» (бренд iTAB) – крупнейший в России маркетплейс только качественных продуктов для здоровья. Специализируется на производстве и продаже БАД. В ассортименте 2000 товаров, тщательно отобранных медицинской комиссией. Компанию выбирают десятки тысяч покупателей, с ней сотрудничают ведущие интегративные врачи и нутрициологи, а продукты не содержат лактозы, глютена и диоксида титана. Из огромного числа товаров отбирается только безопасное, биодоступное и в рабочих дозировках. Среди бестселлеров – единственный на рынке РФ жидкий комплекс витаминов группы В в активной форме. Вкусный жидкий коллаген, от которого невозможно оторваться. С дополнительными ингредиентами для максимальной усвояемости. Единственный отечественный мелатонин на растительной основе. С растительным 5-HTP и активным витамином В6 для максимального эффекта. Магниевый комплекс в 5 формах для укрепления нервной и мышечной системы, здоровья кишечника и микробиома, работы головного мозга и сердца. itab.pro",ok,,2026-07-11T20:29:22.043355+00:00,bad-expo-2026-official-baa-expo-signo-pipeline-v1.0.0,official_baa_expo_participants_march_2026
БАД-EXPO 2026,МАТЕРИА БИО ПРОФИ ЦЕНТР,Материа Био Профи Центр,"растительные экстракты, фитосвечи",,,,02-1,"Event Hall Даниловский, Москва",растительные экстракты; фитосвечи,"Материа Био Профи Центр – ведущий производитель фитопродукции c более чем 15-летним опытом работы. Наша компания гордится собственными разработками и технологичным производством, которое оснащено современным оборудованием и отвечает самым строгим стандартам качества. В ассортименте компании представлены, как собственные продукты, так и товары ведущих производителей фитотоваров. Новинки собственного производства: Фитосвечи – ANDROSAFE и GYNOSAFE! Эти природные продукты созданы для вашего здоровья и благополучия. GYNOSAFE для женщин – экстракты боровой матки и красной щётки нормализуют гормональный фон и активизируют ваши внутренние силы для борьбы с недугами. Ингредиенты, такие как калган и ятрышник, обладают мощными противовоспалительными и детоксикационными свойствами, очищая лимфатическую систему и помогая вашему организму вернуть баланс. ANDROSAFE для мужчин – свечи с экстрактом панто",,https://apifito24.ru/,,,https://baa-expo.ru/uchastniki_old_20,baa-expo-march-2026:005,"МАТЕРИА БИО ПРОФИ ЦЕНТР стенд № 02-1 Материа Био Профи Центр – ведущий производитель фитопродукции c более чем 15-летним опытом работы. Наша компания гордится собственными разработками и технологичным производством, которое оснащено современным оборудованием и отвечает самым строгим стандартам качества. В ассортименте компании представлены, как собственные продукты, так и товары ведущих производителей фитотоваров. Новинки собственного производства: Фитосвечи – ANDROSAFE и GYNOSAFE! Эти природные продукты созданы для вашего здоровья и благополучия. GYNOSAFE для женщин – экстракты боровой матки и красной щётки нормализуют гормональный фон и активизируют ваши внутренние силы для борьбы с недугами. Ингредиенты, такие как калган и ятрышник, обладают мощными противовоспалительными и детоксикационными свойствами, очищая лимфатическую систему и помогая вашему организму вернуть баланс. ANDROSAFE для мужчин – свечи с экстрактом пантов марала, способствуют очищению и омоложению клеток. А бобровая струя, известная своими адаптогенными свойствами, помогает защитить от инфекций и поддерживает серд",ok,,2026-07-11T20:29:22.043355+00:00,bad-expo-2026-official-baa-expo-signo-pipeline-v1.0.0,official_baa_expo_participants_march_2026
БАД-EXPO 2026,Простые решения,Простые решения,растительные экстракты,,,,02-2,"Event Hall Даниловский, Москва",растительные экстракты,"В современном мире, где каждый из нас старается многое успеть, мы уделяем крайне недостаточно внимания самому ценному, что у нас есть – собственному здоровью. Для поиска путей решения проблемы сохранения и восстановления здоровья современного человека команда молодых специалистов Алтайской производственной компании «Простые решения» реализовала идею создания натуральных, инновационных и уникальных продуктов на основе растительного сырья Алтая. Используя современные научные достижения и практические знания, были разработаны линейки натуральных концентратов в твердых и мягких желатиновых капсулах. Положительные результаты от приема концентратов – это наш профессиональный успех, мы испытываем огромное удовлетворение от своей работы, каждый день осознавая, что сделали этот мир чуточку лучше! Помогли людям улучшить их здоровье и самочувствие. altaitrd.ru",,https://altaitrd.ru/,,,https://baa-expo.ru/uchastniki_old_20,baa-expo-march-2026:006,"Простые решения стенд № 02-2 В современном мире, где каждый из нас старается многое успеть, мы уделяем крайне недостаточно внимания самому ценному, что у нас есть – собственному здоровью. Для поиска путей решения проблемы сохранения и восстановления здоровья современного человека команда молодых специалистов Алтайской производственной компании «Простые решения» реализовала идею создания натуральных, инновационных и уникальных продуктов на основе растительного сырья Алтая. Используя современные научные достижения и практические знания, были разработаны линейки натуральных концентратов в твердых и мягких желатиновых капсулах. Положительные результаты от приема концентратов – это наш профессиональный успех, мы испытываем огромное удовлетворение от своей работы, каждый день осознавая, что сделали этот мир чуточку лучше! Помогли людям улучшить их здоровье и самочувствие. altaitrd.ru",ok,,2026-07-11T20:29:22.043355+00:00,bad-expo-2026-official-baa-expo-signo-pipeline-v1.0.0,official_baa_expo_participants_march_2026
БАД-EXPO 2026,aclon,aclon,"бады, грибные продукты",,,,03-1,"Event Hall Даниловский, Москва",бады; грибные продукты,"@aclon.store – российский производитель пищевых добавок для здоровья и красоты. Наши главные продукты Флуревиты – пищевые продукты нового поколения в виде водных растворов особых белково-пептидных соединений (биополимеров), представляющих группу мембранотропных гомеостатических тканеспецифических биорегуляторов (МГТБ) природного происхождения, выделенных из малого матрикса животных, растений и грибов. Полностью натуральный продукт. В ассортименте компании более 70 видов продукции с Флуревитами! Наше производство сертифицировано по стандарту GMP, а квалифицированный персонал сертифицирован и обучен по стандартам ISO. Всех будем рады видеть на выставке БАД-EXPO! Наши представители будут встречать вас возле стенда №02-2, который находится слева от центрального входа. aclon.ru",,https://aclon.ru/,,,https://baa-expo.ru/uchastniki_old_20,baa-expo-march-2026:007,"aclon стенд № 03-1 @aclon.store – российский производитель пищевых добавок для здоровья и красоты. Наши главные продукты Флуревиты – пищевые продукты нового поколения в виде водных растворов особых белково-пептидных соединений (биополимеров), представляющих группу мембранотропных гомеостатических тканеспецифических биорегуляторов (МГТБ) природного происхождения, выделенных из малого матрикса животных, растений и грибов. Полностью натуральный продукт. В ассортименте компании более 70 видов продукции с Флуревитами! Наше производство сертифицировано по стандарту GMP, а квалифицированный персонал сертифицирован и обучен по стандартам ISO. Всех будем рады видеть на выставке БАД-EXPO! Наши представители будут встречать вас возле стенда №02-2, который находится слева от центрального входа. aclon.ru",ok,,2026-07-11T20:29:22.043355+00:00,bad-expo-2026-official-baa-expo-signo-pipeline-v1.0.0,official_baa_expo_participants_march_2026
БАД-EXPO 2026,Борк Медикаменты,Борк Медикаменты,"пробиотики, коллаген",,,,03-2,"Event Hall Даниловский, Москва",пробиотики; коллаген,"Компания Bork Health была основана в Стамбуле с целью сделать здоровую жизнь доступной каждому. Сегодня, будучи самым быстрорастущим брендом пищевых добавок в Турции, мы лидируем в отрасли, предлагая более 85 инновационных продуктов, производимых на нашем сертифицированном GMP предприятии площадью 5000 м² в европейской части Стамбула, инвестируя значительные средства в исследования и разработки. Наши активные формулы, такие как пробиотические комплексы, коллагены, липосомальные формы концентраты Магния и Омега-3 встречаются потребителям в более чем 5200 аптеках по всей Турции с веганскими сертификатами, без Глютена и без ГМО. Завершив в прошлом году процедуру официальной регистрации 48 наших продуктов в России, мы сможем придать больше доверия потребителям. Мы сделали решающий шаг для выхода на российский рынок и открыли склад в Москве. Наша цель – к концу 2025 году позиционировать нашу",,,,,https://baa-expo.ru/uchastniki_old_20,baa-expo-march-2026:008,"Борк Медикаменты стенд № 03-2 Компания Bork Health была основана в Стамбуле с целью сделать здоровую жизнь доступной каждому. Сегодня, будучи самым быстрорастущим брендом пищевых добавок в Турции, мы лидируем в отрасли, предлагая более 85 инновационных продуктов, производимых на нашем сертифицированном GMP предприятии площадью 5000 м² в европейской части Стамбула, инвестируя значительные средства в исследования и разработки. Наши активные формулы, такие как пробиотические комплексы, коллагены, липосомальные формы концентраты Магния и Омега-3 встречаются потребителям в более чем 5200 аптеках по всей Турции с веганскими сертификатами, без Глютена и без ГМО. Завершив в прошлом году процедуру официальной регистрации 48 наших продуктов в России, мы сможем придать больше доверия потребителям. Мы сделали решающий шаг для выхода на российский рынок и открыли склад в Москве. Наша цель – к концу 2025 году позиционировать нашу продукцию в 5500 аптеках России. t.me/Borkhealth",ok,,2026-07-11T20:29:22.043355+00:00,bad-expo-2026-official-baa-expo-signo-pipeline-v1.0.0,official_baa_expo_participants_march_2026
БАД-EXPO 2026,ЮНИКА ТРЕЙД,Юника Трейд,"здоровое питание, напитки",,,,04,"Event Hall Даниловский, Москва",здоровое питание; напитки,"ЮНИКА ТРЕЙД - импортер кокосовой продукции из Азии, производитель кокосовой сгущенки, и магазин вкусных и полезных продуктов. Наш собственный бренд UFOOD.MARKET, под которым представлен ассортимент какао и кокосовой продукции, в том числе кокосовая сгущенка, которую мы варим в Санкт-Петербурге. Бренд ACP Vico Rich - это крупный бренд напитков из кокоса из Юго-Восточной Азии, по которому мы являемся эксклюзивными импортерами. Топом продаж и гордостью в этой категории является кокосовое молоко Vico Rich, состоящее на 100% из мякоти кокоса, которое последние годы набирает популярность и узнаваемость на рынке России и СНГ. ufood.market",,https://ufood.market/,,,https://baa-expo.ru/uchastniki_old_20,baa-expo-march-2026:009,"ЮНИКА ТРЕЙД стенд № 04 ЮНИКА ТРЕЙД - импортер кокосовой продукции из Азии, производитель кокосовой сгущенки, и магазин вкусных и полезных продуктов. Наш собственный бренд UFOOD.MARKET, под которым представлен ассортимент какао и кокосовой продукции, в том числе кокосовая сгущенка, которую мы варим в Санкт-Петербурге. Бренд ACP Vico Rich - это крупный бренд напитков из кокоса из Юго-Восточной Азии, по которому мы являемся эксклюзивными импортерами. Топом продаж и гордостью в этой категории является кокосовое молоко Vico Rich, состоящее на 100% из мякоти кокоса, которое последние годы набирает популярность и узнаваемость на рынке России и СНГ. ufood.market",ok,,2026-07-11T20:29:22.043355+00:00,bad-expo-2026-official-baa-expo-signo-pipeline-v1.0.0,official_baa_expo_participants_march_2026
БАД-EXPO 2026,ЮНИКА ТРЕЙД,Юника Трейд,витамины,,,,05,"Event Hall Даниловский, Москва",витамины,"BioMagic - это витамины и добавки для здоровья всей семьи. Уникальность нашей продукции заключается в волшебных формулах, эффективность которых поражает всех, кто хоть раз пробовал наши добавки. Мы точно знаем, как работает любая формула, разработанная BioMagic. Какие-то добавки придают вам энергии и сил на весь день? Это не случайность, такой эффект был задуман учеными во время создания формулы. С помощью продукции BioMagic вы можете не только восполнять дефициты витаминов и минералов, но и регулировать свое состояние: улучшить сон, снизить уровень стресса, увеличить количество энергии и сил, укрепить иммунитет в сезон ОРВИ и гриппа — благодаря BioMagic мы можем повышать качество нашей жизни. Витамины и добавки BioMagic это: чистые и органические составы без критичных ингредиентов разработки ученых, применяющих новейшие технологии удобные формы в виде капель, которые легко дозировать да",,https://biomagic.store/,,,https://baa-expo.ru/uchastniki_old_20,baa-expo-march-2026:010,"ЮНИКА ТРЕЙД стенд № 05 BioMagic - это витамины и добавки для здоровья всей семьи. Уникальность нашей продукции заключается в волшебных формулах, эффективность которых поражает всех, кто хоть раз пробовал наши добавки. Мы точно знаем, как работает любая формула, разработанная BioMagic. Какие-то добавки придают вам энергии и сил на весь день? Это не случайность, такой эффект был задуман учеными во время создания формулы. С помощью продукции BioMagic вы можете не только восполнять дефициты витаминов и минералов, но и регулировать свое состояние: улучшить сон, снизить уровень стресса, увеличить количество энергии и сил, укрепить иммунитет в сезон ОРВИ и гриппа — благодаря BioMagic мы можем повышать качество нашей жизни. Витамины и добавки BioMagic это: чистые и органические составы без критичных ингредиентов разработки ученых, применяющих новейшие технологии удобные формы в виде капель, которые легко дозировать даже маленьким детям BioMagic волшебная сила природы в каждой добавке! biomagic",ok,,2026-07-11T20:29:22.043355+00:00,bad-expo-2026-official-baa-expo-signo-pipeline-v1.0.0,official_baa_expo_participants_march_2026
БАД-EXPO 2026,Концепция Здоровья,Концепция Здоровья,растительные экстракты,,,,06,"Event Hall Даниловский, Москва",растительные экстракты,"Концепция Здоровья – российский производитель биоактивных природных концентратов, направленных на восстановление и поддержку организма на клеточном уровне. В основе продукции компании лежит научный подход к использованию природных ресурсов и современных технологий экстракции. Уникальная разработка учёных позволяет извлекать до 99% активных веществ из клеток целебных растений, сохраняя их природную силу, биохимический состав и максимальную биологическую ценность. Продукты компании создаются из натурального растительного сырья и направлены на поддержку энергии, иммунитета и общего баланса организма. Такой подход помогает восполнять дефициты, поддерживать здоровье и повышать качество жизни естественным образом. health-concept.ru",,https://health-concept.ru/,,,https://baa-expo.ru/uchastniki_old_20,baa-expo-march-2026:011,"Концепция Здоровья стенд № 06 Концепция Здоровья – российский производитель биоактивных природных концентратов, направленных на восстановление и поддержку организма на клеточном уровне. В основе продукции компании лежит научный подход к использованию природных ресурсов и современных технологий экстракции. Уникальная разработка учёных позволяет извлекать до 99% активных веществ из клеток целебных растений, сохраняя их природную силу, биохимический состав и максимальную биологическую ценность. Продукты компании создаются из натурального растительного сырья и направлены на поддержку энергии, иммунитета и общего баланса организма. Такой подход помогает восполнять дефициты, поддерживать здоровье и повышать качество жизни естественным образом. health-concept.ru",ok,,2026-07-11T20:29:22.043355+00:00,bad-expo-2026-official-baa-expo-signo-pipeline-v1.0.0,official_baa_expo_participants_march_2026
БАД-EXPO 2026,Fuel Up USA Inc.,Fuel Up USA Inc.,"витамины, бады",,,,07,"Event Hall Даниловский, Москва",витамины; бады,"Бренд Fuel Up создан для того, чтобы предоставить людям возможность приобретать высококачественные витамины и биологически активные добавки по разумной цене. Компанию Fuel Up движет простая, но эффективная идея: создавать витамины и биологически активные добавки, отвечающие высочайшим стандартам качества, чистоты и эффективности. Мы владеем и управляем собственным производством, контролируя каждый этап процесса. Производим наши продукты в помещении класса Clean Room ISO 8. Все первостепенные машины на производстве – это машины фармацевтического качества от итальянской компании IMA. Продукты Fuel Up производятся с использованием ингредиентов с высокой биодоступностью, вегетарианских капсул и безопасных, экологичных решений. Каждая партия соответствует стандартам GMP, ISO и FDA, что гарантирует бескомпромиссное качество! fuel-up.com",,https://fuel-up.com/,,,https://baa-expo.ru/uchastniki_old_20,baa-expo-march-2026:012,"Fuel Up USA Inc. стенд № 07 Бренд Fuel Up создан для того, чтобы предоставить людям возможность приобретать высококачественные витамины и биологически активные добавки по разумной цене. Компанию Fuel Up движет простая, но эффективная идея: создавать витамины и биологически активные добавки, отвечающие высочайшим стандартам качества, чистоты и эффективности. Мы владеем и управляем собственным производством, контролируя каждый этап процесса. Производим наши продукты в помещении класса Clean Room ISO 8. Все первостепенные машины на производстве – это машины фармацевтического качества от итальянской компании IMA. Продукты Fuel Up производятся с использованием ингредиентов с высокой биодоступностью, вегетарианских капсул и безопасных, экологичных решений. Каждая партия соответствует стандартам GMP, ISO и FDA, что гарантирует бескомпромиссное качество! fuel-up.com",ok,,2026-07-11T20:29:22.043355+00:00,bad-expo-2026-official-baa-expo-signo-pipeline-v1.0.0,official_baa_expo_participants_march_2026
БАД-EXPO 2026,ООО «СибПрибор» / ТМ «Байкальская Легенда»,СибПрибор / ТМ «Байкальская Легенда»,бады,,,,08,"Event Hall Даниловский, Москва",бады,"ООО «СибПрибор» – иркутский производитель высокотехнологичных БАД с доказанной эффективностью и безопасностью. Базисные продукты БиоЧага и Биодигидрокверцетин, направленные на профилактику «болезней цивилизации». Мы работаем, чтобы здоровых людей было больше! baikal-legend.ru",ТМ «Байкальская Легенда»,https://baikal-legend.ru/,,,https://baa-expo.ru/uchastniki_old_20,baa-expo-march-2026:013,"ООО «СибПрибор» ТМ «Байкальская Легенда» стенд № 08 ООО «СибПрибор» – иркутский производитель высокотехнологичных БАД с доказанной эффективностью и безопасностью. Базисные продукты БиоЧага и Биодигидрокверцетин, направленные на профилактику «болезней цивилизации». Мы работаем, чтобы здоровых людей было больше! baikal-legend.ru",ok,,2026-07-11T20:29:22.043355+00:00,bad-expo-2026-official-baa-expo-signo-pipeline-v1.0.0,official_baa_expo_participants_march_2026
БАД-EXPO 2026,Mermaids,Mermaids,оздоровительная продукция,,,,09-1,"Event Hall Даниловский, Москва",оздоровительная продукция,"Под брендом Mermaids в России представлены экологические товары для здоровья из морского сырья премиум-класса производства Норвегия. В качестве сырья используется лучший вид тресковых Gadus Morhua, эта рыба обитает на глубине до 600 м при температуре воды 0- +1 и большую часть своей жизни проводит в экологических водах Норвежской Арктики, где и происходит вылов. Продукция Мермейдс в несколько раз превосходит международные стандарты для экологических требований. А уровень окисления (totox) в омега-3 от Mermaids самый низкий из возможных – 2.7, благодаря чему продукт имеет высокую степень биодоступности. mermaids.su",,https://mermaids.su/,,,https://baa-expo.ru/uchastniki_old_20,baa-expo-march-2026:014,"Mermaids стенд № 09-1 Под брендом Mermaids в России представлены экологические товары для здоровья из морского сырья премиум-класса производства Норвегия. В качестве сырья используется лучший вид тресковых Gadus Morhua, эта рыба обитает на глубине до 600 м при температуре воды 0- +1 и большую часть своей жизни проводит в экологических водах Норвежской Арктики, где и происходит вылов. Продукция Мермейдс в несколько раз превосходит международные стандарты для экологических требований. А уровень окисления (totox) в омега-3 от Mermaids самый низкий из возможных – 2.7, благодаря чему продукт имеет высокую степень биодоступности. mermaids.su",ok,,2026-07-11T20:29:22.043355+00:00,bad-expo-2026-official-baa-expo-signo-pipeline-v1.0.0,official_baa_expo_participants_march_2026
БАД-EXPO 2026,Liposomal Vitamins,Liposomal Vitamins,"витамины, бады, растительные экстракты",,,,"09-2, 09-3","Event Hall Даниловский, Москва",витамины; бады; растительные экстракты,"Liposomal Vitamins – российская компания, специализирующаяся на разработке и производстве липосомальных витаминных комплексов. Продукты линейки Liposomal Vitamins – это натуральные биоактивные комплексы на основе органических форм витаминов и минералов, селективных растительных CO2-экстрактов и природных нутриентов, способные полностью преобразить организм благодаря эффективной липосомальной технологии. Компания работает с мировыми лидерами-производителями компонентов для нутрицевтической индустрии. Сырье соответствует международным стандартам качества (GMP, ISO 9001:2000) и имеет огромную базу клинических исследований – именно это отличает Liposomal Vitamins от конкурентов. liposomalvitamins.ru",,https://liposomalvitamins.ru/,,,https://baa-expo.ru/uchastniki_old_20,baa-expo-march-2026:015,"Liposomal Vitamins стенд № 09-2, 09-3 Liposomal Vitamins – российская компания, специализирующаяся на разработке и производстве липосомальных витаминных комплексов. Продукты линейки Liposomal Vitamins – это натуральные биоактивные комплексы на основе органических форм витаминов и минералов, селективных растительных CO2-экстрактов и природных нутриентов, способные полностью преобразить организм благодаря эффективной липосомальной технологии. Компания работает с мировыми лидерами-производителями компонентов для нутрицевтической индустрии. Сырье соответствует международным стандартам качества (GMP, ISO 9001:2000) и имеет огромную базу клинических исследований – именно это отличает Liposomal Vitamins от конкурентов. liposomalvitamins.ru",ok,,2026-07-11T20:29:22.043355+00:00,bad-expo-2026-official-baa-expo-signo-pipeline-v1.0.0,official_baa_expo_participants_march_2026
БАД-EXPO 2026,Гидроплазма-Лайф,Гидроплазма-Лайф,,,,,"09-4, 09-5","Event Hall Даниловский, Москва",,"В настоящее время человеку приходится прикладывать все больше усилий для поддержания своего организма в тонусе. Тем не менее, наука не стоит на месте. Благодаря новейшим исследованиям в области биофизики и биомедицины удалось обнаружить дополнительный энергоресурс – гидроплазму! При добавлении небольшого количества концентрата гидроплазмы в обычную питьевую воду происходит удивительнейшее преобразование последней, а именно – патогенная («мертвая») вода становится биогенной («живой»). Воздействие биогенной воды на организм уникально: ускоряются процессы метаболизма и вывода шлаков и токсинов, замедляются процессы старения, повышается нейроэмоциональная устойчивость. Как следствие, иммунная система человека в результате такой мощной энергостимуляции становится выносливее и сильнее в разы! gidroplazma-life.ru",,https://gidroplazma-life.ru/,,,https://baa-expo.ru/uchastniki_old_20,baa-expo-march-2026:016,"Гидроплазма-Лайф cтенд № 09-4, 09-5 В настоящее время человеку приходится прикладывать все больше усилий для поддержания своего организма в тонусе. Тем не менее, наука не стоит на месте. Благодаря новейшим исследованиям в области биофизики и биомедицины удалось обнаружить дополнительный энергоресурс – гидроплазму! При добавлении небольшого количества концентрата гидроплазмы в обычную питьевую воду происходит удивительнейшее преобразование последней, а именно – патогенная («мертвая») вода становится биогенной («живой»). Воздействие биогенной воды на организм уникально: ускоряются процессы метаболизма и вывода шлаков и токсинов, замедляются процессы старения, повышается нейроэмоциональная устойчивость. Как следствие, иммунная система человека в результате такой мощной энергостимуляции становится выносливее и сильнее в разы! gidroplazma-life.ru",ok,insufficient_product_category_evidence,2026-07-11T20:29:22.043355+00:00,bad-expo-2026-official-baa-expo-signo-pipeline-v1.0.0,official_baa_expo_participants_march_2026
БАД-EXPO 2026,Арника,Арника,здоровое питание,,,,09-7,"Event Hall Даниловский, Москва",здоровое питание,"Арника – уникальное редкое растение, которое тонко и избирательно воздействует на центральную нервную систему, благодаря регенерации сосудов микроциркуляторного русла. Арника предотвращает инфаркты, инсульты, уменьшает головные боли, стабилизирует внутричерепное давление. Профилактика ранней деменции и болезни Альцгеймера. В малых дозах – тонизирует, в больших – успокаивает при судорогах, эпилептических припадках. Облегчает состояние при системных заболеваниях, акне, экземе, псориазе. Суперовёс с джинурой (Gynura Procumbens). Пророщенный овёс ускоряет метаболизм при сахарном диабете, восстанавливает нарушенный обмен веществ при ожирении, улучшает работу ЖКТ, мочеполовой системы. Джинура снижает повышенный уровень холестерина. Простой способ употребления! 1 упаковка на целый месяц! Fazylbak.ru",,http://fazylbak.ru/,,,https://baa-expo.ru/uchastniki_old_20,baa-expo-march-2026:017,"Арника стенд № 09-7 Арника – уникальное редкое растение, которое тонко и избирательно воздействует на центральную нервную систему, благодаря регенерации сосудов микроциркуляторного русла. Арника предотвращает инфаркты, инсульты, уменьшает головные боли, стабилизирует внутричерепное давление. Профилактика ранней деменции и болезни Альцгеймера. В малых дозах – тонизирует, в больших – успокаивает при судорогах, эпилептических припадках. Облегчает состояние при системных заболеваниях, акне, экземе, псориазе. Суперовёс с джинурой (Gynura Procumbens). Пророщенный овёс ускоряет метаболизм при сахарном диабете, восстанавливает нарушенный обмен веществ при ожирении, улучшает работу ЖКТ, мочеполовой системы. Джинура снижает повышенный уровень холестерина. Простой способ употребления! 1 упаковка на целый месяц! Fazylbak.ru",ok,,2026-07-11T20:29:22.043355+00:00,bad-expo-2026-official-baa-expo-signo-pipeline-v1.0.0,official_baa_expo_participants_march_2026
БАД-EXPO 2026,Институт биорегуляции и физиологии человека,Институт биорегуляции и физиологии человека,растительные экстракты,,,,10,"Event Hall Даниловский, Москва",растительные экстракты,"Институт биорегуляции и физиологии человека (Неолайф) производит пищевые добавки на основе натуральных компонентов, используя передовые технологии вакуумного и кавитационного, низкотемпературного извлечения. Это сохраняет природную активность веществ и обеспечивает высокую биодоступность Мы новаторы в разработке и производстве таблетированных подъязычных экстрактов растений и концентратов гуминовых веществ. Премиальная продукция Неолайф не содержит консервантов, красителей и ароматизаторов. НЕОЛАЙФ постоянно совершенствует рецептуры для поддержания вашего высокого качества жизни. neolife.su",,https://neolife.su/,,,https://baa-expo.ru/uchastniki_old_20,baa-expo-march-2026:018,"Институт биорегуляции и физиологии человека стенд № 10 Институт биорегуляции и физиологии человека (Неолайф) производит пищевые добавки на основе натуральных компонентов, используя передовые технологии вакуумного и кавитационного, низкотемпературного извлечения. Это сохраняет природную активность веществ и обеспечивает высокую биодоступность Мы новаторы в разработке и производстве таблетированных подъязычных экстрактов растений и концентратов гуминовых веществ. Премиальная продукция Неолайф не содержит консервантов, красителей и ароматизаторов. НЕОЛАЙФ постоянно совершенствует рецептуры для поддержания вашего высокого качества жизни. neolife.su",ok,,2026-07-11T20:29:22.043355+00:00,bad-expo-2026-official-baa-expo-signo-pipeline-v1.0.0,official_baa_expo_participants_march_2026
БАД-EXPO 2026,Вкусно и Полезно,Вкусно и Полезно,"витамины, сладости",,,,11-1,"Event Hall Даниловский, Москва",витамины; сладости,"Наша компания Вкусно и полезно! Пастила, мармелад, миндальные десерты и многое другое. Мы являемся производителями, и собираем воедино всё что не просто вкусно, но и полезно. Варенье из сосновых шишек это целая аптечка в одной банке. Пастила печётся около 7 дней при определенной температуре, при этом сохраняется все полезные вещества и витамины от яблока. Каждый продукт уникален.",,,,,https://baa-expo.ru/uchastniki_old_20,baa-expo-march-2026:019,"Вкусно и Полезно стенд № 11-1 Наша компания Вкусно и полезно! Пастила, мармелад, миндальные десерты и многое другое. Мы являемся производителями, и собираем воедино всё что не просто вкусно, но и полезно. Варенье из сосновых шишек это целая аптечка в одной банке. Пастила печётся около 7 дней при определенной температуре, при этом сохраняется все полезные вещества и витамины от яблока. Каждый продукт уникален.",ok,,2026-07-11T20:29:22.043355+00:00,bad-expo-2026-official-baa-expo-signo-pipeline-v1.0.0,official_baa_expo_participants_march_2026
БАД-EXPO 2026,New wave,New wave,"бады, напитки",,,,11-2,"Event Hall Даниловский, Москва",бады; напитки,"Здоровье Вкусно! Продукция New Wave это инновации и технологии, работающие формулы, натуральные компоненты Продукция New Wave - это инновации и технологии, работающие формулы и натуральные компоненты. С Новой Волной здоровье становится вкусным и стильным! Наша продукция - это возможность получать удовольствие от своевременной профилактики здоровья и повышения энергии. Благодаря высоким технологиям на наших производствах по всему миру мы сделали здоровье вкусным и стильным для каждого. НАША ПРОДУКЦИЯ С 2022 года мы активно разрабатываем и выпускаем собственные инновационные продукты, включая функциональные напитки, БАДы, средства для ухода за кожей и системы фильтрации воды. Наши разработки основаны на многолетнем опыте и последних научных достижениях",,,,,https://baa-expo.ru/uchastniki_old_20,baa-expo-march-2026:020,"New wave стенд № 11-2 Здоровье Вкусно! Продукция New Wave это инновации и технологии, работающие формулы, натуральные компоненты Продукция New Wave - это инновации и технологии, работающие формулы и натуральные компоненты. С Новой Волной здоровье становится вкусным и стильным! Наша продукция - это возможность получать удовольствие от своевременной профилактики здоровья и повышения энергии. Благодаря высоким технологиям на наших производствах по всему миру мы сделали здоровье вкусным и стильным для каждого. НАША ПРОДУКЦИЯ С 2022 года мы активно разрабатываем и выпускаем собственные инновационные продукты, включая функциональные напитки, БАДы, средства для ухода за кожей и системы фильтрации воды. Наши разработки основаны на многолетнем опыте и последних научных достижениях",ok,,2026-07-11T20:29:22.043355+00:00,bad-expo-2026-official-baa-expo-signo-pipeline-v1.0.0,official_baa_expo_participants_march_2026
БАД-EXPO 2026,Сахаджа йога,Сахаджа йога,,,,,11-4,"Event Hall Даниловский, Москва",,"АНО «Истинные знания» представляет Сахаджа йогу – уникальный и, в то же время, простой и доступный метод медитации. Он основан на древних знаниях об энергии Кундалини, дремлющей в каждом человеке. Уже на первом занятии каждый желающий сможет: пробудить свою спящую энергию; диагностировать состояние тонкого тела; провести самокоррекцию энергетических центров; получить опыт медитации и рекомендации по простым домашним техникам очищения тонкого тела для поддержания гармонии. Основы методики разработаны Нирмалой Шривастава, доктором медицины и философии. Методика «Сахаджа Йога» внесена в официальный каталог-справочник Минздрава РФ «Диагностические и оздоровительные технологии восстановительной медицины» (М:, 2003, том 1, стр. 271), где представлена как комплексная система теории и практики, направленная на улучшение физиологического и эмоционального состояния человека. Опыт пробуждения внутр",,http://www.sahajayoga.ru/,,,https://baa-expo.ru/uchastniki_old_20,baa-expo-march-2026:021,"Сахаджа йога стенд № 11-4 АНО «Истинные знания» представляет Сахаджа йогу – уникальный и, в то же время, простой и доступный метод медитации. Он основан на древних знаниях об энергии Кундалини, дремлющей в каждом человеке. Уже на первом занятии каждый желающий сможет: пробудить свою спящую энергию; диагностировать состояние тонкого тела; провести самокоррекцию энергетических центров; получить опыт медитации и рекомендации по простым домашним техникам очищения тонкого тела для поддержания гармонии. Основы методики разработаны Нирмалой Шривастава, доктором медицины и философии. Методика «Сахаджа Йога» внесена в официальный каталог-справочник Минздрава РФ «Диагностические и оздоровительные технологии восстановительной медицины» (М:, 2003, том 1, стр. 271), где представлена как комплексная система теории и практики, направленная на улучшение физиологического и эмоционального состояния человека. Опыт пробуждения внутренней энергии и дальнейшие практические занятия проводятся на бесплатной основе. sahajayoga.ru",ok,service_wellness_training,2026-07-11T20:29:22.043355+00:00,bad-expo-2026-official-baa-expo-signo-pipeline-v1.0.0,official_baa_expo_participants_march_2026
БАД-EXPO 2026,ENAGIC,Enagic,оздоровительная продукция,,,,11-5,"Event Hall Даниловский, Москва",оздоровительная продукция,"Enagic – пионер в создании непрерывных генерирующих систем воды Kangen®, постоянно внедряющий новейшие технологии для создания важнейшего природного ресурса – живой воды. С 1974 года Enagic специализируется на бытовых щелочных технологиях ионизации. Наша миссия заключается в передаче истинного здоровья всему миру благодаря нашей уникальной продукции, получившей медали золотого стандарта. Вода Kangen® – это вкусная вода, созданная по инновационной технологии компании Enagic. Продукция не только фильтрует вашу водопроводную воду, но и производит ионизированную щелочную, а также кислую воду путем электролиза. Типы воды, которые можно произвести с помощью нашей продукции, могут быть использованы для различных целей: употребление в качестве питьевой воды, использование во время уборки, во время приготовления еды. denproaqua",,,,,https://baa-expo.ru/uchastniki_old_20,baa-expo-march-2026:022,"ENAGIC стенд № 11-5 Enagic – пионер в создании непрерывных генерирующих систем воды Kangen®, постоянно внедряющий новейшие технологии для создания важнейшего природного ресурса – живой воды. С 1974 года Enagic специализируется на бытовых щелочных технологиях ионизации. Наша миссия заключается в передаче истинного здоровья всему миру благодаря нашей уникальной продукции, получившей медали золотого стандарта. Вода Kangen® – это вкусная вода, созданная по инновационной технологии компании Enagic. Продукция не только фильтрует вашу водопроводную воду, но и производит ионизированную щелочную, а также кислую воду путем электролиза. Типы воды, которые можно произвести с помощью нашей продукции, могут быть использованы для различных целей: употребление в качестве питьевой воды, использование во время уборки, во время приготовления еды. denproaqua",ok,equipment_or_appliance_only,2026-07-11T20:29:22.043355+00:00,bad-expo-2026-official-baa-expo-signo-pipeline-v1.0.0,official_baa_expo_participants_march_2026
БАД-EXPO 2026,Дотерра,Дотерра,эфирные масла,,,,11-8,"Event Hall Даниловский, Москва",эфирные масла,Doterra производитель эфирных масел терапевтического класса по всему миру. doterra.com,,http://doterra.com/,,,https://baa-expo.ru/uchastniki_old_20,baa-expo-march-2026:023,Дотерра стенд № 11-8 Doterra производитель эфирных масел терапевтического класса по всему миру. doterra.com,ok,,2026-07-11T20:29:22.043355+00:00,bad-expo-2026-official-baa-expo-signo-pipeline-v1.0.0,official_baa_expo_participants_march_2026
БАД-EXPO 2026,ООО «НАТУРОПАТИКА СИБ»,Натуропатика Сиб,функциональное питание,,,,12,"Event Hall Даниловский, Москва",функциональное питание,"«НАТУРОПАТИКА СИБ» специализируется на продвижении функционального питания нового поколения. Открытию компании предшествовало 19 лет научных изысканий ученых новосибирского Академгородка. Благодаря совместным научным знаниям были созданы супрамолекулярные комплексы. Они способны эффективно насыщать организм человека необходимыми веществами, обеспечивать выраженный терапевтический и оздоровительный эффекты. Продукция отличается свойствами повышенной растворимости. Это увеличивает биодоступность и снижает иммунотоксичность. Такому эффективному свойству продукта обязаны новейшей технологии микронизации и подбору уникальных составов из растений-дикоросов Сибири. Наши преимущества: высокая биологическая доступность за счет использования «переносчиков» и технологии микронизации; сохраняем нестабильные вещества, делаем стойкими к разрушению; минимум побочных эффектов и высокая совместимость с б",,https://www.naturopatika.ru/,,,https://baa-expo.ru/uchastniki_old_20,baa-expo-march-2026:024,"ООО «НАТУРОПАТИКА СИБ» стенд № 12 «НАТУРОПАТИКА СИБ» специализируется на продвижении функционального питания нового поколения. Открытию компании предшествовало 19 лет научных изысканий ученых новосибирского Академгородка. Благодаря совместным научным знаниям были созданы супрамолекулярные комплексы. Они способны эффективно насыщать организм человека необходимыми веществами, обеспечивать выраженный терапевтический и оздоровительный эффекты. Продукция отличается свойствами повышенной растворимости. Это увеличивает биодоступность и снижает иммунотоксичность. Такому эффективному свойству продукта обязаны новейшей технологии микронизации и подбору уникальных составов из растений-дикоросов Сибири. Наши преимущества: высокая биологическая доступность за счет использования «переносчиков» и технологии микронизации; сохраняем нестабильные вещества, делаем стойкими к разрушению; минимум побочных эффектов и высокая совместимость с большинством лекарственных препаратов; разработаны восстанавливающие программы. naturopatika.ru",ok,,2026-07-11T20:29:22.043355+00:00,bad-expo-2026-official-baa-expo-signo-pipeline-v1.0.0,official_baa_expo_participants_march_2026
БАД-EXPO 2026,Provitera,Provitera,"бады, косметика",,,,12-1,"Event Hall Даниловский, Москва",бады; косметика,"PROVITERA – это продукция на основе наночастиц серебра, создающая прозрачную систему заботы о здоровье. Наш бренд основан в 2019 году на базе уникальной разработки кандидата химических наук Михаила Провоторова (РХТУ им. Д.И. Менделеева) и предлагает научно обоснованные решения для антимикробной защиты, иммунной поддержки и здоровья кожи. Помимо собственной линейки, мы производим продукцию для партнеров с СТМ и поставляем сырье для косметики и БАДов. Наши разработки прошли множественную сертификацию и заслужили доверие потребителей. Мы непрерывно продолжаем работу в сфере передовых научных исследований с участием наших продуктов, и постоянно совершенствуемся, делая здоровье понятным и доступным для всех. www.provitera.ru",,http://www.provitera.ru/,,,https://baa-expo.ru/uchastniki_old_20,baa-expo-march-2026:025,"Provitera стенд № 12-1 PROVITERA – это продукция на основе наночастиц серебра, создающая прозрачную систему заботы о здоровье. Наш бренд основан в 2019 году на базе уникальной разработки кандидата химических наук Михаила Провоторова (РХТУ им. Д.И. Менделеева) и предлагает научно обоснованные решения для антимикробной защиты, иммунной поддержки и здоровья кожи. Помимо собственной линейки, мы производим продукцию для партнеров с СТМ и поставляем сырье для косметики и БАДов. Наши разработки прошли множественную сертификацию и заслужили доверие потребителей. Мы непрерывно продолжаем работу в сфере передовых научных исследований с участием наших продуктов, и постоянно совершенствуемся, делая здоровье понятным и доступным для всех. www.provitera.ru",ok,,2026-07-11T20:29:22.043355+00:00,bad-expo-2026-official-baa-expo-signo-pipeline-v1.0.0,official_baa_expo_participants_march_2026
БАД-EXPO 2026,НПК Биосинергия,Биосинергия,"пробиотики, бады",,,,12-2,"Event Hall Даниловский, Москва",пробиотики; бады,"Биосинергия Контрактное производство — это готовый бизнес-проект без необходимости инвестирования в производство. Поможем воплотить вашу идею в высокомаржинальный бизнес. Подготовим документацию для регистрации продукции Разработаем рецептуру Произведем товар в любых объемах Отгрузим готовый продукт Фулфилмент Производитель БАДов, пробиотиков, заквасок, диетических конфет 15 лет на рынке - производство на современном оборудовании всех стандартов (НАССР, ISO 22000) Наши партнеры: В данный момент в портфеле компании тысячи наименований продукции, выпускаемой под различными брендами для партнеров, в числе которых лидеры мнений, врачи, блогеры, сети. Dr.Zubareva, Coral club, Подружки, Арго, Родники Здоровья, Bombbar, Dr Gubareva, Moloday, Bioboro, Сима-Ленд и многие другие. biosynergy.ru",,http://www.biosynergy.ru,,,https://baa-expo.ru/uchastniki_old_20,baa-expo-march-2026:026,"НПК Биосинергия стенд № 12-2 Биосинергия Контрактное производство — это готовый бизнес-проект без необходимости инвестирования в производство. Поможем воплотить вашу идею в высокомаржинальный бизнес. Подготовим документацию для регистрации продукции Разработаем рецептуру Произведем товар в любых объемах Отгрузим готовый продукт Фулфилмент Производитель БАДов, пробиотиков, заквасок, диетических конфет 15 лет на рынке - производство на современном оборудовании всех стандартов (НАССР, ISO 22000) Наши партнеры: В данный момент в портфеле компании тысячи наименований продукции, выпускаемой под различными брендами для партнеров, в числе которых лидеры мнений, врачи, блогеры, сети. Dr.Zubareva, Coral club, Подружки, Арго, Родники Здоровья, Bombbar, Dr Gubareva, Moloday, Bioboro, Сима-Ленд и многие другие. biosynergy.ru",ok,,2026-07-11T20:29:22.043355+00:00,bad-expo-2026-official-baa-expo-signo-pipeline-v1.0.0,official_baa_expo_participants_march_2026
БАД-EXPO 2026,Компонент-Лактис,Компонент-Лактис,пробиотики,,,,12-3,"Event Hall Даниловский, Москва",пробиотики,"ООО «Компонент-Лактис» – ведущий разработчик и производитель высококачественных пробиотиков, использующий передовые биотехнологии. Представляем вашему вниманию эксклюзивную линейку биотехнологической продукции, разработанную для здоровья и иммунитета человека. Мы приглашаем вас к сотрудничеству на взаимовыгодных условиях. 10 «ЗА» почему вам выгодно сотрудничать с ООО «Компонент-Лактис» Широкая ассортиментная линейка пробиотических препаратов Полный цикл производства Собственные технологии, мощная производственная база Эксклюзивная методика подбора штаммов, их биосовместимость и высокие концентрации пробиотических микроорганизмов 100% гарантия качества Оптимальное соотношение цены и качества Работа под СТМ Создание совместных препаратов и внедрение их в производство Работаем на отечественном сырье, что гарантирует устойчивые цены на продукцию На предприятии внедрен международный стандарт",,http://www.provita-lactis.ru,,,https://baa-expo.ru/uchastniki_old_20,baa-expo-march-2026:027,"Компонент-Лактис стенд № 12-3 ООО «Компонент-Лактис» – ведущий разработчик и производитель высококачественных пробиотиков, использующий передовые биотехнологии. Представляем вашему вниманию эксклюзивную линейку биотехнологической продукции, разработанную для здоровья и иммунитета человека. Мы приглашаем вас к сотрудничеству на взаимовыгодных условиях. 10 «ЗА» почему вам выгодно сотрудничать с ООО «Компонент-Лактис» Широкая ассортиментная линейка пробиотических препаратов Полный цикл производства Собственные технологии, мощная производственная база Эксклюзивная методика подбора штаммов, их биосовместимость и высокие концентрации пробиотических микроорганизмов 100% гарантия качества Оптимальное соотношение цены и качества Работа под СТМ Создание совместных препаратов и внедрение их в производство Работаем на отечественном сырье, что гарантирует устойчивые цены на продукцию На предприятии внедрен международный стандарт ХАССП Выбирая нас, как партнеров, вы выбираете профессионалов! provita-lactis.ru",ok,,2026-07-11T20:29:22.043355+00:00,bad-expo-2026-official-baa-expo-signo-pipeline-v1.0.0,official_baa_expo_participants_march_2026
БАД-EXPO 2026,ООО «Вистерра»,Вистерра,растительные экстракты,,,,14-1,"Event Hall Даниловский, Москва",растительные экстракты,"Вистерра (Vis terra) по латыни – сила земли. Предприятие занимается глубокой переработкой разных видов природного сырья с производством густых и сухих экстрактов и оздоровительной продукции на их основе – продукции, которая оказывает полезное физиологическое воздействие на организм человека, способствует нормализации функционирования органов и систем (желудочно-кишечной, сердечно-сосудистой, гепатобилиарной и других). Вистерра является наиболее продвинутой в России организацией в разработке и реализации инновационных технологий переработки разных видов природного сырья. Предприятие первым в России организовало переработку сырья на месте его заготовки и выращивания. Является единственным в России, осуществляющим переработку свежего растительного сырья с изготовлением готовой продукции. Значительная часть сырья выращивается на собственных плантациях. visterra.ru",,https://visterra.ru/ru/,,,https://baa-expo.ru/uchastniki_old_20,baa-expo-march-2026:028,"ООО «Вистерра» Стенд № 14-1 Вистерра (Vis terra) по латыни – сила земли. Предприятие занимается глубокой переработкой разных видов природного сырья с производством густых и сухих экстрактов и оздоровительной продукции на их основе – продукции, которая оказывает полезное физиологическое воздействие на организм человека, способствует нормализации функционирования органов и систем (желудочно-кишечной, сердечно-сосудистой, гепатобилиарной и других). Вистерра является наиболее продвинутой в России организацией в разработке и реализации инновационных технологий переработки разных видов природного сырья. Предприятие первым в России организовало переработку сырья на месте его заготовки и выращивания. Является единственным в России, осуществляющим переработку свежего растительного сырья с изготовлением готовой продукции. Значительная часть сырья выращивается на собственных плантациях. visterra.ru",ok,,2026-07-11T20:29:22.043355+00:00,bad-expo-2026-official-baa-expo-signo-pipeline-v1.0.0,official_baa_expo_participants_march_2026
БАД-EXPO 2026,Эко-шоколад,Эко-шоколад,"витамины, шоколад",,,,14-2,"Event Hall Даниловский, Москва",витамины; шоколад,"Натуральный горький шоколад: разрешено есть в небольших количествах даже во время диет; снижает риск возникновения сердечно-сосудистых заболеваний; повышает умственную активность, вашу работоспособность и выносливость; насыщает организм антиоксидантами; питает кожу благодаря высокому содержанию витамина Е; улучшает настроение, является природным антидепрессантом. +7 977 546 82 85",,,,+7 977 546 82 85,https://baa-expo.ru/uchastniki_old_20,baa-expo-march-2026:029,"Эко-шоколад стенд № 14-2 Натуральный горький шоколад: разрешено есть в небольших количествах даже во время диет; снижает риск возникновения сердечно-сосудистых заболеваний; повышает умственную активность, вашу работоспособность и выносливость; насыщает организм антиоксидантами; питает кожу благодаря высокому содержанию витамина Е; улучшает настроение, является природным антидепрессантом. +7 977 546 82 85",ok,,2026-07-11T20:29:22.043355+00:00,bad-expo-2026-official-baa-expo-signo-pipeline-v1.0.0,official_baa_expo_participants_march_2026
БАД-EXPO 2026,НОРДБИОМ L3,Нордбиом L3,"пробиотики, грибные продукты",,,,20-2,"Event Hall Даниловский, Москва",пробиотики; грибные продукты,"Мы стоим на пороге новой эры в здравоохранении и микробной терапии, предлагая инновационные решения, направленные на восстановление и поддержание здоровья человека. Наш уникальный пробиотик нового поколения — НОРДБИОМ L3 – воплощает передовые достижения микробиологии, объединяя в себе мощное воздействие на микробиоту и иммунную систему. Благодаря штамму Enterococcus faecium L3, продукт обладает великолепными иммуномодулирующими, антибактериальными, противогрибковыми и противовирусными свойствами, способствуя коррекции дисбиотических состояний, подавлению патогенов, устранению воспалений, восстановлению слизистых оболочек и улучшению пищеварения и обмена веществ. Мы стремимся быть надежным партнером для медицинских центров и специалистов и приглашаем вас присоединиться к нашей партнерской программе для совместного внедрения эффективных и комплексных решений в практику. Вместе мы можем обе",,https://mbb.market/,,,https://baa-expo.ru/uchastniki_old_20,baa-expo-march-2026:030,"НОРДБИОМ L3 стенд № 20-2 Мы стоим на пороге новой эры в здравоохранении и микробной терапии, предлагая инновационные решения, направленные на восстановление и поддержание здоровья человека. Наш уникальный пробиотик нового поколения — НОРДБИОМ L3 – воплощает передовые достижения микробиологии, объединяя в себе мощное воздействие на микробиоту и иммунную систему. Благодаря штамму Enterococcus faecium L3, продукт обладает великолепными иммуномодулирующими, антибактериальными, противогрибковыми и противовирусными свойствами, способствуя коррекции дисбиотических состояний, подавлению патогенов, устранению воспалений, восстановлению слизистых оболочек и улучшению пищеварения и обмена веществ. Мы стремимся быть надежным партнером для медицинских центров и специалистов и приглашаем вас присоединиться к нашей партнерской программе для совместного внедрения эффективных и комплексных решений в практику. Вместе мы можем обеспечить качественный новый уровень заботы о здоровье и благополучии ваших пациентов. mbb.market",ok,,2026-07-11T20:29:22.043355+00:00,bad-expo-2026-official-baa-expo-signo-pipeline-v1.0.0,official_baa_expo_participants_march_2026
БАД-EXPO 2026,Green Proteins,Green Proteins,"витамины, протеины, здоровое питание",,,,20-3,"Event Hall Даниловский, Москва",витамины; протеины; здоровое питание,"Green Proteins – это натуральные растительные протеины самого высокого качества для здорового питания и благополучия. Большой ассортимент протеинов собственного производства без термической обработки: подсолнечный, конопляный, тыквенный, кедровый, комплексный и «Четыре Ядра» – на любой вкус и цвет. Максимально натуральный состав не содержит ароматизаторов, сахара, консервантов, красителей и других искусственных добавок. Без глютена, сои и лактозы. Только природная концентрация растительного белка, витаминов и минералов для здорового образа жизни и полезного питания. Мы заботимся о том, чтобы наша продукция была натуральной, экологически чистой и соответствовала потребностям вегетарианцев, веганов и всех, кто заботится о своем здоровье и окружающей среде. Растительные протеины имеют свой цвет. Присоединяйтесь, переходите на зелёный! Здесь вы найдете идеальное решение для вашего здоровья и",,https://www.greenproteins.ru/,,,https://baa-expo.ru/uchastniki_old_20,baa-expo-march-2026:031,"Green Proteins стенд № 20-3 Green Proteins – это натуральные растительные протеины самого высокого качества для здорового питания и благополучия. Большой ассортимент протеинов собственного производства без термической обработки: подсолнечный, конопляный, тыквенный, кедровый, комплексный и «Четыре Ядра» – на любой вкус и цвет. Максимально натуральный состав не содержит ароматизаторов, сахара, консервантов, красителей и других искусственных добавок. Без глютена, сои и лактозы. Только природная концентрация растительного белка, витаминов и минералов для здорового образа жизни и полезного питания. Мы заботимся о том, чтобы наша продукция была натуральной, экологически чистой и соответствовала потребностям вегетарианцев, веганов и всех, кто заботится о своем здоровье и окружающей среде. Растительные протеины имеют свой цвет. Присоединяйтесь, переходите на зелёный! Здесь вы найдете идеальное решение для вашего здоровья и активного образа жизни. Заботьтесь о себе, выбирайте Green Proteins! greenproteins.ru",ok,,2026-07-11T20:29:22.043355+00:00,bad-expo-2026-official-baa-expo-signo-pipeline-v1.0.0,official_baa_expo_participants_march_2026
БАД-EXPO 2026,ООО НПФ «БиоТон»,БиоТон,"растительные экстракты, энтеросорбенты",,,,20-4,"Event Hall Даниловский, Москва",растительные экстракты; энтеросорбенты,"Научно-производственная фирма «БиоТон» – российская фармацевтическая компания – основана в 1992 году. Основной специализацией фирмы являются производство и реализация высокоэффективных энтеросорбентов в таблетках на основе лигнина гидролизного (продукта переработки целлюлозы) Энтегнин® и Энтегнин-Н®. Препараты из лигнина являются универсальным детоксикационным средством и применяются при различных интоксикациях организма: первой помощи при пищевых отравлениях, кишечных инфекциях; для быстрого устранения симптомов пищевой и лекарственной аллергии; для снижения уровня холестерина при атеросклерозе; для профилактики интоксикаций у работников вредных производств. За свою 30-летнюю деятельность специалистами фирмы были проведены исследования по разработке новой, более удобной и перспективной формы энтеросорбентов на основе лигнина в таблетках, так как раньше лигнин выпускался только в виде по",,https://www.bioton.ru/,,,https://baa-expo.ru/uchastniki_old_20,baa-expo-march-2026:032,"ООО НПФ «БиоТон» стенд № 20-4 Научно-производственная фирма «БиоТон» – российская фармацевтическая компания – основана в 1992 году. Основной специализацией фирмы являются производство и реализация высокоэффективных энтеросорбентов в таблетках на основе лигнина гидролизного (продукта переработки целлюлозы) Энтегнин® и Энтегнин-Н®. Препараты из лигнина являются универсальным детоксикационным средством и применяются при различных интоксикациях организма: первой помощи при пищевых отравлениях, кишечных инфекциях; для быстрого устранения симптомов пищевой и лекарственной аллергии; для снижения уровня холестерина при атеросклерозе; для профилактики интоксикаций у работников вредных производств. За свою 30-летнюю деятельность специалистами фирмы были проведены исследования по разработке новой, более удобной и перспективной формы энтеросорбентов на основе лигнина в таблетках, так как раньше лигнин выпускался только в виде порошка, поэтому его было неудобно дозировать и принимать. bioton.ru entegnin.ru",ok,,2026-07-11T20:29:22.043355+00:00,bad-expo-2026-official-baa-expo-signo-pipeline-v1.0.0,official_baa_expo_participants_march_2026
БАД-EXPO 2026,ИП Босенюк Т.И.,Босенюк Т.И.,"пробиотики, витамины, бады, функциональное питание, косметика",,,,20-6,"Event Hall Даниловский, Москва",пробиотики; витамины; бады; функциональное питание; косметика,"Представляем вам продукцию корпорации Kolmar (Южная Корея) и корейского Научно-исследовательского института атомной энергии. Kolmar (создана 101 год назад) известна как производитель косметики для известных брендов Chanel, Lancome, Butterfly, MakeUp, Clinique, Shiseido и др. Используя всю мощь своих научных разработок, выпускает эффективные БАД. Мировой бестселлер – ХЕМОХИМ. Вкусное функциональное питание, пробуждающее уставшие иммунные клетки. Paзработан в рамках национального проекта для поддержания, восстановления функций организма. Пробиотики – 12 видов лактобактерий и 3 вида бифидумбактерий, подходящих для любого возраста. КРАСНЫЙ ЖЕНЬШЕНЬ с высоким содержанием действующего вещества. A также Омега-3, Спирулина, Лютеин, Витамин С, Чай пуэр и др. Космецевтика, натуральные гигиенические и уходовые средства, продукты питания. Наша продукция предвосхищает ожидания клиентов. Телефон 8 (91",,,,8 (916) 167 20 99,https://baa-expo.ru/uchastniki_old_20,baa-expo-march-2026:033,"ИП Босенюк Т.И. стенд № 20-6 Представляем вам продукцию корпорации Kolmar (Южная Корея) и корейского Научно-исследовательского института атомной энергии. Kolmar (создана 101 год назад) известна как производитель косметики для известных брендов Chanel, Lancome, Butterfly, MakeUp, Clinique, Shiseido и др. Используя всю мощь своих научных разработок, выпускает эффективные БАД. Мировой бестселлер – ХЕМОХИМ. Вкусное функциональное питание, пробуждающее уставшие иммунные клетки. Paзработан в рамках национального проекта для поддержания, восстановления функций организма. Пробиотики – 12 видов лактобактерий и 3 вида бифидумбактерий, подходящих для любого возраста. КРАСНЫЙ ЖЕНЬШЕНЬ с высоким содержанием действующего вещества. A также Омега-3, Спирулина, Лютеин, Витамин С, Чай пуэр и др. Космецевтика, натуральные гигиенические и уходовые средства, продукты питания. Наша продукция предвосхищает ожидания клиентов. Телефон 8 (916) 167 20 99 Телеграм",ok,,2026-07-11T20:29:22.043355+00:00,bad-expo-2026-official-baa-expo-signo-pipeline-v1.0.0,official_baa_expo_participants_march_2026
БАД-EXPO 2026,PETITTE THE BEAUTY,Petitte The Beauty,косметика,,,,20-7,"Event Hall Даниловский, Москва",косметика,"Petitte – молодая компания, созданная женщиной и для женщин. В ассортименте – инструмент для маникюра и педикюра (кусачки, ножницы, пинцеты, пилочки), расчески, уходовые и лечебные средства для рук и ног. Официальный дистрибьютор косметики для лица и тела Boutique De Savon. Флагманские продукты: уникальный набор для сухого маникюра Manicure me, который позволяет делать пилочный маникюр в домашних условиях. Это экологичный, быстрый и доступный метод ухода за собой. Легко поддерживать ногти в их идеальном состоянии «на бегу», брать в путешествия и командировки; терочки для сухого педикюра Pedicure me полностью заменяют smart-педикюр в домашних условиях. Удаление и обработка даже самых тяжелых стоп с трещинами и мозолями доставляет комфорт и удовольствие.",,,,,https://baa-expo.ru/uchastniki_old_20,baa-expo-march-2026:034,"PETITTE THE BEAUTY стенд № 20-7 Petitte – молодая компания, созданная женщиной и для женщин. В ассортименте – инструмент для маникюра и педикюра (кусачки, ножницы, пинцеты, пилочки), расчески, уходовые и лечебные средства для рук и ног. Официальный дистрибьютор косметики для лица и тела Boutique De Savon. Флагманские продукты: уникальный набор для сухого маникюра Manicure me, который позволяет делать пилочный маникюр в домашних условиях. Это экологичный, быстрый и доступный метод ухода за собой. Легко поддерживать ногти в их идеальном состоянии «на бегу», брать в путешествия и командировки; терочки для сухого педикюра Pedicure me полностью заменяют smart-педикюр в домашних условиях. Удаление и обработка даже самых тяжелых стоп с трещинами и мозолями доставляет комфорт и удовольствие.",ok,tools_accessories_primary,2026-07-11T20:29:22.043355+00:00,bad-expo-2026-official-baa-expo-signo-pipeline-v1.0.0,official_baa_expo_participants_march_2026
БАД-EXPO 2026,Ceylonica,Ceylonica,"бады, косметика, масла",,,,20-8,"Event Hall Даниловский, Москва",бады; косметика; масла,"CEYLONICA - научное общество, предлагает уникальные биологически активные масла из семян граната, малины, смородины, сладкого абрикоса и других растений, обладающих редкими ПНЖК, характерных только для этих растений. Наши флагманские продукты: Масло семян граната — источник пуниковой кислоты и Омега-5. Эта универсальная природная молекула поддерживает активное долголетие, устраняет негативные возрастные изменения и укрепляет здоровье периферических капилляров. Масло семян смородины — незаменимо для здоровья эндотелия, кровеносных сосудов и легких. Масло семян малины — мощный иммуномодулятор, защищает нервные ткани от вируса герпеса. Масло семян сладкого абрикоса — питает и увлажняет кожу, улучшая её состояние, природный амигдалин и В17. Это не просто масла - это настоящие природные эликсиры! Также, CEYLONICA представляет эксклюзивную линейку кремов, сывороток и шампунь на основе натураль",,https://ceylonica.club/,,,https://baa-expo.ru/uchastniki_old_20,baa-expo-march-2026:035,"Ceylonica стенд № 20-8 CEYLONICA - научное общество, предлагает уникальные биологически активные масла из семян граната, малины, смородины, сладкого абрикоса и других растений, обладающих редкими ПНЖК, характерных только для этих растений. Наши флагманские продукты: Масло семян граната — источник пуниковой кислоты и Омега-5. Эта универсальная природная молекула поддерживает активное долголетие, устраняет негативные возрастные изменения и укрепляет здоровье периферических капилляров. Масло семян смородины — незаменимо для здоровья эндотелия, кровеносных сосудов и легких. Масло семян малины — мощный иммуномодулятор, защищает нервные ткани от вируса герпеса. Масло семян сладкого абрикоса — питает и увлажняет кожу, улучшая её состояние, природный амигдалин и В17. Это не просто масла - это настоящие природные эликсиры! Также, CEYLONICA представляет эксклюзивную линейку кремов, сывороток и шампунь на основе натуральных ингредиентов и редких масел для сияющей красоты и здоровья вашей кожи и волос. ceylonica.club",ok,,2026-07-11T20:29:22.043355+00:00,bad-expo-2026-official-baa-expo-signo-pipeline-v1.0.0,official_baa_expo_participants_march_2026
БАД-EXPO 2026,Kult,Kult,"масла, шоколад, грибные продукты",,,,20-9,"Event Hall Даниловский, Москва",масла; шоколад; грибные продукты,"KULT – мастерская шоколада. Производим шоколад по технологии bean-to-bar. Используем только качественные ингредиенты: какао-бобы ароматических сортов, масло какао, тростниковый сахар, цельное сухое молоко, сублимированные фрукты и ягоды, специи, грибы. Польза и сила природы в каждой дольке! Телеграм",,,,,https://baa-expo.ru/uchastniki_old_20,baa-expo-march-2026:036,"Kult стенд № 20-9 KULT – мастерская шоколада. Производим шоколад по технологии bean-to-bar. Используем только качественные ингредиенты: какао-бобы ароматических сортов, масло какао, тростниковый сахар, цельное сухое молоко, сублимированные фрукты и ягоды, специи, грибы. Польза и сила природы в каждой дольке! Телеграм",ok,,2026-07-11T20:29:22.043355+00:00,bad-expo-2026-official-baa-expo-signo-pipeline-v1.0.0,official_baa_expo_participants_march_2026
БАД-EXPO 2026,MULТIPEPTIDES,Mulтipeptides,,,,,20-10,"Event Hall Даниловский, Москва",,"Компания MULTIPEPTIDES – это торговый и научно-образовательный представитель Института Регенеративной Биомедицины РАЕН и группы компаний vitOrgan (Германия, более 65 лет на рынке). Мы являемся эксклюзивным представителем в России немецкого научно-производственного концерна vitOrgan, занимающихся производством уникальных мультипептидных биорегуляторных оздоровительных средств, экстрагированных по запатентованному методу профессора К. Тойрера прямо из цитоплазмы клетки здоровых животных. Ведем торговую, научно-исследовательскую и образовательную работу по направлению пептидопрактики. Совместно с нашими немецкими партнерами выпустили уникальные формы средств специально для российского рынка, дающие возможность легкого доступа к эффективным и абсолютно безопасным мультипептидным оздоровительным комплексам как специалистам (врачам, нутрициологам и др.), так и обычным людям. Более 75 наименова",,http://multipeptides.ru,,,https://baa-expo.ru/uchastniki_old_20,baa-expo-march-2026:037,"MULТIPEPTIDES стенд № 20-10 Компания MULTIPEPTIDES – это торговый и научно-образовательный представитель Института Регенеративной Биомедицины РАЕН и группы компаний vitOrgan (Германия, более 65 лет на рынке). Мы являемся эксклюзивным представителем в России немецкого научно-производственного концерна vitOrgan, занимающихся производством уникальных мультипептидных биорегуляторных оздоровительных средств, экстрагированных по запатентованному методу профессора К. Тойрера прямо из цитоплазмы клетки здоровых животных. Ведем торговую, научно-исследовательскую и образовательную работу по направлению пептидопрактики. Совместно с нашими немецкими партнерами выпустили уникальные формы средств специально для российского рынка, дающие возможность легкого доступа к эффективным и абсолютно безопасным мультипептидным оздоровительным комплексам как специалистам (врачам, нутрициологам и др.), так и обычным людям. Более 75 наименований на все случаи жизни! multipeptides.ru",ok,insufficient_product_category_evidence,2026-07-11T20:29:22.043355+00:00,bad-expo-2026-official-baa-expo-signo-pipeline-v1.0.0,official_baa_expo_participants_march_2026
БАД-EXPO 2026,Каштан Жаровой,Каштан Жаровой,оздоровительная продукция,,,,23,"Event Hall Даниловский, Москва",оздоровительная продукция,"Каштан Жаровой – это авторская линейка венотоников, которую разработала, создала и внедрила в собственное производство в Москве кандидат фармацевтических наук Олеся Глебовна Жарова. Линейка сейчас представлена 3 формами выпуска: гель, капсулы, капли. Особенности линейки: Оптимальное качество исходного сырья и промежуточных соединений Обоснованное количественное и качественное содержание компонентов в составе конечной продукции (эсцин, рутин/троксерутин, аллантоин и другие) Условия хранения и технологический регламент производства, созданные на основе результатов научной работы Удобная дозировка применения, которая сокращает количество принимаемых средств для улучшения работы вен и сосудов и при этом дает высокий результат Продукты линейки применяются: Для улучшения текучести крови Для улучшения мозгового кровообращения Для устранения синяков Для устранения отеков и для профилактики образ",,https://kkzharova.ru/,,,https://baa-expo.ru/uchastniki_old_20,baa-expo-march-2026:038,"Каштан Жаровой стенд № 23 Каштан Жаровой – это авторская линейка венотоников, которую разработала, создала и внедрила в собственное производство в Москве кандидат фармацевтических наук Олеся Глебовна Жарова. Линейка сейчас представлена 3 формами выпуска: гель, капсулы, капли. Особенности линейки: Оптимальное качество исходного сырья и промежуточных соединений Обоснованное количественное и качественное содержание компонентов в составе конечной продукции (эсцин, рутин/троксерутин, аллантоин и другие) Условия хранения и технологический регламент производства, созданные на основе результатов научной работы Удобная дозировка применения, которая сокращает количество принимаемых средств для улучшения работы вен и сосудов и при этом дает высокий результат Продукты линейки применяются: Для улучшения текучести крови Для улучшения мозгового кровообращения Для устранения синяков Для устранения отеков и для профилактики образования новых Для коррекции нарушений при варикозном расширении вен, простатите, геморрое kkzharova.ru",ok,,2026-07-11T20:29:22.043355+00:00,bad-expo-2026-official-baa-expo-signo-pipeline-v1.0.0,official_baa_expo_participants_march_2026
БАД-EXPO 2026,YOUR OWN,Your Own,бады,,,,23,"Event Hall Даниловский, Москва",бады,"Комплексы Y.О., Умные. Оптимальные изначально созданы по заказу косметологов и пластических хирургов из любви к пациентам. Над биологически активными формулами трудилась команда врачей, биохимиков и фармацевтов. Эффективный состав и оптимальные дозировки упакованы в тубусы, которые чётко рассчитаны на 1 месяц приёма. Умные. Оптимальные БАДы имеют гос. регистрацию и находятся в системе «Честный знак». Линейка Y.O. применяется в составе комплексного оздоровления: Для улучшения и поддержания формы спортсменов От синдрома хронической усталости Для ослабления системных воспалений, которые встречаются почти у каждого При снижении веса Компенсации возрастных изменений. Умные. Оптимальные БАДы представлены 4 формулами: RE-LOAD, он же умный красный, - для мозга и печени RE-FRESH, он же умный зеленый, - от воспалений острых и хронических RE-BOOST, он же умный синий, - строительные кирпичики для тк",,https://yourown.beauty/,,,https://baa-expo.ru/uchastniki_old_20,baa-expo-march-2026:039,"YOUR OWN стенд № 23 Комплексы Y.О., Умные. Оптимальные изначально созданы по заказу косметологов и пластических хирургов из любви к пациентам. Над биологически активными формулами трудилась команда врачей, биохимиков и фармацевтов. Эффективный состав и оптимальные дозировки упакованы в тубусы, которые чётко рассчитаны на 1 месяц приёма. Умные. Оптимальные БАДы имеют гос. регистрацию и находятся в системе «Честный знак». Линейка Y.O. применяется в составе комплексного оздоровления: Для улучшения и поддержания формы спортсменов От синдрома хронической усталости Для ослабления системных воспалений, которые встречаются почти у каждого При снижении веса Компенсации возрастных изменений. Умные. Оптимальные БАДы представлены 4 формулами: RE-LOAD, он же умный красный, - для мозга и печени RE-FRESH, он же умный зеленый, - от воспалений острых и хронических RE-BOOST, он же умный синий, - строительные кирпичики для тканей и нервов RE-SHAPE, он же умный бежевый, - для энергии, настроения, похудения yourown.beauty",ok,,2026-07-11T20:29:22.043355+00:00,bad-expo-2026-official-baa-expo-signo-pipeline-v1.0.0,official_baa_expo_participants_march_2026
БАД-EXPO 2026,Вкус Благости,Вкус Благости,"масла, шоколад",,,,24-1,"Event Hall Даниловский, Москва",масла; шоколад,"Компания «Вкус Благости» с 2023 года производит масло ГХИ премиального качества, изготовленное по уникальной технологии из высококачественного натурального сливочного масла. Производство масла ГХИ происходит по стариной, аюрведической технологии путем топления масла на пароводяной бане в котлах более 50 часов при низких температурах за счет чего в конечном продукте не появляются канцерогенов и он является полностью безопасным для употребления. В ассортименте имеются много вкусов со специями и шоколадные. Все товары сертифицированы и соответствуют стандартам безопасности и качества. vkusblagosti",,http://vkusblagosti.ru/,,,https://baa-expo.ru/uchastniki_old_20,baa-expo-march-2026:040,"Вкус Благости стенд № 24-1 Компания «Вкус Благости» с 2023 года производит масло ГХИ премиального качества, изготовленное по уникальной технологии из высококачественного натурального сливочного масла. Производство масла ГХИ происходит по стариной, аюрведической технологии путем топления масла на пароводяной бане в котлах более 50 часов при низких температурах за счет чего в конечном продукте не появляются канцерогенов и он является полностью безопасным для употребления. В ассортименте имеются много вкусов со специями и шоколадные. Все товары сертифицированы и соответствуют стандартам безопасности и качества. vkusblagosti",ok,,2026-07-11T20:29:22.043355+00:00,bad-expo-2026-official-baa-expo-signo-pipeline-v1.0.0,official_baa_expo_participants_march_2026
БАД-EXPO 2026,Naveh Pharma,Naveh Pharma,,,,,24-2,"Event Hall Даниловский, Москва",,"Израильская фарма Naveh Pharma Ltd. создает препараты на основе натурального магния из Мёртвого моря. В 2004 году компания запатентовала формулу магния оксид моногидрат – Magnox – с 99% биодоступностью. Всего одна капсула в день покрывает суточную норму магния. Биодоступность Magnox обеспечивается его ионной формой, готовой к немедленному усвоению. В отличие от других форм, он не требует преобразований в организме и начинает действовать сразу. Преимущества: Натуральный источник: магний из воды Мёртвого моря. Уникальная формула «Magnox»: высокая скорость и эффективность усвоения. Веганские капсулы. Соответствие стандартам: ISO, GMP, CE, EAC и кошерный сертификат. navehpharma.ru",,https://navehpharma.ru/,,,https://baa-expo.ru/uchastniki_old_20,baa-expo-march-2026:041,"Naveh Pharma стенд № 24-2 Израильская фарма Naveh Pharma Ltd. создает препараты на основе натурального магния из Мёртвого моря. В 2004 году компания запатентовала формулу магния оксид моногидрат – Magnox – с 99% биодоступностью. Всего одна капсула в день покрывает суточную норму магния. Биодоступность Magnox обеспечивается его ионной формой, готовой к немедленному усвоению. В отличие от других форм, он не требует преобразований в организме и начинает действовать сразу. Преимущества: Натуральный источник: магний из воды Мёртвого моря. Уникальная формула «Magnox»: высокая скорость и эффективность усвоения. Веганские капсулы. Соответствие стандартам: ISO, GMP, CE, EAC и кошерный сертификат. navehpharma.ru",ok,insufficient_product_category_evidence,2026-07-11T20:29:22.043355+00:00,bad-expo-2026-official-baa-expo-signo-pipeline-v1.0.0,official_baa_expo_participants_march_2026
БАД-EXPO 2026,SUPPLEMENT.GROUP,Supplement.Group,"витамины, бады, здоровое питание, косметика, сладости",,,,25-1,"Event Hall Даниловский, Москва",витамины; бады; здоровое питание; косметика; сладости,"Компания SUPPLEMENT. GROUP специализируется на производстве витаминов и витаминно-минеральных комплексов, уходовой косметики, бытовой химии и продуктах здорового питания. В управлении компании 9 брендов с собственной траекторией развития: PROTEIN.COMPANY, SOFTGEL, POLZABOOM, VITAMIN.TRADE, GASTRO.FORMULA , PET’S ENERGY, LILOU, JUMP, Econity. Компания активно реализует проекты в Health Tech. Оказывает услуги по контрактному производству биодобавок. Специализируется на выпуске продуктов в различных формах: мягкие желатиновые капсулы, твердые желатиновые или растительные капсулы, таблетки, витаминизированный мармелад. Компанией создано более 200 рецептур продуктов, разрабатываются новые рецептуры по запросам заказчиков. Более 100 поставщиков, обеспечивают низкие цены и стабильность поставок сырья в РФ и за ее пределами. Вся продукция компании имеет сертификат государственной регистрации. su",,https://supplement.group/,,,https://baa-expo.ru/uchastniki_old_20,baa-expo-march-2026:042,"SUPPLEMENT.GROUP стенд № 25-1 Компания SUPPLEMENT. GROUP специализируется на производстве витаминов и витаминно-минеральных комплексов, уходовой косметики, бытовой химии и продуктах здорового питания. В управлении компании 9 брендов с собственной траекторией развития: PROTEIN.COMPANY, SOFTGEL, POLZABOOM, VITAMIN.TRADE, GASTRO.FORMULA , PET’S ENERGY, LILOU, JUMP, Econity. Компания активно реализует проекты в Health Tech. Оказывает услуги по контрактному производству биодобавок. Специализируется на выпуске продуктов в различных формах: мягкие желатиновые капсулы, твердые желатиновые или растительные капсулы, таблетки, витаминизированный мармелад. Компанией создано более 200 рецептур продуктов, разрабатываются новые рецептуры по запросам заказчиков. Более 100 поставщиков, обеспечивают низкие цены и стабильность поставок сырья в РФ и за ее пределами. Вся продукция компании имеет сертификат государственной регистрации. supplement.group",ok,,2026-07-11T20:29:22.043355+00:00,bad-expo-2026-official-baa-expo-signo-pipeline-v1.0.0,official_baa_expo_participants_march_2026
БАД-EXPO 2026,Союз,Союз,гомеопатические препараты,,,,25-2,"Event Hall Даниловский, Москва",гомеопатические препараты,"Гомеопатическая аптека представляет современные монопрепараты бренда БУАРОН, специально подобранные для сопровождения самых распространенных ситуаций со здоровьем. Они учитывают индивидуальные особенности пациентов в разных состояниях и могут сделать практику заботы о себе более эффективной и безопасной. А натуральный состав и высокое качество сырья обеспечивают необходимый эффект и естественную поддержку. clinical-homeopathy.ru",,https://clinical-homeopathy.ru,,,https://baa-expo.ru/uchastniki_old_20,baa-expo-march-2026:043,"Союз стенд № 25-2 Гомеопатическая аптека представляет современные монопрепараты бренда БУАРОН, специально подобранные для сопровождения самых распространенных ситуаций со здоровьем. Они учитывают индивидуальные особенности пациентов в разных состояниях и могут сделать практику заботы о себе более эффективной и безопасной. А натуральный состав и высокое качество сырья обеспечивают необходимый эффект и естественную поддержку. clinical-homeopathy.ru",ok,,2026-07-11T20:29:22.043355+00:00,bad-expo-2026-official-baa-expo-signo-pipeline-v1.0.0,official_baa_expo_participants_march_2026
БАД-EXPO 2026,Вита-Стандарт,Вита-Стандарт,витамины,,,,26-1,"Event Hall Даниловский, Москва",витамины,"ООО «Вита-Стандарт» – команда профессионалов с многолетним опытом производства витаминов и минеральных добавок для поддержания организма человека в условиях современной жизни. Специалисты нашей компании регулярно отслеживают качество выпускаемой продукции и отмечают, что применение продукции «Вита-Стандарт» приводит к положительным результатам и улучшению общего состояния наших клиентов. Все продукты «Вита-Стандарт» прошли необходимую сертификацию и контроль качества, а также соответствуют всем требованиям регламента таможенного союза ЕАЭС. Одним из главных преимуществ «Вита-Стандарт» является собственное производство на территории России (Санкт-Петербург), оборудованное всем необходимым для изготовления продукции, соответствующей требованиям и стандартам качества, применяемым к данной категории товаров. vitastandart.com",,https://vitastandart.com/opt,,,https://baa-expo.ru/uchastniki_old_20,baa-expo-march-2026:044,"Вита-Стандарт стенд № 26-1 ООО «Вита-Стандарт» – команда профессионалов с многолетним опытом производства витаминов и минеральных добавок для поддержания организма человека в условиях современной жизни. Специалисты нашей компании регулярно отслеживают качество выпускаемой продукции и отмечают, что применение продукции «Вита-Стандарт» приводит к положительным результатам и улучшению общего состояния наших клиентов. Все продукты «Вита-Стандарт» прошли необходимую сертификацию и контроль качества, а также соответствуют всем требованиям регламента таможенного союза ЕАЭС. Одним из главных преимуществ «Вита-Стандарт» является собственное производство на территории России (Санкт-Петербург), оборудованное всем необходимым для изготовления продукции, соответствующей требованиям и стандартам качества, применяемым к данной категории товаров. vitastandart.com",ok,,2026-07-11T20:29:22.043355+00:00,bad-expo-2026-official-baa-expo-signo-pipeline-v1.0.0,official_baa_expo_participants_march_2026
БАД-EXPO 2026,ОРГАНИК ЛОГОС,Органик Логос,растительные экстракты,,,,26-2,"Event Hall Даниловский, Москва",растительные экстракты,"ОРГАНИК ЛОГОС – инновационная биотехнологическая компания. Мы гордимся резидентством в центре Сколково, что подтверждает наш статус лидера в высоких технологиях. Активно сотрудничаем с ведущими медицинскими вузами России, включая Первый МГМУ им. И.М. Сеченова, объединяя академическую экспертизу с практическими инновациями. Наша широкая научная программа охватывает исследования в органической фармакологии, биоинженерии и превентивной медицине — от фундаментальных открытий до готовых продуктов. Фульвовая кислота: прорыв на клеточном уровне Фульвовая кислота — революционный элемент биохимии с уникальными целительными свойствами. Мы лидируем в производстве фульвовых кислот фармацевтического стандарта из растительного сырья. Запатентованная технология переработки трав обеспечивает чистые, биодоступные водные экстракты — доказанно эффективные и безопасные. Продукты компании ОРГАНИК ЛОГОС заряж",,https://organiclogos.ru/,,,https://baa-expo.ru/uchastniki_old_20,baa-expo-march-2026:045,"ОРГАНИК ЛОГОС стенд № 26-2 ОРГАНИК ЛОГОС – инновационная биотехнологическая компания. Мы гордимся резидентством в центре Сколково, что подтверждает наш статус лидера в высоких технологиях. Активно сотрудничаем с ведущими медицинскими вузами России, включая Первый МГМУ им. И.М. Сеченова, объединяя академическую экспертизу с практическими инновациями. Наша широкая научная программа охватывает исследования в органической фармакологии, биоинженерии и превентивной медицине — от фундаментальных открытий до готовых продуктов. Фульвовая кислота: прорыв на клеточном уровне Фульвовая кислота — революционный элемент биохимии с уникальными целительными свойствами. Мы лидируем в производстве фульвовых кислот фармацевтического стандарта из растительного сырья. Запатентованная технология переработки трав обеспечивает чистые, биодоступные водные экстракты — доказанно эффективные и безопасные. Продукты компании ОРГАНИК ЛОГОС заряжают клетки энергией, продлевая здоровую жизнь и долголетие. organiclogos.ru",ok,,2026-07-11T20:29:22.043355+00:00,bad-expo-2026-official-baa-expo-signo-pipeline-v1.0.0,official_baa_expo_participants_march_2026
БАД-EXPO 2026,Метафарм,Метафарм,"бады, функциональное питание",,,,26-3,"Event Hall Даниловский, Москва",бады; функциональное питание,"«Метафарм» – надежный партнер в мире контрактного производства БАД, спортивного и функционального питания для животных. Мы обеспечиваем полный цикл – от аналитики рынка и разработки рецептур до капсулирования (в твёрдые и мягкие желатиновые капсулы) и вывода продукта на маркетплейсы. Наши производственные мощности соответствуют международным стандартам, а команда включает профессиональных технологов, маркетологов, регуляторных специалистов и аналитиков. Миссия «Метафарм» – создавать эффективные и безопасные продукты, которые соответствуют индивидуальным задачам наших клиентов и требованиям рынка. Используем собственное сырье (добыча в РФ), предоставляем готовые СГР и ДС. Минимальный тираж от 300 штук делает возможным сотрудничество как с крупными фармацевтическими компаниями, так и с индивидуальными предпринимателями – для тестирования новых формул или расширения ассортимента. Будем рады",,https://metapharmcorp.com/,,,https://baa-expo.ru/uchastniki_old_20,baa-expo-march-2026:046,"Метафарм стенд № 26-3 «Метафарм» – надежный партнер в мире контрактного производства БАД, спортивного и функционального питания для животных. Мы обеспечиваем полный цикл – от аналитики рынка и разработки рецептур до капсулирования (в твёрдые и мягкие желатиновые капсулы) и вывода продукта на маркетплейсы. Наши производственные мощности соответствуют международным стандартам, а команда включает профессиональных технологов, маркетологов, регуляторных специалистов и аналитиков. Миссия «Метафарм» – создавать эффективные и безопасные продукты, которые соответствуют индивидуальным задачам наших клиентов и требованиям рынка. Используем собственное сырье (добыча в РФ), предоставляем готовые СГР и ДС. Минимальный тираж от 300 штук делает возможным сотрудничество как с крупными фармацевтическими компаниями, так и с индивидуальными предпринимателями – для тестирования новых формул или расширения ассортимента. Будем рады познакомиться на стенде – обсудим ваш проект и подскажем оптимальный путь вывода продукта на рынок. metapharmcorp.com",ok,,2026-07-11T20:29:22.043355+00:00,bad-expo-2026-official-baa-expo-signo-pipeline-v1.0.0,official_baa_expo_participants_march_2026
БАД-EXPO 2026,АндиФарм,АндиФарм,бады,,,,26-4,"Event Hall Даниловский, Москва",бады,"FAME – не просто биодобавки. Это философия здоровья, рожденная в сердце Юго-Восточной Азии и воплощенная в продуктах безупречного качества. ООО «АндиФарм» – эксклюзивный дистрибьютор FAME Pharmaceuticals Industry Co. в России, открывающий для вас доступ к бренду, который завоевал признание во всем мире. Все начинается с органических плантаций FAME в солнечной Мьянме. Здесь, вдали от промышленных зон, по принципам органического земледелия культивируются растения, наделенные самой природой целебной силой. Ни пестицидов, ни химических удобрений – только естественная энергия земли и забота человека. Международные сертификаты ACO, USFDA, GMP, ISO – гарантия качества и безопасности. FAME – это не только производство, но и собственная клиника интегративной медицины, где произведенные препараты помогают людям с самыми разными диагнозами возвращаться к активной и полноценной жизни. Более 100 уник",,https://andifarm.ru/,,,https://baa-expo.ru/uchastniki_old_20,baa-expo-march-2026:047,"АндиФарм стенд № 26-4 FAME – не просто биодобавки. Это философия здоровья, рожденная в сердце Юго-Восточной Азии и воплощенная в продуктах безупречного качества. ООО «АндиФарм» – эксклюзивный дистрибьютор FAME Pharmaceuticals Industry Co. в России, открывающий для вас доступ к бренду, который завоевал признание во всем мире. Все начинается с органических плантаций FAME в солнечной Мьянме. Здесь, вдали от промышленных зон, по принципам органического земледелия культивируются растения, наделенные самой природой целебной силой. Ни пестицидов, ни химических удобрений – только естественная энергия земли и забота человека. Международные сертификаты ACO, USFDA, GMP, ISO – гарантия качества и безопасности. FAME – это не только производство, но и собственная клиника интегративной медицины, где произведенные препараты помогают людям с самыми разными диагнозами возвращаться к активной и полноценной жизни. Более 100 уникальных продуктов поддерживают здоровье всех систем организма. andifarm.ru",ok,,2026-07-11T20:29:22.043355+00:00,bad-expo-2026-official-baa-expo-signo-pipeline-v1.0.0,official_baa_expo_participants_march_2026
БАД-EXPO 2026,ЖИВА ПРОДУКТ,Жива Продукт,"бады, спортивное питание",,,,27-1,"Event Hall Даниловский, Москва",бады; спортивное питание,"Контрактное производство БАД и спортивного питания под торговой маркой заказчика. Производство своего собственного продукта – это современный вектор развития, то, к чему стремятся производители европейских стран в любом сегменте и куда движутся любые сетевые компании. Мы предлагаем вам запустить свою торговую марку уже через 2 недели после принятия решения, при этом не погружаясь в тонкости процесса, не привлекая новых квалифицированных сотрудников, а всего лишь обратившись к нам и получая только положительный результат и прирост прибыли! stm.dzivaproduct.ru",,http://stm.dzivaproduct.ru,,,https://baa-expo.ru/uchastniki_old_20,baa-expo-march-2026:048,"ЖИВА ПРОДУКТ стенд № 27-1 Контрактное производство БАД и спортивного питания под торговой маркой заказчика. Производство своего собственного продукта – это современный вектор развития, то, к чему стремятся производители европейских стран в любом сегменте и куда движутся любые сетевые компании. Мы предлагаем вам запустить свою торговую марку уже через 2 недели после принятия решения, при этом не погружаясь в тонкости процесса, не привлекая новых квалифицированных сотрудников, а всего лишь обратившись к нам и получая только положительный результат и прирост прибыли! stm.dzivaproduct.ru",ok,,2026-07-11T20:29:22.043355+00:00,bad-expo-2026-official-baa-expo-signo-pipeline-v1.0.0,official_baa_expo_participants_march_2026
БАД-EXPO 2026,Сантевилль,Сантевилль,"витамины, функциональное питание",,,,27-2,"Event Hall Даниловский, Москва",витамины; функциональное питание,"ООО НПК «Сантевилль» – это научно-производственная компания, с опытом в разработке функционального питания, с натуральными составами. В составе продуктов нет дополнительных витаминных премиксов, загустителей, консервантов и сахаров, это делает продукцию «Сантевилль» универсальной для любого покупателя. В основе производства «технология криогенного измельчения», экстремальная заморозка до t -196°C в жидком азоте с одновременным измельчением. Измельчение при такой температуре ослабляет связи внутри белковых молекул и увеличивает усвояемость микроэлементов. Фракция получаемого порошка от 350 до 200 мкн, что многократно увеличивает площадь взаимодействия продукта с ферментами. Продукция Cантевилль имеет успешно пройденные клинические исследования, при сотрудничестве с Институтом педиатрии ПИМУ и ННИИ гигиены и профпатологии г. Н. Новгород. Это подтвержденная безопасность и эффективность, при",,https://santeville.ru/,,,https://baa-expo.ru/uchastniki_old_20,baa-expo-march-2026:049,"Сантевилль стенд № 27-2 ООО НПК «Сантевилль» – это научно-производственная компания, с опытом в разработке функционального питания, с натуральными составами. В составе продуктов нет дополнительных витаминных премиксов, загустителей, консервантов и сахаров, это делает продукцию «Сантевилль» универсальной для любого покупателя. В основе производства «технология криогенного измельчения», экстремальная заморозка до t -196°C в жидком азоте с одновременным измельчением. Измельчение при такой температуре ослабляет связи внутри белковых молекул и увеличивает усвояемость микроэлементов. Фракция получаемого порошка от 350 до 200 мкн, что многократно увеличивает площадь взаимодействия продукта с ферментами. Продукция Cантевилль имеет успешно пройденные клинические исследования, при сотрудничестве с Институтом педиатрии ПИМУ и ННИИ гигиены и профпатологии г. Н. Новгород. Это подтвержденная безопасность и эффективность, при включении продуктов «Сантевилль» в ежедневный рацион питания взрослым и детям начиная с 3-х лет. santeville.ru",ok,,2026-07-11T20:29:22.043355+00:00,bad-expo-2026-official-baa-expo-signo-pipeline-v1.0.0,official_baa_expo_participants_march_2026
БАД-EXPO 2026,ООО «Витаукт-пром»,Витаукт-пром,растительные экстракты,,,,27-3,"Event Hall Даниловский, Москва",растительные экстракты,"VITAUCT – российский производитель уникальных натуральных фитокомплексов для здоровья и долголетия, не имеющих аналогов. VITAUCT представит на выставке продукцию, основанную на самых прогрессивных научно-производственных технологиях, эффективную продукцию из сырья, выращенного на собственных плантациях в экологически чистой местности – предгорьях Северного Кавказа. VITAUCT – единственная компания-производитель натуральных комплексных полиэкстрактов. Полиэкстракты лекарственных растений изготавливаются по оригинальной каскадной технологии, благодаря чему максимально раскрывается потенциал растений. Все препараты компании изготовлены на основе полиэкстрактов собственного производства! Продукция не содержит спирта, сахара, красителей, ароматизаторов, консервантов. vitauct.ru",,https://www.vitauct.ru/,,,https://baa-expo.ru/uchastniki_old_20,baa-expo-march-2026:050,"ООО «Витаукт-пром» стенд № 27-3 VITAUCT – российский производитель уникальных натуральных фитокомплексов для здоровья и долголетия, не имеющих аналогов. VITAUCT представит на выставке продукцию, основанную на самых прогрессивных научно-производственных технологиях, эффективную продукцию из сырья, выращенного на собственных плантациях в экологически чистой местности – предгорьях Северного Кавказа. VITAUCT – единственная компания-производитель натуральных комплексных полиэкстрактов. Полиэкстракты лекарственных растений изготавливаются по оригинальной каскадной технологии, благодаря чему максимально раскрывается потенциал растений. Все препараты компании изготовлены на основе полиэкстрактов собственного производства! Продукция не содержит спирта, сахара, красителей, ароматизаторов, консервантов. vitauct.ru",ok,,2026-07-11T20:29:22.043355+00:00,bad-expo-2026-official-baa-expo-signo-pipeline-v1.0.0,official_baa_expo_participants_march_2026
БАД-EXPO 2026,ЭКОлаб,ЭКОлаб,бады,,,,27-4,"Event Hall Даниловский, Москва",бады,"АО «ЭКОлаб» – фармацевтическая компания, основана в 1991 г. Производитель лекарственных препаратов и БАД. За свой более 30-летний стаж работы на фармацевтическом рынке АО «ЭКОлаб» наряду с востребованными лекарствами запустило производство биологически активных добавок. В настоящее время АО «ЭКОлаб» нацелено как на увеличение номенклатуры выпускаемых лекарственных препаратов и расширение форм выпуска готовых лекарственных средств, так и на разработку и регистрацию новых биологически активных добавок. Проводятся работы по разработке и регистрации лекарственных препаратов в форме гелей, мазей и суппозиториев. Создается проект нового производства под данные лекарственные формы с учетом всех современных требований фармацевтического производства в соответствии с правилами GMP. Также компания АО «ЭКОлаб» получила сертификат ISO 22000 в 2022 году. ekolab.ru",,https://ekolab.ru/,,,https://baa-expo.ru/uchastniki_old_20,baa-expo-march-2026:051,"ЭКОлаб стенд № 27-4 АО «ЭКОлаб» – фармацевтическая компания, основана в 1991 г. Производитель лекарственных препаратов и БАД. За свой более 30-летний стаж работы на фармацевтическом рынке АО «ЭКОлаб» наряду с востребованными лекарствами запустило производство биологически активных добавок. В настоящее время АО «ЭКОлаб» нацелено как на увеличение номенклатуры выпускаемых лекарственных препаратов и расширение форм выпуска готовых лекарственных средств, так и на разработку и регистрацию новых биологически активных добавок. Проводятся работы по разработке и регистрации лекарственных препаратов в форме гелей, мазей и суппозиториев. Создается проект нового производства под данные лекарственные формы с учетом всех современных требований фармацевтического производства в соответствии с правилами GMP. Также компания АО «ЭКОлаб» получила сертификат ISO 22000 в 2022 году. ekolab.ru",ok,,2026-07-11T20:29:22.043355+00:00,bad-expo-2026-official-baa-expo-signo-pipeline-v1.0.0,official_baa_expo_participants_march_2026
БАД-EXPO 2026,ДЕМ4 Р,Дем4 Р,"пробиотики, витамины, бады, косметика",,,,"28-1, 28-2","Event Hall Даниловский, Москва",пробиотики; витамины; бады; косметика,"Компания ДЕМ4 Р зарекомендовала себя высоким качеством инновационных продуктов. Витаминно-минеральные комплексы компании выпускают известные российские фармпроизводители, сертифицированные по высшим стандартам. Продукты ДЕМ4 Р отличаются высокой биодоступностью. В ассортименте сбалансированные комплексы общего и целенаправленного действия. На выставке БАД-EXPO 2025 представлена последняя разработка компании – пробиотики для улучшения работы кишечника и укрепления иммунитета Иммуно ПроБио Актив. Также на стенде нашей компании можно познакомиться с серией монопродуктов «Актив» для целевой поддержки организма. Цинк Актив, Магний Актив, Железо Актив, D3 Актив, Омега-3 Премиум Актив – позволяют восполнить дефицит важных для здоровья микроэлементов. ДЕМ4 Р гордится возможностью предоставить своим покупателям одно из лучших на российском рынке сочетание цены и качества. БАДы и косметика, эффект",,https://dem4r.com/,,,https://baa-expo.ru/uchastniki_old_20,baa-expo-march-2026:052,"ДЕМ4 Р стенд № 28-1, 28-2 Компания ДЕМ4 Р зарекомендовала себя высоким качеством инновационных продуктов. Витаминно-минеральные комплексы компании выпускают известные российские фармпроизводители, сертифицированные по высшим стандартам. Продукты ДЕМ4 Р отличаются высокой биодоступностью. В ассортименте сбалансированные комплексы общего и целенаправленного действия. На выставке БАД-EXPO 2025 представлена последняя разработка компании – пробиотики для улучшения работы кишечника и укрепления иммунитета Иммуно ПроБио Актив. Также на стенде нашей компании можно познакомиться с серией монопродуктов «Актив» для целевой поддержки организма. Цинк Актив, Магний Актив, Железо Актив, D3 Актив, Омега-3 Премиум Актив – позволяют восполнить дефицит важных для здоровья микроэлементов. ДЕМ4 Р гордится возможностью предоставить своим покупателям одно из лучших на российском рынке сочетание цены и качества. БАДы и косметика, эффективность которых проверена сотнями потребителей – визитная карточка компании ДЕМ4 Р. dem4r.com",ok,,2026-07-11T20:29:22.043355+00:00,bad-expo-2026-official-baa-expo-signo-pipeline-v1.0.0,official_baa_expo_participants_march_2026
БАД-EXPO 2026,Fitness Formula,Fitness Formula,"бады, спортивное питание, здоровое питание",,,,28-3,"Event Hall Даниловский, Москва",бады; спортивное питание; здоровое питание,"Fitness Formula - сеть магазинов для активного образа жизни, в ассортименте более 1000 позиций БАДов, Спортивного питания, снеков и других продуктов для активного образа жизни, красоты и здоровья. Ассортимент магазина представлен российскими и международными брендами, такими как: NOW FOODS, Life Extension, Trace Minerals. Fitness Formula предоставляет своим клиентам только лучшие цены на высококачественные продукты, это стало возможно благодаря прямым договорам с производителями из разных стран. Выбирая Fitness Formula - вы выбираете активную жизнь! moscow.24ff.ru",,https://moscow.24ff.ru/,,,https://baa-expo.ru/uchastniki_old_20,baa-expo-march-2026:053,"Fitness Formula стенд № 28-3 Fitness Formula - сеть магазинов для активного образа жизни, в ассортименте более 1000 позиций БАДов, Спортивного питания, снеков и других продуктов для активного образа жизни, красоты и здоровья. Ассортимент магазина представлен российскими и международными брендами, такими как: NOW FOODS, Life Extension, Trace Minerals. Fitness Formula предоставляет своим клиентам только лучшие цены на высококачественные продукты, это стало возможно благодаря прямым договорам с производителями из разных стран. Выбирая Fitness Formula - вы выбираете активную жизнь! moscow.24ff.ru",ok,,2026-07-11T20:29:22.043355+00:00,bad-expo-2026-official-baa-expo-signo-pipeline-v1.0.0,official_baa_expo_participants_march_2026
БАД-EXPO 2026,MEDCRAFT & MEDVIBE,Medcraft & Medvibe,"витамины, бады",,,,28-4,"Event Hall Даниловский, Москва",витамины; бады,"MedCraft - это высококачественные витамины, минералы, нутриенты, специально разработанные для женщин и женского здоровья. Главная задача - уверенность в результате и восторг от эффекта после приема нутрицевтиков. 4 важных принципа Понятный состав, открытое производство и информация о месте происхождения сырья Клиническая эффективность нутрицевтиков Гарантия результата Программа поддержки клиентов MedVibe 24/7 Миссия: Больше счастливых и здоровых людей! med-craft.ru",,https://med-craft.ru/,,,https://baa-expo.ru/uchastniki_old_20,baa-expo-march-2026:054,"MEDCRAFT & MEDVIBE стенд № 28-4 MedCraft - это высококачественные витамины, минералы, нутриенты, специально разработанные для женщин и женского здоровья. Главная задача - уверенность в результате и восторг от эффекта после приема нутрицевтиков. 4 важных принципа Понятный состав, открытое производство и информация о месте происхождения сырья Клиническая эффективность нутрицевтиков Гарантия результата Программа поддержки клиентов MedVibe 24/7 Миссия: Больше счастливых и здоровых людей! med-craft.ru",ok,,2026-07-11T20:29:22.043355+00:00,bad-expo-2026-official-baa-expo-signo-pipeline-v1.0.0,official_baa_expo_participants_march_2026
БАД-EXPO 2026,SHARE SWITZERLAND,Share Switzerland,"пробиотики, витамины, напитки",,,,29-1,"Event Hall Даниловский, Москва",пробиотики; витамины; напитки,"Share – продукты долгой ферментации для качественного детокса и очищения организма. Производство Швейцария. Компания производит ферментированные фрукты с 2016 года и представлена в 44 странах. Европейский сертификат качества еды, сертификат качества США, сертификат Халяль. Продукция компании: ферментированный зеленый японский абрикос Share Original®; ферментированное помело Share Pomelozzini®; напиток ShareAqua d’Oro®. Продукция Share богата пребиотиками и пробиотиками. Без консервантов, глютена, лактозы. 100% натуральный продукт, vegan. Не имеет противопоказаний. Share: замедляет процесс старения клеток; насыщает организм витаминами A, C, B, железом, фосфором, ферментами и энзимами; эффективен для похудения, борется с висцеральным жиром; улучшает состояние ЖКТ и функции печени, выделительную и концентрационную функции почек; укрепляет иммунитет за счет восстановления нормальной микрофло",,https://sharerussia.ru/,,,https://baa-expo.ru/uchastniki_old_20,baa-expo-march-2026:055,"SHARE SWITZERLAND стенд № 29-1 Share – продукты долгой ферментации для качественного детокса и очищения организма. Производство Швейцария. Компания производит ферментированные фрукты с 2016 года и представлена в 44 странах. Европейский сертификат качества еды, сертификат качества США, сертификат Халяль. Продукция компании: ферментированный зеленый японский абрикос Share Original®; ферментированное помело Share Pomelozzini®; напиток ShareAqua d’Oro®. Продукция Share богата пребиотиками и пробиотиками. Без консервантов, глютена, лактозы. 100% натуральный продукт, vegan. Не имеет противопоказаний. Share: замедляет процесс старения клеток; насыщает организм витаминами A, C, B, железом, фосфором, ферментами и энзимами; эффективен для похудения, борется с висцеральным жиром; улучшает состояние ЖКТ и функции печени, выделительную и концентрационную функции почек; укрепляет иммунитет за счет восстановления нормальной микрофлоры ЖКТ; обеспечивает антиоксидантный эффект. sharerussia.ru",ok,,2026-07-11T20:29:22.043355+00:00,bad-expo-2026-official-baa-expo-signo-pipeline-v1.0.0,official_baa_expo_participants_march_2026
БАД-EXPO 2026,Институт проблем биорегуляции,Институт проблем биорегуляции,грибные продукты,,,,29-2,"Event Hall Даниловский, Москва",грибные продукты,"ООО «Институт проблем биорегуляции» – компания, занимающаяся изучением и производством «Виоргонов» и «Виофтанов». Данные биорегуляторы являются полностью натуральными и экологически чистыми продуктами, не обладающими побочными эффектами. Их основу составляют белково-пептидные комплексы, выделенные из межклеточного пространства органов и тканей животных, растений и грибов. Действие «Виоргонов» и «Виофтанов» направлено на восстановление естественного механизма саморегуляции клеток и тканей организма, что увеличивает их функциональность, эффективность и жизнеспособность. Сотрудники ООО «ИПБ» осуществляют научно-исследовательскую деятельность в биохимической лаборатории, которая оснащена современным оборудованием для биологических и физико-химических исследований, а процесс производства отвечает всем стандартам безопасности и качества. За 30 лет сотрудничества ООО «ИПБ» с различными институт",,https://inbioreg.ru/,,,https://baa-expo.ru/uchastniki_old_20,baa-expo-march-2026:056,"Институт проблем биорегуляции стенд № 29-2 ООО «Институт проблем биорегуляции» – компания, занимающаяся изучением и производством «Виоргонов» и «Виофтанов». Данные биорегуляторы являются полностью натуральными и экологически чистыми продуктами, не обладающими побочными эффектами. Их основу составляют белково-пептидные комплексы, выделенные из межклеточного пространства органов и тканей животных, растений и грибов. Действие «Виоргонов» и «Виофтанов» направлено на восстановление естественного механизма саморегуляции клеток и тканей организма, что увеличивает их функциональность, эффективность и жизнеспособность. Сотрудники ООО «ИПБ» осуществляют научно-исследовательскую деятельность в биохимической лаборатории, которая оснащена современным оборудованием для биологических и физико-химических исследований, а процесс производства отвечает всем стандартам безопасности и качества. За 30 лет сотрудничества ООО «ИПБ» с различными институтами РАН было опубликовано более 200 публикаций в научных журналах и получено более 20 патентов РФ. inbioreg.ru",ok,,2026-07-11T20:29:22.043355+00:00,bad-expo-2026-official-baa-expo-signo-pipeline-v1.0.0,official_baa_expo_participants_march_2026
БАД-EXPO 2026,EGENY,EGENY,косметика,,,,30,"Event Hall Даниловский, Москва",косметика,"EGENY, TROIAREUKE и ATB lab объединяет одна идея: простая и качественная забота о себе каждый день. Мы верим, что красота и энергия рождаются изнутри, а кожа должна получать только то, что ей действительно полезно. Поэтому каждый продукт мы подбираем с любовью и четким пониманием потребностей организма и кожи. Наши три направления – добавки, косметика и продукты для активного ритма жизни – создаются профессионалами и отвечают высоким стандартам качества. На выставке мы приготовили дегустацию продуктов, тестирование косметики и подарки за покупки. Загляните – возможно, это будет ваше открытие. egeny.ru",,https://egeny.ru/,,,https://baa-expo.ru/uchastniki_old_20,baa-expo-march-2026:057,"EGENY стенд № 30 EGENY, TROIAREUKE и ATB lab объединяет одна идея: простая и качественная забота о себе каждый день. Мы верим, что красота и энергия рождаются изнутри, а кожа должна получать только то, что ей действительно полезно. Поэтому каждый продукт мы подбираем с любовью и четким пониманием потребностей организма и кожи. Наши три направления – добавки, косметика и продукты для активного ритма жизни – создаются профессионалами и отвечают высоким стандартам качества. На выставке мы приготовили дегустацию продуктов, тестирование косметики и подарки за покупки. Загляните – возможно, это будет ваше открытие. egeny.ru",ok,,2026-07-11T20:29:22.043355+00:00,bad-expo-2026-official-baa-expo-signo-pipeline-v1.0.0,official_baa_expo_participants_march_2026
БАД-EXPO 2026,Доктор Море,Доктор Море,оздоровительная продукция,,,,"31-1, 31-2","Event Hall Даниловский, Москва",оздоровительная продукция,"Доктор Море – это история бесконечной любви к морю и бережное сохранение научного наследия, сформировавшегося за почти 100-летний период исследований биологических ресурсов морей и океанов Дальнего Востока. Доктор Море – это морские комплексы для красоты, здоровья и активного долголетия. В их основе – удивительные лечебные свойства обитателей подводного мира, чья эффективность была доказана десятками лет успешного применения в различных областях медицины. Доктор Море – это российский бренд с собственным производством на Дальнем Востоке. Близость к морю позволяет использовать самое свежее сырье и осуществлять полный контроль качества на всех этапах – от вылова до отгрузки продукции в аптеки. pharmocean.ru",,https://www.pharmocean.ru/,,,https://baa-expo.ru/uchastniki_old_20,baa-expo-march-2026:058,"Доктор Море стенд № 31-1, 31-2 Доктор Море – это история бесконечной любви к морю и бережное сохранение научного наследия, сформировавшегося за почти 100-летний период исследований биологических ресурсов морей и океанов Дальнего Востока. Доктор Море – это морские комплексы для красоты, здоровья и активного долголетия. В их основе – удивительные лечебные свойства обитателей подводного мира, чья эффективность была доказана десятками лет успешного применения в различных областях медицины. Доктор Море – это российский бренд с собственным производством на Дальнем Востоке. Близость к морю позволяет использовать самое свежее сырье и осуществлять полный контроль качества на всех этапах – от вылова до отгрузки продукции в аптеки. pharmocean.ru",ok,,2026-07-11T20:29:22.043355+00:00,bad-expo-2026-official-baa-expo-signo-pipeline-v1.0.0,official_baa_expo_participants_march_2026
БАД-EXPO 2026,Промёд,Промёд,"бады, растительные экстракты, косметика, масла, мед",,,,31-3,"Event Hall Даниловский, Москва",бады; растительные экстракты; косметика; масла; мед,"ООО «Научное производственное объединение «Промёд» с 2001 года осуществляет разработку и производство натуральной оздоровительной продукции, в том числе на основе продуктов пчеловодства, Чаги и Живицы кедровой. Головной офис компании находится в Перми, производство и собственное пчеловодческое хозяйство «Промёд» расположено в экологически чистом месте на станции Чайковская в Нытвенском районе Пермского края. Порядка 150 наименований продукции: БАД, бальзамы, медовые смеси, сиропы, масла, крема, иван-чай, натуральные напитки, продукты пчеловодства, активатор здоровья «Давир» и продукты на его основе. Главная цель компании – дать людям возможность пользоваться натуральной и действительно полезной для здоровья продукцией, не думать о болезнях и проблемах и жить полноценной здоровой жизнью! Натуральная оздоровительная продукция «Промёд» основана на продуктах пчеловодства и растительном сырье",,https://promed.pro/,,,https://baa-expo.ru/uchastniki_old_20,baa-expo-march-2026:059,"Промёд стенд № 31-3 ООО «Научное производственное объединение «Промёд» с 2001 года осуществляет разработку и производство натуральной оздоровительной продукции, в том числе на основе продуктов пчеловодства, Чаги и Живицы кедровой. Головной офис компании находится в Перми, производство и собственное пчеловодческое хозяйство «Промёд» расположено в экологически чистом месте на станции Чайковская в Нытвенском районе Пермского края. Порядка 150 наименований продукции: БАД, бальзамы, медовые смеси, сиропы, масла, крема, иван-чай, натуральные напитки, продукты пчеловодства, активатор здоровья «Давир» и продукты на его основе. Главная цель компании – дать людям возможность пользоваться натуральной и действительно полезной для здоровья продукцией, не думать о болезнях и проблемах и жить полноценной здоровой жизнью! Натуральная оздоровительная продукция «Промёд» основана на продуктах пчеловодства и растительном сырье. Порядка 50% сырья собственного сбора. Промёд – естество природы в руках человека! promed.pro",ok,,2026-07-11T20:29:22.043355+00:00,bad-expo-2026-official-baa-expo-signo-pipeline-v1.0.0,official_baa_expo_participants_march_2026
БАД-EXPO 2026,ИП КФХ Хайт П.Я.,КФХ Хайт П.Я.,,,,,31-4,"Event Hall Даниловский, Москва",,"КФХ Хайт с 2009 года выращивает культивированный корень женьшеня на Дальнем Востоке России. В 2022 году вывели на рынок уникальный продукт «Женьшень на меду» по древнему удэгейскому рецепту. В комбинации с женьшенем мёд производит двойной оздоровительный и профилактический эффект. Гармоничное сочетание двух растительных компонентов, которые усиливают действие друг друга, укрепляет здоровье, дает невероятный заряд бодрости и способно заменить собой десятки дорогостоящих лекарств и лечебных процедур. В состав продукта, который производит КФХ Хайт, входит только натуральный мёд и свежий корень женьшеня, ягоды и лоза лимонника дальневосточного. Никаких консервантов, добавок, усилителей вкуса и ароматизаторов. Сырье для женьшеневого мёда собрано в экологически благоприятных условиях. Корень выращивается в Приморском крае в условиях максимально приближенных к естественным, благодаря этому полу",,https://zhenshen-namedu.ru/,,,https://baa-expo.ru/uchastniki_old_20,baa-expo-march-2026:060,"ИП КФХ Хайт П.Я. стенд № 31-4 КФХ Хайт с 2009 года выращивает культивированный корень женьшеня на Дальнем Востоке России. В 2022 году вывели на рынок уникальный продукт «Женьшень на меду» по древнему удэгейскому рецепту. В комбинации с женьшенем мёд производит двойной оздоровительный и профилактический эффект. Гармоничное сочетание двух растительных компонентов, которые усиливают действие друг друга, укрепляет здоровье, дает невероятный заряд бодрости и способно заменить собой десятки дорогостоящих лекарств и лечебных процедур. В состав продукта, который производит КФХ Хайт, входит только натуральный мёд и свежий корень женьшеня, ягоды и лоза лимонника дальневосточного. Никаких консервантов, добавок, усилителей вкуса и ароматизаторов. Сырье для женьшеневого мёда собрано в экологически благоприятных условиях. Корень выращивается в Приморском крае в условиях максимально приближенных к естественным, благодаря этому получается продукт высокого качества. zhenshen-namedu.ru",ok,insufficient_product_category_evidence,2026-07-11T20:29:22.043355+00:00,bad-expo-2026-official-baa-expo-signo-pipeline-v1.0.0,official_baa_expo_participants_march_2026
БАД-EXPO 2026,СМАРТЛАЙФ,Смартлайф,витамины,,,,32-1,"Event Hall Даниловский, Москва",витамины,"SmartLife – health-tech компания с собственным производством в Москве. Мы производим витамины будущего, которые легко впишутся в вашу повседневную жизнь уже сегодня. SmartLife - лидер в производстве липосомальных витаминов в России, по собственной запатентованной технологии мы создаем витамины в самой современной и биодоступной форме – липосомальной с усвояемостью в 5 раз выше других форм. Инкапсуляция нутриентов в липосомы позволяет активному веществу попадать прямо в клетки без потерь и повреждений. Миссией компании является производство исключительно честной продукции, которая действительно повышает качество жизни и снижает риск развития различных заболеваний. Мы не делаем то, что не дали бы своим детям! smartlife.bio",,https://smartlife.bio/,,,https://baa-expo.ru/uchastniki_old_20,baa-expo-march-2026:061,"СМАРТЛАЙФ стенд № 32-1 SmartLife – health-tech компания с собственным производством в Москве. Мы производим витамины будущего, которые легко впишутся в вашу повседневную жизнь уже сегодня. SmartLife - лидер в производстве липосомальных витаминов в России, по собственной запатентованной технологии мы создаем витамины в самой современной и биодоступной форме – липосомальной с усвояемостью в 5 раз выше других форм. Инкапсуляция нутриентов в липосомы позволяет активному веществу попадать прямо в клетки без потерь и повреждений. Миссией компании является производство исключительно честной продукции, которая действительно повышает качество жизни и снижает риск развития различных заболеваний. Мы не делаем то, что не дали бы своим детям! smartlife.bio",ok,,2026-07-11T20:29:22.043355+00:00,bad-expo-2026-official-baa-expo-signo-pipeline-v1.0.0,official_baa_expo_participants_march_2026
БАД-EXPO 2026,ООО «ПАРАФАРМ»,Парафарм,бады,,,,32-2,"Event Hall Даниловский, Москва",бады,"Компания «Парафарм» – ключевой производитель БАД нового поколения. Основана в Пензе в 1995 г. Имеет 450 российских и зарубежных патентов. Препараты поставляются более чем в 20 стран. 8 препаратов получили статус «Перспективные изобретения России», а 5 – вошли в список «100 лучших изобретений России». secret-dolgolet.ru",,https://secret-dolgolet.ru,,,https://baa-expo.ru/uchastniki_old_20,baa-expo-march-2026:062,"ООО «ПАРАФАРМ» стенд № 32-2 Компания «Парафарм» – ключевой производитель БАД нового поколения. Основана в Пензе в 1995 г. Имеет 450 российских и зарубежных патентов. Препараты поставляются более чем в 20 стран. 8 препаратов получили статус «Перспективные изобретения России», а 5 – вошли в список «100 лучших изобретений России». secret-dolgolet.ru",ok,,2026-07-11T20:29:22.043355+00:00,bad-expo-2026-official-baa-expo-signo-pipeline-v1.0.0,official_baa_expo_participants_march_2026
БАД-EXPO 2026,Menora Laboratories,Menora Laboratories,бады,,,,32-3,"Event Hall Даниловский, Москва",бады,"Производство инновационных медицинских изделий для хирургии и БАД. Юнифер – революционный БАД для повышения гемоглобина и ферритина крови. За 14 дней восполняет железо крови при анемии. Без побочных эффектов, нейтральный вкус. Водный раствор стабилизированного антиоксидантным комплексом Fe2+ быстро преодолевает агрессивную среду желудка и эффективно транспортируется до области всасывания – поверхности энтероцитов (клеток тонкого кишечника). За счет этого при низкой дозировке железа (10 мг железа в 10 мл раствора) Юнифер имеет высокую эффективность и биодоступность без побочных эффектов, связанных с высокими дозировками препаратов железа. Подтверждено клиническими исследованиями. Разрешено для детей с 3 лет и беременных женщин. menora-labs.ru",,https://www.menora-labs.ru/,,,https://baa-expo.ru/uchastniki_old_20,baa-expo-march-2026:063,"Menora Laboratories стенд № 32-3 Производство инновационных медицинских изделий для хирургии и БАД. Юнифер – революционный БАД для повышения гемоглобина и ферритина крови. За 14 дней восполняет железо крови при анемии. Без побочных эффектов, нейтральный вкус. Водный раствор стабилизированного антиоксидантным комплексом Fe2+ быстро преодолевает агрессивную среду желудка и эффективно транспортируется до области всасывания – поверхности энтероцитов (клеток тонкого кишечника). За счет этого при низкой дозировке железа (10 мг железа в 10 мл раствора) Юнифер имеет высокую эффективность и биодоступность без побочных эффектов, связанных с высокими дозировками препаратов железа. Подтверждено клиническими исследованиями. Разрешено для детей с 3 лет и беременных женщин. menora-labs.ru",ok,,2026-07-11T20:29:22.043355+00:00,bad-expo-2026-official-baa-expo-signo-pipeline-v1.0.0,official_baa_expo_participants_march_2026
БАД-EXPO 2026,Tatirex Pro,Tatirex Pro,спортивное питание,,,,33-1,"Event Hall Даниловский, Москва",спортивное питание,"Tatirex Pro – бренд спортивного питания, созданный компанией «Белстар». Компания «Белстар» была основана в 2000 году и за 25 лет превратилась из небольшой фирмы в мощную группу компаний, занявшую лидирующие позиции в производстве и сервисе. Опираясь на весь свой опыт в пищевой промышленности, накопленный за десятилетия успешной работы, компанией «Белстар» было принято решение о запуске линейки спортивного питания ""Tatirex Pro"" в 2024 году. Мы гарантируем качество: технологи тщательно контролируют каждый этап производства Tatirex Pro, чтобы вы получали только безопасный и эффективный продукт премиального качества. На предприятии внедрена система менеджмента безопасности пищевой продукции HACCP, соответствующая требованиям ISO. Также мы гарантируем, что наша продукция полностью соответствует исламским традициям и нормам ""Халяль"". tatirex_pro",,,,,https://baa-expo.ru/uchastniki_old_20,baa-expo-march-2026:064,"Tatirex Pro стенд № 33-1 Tatirex Pro – бренд спортивного питания, созданный компанией «Белстар». Компания «Белстар» была основана в 2000 году и за 25 лет превратилась из небольшой фирмы в мощную группу компаний, занявшую лидирующие позиции в производстве и сервисе. Опираясь на весь свой опыт в пищевой промышленности, накопленный за десятилетия успешной работы, компанией «Белстар» было принято решение о запуске линейки спортивного питания ""Tatirex Pro"" в 2024 году. Мы гарантируем качество: технологи тщательно контролируют каждый этап производства Tatirex Pro, чтобы вы получали только безопасный и эффективный продукт премиального качества. На предприятии внедрена система менеджмента безопасности пищевой продукции HACCP, соответствующая требованиям ISO. Также мы гарантируем, что наша продукция полностью соответствует исламским традициям и нормам ""Халяль"". tatirex_pro",ok,,2026-07-11T20:29:22.043355+00:00,bad-expo-2026-official-baa-expo-signo-pipeline-v1.0.0,official_baa_expo_participants_march_2026
БАД-EXPO 2026,Вирфортис,Вирфортис,функциональное питание,,,,34-1,"Event Hall Даниловский, Москва",функциональное питание,"Вирфортис – российский бренд, который задает новые стандарты в мире функционального питания. Когда ты на пике своих возможностей, тебе нужен надежный источник энергии, чтобы двигаться вперед без остановок. МАХ-комплексы от Virfortis – это именно то, что поможет тебе оставаться в форме и достигать большего. Наши продукты созданы для тех, кто ставит амбициозные цели и стремится к выдающимся результатам. Они помогают сконцентрироваться на главном, повысить продуктивность и поддерживать высокий уровень энергии каждый день. Почему выбирают Virfortis? Натуральность и безопасность. Мы тщательно отбираем ингредиенты, чтобы сохранить их природные свойства и обеспечить максимальную эффективность. Мы создаем функциональные продукты для ежедневного использования, которые помогают вам достигать максимальных результатов и поддерживать баланс в активной жизни. Virfortis — твой источник энергии для боль",,https://virfortis.ru/,,,https://baa-expo.ru/uchastniki_old_20,baa-expo-march-2026:065,"Вирфортис cтенд № 34-1 Вирфортис – российский бренд, который задает новые стандарты в мире функционального питания. Когда ты на пике своих возможностей, тебе нужен надежный источник энергии, чтобы двигаться вперед без остановок. МАХ-комплексы от Virfortis – это именно то, что поможет тебе оставаться в форме и достигать большего. Наши продукты созданы для тех, кто ставит амбициозные цели и стремится к выдающимся результатам. Они помогают сконцентрироваться на главном, повысить продуктивность и поддерживать высокий уровень энергии каждый день. Почему выбирают Virfortis? Натуральность и безопасность. Мы тщательно отбираем ингредиенты, чтобы сохранить их природные свойства и обеспечить максимальную эффективность. Мы создаем функциональные продукты для ежедневного использования, которые помогают вам достигать максимальных результатов и поддерживать баланс в активной жизни. Virfortis — твой источник энергии для больших побед! virfortis.ru",ok,,2026-07-11T20:29:22.043355+00:00,bad-expo-2026-official-baa-expo-signo-pipeline-v1.0.0,official_baa_expo_participants_march_2026
БАД-EXPO 2026,АНИРНИИТ,Анирниит,"витамины, бады, косметика, масла",,,,34-2,"Event Hall Даниловский, Москва",витамины; бады; косметика; масла,"Компания производит биологически активные добавки и косметические препараты, изготовленные из якутского ягеля по оригинальным технологиям и рецептурам. На сегодняшний день производятся: БАД Анирниит с топинамбуром и витамином С для коррекции сахарного диабета; гель Анирниит с сабельником и розмарином для пациентов с подагрой и артритами; линейка косметических средств для людей, имеющих протезы: пенка ОРТО-1, крем ОРТО-2, масло ОРТО-3, гель ОРТО-4; БАД Анирниит с бетулином при инфекционных вирусных заболеваниях; БАД Анирниит с витамином С для выведения токсинов из внутренних сред организма. Все продукты Анирниит имеют Свидетельства о государственной регистрации или Декларации о соответствии ЕАЭС. Патент на изобретение №2747985 от 3.08.2020г. Свидетельство на ТЗ №806745 от 2.12.2020г. Свидетельство на ТЗ №881439 от 10.03.2022г anirniit.info",,https://anirniit.info/,,,https://baa-expo.ru/uchastniki_old_20,baa-expo-march-2026:066,"АНИРНИИТ стенд № 34-2 Компания производит биологически активные добавки и косметические препараты, изготовленные из якутского ягеля по оригинальным технологиям и рецептурам. На сегодняшний день производятся: БАД Анирниит с топинамбуром и витамином С для коррекции сахарного диабета; гель Анирниит с сабельником и розмарином для пациентов с подагрой и артритами; линейка косметических средств для людей, имеющих протезы: пенка ОРТО-1, крем ОРТО-2, масло ОРТО-3, гель ОРТО-4; БАД Анирниит с бетулином при инфекционных вирусных заболеваниях; БАД Анирниит с витамином С для выведения токсинов из внутренних сред организма. Все продукты Анирниит имеют Свидетельства о государственной регистрации или Декларации о соответствии ЕАЭС. Патент на изобретение №2747985 от 3.08.2020г. Свидетельство на ТЗ №806745 от 2.12.2020г. Свидетельство на ТЗ №881439 от 10.03.2022г anirniit.info",ok,,2026-07-11T20:29:22.043355+00:00,bad-expo-2026-official-baa-expo-signo-pipeline-v1.0.0,official_baa_expo_participants_march_2026
БАД-EXPO 2026,АВЗ ФАРМ,Авз Фарм,"бады, косметика",,,,35,"Event Hall Даниловский, Москва",бады; косметика,"ООО «АВЗ ФАРМ» – российская фармацевтическая компания, деятельность которой направлена на оптимальное сочетание высокого качества продукции и конкурентной цены. НАУЧНЫЕ ПРИНЦИПЫ КОМПАНИИ: Строгое соблюдение научной концепции Поиск инновационных формул Научная разработка рецептуры Тщательный отбор компонентов и сырья Опираемся на опыт практикующих ведущих врачей Производим продукцию с доказанной клинической эффективностью Наше производство оснащено самым современным оборудованием и имеет международный сертификат качества GMP. Мы единственные производители БАДов и лечебной косметики «Айсида» на основе уникальной формулы АСД. Наша продукция представлена во всех регионах РФ и экспортируется в 26 стран мира. Мы успешно работаем на рынке контрактного производства с 2000 года. Все цеха и научно-исследовательские блоки оснащены самым современным оборудованием из Италии, Швеции и Германии. avzpha",,https://avzpharm.ru/,,,https://baa-expo.ru/uchastniki_old_20,baa-expo-march-2026:067,"АВЗ ФАРМ стенд № 35 ООО «АВЗ ФАРМ» – российская фармацевтическая компания, деятельность которой направлена на оптимальное сочетание высокого качества продукции и конкурентной цены. НАУЧНЫЕ ПРИНЦИПЫ КОМПАНИИ: Строгое соблюдение научной концепции Поиск инновационных формул Научная разработка рецептуры Тщательный отбор компонентов и сырья Опираемся на опыт практикующих ведущих врачей Производим продукцию с доказанной клинической эффективностью Наше производство оснащено самым современным оборудованием и имеет международный сертификат качества GMP. Мы единственные производители БАДов и лечебной косметики «Айсида» на основе уникальной формулы АСД. Наша продукция представлена во всех регионах РФ и экспортируется в 26 стран мира. Мы успешно работаем на рынке контрактного производства с 2000 года. Все цеха и научно-исследовательские блоки оснащены самым современным оборудованием из Италии, Швеции и Германии. avzpharm.ru",ok,,2026-07-11T20:29:22.043355+00:00,bad-expo-2026-official-baa-expo-signo-pipeline-v1.0.0,official_baa_expo_participants_march_2026
БАД-EXPO 2026,ГК «УСПЕХ»,ГК «Успех»,"бады, спортивное питание, здоровое питание, суперфуды",,,,36-1,"Event Hall Даниловский, Москва",бады; спортивное питание; здоровое питание; суперфуды,"ГК «УСПЕХ» – производитель БАД, суперфудов и спортивного питания, расположенный в Санкт-Петербурге. Сегодня в нашем портфеле порядка 350 единиц продукции, которая отвечает высоким стандартам качества и имеет все соответствующие сертификаты. Основополагающим в нашем бизнесе является решение производить БАД и полезные альтернативы для ежедневного рациона питания по доступным ценам в сравнении с конкурентами, при этом не уступая им в качестве, чтобы каждый житель нашей страны мог купить натуральный и полезный продукт по демократичной цене. Мы следим за трендами в здоровом питании, фармацевтике и парафармацевтике, постоянно обновляем свой ассортимент. Приятно, что Dr.Mybo все больше находит своих поклонников среди последователей здорового образа жизни и красоты. Мы вдохновляемся этим и идем вперед! dr-mybo.ru",,https://dr-mybo.ru/,,,https://baa-expo.ru/uchastniki_old_20,baa-expo-march-2026:068,"ГК «УСПЕХ» стенд № 36-1 ГК «УСПЕХ» – производитель БАД, суперфудов и спортивного питания, расположенный в Санкт-Петербурге. Сегодня в нашем портфеле порядка 350 единиц продукции, которая отвечает высоким стандартам качества и имеет все соответствующие сертификаты. Основополагающим в нашем бизнесе является решение производить БАД и полезные альтернативы для ежедневного рациона питания по доступным ценам в сравнении с конкурентами, при этом не уступая им в качестве, чтобы каждый житель нашей страны мог купить натуральный и полезный продукт по демократичной цене. Мы следим за трендами в здоровом питании, фармацевтике и парафармацевтике, постоянно обновляем свой ассортимент. Приятно, что Dr.Mybo все больше находит своих поклонников среди последователей здорового образа жизни и красоты. Мы вдохновляемся этим и идем вперед! dr-mybo.ru",ok,,2026-07-11T20:29:22.043355+00:00,bad-expo-2026-official-baa-expo-signo-pipeline-v1.0.0,official_baa_expo_participants_march_2026
БАД-EXPO 2026,FUNGILINE,Fungiline,грибные продукты,,,,36-2,"Event Hall Даниловский, Москва",грибные продукты,"Бренд Fungiline – компания, основанная Михаилом Вишневским, кандидатом биологических наук и ведущим микологом с более чем 30-летним опытом. Компания специализируется на разработке продуктов из лекарственных грибов и растений, направленных на поддержку физического и эмоционального здоровья. Fungiline объединяет научный подход с доказательной медициной, создавая препараты на основе исследований, опубликованных в ведущих научных изданиях. Вся продукция сертифицирована и проходит регулярные проверки. Ассортимент продукции Fungiline включает различные добавки и комплексы для поддержки мозга и энергии, пищеварения, спокойствия и сна, антивозрастного ухода, а также мужского и женского здоровья. Препараты компании обеспечивают высокую концентрацию полезных веществ, и не содержат ГМО, наполнителей, консервантов и красителей. Кроме того, Fungiline ведет активную научно-образовательную деятельность",,https://fungiline.ru/,,,https://baa-expo.ru/uchastniki_old_20,baa-expo-march-2026:069,"FUNGILINE стенд № 36-2 Бренд Fungiline – компания, основанная Михаилом Вишневским, кандидатом биологических наук и ведущим микологом с более чем 30-летним опытом. Компания специализируется на разработке продуктов из лекарственных грибов и растений, направленных на поддержку физического и эмоционального здоровья. Fungiline объединяет научный подход с доказательной медициной, создавая препараты на основе исследований, опубликованных в ведущих научных изданиях. Вся продукция сертифицирована и проходит регулярные проверки. Ассортимент продукции Fungiline включает различные добавки и комплексы для поддержки мозга и энергии, пищеварения, спокойствия и сна, антивозрастного ухода, а также мужского и женского здоровья. Препараты компании обеспечивают высокую концентрацию полезных веществ, и не содержат ГМО, наполнителей, консервантов и красителей. Кроме того, Fungiline ведет активную научно-образовательную деятельность, популяризируя фармакомикологию как эффективную и перспективную отрасль медицины fungiline.ru",ok,,2026-07-11T20:29:22.043355+00:00,bad-expo-2026-official-baa-expo-signo-pipeline-v1.0.0,official_baa_expo_participants_march_2026
БАД-EXPO 2026,АЛЬСАРИЯ & МАКОШЕНЬ,Альсария & Макошень,оздоровительная продукция,,,,36-3,"Event Hall Даниловский, Москва",оздоровительная продукция,"«Альсария» - российский производитель медицинской продукции с микросферами. Мы производим подушки, матрасы, аппликаторы, комплекты для кабинетов психологической разгрузки, в том числе профилактики профзаболеваний. Продукция одобрена Минздравом РФ и имеет все необходимые сертификаты. Производство также сертифицировано. Мы работаем с оптовиками, предприятиями, медицинскими организациями, санаториями по оборудованию кабинетов здоровья. Уникальность изделий связана с наполнителем, который обладает эффектом сухой иммерсии, антисептическим и антиаллергическим эффектом, эффектом отражения инфракрасного излучения. Проведены исследования эффективности нашей продукции. Возможности применения продукции включают в себя комплексное лечение и профилактика заболеваний позвоночника и костно-суставной системы, нарушения кровообращения, неврологические заболевания, специфическое избирательное воздействие,",,https://alsariya.com/,,,https://baa-expo.ru/uchastniki_old_20,baa-expo-march-2026:070,"АЛЬСАРИЯ & МАКОШЕНЬ стенд № 36-3 «Альсария» - российский производитель медицинской продукции с микросферами. Мы производим подушки, матрасы, аппликаторы, комплекты для кабинетов психологической разгрузки, в том числе профилактики профзаболеваний. Продукция одобрена Минздравом РФ и имеет все необходимые сертификаты. Производство также сертифицировано. Мы работаем с оптовиками, предприятиями, медицинскими организациями, санаториями по оборудованию кабинетов здоровья. Уникальность изделий связана с наполнителем, который обладает эффектом сухой иммерсии, антисептическим и антиаллергическим эффектом, эффектом отражения инфракрасного излучения. Проведены исследования эффективности нашей продукции. Возможности применения продукции включают в себя комплексное лечение и профилактика заболеваний позвоночника и костно-суставной системы, нарушения кровообращения, неврологические заболевания, специфическое избирательное воздействие, в психической реабилитации и во многих других областях. alsariya.com",ok,,2026-07-11T20:29:22.043355+00:00,bad-expo-2026-official-baa-expo-signo-pipeline-v1.0.0,official_baa_expo_participants_march_2026
БАД-EXPO 2026,БИФИЛЮКС,Бифилюкс,"пробиотики, витамины, функциональное питание",,,,38,"Event Hall Даниловский, Москва",пробиотики; витамины; функциональное питание,"ООО «БИФИЛЮКС» является ведущим российским разработчиком и производителем пробиотических препаратов и продуктов лечебного, функционального питания для детей и взрослых. Ключевой бренд компании – биокомплексы «Нормофлорины». Особенность продукции состоит в том, что она абсолютно натуральная и не имеет побочных эффектов. Для производства используются самые современные биотехнологии. «Нормофлорины» – уникальный биокомплекс, содержащий живые лакто и бифидобактерии, продукты их метаболизма и витамины, необходимые человеку на протяжении всей жизни. Препараты прекрасно зарекомендовали себя в комплексной терапии при лечении гастроэнтерологических, аллергических и иммунологических заболеваниях, рекомендованы детям с рождения, беременным и кормящим женщинам. Отсутствие в них красителей, консервантов и лактозы делает их одним из наиболее безопасных препаратов на российском рынке! Эффективность и бе",,http://normoflorin.ru/,,,https://baa-expo.ru/uchastniki_old_20,baa-expo-march-2026:071,"БИФИЛЮКС стенд № 38 ООО «БИФИЛЮКС» является ведущим российским разработчиком и производителем пробиотических препаратов и продуктов лечебного, функционального питания для детей и взрослых. Ключевой бренд компании – биокомплексы «Нормофлорины». Особенность продукции состоит в том, что она абсолютно натуральная и не имеет побочных эффектов. Для производства используются самые современные биотехнологии. «Нормофлорины» – уникальный биокомплекс, содержащий живые лакто и бифидобактерии, продукты их метаболизма и витамины, необходимые человеку на протяжении всей жизни. Препараты прекрасно зарекомендовали себя в комплексной терапии при лечении гастроэнтерологических, аллергических и иммунологических заболеваниях, рекомендованы детям с рождения, беременным и кормящим женщинам. Отсутствие в них красителей, консервантов и лактозы делает их одним из наиболее безопасных препаратов на российском рынке! Эффективность и безопасность биокомплексов доказана многочисленными клиническими исследованиями в разных областях медицины. normoflorin.ru",ok,,2026-07-11T20:29:22.043355+00:00,bad-expo-2026-official-baa-expo-signo-pipeline-v1.0.0,official_baa_expo_participants_march_2026
БАД-EXPO 2026,Группа компаний «Salus»,Группа компаний «Salus»,"витамины, растительные экстракты, сладости",,,,39-40,"Event Hall Даниловский, Москва",витамины; растительные экстракты; сладости,"Группа компаний «Salus» - дистрибьютор турецких витаминов, который предлагает товары с высокой рентабельностью для вашего бизнеса на Wildberries, Ozon. Мы сопровождаем партнеров на всех этапах - от подбора ассортимента и расчета маржинальности до поставки товара и консультаций по запуску на маркетплейсах. В нашем ассортименте: One Up: Мощные витаминные комплексы и добавки премиум-класса. Высокая узнаваемость и доверие Your Gummie: Вкусные витамины в форме мармеладок для детей и взрослых. Бестселлер в категории «Жевательные витамины» Vita Ceel: Инновационные решения для здоровья, включая линейки для мозга, похудения и энергии Natura Suprema: Натуральные органические добавки, хит среди аудитории, ведущей ЗОЖ Salus: Растительные экстракты в капсульной форме. Натуральный состав gummie.ru",,http://gummie.ru/,,,https://baa-expo.ru/uchastniki_old_20,baa-expo-march-2026:072,"Группа компаний «Salus» стенд № 39-40 Группа компаний «Salus» - дистрибьютор турецких витаминов, который предлагает товары с высокой рентабельностью для вашего бизнеса на Wildberries, Ozon. Мы сопровождаем партнеров на всех этапах - от подбора ассортимента и расчета маржинальности до поставки товара и консультаций по запуску на маркетплейсах. В нашем ассортименте: One Up: Мощные витаминные комплексы и добавки премиум-класса. Высокая узнаваемость и доверие Your Gummie: Вкусные витамины в форме мармеладок для детей и взрослых. Бестселлер в категории «Жевательные витамины» Vita Ceel: Инновационные решения для здоровья, включая линейки для мозга, похудения и энергии Natura Suprema: Натуральные органические добавки, хит среди аудитории, ведущей ЗОЖ Salus: Растительные экстракты в капсульной форме. Натуральный состав gummie.ru",ok,retail_marketplace_primary,2026-07-11T20:29:22.043355+00:00,bad-expo-2026-official-baa-expo-signo-pipeline-v1.0.0,official_baa_expo_participants_march_2026
БАД-EXPO 2026,VERTERA,Vertera,водорослевая продукция,,,,41,"Event Hall Даниловский, Москва",водорослевая продукция,Органическое лечебное диетическое водорослевое питание для детей и взрослых. vk.com/verteraorganic,,,,,https://baa-expo.ru/uchastniki_old_20,baa-expo-march-2026:073,VERTERA стенд № 41 Органическое лечебное диетическое водорослевое питание для детей и взрослых. vk.com/verteraorganic,ok,,2026-07-11T20:29:22.043355+00:00,bad-expo-2026-official-baa-expo-signo-pipeline-v1.0.0,official_baa_expo_participants_march_2026
БАД-EXPO 2026,ТРАДО,ТРАДО,растительные экстракты,,,,42,"Event Hall Даниловский, Москва",растительные экстракты,"Компания ТРАДО - с 2010 года представляет в России, аюрведические натуральные травяные восстановительные комплексы и корректоры питания для различных систем организма. Продукция компании ТРАДО производится в Индии по старинной аюрведической рецептуре с использованием современных технологий и соблюдением требований международного стандарта качества GMP. Каждый продукт посвящен не отдельной проблеме, а поддержанию здоровья целой системы, обеспечивая эффекты детоксикации, поддержки, накопления ресурсов здоровья и запуска собственных механизмов восстановления. Препараты ТРАДО не содержат искусственных красителей и ароматизаторов, имеют в своём составе натуральные компоненты без вредных связующих веществ. Все продукты прошли проверку, имеют Свидетельства о государственной регистрации и маркировку «Честный знак». Препараты отлично зарекомендовали себя у тех, кто хочет восстановить свое здоровь",,http://tradoclub.ru/,,,https://baa-expo.ru/uchastniki_old_20,baa-expo-march-2026:074,"ТРАДО стенд № 42 Компания ТРАДО - с 2010 года представляет в России, аюрведические натуральные травяные восстановительные комплексы и корректоры питания для различных систем организма. Продукция компании ТРАДО производится в Индии по старинной аюрведической рецептуре с использованием современных технологий и соблюдением требований международного стандарта качества GMP. Каждый продукт посвящен не отдельной проблеме, а поддержанию здоровья целой системы, обеспечивая эффекты детоксикации, поддержки, накопления ресурсов здоровья и запуска собственных механизмов восстановления. Препараты ТРАДО не содержат искусственных красителей и ароматизаторов, имеют в своём составе натуральные компоненты без вредных связующих веществ. Все продукты прошли проверку, имеют Свидетельства о государственной регистрации и маркировку «Честный знак». Препараты отлично зарекомендовали себя у тех, кто хочет восстановить свое здоровье и поддерживать его на достойном уровне. tradoclub.ru",ok,,2026-07-11T20:29:22.043355+00:00,bad-expo-2026-official-baa-expo-signo-pipeline-v1.0.0,official_baa_expo_participants_march_2026
БАД-EXPO 2026,TRAWA / TRAWA beauty,TRAWA / TRAWA beauty,"здоровое питание, масла, мясные продукты",,,,44,"Event Hall Даниловский, Москва",здоровое питание; масла; мясные продукты,"TRAWA – трендсеттеры в маслах холодного отжима, которые в поиске метода, максимально сохраняющего все полезные вещества семян и орехов, взяли за основу старинный – отжим в дубовой бочке. Ручной труд, использование только отборного сырья, производство без нагрева сырья и контакта с металлом – так получается особенное, полезное масло, которое рекомендуют нутрициологи. 16 видов масла, среди которых льняное, подсолнечное, а также деликатесные – кедровое, тыквенное, миндальное с белым трюфелем и многие другие. Ребята также выпускают широкую линейку полезных продуктов, которые были отмечены уже четырьмя наградами «зеленых» премий Green Awards и Live Organic Awards. trawaoil.ru",,https://trawaoil.ru/,,,https://baa-expo.ru/uchastniki_old_20,baa-expo-march-2026:075,"TRAWA / TRAWA beauty стенд № 44 TRAWA – трендсеттеры в маслах холодного отжима, которые в поиске метода, максимально сохраняющего все полезные вещества семян и орехов, взяли за основу старинный – отжим в дубовой бочке. Ручной труд, использование только отборного сырья, производство без нагрева сырья и контакта с металлом – так получается особенное, полезное масло, которое рекомендуют нутрициологи. 16 видов масла, среди которых льняное, подсолнечное, а также деликатесные – кедровое, тыквенное, миндальное с белым трюфелем и многие другие. Ребята также выпускают широкую линейку полезных продуктов, которые были отмечены уже четырьмя наградами «зеленых» премий Green Awards и Live Organic Awards. trawaoil.ru",ok,,2026-07-11T20:29:22.043355+00:00,bad-expo-2026-official-baa-expo-signo-pipeline-v1.0.0,official_baa_expo_participants_march_2026
БАД-EXPO 2026,Inner Health / Sprint Power,Inner Health / Sprint Power,"коллаген, спортивное питание, протеины, хондропротекторы",,,,50-1,"Event Hall Даниловский, Москва",коллаген; спортивное питание; протеины; хондропротекторы,"Российский бренд инновационных белковых продуктов. На рынке с 2022 г., но уже снискал доверие клинических врачей, врачей превентивной практики, нутрициологов, спортивных диетологов, спортсменов и тех, кто выбрал не болеть и не стареть. Две линейки продукции: Inner Health – здоровье, красота и долголетие. Sprint Power – спортивное питание нового поколения. Внимания заслуживает гидролизат коллагена – та правильная амино-пептидная формула, которая работает. Куриный, морской. Чистый состав без объемных реагентов и подсластителей. 3000 мг высокоусвояемого коллагена в одной порции. Пептиды коллагена II типа – природный хондропротектор с противовоспалительным действием. Пептиды костного бульона в порошке. Удобно хранить, быстро готовить. Вкус и польза настоящего бульона. Мультипротеин – новая формула с хондропротекторным действием. Гидропротеин без казеина, лактозы, подсластителей. Сделано в Ро",,https://innerhealth.ru/,,,https://baa-expo.ru/uchastniki_old_20,baa-expo-march-2026:076,"Inner Health / Sprint Power стенд № 50-1 Российский бренд инновационных белковых продуктов. На рынке с 2022 г., но уже снискал доверие клинических врачей, врачей превентивной практики, нутрициологов, спортивных диетологов, спортсменов и тех, кто выбрал не болеть и не стареть. Две линейки продукции: Inner Health – здоровье, красота и долголетие. Sprint Power – спортивное питание нового поколения. Внимания заслуживает гидролизат коллагена – та правильная амино-пептидная формула, которая работает. Куриный, морской. Чистый состав без объемных реагентов и подсластителей. 3000 мг высокоусвояемого коллагена в одной порции. Пептиды коллагена II типа – природный хондропротектор с противовоспалительным действием. Пептиды костного бульона в порошке. Удобно хранить, быстро готовить. Вкус и польза настоящего бульона. Мультипротеин – новая формула с хондропротекторным действием. Гидропротеин без казеина, лактозы, подсластителей. Сделано в России. Вы не платите за колебания курса доллара и логистику, а ваши деньги идут на развитие страны. innerhealth.ru",ok,,2026-07-11T20:29:22.043355+00:00,bad-expo-2026-official-baa-expo-signo-pipeline-v1.0.0,official_baa_expo_participants_march_2026
БАД-EXPO 2026,СОГЕР,СОГЕР,"коллаген, витамины, растительные экстракты, хондропротекторы",,,,50-2,"Event Hall Даниловский, Москва",коллаген; витамины; растительные экстракты; хондропротекторы,"Артродиетическое питание серий «ГЕЛАДРИНК» и «КАЛЬЦИДРИНК» предназначено для различных возрастных категорий и подходят для: восполнения дефицита полезных для опорно-двигательной системы веществ; в восстановительный период после травм/операций, сохранения подвижности суставов и эластичности соединительных тканей на долгие годы, для улучшения качества жизни при хронических проблемах суставов, для красоты кожи, волос и ногтей. Сбалансированые комплексы содержат синергичные компоненты для питания суставов, которые отбираются с особой тщательностью и отвечают всем необходимым стандартам. Основу каждого продукта составляет высококачественный пептидный коллаген. Во всех продуктах серии присутствует витаминно- минеральная композиция, которая обеспечивает активное насыщение тканей суставно- связочного аппарата (хрящей, связок, костей), а также кожи, волос и ногтей. Отдельные виды продуктов дополн",,https://geladrink.ru/,,,https://baa-expo.ru/uchastniki_old_20,baa-expo-march-2026:077,"СОГЕР стенд № 50-2 Артродиетическое питание серий «ГЕЛАДРИНК» и «КАЛЬЦИДРИНК» предназначено для различных возрастных категорий и подходят для: восполнения дефицита полезных для опорно-двигательной системы веществ; в восстановительный период после травм/операций, сохранения подвижности суставов и эластичности соединительных тканей на долгие годы, для улучшения качества жизни при хронических проблемах суставов, для красоты кожи, волос и ногтей. Сбалансированые комплексы содержат синергичные компоненты для питания суставов, которые отбираются с особой тщательностью и отвечают всем необходимым стандартам. Основу каждого продукта составляет высококачественный пептидный коллаген. Во всех продуктах серии присутствует витаминно- минеральная композиция, которая обеспечивает активное насыщение тканей суставно- связочного аппарата (хрящей, связок, костей), а также кожи, волос и ногтей. Отдельные виды продуктов дополнительно усилены хондропротекторами, МСМ и растительными экстрактами. geladrink.ru",ok,,2026-07-11T20:29:22.043355+00:00,bad-expo-2026-official-baa-expo-signo-pipeline-v1.0.0,official_baa_expo_participants_march_2026
БАД-EXPO 2026,Компания СТЛ,Компания СТЛ,,,,,50-3,"Event Hall Даниловский, Москва",,"Компания «СТЛ» является крупнейшим поставщиком медицинской техники и эффективных физиотерапевтических аппаратов Меркурий, Дельта, Вега и др. на территории Российской Федерации. За 16 лет деятельности филиалы компании открыты в 10 регионах страны, реализовано более 600 000 аппаратов, вернувших здоровье, красоту и молодость тысячам семей. Физиотерапевтическая продукция Компании отвечает высоким стандартам качества и имеет медицинское регистрационное удостоверение. Компания «Современные Технологические Линии» является лауреатом многочисленных специализированных международных и отечественных выставок и конкурсов. stl-comp.ru",,https://stl-comp.ru/,,,https://baa-expo.ru/uchastniki_old_20,baa-expo-march-2026:078,"Компания СТЛ стенд № 50-3 Компания «СТЛ» является крупнейшим поставщиком медицинской техники и эффективных физиотерапевтических аппаратов Меркурий, Дельта, Вега и др. на территории Российской Федерации. За 16 лет деятельности филиалы компании открыты в 10 регионах страны, реализовано более 600 000 аппаратов, вернувших здоровье, красоту и молодость тысячам семей. Физиотерапевтическая продукция Компании отвечает высоким стандартам качества и имеет медицинское регистрационное удостоверение. Компания «Современные Технологические Линии» является лауреатом многочисленных специализированных международных и отечественных выставок и конкурсов. stl-comp.ru",ok,insufficient_product_category_evidence,2026-07-11T20:29:22.043355+00:00,bad-expo-2026-official-baa-expo-signo-pipeline-v1.0.0,official_baa_expo_participants_march_2026
БАД-EXPO 2026,Эко-Элемент,Эко-Элемент,"энтеросорбенты, сладости",,,,50-5,"Event Hall Даниловский, Москва",энтеросорбенты; сладости,"Новосибирская компания Эко-Элемент. Наши продукты созданы талантливыми биохимиками и биофизиками с помощью новейших современных технологий. Мы перешагнули через стандартную медицину и ушли на несколько шагов вперед. Применение этих экологичных и многофункциональных разработок вызывает сначала шок, а потом восхищение! Трансдермальная доставка компонентов обеспечивает очевидный и быстрый эффект. На протяжении 10 лет компания занимается изучением свойств хитозана и разработала уникальную технологию получения низкомолекулярного полимера хитозана, на основании которой был создан Энтеросорбент Эко-Элемент, по эффективности превосходящий в разы порошковую и таблетированную формы хитозана. Только натуральные компоненты! А наша лечебно-профилактическая пастила с хитозаном и кордицепсом – это уникальный продукт, единственный в своем роде. Наша продукция – лучший подарок для здоровья, красоты и дол",,https://eco-element10.ru/,,,https://baa-expo.ru/uchastniki_old_20,baa-expo-march-2026:079,"Эко-Элемент стенд № 50-5 Новосибирская компания Эко-Элемент. Наши продукты созданы талантливыми биохимиками и биофизиками с помощью новейших современных технологий. Мы перешагнули через стандартную медицину и ушли на несколько шагов вперед. Применение этих экологичных и многофункциональных разработок вызывает сначала шок, а потом восхищение! Трансдермальная доставка компонентов обеспечивает очевидный и быстрый эффект. На протяжении 10 лет компания занимается изучением свойств хитозана и разработала уникальную технологию получения низкомолекулярного полимера хитозана, на основании которой был создан Энтеросорбент Эко-Элемент, по эффективности превосходящий в разы порошковую и таблетированную формы хитозана. Только натуральные компоненты! А наша лечебно-профилактическая пастила с хитозаном и кордицепсом – это уникальный продукт, единственный в своем роде. Наша продукция – лучший подарок для здоровья, красоты и долголетия! eco-element10.ru",ok,,2026-07-11T20:29:22.043355+00:00,bad-expo-2026-official-baa-expo-signo-pipeline-v1.0.0,official_baa_expo_participants_march_2026
БАД-EXPO 2026,БиофармаТ,БиофармаТ,бады,,,,50-6,"Event Hall Даниловский, Москва",бады,"ООО «БиофармаТ» объединяет традиционную заботу о здоровье наших потребителей, создавая уникальные формулы на основе проверенных ингредиентов. Наши продукты гарантируют безопасность, эффективность и удобство ежедневного употребления благодаря тщательному контролю всех этапов производства – от выбора качественного сырья до упаковки готовой продукции. Ассортимент компании включает широкий спектр биологически активных добавок, направленных на поддержание различных аспектов здоровья организма: повышение иммунитета, укрепление сердечно-сосудистой системы, улучшение функций мозга и нервной системы, поддержка пищеварительного тракта и общего оздоровления организма. Вся продукция производится строго в соответствии со стандартами качества и безопасности, включая сертификацию ISO, маркировку «Честный знак» и наличие свидетельства о государственной регистрации (СГР). ООО «БиофармаТ» также предлагает",,https://biofarmat.ru/,,,https://baa-expo.ru/uchastniki_old_20,baa-expo-march-2026:080,"БиофармаТ стенд № 50-6 ООО «БиофармаТ» объединяет традиционную заботу о здоровье наших потребителей, создавая уникальные формулы на основе проверенных ингредиентов. Наши продукты гарантируют безопасность, эффективность и удобство ежедневного употребления благодаря тщательному контролю всех этапов производства – от выбора качественного сырья до упаковки готовой продукции. Ассортимент компании включает широкий спектр биологически активных добавок, направленных на поддержание различных аспектов здоровья организма: повышение иммунитета, укрепление сердечно-сосудистой системы, улучшение функций мозга и нервной системы, поддержка пищеварительного тракта и общего оздоровления организма. Вся продукция производится строго в соответствии со стандартами качества и безопасности, включая сертификацию ISO, маркировку «Честный знак» и наличие свидетельства о государственной регистрации (СГР). ООО «БиофармаТ» также предлагает производство биологически активных добавок под ключ, что позволяет нашим партнерам создавать уникальные продукты, соответствующие их требованиям и ожиданиям. Мы стремимся обесп",ok,,2026-07-11T20:29:22.043355+00:00,bad-expo-2026-official-baa-expo-signo-pipeline-v1.0.0,official_baa_expo_participants_march_2026
БАД-EXPO 2026,ЖЕНЬШЕНЬПРОМ,Женьшеньпром,мед,,,,50-7,"Event Hall Даниловский, Москва",мед,"ООО «ЖЕНЬШЕНЬПРОМ» – 22 года уникального клинического опыта натуропатии и фитотерапии. Приглашаем гостей, экспертов, фитотерапевтов, нутрициологов, врачей и целителей всех направлений для сотрудничества. Женьшень из Кореи и России, морской еж, трепанг, самое полезное красное сухое вино, нирванотерапия: «Сон над ульями», «живые» пантовые ванны алтайских маралов рядом с Москвой, органические ягоды и мед без химических добавок и антибиотиков и другие лучшие мировые бренды царства живой природы. БАЛЬЗАМЫ КОРОТКОВА – безопасные и высокоэффективные фитокомплексы из дикорастущих лекарственных растений с продукцией пчеловодства на меду или маслах. Женьшень и другие 12 лучших мировых брендов из царства живой природы из Кореи, России, Казахстана, Эквадора и Японии. Не имеют аналогов по 5 важнейшим критериям: безопасность, универсальность, быстрота и эффективность механизмов лечебного профилактичес",,http://zdorov1000.ru/,,,https://baa-expo.ru/uchastniki_old_20,baa-expo-march-2026:081,"ЖЕНЬШЕНЬПРОМ стенд № 50-7 ООО «ЖЕНЬШЕНЬПРОМ» – 22 года уникального клинического опыта натуропатии и фитотерапии. Приглашаем гостей, экспертов, фитотерапевтов, нутрициологов, врачей и целителей всех направлений для сотрудничества. Женьшень из Кореи и России, морской еж, трепанг, самое полезное красное сухое вино, нирванотерапия: «Сон над ульями», «живые» пантовые ванны алтайских маралов рядом с Москвой, органические ягоды и мед без химических добавок и антибиотиков и другие лучшие мировые бренды царства живой природы. БАЛЬЗАМЫ КОРОТКОВА – безопасные и высокоэффективные фитокомплексы из дикорастущих лекарственных растений с продукцией пчеловодства на меду или маслах. Женьшень и другие 12 лучших мировых брендов из царства живой природы из Кореи, России, Казахстана, Эквадора и Японии. Не имеют аналогов по 5 важнейшим критериям: безопасность, универсальность, быстрота и эффективность механизмов лечебного профилактического действия, многофункциональность. zdorov1000.ru",ok,,2026-07-11T20:29:22.043355+00:00,bad-expo-2026-official-baa-expo-signo-pipeline-v1.0.0,official_baa_expo_participants_march_2026
БАД-EXPO 2026,Фермерское хозяйство «СИЛА ГОР АЛТАЯ»,Фермерское хозяйство «СИЛА ГОР АЛТАЯ»,растительные экстракты,,,,50-8,"Event Hall Даниловский, Москва",растительные экстракты,"Заготовка, производство и фасовка фито-продукции Горного Алтая. Консультации травницы.",,,,,https://baa-expo.ru/uchastniki_old_20,baa-expo-march-2026:082,"Фермерское хозяйство «СИЛА ГОР АЛТАЯ» стенд № 50-8 Заготовка, производство и фасовка фито-продукции Горного Алтая. Консультации травницы.",ok,,2026-07-11T20:29:22.043355+00:00,bad-expo-2026-official-baa-expo-signo-pipeline-v1.0.0,official_baa_expo_participants_march_2026
БАД-EXPO 2026,Мёд Алтая,Мёд Алтая,мед,,,,50-9/1,"Event Hall Даниловский, Москва",мед,"Мы – семья пчеловодов со стажем работы более 50 лет. Предлагаем вашему вниманию уникальные сорта натурального Алтайского меда. Мы хорошо знаем и любим свое дело и сами едим мед ежедневно. На протяжении многих лет мы участвуем в ярмарках и выставках в Москве, Санкт-Петербурге и других городах России, весь мед проходит лабораторную проверку качества. Мед перенимает лечебные свойства растений и благотворно влияет на весь человеческий организм. Это наиболее чистая и полезная еда, дарованная самой природой! Осуществляем курьерскую доставку по Москве, отправляем посылки по России и миру. Также вы можете посетить выставки с нашим участием или забрать мед в наших пунктах самовывоза. Мы с уважением относимся к вам и гарантируем высокое качество нашего меда! allhoney.ru",,https://allhoney.ru/,,,https://baa-expo.ru/uchastniki_old_20,baa-expo-march-2026:083,"Мёд Алтая стенд № 50-9/1 Мы – семья пчеловодов со стажем работы более 50 лет. Предлагаем вашему вниманию уникальные сорта натурального Алтайского меда. Мы хорошо знаем и любим свое дело и сами едим мед ежедневно. На протяжении многих лет мы участвуем в ярмарках и выставках в Москве, Санкт-Петербурге и других городах России, весь мед проходит лабораторную проверку качества. Мед перенимает лечебные свойства растений и благотворно влияет на весь человеческий организм. Это наиболее чистая и полезная еда, дарованная самой природой! Осуществляем курьерскую доставку по Москве, отправляем посылки по России и миру. Также вы можете посетить выставки с нашим участием или забрать мед в наших пунктах самовывоза. Мы с уважением относимся к вам и гарантируем высокое качество нашего меда! allhoney.ru",ok,,2026-07-11T20:29:22.043355+00:00,bad-expo-2026-official-baa-expo-signo-pipeline-v1.0.0,official_baa_expo_participants_march_2026
БАД-EXPO 2026,Деликатес Дичь,Деликатес Дичь,мясные продукты,,,,50-9,"Event Hall Даниловский, Москва",мясные продукты,"Мы – уникальная на российском рынке торговая марка «ДЕЛИКАТЕС ДИЧЬ». В нашем ассортименте представлены не просто мясные изделия высшего качества, а настоящие экологически чистые деликатесы из мяса диких животных. delikatess-dich.ru",,https://delikatess-dich.ru/,,,https://baa-expo.ru/uchastniki_old_20,baa-expo-march-2026:084,"Деликатес Дичь стенд № 50-9 Мы – уникальная на российском рынке торговая марка «ДЕЛИКАТЕС ДИЧЬ». В нашем ассортименте представлены не просто мясные изделия высшего качества, а настоящие экологически чистые деликатесы из мяса диких животных. delikatess-dich.ru",ok,,2026-07-11T20:29:22.043355+00:00,bad-expo-2026-official-baa-expo-signo-pipeline-v1.0.0,official_baa_expo_participants_march_2026
БАД-EXPO 2026,Probiolab,Probiolab,здоровое питание,,,,50-10,"Event Hall Даниловский, Москва",здоровое питание,"Probiolab - динамично растущий премиальный европейский бренд, собравший в своей линейке продукты для здоровья и красоты. probiolab.ru",,https://probiolab.ru/,,,https://baa-expo.ru/uchastniki_old_20,baa-expo-march-2026:085,"Probiolab стенд № 50-10 Probiolab - динамично растущий премиальный европейский бренд, собравший в своей линейке продукты для здоровья и красоты. probiolab.ru",ok,,2026-07-11T20:29:22.043355+00:00,bad-expo-2026-official-baa-expo-signo-pipeline-v1.0.0,official_baa_expo_participants_march_2026
БАД-EXPO 2026,АльфаБиом,АльфаБиом,"коллаген, витамины, здоровое питание",,,,50-11,"Event Hall Даниловский, Москва",коллаген; витамины; здоровое питание,"ООО «Альфабиом» – производитель и дистрибьютор качественных продуктов для здоровья из Южной Кореи. AntiAGE-Biom: мультисинбиотик нового поколения, содержащий уникальный штамм Lactococcus lactis KF-140. Снижает уровень КПГ/AGEs в крови на 90%, улучшает микробиоту кишечника, нормализует обмен веществ, предупреждает развитие атеросклероза и диабета, замедляет старение, укрепляет иммунитет. Подтверждено клинически. Collagen-Biom Premium: пептидный морской коллаген 5000 мг с персиковым вкусом. Имеет клиническое исследование по стандартам РКИ, демонстрирующих улучшение состояние кожи. Для хорошей биодоступности вместе с 5000 мг действующего вещества в составе необходимые кофакторы: гиалуроновая кислота, коэнзим Q10, биотин, витамин С, керамиды, эластин. Lipid-Biom: добавка красного ферментированного риса 600 мг. Снижает уровень холестерина-ЛПНП, улучшает липидный обмен. Дополняет состав продук",,https://alfabiom.com/,,,https://baa-expo.ru/uchastniki_old_20,baa-expo-march-2026:086,"АльфаБиом стенд № 50-11 ООО «Альфабиом» – производитель и дистрибьютор качественных продуктов для здоровья из Южной Кореи. AntiAGE-Biom: мультисинбиотик нового поколения, содержащий уникальный штамм Lactococcus lactis KF-140. Снижает уровень КПГ/AGEs в крови на 90%, улучшает микробиоту кишечника, нормализует обмен веществ, предупреждает развитие атеросклероза и диабета, замедляет старение, укрепляет иммунитет. Подтверждено клинически. Collagen-Biom Premium: пептидный морской коллаген 5000 мг с персиковым вкусом. Имеет клиническое исследование по стандартам РКИ, демонстрирующих улучшение состояние кожи. Для хорошей биодоступности вместе с 5000 мг действующего вещества в составе необходимые кофакторы: гиалуроновая кислота, коэнзим Q10, биотин, витамин С, керамиды, эластин. Lipid-Biom: добавка красного ферментированного риса 600 мг. Снижает уровень холестерина-ЛПНП, улучшает липидный обмен. Дополняет состав продукта коэнзим Q10. Имеет исследование эффективности. ООО «Альфабиом» – молодость и здоровье изнутри. alfabiom.com",ok,,2026-07-11T20:29:22.043355+00:00,bad-expo-2026-official-baa-expo-signo-pipeline-v1.0.0,official_baa_expo_participants_march_2026
БАД-EXPO 2026,ООО «ССП»,ССП,"бады, спортивное питание, напитки",,,,50-12,"Event Hall Даниловский, Москва",бады; спортивное питание; напитки,"ООО «ССП» (Смоленское Спортивное Питание) — российская компания, специализирующаяся на контрактном производстве биологически активных добавок (БАД), спортивного питания и функциональных напитков. Мы предлагаем полный цикл производства, включая лабораторные испытания и получение паспорта качества. Продукция выпускается в различных формах: твёрдые и мягкие желатиновые капсулы, таблетки, порошки, напитки. Среди преимуществ работы нами: более 1000 уникальных готовых составов; возможность создания продукта-аналога зарубежных брендов; производство «под ключ»; работа с импортным сырьём; возможность изготовления продукции под индивидуальную торговую марку заказчика. ООО «ССП» аккредитовано по стандартам HACCP и ISO, что гарантирует качество производимой продукции. ssp-nutrition",,http://ssp-nutrition.ru/,,,https://baa-expo.ru/uchastniki_old_20,baa-expo-march-2026:087,"ООО «ССП» стенд № 50-12 ООО «ССП» (Смоленское Спортивное Питание) — российская компания, специализирующаяся на контрактном производстве биологически активных добавок (БАД), спортивного питания и функциональных напитков. Мы предлагаем полный цикл производства, включая лабораторные испытания и получение паспорта качества. Продукция выпускается в различных формах: твёрдые и мягкие желатиновые капсулы, таблетки, порошки, напитки. Среди преимуществ работы нами: более 1000 уникальных готовых составов; возможность создания продукта-аналога зарубежных брендов; производство «под ключ»; работа с импортным сырьём; возможность изготовления продукции под индивидуальную торговую марку заказчика. ООО «ССП» аккредитовано по стандартам HACCP и ISO, что гарантирует качество производимой продукции. ssp-nutrition",ok,,2026-07-11T20:29:22.043355+00:00,bad-expo-2026-official-baa-expo-signo-pipeline-v1.0.0,official_baa_expo_participants_march_2026
БАД-EXPO 2026,Берёзовый мир,Берёзовый мир,"бады, растительные экстракты, косметика",,,,50-13,"Event Hall Даниловский, Москва",бады; растительные экстракты; косметика,"Научно-производственное объединение «Березовый мир» – одна из первых российских компаний, ведущих с 2001-го года деятельность по выделению и изучению природных соединений березы. Основным критерием при разработке и создании продукции стала доказательная медицина. Выполнено огромное количество исследовательских работ в десятках научно-исследовательских институтах страны, задействованы лучшие умы отечественной науки, чтобы изучить полезные свойства нового препарата, подаренного самой природой для здоровья людей. Получено 27 патентов по использованию бетулиносодержащего экстракта бересты (БЭБ) в медицине, ветеринарии и пищевой промышленности. А также в представленных на данной выставке: натуральных фитопрепаратах – БАДах и уникальной косметике на основе БЭБ. BirchWorld.ru",,http://birchworld.ru/,,,https://baa-expo.ru/uchastniki_old_20,baa-expo-march-2026:088,"Берёзовый мир стенд № 50-13 Научно-производственное объединение «Березовый мир» – одна из первых российских компаний, ведущих с 2001-го года деятельность по выделению и изучению природных соединений березы. Основным критерием при разработке и создании продукции стала доказательная медицина. Выполнено огромное количество исследовательских работ в десятках научно-исследовательских институтах страны, задействованы лучшие умы отечественной науки, чтобы изучить полезные свойства нового препарата, подаренного самой природой для здоровья людей. Получено 27 патентов по использованию бетулиносодержащего экстракта бересты (БЭБ) в медицине, ветеринарии и пищевой промышленности. А также в представленных на данной выставке: натуральных фитопрепаратах – БАДах и уникальной косметике на основе БЭБ. BirchWorld.ru",ok,,2026-07-11T20:29:22.043355+00:00,bad-expo-2026-official-baa-expo-signo-pipeline-v1.0.0,official_baa_expo_participants_march_2026
БАД-EXPO 2026,Водорослевая Компания,Водорослевая Компания,водорослевая продукция,,,,50-14,"Event Hall Даниловский, Москва",водорослевая продукция,"«Водорослевая Компания» – ваш проводник в мир естественного здоровья! Наши биоактивные добавки отличаются высокой концентрацией вещества и эффективностью. МАРИСПАН – настоящий дар из океанских глубин. Это биоактивная добавка на основе Фукоидана, извлеченного из бурых водорослей. Фукоидан обладает мощными антиоксидантными свойствами, поддерживает иммунитет и замедляет процессы старения. Мы тщательно отбираем водоросли, чтобы извлечь максимальную пользу Фукоидана и предложить вам его в чистой и эффективной форме. МАРНИЛАМ – биоактивная добавка для поддержки здоровья основанная на веществе Ламинаран, которое также содержится в водорослях и известно своими полезными свойствами. Ламинаран способствует нормализации обмена веществ, поддерживает здоровье сердечно-сосудистой системы, укрепляет иммунитет и помогает вашему организму функционировать на все 100%. Собственное производство. Технология,",,http://vodro.ru/,,,https://baa-expo.ru/uchastniki_old_20,baa-expo-march-2026:089,"Водорослевая Компания стенд № 50-14 «Водорослевая Компания» – ваш проводник в мир естественного здоровья! Наши биоактивные добавки отличаются высокой концентрацией вещества и эффективностью. МАРИСПАН – настоящий дар из океанских глубин. Это биоактивная добавка на основе Фукоидана, извлеченного из бурых водорослей. Фукоидан обладает мощными антиоксидантными свойствами, поддерживает иммунитет и замедляет процессы старения. Мы тщательно отбираем водоросли, чтобы извлечь максимальную пользу Фукоидана и предложить вам его в чистой и эффективной форме. МАРНИЛАМ – биоактивная добавка для поддержки здоровья основанная на веществе Ламинаран, которое также содержится в водорослях и известно своими полезными свойствами. Ламинаран способствует нормализации обмена веществ, поддерживает здоровье сердечно-сосудистой системы, укрепляет иммунитет и помогает вашему организму функционировать на все 100%. Собственное производство. Технология, не имеющая аналогов в России. Использование собственных научных исследований и разработок. vodro.ru",ok,,2026-07-11T20:29:22.043355+00:00,bad-expo-2026-official-baa-expo-signo-pipeline-v1.0.0,official_baa_expo_participants_march_2026
БАД-EXPO 2026,LaBBelo,LaBBelo,"коллаген, витамины, аминокислоты",,,,50-15,"Event Hall Даниловский, Москва",коллаген; витамины; аминокислоты,"LaBBelo – это премиальные ревитализирующие комплексы с научно – обоснованной комбинацией витаминов, минералов, аминокислот и коллагена, которые замедляют процессы старения, сохраняют энергию жизни, здоровье суставов красоту и молодость кожи, волос и ногтей, а главное – насыщают организм практически всеми витаминами и минералами, в которых он нуждается, восполняют дефициты основных микро- и макронутриентов. Именно сбалансированный витаминно-минеральный состав является базой каждого продукта. labbelo.ru",,https://labbelo.ru/,,,https://baa-expo.ru/uchastniki_old_20,baa-expo-march-2026:090,"LaBBelo стенд № 50-15 LaBBelo – это премиальные ревитализирующие комплексы с научно – обоснованной комбинацией витаминов, минералов, аминокислот и коллагена, которые замедляют процессы старения, сохраняют энергию жизни, здоровье суставов красоту и молодость кожи, волос и ногтей, а главное – насыщают организм практически всеми витаминами и минералами, в которых он нуждается, восполняют дефициты основных микро- и макронутриентов. Именно сбалансированный витаминно-минеральный состав является базой каждого продукта. labbelo.ru",ok,,2026-07-11T20:29:22.043355+00:00,bad-expo-2026-official-baa-expo-signo-pipeline-v1.0.0,official_baa_expo_participants_march_2026
БАД-EXPO 2026,ВетЕвроФарм,ВетЕвроФарм,"бады, здоровое питание, хондропротекторы",,,,50-17,"Event Hall Даниловский, Москва",бады; здоровое питание; хондропротекторы,"Компания ООО «ВетЕвроФарм» обладает многолетним опытом создания высокоэффективных препаратов для ветеринарного рынка, представляет свой первый продукт для здоровья людей. Представляем «Артро-Питание» - жидкую хондропротекторную формулу, эффективность которой выведена на новый уровень за счёт уникального компонента - комплекса гиалуроновых кислот. «Артро-Питание» - это продуманное решение для здоровья суставов, сочетающее экспертизу ветеринарной фармакологии с последними достижениями нутрицевтики. REPROVET_GMP",,,,,https://baa-expo.ru/uchastniki_old_20,baa-expo-march-2026:091,"ВетЕвроФарм стенд № 50-17 Компания ООО «ВетЕвроФарм» обладает многолетним опытом создания высокоэффективных препаратов для ветеринарного рынка, представляет свой первый продукт для здоровья людей. Представляем «Артро-Питание» - жидкую хондропротекторную формулу, эффективность которой выведена на новый уровень за счёт уникального компонента - комплекса гиалуроновых кислот. «Артро-Питание» - это продуманное решение для здоровья суставов, сочетающее экспертизу ветеринарной фармакологии с последними достижениями нутрицевтики. REPROVET_GMP",ok,,2026-07-11T20:29:22.043355+00:00,bad-expo-2026-official-baa-expo-signo-pipeline-v1.0.0,official_baa_expo_participants_march_2026
БАД-EXPO 2026,Наш Мир – Ваше здоровье,Наш Мир – Ваше здоровье,"коллаген, витамины, протеины, здоровое питание, косметика",,,,51-2,"Event Hall Даниловский, Москва",коллаген; витамины; протеины; здоровое питание; косметика,"Стенд представляет оздоровительную продукцию индийских производителей. Вы сможете приобрести натуральные и полезные продукты, которые необходимы организму человека на ежедневной основе для сохранения здоровья, молодости и красоты: коллаген морской (кости, связки, суставы, сухожилия); природная форма витамина С (Амла-индийский крыжовник), плод – суперфуд, который прекрасен для ощелачивания организма, предотвращает накопление молочной и мочевой кислот в организме, великолепно действует на перистальтику кишечника и работу ЖКТ в целом, повышает сопротивляемость организма к вирусным заболеваниям; противовоспалительное природное средство куркумин и многое другое. Мы являемся официальным представителем фирмы «Рахул Фати» rahulphate.com. Научные разработки – комбинация аюрведы и классических витаминов. Хозяин данного бренда – кандидат наук, доктор Рахул Фати – имеет свои клиники в Индии (штат Ма",,,,,https://baa-expo.ru/uchastniki_old_20,baa-expo-march-2026:092,"Наш Мир – Ваше здоровье стенд № 51-2 Стенд представляет оздоровительную продукцию индийских производителей. Вы сможете приобрести натуральные и полезные продукты, которые необходимы организму человека на ежедневной основе для сохранения здоровья, молодости и красоты: коллаген морской (кости, связки, суставы, сухожилия); природная форма витамина С (Амла-индийский крыжовник), плод – суперфуд, который прекрасен для ощелачивания организма, предотвращает накопление молочной и мочевой кислот в организме, великолепно действует на перистальтику кишечника и работу ЖКТ в целом, повышает сопротивляемость организма к вирусным заболеваниям; противовоспалительное природное средство куркумин и многое другое. Мы являемся официальным представителем фирмы «Рахул Фати» rahulphate.com. Научные разработки – комбинация аюрведы и классических витаминов. Хозяин данного бренда – кандидат наук, доктор Рахул Фати – имеет свои клиники в Индии (штат Махараштра). Специализация: косметика для волос (профессиональные средства против алопеции); косметика для кожи лица и тела; оздоровительная продукция: хондропротект",ok,,2026-07-11T20:29:22.043355+00:00,bad-expo-2026-official-baa-expo-signo-pipeline-v1.0.0,official_baa_expo_participants_march_2026
БАД-EXPO 2026,Биоквант,Биоквант,"растительные экстракты, фитосвечи, косметика",,,,51-3,"Event Hall Даниловский, Москва",растительные экстракты; фитосвечи; косметика,"Биоквант – это российская компания. Основное направление центра Биоквант - это комплексное восстановление организма методом информационно-волнового воздействия. Компания производит оздоровительные продукты под торговой маркой +GT Garyaev technology, которые не только борются с неприятными симптомами, но и помогают восстанавливать организм. Вся продукция в своем составе содержит только натуральные компоненты. Фито свечи Волна - широкого диапазона воздействия. Ректально: наружный геморрой, запоры, хронические анальные трещины, простатит, боль в области крестца и поясницы, колит, парапроктит на раннем этапе. Вагинально: эндометриоз, эрозия шейки матки, болезненные менструации, свищи урогенитальные, родовые травмы, сухость влагалища. Квантово-информационные крема: КИК-1: для сосудов и вен, наружном геморрое. КИК-2: антивозрастной для лица и тела КИК-3: при невралгиях, фурункулезе, для заживл",,https://bioquant-garyaev.com/,,,https://baa-expo.ru/uchastniki_old_20,baa-expo-march-2026:093,"Биоквант стенд № 51-3 Биоквант – это российская компания. Основное направление центра Биоквант - это комплексное восстановление организма методом информационно-волнового воздействия. Компания производит оздоровительные продукты под торговой маркой +GT Garyaev technology, которые не только борются с неприятными симптомами, но и помогают восстанавливать организм. Вся продукция в своем составе содержит только натуральные компоненты. Фито свечи Волна - широкого диапазона воздействия. Ректально: наружный геморрой, запоры, хронические анальные трещины, простатит, боль в области крестца и поясницы, колит, парапроктит на раннем этапе. Вагинально: эндометриоз, эрозия шейки матки, болезненные менструации, свищи урогенитальные, родовые травмы, сухость влагалища. Квантово-информационные крема: КИК-1: для сосудов и вен, наружном геморрое. КИК-2: антивозрастной для лица и тела КИК-3: при невралгиях, фурункулезе, для заживления рубцов КИК-4: при воспалениях в мышцах и суставах bioquant-garyaev.com",ok,,2026-07-11T20:29:22.043355+00:00,bad-expo-2026-official-baa-expo-signo-pipeline-v1.0.0,official_baa_expo_participants_march_2026
БАД-EXPO 2026,Золото Императора,Золото Императора,,,,,52,"Event Hall Даниловский, Москва",,"""Золото Императора"" - производитель инновационная биотехнологическая компания ""Золото Сахалина"" - бренд, объединяющий опыт традиционной восточной медицины и современные научные подходы. Бренд базируется на Сахалине и в Кольцово (Новосибирск), является участником инновационного кластера ""Сколково"" (Биомед). Мы работаем вместе с ведущими научными центрами страны: Институт цитологии и генетики СО РАН, Институт химической биологии и фундаментальной медицины СО РАН, Новосибирский государственный медицинский университет, Институт биологических проблем Севера ДВО РАН. Продукты проходят полный цикл: лабораторные испытания, доклинические и клинические исследования, подтверждение безопасности и эффективности. zoloto-imperatora",,https://zoloto-imperatora.ru/,,,https://baa-expo.ru/uchastniki_old_20,baa-expo-march-2026:094,"Золото Императора стенд № 52 ""Золото Императора"" - производитель инновационная биотехнологическая компания ""Золото Сахалина"" - бренд, объединяющий опыт традиционной восточной медицины и современные научные подходы. Бренд базируется на Сахалине и в Кольцово (Новосибирск), является участником инновационного кластера ""Сколково"" (Биомед). Мы работаем вместе с ведущими научными центрами страны: Институт цитологии и генетики СО РАН, Институт химической биологии и фундаментальной медицины СО РАН, Новосибирский государственный медицинский университет, Институт биологических проблем Севера ДВО РАН. Продукты проходят полный цикл: лабораторные испытания, доклинические и клинические исследования, подтверждение безопасности и эффективности. zoloto-imperatora",ok,insufficient_product_category_evidence,2026-07-11T20:29:22.043355+00:00,bad-expo-2026-official-baa-expo-signo-pipeline-v1.0.0,official_baa_expo_participants_march_2026
БАД-EXPO 2026,РОСИННОВ – Российские инновации,РОСИННОВ – Российские инновации,оздоровительная продукция,,,,53,"Event Hall Даниловский, Москва",оздоровительная продукция,"Инновационные продукты в сфере улучшения здоровья, красоты и спорта. Клеточные энергорегенераторы российского ученого С.Ф. Русинова дают правильное питание митохондриям (энергетическим станциям) клеток, их энергетика повышается, и клетки передают более полную информацию о состоянии органа в головной мозг через периферическую нервную систему. Когда мозг начинает видеть проблему, он начинает наводить порядок в организме через нормализацию работы его основных систем – кровеносной, нервной и лимфатической. Организм постепенно восстанавливается. Серия «Здоровье» – здоровье сосудов ног, рук, мочеполовой системы, головного мозга, сердца, суставов, позвоночника, ЖКТ, глаз и дыхания. Активатор укрепит и усилит рост новых волос на голове, улучшит структуру. Комплекс MOBIKO – существенное омоложение кожи лица, шеи и декольте. Серия «Спорт» – улучшение результатов в спорте без вреда для здоровья. На",,https://rosinnov.ru/,,,https://baa-expo.ru/uchastniki_old_20,baa-expo-march-2026:095,"РОСИННОВ – Российские инновации стенд № 53 Инновационные продукты в сфере улучшения здоровья, красоты и спорта. Клеточные энергорегенераторы российского ученого С.Ф. Русинова дают правильное питание митохондриям (энергетическим станциям) клеток, их энергетика повышается, и клетки передают более полную информацию о состоянии органа в головной мозг через периферическую нервную систему. Когда мозг начинает видеть проблему, он начинает наводить порядок в организме через нормализацию работы его основных систем – кровеносной, нервной и лимфатической. Организм постепенно восстанавливается. Серия «Здоровье» – здоровье сосудов ног, рук, мочеполовой системы, головного мозга, сердца, суставов, позвоночника, ЖКТ, глаз и дыхания. Активатор укрепит и усилит рост новых волос на голове, улучшит структуру. Комплекс MOBIKO – существенное омоложение кожи лица, шеи и декольте. Серия «Спорт» – улучшение результатов в спорте без вреда для здоровья. Натуральный состав. Высокая эффективность. В основном наружное применение. Не являются лекарством. rosinnov.ru",ok,,2026-07-11T20:29:22.043355+00:00,bad-expo-2026-official-baa-expo-signo-pipeline-v1.0.0,official_baa_expo_participants_march_2026
БАД-EXPO 2026,Premier Nutritional,Premier Nutritional,пробиотики,,,,54,"Event Hall Даниловский, Москва",пробиотики,"Пробиотические комплексы Lactoflorene от компании Montefarmaco (с 1945 года) производят в Италии на заводе, сертифицированном по всем стандартам GMP. Пробиотики в составе продукта имеют международный статус GRAS, присвоенный FDA. Как по компонентам, так и по продуктам проведены десятки клинических исследований. lactoflorene.eu",,https://lactoflorene.eu/,,,https://baa-expo.ru/uchastniki_old_20,baa-expo-march-2026:096,"Premier Nutritional стенд № 54 Пробиотические комплексы Lactoflorene от компании Montefarmaco (с 1945 года) производят в Италии на заводе, сертифицированном по всем стандартам GMP. Пробиотики в составе продукта имеют международный статус GRAS, присвоенный FDA. Как по компонентам, так и по продуктам проведены десятки клинических исследований. lactoflorene.eu",ok,,2026-07-11T20:29:22.043355+00:00,bad-expo-2026-official-baa-expo-signo-pipeline-v1.0.0,official_baa_expo_participants_march_2026
БАД-EXPO 2026,Generis,Generis,бады,,,,55,"Event Hall Даниловский, Москва",бады,"Проект с участием Федерального исследовательского центра фундаментальной и трансляционной медицины. Разработана технология программируемой конверсии глюкановых биополимеров для получения модифицированного полисахарида Десол 7. Он легко и быстро проникает в ткани организма и избирательно стимулирует глюкановые рецепторы мононуклеарных фагоцитов (макрофагов). В результате многократно повышается активность клеточного звена иммунитета. На основе Десола 7 создана линейка биорегуляторов НУКЛЕОН, позволяющая: защитить организм от любых инфекций; снизить риск возникновения и развития опухолей; купировать проявления воспаления; активизировать процессы регенерации; усилить нейтрализацию и выведение токсинов; восстанавливать кровообращение; снизить проявления фиброза; улучшить репродуктивные функции у мужчин и женщин. Мы предлагаем Десол 7 потенциальным партнерам для производства БАДов под СТМ, а л",,http://generis.club/,,,https://baa-expo.ru/uchastniki_old_20,baa-expo-march-2026:097,"Generis стенд № 55 Проект с участием Федерального исследовательского центра фундаментальной и трансляционной медицины. Разработана технология программируемой конверсии глюкановых биополимеров для получения модифицированного полисахарида Десол 7. Он легко и быстро проникает в ткани организма и избирательно стимулирует глюкановые рецепторы мононуклеарных фагоцитов (макрофагов). В результате многократно повышается активность клеточного звена иммунитета. На основе Десола 7 создана линейка биорегуляторов НУКЛЕОН, позволяющая: защитить организм от любых инфекций; снизить риск возникновения и развития опухолей; купировать проявления воспаления; активизировать процессы регенерации; усилить нейтрализацию и выведение токсинов; восстанавливать кровообращение; снизить проявления фиброза; улучшить репродуктивные функции у мужчин и женщин. Мы предлагаем Десол 7 потенциальным партнерам для производства БАДов под СТМ, а линейку продуктов НУКЛЕОН всем организациям, занимающимся реализацией БАДов. generis.club",ok,,2026-07-11T20:29:22.043355+00:00,bad-expo-2026-official-baa-expo-signo-pipeline-v1.0.0,official_baa_expo_participants_march_2026
БАД-EXPO 2026,Радонега,Радонега,,,,,56,"Event Hall Даниловский, Москва",,"ООО «Радонега» - ведущий производитель коллоидных растворов золота и серебра. Это продукты, содержащие высокодисперсные частицы золота и серебра исключительно наноразмерного диапазона, взвешенные в высокоочищенной воде. Благодаря нано размеру частиц достигается максимальная биодоступность такой формы золота и серебра и, как следствие, его эффективность и безопасность. Производство раствора реализовано методом высоковольтного электродугового разряда. Наш продукт не содержит никакой химии, стабилизаторов или красителей. radonega",,http://radonega.com/,,,https://baa-expo.ru/uchastniki_old_20,baa-expo-march-2026:098,"Радонега стенд № 56 ООО «Радонега» - ведущий производитель коллоидных растворов золота и серебра. Это продукты, содержащие высокодисперсные частицы золота и серебра исключительно наноразмерного диапазона, взвешенные в высокоочищенной воде. Благодаря нано размеру частиц достигается максимальная биодоступность такой формы золота и серебра и, как следствие, его эффективность и безопасность. Производство раствора реализовано методом высоковольтного электродугового разряда. Наш продукт не содержит никакой химии, стабилизаторов или красителей. radonega",ok,insufficient_product_category_evidence,2026-07-11T20:29:22.043355+00:00,bad-expo-2026-official-baa-expo-signo-pipeline-v1.0.0,official_baa_expo_participants_march_2026
БАД-EXPO 2026,АРОМА ДЗЕН,Арома Дзен,"эфирные масла, масла",,,,57,"Event Hall Даниловский, Москва",эфирные масла; масла,"Арома Дзен - ваш дзен в мире ароматов. AROMA DZEN объединяет ведущие японские компании и передовые технологии в ароматерапии. Мы специализируемся на японской ароматической культуре, существующей более пяти веков, начиная с эпохи Эдо XVII века. Наши партнеры производят эфирные масла исключительно из натуральных компонентов, без синтетики и токсинов, с соблюдением стандартов безопасности Aroma Environment Association of Japan (AEAJ). Каждое масло проходит строгий контроль качества и газовую хроматографию, соответствуя требованиям безопасности Японии и других стран. Производство сырья осуществляется под строгим контролем как в Японии, так и за её пределами, чтобы гарантировать высочайшее качество эфирных масел . aroma-dzen.ru",,https://aroma-dzen.ru/,,,https://baa-expo.ru/uchastniki_old_20,baa-expo-march-2026:099,"АРОМА ДЗЕН стенд № 57 Арома Дзен - ваш дзен в мире ароматов. AROMA DZEN объединяет ведущие японские компании и передовые технологии в ароматерапии. Мы специализируемся на японской ароматической культуре, существующей более пяти веков, начиная с эпохи Эдо XVII века. Наши партнеры производят эфирные масла исключительно из натуральных компонентов, без синтетики и токсинов, с соблюдением стандартов безопасности Aroma Environment Association of Japan (AEAJ). Каждое масло проходит строгий контроль качества и газовую хроматографию, соответствуя требованиям безопасности Японии и других стран. Производство сырья осуществляется под строгим контролем как в Японии, так и за её пределами, чтобы гарантировать высочайшее качество эфирных масел . aroma-dzen.ru",ok,,2026-07-11T20:29:22.043355+00:00,bad-expo-2026-official-baa-expo-signo-pipeline-v1.0.0,official_baa_expo_participants_march_2026
БАД-EXPO 2026,Тибетские рецепты,Тибетские рецепты,оздоровительная продукция,,,,62,"Event Hall Даниловский, Москва",оздоровительная продукция,"Тибетские рецепты – компания, выпускающая продукцию для здоровья, ухода за телом и лицом. Все препараты производятся из высоко качественного сырья, прошедшего несколько стадий контроля. Наша продукция отличается уникальностью и высокой эффективностью, в ней сочетаются ценнейшие вековые традиции восточной медицины и самые инновационные косметические достижения! Практикующие в течении нескольких десятилетий. Компания осуществляет оптовую и розничную торговлю. В ассортименте представлены линейки продуктов для СПА процедур, лечебные бальзамы по уходу за лицом и телом, моксотерапия, гуаша, аппараты для салонов красоты.",,,,,https://baa-expo.ru/uchastniki_old_20,baa-expo-march-2026:100,"Тибетские рецепты стенд № 62 Тибетские рецепты – компания, выпускающая продукцию для здоровья, ухода за телом и лицом. Все препараты производятся из высоко качественного сырья, прошедшего несколько стадий контроля. Наша продукция отличается уникальностью и высокой эффективностью, в ней сочетаются ценнейшие вековые традиции восточной медицины и самые инновационные косметические достижения! Практикующие в течении нескольких десятилетий. Компания осуществляет оптовую и розничную торговлю. В ассортименте представлены линейки продуктов для СПА процедур, лечебные бальзамы по уходу за лицом и телом, моксотерапия, гуаша, аппараты для салонов красоты.",ok,equipment_or_appliance_only,2026-07-11T20:29:22.043355+00:00,bad-expo-2026-official-baa-expo-signo-pipeline-v1.0.0,official_baa_expo_participants_march_2026
