event_name,company_name,country,city,address,stand,pavilion,rubrics,product_notes,brands,website,public_email,public_phone,source_url,exhibitor_id,alpha_filter,evidence_snippet,parse_status,missing_fields,scraped_at,parser_version
ChemiCos 2026,ACSens / ВМ Ингредиентс,Россия,Котельники,"Россия, 140053, г. Котельники, Дзержинское шоссе д.9 к1",92F41,,CHEMICOS INDUSTRY,"ACSens - российская марка отдушек и парфюмерных композиций. Производство расположено в г. Котельники, МО и полностью оснащено автоматическими линиями высокой точности. Ежегодно компания инвестирует средства в инновации и разработку уникальных ароматов для производства парфюмерно-косметической продукции, средств личной гигиены, бытовой, авто и промышленной химии. Использование газовой хроматографии позволяет успешно контролировать качество входящего сырья и лидировать в проектах по импортозамещению иностранных отдушек. В текущем ассортименте ACSens более 5000 наименований. Мы являемся крупнейшим российским производителем отдушек и лидером в разработке ароматов!",ACSens,http://www.acsens.ru,anna.saprykina@mail.ru,74955482917,https://chemicos.ru/ru/company-card-axe?sendcompany=5830,5830,A,"ACSens - российская марка отдушек и парфюмерных композиций. Производство расположено в г. Котельники, МО и полностью оснащено автоматическими линиями высокой точности. Ежегодно компания инвестирует средства в инновации и разработку уникальных ароматов для производства парфюмерно-косметической продукции, средств личной гигиены, бытовой, авто и промышленной химии. Использование газовой хроматографии позволяет успешно контролировать качество входящего сырья и лидировать в проектах по импортозамещению иностранных отдушек. В текущем ассортименте ACSens более 5000 наименований. Мы являемся крупнейшим российским производителем отдушек и лидером в разработке ароматов! | CHEMICOS INDUSTRY | ACSens",ok,,2026-06-13T06:10:24Z,chemicos-joomla-catalog-v1.0.0
ChemiCos 2026,AER (АЕР),Россия,Санкт-Петербург,"Россия, 190031, г. Санкт-Петербург, переулок Спасский, дом 4, литер Б, помещение 6Н, офис 3",91F21,,ПРОФЕССИОНАЛЬНАЯ И БЫТОВАЯ ХИМИЯ,"Компания АЕР – российский производитель товаров для дома и автоаксессуаров из полимеров, работает на рынке пластмассовых изделий с 2005 года, является экспертом, разработала и внедрила уникальную технологию производства полимерных ароматизаторов. Ароматизаторы имеют современный дизайн, стойкий аромат, гигиеничны и удобны в использовании. Ассортимент продукции: ароматизаторы воздуха, поглотители запахов, скребки, водосгоны, брызговики, рамки для номеров. Продукция производится под собственным товарным знаком АЕР, а также под СТМ заказчиков. Вся продукция отличается продуманным конструктивом, дизайном и качеством.",АЕР,http://www.aer-tech.ru,sale@aer-tech.ru,+7(812)320-07-34,https://chemicos.ru/ru/company-card-axe?sendcompany=5703,5703,A,"Компания АЕР – российский производитель товаров для дома и автоаксессуаров из полимеров, работает на рынке пластмассовых изделий с 2005 года, является экспертом, разработала и внедрила уникальную технологию производства полимерных ароматизаторов. Ароматизаторы имеют современный дизайн, стойкий аромат, гигиеничны и удобны в использовании. Ассортимент продукции: ароматизаторы воздуха, поглотители запахов, скребки, водосгоны, брызговики, рамки для номеров. Продукция производится под собственным товарным знаком АЕР, а также под СТМ заказчиков. Вся продукция отличается продуманным конструктивом, дизайном и качеством. | ПРОФЕССИОНАЛЬНАЯ И БЫТОВАЯ ХИМИЯ | АЕР",ok,,2026-06-13T06:10:24Z,chemicos-joomla-catalog-v1.0.0
ChemiCos 2026,Aimix,Россия,Ижевск,"Россия, Ижевск, Новоожимова 25/2",91C32,,ПРОФЕССИОНАЛЬНАЯ И БЫТОВАЯ ХИМИЯ,"Aimix – производитель бытовой эко-химии с уникальными ароматами регионов России. Мы разрабатываем и производим в Удмуртии безопасные, экологичные средства для дома с заботой о здоровье человека и окружающей среде. Ароматы продукции создаются на основе реальных впечатлений: команда Aimix путешествует по регионам, изучает местную культуру, общается с жителями и вдохновляется природой и атмосферой мест.",,http://al-mix.ru,company@al-mix.ru,79120112328,https://chemicos.ru/ru/company-card-axe?sendcompany=5892,5892,A,"Aimix – производитель бытовой эко-химии с уникальными ароматами регионов России. Мы разрабатываем и производим в Удмуртии безопасные, экологичные средства для дома с заботой о здоровье человека и окружающей среде. Ароматы продукции создаются на основе реальных впечатлений: команда Aimix путешествует по регионам, изучает местную культуру, общается с жителями и вдохновляется природой и атмосферой мест. | ПРОФЕССИОНАЛЬНАЯ И БЫТОВАЯ ХИМИЯ",ok,,2026-06-13T06:10:24Z,chemicos-joomla-catalog-v1.0.0
ChemiCos 2026,ALTAICA,Россия,Самарская обл.,"Россия, Самарская обл., Ставропольский район, с. Подстепки, ул. Литературная, д. 19/5",92D42,,"ПРОФЕССИОНАЛЬНАЯ И БЫТОВАЯ ХИМИЯ, КОСМЕТИКА, ПЕРСОНАЛЬНАЯ ГИГИЕНА","Altaica - это не просто косметика. Это способ вернуть себе связь с природой через уход. Мы верим, что уход за собой- это не только про кожу. Это способ замедлиться, вернуться к себе, услышать свое тело. Мы разработали уникальные биоактивные комплексы, которые стали основой наших формул. Эти составы тщательно подобраны и обладают высокой эффективностью, чтобы обеспечить заметный результат. Работаем не только на свой бренд, но и выпускаем продукцию как контрактное производство.",,http://serdce-taygi.ru/stm,Sib.spa@inbox.ru,8-927-215-14-74,https://chemicos.ru/ru/company-card-axe?sendcompany=5727,5727,A,"Altaica - это не просто косметика. Это способ вернуть себе связь с природой через уход. Мы верим, что уход за собой- это не только про кожу. Это способ замедлиться, вернуться к себе, услышать свое тело. Мы разработали уникальные биоактивные комплексы, которые стали основой наших формул. Эти составы тщательно подобраны и обладают высокой эффективностью, чтобы обеспечить заметный результат. Работаем не только на свой бренд, но и выпускаем продукцию как контрактное производство. | ПРОФЕССИОНАЛЬНАЯ И БЫТОВАЯ ХИМИЯ, КОСМЕТИКА, ПЕРСОНАЛЬНАЯ ГИГИЕНА",ok,,2026-06-13T06:10:24Z,chemicos-joomla-catalog-v1.0.0
ChemiCos 2026,AMARION,Россия,Москва,"Россия, 119048, РФ, г. Москва, вн. тер. г. муниципальный округ Хамовники, ул. Усачёва, д. 2, стр. 1",91F33,,"ТОВАРЫ ДЛЯ КРАСОТЫ И ЗДОРОВЬЯ, CHEMICOS INDUSTRY",Первое в России предприятие полного цикла по переработке и производству продуктов из амаранта.,Amarancho; Amarantica,http://www.amarion.ru,info@amarion.ru,+7 986 249-52-93,https://chemicos.ru/ru/company-card-axe?sendcompany=5885,5885,A,"Первое в России предприятие полного цикла по переработке и производству продуктов из амаранта. | ТОВАРЫ ДЛЯ КРАСОТЫ И ЗДОРОВЬЯ, CHEMICOS INDUSTRY | Amarancho; Amarantica",ok,,2026-06-13T06:10:24Z,chemicos-joomla-catalog-v1.0.0
ChemiCos 2026,Ataman Kimya A.S,Турция,Istanbul –Turkey,"Icerenkoy Mah.Destan Sokak Efor Plaza C Blok Kat:5 34572 Atasehir, Istanbul –Turkey",92F11,,"ПРОФЕССИОНАЛЬНАЯ И БЫТОВАЯ ХИМИЯ, КОСМЕТИКА, ПЕРСОНАЛЬНАЯ ГИГИЕНА, ТОВАРЫ ДЛЯ КРАСОТЫ И ЗДОРОВЬЯ, CHEMICOS INDUSTRY","Основанная в 1940-х годах, компания Ataman Kimya занимается импортом, экспортом и маркетингом химического сырья. Мы поставляем сырьё преимущественно для следующих отраслей: косметика (уход за волосами и кожей), ароматические химикаты, эмульсионная полимеризация, моющие средства, дезинфицирующие средства, лакокрасочные материалы, строительная химия, химикаты для текстильной и кожевенной промышленности, водоподготовка, горнодобывающая промышленность и бурение, фармацевтика, агрохимия и кормовые добавки.",,http://www.atamankimya.com,zeynep@atamankimya.com,905444191155,https://chemicos.ru/ru/company-card-axe?sendcompany=5744,5744,A,"Основанная в 1940-х годах, компания Ataman Kimya занимается импортом, экспортом и маркетингом химического сырья. Мы поставляем сырьё преимущественно для следующих отраслей: косметика (уход за волосами и кожей), ароматические химикаты, эмульсионная полимеризация, моющие средства, дезинфицирующие средства, лакокрасочные материалы, строительная химия, химикаты для текстильной и кожевенной промышленности, водоподготовка, горнодобывающая промышленность и бурение, фармацевтика, агрохимия и кормовые добавки. | ПРОФЕССИОНАЛЬНАЯ И БЫТОВАЯ ХИМИЯ, КОСМЕТИКА, ПЕРСОНАЛЬНАЯ ГИГИЕНА, ТОВАРЫ ДЛЯ КРАСОТЫ И ЗДОРОВЬЯ, CHEMICOS INDUSTRY",ok,,2026-06-13T06:10:24Z,chemicos-joomla-catalog-v1.0.0
ChemiCos 2026,BADA BOOM,Россия,Долгопрудный,"Россия, Московская область, город Долгопрудный, Промышленный проезд 6",91E11,,"ПРОФЕССИОНАЛЬНАЯ И БЫТОВАЯ ХИМИЯ, КОСМЕТИКА, ПЕРСОНАЛЬНАЯ ГИГИЕНА, ТОВАРЫ ДЛЯ КРАСОТЫ И ЗДОРОВЬЯ","ООО «Шэвуш» – российский производитель и поставщик натуральной косметики для ванн ручной работы под ТМ «BADA BOOM». Опыт производства с 2021 года. В ассортименте компании: содовые бомбочки для ванны; пенные гейзеры; твердые пены; сияющая соль для ванн. Производство продукции по уникальной рецептуре без сульфатов, масел, твина, парабенов и других возможных аллергенов. В составе продукции пищевые ингредиенты, а пенная основа - кокамидопропил бетаин, самый мягкий ПАВ на основе жирных кислот кокосового масла. ТМ «BADA BOOM» – пятикратный лауреат премии «Лучший из лучших» в 2024 году по версии международной выставки детских товаров KIDS Russia в двух номинациях: «Лучший инновационный продукт» и «Лучший новый товар». Приглашаем к сотрудничеству торговые сети и магазины, коммерческих партнеров, оптовых покупателей. Вся продукция компании сертифицирована: СГР, ЭКО, БИО, ЕАС, ISO 9001:2015.",BADA BOOM,http://www.badaboom.store,ivan@badaboom.store,+7(495)790-55-88,https://chemicos.ru/ru/company-card-axe?sendcompany=5746,5746,B,"ООО «Шэвуш» – российский производитель и поставщик натуральной косметики для ванн ручной работы под ТМ «BADA BOOM». Опыт производства с 2021 года. В ассортименте компании: содовые бомбочки для ванны; пенные гейзеры; твердые пены; сияющая соль для ванн. Производство продукции по уникальной рецептуре без сульфатов, масел, твина, парабенов и других возможных аллергенов. В составе продукции пищевые ингредиенты, а пенная основа - кокамидопропил бетаин, самый мягкий ПАВ на основе жирных кислот кокосового масла. ТМ «BADA BOOM» – пятикратный лауреат премии «Лучший из лучших» в 2024 году по версии международной выставки детских товаров KIDS Russia в двух номинациях: «Лучший инновационный продукт» и «",ok,,2026-06-13T06:10:24Z,chemicos-joomla-catalog-v1.0.0
ChemiCos 2026,BIO NATURE,Россия,Самара,"Россия, 443110, г. Самара, ПР-Т Ленина, дом № 16-108",92D42,,"КОСМЕТИКА, ТОВАРЫ ДЛЯ КРАСОТЫ И ЗДОРОВЬЯ","С 2013 года, компания занимается производством уходовой косметики. Представляем широкую линейку порошковых альгинатных масок и другие средства по уходу за лицом и телом.",BIO NATURE; ALGO LIGHT; BEAUTY PROFESSIONAL,http://bio-nature-riteail.ru,confashion63@mail.ru,79276956487,https://chemicos.ru/ru/company-card-axe?sendcompany=5726,5726,B,"С 2013 года, компания занимается производством уходовой косметики. Представляем широкую линейку порошковых альгинатных масок и другие средства по уходу за лицом и телом. | КОСМЕТИКА, ТОВАРЫ ДЛЯ КРАСОТЫ И ЗДОРОВЬЯ | BIO NATURE; ALGO LIGHT; BEAUTY PROFESSIONAL",ok,,2026-06-13T06:10:24Z,chemicos-joomla-catalog-v1.0.0
ChemiCos 2026,Cleans Fabric (Клиенс Фабрик)»,Казахстан,Казахстан РК. город Шымкент,"Казахстан РК. город Шымкент, Енбекшийнский район, Жм «Жулдуз»,336/25. СЭЗ «Онтустик» +7(777) 096 25 01",91B44,,ПЕРСОНАЛЬНАЯ ГИГИЕНА,"Наша компания с 2021 года занимается производством влажных салфеток в Республике Казахстан. Продукция широко представлена на внутреннем рынке и реализуется через дилерскую сеть. Также мы успешно осуществляем экспорт в Кыргызскую Республику. Мы специализируемся на выпуске качественных влажных салфеток для повседневного использования и готовы предложить партнёрам стабильные поставки, конкурентоспособные цены и гибкий подход к сотрудничеству. Помимо собственной продукции, компания предоставляет услуги по контрактному производству (СТМ / Private Label) – от разработки рецептуры и подбора материалов до выпуска готового продукта под брендом заказчика. Производственные мощности позволяют работать как с крупными, так и со средними партиями, соблюдая требования по качеству и срокам. Мы открыты к сотрудничеству с дистрибьюторами и торговыми компаниями в Российской Федерации.",,http://,dirikb@mail.ru,+7(777) 560 01 74,https://chemicos.ru/ru/company-card-axe?sendcompany=5899,5899,C,"Наша компания с 2021 года занимается производством влажных салфеток в Республике Казахстан. Продукция широко представлена на внутреннем рынке и реализуется через дилерскую сеть. Также мы успешно осуществляем экспорт в Кыргызскую Республику. Мы специализируемся на выпуске качественных влажных салфеток для повседневного использования и готовы предложить партнёрам стабильные поставки, конкурентоспособные цены и гибкий подход к сотрудничеству. Помимо собственной продукции, компания предоставляет услуги по контрактному производству (СТМ / Private Label) – от разработки рецептуры и подбора материалов до выпуска готового продукта под брендом заказчика. Производственные мощности позволяют работать к",ok,,2026-06-13T06:10:24Z,chemicos-joomla-catalog-v1.0.0
ChemiCos 2026,Daliaf,Россия,ской округ город Оренбург,"Юридический адрес: 460019 РФ, Оренбургская область, городской округ город Оренбург, город Оренбург, Шарлыкское шоссе, здание № 4А, офис 4",91F44,,"ПРОФЕССИОНАЛЬНАЯ И БЫТОВАЯ ХИМИЯ, КОСМЕТИКА, ПЕРСОНАЛЬНАЯ ГИГИЕНА","Dalia – это современный российский завод средств для уборки и красоты, который перезапускает привычные стандарты качества и дизайна. Миссия бренда – сделать качественные и эстетичные средства для уборки и красоты доступными для каждой семьи.",Daliaf,http://Daliaf.ru,yu.fatneva@daliaf.ru,79619108885,https://chemicos.ru/ru/company-card-axe?sendcompany=5714,5714,D,"Dalia – это современный российский завод средств для уборки и красоты, который перезапускает привычные стандарты качества и дизайна. Миссия бренда – сделать качественные и эстетичные средства для уборки и красоты доступными для каждой семьи. | ПРОФЕССИОНАЛЬНАЯ И БЫТОВАЯ ХИМИЯ, КОСМЕТИКА, ПЕРСОНАЛЬНАЯ ГИГИЕНА | Daliaf",ok,,2026-06-13T06:10:24Z,chemicos-joomla-catalog-v1.0.0
ChemiCos 2026,Delfin Group,Россия,Московская обл. Пушкино,"Россия, Московская обл. г. Пушкино, Ярославское шоссе 1а",91E12,,"ПРОФЕССИОНАЛЬНАЯ И БЫТОВАЯ ХИМИЯ, КОСМЕТИКА, ПЕРСОНАЛЬНАЯ ГИГИЕНА","Delfin Group – производитель бытовой химии и косметики собственных торговых марок с современным технологичным производством. Компания реализует полный цикл создания продукции – от разработки формул и упаковки до выпуска и логистики. Производственные мощности включают более 100 выдувных и 90 литьевых машин, собственную типографию, автоматизированные линии, аккредитованные лаборатории, склады и транспортно-логистическую инфраструктуру.",Секреты Чистоты; NATURA SPA; ProForce; Hemotec; Луговой букет; FAYNLY; FIORI SUN; Seven extro.,"http://hemotec.ru, proforce.expert, naturaspa.ru",D.Novoselov@Delfinrus.com,8(937)121-00-23,https://chemicos.ru/ru/company-card-axe?sendcompany=5837,5837,D,"Delfin Group – производитель бытовой химии и косметики собственных торговых марок с современным технологичным производством. Компания реализует полный цикл создания продукции – от разработки формул и упаковки до выпуска и логистики. Производственные мощности включают более 100 выдувных и 90 литьевых машин, собственную типографию, автоматизированные линии, аккредитованные лаборатории, склады и транспортно-логистическую инфраструктуру. | ПРОФЕССИОНАЛЬНАЯ И БЫТОВАЯ ХИМИЯ, КОСМЕТИКА, ПЕРСОНАЛЬНАЯ ГИГИЕНА | Секреты Чистоты; NATURA SPA; ProForce; Hemotec; Луговой букет; FAYNLY; FIORI SUN; Seven extro.",ok,,2026-06-13T06:10:24Z,chemicos-joomla-catalog-v1.0.0
ChemiCos 2026,Dozmo Solutions,Узбекистан,Хорезмская область,"Узбекистан, Хорезмская область, Хазараспский Район, E Gayazov Ko`Chasi 402-Uy",91B44,,"ПРОФЕССИОНАЛЬНАЯ И БЫТОВАЯ ХИМИЯ, ПЕРСОНАЛЬНАЯ ГИГИЕНА, CHEMICOS INDUSTRY","Компания Dozmo Solutions специализируется на импорте, оптовой поставке и предоставлении высококачественных распылителей и дозаторов с курковым механизмом. Компания начала свою деятельность в Узбекистане в 2022 году. Наша основная задача – поставка сертифицированной и проверенной продукции из Китая для местных производителей. Сегодня более 40 брендов и производственных компаний сотрудничают с Dozmo Solutions на основе долгосрочных контрактов. Наша продукция представлена на полках многих супермаркетов и используется в качестве компонентов готовой продукции, производимой местными производителями. Цели нашей компании: - Обеспечение узбекского рынка высококачественной продукцией - Надежное, систематическое и удобное обслуживание клиентов - Построение долгосрочных партнерских отношений с постоянными клиентами Сегодня Dozmo Solutions признана надежным поставщиком распылителей и дозаторов с курковым механизмом. Вся продукция соответствует международным стандартам качества, включая ISO. Мы гарантируем индивидуальный подход к каждому клиенту, конкурентоспособные цены, необходимые объемы и своевременную доставку.",,http://Dozmo.uz,khorezmsupplyllc@gmail.com,998901841007,https://chemicos.ru/ru/company-card-axe?sendcompany=5900,5900,D,"Компания Dozmo Solutions специализируется на импорте, оптовой поставке и предоставлении высококачественных распылителей и дозаторов с курковым механизмом. Компания начала свою деятельность в Узбекистане в 2022 году. Наша основная задача – поставка сертифицированной и проверенной продукции из Китая для местных производителей. Сегодня более 40 брендов и производственных компаний сотрудничают с Dozmo Solutions на основе долгосрочных контрактов. Наша продукция представлена на полках многих супермаркетов и используется в качестве компонентов готовой продукции, производимой местными производителями. Цели нашей компании: - Обеспечение узбекского рынка высококачественной продукцией - Надежное, систе",ok,,2026-06-13T06:10:24Z,chemicos-joomla-catalog-v1.0.0
ChemiCos 2026,ELIAN-GROUP,Россия,Сергиев Посад,"Россия, 141337, Московская обл., Сергиево-Посадский р-н, г. Сергиев Посад, с. Мишутино, д.147. +7 (495)987-37-55",91G16,,КОСМЕТИКА,"Компания разрабатывает и производит декоративную косметику под собственными брендами и в формате СТМ. Обладает полным циклом производства: собственной территорией, современными производственными мощностями и лабораторией контроля качества. Обеспечивает разработку рецептур, выпуск и сопровождение продукции под задачи партнеров.",YOLO; ELLIAN RUSSIA; TINT ME; STAX; LYON; NAIL SMITH,http://www.elg.ry,namik@elg.ru,+7(495)981-81-23,https://chemicos.ru/ru/company-card-axe?sendcompany=5757,5757,E,"Компания разрабатывает и производит декоративную косметику под собственными брендами и в формате СТМ. Обладает полным циклом производства: собственной территорией, современными производственными мощностями и лабораторией контроля качества. Обеспечивает разработку рецептур, выпуск и сопровождение продукции под задачи партнеров. | КОСМЕТИКА | YOLO; ELLIAN RUSSIA; TINT ME; STAX; LYON; NAIL SMITH",ok,,2026-06-13T06:10:24Z,chemicos-joomla-catalog-v1.0.0
ChemiCos 2026,FERVERIKA,Россия,Томск,"Россия, 634045, г. Томск, ул. Мокрушина, д.9, стр.31",92D22,,КОСМЕТИКА,"FERVERIKA - биотехнологическая компания и российский бренд активных ингредиентов для косметики с высокой биодоступностью и содержанием веществ, ценных для микробиома кожи. Предлагаем контрактное производство косметики под вашим брендом на базе собственных ферментированных активов. Разработаем рецептуру под ваши требования. Минимальная партия производства – от 50 кг. Использование активов FERVERIKA в косметике – это высокая эффективность и трендовый микроэкологический уход.",FERVERIKA,http://www.ferverika.ru,project@ferverika.ru,79016080280,https://chemicos.ru/ru/company-card-axe?sendcompany=5803,5803,F,"FERVERIKA - биотехнологическая компания и российский бренд активных ингредиентов для косметики с высокой биодоступностью и содержанием веществ, ценных для микробиома кожи. Предлагаем контрактное производство косметики под вашим брендом на базе собственных ферментированных активов. Разработаем рецептуру под ваши требования. Минимальная партия производства – от 50 кг. Использование активов FERVERIKA в косметике – это высокая эффективность и трендовый микроэкологический уход. | КОСМЕТИКА | FERVERIKA",ok,,2026-06-13T06:10:24Z,chemicos-joomla-catalog-v1.0.0
ChemiCos 2026,Gamma D’oro,Россия / Турция,Москва / г. Стамбул,г. Москва / г. Стамбул,92A23,,"ПРОФЕССИОНАЛЬНАЯ И БЫТОВАЯ ХИМИЯ, ПЕРСОНАЛЬНАЯ ГИГИЕНА","Мы создаем и производим парфюмерию, ароматы для дома и авто. Собственное большое производство полного цикла в Турции, склады в Москве, Минске, Астане. Собственные технологи, совместно с заводами премиальных эссенций, соединяют эссенции для создания запоминающихся, многогранных, объемных ароматов. Ольфакторная пирамида до 6 нот раскрытия аромата. Очищенный дистиллированный спирт позволяет аромату быть максимально чистым (без использования гликоля, вредных MMB-растворителей, аналогов и прочей химии).",Gamma D’oro; Rich Aroma; Eletto,http://www.gamma-doro.com,d.evstigneev@gamma-doro.com,79153783025,https://chemicos.ru/ru/company-card-axe?sendcompany=5840,5840,G,"Мы создаем и производим парфюмерию, ароматы для дома и авто. Собственное большое производство полного цикла в Турции, склады в Москве, Минске, Астане. Собственные технологи, совместно с заводами премиальных эссенций, соединяют эссенции для создания запоминающихся, многогранных, объемных ароматов. Ольфакторная пирамида до 6 нот раскрытия аромата. Очищенный дистиллированный спирт позволяет аромату быть максимально чистым (без использования гликоля, вредных MMB-растворителей, аналогов и прочей химии). | ПРОФЕССИОНАЛЬНАЯ И БЫТОВАЯ ХИМИЯ, ПЕРСОНАЛЬНАЯ ГИГИЕНА | Gamma D’oro; Rich Aroma; Eletto",ok,,2026-06-13T06:10:24Z,chemicos-joomla-catalog-v1.0.0
ChemiCos 2026,GOODHIM,Россия,Адрес склада: Сергиев Посад,"Адрес склада: г. Сергиев Посад, ул. Фабричная, д.5 Адрес офиса: г. Сергиев Посад, ул. Шлякова, д.25 Телефон общий: +7 (495) 215-13-29 Телефон (WhatsApp/Telegram): +7 (991) 626-86-69 Технолог: 8 (800) 333-39-37",91D11,,"ПРОФЕССИОНАЛЬНАЯ И БЫТОВАЯ ХИМИЯ, КОСМЕТИКА","GOODHIM – российский производитель строительной и бытовой химии с развитым собственным брендом и экспертизой в контрактном производстве. Компания выпускает лакокрасочные материалы, защитные и специализированные составы, а также продукты для бытового применения. GOODHIM создаёт решения под брендом заказчика – от разработки рецептур и подбора сырья до фасовки, маркировки и вывода продукта на рынок, сочетая промышленное качество и гибкость.",GOODHIM; ENZYMAX; MeloMama; GOODHIM Homy Home,http://goodhim.com,zakaz@goodhim.com,Отдел продаж: +7 (499) 955-39-89,https://chemicos.ru/ru/company-card-axe?sendcompany=5804,5804,G,"GOODHIM – российский производитель строительной и бытовой химии с развитым собственным брендом и экспертизой в контрактном производстве. Компания выпускает лакокрасочные материалы, защитные и специализированные составы, а также продукты для бытового применения. GOODHIM создаёт решения под брендом заказчика – от разработки рецептур и подбора сырья до фасовки, маркировки и вывода продукта на рынок, сочетая промышленное качество и гибкость. | ПРОФЕССИОНАЛЬНАЯ И БЫТОВАЯ ХИМИЯ, КОСМЕТИКА | GOODHIM; ENZYMAX; MeloMama; GOODHIM Homy Home",ok,,2026-06-13T06:10:24Z,chemicos-joomla-catalog-v1.0.0
ChemiCos 2026,Green Label,Россия,о. Донецк,"Россия, 283032, Донецкая Народная Республика, г.о. Донецк, г. Донецк, ул. Степногорская, д 19.",92C23,,"ПРОФЕССИОНАЛЬНАЯ И БЫТОВАЯ ХИМИЯ, КОСМЕТИКА, ПЕРСОНАЛЬНАЯ ГИГИЕНА","ОБЩЕСТВО С ОГРАНИЧЕННОЙ ОТВЕТСТВЕННОСТЬЮ «ЦЕНТР УПРАВЛЕНИЯ КАЧЕСТВОМ БОЛЬНИЧНОЙ ГИГИЕНЫ» является ведущим разработчиком и производителем высококачественной продукции в сфере чистоты и гигиены. Основные направления деятельности компании – разработка и производство: 1. Дезинфицирующих и профессиональных моющих средств для применения в лечебно-профилактических учреждениях, на предприятиях пищевой промышленности и в социально-коммунальной сфере. 2. Кожные антисептики и дезинфицирующие салфетки в индивидуальной упаковке. 3. Средств для профилактики и комплексной терапии, обладающие антибактериальной, иммуномодулирующей и противогрибковой активностью исключительно на натуральной основе. 4. Парфюмерно-косметической продукции для сохранения здоровья и красоты. 5. Безопасной бытовой химии для уборки дома.",ТМ Green Label,http://greenlabel.pro,info@greenlabel.pro,+7 (949) 310-31-03,https://chemicos.ru/ru/company-card-axe?sendcompany=5839,5839,G,"ОБЩЕСТВО С ОГРАНИЧЕННОЙ ОТВЕТСТВЕННОСТЬЮ «ЦЕНТР УПРАВЛЕНИЯ КАЧЕСТВОМ БОЛЬНИЧНОЙ ГИГИЕНЫ» является ведущим разработчиком и производителем высококачественной продукции в сфере чистоты и гигиены. Основные направления деятельности компании – разработка и производство: 1. Дезинфицирующих и профессиональных моющих средств для применения в лечебно-профилактических учреждениях, на предприятиях пищевой промышленности и в социально-коммунальной сфере. 2. Кожные антисептики и дезинфицирующие салфетки в индивидуальной упаковке. 3. Средств для профилактики и комплексной терапии, обладающие антибактериальной, иммуномодулирующей и противогрибковой активностью исключительно на натуральной основе. 4. Парфюме",ok,,2026-06-13T06:10:24Z,chemicos-joomla-catalog-v1.0.0
ChemiCos 2026,GSS Cosmetics,Россия,,,92C73,,"ПРОФЕССИОНАЛЬНАЯ И БЫТОВАЯ ХИМИЯ, КОСМЕТИКА, ПЕРСОНАЛЬНАЯ ГИГИЕНА, ТОВАРЫ ДЛЯ КРАСОТЫ И ЗДОРОВЬЯ","GSS Cosmetics – признанный эксперт и ведущий российский производитель косметики полного цикла с 20-летним опытом. Мы ежегодно выпускаем более 15 млн единиц продукции, создавая хиты, которые входят в ТОП-100 брендов России по версии РБК (включая собственные бренды Zeitun и Кудрявый Метод). Являясь крупнейшим поставщиком решений СТМ, мы предлагаем уникальную экспертизу для торговых сетей, дистрибьюторов, селлеров и косметических компаний. GSS Cosmetics – это масштаб производства, гарантированное качество и успех вашего бренда на рынке.",Zeitun; Кудрявый метод; Beautific; I love my pet; Keraproof,http://gsscosmetics.com,info@gssprivatelabel.ry,,https://chemicos.ru/ru/company-card-axe?sendcompany=5734,5734,G,"GSS Cosmetics – признанный эксперт и ведущий российский производитель косметики полного цикла с 20-летним опытом. Мы ежегодно выпускаем более 15 млн единиц продукции, создавая хиты, которые входят в ТОП-100 брендов России по версии РБК (включая собственные бренды Zeitun и Кудрявый Метод). Являясь крупнейшим поставщиком решений СТМ, мы предлагаем уникальную экспертизу для торговых сетей, дистрибьюторов, селлеров и косметических компаний. GSS Cosmetics – это масштаб производства, гарантированное качество и успех вашего бренда на рынке. | ПРОФЕССИОНАЛЬНАЯ И БЫТОВАЯ ХИМИЯ, КОСМЕТИКА, ПЕРСОНАЛЬНАЯ ГИГИЕНА, ТОВАРЫ ДЛЯ КРАСОТЫ И ЗДОРОВЬЯ | Zeitun; Кудрявый метод; Beautific; I love my pet; Keraproof",ok,,2026-06-13T06:10:24Z,chemicos-joomla-catalog-v1.0.0
ChemiCos 2026,"Guangdong Jieshi Pharmaceutical Co., Ltd",Китай,,,91F56,,"ПРОФЕССИОНАЛЬНАЯ И БЫТОВАЯ ХИМИЯ, ПЕРСОНАЛЬНАЯ ГИГИЕНА, CHEMICOS INDUSTRY, CHEMIPACK","Мы – фабрика бытовой химии Guangdong Jieshi, специализирующаяся на производстве капсул для стирки, таблеток для посудомоечных машин, стирального порошка, жидкого стирального средства, моющего для посуды, ароматических капсул, жидкого мыла, геля для душа, шампуня, кондиционера для волос, средства для удаления жира, чистящего средства для унитазов, зубной пасты и мыла, предоставляющая комплексные услуги OEM и ODM.",Jielions; Dixiao; Mengbating; Chunseliangpin,http://,,,https://chemicos.ru/ru/company-card-axe?sendcompany=5780,5780,G,"Мы – фабрика бытовой химии Guangdong Jieshi, специализирующаяся на производстве капсул для стирки, таблеток для посудомоечных машин, стирального порошка, жидкого стирального средства, моющего для посуды, ароматических капсул, жидкого мыла, геля для душа, шампуня, кондиционера для волос, средства для удаления жира, чистящего средства для унитазов, зубной пасты и мыла, предоставляющая комплексные услуги OEM и ODM. | ПРОФЕССИОНАЛЬНАЯ И БЫТОВАЯ ХИМИЯ, ПЕРСОНАЛЬНАЯ ГИГИЕНА, CHEMICOS INDUSTRY, CHEMIPACK | Jielions; Dixiao; Mengbating; Chunseliangpin",ok,,2026-06-13T06:10:24Z,chemicos-joomla-catalog-v1.0.0
ChemiCos 2026,"Guangdong Pods Times Technology Co., Ltd",Китай,Zhonganzhigu West Industrial Park,"C1 Building, Zhonganzhigu West Industrial Park, Jinli Town, Zhaoqing City, Guangdong Province, China",91E51,,ПРОФЕССИОНАЛЬНАЯ И БЫТОВАЯ ХИМИЯ,"Компания Guangdong Podstimes Technology Co., Ltd. была основана в 2020 году. Ее предшественница, компания Sendi Biotechnology (Guangzhou) Co., Ltd., была основана в 2018 году, а затем переехала и расширилась из района Байюнь в Гуанчжоу, чтобы сформировать новую компанию. Придерживаясь философии охраны окружающей среды, здоровья и безопасности, компания использует передовое автоматизированное производственное оборудование и технологии отечественного и зарубежного производства для разработки и производства новаторских, экологически чистых средств для стирки белья и ухода за ним, которые отвечают потребностям социального развития и рыночному спросу. К таким продуктам относятся корзины для белья, простыни для стирки, корзины для мытья посуды, корзины для мытья полов и корзины для чистки автомобилей. Корзина для белья предназначена для машинной стирки. простое управление, удобно стирать, не пачкая рук, в маленькой корзине для белья можно постирать целый тюк одежды. Ароматный запах, мягкая текстура, густота умеренная, мягкий характер не вредит одежде.",YOUZUOFU; PODSTIMES,http://www.podstimes.com,pods@podstimes.com,8615819300892,https://chemicos.ru/ru/company-card-axe?sendcompany=5769,5769,G,"Компания Guangdong Podstimes Technology Co., Ltd. была основана в 2020 году. Ее предшественница, компания Sendi Biotechnology (Guangzhou) Co., Ltd., была основана в 2018 году, а затем переехала и расширилась из района Байюнь в Гуанчжоу, чтобы сформировать новую компанию. Придерживаясь философии охраны окружающей среды, здоровья и безопасности, компания использует передовое автоматизированное производственное оборудование и технологии отечественного и зарубежного производства для разработки и производства новаторских, экологически чистых средств для стирки белья и ухода за ним, которые отвечают потребностям социального развития и рыночному спросу. К таким продуктам относятся корзины для белья",ok,,2026-06-13T06:10:24Z,chemicos-joomla-catalog-v1.0.0
ChemiCos 2026,"Guangdong Sinoswiss Can Manufacturing Co., Ltd",Китай,Jixin Shuzhi Park,"Building 2, Jixin Shuzhi Park, No.10 Hetian Rd., Gujian Village, Daliang Town, Shunde District, Foshan City, 528300 China",11F707,,,"Мы являемся фабрикой с более чем 25-летним опытом производства бумажных банок, бумажных тюбиков и бумажных коробок. Наш продукт хорош для пищевых продуктов, ежедневных сушеных продуктов, косметики, товаров для электроснабжения, подарочной упаковки. Все это может быть настроено по размеру и печати на основе вашего собственного бренда и логотипа. Кроме того, основным материалом для изготовления нашей продукции является бумага, которая более экологична и пригодна для вторичной переработки. Наш ежедневный объем производства может достигать 600 000 штук.",Sinoswiss,http://www.sinoswisscan.com,Sales03@sinoswisscan.com,8615013272139,https://chemicos.ru/ru/company-card-axe?sendcompany=5107,5107,G,"Мы являемся фабрикой с более чем 25-летним опытом производства бумажных банок, бумажных тюбиков и бумажных коробок. Наш продукт хорош для пищевых продуктов, ежедневных сушеных продуктов, косметики, товаров для электроснабжения, подарочной упаковки. Все это может быть настроено по размеру и печати на основе вашего собственного бренда и логотипа. Кроме того, основным материалом для изготовления нашей продукции является бумага, которая более экологична и пригодна для вторичной переработки. Наш ежедневный объем производства может достигать 600 000 штук. | Sinoswiss",ok,,2026-06-13T06:10:24Z,chemicos-joomla-catalog-v1.0.0
ChemiCos 2026,"GUANGDONG THEAOSON TECHNOLOGY CO., LTD",Китай,Nanxiong High-tech Zone,"No.1 National Road North, Nanxiong High-tech Zone, Shaoguan City, Guangdong Province, China",91C55,,ПРОФЕССИОНАЛЬНАЯ И БЫТОВАЯ ХИМИЯ,"Компания Gunagdong Theaoson Technology Co., Ltd. была основана 3 июня 2010 года. Мы являемся национальным высокотехнологичным предприятием, основным направлением деятельности которого являются исследования и разработки аэрозольных продуктов, производство, продажи и дополнительные услуги, занимающее площадь в 100 000 квадратных метров. Наша компания специализируется на производстве химического сырья и химических продуктов, основные виды продукции включают аэрозольные изделия, инженерные пластиковые профили, уплотнительные материалы и новые биоразлагаемые материалы. В будущем мы планируем сосредоточиться на расширении производства в таких новых областях, как медицинское оборудование и пищевые аэрозоли, а также на создании полной производственной цепочки, включающей производство банок, литье под давлением и упаковку.",,http://www.zyncn.com,lyra@theaosoncn.com,8618826362026,https://chemicos.ru/ru/company-card-axe?sendcompany=5790,5790,G,"Компания Gunagdong Theaoson Technology Co., Ltd. была основана 3 июня 2010 года. Мы являемся национальным высокотехнологичным предприятием, основным направлением деятельности которого являются исследования и разработки аэрозольных продуктов, производство, продажи и дополнительные услуги, занимающее площадь в 100 000 квадратных метров. Наша компания специализируется на производстве химического сырья и химических продуктов, основные виды продукции включают аэрозольные изделия, инженерные пластиковые профили, уплотнительные материалы и новые биоразлагаемые материалы. В будущем мы планируем сосредоточиться на расширении производства в таких новых областях, как медицинское оборудование и пищевые ",ok,,2026-06-13T06:10:24Z,chemicos-joomla-catalog-v1.0.0
ChemiCos 2026,"Guangdong Youkai Technical Co., Ltd",Китай,,,91F52,,ПРОФЕССИОНАЛЬНАЯ И БЫТОВАЯ ХИМИЯ,"Товары бытовой химии под собственной торговой маркой: Для стирки: Капсулы для стирки, Стиральный порошок, Концентрированный стиральный порошок для стирки, Усилители запаха белья, Смягчители, дезинфицирующие средства и т.д. Для кухни: Таблетки для посудомоечной машины, Капсулы для мытья посуды, Жидкость для мытья посуды и т.д. Прочее: Спрей для удаления бактерий и клещей, спрей для чистки ошейников, спреи для домашних животных, Средство для мытья стекол и т.д.",OUAINI; ITIDY,http://www.youkaitechnical.com,inquiry@youkaitechnical.com,,https://chemicos.ru/ru/company-card-axe?sendcompany=5777,5777,G,"Товары бытовой химии под собственной торговой маркой: Для стирки: Капсулы для стирки, Стиральный порошок, Концентрированный стиральный порошок для стирки, Усилители запаха белья, Смягчители, дезинфицирующие средства и т.д. Для кухни: Таблетки для посудомоечной машины, Капсулы для мытья посуды, Жидкость для мытья посуды и т.д. Прочее: Спрей для удаления бактерий и клещей, спрей для чистки ошейников, спреи для домашних животных, Средство для мытья стекол и т.д. | ПРОФЕССИОНАЛЬНАЯ И БЫТОВАЯ ХИМИЯ | OUAINI; ITIDY",ok,,2026-06-13T06:10:24Z,chemicos-joomla-catalog-v1.0.0
ChemiCos 2026,"Guangzhou Ansxuan Daily Necessities Co., Ltd",Китай,China,"China, No. 1, Baike Industrial Park, No. 44 Jiangsan Road, Jianggao Town, Baiyun District, Guangzhou",91F55,,"ПРОФЕССИОНАЛЬНАЯ И БЫТОВАЯ ХИМИЯ, КОСМЕТИКА","Группа компаний Anxuan состоит из трех компаний: Guangzhou Anxuan Daily Needities Co., Ltd., Guangzhou Ouziman Cosmetics Co., Ltd. (производственная база) и Shijiazhuang Dihu Daily Needities Co., Ltd. (производственная база). В группе компаний работает более 1000 штатных сотрудников, в том числе более 20 старших инженеров с высокими профессиональными званиями. Располагая двумя крупными производственными базами в северном и южном Китае, компания в основном производит бытовую химию и средства личной гигиены. Anxuan Group объединяет исследования и разработки, производство и продажи. Ее флагманским брендом является Shishang Youjia, который специализируется на антибактериальных средствах и средствах борьбы с клещами, продвигая модный образ, простоту и здоровый семейный образ жизни. В настоящее время сеть Shishang Youjia охватывает более 30 провинций и более 200 городов по всей стране.",,http://www.gzanxuan.com,13601293490@163.com,18910599568,https://chemicos.ru/ru/company-card-axe?sendcompany=5779,5779,G,"Группа компаний Anxuan состоит из трех компаний: Guangzhou Anxuan Daily Needities Co., Ltd., Guangzhou Ouziman Cosmetics Co., Ltd. (производственная база) и Shijiazhuang Dihu Daily Needities Co., Ltd. (производственная база). В группе компаний работает более 1000 штатных сотрудников, в том числе более 20 старших инженеров с высокими профессиональными званиями. Располагая двумя крупными производственными базами в северном и южном Китае, компания в основном производит бытовую химию и средства личной гигиены. Anxuan Group объединяет исследования и разработки, производство и продажи. Ее флагманским брендом является Shishang Youjia, который специализируется на антибактериальных средствах и средст",ok,,2026-06-13T06:10:24Z,chemicos-joomla-catalog-v1.0.0
ChemiCos 2026,"GUANGZHOU CHUYU BIOTECHNOLOGY CO., LTD",Китай,Juhuashi Avenue,"No 301, Factory 1, No.333, Juhuashi Avenue, Huadu District Guangzhou Guangdong China",91B43,,КОСМЕТИКА,"Компания Chuyu Cosmetics была основана в 2016 году. Мы находимся в красивом районе Хуаду в Гуанчжоу, провинция Гуандун, Китай. Наша фабрика является профессиональным производителем косметики OEM / ODM, объединяющим исследования и разработки, дизайн, производство и экспортные продажи. Основными направлениями экспорта и переработки продукции компании являются средства по уходу за кожей, волосами, стопами и руками, средства по уходу за телом и соль для ванн. Особенно популярны наши продукты по уходу за ногами и руками. Например, желе для ног, набор для ухода за ногами 4в1, крем для ног и рук, скраб для ног и рук, парафин и т.д., которые экспортируются во многие страны.",,http://www.rainhanhk.com,cathy@rainhanhk.com,8618127813033,https://chemicos.ru/ru/company-card-axe?sendcompany=5786,5786,G,"Компания Chuyu Cosmetics была основана в 2016 году. Мы находимся в красивом районе Хуаду в Гуанчжоу, провинция Гуандун, Китай. Наша фабрика является профессиональным производителем косметики OEM / ODM, объединяющим исследования и разработки, дизайн, производство и экспортные продажи. Основными направлениями экспорта и переработки продукции компании являются средства по уходу за кожей, волосами, стопами и руками, средства по уходу за телом и соль для ванн. Особенно популярны наши продукты по уходу за ногами и руками. Например, желе для ног, набор для ухода за ногами 4в1, крем для ног и рук, скраб для ног и рук, парафин и т.д., которые экспортируются во многие страны. | КОСМЕТИКА",ok,,2026-06-13T06:10:24Z,chemicos-joomla-catalog-v1.0.0
ChemiCos 2026,"Guangzhou HengYu Iron-Printing and Can-Making Co., Ltd",Китай,Zengcheng District,"NO.66 Zhucun West Avenue, 511370, Zengcheng District, Guangzhou City, Guangdong Province, P.R. China",91E56,,"ПРОФЕССИОНАЛЬНАЯ И БЫТОВАЯ ХИМИЯ, КОСМЕТИКА, ПЕРСОНАЛЬНАЯ ГИГИЕНА, CHEMICOS INDUSTRY, CHEMIPACK","Основанная в 1993 году, компания HengYu базируется в городе Гуанчжоу и стала ведущим производителем аэрозольных баллончиков. Благодаря инвестициям в размере 350 миллионов юаней площадь завода HengYu составляет 50 000 квадратных метров, а штат сотрудников насчитывает более 300 квалифицированных сотрудников. Мы специализируемся на производстве аэрозольных баллончиков и компонентов, включая аэрозольные баллончики, конусообразные и купольные изделия, а также листы жести с печатью Аэрозольный баллончик-Диаметр 45/52/57/60/65/70 мм, годовой объем производства 700 миллионов штук Конус и купол для аэрозольного баллона-Диаметр 45/52/57/60/65/70 мм, годовой объем производства 2 миллиарда Печатный лист жести - годовой объем производства 50 миллионов листов.",HengYu,http://www.hengyuca.com,info@hengyuca.com,+86-20-82853028,https://chemicos.ru/ru/company-card-axe?sendcompany=5774,5774,G,"Основанная в 1993 году, компания HengYu базируется в городе Гуанчжоу и стала ведущим производителем аэрозольных баллончиков. Благодаря инвестициям в размере 350 миллионов юаней площадь завода HengYu составляет 50 000 квадратных метров, а штат сотрудников насчитывает более 300 квалифицированных сотрудников. Мы специализируемся на производстве аэрозольных баллончиков и компонентов, включая аэрозольные баллончики, конусообразные и купольные изделия, а также листы жести с печатью Аэрозольный баллончик-Диаметр 45/52/57/60/65/70 мм, годовой объем производства 700 миллионов штук Конус и купол для аэрозольного баллона-Диаметр 45/52/57/60/65/70 мм, годовой объем производства 2 миллиарда Печатный лист",ok,,2026-06-13T06:10:24Z,chemicos-joomla-catalog-v1.0.0
ChemiCos 2026,"Guangzhou Jieti Biotechnology Co., Ltd",Китай,Building F,"Building F, Sanrui Group, Huadu District, Guangzhou, China 13886021368",91E55,,ПРОФЕССИОНАЛЬНАЯ И БЫТОВАЯ ХИМИЯ,"Наша основная продукция - гранулы для усиления запаха и стиральные порошки. Гранулы для усиления запаха и капсулы для стирки - популярные средства для стирки, предназначенные для улучшения качества стирки. Ароматизированные гранулы - это маленькие ароматические шарики, которые выделяют аромат во время стирки, придавая одежде свежий запах. Кроме того, он также обладает функциями смягчения одежды и снятия статического электричества. Капсулы для стирки - это капсулы, содержащие моющее средство, кондиционер для белья и ароматизатор, которые обеспечивают удобный и экономичный способ чистки и смягчения одежды. Мы также можем адаптировать рецептуру в соответствии с потребностями клиентов, чтобы продукты обладали более эффективными свойствами, такими как антибактериальные свойства и защита цвета. Оба продукта обеспечивают дополнительное удобство и аромат при стирке.",JIETI,http://www.gzjieti.en.alibaba.com,282789319@qq.com,+86-15797023376,https://chemicos.ru/ru/company-card-axe?sendcompany=5773,5773,G,"Наша основная продукция - гранулы для усиления запаха и стиральные порошки. Гранулы для усиления запаха и капсулы для стирки - популярные средства для стирки, предназначенные для улучшения качества стирки. Ароматизированные гранулы - это маленькие ароматические шарики, которые выделяют аромат во время стирки, придавая одежде свежий запах. Кроме того, он также обладает функциями смягчения одежды и снятия статического электричества. Капсулы для стирки - это капсулы, содержащие моющее средство, кондиционер для белья и ароматизатор, которые обеспечивают удобный и экономичный способ чистки и смягчения одежды. Мы также можем адаптировать рецептуру в соответствии с потребностями клиентов, чтобы про",ok,,2026-06-13T06:10:24Z,chemicos-joomla-catalog-v1.0.0
ChemiCos 2026,Guangzhou Junkai Cleaning Detergen Ltd,Китай,Dongchong Town,"Room 101, Building 8, No.49 Wantai Road, Dongchong Town, Nansha District, Guangzhou City, China",91E53,,ПРОФЕССИОНАЛЬНАЯ И БЫТОВАЯ ХИМИЯ,"Компания Guangzhou Junkai cleaning detergent ltd, расположенная в Гуанчжоу, Китай.Мы являемся производителем чистящих средств уже более 20 лет.Мы можем предложить товары высокого качества по конкурентоспособной цене. Вот наш веб-сайт alibaba, WB:www.rabitoclean.com надеемся, что наши продукты могут вас заинтересовать. Например, средство для чистки унитазов, канализационных труб, паста для нержавеющей стали, ручка для удаления пятен, отбеливающая ручка, средство для мытья полов и так далее. Бренд ""Rabito"" пользуется популярностью в Китае.Сейчас мы продаем чистящие средства в Южной Азии, Европе, Южной Америке. Мы можем предоставить услуги OEM-производителя, быструю доставку и поддержку заказа образцов. Наш партнер - хорошо известные бренды: Guangzhou Liby, Guangzhou Langqi, Little White Bear и т.д. Я надеюсь, что у нас будет возможность сотрудничать.",SANSO ETC,http://www.rabitoclean.com,maurice@junkerclean.com,13927756513,https://chemicos.ru/ru/company-card-axe?sendcompany=5771,5771,G,"Компания Guangzhou Junkai cleaning detergent ltd, расположенная в Гуанчжоу, Китай.Мы являемся производителем чистящих средств уже более 20 лет.Мы можем предложить товары высокого качества по конкурентоспособной цене. Вот наш веб-сайт alibaba, WB:www.rabitoclean.com надеемся, что наши продукты могут вас заинтересовать. Например, средство для чистки унитазов, канализационных труб, паста для нержавеющей стали, ручка для удаления пятен, отбеливающая ручка, средство для мытья полов и так далее. Бренд ""Rabito"" пользуется популярностью в Китае.Сейчас мы продаем чистящие средства в Южной Азии, Европе, Южной Америке. Мы можем предоставить услуги OEM-производителя, быструю доставку и поддержку заказа ",ok,,2026-06-13T06:10:24Z,chemicos-joomla-catalog-v1.0.0
ChemiCos 2026,"Guangzhou Lisun International Commerce Development Co., Ltd",Китай,South Avenue,"China Room 102-211（Building 3, No.230, South Avenue, Huangge Town, Nansha District, Guangzhou City",91F54,,"ПРОФЕССИОНАЛЬНАЯ И БЫТОВАЯ ХИМИЯ, КОСМЕТИКА, ПЕРСОНАЛЬНАЯ ГИГИЕНА, CHEMICOS INDUSTRY","Guangzhou Liby Enterprise Group Co., Ltd, основанная в 1994 году со штаб-квартирой в Гуанчжоу, является ведущим игроком в китайской повседневной химической промышленности. На протяжении трех десятилетий компания Liby Science and Technology последовательно выступала за возрождение повседневной химической промышленности Китая и стремилась превратить Liby в устойчивый всемирно известный бренд. Стремясь принести здоровье и счастье в каждую семью, группа придерживается ряда ключевых ценностей, основанных на надежности, ответственности, качестве, аутентичности, а также является пионером в области развития повседневной химической промышленности Китая за счет неустанных инноваций.",Liby; Grepower; Soulcool,http://www.liby.com.cn,zhangzy1@liby.com.cn,+86-13825966040,https://chemicos.ru/ru/company-card-axe?sendcompany=5783,5783,G,"Guangzhou Liby Enterprise Group Co., Ltd, основанная в 1994 году со штаб-квартирой в Гуанчжоу, является ведущим игроком в китайской повседневной химической промышленности. На протяжении трех десятилетий компания Liby Science and Technology последовательно выступала за возрождение повседневной химической промышленности Китая и стремилась превратить Liby в устойчивый всемирно известный бренд. Стремясь принести здоровье и счастье в каждую семью, группа придерживается ряда ключевых ценностей, основанных на надежности, ответственности, качестве, аутентичности, а также является пионером в области развития повседневной химической промышленности Китая за счет неустанных инноваций. | ПРОФЕССИОНАЛЬНАЯ",ok,,2026-06-13T06:10:24Z,chemicos-joomla-catalog-v1.0.0
ChemiCos 2026,"Guangzhou Lizhituo Plastic Molds Co., Ltd",Китай,China,"China, No.5, Street 1, Fuyong Industrial Zone, Shawan Town, Panyu District, Guangzhou, Guangdong Province",11D707,,ПОСУДА И КУХНЯ,"Guangzhou Lizhituo Plastic Mold Co., Ltd специализируется на производстве высококачественной посуды для питья, включая стаканчики с вакуумной изоляцией из нержавеющей стали и пластиковые бутылки без бисфенола-а. Наша линия из нержавеющей стали обеспечивает сохранение тепла более 12 часов и холода более 24 часов, а пластиковые стаканчики изготовлены из пищевого материала Tritan, который устойчив к разбиванию, его можно мыть в посудомоечной машине и он сертифицирован FDA. Все изделия отличаются герметичным дизайном, большой вместимостью и эргономичными формами, что идеально подходит для ежедневного использования, поездок на природу, занятий в тренажерном зале и кемпинге. Благодаря сертификации ISO 9001, строгому контролю качества и индивидуальным решениям мы поставляем надежную и безопасную посуду для напитков партнерам по всему миру. Ознакомьтесь с нашим полным ассортиментом на сайте tkkbottles.com и добро пожаловать к сотрудничеству!",,http://www.tkkbottles.com,lztfactory@aliyun.com,8613202926491,https://chemicos.ru/ru/company-card-axe?sendcompany=5105,5105,G,"Guangzhou Lizhituo Plastic Mold Co., Ltd специализируется на производстве высококачественной посуды для питья, включая стаканчики с вакуумной изоляцией из нержавеющей стали и пластиковые бутылки без бисфенола-а. Наша линия из нержавеющей стали обеспечивает сохранение тепла более 12 часов и холода более 24 часов, а пластиковые стаканчики изготовлены из пищевого материала Tritan, который устойчив к разбиванию, его можно мыть в посудомоечной машине и он сертифицирован FDA. Все изделия отличаются герметичным дизайном, большой вместимостью и эргономичными формами, что идеально подходит для ежедневного использования, поездок на природу, занятий в тренажерном зале и кемпинге. Благодаря сертификации",ok,,2026-06-13T06:10:24Z,chemicos-joomla-catalog-v1.0.0
ChemiCos 2026,"Guangzhou Magic Crystal Trading Development Co., Ltd",Китай,Zhongcun Street,"Room 101. No.13 Zexi Street, Zhongcun Street, Panyu District, Guangzhou City (Location:1812), China",91F58,,"ПРОФЕССИОНАЛЬНАЯ И БЫТОВАЯ ХИМИЯ, ТОВАРЫ ДЛЯ КРАСОТЫ И ЗДОРОВЬЯ","В гранулах для ароматизации белья в качестве носителя использовался ПЭГ, содержащий микрокапсулы, ароматизаторы, смягчающие молекулы, бактериостатические агенты и т.д. Для сохранения аромата и выполнения антибактериальных функций был добавлен модифицированный катионный смягчитель на растительной основе, который обеспечивает синергетический эффект с антибактериальным средством и эффективно усиливает антибактериальный эффект. Уменьшают сопротивление трению между волокнами, а также между волокнами и кожей, помогают одежде восстановить естественную эластичность и эффективно снижают образование статического электричества, делают одежду более мягкой и приятной для кожи, позволяют носить ее с максимальным комфортом. использование: Машинная стирка: Налейте это средство в бак для стирки (* Пожалуйста, не насыпайте гранулы в бак для моющего средства или смягчителя, быстро не рекомендуется проводить процедуру стирки), наденьте одежду, добавьте стиральный порошок или другие средства для стирки и начните процедуру стирки. (Рекомендуемая дозировка на один раз около 20-40 г, дозировку можно регулировать.) Ручная стирка: Рекомендуется предварительно замочить на 15-20 минут до полного растворения продукта.",,http://www.m-crystal.com.cn,claire@m-crystal.cn,8615917411307,https://chemicos.ru/ru/company-card-axe?sendcompany=5781,5781,G,"В гранулах для ароматизации белья в качестве носителя использовался ПЭГ, содержащий микрокапсулы, ароматизаторы, смягчающие молекулы, бактериостатические агенты и т.д. Для сохранения аромата и выполнения антибактериальных функций был добавлен модифицированный катионный смягчитель на растительной основе, который обеспечивает синергетический эффект с антибактериальным средством и эффективно усиливает антибактериальный эффект. Уменьшают сопротивление трению между волокнами, а также между волокнами и кожей, помогают одежде восстановить естественную эластичность и эффективно снижают образование статического электричества, делают одежду более мягкой и приятной для кожи, позволяют носить ее с макси",ok,,2026-06-13T06:10:24Z,chemicos-joomla-catalog-v1.0.0
ChemiCos 2026,"Guangzhou Refreshing Tech Co., Ltd",Китай,Sheng Da Guo Ji Building,"#206, Sheng Da Guo Ji Building, Tianyuan Road 401, Tianhe District, Guangzhou city, Guangdong Province, China",91B42,,ПРОФЕССИОНАЛЬНАЯ И БЫТОВАЯ ХИМИЯ,"Мы производим капсулы для мытья посуды, капсулы для стирки белья, простыни для стирки, таблетки для мытья посуды и другие экологически чистые средства по уходу за домом. У нас налажена полная цепочка поставок для производства капсул для стирки, а также имеется собственная водорастворимая пленка и производственное оборудование.",WCOOL,http://www.laundrypodscare.com,24845513@qq.com,8613926029625,https://chemicos.ru/ru/company-card-axe?sendcompany=5785,5785,G,"Мы производим капсулы для мытья посуды, капсулы для стирки белья, простыни для стирки, таблетки для мытья посуды и другие экологически чистые средства по уходу за домом. У нас налажена полная цепочка поставок для производства капсул для стирки, а также имеется собственная водорастворимая пленка и производственное оборудование. | ПРОФЕССИОНАЛЬНАЯ И БЫТОВАЯ ХИМИЯ | WCOOL",ok,,2026-06-13T06:10:24Z,chemicos-joomla-catalog-v1.0.0
ChemiCos 2026,"Guangzhou Winford Chemical Co., Ltd",Китай,China,"China, No.101A, Building 4, Hongyu Zhihui, No. 333 Juhuashi Avenue, Huadu District, Guangzhou",91F51,,ПРОФЕССИОНАЛЬНАЯ И БЫТОВАЯ ХИМИЯ,"Мы являемся профессиональным производителем капсул для мытья посуды и капсул для стирки белья в Китае. Мы специализируемся на производстве 3-слойных капсул и обладаем многочисленными патентами на дизайн. Наши капсулы - это фирменный аромат romantic vitality. В соответствии с различными потребностями клиентов они могут быть настроены с точки зрения различных форм, веса, количества полостей и формул и т.д.",,http://www.gzwinford.com,johnson@gdwinpods.com,15360518042,https://chemicos.ru/ru/company-card-axe?sendcompany=5776,5776,G,"Мы являемся профессиональным производителем капсул для мытья посуды и капсул для стирки белья в Китае. Мы специализируемся на производстве 3-слойных капсул и обладаем многочисленными патентами на дизайн. Наши капсулы - это фирменный аромат romantic vitality. В соответствии с различными потребностями клиентов они могут быть настроены с точки зрения различных форм, веса, количества полостей и формул и т.д. | ПРОФЕССИОНАЛЬНАЯ И БЫТОВАЯ ХИМИЯ",ok,,2026-06-13T06:10:24Z,chemicos-joomla-catalog-v1.0.0
ChemiCos 2026,"Guangzhou Xibo Chemical Technology Co., Ltd",Китай,Tianhe District,"Room 1311-1312, No.89 Yanling Road, Tianhe District, Guangzhou, China",91E57,,"КОСМЕТИКА, ПЕРСОНАЛЬНАЯ ГИГИЕНА, CHEMICOS INDUSTRY","Силикон - это синтетический полимер с полуорганической структурой, которая придает ему ряд исключительных свойств, полезных для кожи, включая смазывающую способность, гидрофобность, устойчивость к ультрафиолетовому излучению и превосходную совместимость. Эти свойства делают силиконы ценными ингредиентами для повышения эффективности косметических средств. Ассортимент нашей продукции включает в себя: Пленкообразующую смолу MQ (триметилсилоксисиликат); Смеси смол MQ; Жидкости, модифицированные фенилом; Нециклические силиконовые жидкости; Силиконовые гибридные порошки; Силсесквиоксаны; Эластомерные гели на основе силиконовых смол; Модифицированные полисилоксановые пленкообразователи; и низковязкие силиконовые масла.",,http://www.xjysilicone.com,Vivian@xjysi.com,862087233027,https://chemicos.ru/ru/company-card-axe?sendcompany=5775,5775,G,"Силикон - это синтетический полимер с полуорганической структурой, которая придает ему ряд исключительных свойств, полезных для кожи, включая смазывающую способность, гидрофобность, устойчивость к ультрафиолетовому излучению и превосходную совместимость. Эти свойства делают силиконы ценными ингредиентами для повышения эффективности косметических средств. Ассортимент нашей продукции включает в себя: Пленкообразующую смолу MQ (триметилсилоксисиликат); Смеси смол MQ; Жидкости, модифицированные фенилом; Нециклические силиконовые жидкости; Силиконовые гибридные порошки; Силсесквиоксаны; Эластомерные гели на основе силиконовых смол; Модифицированные полисилоксановые пленкообразователи; и низковязк",ok,,2026-06-13T06:10:24Z,chemicos-joomla-catalog-v1.0.0
ChemiCos 2026,"Guangzhou YICUN Technology Development Co., Ltd",Китай,Huangpudong Road,"No.3616, Huangpudong Road, HUANGPU, 510730, Guangzhou, China",91G42,,ПРОФЕССИОНАЛЬНАЯ И БЫТОВАЯ ХИМИЯ,"Компания Guangzhou Yicun Technology Development Co., Ltd была основана в 2014 году, мы уже 10 лет предлагаем услуги OEM и ODM на нашем собственном заводе. Мы специализируемся на производстве и разработке капсул для стиральных порошков, капсул для посудомоечных машин и многофункциональных моющих средств. У нас богатый опыт сотрудничества с брендами в стране и за рубежом. И Yicun всегда поддерживают высокий уровень профессионализма и инноваций. Наша продукция соответствует стандартам ISO9001, ISO14001, ISO22716, ISO45001, а также имеет множество патентов и сертификатов, таких как REACH, SMETA и др. Стремясь к постоянному обеспечению стабильной и высококачественной продукции, мы располагаем стабильной цепочкой поставок, профессиональной командой по продажам и послепродажному обслуживанию.",,http://,feng@gz-yicun.com,020-82389919,https://chemicos.ru/ru/company-card-axe?sendcompany=5792,5792,G,"Компания Guangzhou Yicun Technology Development Co., Ltd была основана в 2014 году, мы уже 10 лет предлагаем услуги OEM и ODM на нашем собственном заводе. Мы специализируемся на производстве и разработке капсул для стиральных порошков, капсул для посудомоечных машин и многофункциональных моющих средств. У нас богатый опыт сотрудничества с брендами в стране и за рубежом. И Yicun всегда поддерживают высокий уровень профессионализма и инноваций. Наша продукция соответствует стандартам ISO9001, ISO14001, ISO22716, ISO45001, а также имеет множество патентов и сертификатов, таких как REACH, SMETA и др. Стремясь к постоянному обеспечению стабильной и высококачественной продукции, мы располагаем ста",ok,,2026-06-13T06:10:24Z,chemicos-joomla-catalog-v1.0.0
ChemiCos 2026,Gunangdong BingBing Health Care Products Ltd,Китай,Moscow,"Moscow, Flotskaya st., 80/7, premises. 1n",91C22,,ПЕРСОНАЛЬНАЯ ГИГИЕНА,"Bingbing - это группа компаний, основанная в 2001 году, мы объединяем исследования и разработки, производство, OEM / ODM и маркетинг бренда в одно целое. Наша основная продукция - это одноразовые средства гигиены, такие как гигиенические салфетки, тампоны, прокладки для трусиков, влажные салфетки, прокладки для беременных, прокладки от недержания мочи и т.д. Благодаря более чем 20-летним усилиям, профессиональному обслуживанию и превосходной запатентованной технологии Bingbing создала более 200 индивидуальных брендов для более чем 80 стран. Мы также создаем собственные бренды M Beauty, O2 и Glory Gril, которые продаются в крупных розничных сетях по всей России. Для различных каналов доступны гибкие решения.",M Beauty; O2; glory girl; Sparklecare; FlowX,http://www.ladynapkins.com,bingbing.xl@ladynapkins.com,7-977-424-95-39,https://chemicos.ru/ru/company-card-axe?sendcompany=5787,5787,G,"Bingbing - это группа компаний, основанная в 2001 году, мы объединяем исследования и разработки, производство, OEM / ODM и маркетинг бренда в одно целое. Наша основная продукция - это одноразовые средства гигиены, такие как гигиенические салфетки, тампоны, прокладки для трусиков, влажные салфетки, прокладки для беременных, прокладки от недержания мочи и т.д. Благодаря более чем 20-летним усилиям, профессиональному обслуживанию и превосходной запатентованной технологии Bingbing создала более 200 индивидуальных брендов для более чем 80 стран. Мы также создаем собственные бренды M Beauty, O2 и Glory Gril, которые продаются в крупных розничных сетях по всей России. Для различных каналов доступны",ok,,2026-06-13T06:10:24Z,chemicos-joomla-catalog-v1.0.0
ChemiCos 2026,"Hainan Kunyuan Life Technology Co., Ltd",Китай,Liby Center,"15th floor, Liby Center,No.2, Luju Road, Liwan, Guangzhou city, Guangdong province, China",91E52,,"ПРОФЕССИОНАЛЬНАЯ И БЫТОВАЯ ХИМИЯ, КОСМЕТИКА, CHEMICOS INDUSTRY","Ведущее предприятие в индустрии бытовой химии в Китае. Компания Liby kunyuan специализируется на производстве широкого ассортимента высококачественных чистящих средств, включая капсулы для стирки белья, простыни для стирки белья, стиральный порошок, средства для ручной стирки, таблетки для мытья посуды, чистящую пасту, шарики для чистки унитазов и универсальные влажные салфетки. Наши передовые технологии производства и строгая система контроля качества гарантируют, что наша продукция соответствует самым высоким стандартам производительности и надежности.",,http://www.liby.com.cn,chenmx@liby.com.cn,+86-13710657379,https://chemicos.ru/ru/company-card-axe?sendcompany=5770,5770,H,"Ведущее предприятие в индустрии бытовой химии в Китае. Компания Liby kunyuan специализируется на производстве широкого ассортимента высококачественных чистящих средств, включая капсулы для стирки белья, простыни для стирки белья, стиральный порошок, средства для ручной стирки, таблетки для мытья посуды, чистящую пасту, шарики для чистки унитазов и универсальные влажные салфетки. Наши передовые технологии производства и строгая система контроля качества гарантируют, что наша продукция соответствует самым высоким стандартам производительности и надежности. | ПРОФЕССИОНАЛЬНАЯ И БЫТОВАЯ ХИМИЯ, КОСМЕТИКА, CHEMICOS INDUSTRY",ok,,2026-06-13T06:10:24Z,chemicos-joomla-catalog-v1.0.0
ChemiCos 2026,Hamdi Al-Bakri & Partners co.,Иордания,Shukri Al Ayobi St.,"Billding No. 12, Shukri Al Ayobi St., North Marka, Po. Box 961809 Amman, 11196 Jordan",91D22,,"ПРОФЕССИОНАЛЬНАЯ И БЫТОВАЯ ХИМИЯ, ПЕРСОНАЛЬНАЯ ГИГИЕНА, CHEMICOS INDUSTRY, CHEMIPACK","Мы предлагаем широкий ассортимент парфюмерной продукции, включая парфюмерные масла, парфюмерные спреи, бахур, благовония и ароматические композиции. Наша продукция создаётся из тщательно отобранных ингредиентов, что обеспечивает высокое качество, стабильность и длительное звучание аромата. Ароматы разработаны для личного и коммерческого использования, сочетая выразительный характер и стабильные стандарты качества для удовлетворения различных потребностей рынка.",ELITE BRAND,http://www. hbp-co.com,bakriinfo1@gmail.com,962796554417,https://chemicos.ru/ru/company-card-axe?sendcompany=5794,5794,H,"Мы предлагаем широкий ассортимент парфюмерной продукции, включая парфюмерные масла, парфюмерные спреи, бахур, благовония и ароматические композиции. Наша продукция создаётся из тщательно отобранных ингредиентов, что обеспечивает высокое качество, стабильность и длительное звучание аромата. Ароматы разработаны для личного и коммерческого использования, сочетая выразительный характер и стабильные стандарты качества для удовлетворения различных потребностей рынка. | ПРОФЕССИОНАЛЬНАЯ И БЫТОВАЯ ХИМИЯ, ПЕРСОНАЛЬНАЯ ГИГИЕНА, CHEMICOS INDUSTRY, CHEMIPACK | ELITE BRAND",ok,,2026-06-13T06:10:24Z,chemicos-joomla-catalog-v1.0.0
ChemiCos 2026,HITERS-PACK,Россия,Ступинский район,"Россия, МО, Ступинский район, промышленная зона Михнево, М4 владение 86",92B63,,"CHEMICOS INDUSTRY, CHEMIPACK","HITERS-PACK – ведущая компания в сфере копакинга, сочетающая высокий профессионализм с современными инновационными решениями. Мы принимаем крупные объемы продукции, аккуратно упаковываем её в соответствии с вашими ТЗ и тщательно расфасовываем по коробкам. Наносим точные штрих-коды и отметки «Честный знак», а также обеспечиваем хранение товара в оптимальных условиях. Мы предлагаем комплексные решения для b2b-сегмента: от создания уникального дизайна упаковки до полного воплощения готового проекта с учётом индивидуальных нужд вашего бренда. Кроме того, доставка осуществляется собственным транспортом точно в назначенное вами место.",,http://hiterspak.ru,info@hiters.ru,+7(965) 458-43-11,https://chemicos.ru/ru/company-card-axe?sendcompany=5751,5751,H,"HITERS-PACK – ведущая компания в сфере копакинга, сочетающая высокий профессионализм с современными инновационными решениями. Мы принимаем крупные объемы продукции, аккуратно упаковываем её в соответствии с вашими ТЗ и тщательно расфасовываем по коробкам. Наносим точные штрих-коды и отметки «Честный знак», а также обеспечиваем хранение товара в оптимальных условиях. Мы предлагаем комплексные решения для b2b-сегмента: от создания уникального дизайна упаковки до полного воплощения готового проекта с учётом индивидуальных нужд вашего бренда. Кроме того, доставка осуществляется собственным транспортом точно в назначенное вами место. | CHEMICOS INDUSTRY, CHEMIPACK",ok,,2026-06-13T06:10:24Z,chemicos-joomla-catalog-v1.0.0
ChemiCos 2026,"Hunan Resun Auway Industrial Co., Ltd",Китай,Shetang Road,"No.399, Shetang Road, Quantang Street, Changsha, China",91B41,,"ПРОФЕССИОНАЛЬНАЯ И БЫТОВАЯ ХИМИЯ, КОСМЕТИКА, ПЕРСОНАЛЬНАЯ ГИГИЕНА, ТОВАРЫ ДЛЯ КРАСОТЫ И ЗДОРОВЬЯ, CHEMICOS INDUSTRY","Компания Hunan Resun Auway Industrial Co., Ltd была основана в 2001 году, является крупнейшим производителем в Китае, специализирующимся на исследованиях, производстве и продаже поверхностно-активных веществ на внутреннем и внешнем рынках, и располагает 3 заводами в Шанхае, Чанше и Дунгуане с годовой производительностью более 800 000 тонн. На данный момент мы экспортируем продукцию более чем в 100 стран мира. RSAW ESB70/ZA - это высокоактивный косметический сульфат лаурилового эфира натрия, получаемый путем непрерывного сульфатирования этоксилированного (2EO) спирта тонкой очистки SO3 с последующей нейтрализацией каустической содой. RSAW ESB70/ZA - это универсальное косметическое сырье, широко используемое в рецептурах шампуней, пенных средств для ванн, других туалетных принадлежностей и чистящих средств. RSAW ESB70/ZA особенно полезен в составах с высокой активностью благодаря своей превосходной растворимости и мягкости для кожи.",AW,http://www.hnlcaw.com,billjiang@hnresun.com,8618182115702,https://chemicos.ru/ru/company-card-axe?sendcompany=5784,5784,H,"Компания Hunan Resun Auway Industrial Co., Ltd была основана в 2001 году, является крупнейшим производителем в Китае, специализирующимся на исследованиях, производстве и продаже поверхностно-активных веществ на внутреннем и внешнем рынках, и располагает 3 заводами в Шанхае, Чанше и Дунгуане с годовой производительностью более 800 000 тонн. На данный момент мы экспортируем продукцию более чем в 100 стран мира. RSAW ESB70/ZA - это высокоактивный косметический сульфат лаурилового эфира натрия, получаемый путем непрерывного сульфатирования этоксилированного (2EO) спирта тонкой очистки SO3 с последующей нейтрализацией каустической содой. RSAW ESB70/ZA - это универсальное косметическое сырье, широ",ok,,2026-06-13T06:10:24Z,chemicos-joomla-catalog-v1.0.0
ChemiCos 2026,IFOAM ООО «Система»,Россия,Волжский,"Россия, 404101, Волгоградская область, г. Волжский, ул. Пушкина, д.121 А",91F32,,"ПРОФЕССИОНАЛЬНАЯ И БЫТОВАЯ ХИМИЯ, ПЕРСОНАЛЬНАЯ ГИГИЕНА","Название: IFOAM. Сфера деятельности: Производство профессиональной и бытовой химии для дома, автомобиля, HoReCa. Год основания: 2019г. (развитие от небольшого коллектива до крупного производства). Производственные мощности: Собственная производственная база площадью более 30 000 м². Ежемесячный выпуск – свыше 400 тонн продукции (с возможностью расширения). Расположение завода – вблизи основного рынка сбыта (Волгоградская область, Россия). Полный цикл производства: от разработки формулы до фасовки. Строгий контроль качества на всех этапах. Уникальная библиотека образцов продукции по срокам годности – оперативный контроль и устранение несоответствий. Гибкость в масштабировании: от мелкой фасовки (500 мл) до промышленных объёмов (20–24 кг). Экологичность: биоразлагаемые формулы, отсутствие агрессивных компонентов (например, SLS, хлора в ряде линеек) Собственное современное производство, широкий ассортимент под все сегменты рынка, гибкая фасовка – от розничной до промышленной, высокая концентрация = экономичный расход, быстрая логистика за счёт расположения завода, постоянное техническое развитие и адаптация под запросы рынка.",IFOAM,http://ifoam.su,info@ifoam.su,8-800-101-77-55,https://chemicos.ru/ru/company-card-axe?sendcompany=5823,5823,I,"Название: IFOAM. Сфера деятельности: Производство профессиональной и бытовой химии для дома, автомобиля, HoReCa. Год основания: 2019г. (развитие от небольшого коллектива до крупного производства). Производственные мощности: Собственная производственная база площадью более 30 000 м². Ежемесячный выпуск – свыше 400 тонн продукции (с возможностью расширения). Расположение завода – вблизи основного рынка сбыта (Волгоградская область, Россия). Полный цикл производства: от разработки формулы до фасовки. Строгий контроль качества на всех этапах. Уникальная библиотека образцов продукции по срокам годности – оперативный контроль и устранение несоответствий. Гибкость в масштабировании: от мелкой фасов",ok,,2026-06-13T06:10:24Z,chemicos-joomla-catalog-v1.0.0
ChemiCos 2026,INFINITA BIOTECH PVT LTD,Индия,Krishna Industrial Estate,"B/5/21/22/23, Krishna Industrial Estate, Gorwa, Vadodara - 390 016, Gujarat, India",92B51,,"ПРОФЕССИОНАЛЬНАЯ И БЫТОВАЯ ХИМИЯ, КОСМЕТИКА, ПЕРСОНАЛЬНАЯ ГИГИЕНА, ТОВАРЫ ДЛЯ КРАСОТЫ И ЗДОРОВЬЯ, CHEMICOS INDUSTRY","Infinita Biotech предлагает высококачественные ферменты для множества отраслей, включая бытовую и промышленную химию, косметику и пищевую промышленность. Наши экологичные, стабильные и настраиваемые решения повышают эффективность процессов, качество продукции и устойчивость в различных областях применения.",,http://www.infinitabiotech.com,jimesh@infinitabiotech.com,916353418362,https://chemicos.ru/ru/company-card-axe?sendcompany=5701,5701,I,"Infinita Biotech предлагает высококачественные ферменты для множества отраслей, включая бытовую и промышленную химию, косметику и пищевую промышленность. Наши экологичные, стабильные и настраиваемые решения повышают эффективность процессов, качество продукции и устойчивость в различных областях применения. | ПРОФЕССИОНАЛЬНАЯ И БЫТОВАЯ ХИМИЯ, КОСМЕТИКА, ПЕРСОНАЛЬНАЯ ГИГИЕНА, ТОВАРЫ ДЛЯ КРАСОТЫ И ЗДОРОВЬЯ, CHEMICOS INDUSTRY",ok,,2026-06-13T06:10:24Z,chemicos-joomla-catalog-v1.0.0
ChemiCos 2026,INSTETIKA,Россия,Москва,"Россия, 2-я Вольская улица, 3, Москва",91D14,,КОСМЕТИКА,"INSTETIKA – российский бренд профессионального ухода за кожей, объединяющий принципы доказательной космецевтики, научный подход и глубокое понимание потребностей как специалистов, так и их клиентов. Мы создаём специализированные средства для решения конкретных задач, уделяя особое внимание здоровью и эстетике кожи ног. Наша линейка включает профессиональные продукты для подологов, средства для ежедневного ухода, а также специализированные разработки, такие как крем для диабетической стопы, созданный с учётом особых потребностей чувствительной кожи. Мы верим, что настоящая забота должна быть ощутимой. Поэтому наши продукты – это синергия высоких технологий и натуральных компонентов, подобранных так, чтобы кожа чувствовала себя любимой. Мгновенная нежность текстуры, тонкий естественный аромат, ощущение бархатного комфорта – каждая деталь создана для того, чтобы уход стал моментом наслаждения.",,http://instetika.store,instetika@list.ru,89283004242,https://chemicos.ru/ru/company-card-axe?sendcompany=5850,5850,I,"INSTETIKA – российский бренд профессионального ухода за кожей, объединяющий принципы доказательной космецевтики, научный подход и глубокое понимание потребностей как специалистов, так и их клиентов. Мы создаём специализированные средства для решения конкретных задач, уделяя особое внимание здоровью и эстетике кожи ног. Наша линейка включает профессиональные продукты для подологов, средства для ежедневного ухода, а также специализированные разработки, такие как крем для диабетической стопы, созданный с учётом особых потребностей чувствительной кожи. Мы верим, что настоящая забота должна быть ощутимой. Поэтому наши продукты – это синергия высоких технологий и натуральных компонентов, подобранн",ok,,2026-06-13T06:10:24Z,chemicos-joomla-catalog-v1.0.0
ChemiCos 2026,INTERDISP,Россия,Санкт-Петербург,"Россия, г. Санкт-Петербург, пл. Карла Фаберже, 8, литера Б, пом. 22Н, оф. 401; г. Москва, ул. Люсиновская д.36, стр.1",92D11,,CHEMICOS INDUSTRY,"Компания ""Интердисп"" является одним из крупнейших дистрибьюторов и поставляет сырье для косметики и бытовой химии: энзимы, биоциды, силиконы, олеохимию, экстракты и активные ингредиенты, ПАВы, эмульгаторы, эмоленты, отдушки, жирные масла, продукты для зеленой косметики, гиалуроновую кислоту и ее производные.",,http://interdisp-group.ru,zakaz@interdisp.ru,88005558600,https://chemicos.ru/ru/company-card-axe?sendcompany=5807,5807,I,"Компания ""Интердисп"" является одним из крупнейших дистрибьюторов и поставляет сырье для косметики и бытовой химии: энзимы, биоциды, силиконы, олеохимию, экстракты и активные ингредиенты, ПАВы, эмульгаторы, эмоленты, отдушки, жирные масла, продукты для зеленой косметики, гиалуроновую кислоту и ее производные. | CHEMICOS INDUSTRY",ok,,2026-06-13T06:10:24Z,chemicos-joomla-catalog-v1.0.0
ChemiCos 2026,INTRAROS CO.LTD,Республика Корея,Москва,"Россия, г. Москва, ул. Вавилова, д. 81, корп. 1, оф. 22",92C13,,"КОСМЕТИКА, CHEMICOS INDUSTRY","Компания INTRAROS – ведущий поставщик медицинских изделий и товаров для красоты и здоровья, а также современного оборудования и сырья для производства изделий медицинского назначения и ингредиенты для косметики и космецевтики.",INTRARICH,http://intraros.ru,info@intraros.com,7 (495) 505-6776,https://chemicos.ru/ru/company-card-axe?sendcompany=5765,5765,I,"Компания INTRAROS – ведущий поставщик медицинских изделий и товаров для красоты и здоровья, а также современного оборудования и сырья для производства изделий медицинского назначения и ингредиенты для косметики и космецевтики. | КОСМЕТИКА, CHEMICOS INDUSTRY | INTRARICH",ok,,2026-06-13T06:10:24Z,chemicos-joomla-catalog-v1.0.0
ChemiCos 2026,"Jiangyin ChiChaKun Medical Technology Co., Ltd",Китай,Liukangli,"No. 168, Liukangli, Sanyuan Village, Xiagang Street, Jiangyin City, Wuxi City, Jiangsu Province, China",91C53,,ПЕРСОНАЛЬНАЯ ГИГИЕНА,"Компания придерживается корпоративной философии ""инновации, безопасность и удовлетворение потребностей"". На предприятии есть цех очистки медицинского назначения и автоматизированная производственная линия.",,http://www.chichakunwipes.com,xuelan116@126.com,8613771610807,https://chemicos.ru/ru/company-card-axe?sendcompany=5788,5788,J,"Компания придерживается корпоративной философии ""инновации, безопасность и удовлетворение потребностей"". На предприятии есть цех очистки медицинского назначения и автоматизированная производственная линия. | ПЕРСОНАЛЬНАЯ ГИГИЕНА",ok,,2026-06-13T06:10:24Z,chemicos-joomla-catalog-v1.0.0
ChemiCos 2026,KALE CARE CHEMICALS,Турция,,,92E13,,"ПРОФЕССИОНАЛЬНАЯ И БЫТОВАЯ ХИМИЯ, КОСМЕТИКА, ПЕРСОНАЛЬНАЯ ГИГИЕНА, CHEMICOS INDUSTRY","Компания KALE CARE CHEMICALS, основанная в 1975 году, производит поверхностно-активные вещества и специальные химические системы для личной гигиены и ухода на дому. Компания производит анионные, неионные, катионные и амфотерные поверхностно-активные вещества, эмульгаторы, консерванты, силиконовые эмульсии и системы для влажных салфеток. Обладая мощной научно-исследовательской инфраструктурой, она разрабатывает инновационные решения с высокой добавленной стоимостью и оптимизацией затрат для мировых рынков.",,http://,,,https://chemicos.ru/ru/company-card-axe?sendcompany=5729,5729,K,"Компания KALE CARE CHEMICALS, основанная в 1975 году, производит поверхностно-активные вещества и специальные химические системы для личной гигиены и ухода на дому. Компания производит анионные, неионные, катионные и амфотерные поверхностно-активные вещества, эмульгаторы, консерванты, силиконовые эмульсии и системы для влажных салфеток. Обладая мощной научно-исследовательской инфраструктурой, она разрабатывает инновационные решения с высокой добавленной стоимостью и оптимизацией затрат для мировых рынков. | ПРОФЕССИОНАЛЬНАЯ И БЫТОВАЯ ХИМИЯ, КОСМЕТИКА, ПЕРСОНАЛЬНАЯ ГИГИЕНА, CHEMICOS INDUSTRY",ok,,2026-06-13T06:10:24Z,chemicos-joomla-catalog-v1.0.0
ChemiCos 2026,KNEISSMI КОНТРАКТНОЕ ПРОИЗВОДСТВО,Россия,Москва,"Россия, г. Москва, г. Зеленоград ул. Панфиловский пр., дом 10 стр.1",91G32,,"ПРОФЕССИОНАЛЬНАЯ И БЫТОВАЯ ХИМИЯ, КОСМЕТИКА, ПЕРСОНАЛЬНАЯ ГИГИЕНА","Производственная компания KNEISSmi Натуральная косметика KNEISSmi – это продукты с эффективными составами для домашнего и профессионального использования Косметика KNEISSmi сертифицирована и протестирована на безопасность Не содержит спиртов, сульфатов, гмо и гормонов. Невероятные текстуры, ароматы и эстетическое удовольствие в сочетании с мощными активными компонентами. Полный цикл производства. 2 производственные площадки. Мощность производства 150000 единиц в месяц. ВИДЫ КОСМЕТИКИ: - для лица (средства для умывания, гели, пенки, масла, пудры), молочко, сливки, тоники, лосьоны, кремы, сыворотки, бальзамы, маски, скрабы, пилинги. - для тела: баттеры-суфле, скрабы, гели для душа, жидкое мыло, пены для ванн, кремы, лосьоны, мисты, масла для тела, средства для маникюра и педикюра. - для волос: шампуни, кондиционеры, маски, бальзамы, сыворотки, средства для стайлинга, масла для волос и бороды. КОНТРАКТНОЕ ПРОИЗВОДСТВО: КОНСУЛЬТАЦИЯ И ПОДБОР Мы подробно проконсультируем по Всем вопросам, поможем выбрать подходящий продукт. Бесплатно отправим образцы продукции. Объемная база готовых проверенных рецептур. ИНДИВИДУАЛЬНЫЕ РЕЦЕПТЫ: Бесплатная разработка индивидуальной рецептуры. Создадим Ваш уникальный продукт по Вашему ТЗ или повторим аналог уже имеющегося продуктов, в том числе работа по Вашим технологическим картам.",KNEISSMI,http://,,,https://chemicos.ru/ru/company-card-axe?sendcompany=5865,5865,K,"Производственная компания KNEISSmi Натуральная косметика KNEISSmi – это продукты с эффективными составами для домашнего и профессионального использования Косметика KNEISSmi сертифицирована и протестирована на безопасность Не содержит спиртов, сульфатов, гмо и гормонов. Невероятные текстуры, ароматы и эстетическое удовольствие в сочетании с мощными активными компонентами. Полный цикл производства. 2 производственные площадки. Мощность производства 150000 единиц в месяц. ВИДЫ КОСМЕТИКИ: - для лица (средства для умывания, гели, пенки, масла, пудры), молочко, сливки, тоники, лосьоны, кремы, сыворотки, бальзамы, маски, скрабы, пилинги. - для тела: баттеры-суфле, скрабы, гели для душа, жидкое мыло",ok,,2026-06-13T06:10:24Z,chemicos-joomla-catalog-v1.0.0
ChemiCos 2026,LAVR,Россия,Челябинск,"Россия, г. Челябинск, ул. Энгельса, 44Д",91E43,,"ПРОФЕССИОНАЛЬНАЯ И БЫТОВАЯ ХИМИЯ, ПЕРСОНАЛЬНАЯ ГИГИЕНА","LAVR – это фамильная компания, созданная инженерами-двигателистами. За более чем 25-летний опыт на рынке LAVR заслужил репутацию авторитетного бренда, которому доверяют, знают и рекомендуют. В распоряжении компании – собственное производство, складская сеть, команда высококлассных технологов, надежные поставщики и возможность привлечения для тестирования продукции профессионалов отрасли. Сегодня LAVR выпускает автомобильную и мото химию и косметику, бытовую химию, средства для профессионального и промышленного клининга и средства для ухода за оружием. - с 1997 года на рынке. - 1000 SKU в продуктовом портфеле компании. - 150 новых SKU выпускается ежегодно. - 50 млн. ед. выпускается ежегодно. - 18 стран зона представленности продукции.",LAVR; LAVR for home; LAVR MOTOLINE; bbc bi bi care; LAVR Proline; LAVR cleaning,http://export@lavr.rylavrchemistry.com,info@lavr.ru,8-800-100-67-65,https://chemicos.ru/ru/company-card-axe?sendcompany=5753,5753,L,"LAVR – это фамильная компания, созданная инженерами-двигателистами. За более чем 25-летний опыт на рынке LAVR заслужил репутацию авторитетного бренда, которому доверяют, знают и рекомендуют. В распоряжении компании – собственное производство, складская сеть, команда высококлассных технологов, надежные поставщики и возможность привлечения для тестирования продукции профессионалов отрасли. Сегодня LAVR выпускает автомобильную и мото химию и косметику, бытовую химию, средства для профессионального и промышленного клининга и средства для ухода за оружием. - с 1997 года на рынке. - 1000 SKU в продуктовом портфеле компании. - 150 новых SKU выпускается ежегодно. - 50 млн. ед. выпускается ежегодно. ",ok,,2026-06-13T06:10:24Z,chemicos-joomla-catalog-v1.0.0
ChemiCos 2026,LM,Россия,Приморский край,"Россия, 690014, Приморский край, г Владивосток, ул Жуковского, д.10",91D21,,ПРОФЕССИОНАЛЬНАЯ И БЫТОВАЯ ХИМИЯ,"Наша компания основана во Владивостоке и 10 лет занималась экспортом косметики и бытовой химии из Азии. Став экспертами в этом деле, мы с партнерами из Республики Корея создали линейку инновационных средств для стирки и чистоты под брендами PureLab и SolaFresh, отвечающие самым притязательным запросам современных потребителей. Оба бренда выстроены на «трёх китах»: эффективность, свежесть и экологичность. Наша продукция гипоаллергенна и безопасна, cruelty free и eco friendly, подходит для детей.",PureLab; SolaFresh,http://lmeco.ru,sale@lmeco.ru,89147100017,https://chemicos.ru/ru/company-card-axe?sendcompany=5866,5866,L,"Наша компания основана во Владивостоке и 10 лет занималась экспортом косметики и бытовой химии из Азии. Став экспертами в этом деле, мы с партнерами из Республики Корея создали линейку инновационных средств для стирки и чистоты под брендами PureLab и SolaFresh, отвечающие самым притязательным запросам современных потребителей. Оба бренда выстроены на «трёх китах»: эффективность, свежесть и экологичность. Наша продукция гипоаллергенна и безопасна, cruelty free и eco friendly, подходит для детей. | ПРОФЕССИОНАЛЬНАЯ И БЫТОВАЯ ХИМИЯ | PureLab; SolaFresh",ok,,2026-06-13T06:10:24Z,chemicos-joomla-catalog-v1.0.0
ChemiCos 2026,MAKE U MAKE,Россия,Самарская область,"Россия, Самарская область, гор Самара, ул Садовая 82",91G33,,"КОСМЕТИКА, ТОВАРЫ ДЛЯ КРАСОТЫ И ЗДОРОВЬЯ","Бренд MakeUMake – новинка на Российском бьюти-рынке. Это косметика созданная мужчинами-визажистами и потому идеально воплощает тот образ, в котором любой мужчина хочет увидеть свою красавицу. Рецепт макияжа мужскими глазами: мягкий и женственный, натуральный и свежий образ. Устойчивые текстуры, которые держатся в течение всего дня - то, что необходимо современной активной женщине. Эксклюзивные и дорогие оттенки продуктов, безопасные и ухаживающие формулы - самое важное для нас, это здоровье вашей кожи. В ассортименте бренда декоративная косметика и уходовая космецевтика класса Premium, где каждый продукт – абсолютный must have в «арсенале красоты» любой женщины.",MAKE U MAKE,http://makeumake.ru,makeumake@mail.ru,79171421504,https://chemicos.ru/ru/company-card-axe?sendcompany=5821,5821,M,"Бренд MakeUMake – новинка на Российском бьюти-рынке. Это косметика созданная мужчинами-визажистами и потому идеально воплощает тот образ, в котором любой мужчина хочет увидеть свою красавицу. Рецепт макияжа мужскими глазами: мягкий и женственный, натуральный и свежий образ. Устойчивые текстуры, которые держатся в течение всего дня - то, что необходимо современной активной женщине. Эксклюзивные и дорогие оттенки продуктов, безопасные и ухаживающие формулы - самое важное для нас, это здоровье вашей кожи. В ассортименте бренда декоративная косметика и уходовая космецевтика класса Premium, где каждый продукт – абсолютный must have в «арсенале красоты» любой женщины. | КОСМЕТИКА, ТОВАРЫ ДЛЯ КРАСО",ok,,2026-06-13T06:10:24Z,chemicos-joomla-catalog-v1.0.0
ChemiCos 2026,MARABU DOLOMIT,Россия,Москва,"Россия, г. Москва, ул. 1-я Тверская-Ямская, д.23с1, оф.405",91G13,,"ПРОФЕССИОНАЛЬНАЯ И БЫТОВАЯ ХИМИЯ, ПЕРСОНАЛЬНАЯ ГИГИЕНА","Амальфи сегодня это технологичный производитель, надежный поставщик и узнаваемые бренды. Marabu – гигиена для всей семьи разработана в Японии: детские подгузники и трусики, гипоаллергенные влажные салфетки, средства для женской гигиены, ватная продукция, бумажные салфетки и туалетная бумага, бытовая химия DOLOMIT. Премиальное качество по доступной цене. Ottino – это традиционное европейское качество и инновационные решения, интегрированные в производство детских подгузников и трусиков. Разработано в Италии.",MARABU; MARABU BOTANICA; MARABU DOLOMIT; OTTINO,http://marabu.ru/?ysclid=ml7koixge6311386082,info@marabu.ru,89503005577,https://chemicos.ru/ru/company-card-axe?sendcompany=5857,5857,M,"Амальфи сегодня это технологичный производитель, надежный поставщик и узнаваемые бренды. Marabu – гигиена для всей семьи разработана в Японии: детские подгузники и трусики, гипоаллергенные влажные салфетки, средства для женской гигиены, ватная продукция, бумажные салфетки и туалетная бумага, бытовая химия DOLOMIT. Премиальное качество по доступной цене. Ottino – это традиционное европейское качество и инновационные решения, интегрированные в производство детских подгузников и трусиков. Разработано в Италии. | ПРОФЕССИОНАЛЬНАЯ И БЫТОВАЯ ХИМИЯ, ПЕРСОНАЛЬНАЯ ГИГИЕНА | MARABU; MARABU BOTANICA; MARABU DOLOMIT; OTTINO",ok,,2026-06-13T06:10:24Z,chemicos-joomla-catalog-v1.0.0
ChemiCos 2026,"MATSESTA, Производственно-косметическая компания",Россия,Сочи,"Россия, Сочи, Коммунальная, 39",92E31,,"КОСМЕТИКА, ПЕРСОНАЛЬНАЯ ГИГИЕНА, ТОВАРЫ ДЛЯ КРАСОТЫ И ЗДОРОВЬЯ","Matsesta – натуральная косметика на основе воды из экологически чистых источников Мацесты в Сочи. Продукты богаты природными минералами, которые увлажняют, питают и омолаживают кожу. В линейке бренда – средства для очищения, увлажнения и защиты от УФ-лучей. Косметика подходит для всех типов кожи и эффективно предотвращает старение. Профессиональная линейка бренда уже оценена косметологами России и предлагается по доступной цене, делая качественный уход доступным каждому.",MATSESTA; SEA ROSE; MORE SPA,http://matsesta.shop,info@matsesta.shop,89882343300,https://chemicos.ru/ru/company-card-axe?sendcompany=5819,5819,M,"Matsesta – натуральная косметика на основе воды из экологически чистых источников Мацесты в Сочи. Продукты богаты природными минералами, которые увлажняют, питают и омолаживают кожу. В линейке бренда – средства для очищения, увлажнения и защиты от УФ-лучей. Косметика подходит для всех типов кожи и эффективно предотвращает старение. Профессиональная линейка бренда уже оценена косметологами России и предлагается по доступной цене, делая качественный уход доступным каждому. | КОСМЕТИКА, ПЕРСОНАЛЬНАЯ ГИГИЕНА, ТОВАРЫ ДЛЯ КРАСОТЫ И ЗДОРОВЬЯ | MATSESTA; SEA ROSE; MORE SPA",ok,,2026-06-13T06:10:24Z,chemicos-joomla-catalog-v1.0.0
ChemiCos 2026,Medlex,Россия,Краснодар,"Россия, Краснодарский край, г. Краснодар, ул. Зиповская 5, корп.33",92E31,,,"ООО ""МЕДЛЕКСПРОМ"" - ведущий производитель дезинфицирующих и моющих средств на Юге России. Ассортимент насчитывает более 200 товарных единиц. Основные направления деятельности компании: - Производство и поставка дезинфицирующих и моющих средств; - Комплексное оснащение учреждений медицинским и общебольничным оборудованием; - Поставка химических реактивов, мерной и химико-лабораторной посуды, приборов, аппаратов, оборудования из стекла, оснащение учреждений лабораторным оборудованием и мебелью. Продукцией компании ""МЕДЛЕКСПРОМ"" под брендом Medlex пользуются во всех сферах, связанных с соблюдением повышенных требований к санитарии и гигиене: в здравоохранении, пищевой промышленности, гостиничном и ресторанном бизнесе, индустрии красоты и других.",Medlex,http://www.medlex.ru,Info@medlex.ru,+7 (861) 279-10-00,https://chemicos.ru/ru/company-card-axe?sendcompany=5833,5833,M,"ООО ""МЕДЛЕКСПРОМ"" - ведущий производитель дезинфицирующих и моющих средств на Юге России. Ассортимент насчитывает более 200 товарных единиц. Основные направления деятельности компании: - Производство и поставка дезинфицирующих и моющих средств; - Комплексное оснащение учреждений медицинским и общебольничным оборудованием; - Поставка химических реактивов, мерной и химико-лабораторной посуды, приборов, аппаратов, оборудования из стекла, оснащение учреждений лабораторным оборудованием и мебелью. Продукцией компании ""МЕДЛЕКСПРОМ"" под брендом Medlex пользуются во всех сферах, связанных с соблюдением повышенных требований к санитарии и гигиене: в здравоохранении, пищевой промышленности, гостинично",ok,,2026-06-13T06:10:24Z,chemicos-joomla-catalog-v1.0.0
ChemiCos 2026,MEZZMERY,Россия,Самара,"Россия, г. Самара, ул. Скляренко 26, ОЦ «ПАНОРАМА», офис 6010",92D42,,КОСМЕТИКА,"Компания ООО «МЕСМЕРИ» занимается производством профессиональной косметики с 2022 года и является оптово-розничным поставщиком профессиональной косметики для депиляции в салоны красоты, спа-салоны и для частных мастеров. Наши конкурентные преимущества – продаем всю систему депиляции и обучаем мастеров под ключ от технологии материалов, принципов работы с ними, скоростным техникам депиляции до поиска клиентов и настройки маркетинга. Наша система депиляции – конкурентноспособный продукт, созданный под вдохновением мировых брендов, таких как LYCON (австралийский бренд для депиляции) при этом предлагающий комфортные цены для рынка РФ и стран СНГ. Сопровождение салона сопутствующими материалами и регулярными скидками – обязательное условие при сотрудничестве с компанией ООО «МЕСМЕРИ».",MEZZMERY Система восковой депиляции,http://www.mezzmery.com,ceo.mezzmery@gmail.com,89153737283,https://chemicos.ru/ru/company-card-axe?sendcompany=5738,5738,M,"Компания ООО «МЕСМЕРИ» занимается производством профессиональной косметики с 2022 года и является оптово-розничным поставщиком профессиональной косметики для депиляции в салоны красоты, спа-салоны и для частных мастеров. Наши конкурентные преимущества – продаем всю систему депиляции и обучаем мастеров под ключ от технологии материалов, принципов работы с ними, скоростным техникам депиляции до поиска клиентов и настройки маркетинга. Наша система депиляции – конкурентноспособный продукт, созданный под вдохновением мировых брендов, таких как LYCON (австралийский бренд для депиляции) при этом предлагающий комфортные цены для рынка РФ и стран СНГ. Сопровождение салона сопутствующими материалами и",ok,,2026-06-13T06:10:24Z,chemicos-joomla-catalog-v1.0.0
ChemiCos 2026,NICSELLE cosmetic,Россия,Москва,"Россия, Москва, Московская область +7 991 584-32-71",92C74,,КОСМЕТИКА,"Компания производит премиальную российскую косметику по уходу за кожей лица под брендом NICSELLE cosmetic. Наша философия: - Наука, в которую веришь. Мы соединяем передовые биоферментированные комплексы и проверенные пептиды с силой натуральных экстрактов. Каждая формула имеет доказанную эффективность. - Бережность, которую чувствуешь. Наши текстуры – это наслаждение для кожи. Мы создаем сенсорный опыт, который превращает рутину в ежедневный ритуал наслаждения. Ознакомиться с продукцией бренда «Nicselle» можно на стенде N 92C74 17-19 марта в Крокус Экспо в Москве.",NICSELLE cosmetic,http://nicselle.ru,info@nicselle.ru,+7 977 797-33-88,https://chemicos.ru/ru/company-card-axe?sendcompany=5867,5867,N,"Компания производит премиальную российскую косметику по уходу за кожей лица под брендом NICSELLE cosmetic. Наша философия: - Наука, в которую веришь. Мы соединяем передовые биоферментированные комплексы и проверенные пептиды с силой натуральных экстрактов. Каждая формула имеет доказанную эффективность. - Бережность, которую чувствуешь. Наши текстуры – это наслаждение для кожи. Мы создаем сенсорный опыт, который превращает рутину в ежедневный ритуал наслаждения. Ознакомиться с продукцией бренда «Nicselle» можно на стенде N 92C74 17-19 марта в Крокус Экспо в Москве. | КОСМЕТИКА | NICSELLE cosmetic",ok,,2026-06-13T06:10:24Z,chemicos-joomla-catalog-v1.0.0
ChemiCos 2026,NOOR ENZYMES,ОАЭ,Dubai World Central,"Dubai World Central, Po Box 185367, Dubai",92D12,,CHEMICOS INDUSTRY,ФЕРМЕНТЫ для моющих средств - Фермент щелочная протеаза для моющих средств - Щелочная амилаза для моющих средств - Щелочная липаза для моющих средств - Гранулированные ферментные смеси для порошковых моющих средств - Жидкие ферментные смеси для жидких моющих средств - Специальные ферментные смеси для моющих средств.,BioDestain™ – ALKP; BioDestain™ – ALKA; BioDestain™ – ALKL; BioDestain™ - Multiclean,http://www.noor-enzymes.com,info@noor-enzymes.com,971585200767,https://chemicos.ru/ru/company-card-axe?sendcompany=5702,5702,N,ФЕРМЕНТЫ для моющих средств - Фермент щелочная протеаза для моющих средств - Щелочная амилаза для моющих средств - Щелочная липаза для моющих средств - Гранулированные ферментные смеси для порошковых моющих средств - Жидкие ферментные смеси для жидких моющих средств - Специальные ферментные смеси для моющих средств. | CHEMICOS INDUSTRY | BioDestain™ – ALKP; BioDestain™ – ALKA; BioDestain™ – ALKL; BioDestain™ - Multiclean,ok,,2026-06-13T06:10:24Z,chemicos-joomla-catalog-v1.0.0
ChemiCos 2026,PERMEGI,Россия,Владимир,"Россия, г. Владимир, ул. Северная 1",91E62,,"ПРОФЕССИОНАЛЬНАЯ И БЫТОВАЯ ХИМИЯ, КОСМЕТИКА, ПЕРСОНАЛЬНАЯ ГИГИЕНА","PERMEGI – российский бренд-производитель арома-товаров, №1 по диффузорам на WB и OZON. Лауреат “100 лучших товаров России”. Собственное производство 5 000 м², экспертиза и контроль качества на каждом этапе, сильная бренд- и дизайн-команда. Активно развиваем модель СТМ, B2B подарки, капсульные коллекции. Создаем линейки под ключ – от идеи и аромата до упаковки и серии. Партнеры: Askona, Абрау-Дюрсо, Лемана Про. Создавайте арома-бизнес с Permegi!",PERMEGI,http://permegi.ru,b2b@permegi.ru,79276530343,https://chemicos.ru/ru/company-card-axe?sendcompany=5733,5733,P,"PERMEGI – российский бренд-производитель арома-товаров, №1 по диффузорам на WB и OZON. Лауреат “100 лучших товаров России”. Собственное производство 5 000 м², экспертиза и контроль качества на каждом этапе, сильная бренд- и дизайн-команда. Активно развиваем модель СТМ, B2B подарки, капсульные коллекции. Создаем линейки под ключ – от идеи и аромата до упаковки и серии. Партнеры: Askona, Абрау-Дюрсо, Лемана Про. Создавайте арома-бизнес с Permegi! | ПРОФЕССИОНАЛЬНАЯ И БЫТОВАЯ ХИМИЯ, КОСМЕТИКА, ПЕРСОНАЛЬНАЯ ГИГИЕНА | PERMEGI",ok,,2026-06-13T06:10:24Z,chemicos-joomla-catalog-v1.0.0
ChemiCos 2026,PHEROMONE CHEMICALS PVT LTD,Индия,Moraiya Village Road,"Plot No 407/6, Moraiya Village Road, Opp. Shyam Complex, Village Moraiya, Ahmedabad-382213, Gujarat [24] (India)",92A16,,"ПРОФЕССИОНАЛЬНАЯ И БЫТОВАЯ ХИМИЯ, ПЕРСОНАЛЬНАЯ ГИГИЕНА, CHEMICOS INDUSTRY","Мы являемся производителем и глобальным поставщиком ароматических химических веществ, косметических ингредиентов и эфирных масел, обслуживая клиентов по всему миру в сегментах парфюмерии, средств личной гигиены, косметики, бытовой химии и специализированных химических продуктов. Наши ароматические химические вещества разработаны для обеспечения стабильных ольфакторных характеристик и надежности, что делает их подходящими для использования в парфюмерии высокого класса, функциональных ароматах и широком спектре промышленных применений. Наши косметические ингредиенты разрабатываются с учетом международных нормативных и качественных стандартов, поддерживая создание инновационных и эффективных продуктов для ухода за кожей и волосами. Наши эфирные масла проходят бережную обработку с целью сохранения их природной целостности и ароматических свойств и используются в парфюмерии, косметике, ароматерапии и wellness-продуктах. Обладая мощными производственными возможностями, строгими системами контроля качества и долгосрочными партнерскими отношениями с ведущими мировыми клиентами, мы ориентированы на качество, стабильность, соответствие нормативным требованиям и надежность поставок, что позволяет выстраивать долгосрочные партнерства на международных рынках, осуществляя экспорт более чем в 45 стран мира.",,http://,info@pheromonechemicals.comwww.pheromonechemicals.com,919724420086,https://chemicos.ru/ru/company-card-axe?sendcompany=5755,5755,P,"Мы являемся производителем и глобальным поставщиком ароматических химических веществ, косметических ингредиентов и эфирных масел, обслуживая клиентов по всему миру в сегментах парфюмерии, средств личной гигиены, косметики, бытовой химии и специализированных химических продуктов. Наши ароматические химические вещества разработаны для обеспечения стабильных ольфакторных характеристик и надежности, что делает их подходящими для использования в парфюмерии высокого класса, функциональных ароматах и широком спектре промышленных применений. Наши косметические ингредиенты разрабатываются с учетом международных нормативных и качественных стандартов, поддерживая создание инновационных и эффективных пр",ok,,2026-06-13T06:10:24Z,chemicos-joomla-catalog-v1.0.0
ChemiCos 2026,PODOLAB,Россия,Обнинск,"Россия, Город Обнинск",91E61,,КОСМЕТИКА,PODOLAB-Российский бренд профессиональной линейки подологической косметики для стоп и рук.,,http://www.подолаб.рф/cosmetica,natoptish1980@yandex.ru,79105173763,https://chemicos.ru/ru/company-card-axe?sendcompany=5730,5730,P,PODOLAB-Российский бренд профессиональной линейки подологической косметики для стоп и рук. | КОСМЕТИКА,ok,,2026-06-13T06:10:24Z,chemicos-joomla-catalog-v1.0.0
ChemiCos 2026,PROHIM,Россия,Переславль-Залесский,"Россия, г. Переславль-Залесский, Ярославская область, пл. Менделеева, стр. 2и",91E21,,"ПРОФЕССИОНАЛЬНАЯ И БЫТОВАЯ ХИМИЯ, ПЕРСОНАЛЬНАЯ ГИГИЕНА","Завод ООО НПО «ПРОХИМ» – Российский производитель бытовой химии и средств для клининга. Мы разрабатываем и производим продукцию с учетом последних достижений в области химической промышленности. Наша продукция полностью соответствует современным требованиям безопасности и экологичности. НПО «Прохим» предлагает полный спектр услуг по изготовлению бытовой химии и средств для клининга, автохимии, автокосметики, под вашей торговой маркой, от разработки формул до производства готового продукта.",Clean&Green; AVS Crystal; Intense; Hotel Series by Intense,http://www.pro-him.com,prohim@pro-him.com,+7 (495) 136-64-96,https://chemicos.ru/ru/company-card-axe?sendcompany=5800,5800,P,"Завод ООО НПО «ПРОХИМ» – Российский производитель бытовой химии и средств для клининга. Мы разрабатываем и производим продукцию с учетом последних достижений в области химической промышленности. Наша продукция полностью соответствует современным требованиям безопасности и экологичности. НПО «Прохим» предлагает полный спектр услуг по изготовлению бытовой химии и средств для клининга, автохимии, автокосметики, под вашей торговой маркой, от разработки формул до производства готового продукта. | ПРОФЕССИОНАЛЬНАЯ И БЫТОВАЯ ХИМИЯ, ПЕРСОНАЛЬНАЯ ГИГИЕНА | Clean&Green; AVS Crystal; Intense; Hotel Series by Intense",ok,,2026-06-13T06:10:24Z,chemicos-joomla-catalog-v1.0.0
ChemiCos 2026,Revyline,Россия,Москва,"Россия, г. Москва, Щелковское шоссе, д. 3, стр. 1, 6-й этаж, офис 611",91C63,,"ПРОФЕССИОНАЛЬНАЯ И БЫТОВАЯ ХИМИЯ, ПЕРСОНАЛЬНАЯ ГИГИЕНА","Revyline – международная компания, основанная в 2013 году врачом-стоматологом и специализирующаяся на производстве средств гигиены полости рта. Мы создаем не просто средства для ухода за полостью рта – мы создаём системные решения для профилактики здоровья зубов взрослых и детей, опираясь на медицинскую экспертизу, практический опыт стоматологов и реальные потребности людей.",REVYLINE,http://www.revyline.ru,sale@revyline.ru,88007753849,https://chemicos.ru/ru/company-card-axe?sendcompany=5822,5822,R,"Revyline – международная компания, основанная в 2013 году врачом-стоматологом и специализирующаяся на производстве средств гигиены полости рта. Мы создаем не просто средства для ухода за полостью рта – мы создаём системные решения для профилактики здоровья зубов взрослых и детей, опираясь на медицинскую экспертизу, практический опыт стоматологов и реальные потребности людей. | ПРОФЕССИОНАЛЬНАЯ И БЫТОВАЯ ХИМИЯ, ПЕРСОНАЛЬНАЯ ГИГИЕНА | REVYLINE",ok,,2026-06-13T06:10:24Z,chemicos-joomla-catalog-v1.0.0
ChemiCos 2026,Secret Nuance,Россия,Владимир,"Россия, Владимир, Судогодское шоссе, 39",91E62,,"КОСМЕТИКА, ПЕРСОНАЛЬНАЯ ГИГИЕНА","Secret Nuance - бренд косметики и мыла ручной работы, который известен своими превосходными ароматами, понятными составами и элегантным дизайном средств. Мы специализируемся на создании косметики для ухода за телом с уникально сбалансированными и богатыми составами. Наша миссия - соединить воедино пользу и эстетическое удовольствие от использования средств Secret Nuance. Мы реализуем эти задачи на каждом этапе производства - от выбора ингредиентов до изящной упаковки и волнующих ароматов. Одной из наших главных сильных сторон является узнаваемость бренда и постоянство клиентов.",Secret Nuance,http://secretnuance.ru,secretnuance@mail.ru,89107717101,https://chemicos.ru/ru/company-card-axe?sendcompany=5749,5749,S,"Secret Nuance - бренд косметики и мыла ручной работы, который известен своими превосходными ароматами, понятными составами и элегантным дизайном средств. Мы специализируемся на создании косметики для ухода за телом с уникально сбалансированными и богатыми составами. Наша миссия - соединить воедино пользу и эстетическое удовольствие от использования средств Secret Nuance. Мы реализуем эти задачи на каждом этапе производства - от выбора ингредиентов до изящной упаковки и волнующих ароматов. Одной из наших главных сильных сторон является узнаваемость бренда и постоянство клиентов. | КОСМЕТИКА, ПЕРСОНАЛЬНАЯ ГИГИЕНА | Secret Nuance",ok,,2026-06-13T06:10:24Z,chemicos-joomla-catalog-v1.0.0
ChemiCos 2026,"Shantou Honglong Industrial Co., Ltd",Китай,Xiangang Village,"No.8 Xiangang East Road, Xiangang Village, Simapu Town, Chaonan District, Shantou, Guangdong",91C54,,ПЕРСОНАЛЬНАЯ ГИГИЕНА,"Универсальная щетка для взрослых – Щетинки премиум-класса эффективно удаляют зубной налет Щетка для ухода за чувствительной кожей – Ультрамягкая щетина бережно защищает десны Многофункциональная щетка – Зональная щетина с очистителем языка Детская щетка – Маленькая головка, мягкая пищевая щетина, забавный дизайн Специальная щетка – Щетина с активированным углем для улучшенной очистки Дорожный набор – Поставляется с гигиеническим футляром для удобства переноски Ортодонтическая щетка – V-образная или контурная головка для чистки брекетов Универсальный держатель щетки - Экономит место благодаря пылезащитной крышке и всасывающему основанию Автоматический дозатор зубной нити – Управление одним касанием, многоразовое использование.",Ruijie; CORLYSE,http://,435220157@qq.com,8613322700060,https://chemicos.ru/ru/company-card-axe?sendcompany=5789,5789,S,"Универсальная щетка для взрослых – Щетинки премиум-класса эффективно удаляют зубной налет Щетка для ухода за чувствительной кожей – Ультрамягкая щетина бережно защищает десны Многофункциональная щетка – Зональная щетина с очистителем языка Детская щетка – Маленькая головка, мягкая пищевая щетина, забавный дизайн Специальная щетка – Щетина с активированным углем для улучшенной очистки Дорожный набор – Поставляется с гигиеническим футляром для удобства переноски Ортодонтическая щетка – V-образная или контурная головка для чистки брекетов Универсальный держатель щетки - Экономит место благодаря пылезащитной крышке и всасывающему основанию Автоматический дозатор зубной нити – Управление одним ка",ok,,2026-06-13T06:10:24Z,chemicos-joomla-catalog-v1.0.0
ChemiCos 2026,"Shenzhen Hangshenyuan Technology Co., Ltd",Китай,Guanghui Science and Technology Park,"503, Unit 1, Building 2, Guanghui Science and Technology Park, Longhua New District, Shenzhen China",91F53,,КОСМЕТИКА,"Мы являемся фабрикой косметики в Китае уже более 10 лет и имеем сертификат GMPC ISO22716 и FDA. Наша продукция включает тени для век, губную помаду, тональный крем, хайлайтер, консилер, рассыпчатую пудру, тушь для ресниц и другие цветные косметические средства. Мы могли бы предоставить индивидуальные услуги, включая печать логотипов частных марок при очень низких запросах на количество и индивидуальные формулы, цвета, услуги по упаковке от 1000 до 12000 штук. У нас есть профессиональные инженеры, которые могут изготовить вашу продукцию в соответствии с вашими запросами.",,http://www.jmacosmetics.com,steven@branpac.com,8613580836708,https://chemicos.ru/ru/company-card-axe?sendcompany=5778,5778,S,"Мы являемся фабрикой косметики в Китае уже более 10 лет и имеем сертификат GMPC ISO22716 и FDA. Наша продукция включает тени для век, губную помаду, тональный крем, хайлайтер, консилер, рассыпчатую пудру, тушь для ресниц и другие цветные косметические средства. Мы могли бы предоставить индивидуальные услуги, включая печать логотипов частных марок при очень низких запросах на количество и индивидуальные формулы, цвета, услуги по упаковке от 1000 до 12000 штук. У нас есть профессиональные инженеры, которые могут изготовить вашу продукцию в соответствии с вашими запросами. | КОСМЕТИКА",ok,,2026-06-13T06:10:24Z,chemicos-joomla-catalog-v1.0.0
ChemiCos 2026,SunBeauty Lab,Россия,Москва,"Россия, 108808, г. Москва, Новомосковский административный округ, Филимонковский район, деревня Милюково, 54с2",91E23,,"КОСМЕТИКА, ПЕРСОНАЛЬНАЯ ГИГИЕНА, ТОВАРЫ ДЛЯ КРАСОТЫ И ЗДОРОВЬЯ","Контрактное производство SunBeautyLab - надежный партнер в создании уникальных косметических решений для вашей СТМ, объединяющий научный подход и творческую свободу. Для нас каждый проект – это не просто выполнение ТЗ. Мы погружаемся в вашу идею и вместе превращаем её в бренд, который любят.",,http://sunbeautylab.ru,info@sunbeautylab.ru,78005059705,https://chemicos.ru/ru/company-card-axe?sendcompany=5759,5759,S,"Контрактное производство SunBeautyLab - надежный партнер в создании уникальных косметических решений для вашей СТМ, объединяющий научный подход и творческую свободу. Для нас каждый проект – это не просто выполнение ТЗ. Мы погружаемся в вашу идею и вместе превращаем её в бренд, который любят. | КОСМЕТИКА, ПЕРСОНАЛЬНАЯ ГИГИЕНА, ТОВАРЫ ДЛЯ КРАСОТЫ И ЗДОРОВЬЯ",ok,,2026-06-13T06:10:24Z,chemicos-joomla-catalog-v1.0.0
ChemiCos 2026,"SUNKISS HEALTHCARE (ZHEJIANG) CO., LTD",Китай,Changkou,"No.6 Panlongshan Road,Changkou,New Zone, Fuyang Economic Development Zone, Hangzhou Zhejiang,China/ Г. Москва, ул. Промышленная, д.11, стр.3 +86 0571 6359 7518",91E44,,"КОСМЕТИКА, ПЕРСОНАЛЬНАЯ ГИГИЕНА","С 1999 года мы разрабатываем, производим и продаем продукцию для личной гигиены. На сегодняшний день SUNKISS Healthcare – один из лидирующих производителей в сегменте товаров для ухода при недержании в Китае. Мы производим средства по уходу за лежачими больными, средства женской и детской гигиены. В России представлены собственные бренды Elibell, Ultramax, также оказываем услуги по производству продукции под СТМ. Все изделия, отвечают требованиям безопасности, защиты окружающей среды и защиты здоровья потребителей, что подтверждено международными сертификатами ISO 9001, ISO 14001, BRCA.",Elibell; Ultramax,http://www.sunkiss.org.cn/ sunkiss.org.ru,Info@sunkiss.org.cn,+7 (495) 101-90-67,https://chemicos.ru/ru/company-card-axe?sendcompany=5827,5827,S,"С 1999 года мы разрабатываем, производим и продаем продукцию для личной гигиены. На сегодняшний день SUNKISS Healthcare – один из лидирующих производителей в сегменте товаров для ухода при недержании в Китае. Мы производим средства по уходу за лежачими больными, средства женской и детской гигиены. В России представлены собственные бренды Elibell, Ultramax, также оказываем услуги по производству продукции под СТМ. Все изделия, отвечают требованиям безопасности, защиты окружающей среды и защиты здоровья потребителей, что подтверждено международными сертификатами ISO 9001, ISO 14001, BRCA. | КОСМЕТИКА, ПЕРСОНАЛЬНАЯ ГИГИЕНА | Elibell; Ultramax",ok,,2026-06-13T06:10:24Z,chemicos-joomla-catalog-v1.0.0
ChemiCos 2026,"SUNSON INDSTRY GROUP CO., LTD",Китай,Guangzhou,"Rm.901 Xingchen Building, No. 158 Guangyuan Mid. Rd., Guangzhou, Guangdong 510405 China",92E61,,ПРОФЕССИОНАЛЬНАЯ И БЫТОВАЯ ХИМИЯ,"Основанная в 1996 году, Sunson Industry Group Co., Ltd., ведущий производитель и поставщик ферментов, предлагает полный ассортимент ферментных продуктов для различных отраслей промышленности и продолжает внедрять новые инновации. Наши ферменты, такие как щелочная протеаза, липаза, амилаза, целлюлаза, мананаза, ферменты, входящие в состав моющих средств, лизоцим, декстраназа, глюкозооксидаза, папаин, бромелайн, кератиназа, лакказа и т.д., оптимизируют эффективность наших бытовых моющих средств, средств по уходу за полостью рта, косметики, средств по уходу за кожей и т.д.",,http://www.sunsonzymes.com,Jenny.chan@sunsonzymes.com,86-20-86561940,https://chemicos.ru/ru/company-card-axe?sendcompany=5791,5791,S,"Основанная в 1996 году, Sunson Industry Group Co., Ltd., ведущий производитель и поставщик ферментов, предлагает полный ассортимент ферментных продуктов для различных отраслей промышленности и продолжает внедрять новые инновации. Наши ферменты, такие как щелочная протеаза, липаза, амилаза, целлюлаза, мананаза, ферменты, входящие в состав моющих средств, лизоцим, декстраназа, глюкозооксидаза, папаин, бромелайн, кератиназа, лакказа и т.д., оптимизируют эффективность наших бытовых моющих средств, средств по уходу за полостью рта, косметики, средств по уходу за кожей и т.д. | ПРОФЕССИОНАЛЬНАЯ И БЫТОВАЯ ХИМИЯ",ok,,2026-06-13T06:10:24Z,chemicos-joomla-catalog-v1.0.0
ChemiCos 2026,SYREN,Россия,Москва,"Россия, г. Москва, Летная улица 99с1",92G12,,"ПРОФЕССИОНАЛЬНАЯ И БЫТОВАЯ ХИМИЯ, КОСМЕТИКА, ПЕРСОНАЛЬНАЯ ГИГИЕНА, ТОВАРЫ ДЛЯ КРАСОТЫ И ЗДОРОВЬЯ, CHEMICOS INDUSTRY","SYREN – российский оптовый производитель парфюмерных отдушек для промышленного применения. Компания разрабатывает и производит ароматические решения для косметики, бытовой и автокосметики, средств гигиены, свечей и диффузоров. SYREN предлагает широкий ассортимент готовых отдушек и индивидуальную разработку, включая инкапсулированные ароматические решения, сочетая химическую экспертизу, современные технологии, контроль качества и соответствие международным стандартам.",Syren,http://отдушка.рф,sales@syrenaroma.ru,+7(495)248-09-28,https://chemicos.ru/ru/company-card-axe?sendcompany=5801,5801,S,"SYREN – российский оптовый производитель парфюмерных отдушек для промышленного применения. Компания разрабатывает и производит ароматические решения для косметики, бытовой и автокосметики, средств гигиены, свечей и диффузоров. SYREN предлагает широкий ассортимент готовых отдушек и индивидуальную разработку, включая инкапсулированные ароматические решения, сочетая химическую экспертизу, современные технологии, контроль качества и соответствие международным стандартам. | ПРОФЕССИОНАЛЬНАЯ И БЫТОВАЯ ХИМИЯ, КОСМЕТИКА, ПЕРСОНАЛЬНАЯ ГИГИЕНА, ТОВАРЫ ДЛЯ КРАСОТЫ И ЗДОРОВЬЯ, CHEMICOS INDUSTRY | Syren",ok,,2026-06-13T06:10:24Z,chemicos-joomla-catalog-v1.0.0
ChemiCos 2026,"Tianjin Baoruntong Technology Development Co., Ltd",Китай,China,"China, Xuzhuang Village, Baigutun Town, wuqing district, Tianjin",91E54,,"ПРОФЕССИОНАЛЬНАЯ И БЫТОВАЯ ХИМИЯ, ПЕРСОНАЛЬНАЯ ГИГИЕНА","Я – 3SaniStart®, известный как ""Старый кормчий гигиенических салфеток"". Вот уже 30 лет подряд я устраняю хаос в вашем доме! От чистки унитазов до ухода за лицом - ни одна грязная работа не ускользает от моего внимания. В далеком 1991 году, когда люди только осваивали мобильные телефоны размером с кирпич, я уже незаметно доминировал на арене дезинфекции. Три десятилетия спустя я достиг легендарного статуса: - Терминатор пятен от унитазов (сражающийся за фарфоровые троны с самого первого дня) - Средство для удаления жира на кухне (масляные пятна исчезают при первом же прикосновении) - Средство для ухода за гостиной (гарантированный блеск без разводов) Ежедневно я выпускаю 100 000 упаковок волшебных салфеток, без остатка очищая миллионы домов по всему Китаю – называйте меня маэстро детоксикации земной поверхности, если осмелитесь.",,http://,1366652275@qq.com,15801159988,https://chemicos.ru/ru/company-card-axe?sendcompany=5772,5772,T,"Я – 3SaniStart®, известный как ""Старый кормчий гигиенических салфеток"". Вот уже 30 лет подряд я устраняю хаос в вашем доме! От чистки унитазов до ухода за лицом - ни одна грязная работа не ускользает от моего внимания. В далеком 1991 году, когда люди только осваивали мобильные телефоны размером с кирпич, я уже незаметно доминировал на арене дезинфекции. Три десятилетия спустя я достиг легендарного статуса: - Терминатор пятен от унитазов (сражающийся за фарфоровые троны с самого первого дня) - Средство для удаления жира на кухне (масляные пятна исчезают при первом же прикосновении) - Средство для ухода за гостиной (гарантированный блеск без разводов) Ежедневно я выпускаю 100 000 упаковок волш",ok,,2026-06-13T06:10:24Z,chemicos-joomla-catalog-v1.0.0
ChemiCos 2026,UNIDAILY HOLDINGS,Южная Корея,Central-ro,"313, Central-ro, Yeonsu-gu, Incheon, 22006, South Korea",91D41,,ПРОФЕССИОНАЛЬНАЯ И БЫТОВАЯ ХИМИЯ,"Компания Unidaily Holdings занимается производством стиральных порошков, гелей для стирки, капсул, отбеливателей и других товаров бытовой химии премиального уровня. Продукция компании является гипоаллергенным и экономичным. Дозировка наших товаров отличается от анлогичных продуктов. То есть дозировка для стирки двое меньше чем у продукции конкурентов.",,http://www.Unidailyholdings.com,rakhimov.shuxrat@yandex.com,+82-32-710-3568,https://chemicos.ru/ru/company-card-axe?sendcompany=5901,5901,U,"Компания Unidaily Holdings занимается производством стиральных порошков, гелей для стирки, капсул, отбеливателей и других товаров бытовой химии премиального уровня. Продукция компании является гипоаллергенным и экономичным. Дозировка наших товаров отличается от анлогичных продуктов. То есть дозировка для стирки двое меньше чем у продукции конкурентов. | ПРОФЕССИОНАЛЬНАЯ И БЫТОВАЯ ХИМИЯ",ok,,2026-06-13T06:10:24Z,chemicos-joomla-catalog-v1.0.0
ChemiCos 2026,vitaglass.ru,Россия,Москва,"Россия, г. Москва, Мичуринский пр., 47",92B43,,"ТОВАРЫ ДЛЯ КРАСОТЫ И ЗДОРОВЬЯ, CHEMIPACK","Производим банки из янтарного стекла с широким винтовым горлом а также крышки из пластика, алюминия и стали к ним.",vitaglass.ru,http://vitaglass.ru,hello@vitaglass.ru,+7 (499) 113-05-49,https://chemicos.ru/ru/company-card-axe?sendcompany=5813,5813,V,"Производим банки из янтарного стекла с широким винтовым горлом а также крышки из пластика, алюминия и стали к ним. | ТОВАРЫ ДЛЯ КРАСОТЫ И ЗДОРОВЬЯ, CHEMIPACK | vitaglass.ru",ok,,2026-06-13T06:10:24Z,chemicos-joomla-catalog-v1.0.0
ChemiCos 2026,WOWPACKS,Россия/Китай,Москва,"Россия, Москва, ул. Бутлерова, 17 (БЦ Нео Гео, блок А, ком. 300/8).",92C71,,CHEMIPACK,"WOWPACKS – надежный производитель современных упаковочных решений для брендов. Бумажные пакеты, коробки, курьерские пакеты, зип-лок пакеты с бегунком, трёхшовные пакеты и дойпаки, а также пришивные и навесные бирки. Здесь создают дизайн, который превращает затраты на упаковку в инвестицию!",WOWPACKS,http://wowpacks.ru,,88003013410,https://chemicos.ru/ru/company-card-axe?sendcompany=5868,5868,W,"WOWPACKS – надежный производитель современных упаковочных решений для брендов. Бумажные пакеты, коробки, курьерские пакеты, зип-лок пакеты с бегунком, трёхшовные пакеты и дойпаки, а также пришивные и навесные бирки. Здесь создают дизайн, который превращает затраты на упаковку в инвестицию! | CHEMIPACK | WOWPACKS",ok,,2026-06-13T06:10:24Z,chemicos-joomla-catalog-v1.0.0
ChemiCos 2026,"Xi'an Benherb Biotech Co., Ltd",Китай,Yi Cui Yuan i-Metro,"3-1-0949, Yi Cui Yuan i-Metro, No. 11 TangYanNan rd., Xi'an China",91F57,,КОСМЕТИКА,"Миноксидил, признанный во всем мире препарат от выпадения волос, в основном используется для роста волос благодаря своему четкому фармакологическому действию и клинически доказанной эффективности. Он является идеальным средством для решения таких проблем, как андрогенная алопеция и очаговая алопеция. Преодолевая ограничения традиционных методов ухода за волосами, которые сводятся к поверхностному воздействию, он глубоко проникает в волосяные фолликулы, стимулирует рост и обеспечивает научно обоснованный, контролируемый метод восстановления для тех, кто страдает от выпадения волос. Сочетая быстрое действие с безопасностью, он подходит для большинства заболеваний кожи головы. Научное применение: разделение по признаку пола, точное действие Эффективность миноксидила тесно связана с выбором концентрации и способа применения, и для достижения максимальной эффективности необходимо следовать принципам ""соответствия пола, контролируемой дозировки и соблюдения курса лечения"". Выбор концентрации: доступны два основных варианта – 2% и 5%, что позволяет проводить лечение в зависимости от пола. Для мужчин рекомендуется 5%-ная концентрация: по 1 мл два раза в день, которая действует быстрее и подходит для лечения андрогенной алопеции или обширного выпадения волос. Женщинам рекомендуется использовать 2%-ную концентрацию: по 1 мл два раза в день. При сильном выпадении волос (например, при заметном уменьшении объема волосяного покрова) можно использовать 5%—ную концентрацию под наблюдением врача – один раз в день, чтобы сбалансировать скорость достижения эффекта и риск побочных эффектов. Жидкость, спрей, пена различной концентрации, возможна индивидуальная поддержка.",,http://www.benherb.com,3973800439@qq.com,8619829213572,https://chemicos.ru/ru/company-card-axe?sendcompany=5793,5793,X,"Миноксидил, признанный во всем мире препарат от выпадения волос, в основном используется для роста волос благодаря своему четкому фармакологическому действию и клинически доказанной эффективности. Он является идеальным средством для решения таких проблем, как андрогенная алопеция и очаговая алопеция. Преодолевая ограничения традиционных методов ухода за волосами, которые сводятся к поверхностному воздействию, он глубоко проникает в волосяные фолликулы, стимулирует рост и обеспечивает научно обоснованный, контролируемый метод восстановления для тех, кто страдает от выпадения волос. Сочетая быстрое действие с безопасностью, он подходит для большинства заболеваний кожи головы. Научное применени",ok,,2026-06-13T06:10:24Z,chemicos-joomla-catalog-v1.0.0
ChemiCos 2026,"Xuchang Yangwang Crafts Co., Ltd",Китай,Dongcheng District,"No.731.Zushi Community,200 Meters East of The Intersection of Xuzhou South Road And Qingyihe Bridge, Dongcheng District, Xuchang City, Henan Province, China",91C12,,КОСМЕТИКА,"Наша фабрика специализируется на производстве изысканных волос с использованием высококачественных суперпротеиновых волокон и высокотемпературных волокон, что позволяет производить продукцию непревзойденного качества. Наша продукция охватывает все стили, обеспечивая идеальное соответствие различным требованиям наших клиентов. Обладая более чем 20-летним опытом в разработке париков, мы обладаем передовыми стилями и отличным качеством продукции.",,http://www.yangwanghair.com,muranraina@yangwanghair.cn,8618339015857,https://chemicos.ru/ru/company-card-axe?sendcompany=5795,5795,X,"Наша фабрика специализируется на производстве изысканных волос с использованием высококачественных суперпротеиновых волокон и высокотемпературных волокон, что позволяет производить продукцию непревзойденного качества. Наша продукция охватывает все стили, обеспечивая идеальное соответствие различным требованиям наших клиентов. Обладая более чем 20-летним опытом в разработке париков, мы обладаем передовыми стилями и отличным качеством продукции. | КОСМЕТИКА",ok,,2026-06-13T06:10:24Z,chemicos-joomla-catalog-v1.0.0
ChemiCos 2026,"ZHEJIANG LARGE BIOTECHNOLOGY CO., LTD",Китай,Pingqiao Town,"No. 3 Huaqian industrial park, Pingqiao Town, Tiantai county, Taizhou City, Zhejiang Province, China",91G41,,ПРОФЕССИОНАЛЬНАЯ И БЫТОВАЯ ХИМИЯ,"Компания Zhejiang LARGE Biotechnology Co., Ltd была основана в 2020 году, мы являемся профессиональным производителем бытовой химии. Расположена в округе Тяньтай, провинция Чжэцзян. Компания LARGE занимается исследованиями и разработками, производством и продажей бытовой химии. Площадь нашей фабрики составляет около 12000 квадратных метров, на ней работают более 128 сотрудников. Текущий бизнес включает в себя таблетки для мытья посуды, средства для чистки стиральных машин, средства для чистки кофемашин, средства для чистки унитазов и бытовые моющие средства нескольких категорий, мы получили сертификаты BSCI и ISO, а также предоставляем услуги OEM и ODM для наших клиентов, все наши продукты имеют сертификаты MSDS и получили широкое признание сторонних организаций по тестированию.. Мы опираемся на нашу сильную команду по исследованиям и разработкам, высокоэффективную маркетинговую команду и комплексные производственные линии. Наша продукция продается более чем в 30 странах, в основном в Америке, Европе и Австралии. Продукция компании отличается превосходным качеством и передовой рецептурой, которые нравятся потребителям.",,http://www.tt-large.com,sales@ttlarge.com,86-15967051008,https://chemicos.ru/ru/company-card-axe?sendcompany=5782,5782,Z,"Компания Zhejiang LARGE Biotechnology Co., Ltd была основана в 2020 году, мы являемся профессиональным производителем бытовой химии. Расположена в округе Тяньтай, провинция Чжэцзян. Компания LARGE занимается исследованиями и разработками, производством и продажей бытовой химии. Площадь нашей фабрики составляет около 12000 квадратных метров, на ней работают более 128 сотрудников. Текущий бизнес включает в себя таблетки для мытья посуды, средства для чистки стиральных машин, средства для чистки кофемашин, средства для чистки унитазов и бытовые моющие средства нескольких категорий, мы получили сертификаты BSCI и ISO, а также предоставляем услуги OEM и ODM для наших клиентов, все наши продукты и",ok,,2026-06-13T06:10:24Z,chemicos-joomla-catalog-v1.0.0
ChemiCos 2026,12dry (АО «Евросервис»),ОАЭ/Россия,Видное,"Россия, 142717, Московская область, г. Видное, п. Развилка, тер. квартал 1, влд. 7",92E52,,ПЕРСОНАЛЬНАЯ ГИГИЕНА,"12dry – это инновационный бренд детской и женской гигиены. Мы задаём новый стандарт в сфере личного ухода – там, где наука сочетается с мягкостью. Каждый наш продукт – от детских подгузников до средств женской гигиены – продуман до мелочей, чтобы дарить комфорт, уверенность и защищённость каждый день.",12dry,"http://12dryme.ru, www.euro-service.ru",info@euro-service.ru,+7(495)-789-46-19,https://chemicos.ru/ru/company-card-axe?sendcompany=5872,5872,1,"12dry – это инновационный бренд детской и женской гигиены. Мы задаём новый стандарт в сфере личного ухода – там, где наука сочетается с мягкостью. Каждый наш продукт – от детских подгузников до средств женской гигиены – продуман до мелочей, чтобы дарить комфорт, уверенность и защищённость каждый день. | ПЕРСОНАЛЬНАЯ ГИГИЕНА | 12dry",ok,,2026-06-13T06:10:24Z,chemicos-joomla-catalog-v1.0.0
ChemiCos 2026,АБС-ХИМ,Россия,о. город Батайск,"Россия, 346884, Ростовская область, г. о. город Батайск, г. Батайск, ул. Коммунистическая, зд. 184Б",91D54,,ПРОФЕССИОНАЛЬНАЯ И БЫТОВАЯ ХИМИЯ,"ООО «АБС ХИМ» – современный российский производитель бытовой химии, специализирующийся на выпуске подвесных блоков для унитазов. Год основания: 2024 г. Собственное производство на территории РФ. Объём производства: 15 000 000 шт. в год. Направление: Non food (непродовольственные товары). Мы сочетаем инновационные технологии, экологичность и доступность, чтобы предлагать рынку продукцию высокого качества. Стратегические цели на 2026–2027 гг.: увеличение объёма производства до 20 000 000 шт. в год; расширение ассортимента (новые ароматы, форматы); выход на экспортные рынки; развитие линейки экопродукции; усиление маркетинговой поддержки партнёров. Мы открыты к сотрудничеству и готовы предложить индивидуальные решения для вашего бизнеса!",Амели Феллис; Вортекс Фреш; Фрешель,http://,Anzhelika.Salamakha@abs-him.ru,+7 800 700-09-61,https://chemicos.ru/ru/company-card-axe?sendcompany=5723,5723,А,"ООО «АБС ХИМ» – современный российский производитель бытовой химии, специализирующийся на выпуске подвесных блоков для унитазов. Год основания: 2024 г. Собственное производство на территории РФ. Объём производства: 15 000 000 шт. в год. Направление: Non food (непродовольственные товары). Мы сочетаем инновационные технологии, экологичность и доступность, чтобы предлагать рынку продукцию высокого качества. Стратегические цели на 2026–2027 гг.: увеличение объёма производства до 20 000 000 шт. в год; расширение ассортимента (новые ароматы, форматы); выход на экспортные рынки; развитие линейки экопродукции; усиление маркетинговой поддержки партнёров. Мы открыты к сотрудничеству и готовы предложит",ok,,2026-06-13T06:10:24Z,chemicos-joomla-catalog-v1.0.0
ChemiCos 2026,"Аврора, типография",Россия,Ростов-на-Дону,"Россия, г. Ростов-на-Дону, пер. Технологический, 3 Б",91A12,,"ПРОФЕССИОНАЛЬНАЯ И БЫТОВАЯ ХИМИЯ, КОСМЕТИКА, ПЕРСОНАЛЬНАЯ ГИГИЕНА, ТОВАРЫ ДЛЯ КРАСОТЫ И ЗДОРОВЬЯ, CHEMIPACK","OOO «Типография Аврора» производит самоклеящуюся, термоусадочную и полипропиленовую этикетку для пищевой, алкогольной, косметической, лакокрасочной продукции, бытовой химии. При печати мы используем флексографский и цифровой способы рулонной печати. И практически все известные виды постпечатной отделки. Это многообразие позволяет нам печатать тиражи любой величины и сложности. Мы являемся регулярными участниками самых значительных выставок и победителями ежегодных международных конкурсов.",,http://aurora-print.ru,info@flexo61.ru,+7 (863) 2-209-210,https://chemicos.ru/ru/company-card-axe?sendcompany=5863,5863,А,"OOO «Типография Аврора» производит самоклеящуюся, термоусадочную и полипропиленовую этикетку для пищевой, алкогольной, косметической, лакокрасочной продукции, бытовой химии. При печати мы используем флексографский и цифровой способы рулонной печати. И практически все известные виды постпечатной отделки. Это многообразие позволяет нам печатать тиражи любой величины и сложности. Мы являемся регулярными участниками самых значительных выставок и победителями ежегодных международных конкурсов. | ПРОФЕССИОНАЛЬНАЯ И БЫТОВАЯ ХИМИЯ, КОСМЕТИКА, ПЕРСОНАЛЬНАЯ ГИГИЕНА, ТОВАРЫ ДЛЯ КРАСОТЫ И ЗДОРОВЬЯ, CHEMIPACK",ok,,2026-06-13T06:10:24Z,chemicos-joomla-catalog-v1.0.0
ChemiCos 2026,АВТОЛЮКС-ПКО,Россия,Нижний Новгород,"Россия, Нижний Новгород, ул. Коновалова, д8, пом. П1",91A11,,"ПРОФЕССИОНАЛЬНАЯ И БЫТОВАЯ ХИМИЯ, КОСМЕТИКА, ПЕРСОНАЛЬНАЯ ГИГИЕНА","Более 10 лет наша компания производит ароматизированные товары для дома и автомобиля! Мы знаем о них практически ВСЁ-от создания до реализации! Для собственного производства нами используется лучшее сырье и качественные материалы. Предлагаем также контрактное производство ароматизаторов, диффузоров и мыла под Вашей торговой маркой! Идеальный инструмент для рекламы и продвижения Вашего бренда!",AURA FRESH; AUTOLUXE; HITO,http://www.autoluxe.org; www.homediffuser.ru,B2b@autoluxe.org,(831) 282-45-49,https://chemicos.ru/ru/company-card-axe?sendcompany=5853,5853,А,"Более 10 лет наша компания производит ароматизированные товары для дома и автомобиля! Мы знаем о них практически ВСЁ-от создания до реализации! Для собственного производства нами используется лучшее сырье и качественные материалы. Предлагаем также контрактное производство ароматизаторов, диффузоров и мыла под Вашей торговой маркой! Идеальный инструмент для рекламы и продвижения Вашего бренда! | ПРОФЕССИОНАЛЬНАЯ И БЫТОВАЯ ХИМИЯ, КОСМЕТИКА, ПЕРСОНАЛЬНАЯ ГИГИЕНА | AURA FRESH; AUTOLUXE; HITO",ok,,2026-06-13T06:10:24Z,chemicos-joomla-catalog-v1.0.0
ChemiCos 2026,АДЭМС,Россия,,,92D42,,"ТОВАРЫ ДЛЯ КРАСОТЫ И ЗДОРОВЬЯ, CHEMICOS INDUSTRY","С 2010 года создаём мировые стандарты в заточном искусстве. Полный цикл «под ключ»: оборудование, обучение, расходники в одном окне. Производство станков для заточки парикмахерских, грумерских ножниц, маникюрных инструментов, кусачки, ножнички, пушеры, твизоры, пинцеты.",,http://,84sales@adems.ruadems.ru,,https://chemicos.ru/ru/company-card-axe?sendcompany=5724,5724,А,"С 2010 года создаём мировые стандарты в заточном искусстве. Полный цикл «под ключ»: оборудование, обучение, расходники в одном окне. Производство станков для заточки парикмахерских, грумерских ножниц, маникюрных инструментов, кусачки, ножнички, пушеры, твизоры, пинцеты. | ТОВАРЫ ДЛЯ КРАСОТЫ И ЗДОРОВЬЯ, CHEMICOS INDUSTRY",ok,,2026-06-13T06:10:24Z,chemicos-joomla-catalog-v1.0.0
ChemiCos 2026,АКВАЛОН,Россия,Подольск,"Россия, Московская область, город Подольск, улица Комсомольская, дом 1",91D12,,"ПРОФЕССИОНАЛЬНАЯ И БЫТОВАЯ ХИМИЯ, КОСМЕТИКА, ПЕРСОНАЛЬНАЯ ГИГИЕНА","Компания Аквалон – известный российский производитель товаров бытовой химии, средств личной гигиены, профессиональных моющих средств и товаров контрактного производства. Компания имеет многолетний опыт разработки и производства широкого спектра собственных рецептур. Торговые марки компании ориентированы на различные ценовые сегменты, имеют высокую узнаваемость и пользуются спросом среди покупателей. Компания Аквалон обладает: собственной производственной базой, что позволяет наладить бесперебойный процесс производства товаров и предложить оптимальный уровень цен; собственной лабораторией, предназначенной для постоянного контроля стабильного качества выпускаемой продукции и входного сырья; складскими помещениями для обеспечения готовой продукцией клиентов в кротчайшие сроки. Все это и индивидуальный подход к каждому клиенту – делают компанию Аквалон надежным и выгодным партнёром для Вашего бизнеса!",AQUALON; AQUALON PRO; DEBOUCHER ; ДЕБОШИР; MODUS; CREMONELLA; АДАЖИО; ADAGIO; Околица; КЛЕВЕР; DELETE; Матушка природа; Аквагель ; AQUAGEL,http://www.aqualongroup.ru,info@aqualongroup.ru,74955042723,https://chemicos.ru/ru/company-card-axe?sendcompany=5704,5704,А,"Компания Аквалон – известный российский производитель товаров бытовой химии, средств личной гигиены, профессиональных моющих средств и товаров контрактного производства. Компания имеет многолетний опыт разработки и производства широкого спектра собственных рецептур. Торговые марки компании ориентированы на различные ценовые сегменты, имеют высокую узнаваемость и пользуются спросом среди покупателей. Компания Аквалон обладает: собственной производственной базой, что позволяет наладить бесперебойный процесс производства товаров и предложить оптимальный уровень цен; собственной лабораторией, предназначенной для постоянного контроля стабильного качества выпускаемой продукции и входного сырья; ск",ok,,2026-06-13T06:10:24Z,chemicos-joomla-catalog-v1.0.0
ChemiCos 2026,АКВАСАН,Беларусь,Минская область,"Республика Беларусь 223028, Минская область, Минский р-н, аг. Ждановичи, ул. Звездная, д.19 а-7, пом.7-20 +375(17) 512-68-80, 512-68-81, 512-68-82 +375(29) 302-40-47",91D43,,"ПРОФЕССИОНАЛЬНАЯ И БЫТОВАЯ ХИМИЯ, КОСМЕТИКА","СП ООО «АКВАСАН» – это белорусский производитель современных продуктов в сфере бытовой и промышленной химии, а также косметических средств. Мы производим продукты, адаптированные под потребности рынка, с акцентом на качество, стоимость и эффективность. Производственные мощности позволяют выпускать продукцию любого объема и фасовки, а удобная логистика гарантирует своевременную доставку. Вместе с нами, вы получаете не просто качественный продукт, а надежного партнера для развития вашего бизнеса.",ВЕРА;VERA; SVART; ВИКСАН; БЕЛЛЬ; АНТИНАК; ДОМЕС; БИОКС; ВИННИ; АКВАСАН; МАСТЕР КРОТ; AQUASUN; XQ; ПРОГРЕСС; Belitsa; Rada,http://www.aquasan.by,exportpro@aquasan.by,375(29) 654-58-10.,https://chemicos.ru/ru/company-card-axe?sendcompany=5705,5705,А,"СП ООО «АКВАСАН» – это белорусский производитель современных продуктов в сфере бытовой и промышленной химии, а также косметических средств. Мы производим продукты, адаптированные под потребности рынка, с акцентом на качество, стоимость и эффективность. Производственные мощности позволяют выпускать продукцию любого объема и фасовки, а удобная логистика гарантирует своевременную доставку. Вместе с нами, вы получаете не просто качественный продукт, а надежного партнера для развития вашего бизнеса. | ПРОФЕССИОНАЛЬНАЯ И БЫТОВАЯ ХИМИЯ, КОСМЕТИКА | ВЕРА;VERA; SVART; ВИКСАН; БЕЛЛЬ; АНТИНАК; ДОМЕС; БИОКС; ВИННИ; АКВАСАН; МАСТЕР КРОТ; AQUASUN; XQ; ПРОГРЕСС; Belitsa; Rada",ok,,2026-06-13T06:10:24Z,chemicos-joomla-catalog-v1.0.0
ChemiCos 2026,Активная упаковка,Россия,Санкт-Петербург,"Россия, г. Санкт-Петербург, ул. Двинская 10, 2А, пом. 17Н, офис 17 +7 (812) 984 54 45",92G21,,,"ООО «Активная упаковка» - это оборудование для производств. Наши преимущества - это наличие на складах в Санкт-Петербурге, европейское качество и оперативный сервис. В наличии и сложные проекты под заказ: линии розлива для жидкостей от воды до кислоты. Доступна прямая покупка и в лизинг. Доступно тестирование оборудования перед покупкой в нашем выставочном зале в центре Санкт-Петербурга. Наша автоматизация для ваших производств. Работают все, а зарабатывают - с нами!",,http://active-pack.ru,INFO@ACTIVE-PACK.RU,+7 (962) 684 54 45,https://chemicos.ru/ru/company-card-axe?sendcompany=5718,5718,А,"ООО «Активная упаковка» - это оборудование для производств. Наши преимущества - это наличие на складах в Санкт-Петербурге, европейское качество и оперативный сервис. В наличии и сложные проекты под заказ: линии розлива для жидкостей от воды до кислоты. Доступна прямая покупка и в лизинг. Доступно тестирование оборудования перед покупкой в нашем выставочном зале в центре Санкт-Петербурга. Наша автоматизация для ваших производств. Работают все, а зарабатывают - с нами!",ok,,2026-06-13T06:10:24Z,chemicos-joomla-catalog-v1.0.0
ChemiCos 2026,Альбоген,Россия,Ставрополь,"Россия, г. Ставрополь",92B72,,"ПРОФЕССИОНАЛЬНАЯ И БЫТОВАЯ ХИМИЯ, КОСМЕТИКА, ПЕРСОНАЛЬНАЯ ГИГИЕНА, ТОВАРЫ ДЛЯ КРАСОТЫ И ЗДОРОВЬЯ, CHEMICOS INDUSTRY","Компания «Альбоген» предоставляет уникальный сервис по дизайну патентоспособных, высокоэффективных и безопасных молекул с требуемыми заказчику свойствами. Ядром компании является платформа ПептиГен, работающая на принципах искусственного интеллекта и глубокого машинного обучения. ПептиГен за 100 дней создаст новый компонент для его включения в Ваши новые FMCG-продукты: косметика, ветеринария, фармацевтика, агротех, пищевая промышленность. Нам доступно > 100 миллионов активных веществ: пептиды, соединения природного происхождения, малые молекулы.",,http://,ceo@peptigen.com,79283775535,https://chemicos.ru/ru/company-card-axe?sendcompany=5796,5796,А,"Компания «Альбоген» предоставляет уникальный сервис по дизайну патентоспособных, высокоэффективных и безопасных молекул с требуемыми заказчику свойствами. Ядром компании является платформа ПептиГен, работающая на принципах искусственного интеллекта и глубокого машинного обучения. ПептиГен за 100 дней создаст новый компонент для его включения в Ваши новые FMCG-продукты: косметика, ветеринария, фармацевтика, агротех, пищевая промышленность. Нам доступно > 100 миллионов активных веществ: пептиды, соединения природного происхождения, малые молекулы. | ПРОФЕССИОНАЛЬНАЯ И БЫТОВАЯ ХИМИЯ, КОСМЕТИКА, ПЕРСОНАЛЬНАЯ ГИГИЕНА, ТОВАРЫ ДЛЯ КРАСОТЫ И ЗДОРОВЬЯ, CHEMICOS INDUSTRY",ok,,2026-06-13T06:10:24Z,chemicos-joomla-catalog-v1.0.0
ChemiCos 2026,АЛЬТЕРХИМ-ПРО,Россия,Дзержинск,"Россия, Нижегородская обл., г. Дзержинск, Восточное шоссе, 142 Г",91D23,,"ПРОФЕССИОНАЛЬНАЯ И БЫТОВАЯ ХИМИЯ, КОСМЕТИКА, ПЕРСОНАЛЬНАЯ ГИГИЕНА, ТОВАРЫ ДЛЯ КРАСОТЫ И ЗДОРОВЬЯ","ООО «АЛЬТЕРХИМ-ПРО» - производитель уходовой косметики и бытовой химии, а также средств для животных и средств дезинфекции. Мы работаем также по системе контрактного производства. Нашим заказчикам мы предоставляем полный цикл услуг: от идеи до готового тиража. Собственное производство, более 300 готовых рецептур, огромный ассортимент отдушек, услуги дизайна и маркетинга, множество вариантов упаковки и этикетки – все это дает возможность создать уникальный продукт под Вашей торговой маркой.",Balunty; Bostos; АПРИЛ,http://alterhimpro.ru,office@alterhim-pro.ru,+7 (831) 274-66-84,https://chemicos.ru/ru/company-card-axe?sendcompany=5858,5858,А,"ООО «АЛЬТЕРХИМ-ПРО» - производитель уходовой косметики и бытовой химии, а также средств для животных и средств дезинфекции. Мы работаем также по системе контрактного производства. Нашим заказчикам мы предоставляем полный цикл услуг: от идеи до готового тиража. Собственное производство, более 300 готовых рецептур, огромный ассортимент отдушек, услуги дизайна и маркетинга, множество вариантов упаковки и этикетки – все это дает возможность создать уникальный продукт под Вашей торговой маркой. | ПРОФЕССИОНАЛЬНАЯ И БЫТОВАЯ ХИМИЯ, КОСМЕТИКА, ПЕРСОНАЛЬНАЯ ГИГИЕНА, ТОВАРЫ ДЛЯ КРАСОТЫ И ЗДОРОВЬЯ | Balunty; Bostos; АПРИЛ",ok,,2026-06-13T06:10:24Z,chemicos-joomla-catalog-v1.0.0
ChemiCos 2026,АЛЬТЭРОС,Россия,Домодедово,"Россия, Московская обл., г.Домодедово, мкр.Востряково, тер.Триколор, стр.14",91E22,,ПРОФЕССИОНАЛЬНАЯ И БЫТОВАЯ ХИМИЯ,"Компания «АЛЬТЭРОС» более 25 лет занимается разработкой, производством и распространением инновационных потребительских товаров. В ассортименте Компании представлена продукция трех торговых марок. - TOP HOUSE - средства для ухода за бытовой техникой - NORDLAND- безопасная и эффективная бытовая химия - ТАЙФУН - мощные средства с оптимальным соотношением цены и качества Компания располагает собственной исследовательской лабораторией. Мы подбираем самые эффективные и безопасные комбинации веществ. Ведем оценку качества сырья и готовой продукции. Представляемые нами торговые марки полностью удовлетворяют потребительский спрос на высококачественные специализированные чистящие и моющие средства, а также на профессиональные средства для ухода за домом и бытовой техникой.",TOP HOUSE; NORDLAND; ТАЙФУН,http://www.alteros.ru,sales@alteros.ru,+7 (495) 781-46-41,https://chemicos.ru/ru/company-card-axe?sendcompany=5869,5869,А,"Компания «АЛЬТЭРОС» более 25 лет занимается разработкой, производством и распространением инновационных потребительских товаров. В ассортименте Компании представлена продукция трех торговых марок. - TOP HOUSE - средства для ухода за бытовой техникой - NORDLAND- безопасная и эффективная бытовая химия - ТАЙФУН - мощные средства с оптимальным соотношением цены и качества Компания располагает собственной исследовательской лабораторией. Мы подбираем самые эффективные и безопасные комбинации веществ. Ведем оценку качества сырья и готовой продукции. Представляемые нами торговые марки полностью удовлетворяют потребительский спрос на высококачественные специализированные чистящие и моющие средства, а",ok,,2026-06-13T06:10:24Z,chemicos-joomla-catalog-v1.0.0
ChemiCos 2026,АЛЬФА-ПЛЮС-ДОН,Россия,Донецк,"Россия, ДНР, г. Донецк, Красноармейское ш., д.6",92C23,,"КОСМЕТИКА, ПЕРСОНАЛЬНАЯ ГИГИЕНА","ООО «Альфа плюс Дон» – производственная косметическая компания, основанная в Донецке в 2007 году. В 2013 году совместно с компанией Биокон была создана НИОКР-лаборатория для исследования и создания новых уникальных видов косметической продукции. Благодаря современному оборудованию и профессионализму сотрудников компания быстро завоевала доверие крупных российских аптечных и косметических сетей. Сейчас производство активно сотрудничает по выпуску СТМ-продукции, и также производит такие известные бренды, как Синяк-OFF, Гирудовен, Биокон и SUN TIME. Параллельно компания активно ведет сотрудничество с клиниками и институтами для разработки новых продуктов. Мы гарантируем своим партнерам высокое качество продукции, четкое соблюдение своих договорных обязательств и гибкость в ценовой политике.",Биокон; Доктор Биокон; Sun Time; Эколла Био,http://biokon.org,info@biokon.org,79493574805,https://chemicos.ru/ru/company-card-axe?sendcompany=5838,5838,А,"ООО «Альфа плюс Дон» – производственная косметическая компания, основанная в Донецке в 2007 году. В 2013 году совместно с компанией Биокон была создана НИОКР-лаборатория для исследования и создания новых уникальных видов косметической продукции. Благодаря современному оборудованию и профессионализму сотрудников компания быстро завоевала доверие крупных российских аптечных и косметических сетей. Сейчас производство активно сотрудничает по выпуску СТМ-продукции, и также производит такие известные бренды, как Синяк-OFF, Гирудовен, Биокон и SUN TIME. Параллельно компания активно ведет сотрудничество с клиниками и институтами для разработки новых продуктов. Мы гарантируем своим партнерам высокое ",ok,,2026-06-13T06:10:24Z,chemicos-joomla-catalog-v1.0.0
ChemiCos 2026,АЛЬЯНС-ЭНЕРГИЯ,Россия,Москва,"Россия, г. Москва, вн.тер.г. муниципальный округ Пресненский, наб. Пресненская, д. 12, помещ. 12/71",91B12,,CHEMICOS INDUSTRY,"С 2002 года «Альянс-Энергия» обеспечивает оптовые поставки химического сырья для более, чем 23 отраслей – от бытовой химии и косметики до нефтегаза, сельского хозяйства, металлургии и фармацевтики. Более 2000 наименований в наличии и под заказ, 20 складов по России для бесперебойных поставок с ближайшего склада. Компания фокусируется на B2B-решениях: гибкая ценовая политика, удобное отслеживание заказов и консультации технологов по подбору сырья, аналогам и оптимизации рецептур.",,http://alliance777.com,request@alliance777.com,78005003877,https://chemicos.ru/ru/company-card-axe?sendcompany=5841,5841,А,"С 2002 года «Альянс-Энергия» обеспечивает оптовые поставки химического сырья для более, чем 23 отраслей – от бытовой химии и косметики до нефтегаза, сельского хозяйства, металлургии и фармацевтики. Более 2000 наименований в наличии и под заказ, 20 складов по России для бесперебойных поставок с ближайшего склада. Компания фокусируется на B2B-решениях: гибкая ценовая политика, удобное отслеживание заказов и консультации технологов по подбору сырья, аналогам и оптимизации рецептур. | CHEMICOS INDUSTRY",ok,,2026-06-13T06:10:24Z,chemicos-joomla-catalog-v1.0.0
ChemiCos 2026,АМИНОХИМ,Россия,Москва,"Россия, 111141, Москва, Вн.Тер.г. Муниципальный Округ Перово, Зелёный Пр-Кт, Д. 5/12, Стр. 2, Этаж 2",91A22,,"ПРОФЕССИОНАЛЬНАЯ И БЫТОВАЯ ХИМИЯ, ПЕРСОНАЛЬНАЯ ГИГИЕНА, ТОВАРЫ ДЛЯ КРАСОТЫ И ЗДОРОВЬЯ, CHEMICOS INDUSTRY, CHEMIPACK","Компания ООО «Аминохим» основана в 2008 году и является одним из ведущих производителем ПАВ (поверхностно-активных веществ) и со-ПАВ, применяемых в качестве сырьевых компонентов как в производстве средств бытовой химии и косметики, так и на предприятиях нефтедобывающей промышленности.",,http://Aminohim.ru,aminohim@mail.ru,"(499) 182-4332, 182-2813",https://chemicos.ru/ru/company-card-axe?sendcompany=5886,5886,А,"Компания ООО «Аминохим» основана в 2008 году и является одним из ведущих производителем ПАВ (поверхностно-активных веществ) и со-ПАВ, применяемых в качестве сырьевых компонентов как в производстве средств бытовой химии и косметики, так и на предприятиях нефтедобывающей промышленности. | ПРОФЕССИОНАЛЬНАЯ И БЫТОВАЯ ХИМИЯ, ПЕРСОНАЛЬНАЯ ГИГИЕНА, ТОВАРЫ ДЛЯ КРАСОТЫ И ЗДОРОВЬЯ, CHEMICOS INDUSTRY, CHEMIPACK",ok,,2026-06-13T06:10:24Z,chemicos-joomla-catalog-v1.0.0
ChemiCos 2026,АМС Кемикал,Россия,Москва,"Российская Федерация, 105082, г. Москва, ул. Большая Почтовая, 55/59, стр. 1",91E33,,"ПРОФЕССИОНАЛЬНАЯ И БЫТОВАЯ ХИМИЯ, КОСМЕТИКА, ПЕРСОНАЛЬНАЯ ГИГИЕНА, ТОВАРЫ ДЛЯ КРАСОТЫ И ЗДОРОВЬЯ","Компания ""АМС Кемикал"" – российский производитель профессиональной, бытовой химии и косметических средств. Производство основано в 1996 году. С 2014 года компания занимается контрактным производством под СТМ заказчиков. Бренды компании: ""МЕГА"", ""Золушка"", ""MEGA"", ""ПРОГРЕСС | PROGRESS"", ""Зодиак"" и ""Русские травы"". Продажи осуществляются крупным и мелким оптом, напрямую или через торговых партнеров, официальных представителей и эксклюзивных дистрибьюторов как в России, так и за ее пределами.",Золушка; ПРОГРЕСС; PROGRESS; МЕГА; Русские травы; Зодиак; MEGA; Denish,http://www.ams-chemical.ru,info@ams-chemical.ru,+7 495 232-24-01,https://chemicos.ru/ru/company-card-axe?sendcompany=5745,5745,А,"Компания ""АМС Кемикал"" – российский производитель профессиональной, бытовой химии и косметических средств. Производство основано в 1996 году. С 2014 года компания занимается контрактным производством под СТМ заказчиков. Бренды компании: ""МЕГА"", ""Золушка"", ""MEGA"", ""ПРОГРЕСС | PROGRESS"", ""Зодиак"" и ""Русские травы"". Продажи осуществляются крупным и мелким оптом, напрямую или через торговых партнеров, официальных представителей и эксклюзивных дистрибьюторов как в России, так и за ее пределами. | ПРОФЕССИОНАЛЬНАЯ И БЫТОВАЯ ХИМИЯ, КОСМЕТИКА, ПЕРСОНАЛЬНАЯ ГИГИЕНА, ТОВАРЫ ДЛЯ КРАСОТЫ И ЗДОРОВЬЯ | Золушка; ПРОГРЕСС; PROGRESS; МЕГА; Русские травы; Зодиак; MEGA; Denish",ok,,2026-06-13T06:10:24Z,chemicos-joomla-catalog-v1.0.0
ChemiCos 2026,Арома Нота,Россия,Волгоград,"Россия, Волгоград, ул. Лермонтова, дом. 31",92C22,,"ПРОФЕССИОНАЛЬНАЯ И БЫТОВАЯ ХИМИЯ, КОСМЕТИКА, ПЕРСОНАЛЬНАЯ ГИГИЕНА, ТОВАРЫ ДЛЯ КРАСОТЫ И ЗДОРОВЬЯ, CHEMICOS INDUSTRY","Компания ООО «Арома Нота» занимается разработкой и производством сырья для косметически-парфюмированной и бытовой продукции. Приоритетом деятельности компании является продвижение собственных уникальных сырьевых компонентов и технических решений в России и странах СНГ, а также технологическая поддержка наших клиентов, производящих парфюмерно-косметическую продукцию, на всех этапах ее внедрения, начиная от изготовления лабораторных образцов и заканчивая отработкой вопросов масштабирования непосредственно на этапе производства. Ключевой особенностью нашей работы является замещение импортных составляющих в нашем сырье. Есть препараты, содержащие в себе только отечественные компоненты, которые полностью произведены по СТ-1. Также имеем 3 собственных бренда продукции: «Хипикар» автомобильные ароматизаторы, «Династия» интерьерный парфюм/диффузоры и «Мистер ТеБенадо» кондиционеры/духи для стирки. Что позволяет закрыть потребности и проблемы клиента «под ключ», т.к все сырье тестируется на собственных продуктах. Есть отдел Контрактного производства. Занимаемся производством ароматической продукции под СТМ. Имеем награды на наше сырье и продукцию. Постоянно развиваемся, улучшаем рецептуры, тестируем и разрабатываем новые сырьевые и готовые продукты.",Hipicar; Mr.TeBenado,http://Aromanotastm.ru,aromanotastm@yandex.ru,+7(8442)-57-15-27,https://chemicos.ru/ru/company-card-axe?sendcompany=5887,5887,А,"Компания ООО «Арома Нота» занимается разработкой и производством сырья для косметически-парфюмированной и бытовой продукции. Приоритетом деятельности компании является продвижение собственных уникальных сырьевых компонентов и технических решений в России и странах СНГ, а также технологическая поддержка наших клиентов, производящих парфюмерно-косметическую продукцию, на всех этапах ее внедрения, начиная от изготовления лабораторных образцов и заканчивая отработкой вопросов масштабирования непосредственно на этапе производства. Ключевой особенностью нашей работы является замещение импортных составляющих в нашем сырье. Есть препараты, содержащие в себе только отечественные компоненты, которые п",ok,,2026-06-13T06:10:24Z,chemicos-joomla-catalog-v1.0.0
ChemiCos 2026,Арома Юнион,Россия,Санкт-Петербург,"Россия, 196620, г. Санкт-Петербург, г. Павловск, шоссе Павловское, дом 4, литера В",92C24,,"ПРОФЕССИОНАЛЬНАЯ И БЫТОВАЯ ХИМИЯ, ТОВАРЫ ДЛЯ КРАСОТЫ И ЗДОРОВЬЯ, CHEMICOS INDUSTRY","Компания занимается разработкой и производством отдушек и ароматических композиций для косметической и парфюмерной промышленности, а также для производителей бытовой химии. На выставке будут представлены специализированные коллекции отдушек, созданные для работы в агрессивных средах бытовой химии: от щелочных моющих средств до кислотных очистителей и хлорсодержащих составов.",,http://aromaunion.ru,natalia@aromaunion.ru,79219049636,https://chemicos.ru/ru/company-card-axe?sendcompany=5828,5828,А,"Компания занимается разработкой и производством отдушек и ароматических композиций для косметической и парфюмерной промышленности, а также для производителей бытовой химии. На выставке будут представлены специализированные коллекции отдушек, созданные для работы в агрессивных средах бытовой химии: от щелочных моющих средств до кислотных очистителей и хлорсодержащих составов. | ПРОФЕССИОНАЛЬНАЯ И БЫТОВАЯ ХИМИЯ, ТОВАРЫ ДЛЯ КРАСОТЫ И ЗДОРОВЬЯ, CHEMICOS INDUSTRY",ok,,2026-06-13T06:10:24Z,chemicos-joomla-catalog-v1.0.0
ChemiCos 2026,Ароматик,Россия,Екатеринбург,"Россия, 620072, г. Екатеринбург, ул.40-летия Комсомола, 38 литер А оф.20 238522, г. Калининград, Гурьевский р-н, поселок Поддубное, ул. Лесная 50 А 8 (909) 797-96-94",91G64,,"ПРОФЕССИОНАЛЬНАЯ И БЫТОВАЯ ХИМИЯ, ТОВАРЫ ДЛЯ КРАСОТЫ И ЗДОРОВЬЯ","Компания ООО «Ароматик» производит ароматические палочки индийского типа, созданные в сотрудничестве с ведущими специалистами Индии и Вьетнама. Их качество соответствует лучшим образцам, производимым в Индии. Ароматические саше для ароматизации постельного белья. Компоненты для их производства мы получаем в России и из Индии. Ароматические диффузоры со встроенным тестером 50, 20 и 10 мл для дома и автомобиля. Компоненты мы также получаем из России и Индии. В линейке присутствуют как реплики самых популярных брендов, так и чудесные ароматы цветов, фруктов и деревьев.",ИНДОКИТАЙ,http://,aromasl2015@yandex.ru,+7(4012) 64-09-92,https://chemicos.ru/ru/company-card-axe?sendcompany=5859,5859,А,"Компания ООО «Ароматик» производит ароматические палочки индийского типа, созданные в сотрудничестве с ведущими специалистами Индии и Вьетнама. Их качество соответствует лучшим образцам, производимым в Индии. Ароматические саше для ароматизации постельного белья. Компоненты для их производства мы получаем в России и из Индии. Ароматические диффузоры со встроенным тестером 50, 20 и 10 мл для дома и автомобиля. Компоненты мы также получаем из России и Индии. В линейке присутствуют как реплики самых популярных брендов, так и чудесные ароматы цветов, фруктов и деревьев. | ПРОФЕССИОНАЛЬНАЯ И БЫТОВАЯ ХИМИЯ, ТОВАРЫ ДЛЯ КРАСОТЫ И ЗДОРОВЬЯ | ИНДОКИТАЙ",ok,,2026-06-13T06:10:24Z,chemicos-joomla-catalog-v1.0.0
ChemiCos 2026,АСТИБЬЮТИ,Россия,Москва,"Россия, 107076, город Москва, Колодезный пер, д. 3 стр. 29, помещ. 1п",91G17,,КОСМЕТИКА,"AstiBeauty – Российский производитель и бренд косметической продукции для ванн. Главный продукт – чай для ванн – гигантский фильтр пакет в виде чайного пакетика с морской солью и различными травами в ассортименте (категория средства для принятия ванн). Чай для ванн уже продается в крупных российских сетях и на всех крупнейших маркетплейсах. Мы реализовываем контракты под СТМ (уже есть кейс 30 000 штук для российского бренда) А также продукт имеет высокий спрос в ОАЭ и экспортируется в ОАЭ и Саудовскую Аравию. Это новинка в косметическом рынке СНГ. В наличии 6 видов чайных пакетиков для ванн. Также в ассортименте пена для ванн, масло для тела. Планируется запуск новых продуктов.",AstiBeauty,http://,Astibeauty.info@gmail.com,79936135233,https://chemicos.ru/ru/company-card-axe?sendcompany=5849,5849,А,"AstiBeauty – Российский производитель и бренд косметической продукции для ванн. Главный продукт – чай для ванн – гигантский фильтр пакет в виде чайного пакетика с морской солью и различными травами в ассортименте (категория средства для принятия ванн). Чай для ванн уже продается в крупных российских сетях и на всех крупнейших маркетплейсах. Мы реализовываем контракты под СТМ (уже есть кейс 30 000 штук для российского бренда) А также продукт имеет высокий спрос в ОАЭ и экспортируется в ОАЭ и Саудовскую Аравию. Это новинка в косметическом рынке СНГ. В наличии 6 видов чайных пакетиков для ванн. Также в ассортименте пена для ванн, масло для тела. Планируется запуск новых продуктов. | КОСМЕТИКА |",ok,,2026-06-13T06:10:24Z,chemicos-joomla-catalog-v1.0.0
ChemiCos 2026,Астрос Логистикс,Россия,Санкт-Петербург,"Россия, Санкт-Петербург, Волхонское шоссе 2а, 198323, Ломоносовский район, Индустриальная зона, Горелово",92A15,,"ПРОФЕССИОНАЛЬНАЯ И БЫТОВАЯ ХИМИЯ, ТОВАРЫ ДЛЯ КРАСОТЫ И ЗДОРОВЬЯ, CHEMICOS INDUSTRY, CHEMIPACK","Астрос Логистикс – ведущий логистический оператор с 30+ лет опыта в России. Компания предоставляет комплексные решения в сфере международной логистики, импортно-экспортного сопровождения, таможенного оформления и 3PL-складских услуг. Мы обеспечиваем поставки, хранение, обработку, маркировку «Честный Знак», комплектацию и дистрибуцию, помогая клиентам эффективно развивать бизнес.",,http://astroslogistics.ru,info@astroslogistics.ru,+7 (812) 332 67 00,https://chemicos.ru/ru/company-card-axe?sendcompany=5817,5817,А,"Астрос Логистикс – ведущий логистический оператор с 30+ лет опыта в России. Компания предоставляет комплексные решения в сфере международной логистики, импортно-экспортного сопровождения, таможенного оформления и 3PL-складских услуг. Мы обеспечиваем поставки, хранение, обработку, маркировку «Честный Знак», комплектацию и дистрибуцию, помогая клиентам эффективно развивать бизнес. | ПРОФЕССИОНАЛЬНАЯ И БЫТОВАЯ ХИМИЯ, ТОВАРЫ ДЛЯ КРАСОТЫ И ЗДОРОВЬЯ, CHEMICOS INDUSTRY, CHEMIPACK",ok,,2026-06-13T06:10:24Z,chemicos-joomla-catalog-v1.0.0
ChemiCos 2026,АСФАРИ ЛЕЙБ ЛАБ,Россия,Московская обл,"141290, Россия, Московская обл, Пушкинский г.о., Красноармейск г, Трудовой поселок ул, д. 3а",91D13,,"ПРОФЕССИОНАЛЬНАЯ И БЫТОВАЯ ХИМИЯ, КОСМЕТИКА, ПЕРСОНАЛЬНАЯ ГИГИЕНА, ТОВАРЫ ДЛЯ КРАСОТЫ И ЗДОРОВЬЯ",Наша компания на рынке эстетической медицины уже более 10 лет за это время мы наработали экспертизу и прошли все этапы от разработки формул и создания до сертификации и продвижения продукта с нуля. В 2014 году была основана лаборатория Asfary. Мы начинаем новый этап развития – запускаем и разрабатываем производство косметики под Вашим личным брендом. Наши технологи разрабатывают формулы под запросы Вашего бизнеса. У нас в портфеле множество работающих формул. Качество выпускаемой косметики не уступает зарубежным аналогам и соответствует государственным и международным стандартам.,ASFARY LABEL LAB,http://asfarylabellab.ru,asfarylab@mail.ru,+7 (985) 316-60-06,https://chemicos.ru/ru/company-card-axe?sendcompany=5815,5815,А,"Наша компания на рынке эстетической медицины уже более 10 лет за это время мы наработали экспертизу и прошли все этапы от разработки формул и создания до сертификации и продвижения продукта с нуля. В 2014 году была основана лаборатория Asfary. Мы начинаем новый этап развития – запускаем и разрабатываем производство косметики под Вашим личным брендом. Наши технологи разрабатывают формулы под запросы Вашего бизнеса. У нас в портфеле множество работающих формул. Качество выпускаемой косметики не уступает зарубежным аналогам и соответствует государственным и международным стандартам. | ПРОФЕССИОНАЛЬНАЯ И БЫТОВАЯ ХИМИЯ, КОСМЕТИКА, ПЕРСОНАЛЬНАЯ ГИГИЕНА, ТОВАРЫ ДЛЯ КРАСОТЫ И ЗДОРОВЬЯ | ASFARY LABEL",ok,,2026-06-13T06:10:24Z,chemicos-joomla-catalog-v1.0.0
ChemiCos 2026,АТОРИ,Россия,Владивосток,"Россия, Приморский край, г. Владивосток, ул. Океанский проспект 69, офис 509.",91D42,,,"Компания ATORI производит предметы личной гигиены и бытовую химию на контрактных производственных площадках Южного Китая. Будучи родом из Владивостока, объединившим в себе европейскую культуру и азиатскую мудрость, мы разрабатываем для Вас продукты персональной гигиены с уникальным стилем. Наши художники, вдохновленные эстетикой Востока, создают оригинальные и неповторимые дизайны для наших товаров. Потребность человечества в чистоте и красоте являются базовыми и подтверждают высокий уровень жизни. Бренд ATORI отвечает запросу потребителя на функциональность, безопасность и визуальную айдентику. Мы существуем, чтобы удовлетворить потребность современного потребителя в прекрасном.",ATORI; YOSEI,http://www.atori.ru,info@atori.ru,74232732223,https://chemicos.ru/ru/company-card-axe?sendcompany=5842,5842,А,"Компания ATORI производит предметы личной гигиены и бытовую химию на контрактных производственных площадках Южного Китая. Будучи родом из Владивостока, объединившим в себе европейскую культуру и азиатскую мудрость, мы разрабатываем для Вас продукты персональной гигиены с уникальным стилем. Наши художники, вдохновленные эстетикой Востока, создают оригинальные и неповторимые дизайны для наших товаров. Потребность человечества в чистоте и красоте являются базовыми и подтверждают высокий уровень жизни. Бренд ATORI отвечает запросу потребителя на функциональность, безопасность и визуальную айдентику. Мы существуем, чтобы удовлетворить потребность современного потребителя в прекрасном. | ATORI; YO",ok,,2026-06-13T06:10:24Z,chemicos-joomla-catalog-v1.0.0
ChemiCos 2026,Афипский завод бытовой химии,Россия,Краснодар,"Россия, Краснодар, ул. Коммунаров, д.56, оф.8",92E31,,ПРОФЕССИОНАЛЬНАЯ И БЫТОВАЯ ХИМИЯ,"Афипский завод бытовой химии выпускает экологически чистую продукцию с 2022 года. Изготавливаем бытовую химию, профессиональную химию и автомобильную химию. В широком ассортименте продукция представлена в Краснодарском крае, а также в регионах России. Вся продукция сертифицирована, производится из экологически чистого сырья и безопасна для окружающей среды. Нашей командой разработаны уникальные рецептуры продукта, что позволяет применять ее как в повседневном использовании, так и на предприятиях, в детских учреждениях и в общепите. Мы боремся за качество своей продукции.",Жуи,http://afiphim.ru,karpov1962@mail.ru,+7-988-245-99-15,https://chemicos.ru/ru/company-card-axe?sendcompany=5824,5824,А,"Афипский завод бытовой химии выпускает экологически чистую продукцию с 2022 года. Изготавливаем бытовую химию, профессиональную химию и автомобильную химию. В широком ассортименте продукция представлена в Краснодарском крае, а также в регионах России. Вся продукция сертифицирована, производится из экологически чистого сырья и безопасна для окружающей среды. Нашей командой разработаны уникальные рецептуры продукта, что позволяет применять ее как в повседневном использовании, так и на предприятиях, в детских учреждениях и в общепите. Мы боремся за качество своей продукции. | ПРОФЕССИОНАЛЬНАЯ И БЫТОВАЯ ХИМИЯ | Жуи",ok,,2026-06-13T06:10:24Z,chemicos-joomla-catalog-v1.0.0
ChemiCos 2026,Афипский завод полимерных изделий «Польза»,Россия,Краснодар,"Россия, 350051, Краснодарский край, г. Краснодар, ул. Монтажников, д.1/4, офис 1408/1",92E31,,CHEMIPACK,Производитель пластиковой упаковки.,ПОЛЬЗА,http://Этопольза.рф,yugpolim@mail.ru,89182563007,https://chemicos.ru/ru/company-card-axe?sendcompany=5826,5826,А,Производитель пластиковой упаковки. | CHEMIPACK | ПОЛЬЗА,ok,,2026-06-13T06:10:24Z,chemicos-joomla-catalog-v1.0.0
ChemiCos 2026,АЭРО-ПРО,Россия,Краснодарский край,"Россия, 353235, Краснодарский край, Северский район, пгт. Афипский, ул. Шоссейная 33Б",91D31,,"ПРОФЕССИОНАЛЬНАЯ И БЫТОВАЯ ХИМИЯ, КОСМЕТИКА, ПЕРСОНАЛЬНАЯ ГИГИЕНА, ТОВАРЫ ДЛЯ КРАСОТЫ И ЗДОРОВЬЯ","ООО «АЭРО-ПРО» - производственное предприятие по выпуску широкого ассортимента аэрозольной продукции, спреев, жидкостей для фумигаторов, основанное в 1994 году. 30 лет на рынке бытовой химии, парфюмерной и косметической продукции широкого назначения. Вся продукция изготавливается из высококачественного сырья, соответствует установленным стандартам качества и безопасности. Благодаря этому предприятие стало победителем краевого конкурса в области качества «Сделано на Кубани» в номинации «Непродовольственные товары». Выпускается продукция как для известных брендов, так и собственных торговых марок, таких, как: ""First Fresh"", ""Skymax"", «Изумрудная оса», ""Ultra"", ""Gecko"", ""АЕ"", ""First Med"". Мощность выпуска достигает более 50 млн. единиц продукции в год. Более 500 наименований продукции выпускаются под СТМ, а также более 120 видов в ассортиментной линейке собственной продукции. Перечень производимой продукции: Освежители воздуха, Инсектицидные средства (дихлофос), Репеллентные средства, Жидкости для фумигаторов, Технические аэрозоли, Средства по уходу за обувью, Средства для уборки дома, Косметические средства, Пантенол, Жидкий пластырь и другая продукция. Представленность продукции в таких сетях, как: Гиперглобус, О`КЕЙ, Magnum Cash&Carry, Комус, Галамарт, ДА, Монетка, Улыбка радуги, Табыш, Невада, Семишагофф, Европа, Тут Просто и др. Представленность продукции в странах СНГ: Абхазия, Азербайджан, Армения, Беларусь, Казахстан, Кыргызстан, Таджикистан, Узбекистан.",First Fresh; Skymax; Изумрудная оса; Ultra; Gecko; АЕ; First Med,http://www.aerosol-pro.ru,pl-info@aerosol-pro.ru,8 (800) 250-45-26,https://chemicos.ru/ru/company-card-axe?sendcompany=5719,5719,А,"ООО «АЭРО-ПРО» - производственное предприятие по выпуску широкого ассортимента аэрозольной продукции, спреев, жидкостей для фумигаторов, основанное в 1994 году. 30 лет на рынке бытовой химии, парфюмерной и косметической продукции широкого назначения. Вся продукция изготавливается из высококачественного сырья, соответствует установленным стандартам качества и безопасности. Благодаря этому предприятие стало победителем краевого конкурса в области качества «Сделано на Кубани» в номинации «Непродовольственные товары». Выпускается продукция как для известных брендов, так и собственных торговых марок, таких, как: ""First Fresh"", ""Skymax"", «Изумрудная оса», ""Ultra"", ""Gecko"", ""АЕ"", ""First Med"". Мощно",ok,,2026-06-13T06:10:24Z,chemicos-joomla-catalog-v1.0.0
ChemiCos 2026,Балтик Грин,Россия,Санкт-Петербург,"Россия, Санкт-Петербург, набережная Обводного канала 24, литер А",92B52,,CHEMICOS INDUSTRY,"На сегодняшний день Балтик Грин является одним из ведущих российских поставщиков ингредиентов для производства косметики, бытовой химии и Oral Care.",,http://www.balticgreen.ru,ingredients@balticgreen.ru,8-812-200-43-86,https://chemicos.ru/ru/company-card-axe?sendcompany=5802,5802,Б,"На сегодняшний день Балтик Грин является одним из ведущих российских поставщиков ингредиентов для производства косметики, бытовой химии и Oral Care. | CHEMICOS INDUSTRY",ok,,2026-06-13T06:10:24Z,chemicos-joomla-catalog-v1.0.0
ChemiCos 2026,Бархим/ Barhim,Беларусь,Барановичи,"Республика Беларусь Брестская область, г. Барановичи, ул. Проминского, 48",91C33,,ПРОФЕССИОНАЛЬНАЯ И БЫТОВАЯ ХИМИЯ,"Один из крупнейших производителей синтетических моющих средств и товаров бытовой химии в Республике Беларусь. Основной вид продукции – порошкообразные средства для стирки, выпуск которых осуществляется по технологии и на оборудовании компании «Desmet Ballestra.SPA» (Италия). Имеем собственную аккредитованную лабораторию. Многолетний опыт работы позволил ОАО «Бархим» разработать широкий ассортимент стиральных порошков и моющих средств, полностью удовлетворяющих требованиям потребителя.",Бархим,http://barhim.by,barhimexport@mail.ru,+375163641940; +375297252092,https://chemicos.ru/ru/company-card-axe?sendcompany=5747,5747,Б,"Один из крупнейших производителей синтетических моющих средств и товаров бытовой химии в Республике Беларусь. Основной вид продукции – порошкообразные средства для стирки, выпуск которых осуществляется по технологии и на оборудовании компании «Desmet Ballestra.SPA» (Италия). Имеем собственную аккредитованную лабораторию. Многолетний опыт работы позволил ОАО «Бархим» разработать широкий ассортимент стиральных порошков и моющих средств, полностью удовлетворяющих требованиям потребителя. | ПРОФЕССИОНАЛЬНАЯ И БЫТОВАЯ ХИМИЯ | Бархим",ok,,2026-06-13T06:10:24Z,chemicos-joomla-catalog-v1.0.0
ChemiCos 2026,Бел-Пласт Интернэшнл,Беларусь,Лида,"Республика Беларусь Гродненская область, г.Лида, проспект Победы, 194А +375 154 616956",92D13,,CHEMIPACK,"СООО «Бел-Пласт Интернэшнл» осуществляет свою деятельность с 1999 года и является лидером по серийному производству широкого спектра пластмассовой упаковки. В ассортименте предприятия более 300 наименований бутылок, банок, канистр и крышек для бытовой химии, косметики, пищевых продуктов и лекарственных средств. Упаковка изготавливается номинальной вместимостью от 0,15 л до 6,0 л, разного дизайна и конфигурации, крышки винтовые и защелкивающиеся различных моделей. Индивидуальный подход к каждому клиенту.",,http://www.bel-plast.com,info@bel-plast.com,375154616919,https://chemicos.ru/ru/company-card-axe?sendcompany=5706,5706,Б,"СООО «Бел-Пласт Интернэшнл» осуществляет свою деятельность с 1999 года и является лидером по серийному производству широкого спектра пластмассовой упаковки. В ассортименте предприятия более 300 наименований бутылок, банок, канистр и крышек для бытовой химии, косметики, пищевых продуктов и лекарственных средств. Упаковка изготавливается номинальной вместимостью от 0,15 л до 6,0 л, разного дизайна и конфигурации, крышки винтовые и защелкивающиеся различных моделей. Индивидуальный подход к каждому клиенту. | CHEMIPACK",ok,,2026-06-13T06:10:24Z,chemicos-joomla-catalog-v1.0.0
ChemiCos 2026,БЕЛАНД,Россия,,,92E41,,CHEMIPACK,"Компания БЕЛАНД начала своё развитие в 2002 году и уже много лет принимает активное участие в развитии рынка упаковки для фармацевтического производства. Основные направления: - производство и поставка упаковки и расходных материалов для фармацевтической, косметической и пищевой продукции, товаров бытовой химии и товаров для дома; - декорирование и окрашивание стеклянной упаковки, нанесение надписей и логотипов на колпачки и крышки.",,http://,,,https://chemicos.ru/ru/company-card-axe?sendcompany=5820,5820,Б,"Компания БЕЛАНД начала своё развитие в 2002 году и уже много лет принимает активное участие в развитии рынка упаковки для фармацевтического производства. Основные направления: - производство и поставка упаковки и расходных материалов для фармацевтической, косметической и пищевой продукции, товаров бытовой химии и товаров для дома; - декорирование и окрашивание стеклянной упаковки, нанесение надписей и логотипов на колпачки и крышки. | CHEMIPACK",ok,,2026-06-13T06:10:24Z,chemicos-joomla-catalog-v1.0.0
ChemiCos 2026,Бергус,Россия,Владимирская обл.,"Россия, Владимирская обл., Суздальский район, пос. Боголюбово, ул. Ленина, д. 14",91E62,,"ПРОФЕССИОНАЛЬНАЯ И БЫТОВАЯ ХИМИЯ, КОСМЕТИКА, ПЕРСОНАЛЬНАЯ ГИГИЕНА, ТОВАРЫ ДЛЯ КРАСОТЫ И ЗДОРОВЬЯ","Компания «Бергус» – многопрофильное производственное предприятие во Владимирской области, производящее детскую и женскую косметику, бытовую химию, интимные и медицинские товары. На производстве есть своя производственная лаборатория, где создано более 2500 уникальных рецептур. От разработки состава и тестирования сырья до контроля качества и упаковки – всё происходит в одном месте. Вся продукция производится из высококачественного сырья, преимущественно европейского происхождения и имеет необходимую разрешительную документацию. Компания активно развивает контрактное производство (СТМ) и уже реализовала более 200 проектов для клиентов. «Бергус» помогает партнёрам на всех этапах – от разработки формулы до подбора упаковки и этикетки.",Torex; Bayan; Гладиатор; Lunya; Living Dew; Arma; Арма,http://bergus24.ru,sale@bergus.ru.com,88005007985,https://chemicos.ru/ru/company-card-axe?sendcompany=5748,5748,Б,"Компания «Бергус» – многопрофильное производственное предприятие во Владимирской области, производящее детскую и женскую косметику, бытовую химию, интимные и медицинские товары. На производстве есть своя производственная лаборатория, где создано более 2500 уникальных рецептур. От разработки состава и тестирования сырья до контроля качества и упаковки – всё происходит в одном месте. Вся продукция производится из высококачественного сырья, преимущественно европейского происхождения и имеет необходимую разрешительную документацию. Компания активно развивает контрактное производство (СТМ) и уже реализовала более 200 проектов для клиентов. «Бергус» помогает партнёрам на всех этапах – от разработк",ok,,2026-06-13T06:10:24Z,chemicos-joomla-catalog-v1.0.0
ChemiCos 2026,Беринг Компания,Россия,Уфа,"Россия, 450029, Республика Башкортостан, город Уфа, ул. Ульяновых, д. 65/8",92G22,,CHEMIPACK,"Компания Беринг – российский производитель жёсткой пластиковой упаковки для косметики, бытовой химии и фармацевтики. Проектируем и производим флаконы и укупорочные средства – как серийные варианты для широкого рынка, так и индивидуальные решения для брендов. Обеспечиваем полный цикл создания упаковки от разработки идеи до массового производства, включая изготовление пресс-форм. Окрашивание упаковки от 20 тыс шт, декорирование шелкотрафаретной печатью (до 4 цветов) – от 5 тыс шт.",,http://beringltd.ru,bering@beringltd.ru,+7 (347) 292-91-63,https://chemicos.ru/ru/company-card-axe?sendcompany=5829,5829,Б,"Компания Беринг – российский производитель жёсткой пластиковой упаковки для косметики, бытовой химии и фармацевтики. Проектируем и производим флаконы и укупорочные средства – как серийные варианты для широкого рынка, так и индивидуальные решения для брендов. Обеспечиваем полный цикл создания упаковки от разработки идеи до массового производства, включая изготовление пресс-форм. Окрашивание упаковки от 20 тыс шт, декорирование шелкотрафаретной печатью (до 4 цветов) – от 5 тыс шт. | CHEMIPACK",ok,,2026-06-13T06:10:24Z,chemicos-joomla-catalog-v1.0.0
ChemiCos 2026,БРЭНКС,Беларусь,Республика Беларусь Минск,"Республика Беларусь Минск, ул. Макаенка, 12 Г, пом 257",91C64,,ПРОФЕССИОНАЛЬНАЯ И БЫТОВАЯ ХИМИЯ,Производство таблеток для посудомоечных машин.,MIX TABS,http://,Sales.branx@gmail.com,375293862133,https://chemicos.ru/ru/company-card-axe?sendcompany=5888,5888,Б,Производство таблеток для посудомоечных машин. | ПРОФЕССИОНАЛЬНАЯ И БЫТОВАЯ ХИМИЯ | MIX TABS,ok,,2026-06-13T06:10:24Z,chemicos-joomla-catalog-v1.0.0
ChemiCos 2026,БУРСИНТЕЗ-М НПАО НПФ,Россия,Москва,"Россия, 117623, г. Москва, ул. Джанкойская, д. 15",92B54,,CHEMICOS INDUSTRY,"НПАО НПФ «БУРСИНТЕЗ-М» входит в группу компаний, включающую 2 производственные площадки, расположенные в Сергиево-Посадском р-не. Производим и реализуем реагенты по ключевым направлениям: 1. Поверхностно-активные в-ва, применяющиеся в рецептурах средств бытовой и промышленной химии, косметики, клининга, автохимии и проч. 2. Реагенты для нефтегазовой промышленности. 3. Органические и неорганические реагенты для производства товаров бытовой и промышленной химии.",,http://www.bursintez-m.com,info@bursintez-m.com,74957487903,https://chemicos.ru/ru/company-card-axe?sendcompany=5870,5870,Б,"НПАО НПФ «БУРСИНТЕЗ-М» входит в группу компаний, включающую 2 производственные площадки, расположенные в Сергиево-Посадском р-не. Производим и реализуем реагенты по ключевым направлениям: 1. Поверхностно-активные в-ва, применяющиеся в рецептурах средств бытовой и промышленной химии, косметики, клининга, автохимии и проч. 2. Реагенты для нефтегазовой промышленности. 3. Органические и неорганические реагенты для производства товаров бытовой и промышленной химии. | CHEMICOS INDUSTRY",ok,,2026-06-13T06:10:24Z,chemicos-joomla-catalog-v1.0.0
ChemiCos 2026,ВЫДУМЩИКИ,Россия,Железногорск,"Россия, 307170, Курская область, город Железногорск, мкр Промплощадка-4, зд. 5 +84955421540 доб.2155",91G31,,"ПРОФЕССИОНАЛЬНАЯ И БЫТОВАЯ ХИМИЯ, КОСМЕТИКА, ПЕРСОНАЛЬНАЯ ГИГИЕНА, ТОВАРЫ ДЛЯ КРАСОТЫ И ЗДОРОВЬЯ","Сегодня «Выдумщики» – это современный завод в Курской области, где сочетаются ручной подход, технологичность и глубокое понимание потребностей клиента. Мы выпускаем: * уходовую и очищающую косметику; * эффективную бытовую химию; * ингредиенты для мыловарения: мыльную основу, красители, отдушки, активы; * готовое мыло ручной работы, сделанное с душой; * DIY-наборы для детского творчества; *Антивандальные держатели, флаконы и косметика для HORECA; * и, что особенно важно, предлагаем контрактное производство под собственной торговой маркой; (СТМ) – от разработки рецептур до упаковки и логистики. Наша лаборатория разрабатывает индивидуальные формулы с учётом задач клиента, трендов и нормативных требований. Всё производство соответствует ГОСТ, ТР ТС, и сертифицировано по системе менеджмента качества ISO 9001.",Выдумщики; Schonemann; OSHI; USAGE; STYLAND; Куряночка; ROOMER.,http://vidumshiki.ru,rop@vidumshiki.ru,79057321163,https://chemicos.ru/ru/company-card-axe?sendcompany=5851,5851,В,"Сегодня «Выдумщики» – это современный завод в Курской области, где сочетаются ручной подход, технологичность и глубокое понимание потребностей клиента. Мы выпускаем: * уходовую и очищающую косметику; * эффективную бытовую химию; * ингредиенты для мыловарения: мыльную основу, красители, отдушки, активы; * готовое мыло ручной работы, сделанное с душой; * DIY-наборы для детского творчества; *Антивандальные держатели, флаконы и косметика для HORECA; * и, что особенно важно, предлагаем контрактное производство под собственной торговой маркой; (СТМ) – от разработки рецептур до упаковки и логистики. Наша лаборатория разрабатывает индивидуальные формулы с учётом задач клиента, трендов и нормативных ",ok,,2026-06-13T06:10:24Z,chemicos-joomla-catalog-v1.0.0
ChemiCos 2026,"Гамма-М, типография",Россия,Муром,"Россия, Владимирская область, г.Муром, Владимирское шоссе, 15",92F21,,CHEMIPACK,"Производство самоклеящихся этикеток от простых до эксклюзивной отделки, а также индивидуальной картонной упаковки (коробочек). Полное ведение тиража «под ключ»: разработка дизайна и макета, печать, доставка заказчику по РФ собственным транспортом.",,http://гамма-м.рф,info@gamma.ooo,8 (904) 595-28-05,https://chemicos.ru/ru/company-card-axe?sendcompany=5871,5871,Г,"Производство самоклеящихся этикеток от простых до эксклюзивной отделки, а также индивидуальной картонной упаковки (коробочек). Полное ведение тиража «под ключ»: разработка дизайна и макета, печать, доставка заказчику по РФ собственным транспортом. | CHEMIPACK",ok,,2026-06-13T06:10:24Z,chemicos-joomla-catalog-v1.0.0
ChemiCos 2026,Глорус-Норд,Россия,Санкт Петербург,"Россия, 195279, г. Санкт Петербург, Шоссе Революции д.69",91F23,,ПРОФЕССИОНАЛЬНАЯ И БЫТОВАЯ ХИМИЯ,"Глорус Норд – российский производитель бытовой химии полного цикла. Мы разрабатываем и выпускаем таблетки для посудомоечных машин, средства для стирки и ухода за домом, сочетая современную технологию, стабильное качество и гибкость контрактного производства. Создаём продукты под собственными и частными марками, обеспечивая партнёрам надёжность, масштаб и прозрачность процессов.",Glorus Frau Gretta,http://Glorus.ru,info@glorus.ru,+7 812 615-12-22,https://chemicos.ru/ru/company-card-axe?sendcompany=5768,5768,Г,"Глорус Норд – российский производитель бытовой химии полного цикла. Мы разрабатываем и выпускаем таблетки для посудомоечных машин, средства для стирки и ухода за домом, сочетая современную технологию, стабильное качество и гибкость контрактного производства. Создаём продукты под собственными и частными марками, обеспечивая партнёрам надёжность, масштаб и прозрачность процессов. | ПРОФЕССИОНАЛЬНАЯ И БЫТОВАЯ ХИМИЯ | Glorus Frau Gretta",ok,,2026-06-13T06:10:24Z,chemicos-joomla-catalog-v1.0.0
ChemiCos 2026,Гофромир – группа компаний по производству упаковки,Россия,Москва,"Россия, г. Москва, ул. Смольная, 14",92B22,,"CHEMICOS INDUSTRY, CHEMIPACK","Группа компаний «Гофромир» – федеральное предприятие по производству комплексных упаковочных решений. В структуру входят три ключевых направления: производство упаковки из гофрокартона, выпуск воздушно-пузырьковой плёнки и производство полиграфической упаковки из картона полного цикла, от разработки макета в собственной дизайн-студии до производства и доставки готовой продукции.",Гофромир; Принтомир,http://gofromir.ru,info@gofromir.ry,+7 (495) 150-12-66,https://chemicos.ru/ru/company-card-axe?sendcompany=5732,5732,Г,"Группа компаний «Гофромир» – федеральное предприятие по производству комплексных упаковочных решений. В структуру входят три ключевых направления: производство упаковки из гофрокартона, выпуск воздушно-пузырьковой плёнки и производство полиграфической упаковки из картона полного цикла, от разработки макета в собственной дизайн-студии до производства и доставки готовой продукции. | CHEMICOS INDUSTRY, CHEMIPACK | Гофромир; Принтомир",ok,,2026-06-13T06:10:24Z,chemicos-joomla-catalog-v1.0.0
ChemiCos 2026,Гэлэкси Арома Групп,Россия,Москва,"Россия, 109387, Г. Москва, вн. тер. г. Муниципальный Округ Люблино, ул. Люблинская, дом 42, этаж/офис 2/Л-220 +7(909)673-75-93",92B42,,CHEMICOS INDUSTRY,"Гэлэкси Арома Групп-эксклюзивный дистрибьютор производителя ""Aroma Fragrances"" Ltd, на территории России. Предлагает со склада в Москве в ассортименте, более 1000 видов отдушек для всех областей промышленности: косметики и бытовой химии, туалетного мыла, порошков, свечей и аромадиффузоров, парфюмерии, автокосметики и автоароматизаторов, отдушки для критичных pH и для маскировки запаха изопропилового спирта и т.п. Оказывает услуги по разработке рецептуры и подбору парфюмерной композиции с использованием современного исследовательского оборудования (GC-MS).",Aroma Fragrances,http://galaxy-aroma.ru,a.karateeva@galaxy-aroma.ru,+7(499)784-54-53,https://chemicos.ru/ru/company-card-axe?sendcompany=5843,5843,Г,"Гэлэкси Арома Групп-эксклюзивный дистрибьютор производителя ""Aroma Fragrances"" Ltd, на территории России. Предлагает со склада в Москве в ассортименте, более 1000 видов отдушек для всех областей промышленности: косметики и бытовой химии, туалетного мыла, порошков, свечей и аромадиффузоров, парфюмерии, автокосметики и автоароматизаторов, отдушки для критичных pH и для маскировки запаха изопропилового спирта и т.п. Оказывает услуги по разработке рецептуры и подбору парфюмерной композиции с использованием современного исследовательского оборудования (GC-MS). | CHEMICOS INDUSTRY | Aroma Fragrances",ok,,2026-06-13T06:10:24Z,chemicos-joomla-catalog-v1.0.0
ChemiCos 2026,ДЕЗБ2Б,Россия,Москва,"Россия, Москва, Вн.Тер.Г. Муниципальный Округ Покровское-Стрешнево, Пр-Д Врачебный, Д. 10, Часть Ком. 3",91D52,,ПРОФЕССИОНАЛЬНАЯ И БЫТОВАЯ ХИМИЯ,Разрабатываем и выпускаем собственную продукцию высокого качества с классическим составом и эффективным действием. Продукция соответствует заявленному качеству и требованиям. Продукция гарантирует полную безопасность для здоровья при использовании. Работаем под СТМ. Гарантируем стабильность и бесперебойность поставок.,Богатырь,http://www.dezb2b.ru,info@dezb2b.ry,+7 (964) 727-18-27,https://chemicos.ru/ru/company-card-axe?sendcompany=5831,5831,Д,Разрабатываем и выпускаем собственную продукцию высокого качества с классическим составом и эффективным действием. Продукция соответствует заявленному качеству и требованиям. Продукция гарантирует полную безопасность для здоровья при использовании. Работаем под СТМ. Гарантируем стабильность и бесперебойность поставок. | ПРОФЕССИОНАЛЬНАЯ И БЫТОВАЯ ХИМИЯ | Богатырь,ok,,2026-06-13T06:10:24Z,chemicos-joomla-catalog-v1.0.0
ChemiCos 2026,Джи Эм Трейдинг,Россия,Москва,"Россия, Москва",92E12,,"ПРОФЕССИОНАЛЬНАЯ И БЫТОВАЯ ХИМИЯ, ТОВАРЫ ДЛЯ КРАСОТЫ И ЗДОРОВЬЯ, CHEMICOS INDUSTRY, CHEMIPACK","ООО «Джи Эм Трейдинг» представляет собой крупную компанию, которая работает в таких направлениях как контрактное производство пластиковых изделий, а также производство и продажа упаковки для бытовой химии и косметики.",,http://jmpack.ru,info@jmpack.ru,74956496337,https://chemicos.ru/ru/company-card-axe?sendcompany=5797,5797,Д,"ООО «Джи Эм Трейдинг» представляет собой крупную компанию, которая работает в таких направлениях как контрактное производство пластиковых изделий, а также производство и продажа упаковки для бытовой химии и косметики. | ПРОФЕССИОНАЛЬНАЯ И БЫТОВАЯ ХИМИЯ, ТОВАРЫ ДЛЯ КРАСОТЫ И ЗДОРОВЬЯ, CHEMICOS INDUSTRY, CHEMIPACK",ok,,2026-06-13T06:10:24Z,chemicos-joomla-catalog-v1.0.0
ChemiCos 2026,ДМЭ Аэрозоль,Россия,Тульская область,"Россия, 301212, Тульская область, Щекинский р-н, р.п. Первомайский, ул. Симферопольская, 7, оф 102",92B41,,"ПРОФЕССИОНАЛЬНАЯ И БЫТОВАЯ ХИМИЯ, КОСМЕТИКА, ПЕРСОНАЛЬНАЯ ГИГИЕНА, CHEMICOS INDUSTRY","ООО «ДМЭ Аэрозоль» - крупнейший производитель ДМЭ в России и один из крупнейших производителей в Европе. Предприятие располагается в р.п. Первомайский (Тульская область). Диметиловый эфир (ДМЭ) используется в качестве пропеллента/растворителя при производстве различных бытовых и косметических аэрозолей. Для перевозки ДМЭ компания использует собственные 20 и 30 футовые танк-контейнеры, изготовленные из нержавеющей стали. Часть парка укомплектована собственным скачивающим насосом и сливными шлангами.",,http://www.dme-aerosol.ru,info@dme-aerosol.ru,"+7 (48751) 9 65 81, 9 64 94",https://chemicos.ru/ru/company-card-axe?sendcompany=5707,5707,Д,"ООО «ДМЭ Аэрозоль» - крупнейший производитель ДМЭ в России и один из крупнейших производителей в Европе. Предприятие располагается в р.п. Первомайский (Тульская область). Диметиловый эфир (ДМЭ) используется в качестве пропеллента/растворителя при производстве различных бытовых и косметических аэрозолей. Для перевозки ДМЭ компания использует собственные 20 и 30 футовые танк-контейнеры, изготовленные из нержавеющей стали. Часть парка укомплектована собственным скачивающим насосом и сливными шлангами. | ПРОФЕССИОНАЛЬНАЯ И БЫТОВАЯ ХИМИЯ, КОСМЕТИКА, ПЕРСОНАЛЬНАЯ ГИГИЕНА, CHEMICOS INDUSTRY",ok,,2026-06-13T06:10:24Z,chemicos-joomla-catalog-v1.0.0
ChemiCos 2026,"ЕТС, Группа Компаний",Россия,Санкт-Петербург,"Россия, г. Санкт-Петербург, Ленинский пр-т д. 140 литер «Л»",92D31,,"ПРОФЕССИОНАЛЬНАЯ И БЫТОВАЯ ХИМИЯ, ТОВАРЫ ДЛЯ КРАСОТЫ И ЗДОРОВЬЯ, CHEMICOS INDUSTRY","Мы являемся лидером на рынке дистрибуции химических продуктов и предлагаем комплексные поставки более чем от 300 зарубежных и отечественных производителей.Широкий и постоянно обновляемый перечень товаров позволяет нам сотрудничать с крупнейшими производителями косметики и бытовой химии в России и странах СНГ. В настоящее время мы предлагаем широкий ассортимент сырья для косметики и средств бытовой химии. Мы постоянно расширяем наш ассортимент за счет новых продуктов, в таких категориях как: - силиконы - щелочные добавки - комплексообразователи - функциональные ингредиенты - поверхностно-активные вещества - Наши специалисты готовы предложить технологические решения и уникальные рецептуры, а при необходимости мы закажем и привезем нужные товары специально для вас.",ТВАЛАМ,http://Www.utsrus.com,uts@utsrus.com,+7812-389-55-55,https://chemicos.ru/ru/company-card-axe?sendcompany=5805,5805,Е,"Мы являемся лидером на рынке дистрибуции химических продуктов и предлагаем комплексные поставки более чем от 300 зарубежных и отечественных производителей.Широкий и постоянно обновляемый перечень товаров позволяет нам сотрудничать с крупнейшими производителями косметики и бытовой химии в России и странах СНГ. В настоящее время мы предлагаем широкий ассортимент сырья для косметики и средств бытовой химии. Мы постоянно расширяем наш ассортимент за счет новых продуктов, в таких категориях как: - силиконы - щелочные добавки - комплексообразователи - функциональные ингредиенты - поверхностно-активные вещества - Наши специалисты готовы предложить технологические решения и уникальные рецептуры, а п",ok,,2026-06-13T06:10:24Z,chemicos-joomla-catalog-v1.0.0
ChemiCos 2026,ЕЮБЬЮТИ,Россия,г Москва,"Россия, 115054, г Москва, вн.тер.г муниципальный округ Замоскворечье, ул Дубининская, 11/17 / строение 3, помещ 10б/П",92D23,,CHEMIPACK,"Компания Jiangyin Eu-beauty Group Co., Ltd основана в феврале 2014 года, Мы – проверенный поставщик комплексных контейнеров для косметики высокого качества, предлагаем полный спектр детальных услуг: - дизайн продукции, производство, отбор, упаковка, контроль качества; - адаптация к требованиям клиентов из разных стран, индивидуальные решения и сервис; - гарантия стабильности и безопасности продукции для клиентов. Наш производственный потенциал включает: - Собственные заводы по производству крышек и качественной упаковки; - Совместно контролируемые заводы по производству помпок: помпы для лосьонов, вакуумные помпы, помпы для смывного средства, сверхтонкие распылительные помпы, парфюмерные помпы и др.; - Инвестиционные партнерства с заводами по производству стеклянных флаконов (для парфюмерии, лосьонов и кремов). Мы предлагаем клиентам профессиональные решения: от индивидуального дизайна и производства до комплексного контроля качества, обеспечивая удобство и спокойствие при сотрудничестве. - Штат персонала: 90 человек на заводе по крышкам, 130 человек на заводе по помпам, 320 человек на заводах по стеклянным флаконам;• Адреса офисов продаж:– Хуэйшань (Уси), Гуанчжоу (площадь Байюнь Мэйуан), Осака (Япония), Москва (Россия);• Адреса заводов:– Район Сюсяке (город Цзяньин), заводы по стеклянным флаконам-партнеры – Цзиньжай (Аньхой). Основной ассортимент - Парфюмерная упаковка, упаковка для эфирных масел, комплекты флаконов для лосьонов, комплекты флаконов для кремов, Распылительные флаконы, упаковка для уходовых средств, упаковка для пищевых продуктов и другие категории.",,http://www.eu-beauty.com,david@eu-beauty.cn,+7 (905) 772-79-77,https://chemicos.ru/ru/company-card-axe?sendcompany=5806,5806,Е,"Компания Jiangyin Eu-beauty Group Co., Ltd основана в феврале 2014 года, Мы – проверенный поставщик комплексных контейнеров для косметики высокого качества, предлагаем полный спектр детальных услуг: - дизайн продукции, производство, отбор, упаковка, контроль качества; - адаптация к требованиям клиентов из разных стран, индивидуальные решения и сервис; - гарантия стабильности и безопасности продукции для клиентов. Наш производственный потенциал включает: - Собственные заводы по производству крышек и качественной упаковки; - Совместно контролируемые заводы по производству помпок: помпы для лосьонов, вакуумные помпы, помпы для смывного средства, сверхтонкие распылительные помпы, парфюмерные пом",ok,,2026-06-13T06:10:24Z,chemicos-joomla-catalog-v1.0.0
ChemiCos 2026,ЖИВА ПРОДУКТ,Россия,Адыгея,"Россия, Адыгея, пгт. Яблоновский, ул. Космическая 55",91F41,,ТОВАРЫ ДЛЯ КРАСОТЫ И ЗДОРОВЬЯ,"Мы – крупнейший российский завод, надежный партнер для предпринимателей, который задает стандарты качества в контрактном производстве. Наша специализация – создание инновационных и полностью натуральных продуктов для здорового и спортивного питания, которые помогают бизнесу наших клиентов расти, вдохновлять потребителей и завоевывать лидирующие позиции на рынке.",Вкус Вилл; 1sun; Sun flower; Vitmins,http://,sale@dzivaproduct.ruhttps,8-962-857-24-03,https://chemicos.ru/ru/company-card-axe?sendcompany=5873,5873,Ж,"Мы – крупнейший российский завод, надежный партнер для предпринимателей, который задает стандарты качества в контрактном производстве. Наша специализация – создание инновационных и полностью натуральных продуктов для здорового и спортивного питания, которые помогают бизнесу наших клиентов расти, вдохновлять потребителей и завоевывать лидирующие позиции на рынке. | ТОВАРЫ ДЛЯ КРАСОТЫ И ЗДОРОВЬЯ | Вкус Вилл; 1sun; Sun flower; Vitmins",ok,,2026-06-13T06:10:24Z,chemicos-joomla-catalog-v1.0.0
ChemiCos 2026,Журнал «Сырье и Упаковка»,Россия,Россия Москва,"Россия г. Москва, ул.Васильевская д.4",92E53,,,"Журнал «Сырье и Упаковка» – единственный наиболее полный источник научно-практической информации для производителей парфюмерии, косметики и бытовой химии. Каждый номер содержит статьи ведущих отечественных и зарубежных специалистов, а также предложения от поставщиков сырья, оборудования, упаковки, испытательных и сертификационных центров, контрактных производителей. Периодичность: 10 номеров в год + 2 спецвыпуска: «Нетканые материалы в косметике, средствах гигиены и бытовой химии» и «Оборудуем производство. Лабораторное, производственное и упаковочное оборудование». Ещё больше новостей, событий, вакансий, рецептур, документов и полезных ссылок Вы найдёте на нашем Деловом портале косметической промышленности www.cosmetic-industry.com.",,http://cosmetic-industry.com,Krasota-prof@yandex.ru,74993403622,https://chemicos.ru/ru/company-card-axe?sendcompany=5902,5902,Ж,"Журнал «Сырье и Упаковка» – единственный наиболее полный источник научно-практической информации для производителей парфюмерии, косметики и бытовой химии. Каждый номер содержит статьи ведущих отечественных и зарубежных специалистов, а также предложения от поставщиков сырья, оборудования, упаковки, испытательных и сертификационных центров, контрактных производителей. Периодичность: 10 номеров в год + 2 спецвыпуска: «Нетканые материалы в косметике, средствах гигиены и бытовой химии» и «Оборудуем производство. Лабораторное, производственное и упаковочное оборудование». Ещё больше новостей, событий, вакансий, рецептур, документов и полезных ссылок Вы найдёте на нашем Деловом портале косметическо",ok,,2026-06-13T06:10:24Z,chemicos-joomla-catalog-v1.0.0
ChemiCos 2026,Завод Тюменские аэрозоли,Россия,Тюмень,"Россия, г. Тюмень, ул. Герцена, дом 53, офис 616",92B23,,"ПРОФЕССИОНАЛЬНАЯ И БЫТОВАЯ ХИМИЯ, КОСМЕТИКА, ПЕРСОНАЛЬНАЯ ГИГИЕНА, ТОВАРЫ ДЛЯ КРАСОТЫ И ЗДОРОВЬЯ","Завод «Тюменские аэрозоли» больше 20 лет выпускает 250+ наименований качественной аэрозольной продукции: товары для красоты и здоровья, кислородные баллончики для дыхания, репелленты, автохимия, средства защиты, пищевые смазки и многое другое. Поставляется по всей России и на экспорт в 5 стран мира, отмечена 110+ российскими и международными наградами в т.ч. «100 лучших товаров России». Мощность собственного и контрактного производства на современных автоматических линиях - до 1 млн. баллонов/мес.",,http://aerosol72.ru,t-a72@mail.ru,89091888020,https://chemicos.ru/ru/company-card-axe?sendcompany=5766,5766,З,"Завод «Тюменские аэрозоли» больше 20 лет выпускает 250+ наименований качественной аэрозольной продукции: товары для красоты и здоровья, кислородные баллончики для дыхания, репелленты, автохимия, средства защиты, пищевые смазки и многое другое. Поставляется по всей России и на экспорт в 5 стран мира, отмечена 110+ российскими и международными наградами в т.ч. «100 лучших товаров России». Мощность собственного и контрактного производства на современных автоматических линиях - до 1 млн. баллонов/мес. | ПРОФЕССИОНАЛЬНАЯ И БЫТОВАЯ ХИМИЯ, КОСМЕТИКА, ПЕРСОНАЛЬНАЯ ГИГИЕНА, ТОВАРЫ ДЛЯ КРАСОТЫ И ЗДОРОВЬЯ",ok,,2026-06-13T06:10:24Z,chemicos-joomla-catalog-v1.0.0
ChemiCos 2026,ЗАВОДПЭТ,Россия,Краснодар,"Россия, 350037, РФ, Краснодарский край, г. Краснодар, хутор Ленина, территория МТФ-1, литер Г46",92E31,,CHEMIPACK,"ООО «ЗАВОДПЭТ» Собственное производство ПЭТ-тары в Краснодаре: бутылки, банки, флако-ны от 15 мл до 10 л для пищевой, химической и косметической отраслей. Только первичное сырьё – качество европейского уровня. Изготавливаем пресс-формы. Создаём упаковку, ко-торая выделит ваш продукт на полке: от защиты до эффектного образа. Индивидуальный подход, конкурентные цены, быстрая отгрузка по РФ.",,http://zavodpet.ru,zavod.pet@yandex.ru,8-861-204-205-6,https://chemicos.ru/ru/company-card-axe?sendcompany=5832,5832,З,"ООО «ЗАВОДПЭТ» Собственное производство ПЭТ-тары в Краснодаре: бутылки, банки, флако-ны от 15 мл до 10 л для пищевой, химической и косметической отраслей. Только первичное сырьё – качество европейского уровня. Изготавливаем пресс-формы. Создаём упаковку, ко-торая выделит ваш продукт на полке: от защиты до эффектного образа. Индивидуальный подход, конкурентные цены, быстрая отгрузка по РФ. | CHEMIPACK",ok,,2026-06-13T06:10:24Z,chemicos-joomla-catalog-v1.0.0
ChemiCos 2026,Заволжский пигмент,Россия,о.Кинешма,"Россия, 155800, Ивановская область, г.о.Кинешма, г. Кинешма, ул.им.Ленина, д.50",92C11,,"ПРОФЕССИОНАЛЬНАЯ И БЫТОВАЯ ХИМИЯ, ПЕРСОНАЛЬНАЯ ГИГИЕНА","Производитель и поставщик пигментных паст, кислотных, прямых и основных красителей для лакокрасочных материалов, пластиков, ПВХ материалов, кожи, товаров детского творчества и других направлений.",,http://www.z-pigment.ru,info@z-pigment.com,+7(495) 645-57-84,https://chemicos.ru/ru/company-card-axe?sendcompany=5874,5874,З,"Производитель и поставщик пигментных паст, кислотных, прямых и основных красителей для лакокрасочных материалов, пластиков, ПВХ материалов, кожи, товаров детского творчества и других направлений. | ПРОФЕССИОНАЛЬНАЯ И БЫТОВАЯ ХИМИЯ, ПЕРСОНАЛЬНАЯ ГИГИЕНА",ok,,2026-06-13T06:10:24Z,chemicos-joomla-catalog-v1.0.0
ChemiCos 2026,Империя природы,Россия,Пушкино,"Россия, 141206, Московская область, г. Пушкино, ул. Заводская, дом 9, корпус помещение 4, офис 1",92B73,,"КОСМЕТИКА, ПЕРСОНАЛЬНАЯ ГИГИЕНА, ТОВАРЫ ДЛЯ КРАСОТЫ И ЗДОРОВЬЯ, CHEMICOS INDUSTRY","Производство со2 экстрактов, косметических средств, кулинарных пряностей на основе со2 экстрактов, зубного порошка, масок для лица, медовых смесей с целебными травами, твердых бальзамов и гигиенической губной помады, эфирных масел, гидролатов. Производство оборудования для со2 экстракции. Мельничное оборудование. Разработка рецептур БАДов.",,http://CO2ext.ru,auvarov@imperiumnaturae.ru,79251885520,https://chemicos.ru/ru/company-card-axe?sendcompany=5708,5708,И,"Производство со2 экстрактов, косметических средств, кулинарных пряностей на основе со2 экстрактов, зубного порошка, масок для лица, медовых смесей с целебными травами, твердых бальзамов и гигиенической губной помады, эфирных масел, гидролатов. Производство оборудования для со2 экстракции. Мельничное оборудование. Разработка рецептур БАДов. | КОСМЕТИКА, ПЕРСОНАЛЬНАЯ ГИГИЕНА, ТОВАРЫ ДЛЯ КРАСОТЫ И ЗДОРОВЬЯ, CHEMICOS INDUSTRY",ok,,2026-06-13T06:10:24Z,chemicos-joomla-catalog-v1.0.0
ChemiCos 2026,"Индустрия Сервис, НПО",Россия,Самара,"Россия, 443050, Самарская обл, г.Самара, п. Зубчаниновка, Смышляевское шоссе 1А, ком 20",92D42,,CHEMICOS INDUSTRY,"Компания НПО Индустрия Сервис, занимается синтезом сложных эфиров, которые используются в разных отраслях промышленности: косметической, пищевой, в производстве смазочно-охлаждающих жидкостей и т.д. Одно из новых направлений нашей компании, это производство эфиров 2-этилгексанола, они используются в качестве пластификаторов для ПВХ. На финальном этапе разработки находятся поверхностно-активные вещества, которые помимо продажи крупным косметическим компаниям, будут входить в состав собственной линейки бытовой химии и косметических средств. Я как раз занимаюсь продвижением данного направления. Мы активно занимаемся разработкой присадок для топлив, ПТП-присадок, различных соединений для нефтяной химии и активно развиваем научную базу по теме удобрений органического строения, которые в России на данном этапе развития не производятся.",,http://индустрия-сервис.рф,Umarova63@yandex.ru,89371771811,https://chemicos.ru/ru/company-card-axe?sendcompany=5735,5735,И,"Компания НПО Индустрия Сервис, занимается синтезом сложных эфиров, которые используются в разных отраслях промышленности: косметической, пищевой, в производстве смазочно-охлаждающих жидкостей и т.д. Одно из новых направлений нашей компании, это производство эфиров 2-этилгексанола, они используются в качестве пластификаторов для ПВХ. На финальном этапе разработки находятся поверхностно-активные вещества, которые помимо продажи крупным косметическим компаниям, будут входить в состав собственной линейки бытовой химии и косметических средств. Я как раз занимаюсь продвижением данного направления. Мы активно занимаемся разработкой присадок для топлив, ПТП-присадок, различных соединений для нефтяно",ok,,2026-06-13T06:10:24Z,chemicos-joomla-catalog-v1.0.0
ChemiCos 2026,Иу Eqi,Китай,Иу,"первый этаж блока 3, корпус 26, район Дунфужай, улица Футянь, город Иу, провинция Чжэцзян, КНР +86 18683930273",92B62,,ПРОФЕССИОНАЛЬНАЯ И БЫТОВАЯ ХИМИЯ,"Компания специализируется на разработке, производстве и дистрибуции высокоэффективных бытовых чистящих средств. Ее основной ассортимент включает капсулы для стирки, капсулы для посудомоечных машин, ароматизаторы для белья, таблетки для посудомоечных машин, концентрированные стиральные порошки и жидкие моющие средства. Штаб-квартира компании расположена в Иу, провинция Чжэцзян, Китай. Компания располагает собственным современным производственным комплексом и хорошо оборудованными производственными цехами, что обеспечивает стабильную производительность и строгий контроль качества. Продукция экспортируется в Европу, Северную Америку и Россию, где пользуется доверием международных партнеров.",,http://,dianachina2024@163.com,79258376733,https://chemicos.ru/ru/company-card-axe?sendcompany=5814,5814,И,"Компания специализируется на разработке, производстве и дистрибуции высокоэффективных бытовых чистящих средств. Ее основной ассортимент включает капсулы для стирки, капсулы для посудомоечных машин, ароматизаторы для белья, таблетки для посудомоечных машин, концентрированные стиральные порошки и жидкие моющие средства. Штаб-квартира компании расположена в Иу, провинция Чжэцзян, Китай. Компания располагает собственным современным производственным комплексом и хорошо оборудованными производственными цехами, что обеспечивает стабильную производительность и строгий контроль качества. Продукция экспортируется в Европу, Северную Америку и Россию, где пользуется доверием международных партнеров. | П",ok,,2026-06-13T06:10:24Z,chemicos-joomla-catalog-v1.0.0
ChemiCos 2026,КАПСУЛА,Россия,Ростов-на-Дону,"Россия, г. Ростов-на-Дону, ул. Доватора, 146Р",91D44,,ПРОФЕССИОНАЛЬНАЯ И БЫТОВАЯ ХИМИЯ,"Производитель бытовой химии полного цикла. Мы первые в России в 2021 году запустили капсулированное производство с разными возможностями, секциями и весом капсул, а также гранулированный парфюмированный кондиционер с микрокапсулой. Производимый нами ассортимент: капсулы для стирки и посудомоечных машин, парфюмированный кондиционер в гранулах, капсулы с парфюмированным кондиционером в гранулах, гели и кондиционеры для стирки, средства для пола, УМС и тд. Собственная лаборатория, пластиковая тара.",STIMEL; AIERY; LANEKO; LAUNGREE,http://valeria.ru.com,info@valeria.ru.com,8 (800) 222-56-80,https://chemicos.ru/ru/company-card-axe?sendcompany=5736,5736,К,"Производитель бытовой химии полного цикла. Мы первые в России в 2021 году запустили капсулированное производство с разными возможностями, секциями и весом капсул, а также гранулированный парфюмированный кондиционер с микрокапсулой. Производимый нами ассортимент: капсулы для стирки и посудомоечных машин, парфюмированный кондиционер в гранулах, капсулы с парфюмированным кондиционером в гранулах, гели и кондиционеры для стирки, средства для пола, УМС и тд. Собственная лаборатория, пластиковая тара. | ПРОФЕССИОНАЛЬНАЯ И БЫТОВАЯ ХИМИЯ | STIMEL; AIERY; LANEKO; LAUNGREE",ok,,2026-06-13T06:10:24Z,chemicos-joomla-catalog-v1.0.0
ChemiCos 2026,Кема Клаб,Россия,Москва,"Россия, г. Москва, ул. Суворовская, д.6, стр.5, офис 103",92D41,,CHEMICOS INDUSTRY,"КЕМА КЛАБ производитель косметических и парфюмерных отдушек, а также пищевых ингредиентов. Мы на рынке с 2005 года. За время работы мы стали экспертами в создании ароматов для различных отраслей. Поэтому вы можете быть уверенными в качестве нашей продукции. В номенклатуре КЕМА КЛАБ более 3000 наименований для всех областей применения. Более того, мы способны разработать любой аромат под запрос. В КЕМА КЛАБ собственная аналитическая лаборатория с хроматографами в Москве. Это позволяет разрабатывать уникальные и качественные отдушки. Также в лаборатории компании трудятся парфюмеры и технологи с высшим химическим образованием. Мы стремимся производить отдушки и пищевые ингредиенты, которые помогут создавать вкусные, ароматные и безопасные продукты.",Кема Клаб,http://www.kemaclub.ru,info@kemaclub.ru,8 (495) 109-18-18,https://chemicos.ru/ru/company-card-axe?sendcompany=5808,5808,К,"КЕМА КЛАБ производитель косметических и парфюмерных отдушек, а также пищевых ингредиентов. Мы на рынке с 2005 года. За время работы мы стали экспертами в создании ароматов для различных отраслей. Поэтому вы можете быть уверенными в качестве нашей продукции. В номенклатуре КЕМА КЛАБ более 3000 наименований для всех областей применения. Более того, мы способны разработать любой аромат под запрос. В КЕМА КЛАБ собственная аналитическая лаборатория с хроматографами в Москве. Это позволяет разрабатывать уникальные и качественные отдушки. Также в лаборатории компании трудятся парфюмеры и технологи с высшим химическим образованием. Мы стремимся производить отдушки и пищевые ингредиенты, которые помо",ok,,2026-06-13T06:10:24Z,chemicos-joomla-catalog-v1.0.0
ChemiCos 2026,КемПлант,Россия,Новоалтайск,"Россия, 658087, Алтайский край, г. Новоалтайск, ул. Октябренок, зд. 81",91E46,,ПРОФЕССИОНАЛЬНАЯ И БЫТОВАЯ ХИМИЯ,"Компания «КемПлант» российская производственная компания, занимающаяся производством дезинфицирующих средств и бытовой химии. Наши преимущества: - производство под СТМ заказчика; - наличие продукции на складах, в т.ч. в Москве; - высокое качество продукции Почему выбирают нас? 1. Индивидуальный подход – мы готовы предложить уникальные решения под потребности вашего бизнеса. 2. Качество на первом месте – вся продукция проходит сертификацию и строгий контроль качества. 3. Гибкие условия сотрудничества – мы открыты к переговорам и готовы адаптировать условия.",,http://chemplant.farm,sale@chemplant.farm,8-906-925-80-42,https://chemicos.ru/ru/company-card-axe?sendcompany=5750,5750,К,"Компания «КемПлант» российская производственная компания, занимающаяся производством дезинфицирующих средств и бытовой химии. Наши преимущества: - производство под СТМ заказчика; - наличие продукции на складах, в т.ч. в Москве; - высокое качество продукции Почему выбирают нас? 1. Индивидуальный подход – мы готовы предложить уникальные решения под потребности вашего бизнеса. 2. Качество на первом месте – вся продукция проходит сертификацию и строгий контроль качества. 3. Гибкие условия сотрудничества – мы открыты к переговорам и готовы адаптировать условия. | ПРОФЕССИОНАЛЬНАЯ И БЫТОВАЯ ХИМИЯ",ok,,2026-06-13T06:10:24Z,chemicos-joomla-catalog-v1.0.0
ChemiCos 2026,Компания «Флора»,Россия,Самарская область,"Россия, 445163, Самарская область, Ставропольский р-н, с Жигули, ул Красное Поселение, зд. 32",92D42,,"ПРОФЕССИОНАЛЬНАЯ И БЫТОВАЯ ХИМИЯ, КОСМЕТИКА, ПЕРСОНАЛЬНАЯ ГИГИЕНА","ООО ""Компания ""Флора"", совместное российско-чешское предприятие с иностранными инвестициями, создано на территории Ставропольского района Самарской области села Жигули 9 ноября 2009 года. Уже более 17 лет компания занимается производством и реализацией жидких моющих, чистящих и дезинфицирующих средств для нужд населения и предприятий РФ и ближнего зарубежья. В конце 2025г Компания Флора запустила линию по производству кремов для рук и тела. Большие производственные мощности, инновационное современное технологическое оборудование как российских, так и зарубежных производителей, на котором работают квалифицированные специалисты, проверенное импортное сырье, отдушки известных мировых производителей – все это обеспечивает изготовление качественных товаров. Компания ""Флора"" одна из первых российских производителей, внедрившая в процесс производства продукт нанотехнологии ""Nanosilver"".",,http://Floratlt.ru,florazavod@ya.ru,+7(927)268-28-68,https://chemicos.ru/ru/company-card-axe?sendcompany=5728,5728,К,"ООО ""Компания ""Флора"", совместное российско-чешское предприятие с иностранными инвестициями, создано на территории Ставропольского района Самарской области села Жигули 9 ноября 2009 года. Уже более 17 лет компания занимается производством и реализацией жидких моющих, чистящих и дезинфицирующих средств для нужд населения и предприятий РФ и ближнего зарубежья. В конце 2025г Компания Флора запустила линию по производству кремов для рук и тела. Большие производственные мощности, инновационное современное технологическое оборудование как российских, так и зарубежных производителей, на котором работают квалифицированные специалисты, проверенное импортное сырье, отдушки известных мировых производит",ok,,2026-06-13T06:10:24Z,chemicos-joomla-catalog-v1.0.0
ChemiCos 2026,Конаково,Россия,Конаково,"Россия, 171256, Тверская обл., м.о. Конаковский, г. Конаково, улица Восточно-Промышленный район, 3Д. 3Б",91F14,,ПЕРСОНАЛЬНАЯ ГИГИЕНА,"АО «КОНАКОВО» – российский производитель средств гигиены для детей и взрослых. Наш производственный комплекс оснащен самым современным и высокотехнологичным оборудованием. В ассортименте представлены товары торговых марок «ПЛАНЕТА МИНИЗАВРОВ» и «ЛЮБИ!»: подгузники и трусики детские одноразовые, пеленки детские одноразовые, салфетки, ватные палочки, ватные диски, прокладки женские гигиенические и др.",ПЛАНЕТА МИНИЗАВРОВ; ЛЮБИ!,http://www.конаково.рус,,+7 (495) 664-58-83,https://chemicos.ru/ru/company-card-axe?sendcompany=5875,5875,К,"АО «КОНАКОВО» – российский производитель средств гигиены для детей и взрослых. Наш производственный комплекс оснащен самым современным и высокотехнологичным оборудованием. В ассортименте представлены товары торговых марок «ПЛАНЕТА МИНИЗАВРОВ» и «ЛЮБИ!»: подгузники и трусики детские одноразовые, пеленки детские одноразовые, салфетки, ватные палочки, ватные диски, прокладки женские гигиенические и др. | ПЕРСОНАЛЬНАЯ ГИГИЕНА | ПЛАНЕТА МИНИЗАВРОВ; ЛЮБИ!",ok,,2026-06-13T06:10:24Z,chemicos-joomla-catalog-v1.0.0
ChemiCos 2026,КОРО,Россия,Калуга ул. Комсомольская роща 39 стр. 111,"Россия, г.Калуга ул. Комсомольская роща 39 стр. 111",92F22,,"ПРОФЕССИОНАЛЬНАЯ И БЫТОВАЯ ХИМИЯ, ПЕРСОНАЛЬНАЯ ГИГИЕНА, ТОВАРЫ ДЛЯ КРАСОТЫ И ЗДОРОВЬЯ, CHEMICOS INDUSTRY","Компания КОРО занимается контрактным производством БЫТОВОЙ ХИМИИ: - парфюмированные кондиционеры для белья, - гели для стирки - средства для посуды - гели для душа - жидкое мыло - чистящие и моющие средства www.devigrup.ru Так же КОРО является производителем ЛИНИЙ РОЗЛИВА для бытовой и профессионально химии, автохимии, чистящих и моющих средств. Изготавливаем линии из нержавейки AISI 304 и AISI 316. из PVC, ТИТАНА для агрессивных продуктов (щелочей, кислот, гипохлорита). www.koro40.ru.",,"http://www.devigrup.ru, www.koro40.ru",Koro40@yandex.ru,89023987682,https://chemicos.ru/ru/company-card-axe?sendcompany=5890,5890,К,"Компания КОРО занимается контрактным производством БЫТОВОЙ ХИМИИ: - парфюмированные кондиционеры для белья, - гели для стирки - средства для посуды - гели для душа - жидкое мыло - чистящие и моющие средства www.devigrup.ru Так же КОРО является производителем ЛИНИЙ РОЗЛИВА для бытовой и профессионально химии, автохимии, чистящих и моющих средств. Изготавливаем линии из нержавейки AISI 304 и AISI 316. из PVC, ТИТАНА для агрессивных продуктов (щелочей, кислот, гипохлорита). www.koro40.ru. | ПРОФЕССИОНАЛЬНАЯ И БЫТОВАЯ ХИМИЯ, ПЕРСОНАЛЬНАЯ ГИГИЕНА, ТОВАРЫ ДЛЯ КРАСОТЫ И ЗДОРОВЬЯ, CHEMICOS INDUSTRY",ok,,2026-06-13T06:10:24Z,chemicos-joomla-catalog-v1.0.0
ChemiCos 2026,Лаборатория КАТРИН,Россия,Челябинск,"Россия, 454082, Россия, город Челябинск, Троицкий тракт, дом 74, офис 10",91G11,,"ПРОФЕССИОНАЛЬНАЯ И БЫТОВАЯ ХИМИЯ, КОСМЕТИКА, ПЕРСОНАЛЬНАЯ ГИГИЕНА, ТОВАРЫ ДЛЯ КРАСОТЫ И ЗДОРОВЬЯ","ООО «Лаборатория Катрин» производитель косметической продукции и бытовой химии Мы создаём красоту и уют с любовью и вниманием к деталям. С 2001 года наша философия остаётся неизменной: косметика и средства для дома должны быть не просто полезными, но и дарить радость, лёгкость и вдохновение. Наше производство работает с 2001 года и объединяет современные технологии, строгий контроль качества и творческий подход.",,http://katrin-lab.ru,zakaz@katrin-lab.ru,8-351-245-99-16 (15),https://chemicos.ru/ru/company-card-axe?sendcompany=5752,5752,Л,"ООО «Лаборатория Катрин» производитель косметической продукции и бытовой химии Мы создаём красоту и уют с любовью и вниманием к деталям. С 2001 года наша философия остаётся неизменной: косметика и средства для дома должны быть не просто полезными, но и дарить радость, лёгкость и вдохновение. Наше производство работает с 2001 года и объединяет современные технологии, строгий контроль качества и творческий подход. | ПРОФЕССИОНАЛЬНАЯ И БЫТОВАЯ ХИМИЯ, КОСМЕТИКА, ПЕРСОНАЛЬНАЯ ГИГИЕНА, ТОВАРЫ ДЛЯ КРАСОТЫ И ЗДОРОВЬЯ",ok,,2026-06-13T06:10:24Z,chemicos-joomla-catalog-v1.0.0
ChemiCos 2026,Лаборатория Монздрав,Россия,Королёв,"Россия, Московская обл., г.Королёв,",91A14,,"КОСМЕТИКА, ПЕРСОНАЛЬНАЯ ГИГИЕНА","Лаборатория Монздрав – контрактное производство и разработка косметики под ключ. Мы создаём средства для лица, тела и волос: от идеи, формулы и подбора сырья до выпуска готовой партии с полным пакетом документов. Собственная лаборатория, опытные технологи, гибкие объёмы, сопровождение бренда на всех этапах и прозрачный подход к работе.",Первая Монастырская Здравница; Black Milk,http://Изготовление-косметики.рф,dir@monzdrav.ru,79777280272,https://chemicos.ru/ru/company-card-axe?sendcompany=5712,5712,Л,"Лаборатория Монздрав – контрактное производство и разработка косметики под ключ. Мы создаём средства для лица, тела и волос: от идеи, формулы и подбора сырья до выпуска готовой партии с полным пакетом документов. Собственная лаборатория, опытные технологи, гибкие объёмы, сопровождение бренда на всех этапах и прозрачный подход к работе. | КОСМЕТИКА, ПЕРСОНАЛЬНАЯ ГИГИЕНА | Первая Монастырская Здравница; Black Milk",ok,,2026-06-13T06:10:24Z,chemicos-joomla-catalog-v1.0.0
ChemiCos 2026,ЛЕНПЛАСТПОЛИМЕР,Россия,Санкт-Петербург,"195030, Россия, Санкт-Петербург, Коммуны ул., Д. 61, Литера А, Помещение 19-Н, Офис 4",92C72,,ПЕРСОНАЛЬНАЯ ГИГИЕНА,"Производство зубных щеток, проекты «частная марка».",ЛПП; МАКС,http://lenplast-pиo.ru,mp-makc@mail.ru,+7(812) 574-35-68,https://chemicos.ru/ru/company-card-axe?sendcompany=5709,5709,Л,"Производство зубных щеток, проекты «частная марка». | ПЕРСОНАЛЬНАЯ ГИГИЕНА | ЛПП; МАКС",ok,,2026-06-13T06:10:24Z,chemicos-joomla-catalog-v1.0.0
ChemiCos 2026,Либай,Россия,Смоленская обл.,"Россия, 215110, Смоленская обл., Вяземский р-н, г Вязьма, Комсомольская ул., д. 150",91A32,,ПРОФЕССИОНАЛЬНАЯ И БЫТОВАЯ ХИМИЯ,"Завод по производству бытовой химии (капсулы и гели для стирки, кислородные пятновыводители, жидкие кондиционеры). Направления деятельности компании: готовая продукция собственного бренда, стм, ритейлы, маркетплейсы.",Chifny; YUSUF NI; Pahnli,http://,Libai30072024@mail.ru,89256444226,https://chemicos.ru/ru/company-card-axe?sendcompany=5876,5876,Л,"Завод по производству бытовой химии (капсулы и гели для стирки, кислородные пятновыводители, жидкие кондиционеры). Направления деятельности компании: готовая продукция собственного бренда, стм, ритейлы, маркетплейсы. | ПРОФЕССИОНАЛЬНАЯ И БЫТОВАЯ ХИМИЯ | Chifny; YUSUF NI; Pahnli",ok,,2026-06-13T06:10:24Z,chemicos-joomla-catalog-v1.0.0
ChemiCos 2026,Маскота,Беларусь,Минская обл.,"Республика Беларусь 222210, Минская обл., Смолевичский р-н, Китайско-Белорусский индустриальный парк «Великий камень», пр-т Минский д.32 корп.B3 пом. 101",91E32,,"ПРОФЕССИОНАЛЬНАЯ И БЫТОВАЯ ХИМИЯ, ПЕРСОНАЛЬНАЯ ГИГИЕНА","ООО «Маскота» – белорусский производитель синтетических моющих средств высокого качества. С 2024 года компания является резидентом Китайско-Белорусского индустриального парка «Великий камень», на территории которого размещены собственная лаборатория и производственный комплекс. Производственные мощности включают 4 линии: прессованную, капсулированную, жидкую и сыпучую. Портфель компании насчитывает 72 SKU и более 100 разработанных рецептур. Ежемесячный объём выпуска составляет свыше 300 тонн продукции.",FASTBUY,http://fastbuy365.by,info@maskota.by,375291654147,https://chemicos.ru/ru/company-card-axe?sendcompany=5856,5856,М,"ООО «Маскота» – белорусский производитель синтетических моющих средств высокого качества. С 2024 года компания является резидентом Китайско-Белорусского индустриального парка «Великий камень», на территории которого размещены собственная лаборатория и производственный комплекс. Производственные мощности включают 4 линии: прессованную, капсулированную, жидкую и сыпучую. Портфель компании насчитывает 72 SKU и более 100 разработанных рецептур. Ежемесячный объём выпуска составляет свыше 300 тонн продукции. | ПРОФЕССИОНАЛЬНАЯ И БЫТОВАЯ ХИМИЯ, ПЕРСОНАЛЬНАЯ ГИГИЕНА | FASTBUY",ok,,2026-06-13T06:10:24Z,chemicos-joomla-catalog-v1.0.0
ChemiCos 2026,МАСТ,Россия,Ярославль,"Россия, Ярославль, ул. Угличская, 12",91C11,,CHEMICOS INDUSTRY,"7 лет МАСТ занимается промышленной автоматизацией. Начав с маркировки и сериализации под требования Честного ЗНАКа, Электронного знака и других систем, сегодня мы предлагаем под ключ: 1. Оборудование - готовое к работе 2. Собственное программное обеспечение DMC - интуитивно понятное и только под ваши задачи 3. Интеграцию с 1С, ERP, WMS и другими специализированными программами 4. Запуск без сюрпризов - проверка в реальном цикле 5. Обучение и доработку, когда меняются требования 6. Техподдержку 365/24/7.",,http://prom-mact.ru/,markirovka@mact.ru,(4852)58-14-58,https://chemicos.ru/ru/company-card-axe?sendcompany=5710,5710,М,"7 лет МАСТ занимается промышленной автоматизацией. Начав с маркировки и сериализации под требования Честного ЗНАКа, Электронного знака и других систем, сегодня мы предлагаем под ключ: 1. Оборудование - готовое к работе 2. Собственное программное обеспечение DMC - интуитивно понятное и только под ваши задачи 3. Интеграцию с 1С, ERP, WMS и другими специализированными программами 4. Запуск без сюрпризов - проверка в реальном цикле 5. Обучение и доработку, когда меняются требования 6. Техподдержку 365/24/7. | CHEMICOS INDUSTRY",ok,,2026-06-13T06:10:24Z,chemicos-joomla-catalog-v1.0.0
ChemiCos 2026,МВ ГИГИЕНА,Россия,П. Город Кондрово,"Россия, 249833, Калужская Область, М.Р-Н Дзержинский, Г.П. Город Кондрово, г. Кондрово, ул Красный Октябрь, Зд. 6а, Каб. 7",91F22,,ПЕРСОНАЛЬНАЯ ГИГИЕНА,"ООО ""МВ ГИГИЕНА"" - активно развивающаяся производственная компания. Наша деятельность направлена на производство социально значимых товаров: средства женской гигиены (различные виды прокладок, в том числе урологические), мочеприемники. Производство оснащено современными производственными линиями, которые созданы ведущими европейскими компаниями - лучшими в мире производителями оборудования. Наша продукция - прокладки женские гигиенические под маркой ""MEED"" разработаны в соответствии с требованиями ГОСТ1. Рекомендованы для применения в медицинской практике и имеют Регистрационное удостоверение Росздравнадзора. Мобильный мочеприемник «МобиПисс» является продуктом урологического направления и предназначен для мужчин. Данный продукт уникален и не имеет аналогов на российском рынке. Также компания предлагает серию средств личной гигиены итальянского производителя Coswell под брендом «Bionsen», а именно дезодоранты для всех типов кожи в виде спреев, роликов и стика. Продукция не содержит алюминия и парабенов. Проверена дерматологами.",,http://,info@mv-hygiene.rywww.mv-hygiene.ru,+7-985-924-71-50,https://chemicos.ru/ru/company-card-axe?sendcompany=5754,5754,М,"ООО ""МВ ГИГИЕНА"" - активно развивающаяся производственная компания. Наша деятельность направлена на производство социально значимых товаров: средства женской гигиены (различные виды прокладок, в том числе урологические), мочеприемники. Производство оснащено современными производственными линиями, которые созданы ведущими европейскими компаниями - лучшими в мире производителями оборудования. Наша продукция - прокладки женские гигиенические под маркой ""MEED"" разработаны в соответствии с требованиями ГОСТ1. Рекомендованы для применения в медицинской практике и имеют Регистрационное удостоверение Росздравнадзора. Мобильный мочеприемник «МобиПисс» является продуктом урологического направления и п",ok,,2026-06-13T06:10:24Z,chemicos-joomla-catalog-v1.0.0
ChemiCos 2026,МВС Мехатроника,Россия,Уфа,"Россия, г. Уфа, ул. Гвардейская д. 55Б",92C14,,CHEMIPACK,"МВС Мехатроника – современная инженерно-производственная компания, основным видом деятельности которой является проектирование и изготовление оборудования для фасовки жидких материалов, в т. ч. вязких и густых соединений в различную тару, объемом от 10 миллилитров до 1000 литров с высокой точностью, и упаковочного оборудования. Компания является резидентом индустриального парка «ПромЦентр» г. Уфа, владеет полным циклом производства оборудования.",,http://www.mvsufa.ru,info@mvsufa.ru,+7 (347) 294-99-22,https://chemicos.ru/ru/company-card-axe?sendcompany=5860,5860,М,"МВС Мехатроника – современная инженерно-производственная компания, основным видом деятельности которой является проектирование и изготовление оборудования для фасовки жидких материалов, в т. ч. вязких и густых соединений в различную тару, объемом от 10 миллилитров до 1000 литров с высокой точностью, и упаковочного оборудования. Компания является резидентом индустриального парка «ПромЦентр» г. Уфа, владеет полным циклом производства оборудования. | CHEMIPACK",ok,,2026-06-13T06:10:24Z,chemicos-joomla-catalog-v1.0.0
ChemiCos 2026,"МЕДИАНА-ФИЛЬТР, НПК",Россия,Москва,"Россия, г. Москва, ул. Ткацкая, д.5",92C21,,CHEMICOS INDUSTRY,"АО «НПК МЕДИАНА-ФИЛЬТР» с 1997 года обеспечивает полный цикл услуг в водоподготовке: от инжиниринга и поставки до аудита и сервисного сопровождения для производителей парфюмерно-косметической отрасли. Собственное производство в РФ ежегодно выпускает десятки установок: серийные установки обратного осмоса, лабораторные установки, крупные промышленные комплексы. Технические решения адаптируются под каждое производство, разрабатываются в том числе с учетом стандартов GMP.",МЕДИАНА-ФИЛЬТР; АКВАЛАБ,http://www.mediana-filter.ru,info@mediana-filter.ru,+7(495)660-07-71,https://chemicos.ru/ru/company-card-axe?sendcompany=5896,5896,М,"АО «НПК МЕДИАНА-ФИЛЬТР» с 1997 года обеспечивает полный цикл услуг в водоподготовке: от инжиниринга и поставки до аудита и сервисного сопровождения для производителей парфюмерно-косметической отрасли. Собственное производство в РФ ежегодно выпускает десятки установок: серийные установки обратного осмоса, лабораторные установки, крупные промышленные комплексы. Технические решения адаптируются под каждое производство, разрабатываются в том числе с учетом стандартов GMP. | CHEMICOS INDUSTRY | МЕДИАНА-ФИЛЬТР; АКВАЛАБ",ok,,2026-06-13T06:10:24Z,chemicos-joomla-catalog-v1.0.0
ChemiCos 2026,Меридиан,Иран,Москва,"Россия, г. Москва, пр-т Мира 101 с.1",91D51,,"ПРОФЕССИОНАЛЬНАЯ И БЫТОВАЯ ХИМИЯ, КОСМЕТИКА, ПЕРСОНАЛЬНАЯ ГИГИЕНА","ООО «Меридиан» входит в состав крупнейшего иранского холдинга «Golrang industrial Group», включающего почти 100 дочерних компаний национального и международного уровня из различных отраслей бизнеса - производства и дистрибуции товаров для гигиены, нефтехимии и горнодобывающей промышленности, энергетики и строительства. В портфеле Golrang свыше 100 известных брендов, в том числе Ave, Baby Pino, Merident, Eurocell, экспортирующих свою продукцию в более чем 20 стран, в том числе в Россию, СНГ и арабские страны.",AVE; Pino Baby; EUROCELL; Merident,http://meridian110.ru,info@meridian110.ru,74956401841,https://chemicos.ru/ru/company-card-axe?sendcompany=5737,5737,М,"ООО «Меридиан» входит в состав крупнейшего иранского холдинга «Golrang industrial Group», включающего почти 100 дочерних компаний национального и международного уровня из различных отраслей бизнеса - производства и дистрибуции товаров для гигиены, нефтехимии и горнодобывающей промышленности, энергетики и строительства. В портфеле Golrang свыше 100 известных брендов, в том числе Ave, Baby Pino, Merident, Eurocell, экспортирующих свою продукцию в более чем 20 стран, в том числе в Россию, СНГ и арабские страны. | ПРОФЕССИОНАЛЬНАЯ И БЫТОВАЯ ХИМИЯ, КОСМЕТИКА, ПЕРСОНАЛЬНАЯ ГИГИЕНА | AVE; Pino Baby; EUROCELL; Merident",ok,,2026-06-13T06:10:24Z,chemicos-joomla-catalog-v1.0.0
ChemiCos 2026,МЕТАЛЛСТРОЙМАШ,Россия,Краснодар,"Россия, г. Краснодар, ул. Новороссийская, д. 220, литер А",92E31,,CHEMICOS INDUSTRY,"Машиностроительная компания «МЕТАЛЛСТРОЙМАШ» зарекомендовала себя как один из ведущих производителей оборудования из нержавеющей стали для ключевых отраслей промышленности. Компания неустанно расширяет свои горизонты, предлагая широкий спектр продукции, ориентированный как на традиционные сектора пищевой промышленности, так и на инновационные направления, включая фармацевтику и косметологию. Широкий ассортимент оборудования включает в себя емкостное и технологическое оборудование для фармацевтики и косметологического производства. Благодаря собственному производству и строгому контролю качества на всех этапах производства, «МЕТАЛЛСТРОЙМАШ» гарантирует высокую надежность и эффективность предлагаемого оборудования.",,http://msk-msm.ru,sale@msk-msm.ru,78612313505,https://chemicos.ru/ru/company-card-axe?sendcompany=5818,5818,М,"Машиностроительная компания «МЕТАЛЛСТРОЙМАШ» зарекомендовала себя как один из ведущих производителей оборудования из нержавеющей стали для ключевых отраслей промышленности. Компания неустанно расширяет свои горизонты, предлагая широкий спектр продукции, ориентированный как на традиционные сектора пищевой промышленности, так и на инновационные направления, включая фармацевтику и косметологию. Широкий ассортимент оборудования включает в себя емкостное и технологическое оборудование для фармацевтики и косметологического производства. Благодаря собственному производству и строгому контролю качества на всех этапах производства, «МЕТАЛЛСТРОЙМАШ» гарантирует высокую надежность и эффективность предл",ok,,2026-06-13T06:10:24Z,chemicos-joomla-catalog-v1.0.0
ChemiCos 2026,"МираксБиоФарма, АО",Россия,Москва,"Россия, 121059, г. Москва, ул. Брянская, д. 5 / Moscow, 5 Bryanskaya St.",91E42,,"КОСМЕТИКА, ПЕРСОНАЛЬНАЯ ГИГИЕНА, ТОВАРЫ ДЛЯ КРАСОТЫ И ЗДОРОВЬЯ, CHEMICOS INDUSTRY","МираксБиоФарма – современная российская фармацевтическая компания, основанная в 2005 году. Компания успешно сочетает разработку и производство собственной продукции с предоставлением услуг контрактного производства. В своей деятельности «МираксБиоФарма» опирается на современные технологии и высокую экспертизу своей команды, что позволяет эффективно трансформировать научные идеи в востребованные продукты. «МираксБиоФарма» сертифицирована по международным стандартам GMP и работает как с российскими, так и с зарубежными компаниями.",МБФ; Вазидим; Лирвак; Маммофем; Промонорман; Просгармин; Фитоавиа; Фитотревел; Фемоверде; Цезаримин; Эгаллохит; ЭтернаВита; MBP; Vazidim; Lirvak; Mammofem; Promonorman; Prosgarmine; Phytoavia; Phytotravel; Femoverde; Cezarimin; Egallohit; EternaVita,http://mbpharma.ru,info@mbpharma.ru,+7 (495) 721-20-58,https://chemicos.ru/ru/company-card-axe?sendcompany=5893,5893,М,"МираксБиоФарма – современная российская фармацевтическая компания, основанная в 2005 году. Компания успешно сочетает разработку и производство собственной продукции с предоставлением услуг контрактного производства. В своей деятельности «МираксБиоФарма» опирается на современные технологии и высокую экспертизу своей команды, что позволяет эффективно трансформировать научные идеи в востребованные продукты. «МираксБиоФарма» сертифицирована по международным стандартам GMP и работает как с российскими, так и с зарубежными компаниями. | КОСМЕТИКА, ПЕРСОНАЛЬНАЯ ГИГИЕНА, ТОВАРЫ ДЛЯ КРАСОТЫ И ЗДОРОВЬЯ, CHEMICOS INDUSTRY | МБФ; Вазидим; Лирвак; Маммофем; Промонорман; Просгармин; Фитоавиа; Фитотревел; ",ok,,2026-06-13T06:10:24Z,chemicos-joomla-catalog-v1.0.0
ChemiCos 2026,МираЛюкс,Россия,о.Пермский,"614010, Российская Федерация, Пермский край, г.о.Пермский, г. Пермь, ул.Героев Хасана, 34, офис 310 +7 (902) 474 05 48",92G13,,,"МираЛюкс – ваш надежный партнер в создании успешной продукции. Мы специализируемся на комплексном контрактном производстве косметики и бытовой химии. Наше предложение – это не просто фасовка, а полный цикл услуг: от разработки уникальной рецептуры, пресс-формы и дизайна упаковки до отгрузки готового брендированного продукта. Наша миссия – обеспечить безупречное качество на каждом этапе, создавая прочную основу для успеха вашей торговой марки. Мы приглашаем к сотрудничеству дистрибьюторов и заказчиков СТМ. Давайте создавать успех вместе!",Bioxan; MUA MUA MUA,http://,comdir@miraluxe.ryinfo,+7 (912) 789 67 33,https://chemicos.ru/ru/company-card-axe?sendcompany=5811,5811,М,"МираЛюкс – ваш надежный партнер в создании успешной продукции. Мы специализируемся на комплексном контрактном производстве косметики и бытовой химии. Наше предложение – это не просто фасовка, а полный цикл услуг: от разработки уникальной рецептуры, пресс-формы и дизайна упаковки до отгрузки готового брендированного продукта. Наша миссия – обеспечить безупречное качество на каждом этапе, создавая прочную основу для успеха вашей торговой марки. Мы приглашаем к сотрудничеству дистрибьюторов и заказчиков СТМ. Давайте создавать успех вместе! | Bioxan; MUA MUA MUA",ok,,2026-06-13T06:10:24Z,chemicos-joomla-catalog-v1.0.0
ChemiCos 2026,Модум-Техно,Беларусь,Республика Беларусь Минск,"Республика Беларусь Минск, ул. Володько, 6/8 +375 17 375-72-87",92F13,,CHEMICOS INDUSTRY,"Компания ООО «Модум-Техно» осуществляет проектирование и изготовление серийного и нестандартного оборудования для 5 отдельных отраслей – косметической, фармацевтической, химической, пищевой и строительных материалов. Выполняем комплексные проекты по техническому перевооружению и модернизации действующих производств для расширения линейки выпускаемой продукции, повышения производительности оборудования, снижения издержек, автоматизации технологических процессов с использованием собственного программного обеспечения. Мы также выпускаем нестандартное оборудование под специальные требования заказчика. Такое контрактное взаимодействие с заказчиками реализуется на комплексной основе - проведение НИОКР, разработка проекта и технологической схемы выпуска продукции, соответствующей индивидуальным требованиям заказчика, проектирование оборудования и согласование его конструкции с заказчиком.",,http://www.modum-techno.by,office@modum-techno.by,+375 17 361-85-98,https://chemicos.ru/ru/company-card-axe?sendcompany=5711,5711,М,"Компания ООО «Модум-Техно» осуществляет проектирование и изготовление серийного и нестандартного оборудования для 5 отдельных отраслей – косметической, фармацевтической, химической, пищевой и строительных материалов. Выполняем комплексные проекты по техническому перевооружению и модернизации действующих производств для расширения линейки выпускаемой продукции, повышения производительности оборудования, снижения издержек, автоматизации технологических процессов с использованием собственного программного обеспечения. Мы также выпускаем нестандартное оборудование под специальные требования заказчика. Такое контрактное взаимодействие с заказчиками реализуется на комплексной основе - проведение Н",ok,,2026-06-13T06:10:24Z,chemicos-joomla-catalog-v1.0.0
ChemiCos 2026,МЭЗОПЛАСТ,Россия,Москва,"Россия, 115088, г.Москва, 2-ой Южнопортовый проезд, дом 35",91F11,,КОСМЕТИКА,"1. Создание рецептур на косметическую продукцию и бытовую химию как с нуля, так и корректировка и совершенствование имеющихся! 2. Контрактное производство продукции: полный цикл подбора и закупки сырья и материалов или работа с давальческими материалами производство смеси под контролем опытных технологов высшего класса фасовка произведенной смеси под контролем представителей службы качества.",,http://mezoplast.ru,e.genevskiy@delfinrus.com,79636442726,https://chemicos.ru/ru/company-card-axe?sendcompany=5834,5834,М,"1. Создание рецептур на косметическую продукцию и бытовую химию как с нуля, так и корректировка и совершенствование имеющихся! 2. Контрактное производство продукции: полный цикл подбора и закупки сырья и материалов или работа с давальческими материалами производство смеси под контролем опытных технологов высшего класса фасовка произведенной смеси под контролем представителей службы качества. | КОСМЕТИКА",ok,,2026-06-13T06:10:24Z,chemicos-joomla-catalog-v1.0.0
ChemiCos 2026,НАКЛЕЙКИ ЗА КОПЕЙКИ,Россия,,"Россия, Курск ул. Литовская д.41",91C13,,"ТОВАРЫ ДЛЯ КРАСОТЫ И ЗДОРОВЬЯ, CHEMIPACK","Производство полного цикла. На рынке с 2017 года. - Изготовливаем наклейки различных типов (глянцевые, матовые, объёмные, голографические, с ламинацией, вырубные). Так же: - Рекламные конструкции (баннеры, вывески) - Изделия из пластика, ПВХ и акрила (таблички, указатели, наградная продукция) - Наносим изображений на сувенирные изделия (кружки, магниты, чехлы, брелоки). Полный производственный цикл на собственных мощностях - тираж от 1 шт, - Срок произодства от 1 дня, бесплатные пробные образцы - бесплатная доставка - индивидуальный подход на каждом этапе, штат дизайнеров-профессионалов.",НАКЛЕЙКИ ЗА КОПЕЙКИ - NZK,http://nakleiki-optom.ru,nzkevgeniya@yandex.ru,"+7-910-210-11-11, +7 9807921111",https://chemicos.ru/ru/company-card-axe?sendcompany=5825,5825,Н,"Производство полного цикла. На рынке с 2017 года. - Изготовливаем наклейки различных типов (глянцевые, матовые, объёмные, голографические, с ламинацией, вырубные). Так же: - Рекламные конструкции (баннеры, вывески) - Изделия из пластика, ПВХ и акрила (таблички, указатели, наградная продукция) - Наносим изображений на сувенирные изделия (кружки, магниты, чехлы, брелоки). Полный производственный цикл на собственных мощностях - тираж от 1 шт, - Срок произодства от 1 дня, бесплатные пробные образцы - бесплатная доставка - индивидуальный подход на каждом этапе, штат дизайнеров-профессионалов. | ТОВАРЫ ДЛЯ КРАСОТЫ И ЗДОРОВЬЯ, CHEMIPACK | НАКЛЕЙКИ ЗА КОПЕЙКИ - NZK",ok,,2026-06-13T06:10:24Z,chemicos-joomla-catalog-v1.0.0
ChemiCos 2026,Неваторг,Россия,Санкт-Петербург,"Россия, город Санкт-Петербург, ул. Дибуновская, дом 50, литера А, пом 96Н, офис 208",92A12,,"КОСМЕТИКА, ТОВАРЫ ДЛЯ КРАСОТЫ И ЗДОРОВЬЯ, CHEMICOS INDUSTRY","ООО «Неваторг» – дистрибьютор сырья для химического, фармацевтического и косметического производств. Мы поставляем широкий спектр ингредиентов: пептиды, косметические кислоты, оборудование для лабораторий и производственных линий. В условиях санкций успешно доставляем дефицитные позиции от мировых брендов. Наша ключевая задача – обеспечение российских производителей наилучшими компонентами в любых условиях.",Basf; Ajinomoto; Maruzen Pharmaceuticals; Momentive Performance Materials; Merck; Lubrizol; Southern Cross Botanicals; Tinci; Croda; Sederma; AC.NET; Cosmacol; Superox-C; DOWSIL™ 9576; Velvesil E-Gel; Prodew; DS-CERAmix-V; Amihope LL,http://www.nevatorg.com,info@nevatorg.com,8 (812) 490-76-28,https://chemicos.ru/ru/company-card-axe?sendcompany=5852,5852,Н,"ООО «Неваторг» – дистрибьютор сырья для химического, фармацевтического и косметического производств. Мы поставляем широкий спектр ингредиентов: пептиды, косметические кислоты, оборудование для лабораторий и производственных линий. В условиях санкций успешно доставляем дефицитные позиции от мировых брендов. Наша ключевая задача – обеспечение российских производителей наилучшими компонентами в любых условиях. | КОСМЕТИКА, ТОВАРЫ ДЛЯ КРАСОТЫ И ЗДОРОВЬЯ, CHEMICOS INDUSTRY | Basf; Ajinomoto; Maruzen Pharmaceuticals; Momentive Performance Materials; Merck; Lubrizol; Southern Cross Botanicals; Tinci; Croda; Sederma; AC.NET; Cosmacol; Superox-C; DOWSIL™ 9576; Velvesil E-Gel; Prodew; DS-CERAmix-V; Am",ok,,2026-06-13T06:10:24Z,chemicos-joomla-catalog-v1.0.0
ChemiCos 2026,НЕО Кемикал,Россия,Дзержинск,"Россия, 606037, Нижегородская обл., г. Дзержинск, ул.Петрищева, 35а, п.5",92E11,,"CHEMICOS INDUSTRY, CHEMIPACK","Ведущий поставщик сырья для производства косметики и бытовой химии. Более 20 лет на рынке. Широкая логистика поставок: офисы в 12 городах и 24 склада, включая СНГ. Оперативно реагируем на изменения рынка, разрабатываем новые стратегии. Ассортимент: активы, загустители, кислоты, комплексообразователи, кондиционирующие агенты, консерванты, красители, очистители, ПАВы, растворители, силиконы, стабилизаторы, сырье для автохимии, увлажнители, УФ-фильтры, энзимы, эмоленты, эмульгаторы.",KALE CARE CHEMICALS; ILMOR KIMYA; GALAXY CHEMICALS; SHANGHAI BINJIA; SINOLIGHT SHAOXING CHEMICALS; JIAXING ZANYU; TECHNOLOGY; KUMAR ORGANIC; Infinita; ENASPOL; Aarti Surfactants Limited; VVF; Wilfarol; JINKE,http://www.neochemical.ru,contact@neochemical.ru,8-800-301-15-88,https://chemicos.ru/ru/company-card-axe?sendcompany=5809,5809,Н,"Ведущий поставщик сырья для производства косметики и бытовой химии. Более 20 лет на рынке. Широкая логистика поставок: офисы в 12 городах и 24 склада, включая СНГ. Оперативно реагируем на изменения рынка, разрабатываем новые стратегии. Ассортимент: активы, загустители, кислоты, комплексообразователи, кондиционирующие агенты, консерванты, красители, очистители, ПАВы, растворители, силиконы, стабилизаторы, сырье для автохимии, увлажнители, УФ-фильтры, энзимы, эмоленты, эмульгаторы. | CHEMICOS INDUSTRY, CHEMIPACK | KALE CARE CHEMICALS; ILMOR KIMYA; GALAXY CHEMICALS; SHANGHAI BINJIA; SINOLIGHT SHAOXING CHEMICALS; JIAXING ZANYU; TECHNOLOGY; KUMAR ORGANIC; Infinita; ENASPOL; Aarti Surfactants Limi",ok,,2026-06-13T06:10:24Z,chemicos-joomla-catalog-v1.0.0
ChemiCos 2026,НИИМЕСТПРОМ,Россия,Нижний Новгород,"Россия, г. Нижний Новгород, ул. Маршала Казакова д. 3А",91G61,,"ПРОФЕССИОНАЛЬНАЯ И БЫТОВАЯ ХИМИЯ, ПЕРСОНАЛЬНАЯ ГИГИЕНА","ОАО «НИИМЕСТПРОМ» активно участвует в международных выставках по направлению бытовой химии, где демонстрирует достижения отечественного производства и представляет продукцию, востребованную как на российском, так и на международном рынке.",ЛИМЭП,http://niimestprom@yandex.ru,2411732_2010@mail.ru,89601615107,https://chemicos.ru/ru/company-card-axe?sendcompany=5764,5764,Н,"ОАО «НИИМЕСТПРОМ» активно участвует в международных выставках по направлению бытовой химии, где демонстрирует достижения отечественного производства и представляет продукцию, востребованную как на российском, так и на международном рынке. | ПРОФЕССИОНАЛЬНАЯ И БЫТОВАЯ ХИМИЯ, ПЕРСОНАЛЬНАЯ ГИГИЕНА | ЛИМЭП",ok,,2026-06-13T06:10:24Z,chemicos-joomla-catalog-v1.0.0
ChemiCos 2026,НИОПИК,Россия,о. Долгопрудный,"Россия, 141701, Московская область, г.о. Долгопрудный, г. Долгопрудный, проезд Лихачевский, д. 7, стр. 1 +7 (495) 408-72-18",92D24,,"ПРОФЕССИОНАЛЬНАЯ И БЫТОВАЯ ХИМИЯ, ПЕРСОНАЛЬНАЯ ГИГИЕНА, CHEMICOS INDUSTRY","НИОПИК – один из крупнейших разработчиков и производителей дезинфицирующих средств в России, предлагающий более 10 наименований на основе различных активных веществ. Производство осуществляется на опытном заводе, который поставляет продукцию для лечебных учреждений, коммунально-бытовых предприятий, общественного питания, торговли и учреждений культуры в Москве и других регионах. Средства защищены 8 патентами РФ. Так же НИОПИК разрабатывает и поставляет на рынок продукты высокомолекулярной химии, включая уникальные ПАВ, ПЭГ с длиной цепочек от 20000, и тп. Вся продукция является эффективным заменителем многих иностранных марок.",Аламинол; Акваминол; Альпинол; Бианол; Ветосепт; Картоцид; Макси-Дез; Макси-Септ; Макси-Стерил; Проксанол; Проксамин; Ламирол; Ниоген Эмуксол.,http://www.dezniopik.ru,info@niopik.ru,+7 (495) 408-81-66,https://chemicos.ru/ru/company-card-axe?sendcompany=5878,5878,Н,"НИОПИК – один из крупнейших разработчиков и производителей дезинфицирующих средств в России, предлагающий более 10 наименований на основе различных активных веществ. Производство осуществляется на опытном заводе, который поставляет продукцию для лечебных учреждений, коммунально-бытовых предприятий, общественного питания, торговли и учреждений культуры в Москве и других регионах. Средства защищены 8 патентами РФ. Так же НИОПИК разрабатывает и поставляет на рынок продукты высокомолекулярной химии, включая уникальные ПАВ, ПЭГ с длиной цепочек от 20000, и тп. Вся продукция является эффективным заменителем многих иностранных марок. | ПРОФЕССИОНАЛЬНАЯ И БЫТОВАЯ ХИМИЯ, ПЕРСОНАЛЬНАЯ ГИГИЕНА, CHEMICO",ok,,2026-06-13T06:10:24Z,chemicos-joomla-catalog-v1.0.0
ChemiCos 2026,НК Казанова 69,Россия,Москва,"Россия, Москва, Дмитровское шоссе, дом 100, строение 2",92G11,,"КОСМЕТИКА, ТОВАРЫ ДЛЯ КРАСОТЫ И ЗДОРОВЬЯ","Национальная компания «Казанова 69» - международная компания, основанная в 1992 году. Мы создаем и развиваем рынок товаров категории sexual wellness в России, Беларуси и Казахстане. Основное направление - B2B-продажи брендов ведущих мировых производителей 18+. Актив включает 2 оптовых офиса (один в Москве), 2 склада, 16 розничных магазинов, интернет-магазин, Музей об ЭТОМ, Тренинг-центр и сеть кофеен. Более 100 профессионалов готовы решать задачи партнеров.",YESforLOV; pjur; Friday Bae; Joydrops; Konix; Petit JouJoux; Womanizer; ARCwave; Romp; We-Wibe; Tenga; Iroha; Magic Motion; Selove; smile makers; Sagami,http://kazanova.su,msk@kazanova.su,8-495-374-63-69,https://chemicos.ru/ru/company-card-axe?sendcompany=5898,5898,Н,"Национальная компания «Казанова 69» - международная компания, основанная в 1992 году. Мы создаем и развиваем рынок товаров категории sexual wellness в России, Беларуси и Казахстане. Основное направление - B2B-продажи брендов ведущих мировых производителей 18+. Актив включает 2 оптовых офиса (один в Москве), 2 склада, 16 розничных магазинов, интернет-магазин, Музей об ЭТОМ, Тренинг-центр и сеть кофеен. Более 100 профессионалов готовы решать задачи партнеров. | КОСМЕТИКА, ТОВАРЫ ДЛЯ КРАСОТЫ И ЗДОРОВЬЯ | YESforLOV; pjur; Friday Bae; Joydrops; Konix; Petit JouJoux; Womanizer; ARCwave; Romp; We-Wibe; Tenga; Iroha; Magic Motion; Selove; smile makers; Sagami",ok,,2026-06-13T06:10:24Z,chemicos-joomla-catalog-v1.0.0
ChemiCos 2026,НОВА,Россия,Санкт-Петербург,"Россия, 196240, Санкт-Петербург, 6-й Предпортовый проезд, д.8, лит.Б",92E51,,CHEMICOS INDUSTRY,"С момента основания в 2004 году компания ""НОВА"" стремится к тому, чтобы стать вашим ключевым партнером в области крупнотоннажных поставок химического сырья. Мы обеспечиваем более 1500 партнеров продукцией высокого качества от крупных европейских и азиатских производителей. Наши клиенты – производители профессиональных и бытовых моющих средств, ЛКМ, автохимии, косметики, средств пожаротушения, а также предприятия, занятые в сфере нефтехимии, агрохимии, водоподготовки и другие. Шесть складов по всей России гарантируют оптимальные условия и скорость поставки.",,http://www.novachem.ru,info@novachem.ru,"+7 (812) 240-01-45, 8 (800) 77-510-77",https://chemicos.ru/ru/company-card-axe?sendcompany=5861,5861,Н,"С момента основания в 2004 году компания ""НОВА"" стремится к тому, чтобы стать вашим ключевым партнером в области крупнотоннажных поставок химического сырья. Мы обеспечиваем более 1500 партнеров продукцией высокого качества от крупных европейских и азиатских производителей. Наши клиенты – производители профессиональных и бытовых моющих средств, ЛКМ, автохимии, косметики, средств пожаротушения, а также предприятия, занятые в сфере нефтехимии, агрохимии, водоподготовки и другие. Шесть складов по всей России гарантируют оптимальные условия и скорость поставки. | CHEMICOS INDUSTRY",ok,,2026-06-13T06:10:24Z,chemicos-joomla-catalog-v1.0.0
ChemiCos 2026,Новая Линия,Россия,,,11G201,,БЫТОВАЯ И ЦИФРОВАЯ ТЕХНИКА,"Техника BQ создана, чтобы делать повседневную жизнь наших покупателей проще и комфортнее. Более 13 лет мы производим бытовую технику и электронику, заслужившую доверие миллионов пользователей. В основе философии BQ – создание качественной техники, сочетающей в себе многофункциональность и современный дизайн. Мы предлагаем инновационные решения, которые встраиваются в повседневную жизнь и дарят комфорт на каждом этапе использования.",,http://www.bq.ru,pr@nlgsm.ru,+7 (800) 500 32 90,https://chemicos.ru/ru/company-card-axe?sendcompany=5079,5079,Н,"Техника BQ создана, чтобы делать повседневную жизнь наших покупателей проще и комфортнее. Более 13 лет мы производим бытовую технику и электронику, заслужившую доверие миллионов пользователей. В основе философии BQ – создание качественной техники, сочетающей в себе многофункциональность и современный дизайн. Мы предлагаем инновационные решения, которые встраиваются в повседневную жизнь и дарят комфорт на каждом этапе использования. | БЫТОВАЯ И ЦИФРОВАЯ ТЕХНИКА",ok,,2026-06-13T06:10:24Z,chemicos-joomla-catalog-v1.0.0
ChemiCos 2026,Новая линия,Россия,Москва,"Россия, г. Москва, Волоколамское шоссе, дом 1, стр. 1",92A13,,"ПРОФЕССИОНАЛЬНАЯ И БЫТОВАЯ ХИМИЯ, КОСМЕТИКА, ПЕРСОНАЛЬНАЯ ГИГИЕНА, ТОВАРЫ ДЛЯ КРАСОТЫ И ЗДОРОВЬЯ, CHEMICOS INDUSTRY","Мы, компания «Новая линия», на рынке уже 29 лет. Представляем многофункциональную систему Roboqbo! С Qbo вы сможете создать любой вид косметики! База: 25 мин Помада: 30 мин Смешивание порошков: 5 мин Тушь для ресниц: 25 мин Бронзер: 15 мин Пенообразующие продукты: 15 мин Эмульсии: 20 мин Жидкая суспензия: 25 мин Солнцезащитный крем: 25 мин Готовы совершить революцию в производстве косметики? Присоединяйтесь к нам на демонстрации работы Qbo на стенде 92А13. Запишитесь на мастер-класс – получите скидку 280 000 рублей!",Roboqbo; Leko Style,http://cosmetic-russia.ru,info@cosmetic-russia.ru,74958004001,https://chemicos.ru/ru/company-card-axe?sendcompany=5862,5862,Н,"Мы, компания «Новая линия», на рынке уже 29 лет. Представляем многофункциональную систему Roboqbo! С Qbo вы сможете создать любой вид косметики! База: 25 мин Помада: 30 мин Смешивание порошков: 5 мин Тушь для ресниц: 25 мин Бронзер: 15 мин Пенообразующие продукты: 15 мин Эмульсии: 20 мин Жидкая суспензия: 25 мин Солнцезащитный крем: 25 мин Готовы совершить революцию в производстве косметики? Присоединяйтесь к нам на демонстрации работы Qbo на стенде 92А13. Запишитесь на мастер-класс – получите скидку 280 000 рублей! | ПРОФЕССИОНАЛЬНАЯ И БЫТОВАЯ ХИМИЯ, КОСМЕТИКА, ПЕРСОНАЛЬНАЯ ГИГИЕНА, ТОВАРЫ ДЛЯ КРАСОТЫ И ЗДОРОВЬЯ, CHEMICOS INDUSTRY | Roboqbo; Leko Style",ok,,2026-06-13T06:10:24Z,chemicos-joomla-catalog-v1.0.0
ChemiCos 2026,НОРВИН,Россия,помещение I,"Россия, 127055 г. Москва, 1-й Тихвинский туп., д. 5-7, помещение I, ком. 4, офис 100",91G12,,"ПРОФЕССИОНАЛЬНАЯ И БЫТОВАЯ ХИМИЯ, ПЕРСОНАЛЬНАЯ ГИГИЕНА","Российская компания NORVIN (НОРВИН) является производителем товаров бытовой химии под собственными торговыми марками и под СТМ. Среди продуктов компании – высокоэффективные средства по уходу за всем домом: в том числе освежители воздуха, средства для стирки, очистители труб и накипи, чистящие и моющие средства широкого спектра и т.д. Собственные производственные площадки позволяют оперативно реагировать на изменения по рынку и удовлетворять различные нюансы. Компанией создана широкая сеть дистрибьюторов по все территории Российской Федерации и СНГ.",Свежинка; Semut; Dr.Norvin,http://www.norvin.ru,market@norvin.ru,8(498)661-91-64,https://chemicos.ru/ru/company-card-axe?sendcompany=5799,5799,Н,"Российская компания NORVIN (НОРВИН) является производителем товаров бытовой химии под собственными торговыми марками и под СТМ. Среди продуктов компании – высокоэффективные средства по уходу за всем домом: в том числе освежители воздуха, средства для стирки, очистители труб и накипи, чистящие и моющие средства широкого спектра и т.д. Собственные производственные площадки позволяют оперативно реагировать на изменения по рынку и удовлетворять различные нюансы. Компанией создана широкая сеть дистрибьюторов по все территории Российской Федерации и СНГ. | ПРОФЕССИОНАЛЬНАЯ И БЫТОВАЯ ХИМИЯ, ПЕРСОНАЛЬНАЯ ГИГИЕНА | Свежинка; Semut; Dr.Norvin",ok,,2026-06-13T06:10:24Z,chemicos-joomla-catalog-v1.0.0
ChemiCos 2026,Норд Кейс,Россия,Санкт-Петербург,"Россия, 199058, г. Санкт-Петербург, вн. тер. г. Муниципальный округ остров Декабристов, ул. Кораблестроителей, д. 32, корп.1, литера А, помещ. 47-Н",91E41,,"ПРОФЕССИОНАЛЬНАЯ И БЫТОВАЯ ХИМИЯ, ПЕРСОНАЛЬНАЯ ГИГИЕНА","Наша компания занимается производством продукции под брендом «Amore Care», которая зарекомендовала себя на рынке как товар высокого качества по доступной цене. В ассортименте: капсулы для стирки, кондиционеры в гранулах, парфюмированные гранулы, салфетки для удаления пятен, чистящая паста, капсулы для посудомоечных машин и бамбуковые полотенца. Наша продукция представлена во многих торговых сетях, наши партнеры: Fix Price, Победа, Верный, Детский Мир, Светофор, Familia.",Amore Care,http://amorecare.ru,nordkeis@yandex.ru,+ 7 (969)-733-22-55,https://chemicos.ru/ru/company-card-axe?sendcompany=5864,5864,Н,"Наша компания занимается производством продукции под брендом «Amore Care», которая зарекомендовала себя на рынке как товар высокого качества по доступной цене. В ассортименте: капсулы для стирки, кондиционеры в гранулах, парфюмированные гранулы, салфетки для удаления пятен, чистящая паста, капсулы для посудомоечных машин и бамбуковые полотенца. Наша продукция представлена во многих торговых сетях, наши партнеры: Fix Price, Победа, Верный, Детский Мир, Светофор, Familia. | ПРОФЕССИОНАЛЬНАЯ И БЫТОВАЯ ХИМИЯ, ПЕРСОНАЛЬНАЯ ГИГИЕНА | Amore Care",ok,,2026-06-13T06:10:24Z,chemicos-joomla-catalog-v1.0.0
ChemiCos 2026,НОРКЕМ ГК,Россия,Нижний Новгород,"Россия, г. Нижний Новгород, Верхне-Волжская наб., д. 8/59 +7 (831) 282-33-72",91A21,,CHEMICOS INDUSTRY,"ГК НОРКЕМ – ведущий российский производитель поверхностно-активных веществ (ПАВ), полиакриламидов (ПАА), полиэтиленгликолей, полипропиленгликолей и специальных химических продуктов для различных отраслей экономики. Для бытовой и косметики мы предлагаем: Традиционные ПАВ: лауретсульфаты, кокамидопропилбетаины, аминоксиды, ЛАБСК, этоксилированные спирты; Многофункциональные специальные ПАВ: смачиватели, солюбилизаторы, эмульгаторы, пенообразователи, загустители, ПАВ для агрессивных сред, экологичные ПАВ, низкопенные ПАВ, дерматологически мягкие ПАВ и др.",,http://www.norchem.ru,mail@norchem.ru,+7 (831)215-20-70 (отдел продаж),https://chemicos.ru/ru/company-card-axe?sendcompany=5810,5810,Н,"ГК НОРКЕМ – ведущий российский производитель поверхностно-активных веществ (ПАВ), полиакриламидов (ПАА), полиэтиленгликолей, полипропиленгликолей и специальных химических продуктов для различных отраслей экономики. Для бытовой и косметики мы предлагаем: Традиционные ПАВ: лауретсульфаты, кокамидопропилбетаины, аминоксиды, ЛАБСК, этоксилированные спирты; Многофункциональные специальные ПАВ: смачиватели, солюбилизаторы, эмульгаторы, пенообразователи, загустители, ПАВ для агрессивных сред, экологичные ПАВ, низкопенные ПАВ, дерматологически мягкие ПАВ и др. | CHEMICOS INDUSTRY",ok,,2026-06-13T06:10:24Z,chemicos-joomla-catalog-v1.0.0
ChemiCos 2026,НПО ГАРАНТ,Россия,,,91G36,,"ПРОФЕССИОНАЛЬНАЯ И БЫТОВАЯ ХИМИЯ, ПЕРСОНАЛЬНАЯ ГИГИЕНА","Компания НПО «Гарант» занимает лидирующую позицию на рынке производства средств дезинсекции и дератизации, предлагая актуальные и эффективные решения проблемы Pest-контроля. Производственные мощности НПО «Гарант» позволяют компании так же предлагать своим клиентам услуги по контрактному производству продукции под СТМ (собственной торговой маркой) заказчика. Компания имеет представительства и экспорт в страны СНГ, такие как: Азербайджан, Армения, Белоруссия, Грузия, Казахстан, Киргизия и Молдавия. Членство в международных Ассоциациях NPMA, CEPA в области Pest-Control. Производственные мощности НПО «Гарант» позволяют компании предлагать своим клиентам услуги по контрактному производству продукции под Собственной Торговой Маркой (СТМ) Заказчика, в том числе и полного цикла – от разработки концепции продукта, выбора формы упаковки и создания дизайна до консолидированных и точечных поставок готовой продукции. НПО «Гарант» предлагает дистрибуцию продукции Pest-контроля зарубежных производителей в странах Таможенного союза. Специалисты компании оказывают помощь и необходимые консультации по Государственной регистрации средств дезинсекции и дератизации на территории ТС ЕврАзЭС. География поставок продукции охватывает все регионы России, Казахстан, Китай, Беларусь, Кыргызстан, Украину, Грузию, Молдову, Азербайджан, Армению. Торговые представительства НПО «ГАРАНТ» расположены в г.г. Москва и Санкт-Петербург, а также в г. Уральск (Казахстан). НПО «Гарант» является членом международной профессиональной ассоциации – Европейской Ассоциации Пест-менеджмента (CEPA). Считая своей миссией предложение эффективного, безопасного и удобного способа контроля проблем Pest-контроля, НПО «Гарант» всегда предложит своим клиентам современные, протестированные, эффективные и экономически выгодные решения!",,http://,,,https://chemicos.ru/ru/company-card-axe?sendcompany=5889,5889,Н,"Компания НПО «Гарант» занимает лидирующую позицию на рынке производства средств дезинсекции и дератизации, предлагая актуальные и эффективные решения проблемы Pest-контроля. Производственные мощности НПО «Гарант» позволяют компании так же предлагать своим клиентам услуги по контрактному производству продукции под СТМ (собственной торговой маркой) заказчика. Компания имеет представительства и экспорт в страны СНГ, такие как: Азербайджан, Армения, Белоруссия, Грузия, Казахстан, Киргизия и Молдавия. Членство в международных Ассоциациях NPMA, CEPA в области Pest-Control. Производственные мощности НПО «Гарант» позволяют компании предлагать своим клиентам услуги по контрактному производству продук",ok,,2026-06-13T06:10:24Z,chemicos-joomla-catalog-v1.0.0
ChemiCos 2026,НУОЛАБ,Россия,Москва,"Россия, 129226, г. Москва, ул. Сельскохозяйственная д.16 А, пом.8",91E45,,КОСМЕТИКА,"NUOLAB – российская косметическая компания, создатель бренда CHA U KAO - одного из самых быстрорастущих российских beauty-брендов. Компания предоставляет полный цикл контрактного производства косметической продукции – от научно-исследовательской разработки до маркетинговой поддержки, дистрибуции и реализации решений по модели «white label». На сегодняшний день в портфеле компании насчитывается более 300 уникальных и протестированных косметических формул. Производство с мощностью 20 млн. единиц продукции в год, международные стандарты качества GMP и ISO 9001.",CHA U KAO,http://www.nuolab.space,info@nuolab.space,89163417311,https://chemicos.ru/ru/company-card-axe?sendcompany=5756,5756,Н,"NUOLAB – российская косметическая компания, создатель бренда CHA U KAO - одного из самых быстрорастущих российских beauty-брендов. Компания предоставляет полный цикл контрактного производства косметической продукции – от научно-исследовательской разработки до маркетинговой поддержки, дистрибуции и реализации решений по модели «white label». На сегодняшний день в портфеле компании насчитывается более 300 уникальных и протестированных косметических формул. Производство с мощностью 20 млн. единиц продукции в год, международные стандарты качества GMP и ISO 9001. | КОСМЕТИКА | CHA U KAO",ok,,2026-06-13T06:10:24Z,chemicos-joomla-catalog-v1.0.0
ChemiCos 2026,Нэфис Косметикс,Россия,Казань,"420021, Российская Федерация, Республика Татарстан, г.Казань, ул.Г.Тукая, д.152",91C31,,"ПРОФЕССИОНАЛЬНАЯ И БЫТОВАЯ ХИМИЯ, КОСМЕТИКА, ПЕРСОНАЛЬНАЯ ГИГИЕНА, CHEMICOS INDUSTRY","рупнейший российский производитель товаров бытовой химии и косметической продукции. Входит в топ-3 лидеров рынка средств для стирки, моющих средств для посуды, твердого мыла. Федеральный охват дистрибуции включает реализацию через сетевые супермаркеты и магазины у дома, специализированные косметические магазины, онлайн-продажи в маркетплейсах и собственный интернет-магазин. Продукция экспортируется в страны Таможенного союза, СНГ, Монголию, Китай, Вьетнам.",BiMax; AOS; Sorti; RTH; Биолан; Завод Братьев Крестовниковых,http://Nefco.ru,Mark101@nefco.ru,78435704211,https://chemicos.ru/ru/company-card-axe?sendcompany=5713,5713,Н,"рупнейший российский производитель товаров бытовой химии и косметической продукции. Входит в топ-3 лидеров рынка средств для стирки, моющих средств для посуды, твердого мыла. Федеральный охват дистрибуции включает реализацию через сетевые супермаркеты и магазины у дома, специализированные косметические магазины, онлайн-продажи в маркетплейсах и собственный интернет-магазин. Продукция экспортируется в страны Таможенного союза, СНГ, Монголию, Китай, Вьетнам. | ПРОФЕССИОНАЛЬНАЯ И БЫТОВАЯ ХИМИЯ, КОСМЕТИКА, ПЕРСОНАЛЬНАЯ ГИГИЕНА, CHEMICOS INDUSTRY | BiMax; AOS; Sorti; RTH; Биолан; Завод Братьев Крестовниковых",ok,,2026-06-13T06:10:24Z,chemicos-joomla-catalog-v1.0.0
ChemiCos 2026,ОБОРОНХИМ ПО,Россия,Россия Пресненская набережная,"Россия Пресненская набережная, 8с1",92A14,,,"ПО ОБОРОНХИМ основан в 1997 году, как головное научно-производственное объединение, входящих в него научных, производственных и торговых предприятий, цель которых разработать и произвести лучшую в мире инсектицидную и родентицидную продукцию. Компания пережила разные периоды становления, разработала многие популярные торговые марки и произвела десятки миллионов единиц высококачественной продукции. ПО ОБОРОНХИМ является гарантом высочайшего качества, продукция которого ценится во всем мире. Мы постоянный участник международных выставок, начиная с 1997 года.",,http://oboronhim.ru,oboronhim@oboronhim.ru,8 (800) 222-01-55,https://chemicos.ru/ru/company-card-axe?sendcompany=5903,5903,О,"ПО ОБОРОНХИМ основан в 1997 году, как головное научно-производственное объединение, входящих в него научных, производственных и торговых предприятий, цель которых разработать и произвести лучшую в мире инсектицидную и родентицидную продукцию. Компания пережила разные периоды становления, разработала многие популярные торговые марки и произвела десятки миллионов единиц высококачественной продукции. ПО ОБОРОНХИМ является гарантом высочайшего качества, продукция которого ценится во всем мире. Мы постоянный участник международных выставок, начиная с 1997 года.",ok,,2026-06-13T06:10:24Z,chemicos-joomla-catalog-v1.0.0
ChemiCos 2026,ОКАХИМ,Россия,Дзержинск,"Россия, Нижегородская область, г. Дзержинск, Речное шоссе, 2А",92B44,,CHEMICOS INDUSTRY,"ОКАХИМ на протяжении 25 лет осуществляет прямые поставки химического сырья от российских производителей, а также прямой импорт с заводов Азии, Европы и Ближнего востока. Мы выполняем доставку, фасовку и перевалку жидких и сыпучих продуктов любой категории сложности. Компания имеет собственный грузовой автопарк для перевозки тарированных и наливных продуктов. Одно из основных направлений деятельности компании является поставка сырья для производства профессиональной и бытовой химии.",,http://okachim.ru,info@okachim.com,78313397770,https://chemicos.ru/ru/company-card-axe?sendcompany=5897,5897,О,"ОКАХИМ на протяжении 25 лет осуществляет прямые поставки химического сырья от российских производителей, а также прямой импорт с заводов Азии, Европы и Ближнего востока. Мы выполняем доставку, фасовку и перевалку жидких и сыпучих продуктов любой категории сложности. Компания имеет собственный грузовой автопарк для перевозки тарированных и наливных продуктов. Одно из основных направлений деятельности компании является поставка сырья для производства профессиональной и бытовой химии. | CHEMICOS INDUSTRY",ok,,2026-06-13T06:10:24Z,chemicos-joomla-catalog-v1.0.0
ChemiCos 2026,ОЛБО,Россия,Москва,"Россия, 107143, Москва, 1-ый Иртышский проезд, 10 А, стр. 1 107143, 1-Irtishsky proezd, 10A, 1, Moscow, RF",91G14,,КОСМЕТИКА,"Компания ОЛБО является крупнейшим производителем лаков и средств ухода за ногтями, гелей для нейл-моделирования и гель-лаков. Более 20 лет компания успешно создает уникальные продукты и предоставляет услуги контрактного производства. В нашем ассортименте гипоаллеренные гель-лаки и средства для ухода за ногтями NAIL VITALIZER, которые обладают лечебным действием и восстанавливают повреждённые ногти после применения некачественных гель-лаков или неправильного опиливания ногтевой пластины.",DANCE LEGEND; STEP in STYLE COLOR,http://mail@dancelegend.ru,mail@dancelegend.ru,74959887689,https://chemicos.ru/ru/company-card-axe?sendcompany=5767,5767,О,"Компания ОЛБО является крупнейшим производителем лаков и средств ухода за ногтями, гелей для нейл-моделирования и гель-лаков. Более 20 лет компания успешно создает уникальные продукты и предоставляет услуги контрактного производства. В нашем ассортименте гипоаллеренные гель-лаки и средства для ухода за ногтями NAIL VITALIZER, которые обладают лечебным действием и восстанавливают повреждённые ногти после применения некачественных гель-лаков или неправильного опиливания ногтевой пластины. | КОСМЕТИКА | DANCE LEGEND; STEP in STYLE COLOR",ok,,2026-06-13T06:10:24Z,chemicos-joomla-catalog-v1.0.0
ChemiCos 2026,ПАВ Синтез,Россия,Москва,"Россия, г. Москва, г. Ростов-на-Дону",92A17,,"ПРОФЕССИОНАЛЬНАЯ И БЫТОВАЯ ХИМИЯ, CHEMICOS INDUSTRY","Мы производим ПАВ, антисептики и сырье для компаний, выпускающих бытовую химию и косметику. Цены лучшие на рынке! - оксиды аминов от 107руб/кг - кокамидопропилбетаин от 109руб/кг - диэтаноламид от 128руб/кг - АДБАХ (АлкилДиметилБензилАммония Хлорид) от 141руб/кг.",ПАВ Синтез; НПО Синтез,http://pavsintez.ru,pavsintez@mail.ru,+7 495 177-20-57,https://chemicos.ru/ru/company-card-axe?sendcompany=5725,5725,П,"Мы производим ПАВ, антисептики и сырье для компаний, выпускающих бытовую химию и косметику. Цены лучшие на рынке! - оксиды аминов от 107руб/кг - кокамидопропилбетаин от 109руб/кг - диэтаноламид от 128руб/кг - АДБАХ (АлкилДиметилБензилАммония Хлорид) от 141руб/кг. | ПРОФЕССИОНАЛЬНАЯ И БЫТОВАЯ ХИМИЯ, CHEMICOS INDUSTRY | ПАВ Синтез; НПО Синтез",ok,,2026-06-13T06:10:24Z,chemicos-joomla-catalog-v1.0.0
ChemiCos 2026,ПакЛанд,Россия,Москва,"Россия, 111394, г. Москва, ул. Новотетёрки, д. 8, комната 16",92G31,,CHEMIPACK,"Знакомство потребителя с продуктом начинается с упаковки. Чем представительней для покупателя выглядит товар, тем больше вероятность, что он его купит. Упаковка – это «лицо» Вашего бренда, поэтому доверять её изготовление необходимо настоящим мастерам. Компания ПакЛанд является проверенным производителем картонной упаковки на российском рынке.",,http://www.packland.ru,2231237@mail.ru,8-916-309-03-38,https://chemicos.ru/ru/company-card-axe?sendcompany=5880,5880,П,"Знакомство потребителя с продуктом начинается с упаковки. Чем представительней для покупателя выглядит товар, тем больше вероятность, что он его купит. Упаковка – это «лицо» Вашего бренда, поэтому доверять её изготовление необходимо настоящим мастерам. Компания ПакЛанд является проверенным производителем картонной упаковки на российском рынке. | CHEMIPACK",ok,,2026-06-13T06:10:24Z,chemicos-joomla-catalog-v1.0.0
ChemiCos 2026,ПАХРА,Россия,Москва,"115172, Россия, г. Москва, Улица Гвоздева, ДОМ 7/4, c. строение 1, квартира/офис ЭТ/ПОМ/КОМ ЦОК/VIII/1-4,14-17",91A42,,"ПРОФЕССИОНАЛЬНАЯ И БЫТОВАЯ ХИМИЯ, КОСМЕТИКА, ПЕРСОНАЛЬНАЯ ГИГИЕНА","ООО «ПАХРА» эксклюзивно поставляет бытовую химию брендов Valeur, Softxin, Lucome, Soothe and Care, Knoso, Uazan, B+, Seaways и другие на территории восточной Европы и центральной Азии. Мы продаем премиальные продукты, разработанные с использованием натуральных растительных ингредиентов на крупнейших известных производствах, ориентированных на нулевое загрязнение и раздражение. Концентрированные формулы, экономичный расход и натуральные экстракты – то что выделят нас среди миллионов других товаров.",Valeur; Softxin; Lucome; Soothe and Care; Knoso; Uazan; B+; Seaways,http://www.ecopahra.ru,info@ecopahra.ru,+7-926-263-80-11,https://chemicos.ru/ru/company-card-axe?sendcompany=5739,5739,П,"ООО «ПАХРА» эксклюзивно поставляет бытовую химию брендов Valeur, Softxin, Lucome, Soothe and Care, Knoso, Uazan, B+, Seaways и другие на территории восточной Европы и центральной Азии. Мы продаем премиальные продукты, разработанные с использованием натуральных растительных ингредиентов на крупнейших известных производствах, ориентированных на нулевое загрязнение и раздражение. Концентрированные формулы, экономичный расход и натуральные экстракты – то что выделят нас среди миллионов других товаров. | ПРОФЕССИОНАЛЬНАЯ И БЫТОВАЯ ХИМИЯ, КОСМЕТИКА, ПЕРСОНАЛЬНАЯ ГИГИЕНА | Valeur; Softxin; Lucome; Soothe and Care; Knoso; Uazan; B+; Seaways",ok,,2026-06-13T06:10:24Z,chemicos-joomla-catalog-v1.0.0
ChemiCos 2026,ПККМ-про,Беларусь,Минск,"220075, Республика Беларусь, г. Минск, ул. Селицкого, д. 21М, оф. 18 +375297003640",91F12,,ПРОФЕССИОНАЛЬНАЯ И БЫТОВАЯ ХИМИЯ,"ООО «ПККМ-про» - белорусский производитель бытовой химии брендов «SI:LA» и «SI:LA Bleska», а также под собственной торговой маркой клиента. Наши преимущества: - высокое качество продукта - современный дизайн - контрактное производство - предоставление разрешительной документации и результатов лабораторных испытаний - широкий выбор отдушек, цветов и вариантов упаковки - доступные цены.",SI:LA; SI:LA Bleska,http://simplelaundry.by,info-rf@simplelaundry.by,375297003695,https://chemicos.ru/ru/company-card-axe?sendcompany=5720,5720,П,"ООО «ПККМ-про» - белорусский производитель бытовой химии брендов «SI:LA» и «SI:LA Bleska», а также под собственной торговой маркой клиента. Наши преимущества: - высокое качество продукта - современный дизайн - контрактное производство - предоставление разрешительной документации и результатов лабораторных испытаний - широкий выбор отдушек, цветов и вариантов упаковки - доступные цены. | ПРОФЕССИОНАЛЬНАЯ И БЫТОВАЯ ХИМИЯ | SI:LA; SI:LA Bleska",ok,,2026-06-13T06:10:24Z,chemicos-joomla-catalog-v1.0.0
ChemiCos 2026,ПОЛИХИМКОМПЛЕКТ-М,Россия,Москва,"Россия, 119021, Москва, Зубовский бульвар, д.27, стр.7 +7 499 246-53-80 +7 499 246 53 80",92B24,,CHEMICOS INDUSTRY,"Российский дистрибьютор химического сырья с 1995г. Поставки сырья в ассортименте для производства бытовой химии и косметики с склада и под заказ (SLES, SLS, CDEA, APG и прочее).",,http://sf@phkomp-m.ru,office@phkomp-m.ru,+7 916 661-59-49,https://chemicos.ru/ru/company-card-axe?sendcompany=5844,5844,П,"Российский дистрибьютор химического сырья с 1995г. Поставки сырья в ассортименте для производства бытовой химии и косметики с склада и под заказ (SLES, SLS, CDEA, APG и прочее). | CHEMICOS INDUSTRY",ok,,2026-06-13T06:10:24Z,chemicos-joomla-catalog-v1.0.0
ChemiCos 2026,Премиум Микс,Россия,Боровск,"Россия, 249010, Калужская область, Боровский район, город Боровск, улица Большая, дом 83",91E61,,"ПРОФЕССИОНАЛЬНАЯ И БЫТОВАЯ ХИМИЯ, КОСМЕТИКА","Производим продукцию, рекомендованную для применения в быту, в сфере профессионального клининга, на предприятиях пищевой и иных отраслей промышленности, в сфере общественного питания, в учебных, детских, дошкольных, школьных и медицинских учреждениях, гостинично-ресторанных, спортивных, развлекательных и торговых комплексах, на транспортных и ремонтных предприятиях, в общественных и административных зданиях.",Merelle; Löva; Эковэй,http://premiummix.ry,info@premiummix.ru,+7 (910)608-30-47,https://chemicos.ru/ru/company-card-axe?sendcompany=5740,5740,П,"Производим продукцию, рекомендованную для применения в быту, в сфере профессионального клининга, на предприятиях пищевой и иных отраслей промышленности, в сфере общественного питания, в учебных, детских, дошкольных, школьных и медицинских учреждениях, гостинично-ресторанных, спортивных, развлекательных и торговых комплексах, на транспортных и ремонтных предприятиях, в общественных и административных зданиях. | ПРОФЕССИОНАЛЬНАЯ И БЫТОВАЯ ХИМИЯ, КОСМЕТИКА | Merelle; Löva; Эковэй",ok,,2026-06-13T06:10:24Z,chemicos-joomla-catalog-v1.0.0
ChemiCos 2026,ПРОНИЯ,Беларусь,Республика Беларусь Озерское шоссе,"Республика Беларусь Озерское шоссе, 14Е",91G34,,"ПРОФЕССИОНАЛЬНАЯ И БЫТОВАЯ ХИМИЯ, ПЕРСОНАЛЬНАЯ ГИГИЕНА","УП «ПРОНИЯ» – современный белорусский производитель бытовой химии, чистящих средств и автохимии. В ассортименте: эффективные и безопасные средства для стирки, мытья посуды, уборки и ухода за различными поверхностями. Собственное современное производство и строгий контроль качества гарантируют высокий стандарт продукции. Предлагаем сотрудничество оптовым покупателям и дистрибьюторам, а также услуги по контрактному производству (СТМ).",RAZE,http://www.raze.by,raze05@mail.ru,+375 152 55-15-80,https://chemicos.ru/ru/company-card-axe?sendcompany=5895,5895,П,"УП «ПРОНИЯ» – современный белорусский производитель бытовой химии, чистящих средств и автохимии. В ассортименте: эффективные и безопасные средства для стирки, мытья посуды, уборки и ухода за различными поверхностями. Собственное современное производство и строгий контроль качества гарантируют высокий стандарт продукции. Предлагаем сотрудничество оптовым покупателям и дистрибьюторам, а также услуги по контрактному производству (СТМ). | ПРОФЕССИОНАЛЬНАЯ И БЫТОВАЯ ХИМИЯ, ПЕРСОНАЛЬНАЯ ГИГИЕНА | RAZE",ok,,2026-06-13T06:10:24Z,chemicos-joomla-catalog-v1.0.0
ChemiCos 2026,Просто Блеск,Россия,Москва,"Россия, 115432, г. Москва, ул. Трофимова, дом 2А",91F42,,ПРОФЕССИОНАЛЬНАЯ И БЫТОВАЯ ХИМИЯ,"LEOMAX GROUP на рынке уже более 16 лет и занимает лидирующие позиции среди рекламодателей на российском телевидении и активно продвигает свои бренды на федеральных каналах. В 2024 году компания LEOMAX зарегистрировала собственный бренд «Просто Блеск», который на протяжении 2024-2025 годов находился в постоянной ротации на основных телеканалах страны. Масштабная рекламная компания с суммарным временем размещения более 760 часов, на таких телеканалах как - Пятый канал, Россия 1, Домашний, НТВ и других позволило продукту охватить широкую аудиторию и поддерживать высокий уровень узнаваемости среди зрителей по всей стране. Широкий охват аудитории позволил бренду попасть в домохозяйства по всей России, обеспечил стабильное присутствие в жизни потребителей.",Просто Блеск,http://www.leomax.ru,development@leomax.ru,+7 (495) 995-77-97,https://chemicos.ru/ru/company-card-axe?sendcompany=5881,5881,П,"LEOMAX GROUP на рынке уже более 16 лет и занимает лидирующие позиции среди рекламодателей на российском телевидении и активно продвигает свои бренды на федеральных каналах. В 2024 году компания LEOMAX зарегистрировала собственный бренд «Просто Блеск», который на протяжении 2024-2025 годов находился в постоянной ротации на основных телеканалах страны. Масштабная рекламная компания с суммарным временем размещения более 760 часов, на таких телеканалах как - Пятый канал, Россия 1, Домашний, НТВ и других позволило продукту охватить широкую аудиторию и поддерживать высокий уровень узнаваемости среди зрителей по всей стране. Широкий охват аудитории позволил бренду попасть в домохозяйства по всей Ро",ok,,2026-06-13T06:10:24Z,chemicos-joomla-catalog-v1.0.0
ChemiCos 2026,ПРОФИ ХОМ,Россия,Походный проезд,"Россия, 125373 г. Москва, Походный проезд, дом 4, корпус 1 +79166527885 Телеграм: +79166527885",91C41,,"ПРОФЕССИОНАЛЬНАЯ И БЫТОВАЯ ХИМИЯ, КОСМЕТИКА, ПЕРСОНАЛЬНАЯ ГИГИЕНА","ООО «ПРОФИ ХОМ» – российский производитель бытовой химии, ориентированный на импортозамещение и обеспечение потребителей высококачественной продукцией по доступной цене. Компании принадлежат торговые марки: ARIC, CLEAN SECRET, TIDL, YOOLOO LAB, MILESEO, GREEN GOLD, PERSIMUS, THE PINK MOOD, Забота от енота, Чистый день. Прорыв года 2025! Гели для стирки ARIC вошли в ТОП 3 лидеров продаж на Wildberries по итогам 2025 года. Суммарный объём продаж превысил 1 100 000 штук. Наши ключевые приоритеты – высокий стандарт качества и доступная стоимость продукции.",ARIC,http://,info@profyhom.ryhttps,Маx: +79166527885,https://chemicos.ru/ru/company-card-axe?sendcompany=5721,5721,П,"ООО «ПРОФИ ХОМ» – российский производитель бытовой химии, ориентированный на импортозамещение и обеспечение потребителей высококачественной продукцией по доступной цене. Компании принадлежат торговые марки: ARIC, CLEAN SECRET, TIDL, YOOLOO LAB, MILESEO, GREEN GOLD, PERSIMUS, THE PINK MOOD, Забота от енота, Чистый день. Прорыв года 2025! Гели для стирки ARIC вошли в ТОП 3 лидеров продаж на Wildberries по итогам 2025 года. Суммарный объём продаж превысил 1 100 000 штук. Наши ключевые приоритеты – высокий стандарт качества и доступная стоимость продукции. | ПРОФЕССИОНАЛЬНАЯ И БЫТОВАЯ ХИМИЯ, КОСМЕТИКА, ПЕРСОНАЛЬНАЯ ГИГИЕНА | ARIC",ok,,2026-06-13T06:10:24Z,chemicos-joomla-catalog-v1.0.0
ChemiCos 2026,РАЙС АШТИ,Россия,Краснодарский край,"Россия, Краснодарский край, Северский р-он, пгт Ильский",92E31,,CHEMICOS INDUSTRY,РАЙС АШТИ входит в Группу компаний ХИМРУСАГРО. Занимается глубокой переработкой рисовой шелухи. Из рисовой шелухи изготавливается аморфный тонкодисперсный диоксид кремния и силикаты натрия и калия. Производство расположено в поселке Ильский Краснодарского края. Продукция адаптирована по параметрам для использования в качестве функциональных компонентов в различных сферах (в зависимости от характеристик).,Оризасил; Оризадент; Оризафлоу,http://rice-ht.ru,sales@himrusagro.ru,+7 (499) 450 78 48,https://chemicos.ru/ru/company-card-axe?sendcompany=5835,5835,Р,РАЙС АШТИ входит в Группу компаний ХИМРУСАГРО. Занимается глубокой переработкой рисовой шелухи. Из рисовой шелухи изготавливается аморфный тонкодисперсный диоксид кремния и силикаты натрия и калия. Производство расположено в поселке Ильский Краснодарского края. Продукция адаптирована по параметрам для использования в качестве функциональных компонентов в различных сферах (в зависимости от характеристик). | CHEMICOS INDUSTRY | Оризасил; Оризадент; Оризафлоу,ok,,2026-06-13T06:10:24Z,chemicos-joomla-catalog-v1.0.0
ChemiCos 2026,РЕВАДА,Россия,Москва,"Россия, 117246, Г.Москва, Вн.Тер.Г. Муниципальный Округ Черемушки, Проезд Научный, Д. 19, Помещ. 83/8",92E21,,CHEMICOS INDUSTRY,"Компания ООО «РЕВАДА» была создана в 2001 году на основе многолетнего опыта сотрудничества ряда крупнейших европейских производителей специального химического сырья с российскими потребителями. ООО «РЕВАДА» поставляет широкий спектр сырьевых компонентов для производства косметики, бытовой химии и клининга с наших складов в Москве, Санкт-Петербурге, в Ростове-на-Дону, Перми и Минске. Программа наших поставок включает ПАВ, силиконы, консерванты для косметики и бытовой химии, эмоленты и масла, витамины, УФ фильтры, оптические отбеливатели, натуральные и синтетические воски, абразивы, замутнители, модификаторы реологии, отдушки, специальные полимеры, растительные экстракты и натуральные активные ингредиенты, жирные спирты, жирные кислоты, третичные амины и т.д. Наши технические специалисты окажут вам всестороннюю помощь в разработке и улучшении Ваших продуктов.",,http://revada-group.com,info@revada-group.com,+7(495) 955-24-42,https://chemicos.ru/ru/company-card-axe?sendcompany=5758,5758,Р,"Компания ООО «РЕВАДА» была создана в 2001 году на основе многолетнего опыта сотрудничества ряда крупнейших европейских производителей специального химического сырья с российскими потребителями. ООО «РЕВАДА» поставляет широкий спектр сырьевых компонентов для производства косметики, бытовой химии и клининга с наших складов в Москве, Санкт-Петербурге, в Ростове-на-Дону, Перми и Минске. Программа наших поставок включает ПАВ, силиконы, консерванты для косметики и бытовой химии, эмоленты и масла, витамины, УФ фильтры, оптические отбеливатели, натуральные и синтетические воски, абразивы, замутнители, модификаторы реологии, отдушки, специальные полимеры, растительные экстракты и натуральные активные",ok,,2026-06-13T06:10:24Z,chemicos-joomla-catalog-v1.0.0
ChemiCos 2026,РусИнтеллект. Научно-Производственное Объединение,Россия,Ермолино,"Россия, Калужская область, г. Ермолино, ул. Русиново 147",91E61,,ТОВАРЫ ДЛЯ КРАСОТЫ И ЗДОРОВЬЯ,"Более 30 лет разрабатываем и производим функциональные нутриенты. 100 % органический состав, без синтетики и ГМО. Вся продукция сертифицирована: Халяль, ISO 22000, Organic. Финализируем регистрацию SFDA (Саудовская Аравия). Собственные патенты, полный цикл создания рецептур. Приглашаем к сотрудничеству дистрибьюторов и оптовых партнёров по всему миру. Готовы к долгосрочным контрактам.",ROYALSWAN,http://www.royalswan.ru,ivp2004@inbox.ru,79369993488,https://chemicos.ru/ru/company-card-axe?sendcompany=5731,5731,Р,"Более 30 лет разрабатываем и производим функциональные нутриенты. 100 % органический состав, без синтетики и ГМО. Вся продукция сертифицирована: Халяль, ISO 22000, Organic. Финализируем регистрацию SFDA (Саудовская Аравия). Собственные патенты, полный цикл создания рецептур. Приглашаем к сотрудничеству дистрибьюторов и оптовых партнёров по всему миру. Готовы к долгосрочным контрактам. | ТОВАРЫ ДЛЯ КРАСОТЫ И ЗДОРОВЬЯ | ROYALSWAN",ok,,2026-06-13T06:10:24Z,chemicos-joomla-catalog-v1.0.0
ChemiCos 2026,РУССКАЯ ТОРГОВАЯ КОМПАНИЯ,Россия,Москва,"Россия, 111024, Москва, вн.тер.г.муниципальный округ Лефортово, ул. Авиамоторная, д.50, стр.2, помещ.29/2",91C33,,"ПРОФЕССИОНАЛЬНАЯ И БЫТОВАЯ ХИМИЯ, ПЕРСОНАЛЬНАЯ ГИГИЕНА","ООО «РУССКАЯ ТОРГОВАЯ КОМПАНИЯ» занимается дистрибуцией качественной бытовой химии произведенной в России, Беларусии, Европе, Кореи, Японии по доступным ценам.",ICEBERG; Kinders-M; Лайт Check; Лайт Шик; Passion Gold; ONYX,http://rtk-opt.ru,9166977775@mail.ru,+7(916) 697-77-75,https://chemicos.ru/ru/company-card-axe?sendcompany=5882,5882,Р,"ООО «РУССКАЯ ТОРГОВАЯ КОМПАНИЯ» занимается дистрибуцией качественной бытовой химии произведенной в России, Беларусии, Европе, Кореи, Японии по доступным ценам. | ПРОФЕССИОНАЛЬНАЯ И БЫТОВАЯ ХИМИЯ, ПЕРСОНАЛЬНАЯ ГИГИЕНА | ICEBERG; Kinders-M; Лайт Check; Лайт Шик; Passion Gold; ONYX",ok,,2026-06-13T06:10:24Z,chemicos-joomla-catalog-v1.0.0
ChemiCos 2026,РусТабЭкспорт,Россия,,,91F31,,"ПРОФЕССИОНАЛЬНАЯ И БЫТОВАЯ ХИМИЯ, ПЕРСОНАЛЬНАЯ ГИГИЕНА","Компания «РусТабЭкспорт» основана в г. Санкт-Петербурге в 2002 году. Уже более 10 лет мы занимаемся производством и продажей современных инновационных и безопасных средств для поддержания чистоты в каждом доме. Одними из первых в России мы стали производить бытовую химию в форме таблеток. Основные направления нашей деятельности: - производство таблеток и средств для безупречной работы посудомоечных машин; - производство средств для стирки, в том числе – в таблетированной форме; - таблетки для ухода за кофемашинами, очистки ювелирных изделий; - инновационный концентрат омывателя в таблетках; - таблетки для мытья овощей и фруктов; - таблетки для мытья кухонных поверхностей и зеркал.",Lotta; SmartTabs; Ecolotta; Aquarius,http://,,,https://chemicos.ru/ru/company-card-axe?sendcompany=5715,5715,Р,"Компания «РусТабЭкспорт» основана в г. Санкт-Петербурге в 2002 году. Уже более 10 лет мы занимаемся производством и продажей современных инновационных и безопасных средств для поддержания чистоты в каждом доме. Одними из первых в России мы стали производить бытовую химию в форме таблеток. Основные направления нашей деятельности: - производство таблеток и средств для безупречной работы посудомоечных машин; - производство средств для стирки, в том числе – в таблетированной форме; - таблетки для ухода за кофемашинами, очистки ювелирных изделий; - инновационный концентрат омывателя в таблетках; - таблетки для мытья овощей и фруктов; - таблетки для мытья кухонных поверхностей и зеркал. | ПРОФЕССИ",ok,,2026-06-13T06:10:24Z,chemicos-joomla-catalog-v1.0.0
ChemiCos 2026,РУСХИМСЕТЬ,Россия,Москва,"Россия, 129090, РФ, г. Москва, Олимпийский проспект 14, 8 этаж Олимпийский проспект 14, 8 этаж",92E42,,CHEMICOS INDUSTRY,"Компания Русхимсеть – ведущий дистрибьютор химической продукции в России. Мы предлагаем широкий ассортимент продукции от промышленной химии до компонентов бытовых чистящих средств. Прямые поставки от крупнейших производителей, гарантированное качество и гибкая система логистики.",,http://www.rushimset.ru,mail@rushimset.ru,+7(495) 730-12-12,https://chemicos.ru/ru/company-card-axe?sendcompany=5854,5854,Р,"Компания Русхимсеть – ведущий дистрибьютор химической продукции в России. Мы предлагаем широкий ассортимент продукции от промышленной химии до компонентов бытовых чистящих средств. Прямые поставки от крупнейших производителей, гарантированное качество и гибкая система логистики. | CHEMICOS INDUSTRY",ok,,2026-06-13T06:10:24Z,chemicos-joomla-catalog-v1.0.0
ChemiCos 2026,Северина,Россия,,Россия,91A41,,"ПРОФЕССИОНАЛЬНАЯ И БЫТОВАЯ ХИМИЯ, КОСМЕТИКА, ПЕРСОНАЛЬНАЯ ГИГИЕНА, ТОВАРЫ ДЛЯ КРАСОТЫ И ЗДОРОВЬЯ, CHEMIPACK","Компания ""Северина"" занимается разработкой и изготовлением декоративной косметики под собственными торговыми марками ""Severina"" и ""De'Lakrua"", а также контрактным производством. Ведущим направлением деятельности является производство жидкостей для снятия лака, средств для обезжиривания ногтей, декоративная косметика для лица и ухаживающая косметика для тела и губ. Имеет собственные мощности по производству пластмассовых флаконов и банок, цех по вакуумной металлизации пластмассовых изделий.",Severina; De’Lakrua,http://severina-msc.ru,severina-moscow@mail.ru,+7 (495) 600-83-77,https://chemicos.ru/ru/company-card-axe?sendcompany=5741,5741,С,"Компания ""Северина"" занимается разработкой и изготовлением декоративной косметики под собственными торговыми марками ""Severina"" и ""De'Lakrua"", а также контрактным производством. Ведущим направлением деятельности является производство жидкостей для снятия лака, средств для обезжиривания ногтей, декоративная косметика для лица и ухаживающая косметика для тела и губ. Имеет собственные мощности по производству пластмассовых флаконов и банок, цех по вакуумной металлизации пластмассовых изделий. | ПРОФЕССИОНАЛЬНАЯ И БЫТОВАЯ ХИМИЯ, КОСМЕТИКА, ПЕРСОНАЛЬНАЯ ГИГИЕНА, ТОВАРЫ ДЛЯ КРАСОТЫ И ЗДОРОВЬЯ, CHEMIPACK | Severina; De’Lakrua",ok,,2026-06-13T06:10:24Z,chemicos-joomla-catalog-v1.0.0
ChemiCos 2026,Синтез-Ацетон 2000,Россия,,,92D21,,"ПРОФЕССИОНАЛЬНАЯ И БЫТОВАЯ ХИМИЯ, ПЕРСОНАЛЬНАЯ ГИГИЕНА, CHEMICOS INDUSTRY",Российский производитель химического сырья - Изопропиловый спирт - Перкарбонат натрия - Перекись водорода - Дезинфицирующее средство - Таблетки для посудомоечных машин.,,http://Sa2000.ru,sales@sa2000.ru,,https://chemicos.ru/ru/company-card-axe?sendcompany=5760,5760,С,"Российский производитель химического сырья - Изопропиловый спирт - Перкарбонат натрия - Перекись водорода - Дезинфицирующее средство - Таблетки для посудомоечных машин. | ПРОФЕССИОНАЛЬНАЯ И БЫТОВАЯ ХИМИЯ, ПЕРСОНАЛЬНАЯ ГИГИЕНА, CHEMICOS INDUSTRY",ok,,2026-06-13T06:10:24Z,chemicos-joomla-catalog-v1.0.0
ChemiCos 2026,Сириус,Россия,Москва,"Россия, 117218, г. Москва, вн. тер. г. муниципальный округ Котловка, ул. Кржижановского, д. 29, к. 5, помещ. 11/2/1",91G15,,"ПРОФЕССИОНАЛЬНАЯ И БЫТОВАЯ ХИМИЯ, ПЕРСОНАЛЬНАЯ ГИГИЕНА, ТОВАРЫ ДЛЯ КРАСОТЫ И ЗДОРОВЬЯ, CHEMICOS INDUSTRY","ООО «Сириус» – российская компания-производитель, выпускающая продукцию под собственными Торговыми Марками, а также по контракту на своих производственных мощностях, расположенных в Московском регионе. На сегодняшний день мы активно развиваемся по четырем основным направлениям: 1. Производство средств профессиональной дезинфекции. 2. Производство и постоянное расширение линейки средств для ухода за водой бассейнов. 3. Производство и реализация ингредиентов для использования в качестве сырья для пищевой и фармакологической продукции. 4. Контрактное производство СТМ заказчика. Наши возможности позволяют выполнить полный цикл производства от выбора оптимальной рецептуры, до выпуска готовой продукции, отвечающей всем требованиям заказчика. Мы успешно работаем в сфере контрактного производства и выполняем индивидуальные заказы клиентов, в том числе, и изготовление продукции для линеек СТМ (собственных торговых марок).",Кристалпул ТМ; Хлорэксель ТМ,http://www.kristal-pool.rywww.siriuschem.ru,info@siriuschem.ru,8-495-971-10-71,https://chemicos.ru/ru/company-card-axe?sendcompany=5716,5716,С,"ООО «Сириус» – российская компания-производитель, выпускающая продукцию под собственными Торговыми Марками, а также по контракту на своих производственных мощностях, расположенных в Московском регионе. На сегодняшний день мы активно развиваемся по четырем основным направлениям: 1. Производство средств профессиональной дезинфекции. 2. Производство и постоянное расширение линейки средств для ухода за водой бассейнов. 3. Производство и реализация ингредиентов для использования в качестве сырья для пищевой и фармакологической продукции. 4. Контрактное производство СТМ заказчика. Наши возможности позволяют выполнить полный цикл производства от выбора оптимальной рецептуры, до выпуска готовой прод",ok,,2026-06-13T06:10:24Z,chemicos-joomla-catalog-v1.0.0
ChemiCos 2026,Скорпио-Аромат,Россия,Москва,"Россия, г. Москва, проезд Одоевского, д. 3, корп. 7",92C12,,"ПРОФЕССИОНАЛЬНАЯ И БЫТОВАЯ ХИМИЯ, CHEMICOS INDUSTRY","ООО «Скорпио-Аромат» предлагает широкий ассортимент отдушек для парфюмерно-косметической продукции. Отдушки производятся Белорусским подразделением компании «Скорпио-Аромат» ТМ (Витебская область), по рецептурам и в сотрудничестве с парфюмерным домом «CityFlower» ТМ. Мы производим высококонцентрированные отдушки для средств по уходу за тканью, косметики и парфюмерии, диффузоров, свечей, бытовой химии, продукции персонального ухода и др. В ассортименте представлены отдушки цветочные, альдегидные, фужерные, древесно-пряные, гурманские, фруктовые, пудровые, травяные, в том числе парфюмерные.",,http://www.s-aromat.ru,info@s-aromat.ru,+7495-935-73-64,https://chemicos.ru/ru/company-card-axe?sendcompany=5798,5798,С,"ООО «Скорпио-Аромат» предлагает широкий ассортимент отдушек для парфюмерно-косметической продукции. Отдушки производятся Белорусским подразделением компании «Скорпио-Аромат» ТМ (Витебская область), по рецептурам и в сотрудничестве с парфюмерным домом «CityFlower» ТМ. Мы производим высококонцентрированные отдушки для средств по уходу за тканью, косметики и парфюмерии, диффузоров, свечей, бытовой химии, продукции персонального ухода и др. В ассортименте представлены отдушки цветочные, альдегидные, фужерные, древесно-пряные, гурманские, фруктовые, пудровые, травяные, в том числе парфюмерные. | ПРОФЕССИОНАЛЬНАЯ И БЫТОВАЯ ХИМИЯ, CHEMICOS INDUSTRY",ok,,2026-06-13T06:10:24Z,chemicos-joomla-catalog-v1.0.0
ChemiCos 2026,Солви Пак,Россия,Химки,"Россия, Московская область, г.Химки, Нагорное шоссе, д.2.",91A13,,CHEMIPACK,"ООО «Солви Пак» – производственная компания с 25-летней историей, специализирующаяся на изготовлении самоклеящихся этикеток и полиграфической продукции.Основная деятельность включает производство этикеток различных типов: цветных, термоэтикеток, этикеток с переменной информацией, «Честный знак», со скретч-слоем, QR- и штрих-кодами, двухслойных этикеток-книжек.Производственные технологии охватывают флексографическую, цифровую и трафаретную печать, различные виды тиснения, ламинирование. Компания также предлагает услуги по разработке макетов, созданию фирменного стиля и логотипов. Клиентская база насчитывает более 150 предприятий из сфер пищевой промышленности, производства напитков, косметики, фармацевтики и бытовой химии. Логистические решения включают доставку по Москве и области собственным транспортом, а также организацию перевозок для региональных клиентов. Компания обеспечивает индивидуальный подход, оперативное выполнение заказов и техническую поддержку на всех этапах сотрудничества.",,http://www/solvipak.ru,solvi@solvipak.ru,7 495 540-53-04,https://chemicos.ru/ru/company-card-axe?sendcompany=5883,5883,С,"ООО «Солви Пак» – производственная компания с 25-летней историей, специализирующаяся на изготовлении самоклеящихся этикеток и полиграфической продукции.Основная деятельность включает производство этикеток различных типов: цветных, термоэтикеток, этикеток с переменной информацией, «Честный знак», со скретч-слоем, QR- и штрих-кодами, двухслойных этикеток-книжек.Производственные технологии охватывают флексографическую, цифровую и трафаретную печать, различные виды тиснения, ламинирование. Компания также предлагает услуги по разработке макетов, созданию фирменного стиля и логотипов. Клиентская база насчитывает более 150 предприятий из сфер пищевой промышленности, производства напитков, косметики",ok,,2026-06-13T06:10:24Z,chemicos-joomla-catalog-v1.0.0
ChemiCos 2026,ССЛ-Контур,Россия,Подольск,"Россия, 142116, Россия, Московская область, г. Подольск, ул. Лобачева, 6",92F12,,CHEMIPACK,"ССЛ Контур - часть группы компаний ССЛ Индастриз, мирового лидера в области производства этикеток. Компания занимается изготовлением самоклеящихся и термоусадочных этикеток любой сложности для всех отраслей и рынков. Продукция компании предназначена для производителей бытовой химии, парфюмерии, косметики, фармацевтики, алкогольной индустрии, продуктов питания, нефтехимической промышленности. Производственные площадки предприятия находятся в Подольске, Санкт-Петербурге и Екатеринбурге. Самоклеящиеся этикетки от ССЛ Контур решают любые информационные и декоративные задачи. Впечатляющий результат достигается благодаря применению комбинированной печати, специальных красок и лаков с различными эффектами, любыми видами тиснения и ламинации. Возможности типографии позволяют использовать как основные способы печати: офсетную, флексографскую, трафаретную, глубокую, цифровую, так и их комбинации.",,http://www.ccllabel.ru,info@ccl-kontur.ru,+7 (495) 660 1886,https://chemicos.ru/ru/company-card-axe?sendcompany=5894,5894,С,"ССЛ Контур - часть группы компаний ССЛ Индастриз, мирового лидера в области производства этикеток. Компания занимается изготовлением самоклеящихся и термоусадочных этикеток любой сложности для всех отраслей и рынков. Продукция компании предназначена для производителей бытовой химии, парфюмерии, косметики, фармацевтики, алкогольной индустрии, продуктов питания, нефтехимической промышленности. Производственные площадки предприятия находятся в Подольске, Санкт-Петербурге и Екатеринбурге. Самоклеящиеся этикетки от ССЛ Контур решают любые информационные и декоративные задачи. Впечатляющий результат достигается благодаря применению комбинированной печати, специальных красок и лаков с различными эф",ok,,2026-06-13T06:10:24Z,chemicos-joomla-catalog-v1.0.0
ChemiCos 2026,СТЕРИПАК СЕРВИС,Россия,Москва,"Россия, Москва, Научный проезд, д. 10 офис 310",92B33,,,"Предлагаем услуги: - Контрактное производство от малых партий до промышленных серий. - Сборка и упаковка продукции в собственных чистых помещениях 7 класса ИСО. - Розлив во флаконы и шприцы. - Валидация процессов производства, упаковки и стерилизации изделий. - Комплексные лабораторные испытания. - Испытания на подтверждение заявленного срока годности. - Аттестация чистых помещений. - Стерилизация продукции заказчика на собственном оборудовании мирового уровня: газовая, плазменная, паровая.",СтериПак Сервис,http://www.steri-pack.ru,info@steri-pack.ru,+7(495) 728-15-87,https://chemicos.ru/ru/company-card-axe?sendcompany=5742,5742,С,"Предлагаем услуги: - Контрактное производство от малых партий до промышленных серий. - Сборка и упаковка продукции в собственных чистых помещениях 7 класса ИСО. - Розлив во флаконы и шприцы. - Валидация процессов производства, упаковки и стерилизации изделий. - Комплексные лабораторные испытания. - Испытания на подтверждение заявленного срока годности. - Аттестация чистых помещений. - Стерилизация продукции заказчика на собственном оборудовании мирового уровня: газовая, плазменная, паровая. | СтериПак Сервис",ok,,2026-06-13T06:10:24Z,chemicos-joomla-catalog-v1.0.0
ChemiCos 2026,Технопро,Россия,Удомля,"Россия, Тверская обл., г. Удомля, ул. Карла Маркса, д.4",91F13,,ПЕРСОНАЛЬНАЯ ГИГИЕНА,"Современное предприятие, где производятся не только собственная продукция под брендом Weiss, отличающаяся технологическим совершенством, качеством сырья, дизайном и удобством в использовании, но и обеспечивается наращивание производства зубных щеток сторонних брендов.",Weiss,http://weissoral.ru,ti@strela.info,+7(915) 705-35-52,https://chemicos.ru/ru/company-card-axe?sendcompany=5845,5845,Т,"Современное предприятие, где производятся не только собственная продукция под брендом Weiss, отличающаяся технологическим совершенством, качеством сырья, дизайном и удобством в использовании, но и обеспечивается наращивание производства зубных щеток сторонних брендов. | ПЕРСОНАЛЬНАЯ ГИГИЕНА | Weiss",ok,,2026-06-13T06:10:24Z,chemicos-joomla-catalog-v1.0.0
ChemiCos 2026,Типография МГК,Россия,,"Россия, Ул. Парковая дом 6 литера А",92G32,,CHEMIPACK,Типография. Изготовление этикеток. Без печати. С печатью. Многостраничные этикетки. Коробка «Крышка-Дно» из переплетного картона. Изготовление инструкций. Любые формы сложений. Префолдинг. Дуплекс. Аутсерт.,,http://www.mgkprint.ru,sale15@mgk-print.ru,+7(812)3269400,https://chemicos.ru/ru/company-card-axe?sendcompany=5877,5877,Т,Типография. Изготовление этикеток. Без печати. С печатью. Многостраничные этикетки. Коробка «Крышка-Дно» из переплетного картона. Изготовление инструкций. Любые формы сложений. Префолдинг. Дуплекс. Аутсерт. | CHEMIPACK,ok,,2026-06-13T06:10:24Z,chemicos-joomla-catalog-v1.0.0
ChemiCos 2026,ТК ОРИОН,Россия,о. город Дзержинск,"Россия, Нижегородская область, г.о. город Дзержинск, г Дзержинск, ул Красноармейская, д. 2Г, офис 17",91B11,,"ПРОФЕССИОНАЛЬНАЯ И БЫТОВАЯ ХИМИЯ, КОСМЕТИКА, ПЕРСОНАЛЬНАЯ ГИГИЕНА","Широкий ассортимент высококачественной продукции для крупнооптовых покупателей. Наша компания оказывает широкий спектр услуг от подбора продукции до доставки клиенту. Мы предлагаем выгодные условия для крупного опта, индивидуальные условия для каждого клиента и удобные способы доставки. Гарантируем оперативность и надежность поставок, что бы ваши бизнес-процессы всегда были на высоте.",HOBBY,http://www.orionofficial.ru,orion.nn@list.ru,8-999-121-36-15,https://chemicos.ru/ru/company-card-axe?sendcompany=5879,5879,Т,"Широкий ассортимент высококачественной продукции для крупнооптовых покупателей. Наша компания оказывает широкий спектр услуг от подбора продукции до доставки клиенту. Мы предлагаем выгодные условия для крупного опта, индивидуальные условия для каждого клиента и удобные способы доставки. Гарантируем оперативность и надежность поставок, что бы ваши бизнес-процессы всегда были на высоте. | ПРОФЕССИОНАЛЬНАЯ И БЫТОВАЯ ХИМИЯ, КОСМЕТИКА, ПЕРСОНАЛЬНАЯ ГИГИЕНА | HOBBY",ok,,2026-06-13T06:10:24Z,chemicos-joomla-catalog-v1.0.0
ChemiCos 2026,Торговый Дом Велес,Россия,Балашиха,"Россия, 143905, Московская область, г. Балашиха, Кучинское шоссе, 6",11С403,,"ПОСУДА И КУХНЯ, ДАЧА И ЗАГОРОДНЫЙ ОТДЫХ","ООО «Торговый Дом Велес» – одна из самых крупных организаций с широким ассортиментом продукции для кухни, консервирования, а также товаров для пикника. Нашими партнерами являются промышленные предприятия и фермерские хозяйства, торговые сети и оптовые компании, маркетплейсы. Своим клиентам мы поставляем исключительно высококлассную продукцию, которая проходит строгий контроль качества. В данной сфере наша компания имеет более десятилетний опыт работы. За это время мы заработали репутацию надежного поставщика, уважающего интересы партнеров. Постоянно анализируя рынок, обновляем ассортиментную линейку, исходя из потребностей потребителя. Торговый Дом Велес – официальный дистрибьютор популярной линейки товаров ТМ «Москвичка исконно хороша®», производящей высококачественные товары для консервирования.",Москвичка исконно хороша®; Азбука Дачи,http://banki-krishki.ru,info@banki-krishki.ru,+7 (495) 943-22-33,https://chemicos.ru/ru/company-card-axe?sendcompany=5071,5071,Т,"ООО «Торговый Дом Велес» – одна из самых крупных организаций с широким ассортиментом продукции для кухни, консервирования, а также товаров для пикника. Нашими партнерами являются промышленные предприятия и фермерские хозяйства, торговые сети и оптовые компании, маркетплейсы. Своим клиентам мы поставляем исключительно высококлассную продукцию, которая проходит строгий контроль качества. В данной сфере наша компания имеет более десятилетний опыт работы. За это время мы заработали репутацию надежного поставщика, уважающего интересы партнеров. Постоянно анализируя рынок, обновляем ассортиментную линейку, исходя из потребностей потребителя. Торговый Дом Велес – официальный дистрибьютор популярной",ok,,2026-06-13T06:10:24Z,chemicos-joomla-catalog-v1.0.0
ChemiCos 2026,ФАРМТЕХ группа компаний,Россия,Пушкино,"Россия, 141270 Московская область, г. Пушкино, рабочий поселок Софрино, ул. Крайняя д.2",92G42,,"ПРОФЕССИОНАЛЬНАЯ И БЫТОВАЯ ХИМИЯ, ТОВАРЫ ДЛЯ КРАСОТЫ И ЗДОРОВЬЯ, CHEMICOS INDUSTRY, CHEMIPACK","Группа ФАРМТЕХ предлагает новое и восстановленное оборудование для изготовления, розлива и упаковки, комплектующие (керамические дозаторы, иглы мойки и наполнения), услуги по шеф-монтажу и наладке. Поставляет упаковочные материалы (баночки и флаконы, шприцы предварительного наполнения, пробки, колпачки, крышки, капельницы, тубы, блистеры), термоленту. Предлагает услуги по контрактному розливу ароматических масел, жидких косметических препаратов, средств защиты растений и т.д.",Tofflon; West; Wego; Karsai; Софринские упаковочные мануфактуры,http://www.pharmtech.ru,info@pharmtech.ru,+7 (495) 135-50-95,https://chemicos.ru/ru/company-card-axe?sendcompany=5855,5855,Ф,"Группа ФАРМТЕХ предлагает новое и восстановленное оборудование для изготовления, розлива и упаковки, комплектующие (керамические дозаторы, иглы мойки и наполнения), услуги по шеф-монтажу и наладке. Поставляет упаковочные материалы (баночки и флаконы, шприцы предварительного наполнения, пробки, колпачки, крышки, капельницы, тубы, блистеры), термоленту. Предлагает услуги по контрактному розливу ароматических масел, жидких косметических препаратов, средств защиты растений и т.д. | ПРОФЕССИОНАЛЬНАЯ И БЫТОВАЯ ХИМИЯ, ТОВАРЫ ДЛЯ КРАСОТЫ И ЗДОРОВЬЯ, CHEMICOS INDUSTRY, CHEMIPACK | Tofflon; West; Wego; Karsai; Софринские упаковочные мануфактуры",ok,,2026-06-13T06:10:24Z,chemicos-joomla-catalog-v1.0.0
ChemiCos 2026,ФДА Компани,Россия,Люберцы,"Россия, 140032, Московская обл., г. Люберцы, пгт Малаховка, ул. Шоссейная, д.40, помещение 23",91B21,,"КОСМЕТИКА, ПЕРСОНАЛЬНАЯ ГИГИЕНА, ТОВАРЫ ДЛЯ КРАСОТЫ И ЗДОРОВЬЯ","ФДА Компани родилась из одной простой идеи: помочь предпринимателям воплотить мечты о собственной косметике в жизнь. Наши основатели – химики-технологи и бизнесмены – объединились, чтобы создать место, где идеи превращаются в уникальные продукты с нуля. Широкий ассортимент косметики – от инновационных формул для лица и тела до специализированных средств. Используйте наш опыт и экспертизу для своего бренда. И да, мы тестируем, чтобы не липло, не скатывалось и радовало с первого применения.",Easy 42 Busy,"http://fdacompany.ru, easy42busy.ru",contract@fdacompany.ru,+7(499) 288-73-57,https://chemicos.ru/ru/company-card-axe?sendcompany=5846,5846,Ф,"ФДА Компани родилась из одной простой идеи: помочь предпринимателям воплотить мечты о собственной косметике в жизнь. Наши основатели – химики-технологи и бизнесмены – объединились, чтобы создать место, где идеи превращаются в уникальные продукты с нуля. Широкий ассортимент косметики – от инновационных формул для лица и тела до специализированных средств. Используйте наш опыт и экспертизу для своего бренда. И да, мы тестируем, чтобы не липло, не скатывалось и радовало с первого применения. | КОСМЕТИКА, ПЕРСОНАЛЬНАЯ ГИГИЕНА, ТОВАРЫ ДЛЯ КРАСОТЫ И ЗДОРОВЬЯ | Easy 42 Busy",ok,,2026-06-13T06:10:24Z,chemicos-joomla-catalog-v1.0.0
ChemiCos 2026,ФЕЛИКС ТС,Россия,Нижегородская обл.,"606000, Россия, Нижегородская обл., гор. Дзержинск, улица Ватутина, дом № 31А, кабинет 8, этаж 2",91E31,,"ПРОФЕССИОНАЛЬНАЯ И БЫТОВАЯ ХИМИЯ, КОСМЕТИКА, ПЕРСОНАЛЬНАЯ ГИГИЕНА, ТОВАРЫ ДЛЯ КРАСОТЫ И ЗДОРОВЬЯ, CHEMICOS INDUSTRY, CHEMIPACK","Производство бытовой химии, детской линии средств по уходу. Производство промышленной полиэтиленовой тары с собственным современным парком выдувных и литьевых машин. Производство ПАВ и ПЭГ для бытовой химии.",HOMZA; ECOTERICA; ЗДОРОВЫЕ МАЛЫШИ; МОЙ ДОМ,http://,fts-sales@mail.rufelix-ts.ru,(8313)274103,https://chemicos.ru/ru/company-card-axe?sendcompany=5743,5743,Ф,"Производство бытовой химии, детской линии средств по уходу. Производство промышленной полиэтиленовой тары с собственным современным парком выдувных и литьевых машин. Производство ПАВ и ПЭГ для бытовой химии. | ПРОФЕССИОНАЛЬНАЯ И БЫТОВАЯ ХИМИЯ, КОСМЕТИКА, ПЕРСОНАЛЬНАЯ ГИГИЕНА, ТОВАРЫ ДЛЯ КРАСОТЫ И ЗДОРОВЬЯ, CHEMICOS INDUSTRY, CHEMIPACK | HOMZA; ECOTERICA; ЗДОРОВЫЕ МАЛЫШИ; МОЙ ДОМ",ok,,2026-06-13T06:10:24Z,chemicos-joomla-catalog-v1.0.0
ChemiCos 2026,ХИМАЛЬЯНС,Россия,Москва г,"Россия, 117042, Москва г, улица Адмирала Лазарева, дом № 52, корпус 3, пом. IV, комн.3",91A31,,,"Наша компания является современным заводом-изготовителем поверхностно-активны веществ для соответствующих направлений промышленности. Собственная лаборатория, оснащенная актуальным оборудованием в соответствии с нормативными требованиями, обеспечивает безопасную практическую, аналитическую и исследовательскую деятельность, что позволяет осуществлять контроль на всех этапах производства, а так же повышает эффективность как при производстве серийных так и при разработке новых продуктов. Основным сектором сбыта являются рынки B2B «Бизнес для бизнеса», но это не означает, что мы заботимся только об удовлетворение потребностей предприятий и производителей конечной продукции. Система сырьевого снабжения нашего производства и складские мощности выстроены таким образом, что все сырьевые составляющие приобретаются в оптимальных объёмах, чтобы снизить затраты на логистику и накладные расходы, это позволяет значительно уменьшить стоимость производимых продуктов и благоприятно сказывается на цене товара для конечного потребителя.",Аламин; Дезамин; Нимаид; Бетамид; Беталкил Монамид; Алдинат; Имидазолин; Амфопав; Амидоамин; Дисперкон; Сульфосукцинаты; Султаин; Лаурет-7 цитрат.,http://www.chemalliance.ru,office@chemalliance.ru,+7 (499) 288-08-07,https://chemicos.ru/ru/company-card-axe?sendcompany=5847,5847,Х,"Наша компания является современным заводом-изготовителем поверхностно-активны веществ для соответствующих направлений промышленности. Собственная лаборатория, оснащенная актуальным оборудованием в соответствии с нормативными требованиями, обеспечивает безопасную практическую, аналитическую и исследовательскую деятельность, что позволяет осуществлять контроль на всех этапах производства, а так же повышает эффективность как при производстве серийных так и при разработке новых продуктов. Основным сектором сбыта являются рынки B2B «Бизнес для бизнеса», но это не означает, что мы заботимся только об удовлетворение потребностей предприятий и производителей конечной продукции. Система сырьевого сна",ok,,2026-06-13T06:10:24Z,chemicos-joomla-catalog-v1.0.0
ChemiCos 2026,ХимПромЛаб,Россия,Нижний Новгород,"Россия, 603035, Нижегородская область, г. Нижний Новгород, ул. Чаадаева, д. 1, пом. 17-19",91C34,,ПРОФЕССИОНАЛЬНАЯ И БЫТОВАЯ ХИМИЯ,"Современный и технологичный завод «ХимПромЛаб» в Нижнем Новгороде c 2015 года производит высокоэффективные чистящие средства для профессиональной уборки. Ведущими российскими химиками-технологами были разработаны и произведены десятки средств для обеспечения пищевой безопасности - от мытья гастроемкостей для производственных цехов до промывки специализированного оборудования. На сегодняшний день завод «ХимПромЛаб» владеет несколькими собственными брендами профессиональной химии в разных ценовых категориях, которые успешно работают там, где чистота критически важна: в HoReCa, ритейле, клининге, пищевых и промышленных производств, прачечных, транспортной отрасли и др.",Piash; X-lab; Новый элемент; Divit; WROOM,http://,info.hpl@himpromlab.comhttps,+7 (831) 288-81-38,https://chemicos.ru/ru/company-card-axe?sendcompany=5722,5722,Х,"Современный и технологичный завод «ХимПромЛаб» в Нижнем Новгороде c 2015 года производит высокоэффективные чистящие средства для профессиональной уборки. Ведущими российскими химиками-технологами были разработаны и произведены десятки средств для обеспечения пищевой безопасности - от мытья гастроемкостей для производственных цехов до промывки специализированного оборудования. На сегодняшний день завод «ХимПромЛаб» владеет несколькими собственными брендами профессиональной химии в разных ценовых категориях, которые успешно работают там, где чистота критически важна: в HoReCa, ритейле, клининге, пищевых и промышленных производств, прачечных, транспортной отрасли и др. | ПРОФЕССИОНАЛЬНАЯ И БЫТО",ok,,2026-06-13T06:10:24Z,chemicos-joomla-catalog-v1.0.0
ChemiCos 2026,ХимЭтика,Россия,Тамбов,"Россия, 392022, Тамбовская область, г. Тамбов, ул. Ак. Островитянова, дом 9А,",91D32,,ПРОФЕССИОНАЛЬНАЯ И БЫТОВАЯ ХИМИЯ,"ХимЭтика ̶ динамично растущая российская компания, производящая широкий спектр средств бытовой химии. Начала свою деятельность в 2008 с создания эффективных пятновыводителей разных видов. В 2019 году прошло масштабное техническое переоснащение, что расширило возможности производства во всех категориях. Качество производства соответствует отраслевым стандартам. Научно-практическая разработка рецептур проводится на базе современных российских и мировых исследований в химии. Это гарантирует высокий уровень конкурентоспособности продукции компании.",Udalix,http://www.udalix.com,sales@himetika.ru,8-800-700-400-8,https://chemicos.ru/ru/company-card-axe?sendcompany=5836,5836,Х,"ХимЭтика ̶ динамично растущая российская компания, производящая широкий спектр средств бытовой химии. Начала свою деятельность в 2008 с создания эффективных пятновыводителей разных видов. В 2019 году прошло масштабное техническое переоснащение, что расширило возможности производства во всех категориях. Качество производства соответствует отраслевым стандартам. Научно-практическая разработка рецептур проводится на базе современных российских и мировых исследований в химии. Это гарантирует высокий уровень конкурентоспособности продукции компании. | ПРОФЕССИОНАЛЬНАЯ И БЫТОВАЯ ХИМИЯ | Udalix",ok,,2026-06-13T06:10:24Z,chemicos-joomla-catalog-v1.0.0
ChemiCos 2026,ЦЕНТР ПОДДЕРЖКИ ЭКСПОРТА ВЛАДИМИРСКОЙ ОБЛАСТИ,Россия,Владимир,"Россия, г. Владимир, ул. Мира, 15В, офис 303 +7 (4922) 22-25-88 +7 (4922) 22-25-98",91E62,,"ПРОФЕССИОНАЛЬНАЯ И БЫТОВАЯ ХИМИЯ, ТОВАРЫ ДЛЯ КРАСОТЫ И ЗДОРОВЬЯ, CHEMICOS INDUSTRY, CHEMIPACK","Мы работаем, чтобы помочь производителям ориентированной продукции Владимирской области выйти на зарубежные рынки, а также для увеличения экспортного потенциала региона и России в целом. Центр – это площадка международного и межрегионального сотрудничества, на которой компании Владимирской области презентуют свою продукцию. Он работает во взаимодействии с федеральными органами исполнительной власти, торговыми представительствами РФ в иностранных государствах и общественными объединениями предпринимателей.",,http://,info@export33.ryhttps,+7 (904) 650-03-19,https://chemicos.ru/ru/company-card-axe?sendcompany=5761,5761,Ц,"Мы работаем, чтобы помочь производителям ориентированной продукции Владимирской области выйти на зарубежные рынки, а также для увеличения экспортного потенциала региона и России в целом. Центр – это площадка международного и межрегионального сотрудничества, на которой компании Владимирской области презентуют свою продукцию. Он работает во взаимодействии с федеральными органами исполнительной власти, торговыми представительствами РФ в иностранных государствах и общественными объединениями предпринимателей. | ПРОФЕССИОНАЛЬНАЯ И БЫТОВАЯ ХИМИЯ, ТОВАРЫ ДЛЯ КРАСОТЫ И ЗДОРОВЬЯ, CHEMICOS INDUSTRY, CHEMIPACK",ok,,2026-06-13T06:10:24Z,chemicos-joomla-catalog-v1.0.0
ChemiCos 2026,ЦЕНТР ПОДДЕРЖКИ ЭКСПОРТА КАЛУЖСКОЙ ОБЛАСТИ,Россия,Калуга,"Россия, 248000, г. Калуга, ул. Театральная, д. 38а",91E61,,"ПРОФЕССИОНАЛЬНАЯ И БЫТОВАЯ ХИМИЯ, ТОВАРЫ ДЛЯ КРАСОТЫ И ЗДОРОВЬЯ, CHEMICOS INDUSTRY, CHEMIPACK","Центр поддержки экспорта Калужской области с октября 2011 года содействует в выходе на зарубежные рынки и развитию экспортного потенциала предпринимателей. С 2021 года Центр действует в форме АНО «Центр поддержки экспорта Калужской области». Центр обеспечивает: - поддержку и содействие развитию СМСП, осуществляющих поставки товаров (работ, услуг) на экспорт, а также экспортно ориентированных СМСП; - формирование благоприятной среды для возникновения конкурентоспособных товаров, работ, услуг, востребованных на внешних рынках, производимых СМСП.",,http://,info@kalugaexport.ryhttps,79108600160,https://chemicos.ru/ru/company-card-axe?sendcompany=5762,5762,Ц,"Центр поддержки экспорта Калужской области с октября 2011 года содействует в выходе на зарубежные рынки и развитию экспортного потенциала предпринимателей. С 2021 года Центр действует в форме АНО «Центр поддержки экспорта Калужской области». Центр обеспечивает: - поддержку и содействие развитию СМСП, осуществляющих поставки товаров (работ, услуг) на экспорт, а также экспортно ориентированных СМСП; - формирование благоприятной среды для возникновения конкурентоспособных товаров, работ, услуг, востребованных на внешних рынках, производимых СМСП. | ПРОФЕССИОНАЛЬНАЯ И БЫТОВАЯ ХИМИЯ, ТОВАРЫ ДЛЯ КРАСОТЫ И ЗДОРОВЬЯ, CHEMICOS INDUSTRY, CHEMIPACK",ok,,2026-06-13T06:10:24Z,chemicos-joomla-catalog-v1.0.0
ChemiCos 2026,ЦЕНТЭКО,Россия,о. Богородский,"Россия, МО, г. о. Богородский, территория АО КУДИНОВО, сооружение 17, пом. 1",91C21,,"ПРОФЕССИОНАЛЬНАЯ И БЫТОВАЯ ХИМИЯ, ПЕРСОНАЛЬНАЯ ГИГИЕНА","Является одним из ведущих российских производителей бытовой химии. В 2018 году компания пополнила ассортимент средствами для стирки. Благодаря активному развитию, масштабы производства ежегодно наращиваются. В 2025 году компания выпустила на рынок бренд под собственной торговой маркой – Snow Green. Современная линейка продукции бытовой химии по корейским технологиям, отвечающая современным трендам и запросам молодой аудитории. На стенде вы можете ознакомиться и приобрести товары.",Snow Green,http://tabletfabric.ru,office@centeco.ru,+7 (985) 220-56-52,https://chemicos.ru/ru/company-card-axe?sendcompany=5812,5812,Ц,"Является одним из ведущих российских производителей бытовой химии. В 2018 году компания пополнила ассортимент средствами для стирки. Благодаря активному развитию, масштабы производства ежегодно наращиваются. В 2025 году компания выпустила на рынок бренд под собственной торговой маркой – Snow Green. Современная линейка продукции бытовой химии по корейским технологиям, отвечающая современным трендам и запросам молодой аудитории. На стенде вы можете ознакомиться и приобрести товары. | ПРОФЕССИОНАЛЬНАЯ И БЫТОВАЯ ХИМИЯ, ПЕРСОНАЛЬНАЯ ГИГИЕНА | Snow Green",ok,,2026-06-13T06:10:24Z,chemicos-joomla-catalog-v1.0.0
ChemiCos 2026,ЭВА,Россия,Москва,"Фактический адрес: Россия, 123112, г. Москва, Пресненская наб. 12, этаж 12, оф. B. Башня Федерация (Восток). Юридический адрес: 613048, Кировская обл., г. Кирово-Чепецк, ул. Производственная, д. 2/9",92G41,,CHEMICOS INDUSTRY,"ООО «ЭВА» - компания-производитель ингредиентов для косметики и бытовой химии с высоким уровнем технической поддержки и клиентского сервиса. Наша Миссия – обеспечить сырьевую независимость России в высокотехнологичных химических ингредиентах. Компания ЭВА входит в производственный промышленный холдинг KCCC GROUP, основанный в 1997 году и развивающегося на принципах высокого качества в соответствии с международными стандартами.",EVAGUARD; EVAXEL; EVAPEARL; EVACLOUD; EVACRYL; EVAMULS; EVASURF; EVASENSE; EVASTER,http://www.eva-si.ru,info@eva-si.ru,7 (495) 744-39-44,https://chemicos.ru/ru/company-card-axe?sendcompany=5717,5717,Э,"ООО «ЭВА» - компания-производитель ингредиентов для косметики и бытовой химии с высоким уровнем технической поддержки и клиентского сервиса. Наша Миссия – обеспечить сырьевую независимость России в высокотехнологичных химических ингредиентах. Компания ЭВА входит в производственный промышленный холдинг KCCC GROUP, основанный в 1997 году и развивающегося на принципах высокого качества в соответствии с международными стандартами. | CHEMICOS INDUSTRY | EVAGUARD; EVAXEL; EVAPEARL; EVACLOUD; EVACRYL; EVAMULS; EVASURF; EVASENSE; EVASTER",ok,,2026-06-13T06:10:24Z,chemicos-joomla-catalog-v1.0.0
ChemiCos 2026,ЭКО-Мегаполис,Россия,Дзержинск,"Россия, г. Дзержинск, Нижегородская область, ул.Лермонтова 18 «Ш»",11А402,,"ПОСУДА И КУХНЯ, ДОМ И ИНТЕРЬЕР, ХОЗТОВАРЫ И УБОРКА, БЫТОВАЯ И ЦИФРОВАЯ ТЕХНИКА, ДАЧА И ЗАГОРОДНЫЙ ОТДЫХ, ТОВАРЫ ДЛЯ ДЕТЕЙ, УСЛУГИ, ТЕКСТИЛЬ ДЛЯ ДОМА , ТОВАРЫ ДЛЯ ЖИВОТНЫХ, ГАЛАНТЕРЕЯ","Компания «Эко-Мегаполис» - один из крупнейших производителей влажных салфеток, полотенец, саше и ватной продукции в России. Мы производим более 30 видов продукции под собственными марками и марками наших клиентов. Наша продукция проходит полный контроль качества как на стадии производства, так и на этапе выбора сырья. Наша аналитическая лаборатория оснащена самым современным оборудованием и проводит все необходимые тесты для обеспечения безупречного качества продукции. Мы доверяем только экологичным материалам и разрабатываем состав пропиток с помощью профессиональных технологов. При выборе продукции «Эко-Мегаполис» Вы можете быть уверены в ее качестве и надежности. Мы готовы предложить Вам широкий ассортимент влажных салфеток, полотенец, саше и ватной продукции, а также изготовим продукцию под Вашей собственной торговой маркой с учетом Ваших индивидуальных пожеланий.",Clinija; Мяг.ко; Лапушка,http://ecomegapolis.ru,info@eco-m52.ru,+7 831 281-60-90,https://chemicos.ru/ru/company-card-axe?sendcompany=5003,5003,Э,"Компания «Эко-Мегаполис» - один из крупнейших производителей влажных салфеток, полотенец, саше и ватной продукции в России. Мы производим более 30 видов продукции под собственными марками и марками наших клиентов. Наша продукция проходит полный контроль качества как на стадии производства, так и на этапе выбора сырья. Наша аналитическая лаборатория оснащена самым современным оборудованием и проводит все необходимые тесты для обеспечения безупречного качества продукции. Мы доверяем только экологичным материалам и разрабатываем состав пропиток с помощью профессиональных технологов. При выборе продукции «Эко-Мегаполис» Вы можете быть уверены в ее качестве и надежности. Мы готовы предложить Вам ",ok,,2026-06-13T06:10:24Z,chemicos-joomla-catalog-v1.0.0
ChemiCos 2026,ЭкоЛюкс,Россия,Краснодарский край. Армавир,"Россия, Краснодарский край. г. Армавир, ул. Линейная, д.21",92E31,,"ПРОФЕССИОНАЛЬНАЯ И БЫТОВАЯ ХИМИЯ, ПЕРСОНАЛЬНАЯ ГИГИЕНА","ООО «ЭкоЛюкс» – это современная, активно развивающаяся компания. Обладает достаточными ресурсами и возможностями для осуществления всех этапов процесса производства, включая разработку концепции, дизайн, изготовление тары и упаковки. Благодаря наличию полного производственного цикла, компания осуществляет изготовление продукции не только под собственными торговыми марками, но и контрактное производство. При производстве используются не только уникальные, но и экологичные формулы.",Only Dew; Green Dew,http://ekoluxe.ru,dew@alfahimgroup.ru,79282608504,https://chemicos.ru/ru/company-card-axe?sendcompany=5816,5816,Э,"ООО «ЭкоЛюкс» – это современная, активно развивающаяся компания. Обладает достаточными ресурсами и возможностями для осуществления всех этапов процесса производства, включая разработку концепции, дизайн, изготовление тары и упаковки. Благодаря наличию полного производственного цикла, компания осуществляет изготовление продукции не только под собственными торговыми марками, но и контрактное производство. При производстве используются не только уникальные, но и экологичные формулы. | ПРОФЕССИОНАЛЬНАЯ И БЫТОВАЯ ХИМИЯ, ПЕРСОНАЛЬНАЯ ГИГИЕНА | Only Dew; Green Dew",ok,,2026-06-13T06:10:24Z,chemicos-joomla-catalog-v1.0.0
ChemiCos 2026,Экотур,Россия,Искитим,"Россия, Новосибирская область, г. Искитим, ул. Кооперативная д.28 к. 1",92B71,,"ПРОФЕССИОНАЛЬНАЯ И БЫТОВАЯ ХИМИЯ, КОСМЕТИКА, ПЕРСОНАЛЬНАЯ ГИГИЕНА","Производитель бытовой химии под СТМ. Производство жидких моющих средств, в том числе гелей для стирки.",Экотур,http://экотур.store,,+7-996-548-25-78,https://chemicos.ru/ru/company-card-axe?sendcompany=5848,5848,Э,"Производитель бытовой химии под СТМ. Производство жидких моющих средств, в том числе гелей для стирки. | ПРОФЕССИОНАЛЬНАЯ И БЫТОВАЯ ХИМИЯ, КОСМЕТИКА, ПЕРСОНАЛЬНАЯ ГИГИЕНА | Экотур",ok,,2026-06-13T06:10:24Z,chemicos-joomla-catalog-v1.0.0
ChemiCos 2026,Эфко Косметик,Россия,Россия Воронежская область,"Россия Воронежская область, 396840, Хохольский район, р.п. Хохольский, ул. Дорожная, 2Б",91C44,,"ПРОФЕССИОНАЛЬНАЯ И БЫТОВАЯ ХИМИЯ, КОСМЕТИКА, ПЕРСОНАЛЬНАЯ ГИГИЕНА, ТОВАРЫ ДЛЯ КРАСОТЫ И ЗДОРОВЬЯ","ЭФКО Косметик - современное высокотехнологичное предприятие с полностью автоматизированными линиями и контролем качества на всех этапах. Производим продукцию под собственными брендами («Malio», «Ice Caprice», «Lexi» и пр.) и по контракту для известных брендов: Camay, Чистая линия, Fax, Duru, Synergetic, BioMio, а также СТМ сетей: «Красная цена», «Каждый день», «AMA MAMA», «Delivea». Одно из наших преимуществ - единственная в России линия двухцветного мыла multicolor. География экспорта - страны СНГ, Китай, Грузия и др. Мы первыми в России создали косметические линейки Malio и Ice Caprice на основе масла ши - для тех, кто выбирает натуральный уход и заботу о коже. Приглашаем вас ознакомиться с нашими последними разработками в области мыловарения и косметики, протестировать образцы и обсудить сотрудничество. Оцените уникальные продукты multicolor - единственные в стране решения с премиальной эстетикой и дизайном. Мы открыты к новым партнёрствам и предлагаем полный цикл контрактного производства «под ключ».",Ice Caprice; Malio; Lexi; Magic Drive; Caprice; Fresh; Роса,http://www.efko.ru,info@efko.ru,8-800-200-70-80,https://chemicos.ru/ru/company-card-axe?sendcompany=5763,5763,Э,"ЭФКО Косметик - современное высокотехнологичное предприятие с полностью автоматизированными линиями и контролем качества на всех этапах. Производим продукцию под собственными брендами («Malio», «Ice Caprice», «Lexi» и пр.) и по контракту для известных брендов: Camay, Чистая линия, Fax, Duru, Synergetic, BioMio, а также СТМ сетей: «Красная цена», «Каждый день», «AMA MAMA», «Delivea». Одно из наших преимуществ - единственная в России линия двухцветного мыла multicolor. География экспорта - страны СНГ, Китай, Грузия и др. Мы первыми в России создали косметические линейки Malio и Ice Caprice на основе масла ши - для тех, кто выбирает натуральный уход и заботу о коже. Приглашаем вас ознакомиться ",ok,,2026-06-13T06:10:24Z,chemicos-joomla-catalog-v1.0.0
ChemiCos 2026,ЮВМилк,Россия,Воронежская обл,"Россия, Воронежская обл, Воронеж г, Тепличная ул, д 26/8, офис 1",92B21,,CHEMICOS INDUSTRY,"Российское производство фильтровального оборудования для очистки сырья, ингредиентов, готовой продукции на сельскохозяйственных, пищевых перерабатывающих заводах и промышленных предприятиях.",UVMILK®; UVCHEMICAL®; UVAIR®,http://www.uvmilk.ru,uv@uvmilk.ry,8 800 200 03 38,https://chemicos.ru/ru/company-card-axe?sendcompany=5891,5891,Ю,"Российское производство фильтровального оборудования для очистки сырья, ингредиентов, готовой продукции на сельскохозяйственных, пищевых перерабатывающих заводах и промышленных предприятиях. | CHEMICOS INDUSTRY | UVMILK®; UVCHEMICAL®; UVAIR®",ok,,2026-06-13T06:10:24Z,chemicos-joomla-catalog-v1.0.0
ChemiCos 2026,ЮВС,Россия,Боровск,"Россия, г. Боровск, Калужской обл., ул. Берникова, 122",92A18,,CHEMICOS INDUSTRY,"Завод «ЮВС» разрабатывает и изготавливает оборудование для производства товаров бытовой химии, гигиенических средств, косметики и парфюмерии, моющих и чистящих средств, химико-фармацевтической продукции: емкости нержавеющие с перемешивающими устройствами и без, дежи, смесители, вакуумные миксеры, диссольверы, реакторы различных типов, мыловаренные, плавильные, варочные, охлаждающие котлы, экстракторы, эмульгаторы, многофункциональные технологические линии, нестандартное оборудование.",,http://www.uvsprom.ru,prom@uvsprom.ru,+7 (48438) 66074,https://chemicos.ru/ru/company-card-axe?sendcompany=5884,5884,Ю,"Завод «ЮВС» разрабатывает и изготавливает оборудование для производства товаров бытовой химии, гигиенических средств, косметики и парфюмерии, моющих и чистящих средств, химико-фармацевтической продукции: емкости нержавеющие с перемешивающими устройствами и без, дежи, смесители, вакуумные миксеры, диссольверы, реакторы различных типов, мыловаренные, плавильные, варочные, охлаждающие котлы, экстракторы, эмульгаторы, многофункциональные технологические линии, нестандартное оборудование. | CHEMICOS INDUSTRY",ok,,2026-06-13T06:10:24Z,chemicos-joomla-catalog-v1.0.0
