event_name,event_dates,company_name,company_short_name,products,country,city,address,stand,pavilion,rubrics,product_notes,brands,website,public_email,public_phone,source_url,exhibitor_id,evidence_snippet,parse_status,missing_fields,scraped_at,parser_version,source_sheet,source_detail_sha256,detail_cache_file
China Commodity Fair 2026,25–27 августа 2026,"Anhua Xianglong Tea Industry Co., Ltd",Anhua Xianglong Tea Industry,продукты питания,Китай,Москва,"Китай, Yiyang City, Hunan Province, Qingtangpu Town, Anhua County, Yiyang City, Hunan Province",1E14,1,Продукты питания и сельскохозяйственная продукция,,,,252936513@qq.com,+0086_(_18230506625__)___-__-__,https://online.gefera.ru/info/ICF26/catalog/917141e5-bf9b-b84b-e761-1274de235e62/,917141e5-bf9b-b84b-e761-1274de235e62,"Компания «Anhua Xianglong Tea Industry» основана в 2018 году в уезде Аньхуа провинции Хунань, на родине черного чая, и специализируется на премиальном бутиковом чае с полным замкнутым циклом производства. Предприятие обладает эксклюзивными плантациями на главном пике горы Фужун на высоте свыше 800 метров, где редкие ледниковые моренные почвы, насыщенные минералами, и уникальный высокогорный климат в сочетании со строгим органическим земледелием придают чайному листу непревзойденное скальное очарование. Опираясь на тысячелетние традиции Чайного конного пути и нематериальное наследие ручного мастерства, компания отказалась от массового выпуска в пользу высокого сегмента, отбирая ранневесеннее сырье и соединяя вековые методы с современным контролем для создания темного, органического зеленого и изысканного черного чая, который отличают стойкие скальные ноты, цветочный аромат, мягкий вкус и долгое сладкое послевкусие. Продукция ориентирована на дегустации, подарки, коллекционирование и долгосрочный рост ценности. Сотрудничая с потомственными чаеводами, фирма развивает органические сады, поддерживает сельские территории и целенаправленно строит первоклассный бренд с уникальным характеро",detail_parsed,,2026-08-24T05:32:09Z,china-commodity-fair-2026-gefera-public-catalog-signo-v1.0.1,gefera_icf26_public_catalog_count_all_ru,05a980933c1b6b6b173c818fdecd8d65b46d5c345e46eadbc51a2dceed7ddbe9,source/detail_pages/detail_917141e5-bf9b-b84b-e761-1274de235e62.html
China Commodity Fair 2026,25–27 августа 2026,"Anhui BB-FOX Stationery Co., Ltd",Anhui BB-FOX Stationery,подарки и товары для праздника,Китай,Москва,"Китай, Чжоучжоу, г. Чжучжоу, провинция Аньхой, район Лайань, зона экономического развития, улица Чуанъе, 91",1F33,1,Подарки и товары для праздника,,,http://www.bb-fox.en.alibaba.com,angela@bb-fox.com,+86(055)5605-5888,https://online.gefera.ru/info/ICF26/catalog/7ee9c3a0-3a6e-2239-59a6-29abde78a07c/,7ee9c3a0-3a6e-2239-59a6-29abde78a07c,"Компания «Anhui BB-Fox Stationery», основанная в 2017 году, является акционерным предприятием с правом самостоятельного ведения экспортно-импортных операций. Организация специализируется на дизайне, разработке и изготовлении бытовых, ученических и офисных клеевых составов, а также принадлежностей для художественной живописи. Завод фирмы занимает территорию более 30 000 квадратных метров. В штате трудятся опытные разработчики с многолетней экспертизой, а производство оснащено множеством полностью автоматических линий. Полностью роботизированный интеллектуальный цех, спроектированный совместно с японскими дизайнерами, соответствует управленческим стандартам 6S и международным сертификационным требованиям, включая BSCI. Предприятие также обладает сертификатами систем менеджмента ISO9001, ISO14001 и ISO45001.",detail_parsed,,2026-08-24T05:32:09Z,china-commodity-fair-2026-gefera-public-catalog-signo-v1.0.1,gefera_icf26_public_catalog_count_all_ru,b95b5bb4c90d49e73b8e1f2c116180f8d278d5f0d26e404af8fb037be4d5fbaa,source/detail_pages/detail_7ee9c3a0-3a6e-2239-59a6-29abde78a07c.html
China Commodity Fair 2026,25–27 августа 2026,"Anhui Harold Import And Export Co., Ltd",Anhui Harold Import And Export,"товары для спорта и фитнеса, детские товары и игрушки, бытовая техника и электроника, товары для дома и кухни",Китай,Москва,"Китай, Hefei, Room 802, Building 31, Jingangwan Mansion, No. 1999 Changning Avenue, High-tech Zone",1F46,1,Товары для фитнеса и спорта; Детские товары и игрушки; Бытовая техника и электроника; Товары для дома и кухни,,,,,,https://online.gefera.ru/info/ICF26/catalog/2ec51cbc-f71b-ed91-0b02-57522b08ea1e/,2ec51cbc-f71b-ed91-0b02-57522b08ea1e,"Компания «Anhui Harold Import And Export», зарегистрированная в 2024 году в высокотехнологичной зоне Хэфэя, — многопрофильное внешнеторговое предприятие с полным правом на импорт и экспорт, опирающееся на производственный потенциал провинции Аньхой и объединяющее подбор продукции, контроль качества, международные продажи и логистику «под ключ» для дистрибьюторов, розничных сетей и брендов. Ключевой портфель охватывает электровелосипеды и запчасти, внедорожную мототехнику, мебель, товары повседневного спроса и детские игрушки. Сотрудничество с десятками сертифицированных заводов позволяет гибко выполнять кастомизацию, оптовые и сборные контейнерные поставки, а строгий предотгрузочный контроль обеспечивает соответствие стандартам ЕС, Юго-Восточной Азии и Латинской Америки. Глобальная логистическая сеть компании включает морские, авиа- и железнодорожные перевозки с таможенным оформлением, складским обслуживанием и доставкой до двери, а активное участие в международных выставках и отзывчивая послепродажная поддержка помогают выстраивать долгосрочное доверие партнеров из Европы, Юго-Восточной Азии, Ближнего Востока и Южной Америки.",detail_parsed,,2026-08-24T05:32:09Z,china-commodity-fair-2026-gefera-public-catalog-signo-v1.0.1,gefera_icf26_public_catalog_count_all_ru,78c1c4d78d1ffd95800a53d1b2b10e8dfa11073656c5d762320c0d327527b8cd,source/detail_pages/detail_2ec51cbc-f71b-ed91-0b02-57522b08ea1e.html
China Commodity Fair 2026,25–27 августа 2026,Anhui Wen Xia Import And Export Trading,Anhui Wen Xia Import And Export Trading,"бытовая техника и электроника, товары для дома и кухни",Китай,Москва,"Китай, wuhu, wuhu",1F54,1,Бытовая техника и электроника; Товары для дома и кухни,,,http://www.WenXia.com,,,https://online.gefera.ru/info/ICF26/catalog/df26bad1-3c49-bb5c-0a5c-884cd2014466/,df26bad1-3c49-bb5c-0a5c-884cd2014466,"Компания «Anhui Wenxia Import & Export Trading» основана в 2022 году в городе Уху провинции Аньхой и обладает полным объемом прав на импорт и экспорт для ведения глобальной торговой деятельности. Предприятие поставляет широкий спектр продукции, включая автомобильные запчасти, металлические материалы, скобяные изделия, пластиковую продукцию, текстиль, строительные материалы и товары повседневного спроса. Организация предоставляет комплексные услуги, охватывающие сорсинг продукции, управление цепочками поставок и экспортное агентирование. Фирма проводит строгий отбор поставщиков и контролирует качество продукции. Придерживаясь принципов конкурентного ценообразования и эффективного сервиса, компания стремится выстраивать стабильные и взаимовыгодные деловые партнерства с клиентами по всему миру.",detail_parsed,,2026-08-24T05:32:09Z,china-commodity-fair-2026-gefera-public-catalog-signo-v1.0.1,gefera_icf26_public_catalog_count_all_ru,7ac600d5afd5ea97af8d0e23b6529728d50d852a7ac3d902aaeee251fe4e291e,source/detail_pages/detail_df26bad1-3c49-bb5c-0a5c-884cd2014466.html
China Commodity Fair 2026,25–27 августа 2026,"Anhui Yingluoni lntemational Trade Co., Ltd",Anhui Yingluoni lntemational Trade,"бытовая техника и электроника, товары для дома и кухни",Китай,Москва,"Россия, HEFEI, HEFEI",1D21,1,Бытовая техника и электроника; Товары для дома и кухни,,,http://ww.yingluoni.com,,,https://online.gefera.ru/info/ICF26/catalog/7d6622c3-2f21-adab-abaf-d8015d27d2b6/,7d6622c3-2f21-adab-abaf-d8015d27d2b6,"Компания «Anhui Inloni International Trade», основанная в 2021 году и базирующаяся в городе Хэфэй провинции Аньхой, является многопрофильным экспортно-импортным предприятием с полным объемом внешнеторговых прав. Организация специализируется на поставках автомобильных запчастей, металлоизделий, товаров повседневного спроса, скобяных изделий и продукции для дома. Объединяя сорсинг, торговое агентирование и комплексные экспортные услуги в формате «одного окна», фирма обслуживает клиентов на множестве зарубежных рынков.",detail_parsed,,2026-08-24T05:32:09Z,china-commodity-fair-2026-gefera-public-catalog-signo-v1.0.1,gefera_icf26_public_catalog_count_all_ru,76ad5ccb944159fda0d93946f2d774433ef83172c7cad271b8ef4a549b65a7d4,source/detail_pages/detail_7d6622c3-2f21-adab-abaf-d8015d27d2b6.html
China Commodity Fair 2026,25–27 августа 2026,Asia Pacific,Asia Pacific,,Китай,Москва,"Россия, 127055, Москва, Москва, Лесная 43",1E43,1,Единый консультационный центр,service/unsuitable category terms excluded: Единый консультационный центр; service/unsuitable category terms excluded: Единый консультационный центр,,https://as-pacific.com/,,,https://online.gefera.ru/info/ICF26/catalog/2b25d9be-e74c-2e37-1e1a-165e228cccde/,2b25d9be-e74c-2e37-1e1a-165e228cccde,"Компания «Asia Pacific» — это агентство полного цикла, сфокусированное исключительно на Китае. С 2017 года офисы организации в России и Китае помогают как российским, так и зарубежным компаниям выстраивать действенное присутствие на китайском рынке. В портфель услуг фирмы входят аналитика рынка, стратегический и юридический консалтинг, локализация, маркетинговое продвижение, взаимодействие с китайскими средствами массовой информации, работа на цифровых площадках и проведение офлайн-мероприятий. Отличительными чертами корпорации служат доскональное знание рыночной среды, тонкое понимание культурной специфики и многолетний практический багаж.",detail_parsed,products,2026-08-24T05:32:09Z,china-commodity-fair-2026-gefera-public-catalog-signo-v1.0.1,gefera_icf26_public_catalog_count_all_ru,e58bf8dbcb4f292c424f141d2386baf4a99237a47fb3e95c1858948a64b5538b,source/detail_pages/detail_2b25d9be-e74c-2e37-1e1a-165e228cccde.html
China Commodity Fair 2026,25–27 августа 2026,"BEIJING TIO TRADING CO., LTD",Beijing Tio Trading,"подарки и товары для праздника, товары для дома и кухни",Китай,Москва,"Китай, China, Beijing, DREAM2049 International Cultural and Creative Industry Park - Building C16",1B35,1,Подарки и товары для праздника; Товары для дома и кухни,,-,,jennifer@tiodesign.cn,+86(187)1019-0293,https://online.gefera.ru/info/ICF26/catalog/408a3cad-cb38-a8ac-a901-9417c957f370/,408a3cad-cb38-a8ac-a901-9417c957f370,"Компания «Beijing Zhongcheng Tianao Trading», основанная в 2016 году и базирующаяся в пекинском районе Чаоян, является многопрофильным торговым предприятием, объединяющим экспортно-импортную деятельность, поставки строительных материалов, промышленного оборудования, автозапчастей и централизованные закупки товаров повседневного спроса. Накопив за годы работы глубокий опыт в сфере внутренних инженерных закупок и зарубежного импорта, организация располагает стабильными зарубежными каналами поставок, отечественной системой складирования и распределения, а также зрелыми ресурсами в области цепочек поставок. Это позволяет компании предоставлять комплексные услуги по единому снабжению, оптовым поставкам и внешнеторговому агентированию для муниципальных и инфраструктурных проектов, промышленных и горнодобывающих предприятий, авторемонтной отрасли и государственных заказчиков. Придерживаясь философии добросовестности, качества, честности и эффективного сервиса, фирма завоевала признание и доверие партнеров по всей стране благодаря экономически выгодной продукции и профессиональной поддержке.",detail_parsed,,2026-08-24T05:32:09Z,china-commodity-fair-2026-gefera-public-catalog-signo-v1.0.1,gefera_icf26_public_catalog_count_all_ru,1cb5c718802ace6e2fbdfb9a99ebcdfd06465665cc4e9ee2aba5799bb9c7c041,source/detail_pages/detail_408a3cad-cb38-a8ac-a901-9417c957f370.html
China Commodity Fair 2026,25–27 августа 2026,"BEIPOO ARTS & CRAFTS CO., LTD",Beipoo Arts & Crafts,"товары для спорта и фитнеса, детские товары и игрушки, подарки и товары для праздника, товары для сада и отдыха",Китай,Москва,"Китай, 315000, Нинбо, 18-й этаж, Международный центр «Хуахун». Улица Чжунсин, д. 717, район Иньчжоу",1F37,1,Товары для фитнеса и спорта; Детские товары и игрушки; Подарки и товары для праздника; Товары для сада и отдыха на природе,,БЕЙПУ,,info@beipoo.com,+86(574)5566-3228,https://online.gefera.ru/info/ICF26/catalog/12f628b5-839f-fcf0-82ce-83b8eeedaba5/,12f628b5-839f-fcf0-82ce-83b8eeedaba5,"Компания ""BEIPOO"", опираясь на двадцатилетний опыт в сфере разработки и производства, предлагает своим клиентам тщательно отобранную коллекцию игрушек, товаров для творчества, спортивных принадлежностей и садовых инструментов. Ассортимент организации охватывает широкий спектр направлений: от развивающих и STEM-наборов до сюжетно-ролевых игр. Продукция BEIPOO ARTS & CRAFTS CO., LTD неизменно стимулирует детское творчество, открывая перед ребенком безграничный простор для воображения и фантазии. Видение предприятия строится на таких ключевых ценностях, как увлеченность процессом, познание, создание атмосферы семейного веселья и единство. Сегодня корпорация продолжает активно работать в сфере деревянного производства и готова реализовать индивидуальные проекты любой сложности, гибко адаптируя различные категории деревянных изделий под растущие запросы своих заказчиков.",detail_parsed,,2026-08-24T05:32:09Z,china-commodity-fair-2026-gefera-public-catalog-signo-v1.0.1,gefera_icf26_public_catalog_count_all_ru,97af39f07e67b650e4f6f6af8056197f4ddfc03bd4fb49cf6f91d2d70cf30576,source/detail_pages/detail_12f628b5-839f-fcf0-82ce-83b8eeedaba5.html
China Commodity Fair 2026,25–27 августа 2026,"Beijing Housewares Industries, Ltd",Beijing Housewares Industries,товары для дома и кухни,Китай,Москва,"Китай, Пекин, Здание Сихуэй, район Чаоян",1G02,1,Товары для дома и кухни,,,http://www.wrh-housewares.cc,,,https://online.gefera.ru/info/ICF26/catalog/3beeaa46-5016-3cd4-b7e7-9eabf9a266ef/,3beeaa46-5016-3cd4-b7e7-9eabf9a266ef,"Компания «Beijing Housewares Industries», основанная в 1994 году, является мировым лидером в индустрии домашнего декора. Охватывая весь цикл от проектирования и производства до экспорта, предприятие выпускает разнообразные стильные, роскошные и повседневные изделия из стекла, металла и мрамора. На протяжении более чем двадцати лет Beijing Housewares Industries создает выдающуюся продукцию и поддерживает безупречную репутацию, предлагая клиентам непревзойденный премиальный сервис, основанный на самом профессиональном и надежном подходе.",detail_parsed,,2026-08-24T05:32:09Z,china-commodity-fair-2026-gefera-public-catalog-signo-v1.0.1,gefera_icf26_public_catalog_count_all_ru,6bfe0b00f7be2e88e491a5408f0e7f22fe5ef30628c205bcfb6a0a366d8a86a8,source/detail_pages/detail_3beeaa46-5016-3cd4-b7e7-9eabf9a266ef.html
China Commodity Fair 2026,25–27 августа 2026,"CHANGZHOU SHULE KITCHEN UTENSILS CO., LTD",Changzhou Shule Kitchen Utensils,"бытовая техника и электроника, товары для дома и кухни",Китай,Москва,"Россия, 213135, Changzhou, No 19 CUIPINGHU ROAD, XIXIASHU, XINBEI, CHANGZHOU, JIANGSU, CHINA",1F09,1,Бытовая техника и электроника; Товары для дома и кухни,,,http://www.shulechina.com,,,https://online.gefera.ru/info/ICF26/catalog/e0033d07-d74a-6d0c-d848-db2357d151f2/,e0033d07-d74a-6d0c-d848-db2357d151f2,"Завод компании «CHANGZHOU SHULE KITCHEN UTENSILS» находится на западе Чанчжоу провинции Цзянсу и уже более двадцати лет входит в число крупнейших мировых производителей машин для пасты. Предприятие насчитывает более 500 сотрудников и размещается на территории 78 000 квадратных метров. В ассортимент помимо паста-машин входят равиольницы, оборудование для печенья, овощерезки, аппараты для попкорна и вспомогательные аксессуары. Ежегодно свыше 1 800 000 машин для пасты отгружается в Европу, на Ближний Восток, в Юго-Восточную Азию, Австралию, Южную Америку и США, а постоянными партнерами выступают такие розничные сети, как ALDI и LIDL. Качество процессов подтверждено сертификатами ISO 9001 и ISO 14001, а готовые изделия имеют допуски CE, GS и UL.",detail_parsed,,2026-08-24T05:32:09Z,china-commodity-fair-2026-gefera-public-catalog-signo-v1.0.1,gefera_icf26_public_catalog_count_all_ru,113b7c8023d081a4ed4238b2d9d771de3afc40c47ed8c52d17920f5e2dba2301,source/detail_pages/detail_e0033d07-d74a-6d0c-d848-db2357d151f2.html
China Commodity Fair 2026,25–27 августа 2026,"Cangzhou Longlin Trading Co., Ltd",Cangzhou Longlin Trading,"подарки и товары для праздника, товары для дома и кухни",Китай,Москва,"Китай, N/A, N/A",1A38,1,Подарки и товары для праздника; Товары для дома и кухни,,,,frank@centrart-glass.com,,https://online.gefera.ru/info/ICF26/catalog/f1c46b48-c50a-68c0-737c-e319ad458cf3/,f1c46b48-c50a-68c0-737c-e319ad458cf3,"Компания «Cangzhou Longlin Trading» работает с 2020 года, в ее распоряжении три завода с суммарной годовой мощностью свыше 24 000 тонн. Специализация предприятия — цветные стеклянные стаканы, подсвечники, стекло для ванных комнат и декоративные вазы. Ассортиментный портфель насчитывает более 5 000 серий, которые находят сбыт по всему миру. Посетить производство можно в любое удобное время.",detail_parsed,,2026-08-24T05:32:09Z,china-commodity-fair-2026-gefera-public-catalog-signo-v1.0.1,gefera_icf26_public_catalog_count_all_ru,8bc048b35310528b2ec69e59949f18c0976187420181acfd3725c40b780ac3be,source/detail_pages/detail_f1c46b48-c50a-68c0-737c-e319ad458cf3.html
China Commodity Fair 2026,25–27 августа 2026,"Changzhou Bestfull E-Сommerce Co., Ltd",Changzhou Bestfull E-Сommerce,"продукты питания, товары для спорта и фитнеса, одежда и аксессуары, детские товары и игрушки, товары для красоты и здоровья",Китай,Москва,"Китай, Changzhou, No. 196 Dongsheng Road, Liyang City, Jiangsu Province",1A25,1,Продукты питания и сельскохозяйственная продукция; Товары для фитнеса и спорта; Одежда и аксессуары; Детские товары и игрушки; Товары для здоровья и красоты; Подарки и товары для праздника; Товары для сада и отдыха на природе; Бытовая техника и электроника; Товары для дома и кухни,,,,,,https://online.gefera.ru/info/ICF26/catalog/2b4632a5-9230-fcdd-88ec-bd0e3e187643/,2b4632a5-9230-fcdd-88ec-bd0e3e187643,"Компания «Changzhou Bestbuy E-commerce» специализируется на онлайн-рознице бытовых товаров повседневного спроса, предлагая потребителям удобный шопинг за счет тщательно отобранного ассортимента и высокой операционной эффективности.",detail_parsed,,2026-08-24T05:32:09Z,china-commodity-fair-2026-gefera-public-catalog-signo-v1.0.1,gefera_icf26_public_catalog_count_all_ru,ef0d8a11affe62da6ba972307b7516dc683ae54e79da3f602e979672044d2221,source/detail_pages/detail_2b4632a5-9230-fcdd-88ec-bd0e3e187643.html
China Commodity Fair 2026,25–27 августа 2026,"DALIAN GOLDEN SOURCE HOUSEWARES CO., LTD",Dalian Golden Source Housewares,товары для дома и кухни,Китай,Москва,"Китай, Далянь, Китай, г. Далянь, район Шахэкоу, площадь Синьхай, корпус F, помещение 7-5",1C33,1,Товары для дома и кухни,,,http://dl-goldensource.com/EN/products.aspx?ProductsCateID=55&CateID=55,rachel@dl-goldensouce.com; shelly@dl-goldensource.com; victor@dl-goldensource.com,,https://online.gefera.ru/info/ICF26/catalog/ade53b35-2b1a-c322-f91a-66e243ff913c/,ade53b35-2b1a-c322-f91a-66e243ff913c,"Компания «DALIAN GOLDEN SOURCE HOUSEWARES», работающая с 2000 года, поставляет чистящие средства, бытовой пластик, щетки и метлы, домашний текстиль, товары для кемпинга, декор и другие повседневные товары крупным розничным сетям и оптовым покупателям из Японии, Северной Америки, Европы и Юго-Восточной Азии. Команда контроля качества из 30 специалистов сопровождает весь цикл от сырья до готовой продукции, при этом фирма предлагает полную кастомизацию размеров и цветов, имея заводскую приемку Walmart и TESCO. Управленческая и торговая команда организации с опытом более пяти лет сотрудничает с 50 с лишним фабриками, обеспечивая подбор качественных товаров по выгодным ценам. В ассортимент входят швабры, щетки, полотенца, мусорные и вакуумные пакеты, москитные сетки, скатерти, кемпинговое снаряжение и декоративные изделия, а постоянное обновление моделей позволяет ежегодно увеличивать объем продаж на 20 процентов, ведь 9 из 10 клиентов возвращаются за повторными заказами.",detail_parsed,,2026-08-24T05:32:09Z,china-commodity-fair-2026-gefera-public-catalog-signo-v1.0.1,gefera_icf26_public_catalog_count_all_ru,25204c5061977e0a4fffa1a289f29c1dba1bb9bb0bccba321853f14dce4477aa,source/detail_pages/detail_ade53b35-2b1a-c322-f91a-66e243ff913c.html
China Commodity Fair 2026,25–27 августа 2026,"DALIAN SUN LIFE HOUSEWARES CO., LTD",Dalian Sun Life Housewares,товары для дома и кухни,Китай,Москва,"Китай, 116001, DALIAN, ROOM 1020,UNIT 1,No.42,SHANGHAI ROAD, ZHONGSHAN DIST, DALIAN CITY, LIAONING PROVINCE,CHINA",1C22,1,Товары для дома и кухни,,,,kenny@sunlife-housewares.com.cn,+86(411)8271-0559,https://online.gefera.ru/info/ICF26/catalog/2a0240c0-478f-9285-ca7d-cf99682177cd/,2a0240c0-478f-9285-ca7d-cf99682177cd,"Компания «DALIAN SUN LIFE HOUSEWARES» поставляет экспортную продукцию первого класса в развивающиеся страны. Ежегодный объем экспорта организации в США и Канаду составляет порядка 2 миллионов долларов, аналогичная сумма приходится и на европейский рынок. Предприятие размещает рекламу в американских и европейских журналах по интерьеру и декору, а его продукция пользуется широкой известностью в этих странах.",detail_parsed,,2026-08-24T05:32:09Z,china-commodity-fair-2026-gefera-public-catalog-signo-v1.0.1,gefera_icf26_public_catalog_count_all_ru,db3473823778abdfdee9e0dd0794e4128f52435cebdb6c38cda54c789685ef53,source/detail_pages/detail_2a0240c0-478f-9285-ca7d-cf99682177cd.html
China Commodity Fair 2026,25–27 августа 2026,"DEHUA KAIYUAN PORCELAIN INDUSTRY CO., LTD",Dehua Kaiyuan Porcelain Industry,"подарки и товары для праздника, товары для дома и кухни",Китай,Москва,"Китай, 362500, QUANZHOU, No. 12 Baomei Street, Longxun Town, Dehua County, Quanzhou, Fujian",1F38,1,Подарки и товары для праздника; Товары для дома и кухни,,,,shirly@kaiyuan1995.com,+86(595)2428-5921,https://online.gefera.ru/info/ICF26/catalog/b180e009-00fd-da1e-6175-814f5dabae79/,b180e009-00fd-da1e-6175-814f5dabae79,"Компания «DEHUA KAIYUAN PORCELAIN INDUSTRY» с 1995 года специализируется на дизайне и производстве керамики, делая ставку на выдающийся дизайн и высокое качество продукции. В штате организации трудятся 300 квалифицированных сотрудников, обслуживающих таких мировых клиентов, как Walmart, ASDA и RAYWARE. Ежегодно предприятие экспортирует 5 миллионов фарфоровых изделий с оборотом свыше 5 миллионов долларов США, а четыре передовые линии обжига и превосходное оснащение гарантируют оперативные поставки и стабильное качество. Фирма придерживается ключевой философии «качество прежде всего и ориентация на клиента» и тепло приглашает всех заказчиков посетить производство и изучить возможности сотрудничества.",detail_parsed,,2026-08-24T05:32:09Z,china-commodity-fair-2026-gefera-public-catalog-signo-v1.0.1,gefera_icf26_public_catalog_count_all_ru,be99c809b4fcbe809335f099ff879ca86a15326c7cca4d84bba5f98066242f4c,source/detail_pages/detail_b180e009-00fd-da1e-6175-814f5dabae79.html
China Commodity Fair 2026,25–27 августа 2026,"EAGLE RESOURCES TRADING (XIAMEN), LIMITED",Eagle Resources Trading (Xiamen),"подарки и товары для праздника, товары для сада и отдыха, товары для дома и кухни",Китай,Москва,"Китай, 361012, XIAMEN, 15th Floor, Yinlong Building, 258 Dongdu Road, Huli District, Xiamen, Fujian",1B13,1,Подарки и товары для праздника; Товары для сада и отдыха на природе; Товары для дома и кухни,,,http://www.eagleresources.com.cn,andy@eagleresources.com.cn,+86(592)6016-199,https://online.gefera.ru/info/ICF26/catalog/2b5a410c-b1ec-cacc-be8a-da696a30a990/,2b5a410c-b1ec-cacc-be8a-da696a30a990,"Основанная в 1991 году, компания «Eagle Profit Trading», опирается на более чем тридцатилетний опыт международной торговли и руководствуется ключевой философией: ""качество — фундамент устойчивого успеха"". Пройдя эволюцию от классического трейдинга к вертикально интегрированной структуре, фирма вкладывает средства в высококлассные производства и связывает себя с ними партнерскими узами. Это дает заказчикам абсолютную ясность по структуре затрат и честное ценообразование, приоритетную постановку заказов в график с гарантией отгрузки точно в срок и непрерывный внутренний аудит, поддерживающий жесткие стандарты на всех стадиях работы.",detail_parsed,,2026-08-24T05:32:09Z,china-commodity-fair-2026-gefera-public-catalog-signo-v1.0.1,gefera_icf26_public_catalog_count_all_ru,ec2fd9aabb99468d265240e012964961059502d43f444b1d5f4368f42fb648a6,source/detail_pages/detail_2b5a410c-b1ec-cacc-be8a-da696a30a990.html
China Commodity Fair 2026,25–27 августа 2026,"FUJIAN CASA BONITA GIFT & HOUSEWARE CO., LTD",Fujian Casa Bonita Gift & Houseware,"подарки и товары для праздника, товары для дома и кухни",Китай,Москва,"Китай, Quanzhou, No. 5 Fengying Road, Beifeng Industrial Zone, Fengze District",1C10,1,Подарки и товары для праздника; Товары для дома и кухни,,,http://www.casabonitagift.com,,,https://online.gefera.ru/info/ICF26/catalog/5c9ea3b6-fcec-81fa-c4e3-c6c2d1e3b0ec/,5c9ea3b6-fcec-81fa-c4e3-c6c2d1e3b0ec,"Компания «Fujian Casa Bonita Gift & Houseware», основанная 8 января 2004 года, специализируется на реализации товаров для дома, подарков, бонсай, цветочных композиций, обиходных предметов, бытовой техники и спортивного инвентаря, параллельно занимаясь дизайн-проектами по оформлению интерьеров и обладая правами на самостоятельный и агентский импорт и экспорт различных товарных категорий и технологий. Предприятие разрабатывает и выпускает декоративные изделия из смолы и керамики, а также владеет функциональными подарочными линейками, такими как мультяшные копилки и магниты на холодильник под собственным брендом Coke&Kitty, делая мощный акцент на продуктовых инновациях и ежегодно создавая тысячи новых наименований продукции.",detail_parsed,,2026-08-24T05:32:09Z,china-commodity-fair-2026-gefera-public-catalog-signo-v1.0.1,gefera_icf26_public_catalog_count_all_ru,9b5772d16e209398aaf8302c3f3746400add4374261bea54fa6503953afd9a85,source/detail_pages/detail_5c9ea3b6-fcec-81fa-c4e3-c6c2d1e3b0ec.html
China Commodity Fair 2026,25–27 августа 2026,"FUJIAN DEHUA ARTSWAY IMPORT AND EXPORT., LTD",Fujian Dehua Artsway Import And Export.,товары для дома и кухни,Китай,Москва,"Китай, 362500, Quanzhou, No. 116 Longxun Road, Baomei Industrial Zone, Longxun Town, Dehua County",1A51,1,Товары для дома и кухни,,,http://www.artsway.net,info@artsway.net,,https://online.gefera.ru/info/ICF26/catalog/0235a5b5-d19c-52c9-1f83-8e0cbc1698fb/,0235a5b5-d19c-52c9-1f83-8e0cbc1698fb,"Компания «FUJIAN DEHUA ARTSWAY IMPORT AND EXPORT» совмещает исследовательскую деятельность, продажи и торговые операции, делая акцент на поставках праздничного и интерьерного декора из керамики, полистоуна, магнезита, металла, текстиля, дерева и пластика. Штат фирмы укомплектован опытными управленцами, производство подтверждено сертификацией BSCI, а контроль качества на регулярной основе ведется совместно с инспекционными службами BV и SGS. Предприятие накопило богатый опыт в совместной разработке изделий, а его узнаваемой чертой стало умение создавать нестандартные глазуровочные покрытия для фарфоровых ваз и предметов домашнего декора. Корпорация полностью курирует клиентские художественные проекты, выдерживая жесткие сроки при изготовлении образцов и гарантируя абсолютное совпадение серийного выпуска с утвержденными эталонами. Доверие заказчиков со всего мира организация заслужила не только строгим соблюдением графиков, но и безупречной защитой эксклюзивных проектов: любая информация о дизайне остается конфиденциальной и никогда не передается на рынок без санкции правообладателя.",detail_parsed,,2026-08-24T05:32:09Z,china-commodity-fair-2026-gefera-public-catalog-signo-v1.0.1,gefera_icf26_public_catalog_count_all_ru,76748d2e6e67ee06aa7b55afafcb05d54a49dbb61d032797575af5986e3ddbf8,source/detail_pages/detail_0235a5b5-d19c-52c9-1f83-8e0cbc1698fb.html
China Commodity Fair 2026,25–27 августа 2026,"FUJIAN DEHUA JIASHUNYI ARTS AND CRAFTS CO., LTD",Fujian Dehua Jiashunyi Arts And Crafts,"подарки и товары для праздника, товары для дома и кухни",Китай,Москва,"Китай, 362500, QUANZHOU, No. 17, Chengdong Road, Dehua County, Quanzhou, Fujian",1F42,1,Подарки и товары для праздника; Товары для дома и кухни,,,,sales01@jsyarts.com,+86(595)2353-0235,https://online.gefera.ru/info/ICF26/catalog/a8639707-c074-2ff5-1dc9-f2dd3271d8fa/,a8639707-c074-2ff5-1dc9-f2dd3271d8fa,"Компания ""FUJIAN DEHUA JIASHUNYI ARTS AND CRAFTS CO., LTD"" основанная в 2015 году, специализируется на экспорте цементных декоративных изделий, цветочных горшков, керамических поделок, подарков, обиходных товаров и полиэфирных смоляных изделий. Организация прошла аудиты BSCI и DG и располагает собственной дизайнерской командой. Руководствуясь принципами качества и первоклассного сервиса, предприятие нацелено поставлять высококачественную продукцию и предлагать конкурентоспособные цены заказчикам по всему миру.",detail_parsed,,2026-08-24T05:32:09Z,china-commodity-fair-2026-gefera-public-catalog-signo-v1.0.1,gefera_icf26_public_catalog_count_all_ru,170f867394ef5c81c1fc83faf88da1b3ac4e8ca73790af50177f256b267853c2,source/detail_pages/detail_a8639707-c074-2ff5-1dc9-f2dd3271d8fa.html
China Commodity Fair 2026,25–27 августа 2026,"FUJIAN DEHUA WILL CERAMIC CO., LTD",Fujian Dehua Will Ceramic,"подарки и товары для праздника, товары для дома и кухни",Китай,Москва,"Китай, 362500, QUANZHOU, No. 8, Shidun Third Road, Xunzhong Town, Dehua County, Quanzhou, Fujian",1A01,1,Подарки и товары для праздника; Товары для дома и кухни,,,http://www.willceramic.cn,maggie@willceramic.com,+86(595)2358-0678,https://online.gefera.ru/info/ICF26/catalog/27ee41e4-9c88-0ae3-6236-738ff124035c/,27ee41e4-9c88-0ae3-6236-738ff124035c,"Компания «Fujian Dehua Will Ceramic», основанная в 2002 году, выросла в производственный комплекс площадью 9 900 квадратных метров с застройкой 29 900 квадратных метров, оснащенный передовыми линиями по выпуску доломита, керамики, фарфора и гончарных изделий, включая 60-метровую туннельную печь и две кубические печи, с годовым объемом производства свыше 4,5 миллиона долларов США. Предприятие заботится о благополучии сотрудников, располагая современным общежитием на 6 600 квадратных метров, а команда разработчиков из более чем 10 профессионалов ежегодно создает свыше 3 000 новых дизайнов в категориях сувенирной продукции, повседневных предметов и праздничного декора, предлагая также изготовление образцов по индивидуальным заказам. В организации действует строгая система контроля качества, а отзывчивый отдел продаж обеспечивает оперативную связь и быстрое выполнение заказов. В 2009 году была учреждена компания «Xiamen Best Will Imp. & Exp.» для работы с более широким спектром материалов за пределами керамики. Фирма приглашает зарубежных заказчиков к долгосрочному партнерству и успешному сотрудничеству.",detail_parsed,,2026-08-24T05:32:09Z,china-commodity-fair-2026-gefera-public-catalog-signo-v1.0.1,gefera_icf26_public_catalog_count_all_ru,ba4342eacef565a778c5296dbab7ae1423022b5be8839d5c60baeb797e69248c,source/detail_pages/detail_27ee41e4-9c88-0ae3-6236-738ff124035c.html
China Commodity Fair 2026,25–27 августа 2026,"FUJIAN DEHUA YONGHUANG CERAMIC CO., LTD",Fujian Dehua Yonghuang Ceramic,"подарки и товары для праздника, товары для дома и кухни",Китай,Москва,"Китай, Quanzhou, NO.500, CIDU AVENUE,DEHUA",1B38,1,Подарки и товары для праздника; Товары для дома и кухни,,,,joseph@yonghuangco.com,+86(595)2358-5173,https://online.gefera.ru/info/ICF26/catalog/e44ba506-9e01-e025-6ca9-96e0472bbfb1/,e44ba506-9e01-e025-6ca9-96e0472bbfb1,"Компания «FUJIAN DEHUA YONGHUANG CERAMIC» — авторитетное керамическое предприятие, основанное в 2005 году. Основная деятельность организации охватывает производство и продажу керамики и сопутствующих декоративных изделий, включая изделия из керамики, смолы, ротанга, стекла, пластика, цемента, восковые и железные художественные поделки. Придерживаясь подхода, при котором качество ставится во главу угла, а удовлетворенность клиента служит главным ориентиром, FUJIAN DEHUA YONGHUANG CERAMIC намерена и дальше наращивать вложения в технологическое развитие.",detail_parsed,,2026-08-24T05:32:09Z,china-commodity-fair-2026-gefera-public-catalog-signo-v1.0.1,gefera_icf26_public_catalog_count_all_ru,c726ba1eaa4de9a2e8d45f976b42d14d2d95422ea7e318b50c7b6509fe7aee57,source/detail_pages/detail_e44ba506-9e01-e025-6ca9-96e0472bbfb1.html
China Commodity Fair 2026,25–27 августа 2026,"FUZHOU CHUANGZHEN SUPPLY CHAIN CO., LTD",Fuzhou Chuangzhen Supply Chain,"подарки и товары для праздника, товары для дома и кухни",Китай,Москва,"Китай, 350010, FUZHOU, (within the Pilot Free Trade Zone) Room 202-94, Floor 2, Comprehensive Building, Fuzhou Free Trade Zone, Fujian Province",1F24,1,Подарки и товары для праздника; Товары для дома и кухни,,,,eden@te-china.com,+86(130)1571-5033,https://online.gefera.ru/info/ICF26/catalog/362590c9-9c7d-ca82-9b11-b06054e8d206/,362590c9-9c7d-ca82-9b11-b06054e8d206,"Компания «FUZHOU CHUANGZHEN SUPPLY CHAIN» появилась в 2024 году в Фучжоу и специализируется на внешнеторговом сопровождении цепочек поставок в сегменте культурно-творческих декоративных изделий и сборных модельных наборов DIY. Располагая собственной экспортно-импортной лицензией, предприятие делает ставку на трансграничные оптовые продажи и агентские закупки ""hand-made"" поделок и художественных подарков. Тесное партнерство с местными производствами позволяет организации предлагать комплексный подбор компонентов, объединение заказов, помощь в соблюдении нормативных требований, кастомизацию продукции, содействие в согласовании минимальных партий, приведение испытаний к стандартам разных стран, а также внешнеторговый консалтинг и координацию логистических цепочек в режиме «одного окна» для готовых экспортных решений.",detail_parsed,,2026-08-24T05:32:09Z,china-commodity-fair-2026-gefera-public-catalog-signo-v1.0.1,gefera_icf26_public_catalog_count_all_ru,d6b47a942e71719dce4cdbd59c26ffcd37ea03995a2877645559f1fdb64b7cdb,source/detail_pages/detail_362590c9-9c7d-ca82-9b11-b06054e8d206.html
China Commodity Fair 2026,25–27 августа 2026,"FUZHOU TE IMP & EXP CO., LTD",Fuzhou Te Imp & Exp,товары для дома и кухни,Китай,Москва,"Китай, 350001, FUZHOU, Unit 5A, Xinduhui Garden Plaza, 171 Wuyi North Road, Gulou District, Fuzhou, Fujian",1G15,1,Товары для дома и кухни,,,,te8@vip.163.com,+86(591)8333-4756,https://online.gefera.ru/info/ICF26/catalog/e9a81111-0d06-d412-7d69-bd3b3e7ec211/,e9a81111-0d06-d412-7d69-bd3b3e7ec211,"Компания «FUZHOU TE IMP. & EXP.» начала внешнеторговую деятельность в 2003 году, официально зарегистрирована в 2006 году и базируется в районе Гулоу города Фучжоу. Организация специализируется на культурно-творческих подарках, бытовых и повседневных товарах, а также электронной продукции, предоставляя OEM и ODM услуги. В ее распоряжении стабильная сеть поставщиков, профессиональная команда контроля качества и комплаенса, а круглогодичное участие в Кантонской ярмарке способствует расширению зарубежной розничной клиентуры. Предприятие самостоятельно управляет трансграничной платформой групповых закупок, консолидирующей глобальные заказы и балансирующей минимальные объемы, а также предлагает комплексное внешнеторговое сопровождение, включая дизайн продукции, производственную поддержку, экспортные испытания, таможенное оформление и логистику.",detail_parsed,,2026-08-24T05:32:09Z,china-commodity-fair-2026-gefera-public-catalog-signo-v1.0.1,gefera_icf26_public_catalog_count_all_ru,39d7ff7e8e12b3297b76affa4cc76d65b63b83abacef74d112a5cf53d069acb8,source/detail_pages/detail_e9a81111-0d06-d412-7d69-bd3b3e7ec211.html
China Commodity Fair 2026,25–27 августа 2026,"HANGZHOU BEFORE AND FUTURE TECHNOLOGY CO., LTD",Hangzhou Before And Future Technology,товары для дома и кухни,Китай,Москва,"Китай, 310000, hangzhou, RM 610 NO.4 BUILDING XICHENG BUSINESS CENTER, NO.417 YUHANGTANG RD ,HANGZHOU, CHINA",1B02,1,Товары для дома и кухни,,,,xing@2adoormat.com,+86(139)0653-9330,https://online.gefera.ru/info/ICF26/catalog/fedf246e-6b50-5777-5f27-d28369a5feb7/,fedf246e-6b50-5777-5f27-d28369a5feb7,"«HANGZHOU BEFORE AND FUTURE TECHNOLOGY CO., LTD» специализируется на придверных ковриках и упаковочных пакетах, базируется в живописном Ханчжоу и работает как экспортер с солидным стажем, превышающим десять лет. Опираясь на квалифицированную команду, компания поставляет заказчикам по всему миру продукцию премиального качества и выверенный сервис.",detail_parsed,,2026-08-24T05:32:09Z,china-commodity-fair-2026-gefera-public-catalog-signo-v1.0.1,gefera_icf26_public_catalog_count_all_ru,81331973f75b2835e110731794496e61614745bc22339eca753325567a9558d9,source/detail_pages/detail_fedf246e-6b50-5777-5f27-d28369a5feb7.html
China Commodity Fair 2026,25–27 августа 2026,"HEBEI COOKWIN KITCHEN PRODUCTS CO., LTD",Hebei Cookwin Kitchen Products,товары для дома и кухни,Китай,Москва,"Китай, 050033, Shijiazhuang, NO. 19, JINSHI STREET ,CHANG'AN DISTRICT,SHIJIAZHUANG,HEBEI,CHINA",1A07,1,Товары для дома и кухни,,,http://www.pccastiron.com,info@pccastiron.com; pccastiron@126.com,+86(189)3186-8391,https://online.gefera.ru/info/ICF26/catalog/46e04904-91aa-a690-4da3-eb8463513556/,46e04904-91aa-a690-4da3-eb8463513556,"Компания «Hebei Cookwin Kitchen Products», основанная в 1998 году, — ведущий производитель чугунной посуды, включая кастрюли, сковороды, утятницы, грили, воки, заварочные чайники, формы для выпечки, ступки и многое другое. Продукция имеет сертификаты BSCI, LFGB, FDA, REACH и PROP65 и экспортируется в более чем 100 стран Северной Америки, Европы, Южной Америки и Африки. Организация ориентирована на качество и быстрый отклик, предлагает OEM-производство с собственной дизайнерской командой, конкурентные цены благодаря своим производственным линиям, гибкие условия оплаты и отгрузку в течение 30 дней с четырех линий при ежедневном выпуске 4 000 единиц, а индивидуальный дизайн и упаковка делают продукцию востребованной по всему миру, особенно на европейском и американском рынках.",detail_parsed,,2026-08-24T05:32:09Z,china-commodity-fair-2026-gefera-public-catalog-signo-v1.0.1,gefera_icf26_public_catalog_count_all_ru,373baa4d930050b9dfd11c9195b14018cb51fe2caa581a3f018a933b1c3e819b,source/detail_pages/detail_46e04904-91aa-a690-4da3-eb8463513556.html
China Commodity Fair 2026,25–27 августа 2026,"HEBEI YUTONG TEC CO., LTD",Hebei Yutong Tec,товары для дома и кухни,Китай,Москва,"Китай, 054000, xingtai, NO. 2977, XIANGDU SOUTH ROAD, XIANGDU DISTRICT XINGTAI, HEBEI PROVINCE, CHINA",1A39,1,Товары для дома и кухни,,YT,,,,https://online.gefera.ru/info/ICF26/catalog/3c8fa8a1-c819-b647-8eeb-27f6de7ce327/,3c8fa8a1-c819-b647-8eeb-27f6de7ce327,"Компания «HEBEI YUTONG TEC» — профессиональный производитель и экспортер решений для домашнего хранения и логистической пластиковой упаковки. Предприятие основано в 2022 году в провинции Хэбэй с удобной транспортной доступностью к порту Тяньцзинь и аэропорту Пекина. Завод организации занимает более 20 000 квадратных метров производственных цехов и располагает офисной зоной площадью 1 500 квадратных метров. Собственная команда разработчиков и автоматические линии обеспечивают полный цикл услуг: от индивидуального дизайна и создания пресс-форм до массового выпуска и строгого контроля качества для бытовых, коммерческих и промышленных нужд. Ключевой ассортимент включает складные корзины для белья, обувные боксы, тележки для покупок, контейнеры для хранения, сборно-разборные пластиковые ящики, штабелируемые оборотные короба, контейнеры для фруктов и овощей, а также промышленные пластиковые бочки, находящие применение в организации домашнего пространства, выкладке товаров в супермаркетах, логистике свежей продукции и складском обороте предприятий. Международная команда продаж из 30 специалистов предоставляет комплексные OEM и ODM услуги для оптовых покупателей, дистрибьюторов, импортеров",detail_parsed,,2026-08-24T05:32:09Z,china-commodity-fair-2026-gefera-public-catalog-signo-v1.0.1,gefera_icf26_public_catalog_count_all_ru,ab711b9bc137d4bc285d2c8b7e7b90b2ca371b7cfe4e3e12e506e30995927941,source/detail_pages/detail_3c8fa8a1-c819-b647-8eeb-27f6de7ce327.html
China Commodity Fair 2026,25–27 августа 2026,HENGHUI PORCELAIN PLANT LILING HUNAN CHINA,Henghui Porcelain Plant Liling Hunan China,товары для дома и кухни,Китай,Москва,"Китай, 412200, город, Деревня Юча Цзяшу Таун, город Лилин, Провинция Хунань, Китай",1A05,1,Товары для дома и кухни,,,http://www.henghui-ceramic.com,hh03@henghui-ceramic.com,+86(731)2338-3988,https://online.gefera.ru/info/ICF26/catalog/186aa82a-ebcc-79d5-145a-059b2322e8de/,186aa82a-ebcc-79d5-145a-059b2322e8de,"Керамическая фабрика «Henghui», основанная в 2003 году в городе Лилин провинции Хунань, — ведущий производитель керамической посуды в регионе с более чем 20-летним опытом. Предприятие занимает территорию свыше 30 000 квадратных метров, штат насчитывает более 350 сотрудников. Основу ассортимента составляют обеденные сервизы, тарелки, миски, кружки и столовые наборы, выполненные с применением реактивных, цветных и пескоструйных глазурей. Фирма накопила богатый опыт в дизайне и изготовлении керамической посуды, осуществляя поставки клиентам по всему миру. Качество работы подтверждено сертификатами ISO9001 и BSCI, а код продукции в таможенном тарифе TARIC — B595.",detail_parsed,,2026-08-24T05:32:09Z,china-commodity-fair-2026-gefera-public-catalog-signo-v1.0.1,gefera_icf26_public_catalog_count_all_ru,d2b1c5d8a3d29013c13c1cb3552d9dd961927502dbf515ca098fb084b796765a,source/detail_pages/detail_186aa82a-ebcc-79d5-145a-059b2322e8de.html
China Commodity Fair 2026,25–27 августа 2026,"HUAIAN BEST TRADE CO., LTD",Huaian Best Trade,товары для красоты и здоровья,Китай,Москва,"Китай, Huaian, NO.615 North Of Xiangyu RD Huaian City Jiangsu Province",1E01,1,Товары для здоровья и красоты,,,https://best-trade.store.bossgoo.com/,,,https://online.gefera.ru/info/ICF26/catalog/9650ce89-bef5-1575-e76b-060ccd6e70fc/,9650ce89-bef5-1575-e76b-060ccd6e70fc,"Компания «Huaian Bst Trading» основана в 1948 году и специализируется на выпуске зубной пасты, щеток, нити, ополаскивателей и оральных спреев. Предприятие расположено в промышленной зоне Хуайинь города Хуайань провинции Цзянсу, в двадцати минутах от аэропорта, и насчитывает 458 сотрудников, включая 82 технических специалиста, 38 инженеров и 30 контролеров качества. Территория занимает 53 акра, а парк оборудования включает 12 линий по изготовлению пасты и 18 автоматических линий розлива и упаковки, что обеспечивает годовую мощность в 360 миллионов тюбиков пасты и 35 миллионов флаконов ополаскивателей. Имея более десяти лет экспортного опыта, сертификацию ISO9001, GMPC, ISO22716, Халяль и пройдя аудиты Disney и Watsons, фирма поставляет продукцию в Европу, Австралию, Юго-Восточную Азию, на Ближний Восток, в Африку и Южную Америку с ежегодным экспортом свыше трех миллионов долларов. Следуя философии «клиент на первом месте, создаем взаимную выгоду», компания завоевывает доверие качеством и выгодными ценами, выстраивая общее успешное будущее.",detail_parsed,,2026-08-24T05:32:09Z,china-commodity-fair-2026-gefera-public-catalog-signo-v1.0.1,gefera_icf26_public_catalog_count_all_ru,b6cdb80afe44d9f056ad5c4984ed29904cf777446556283373e3839f78b69643,source/detail_pages/detail_9650ce89-bef5-1575-e76b-060ccd6e70fc.html
China Commodity Fair 2026,25–27 августа 2026,"HUAIAN WEIMING INTERNATIONAL TRADING CO., LTD",Huaian Weiming International Trading,"бытовая техника и электроника, товары для дома и кухни",Китай,Москва,"Китай, huaian, No. 4-85, Waterfront Mansion",1E03,1,Бытовая техника и электроника; Товары для дома и кухни,,,,,,https://online.gefera.ru/info/ICF26/catalog/bd8f83f5-c8ef-e7e0-e3bc-812504ca1409/,bd8f83f5-c8ef-e7e0-e3bc-812504ca1409,"Компания «Huai'an Weiming International Trade» основана в 2010 году и специализируется на импорте и экспорте различных товаров и технологий, осуществляя самостоятельные и агентские внешнеторговые операции. Продукция организации экспортируется в Россию, Японию и другие страны.",detail_parsed,,2026-08-24T05:32:09Z,china-commodity-fair-2026-gefera-public-catalog-signo-v1.0.1,gefera_icf26_public_catalog_count_all_ru,17314c120fce8e82c560464654956a96ec7d28a369cb3ea6f4937925bc43be42,source/detail_pages/detail_bd8f83f5-c8ef-e7e0-e3bc-812504ca1409.html
China Commodity Fair 2026,25–27 августа 2026,"HUAYUAN (CANGZHOU) GLASS ARTS&CRAFTS CO., LTD",Huayuan (Cangzhou) Glass Arts&Crafts,товары для дома и кухни,Китай,Москва,"Китай, Cangzhou, No.51 Building 10,Xinyuan district,Qingnian road,dongguang,Hebei,China",1A45,1,Товары для дома и кухни,,HOYEAL,http://www.huayuanglass.com,wenhua@huayuanglass.com,+86(317)7810-005,https://online.gefera.ru/info/ICF26/catalog/a2b16298-35cc-dddd-4203-13589f188a48/,a2b16298-35cc-dddd-4203-13589f188a48,"Компания «Huayuan Glass», основанная в 2000 году, специализируется на выпуске разнообразных изделий из высокоборосиликатного термостойкого стекла. В штате организации трудятся более 200 квалифицированных рабочих, создающих широкий ассортимент посуды: двойные стеклянные кружки, масляно-уксусные бутылки, стеклянные заварочные чайники, всевозможные чашки и кружки для чая или кофе, винные бутылки и многое другое. Продукция фирмы экспортируется в Италию, Германию, Испанию, Россию и другие страны. Высокое качество, разумная цена, своевременная отгрузка и лучший сервис являются неизменными принципами предприятия, которое приглашает посетить завод и рассчитывает на сотрудничество.",detail_parsed,,2026-08-24T05:32:09Z,china-commodity-fair-2026-gefera-public-catalog-signo-v1.0.1,gefera_icf26_public_catalog_count_all_ru,ad0787c53ed087f9422af75b42ecf0bac4aa17a7f4a2318c3c2715da00e80845,source/detail_pages/detail_a2b16298-35cc-dddd-4203-13589f188a48.html
China Commodity Fair 2026,25–27 августа 2026,"HUNAN RSLEE CERAMICS CO., LTD",Hunan Rslee Ceramics,"продукты питания, подарки и товары для праздника, товары для дома и кухни",Китай,Москва,"Китай, 412200, zhuzhou,liling, dongmentang,yangsanshi",1D48,1,Продукты питания и сельскохозяйственная продукция; Подарки и товары для праздника; Товары для дома и кухни,,,http://www.rslee.com.cn,anna@rslee.com.cn,,https://online.gefera.ru/info/ICF26/catalog/225147ec-6a78-8cc8-6292-8505a230c12f/,225147ec-6a78-8cc8-6292-8505a230c12f,"Компания «Hunan Rslee Ceramic» — профессиональный производитель керамических изделий с богатым опытом в создании разнообразной продукции из этого материала. Предприятие успешно прошло проверки по международным стандартам BSCI и SEDEX. В штате трудится команда профессиональных дизайнеров, которая сосредоточена на разработке серий деколей и новых форм, воплощая в жизнь оригинальные художественные замыслы.",detail_parsed,,2026-08-24T05:32:09Z,china-commodity-fair-2026-gefera-public-catalog-signo-v1.0.1,gefera_icf26_public_catalog_count_all_ru,bc52b82afcf5c30832f50151e980281c677d08b599dace2ff200329650893d0b,source/detail_pages/detail_225147ec-6a78-8cc8-6292-8505a230c12f.html
China Commodity Fair 2026,25–27 августа 2026,Hainago,Hainago,"товары для спорта и фитнеса, одежда и аксессуары, детские товары и игрушки, товары для красоты и здоровья, подарки и товары для праздника",Китай,Москва,"Россия, Moscow, 127015, город Москва, Новодмитровская ул, д. 2 к. 1, помещ. 8/2",1D42,1,Товары для фитнеса и спорта; Одежда и аксессуары; Детские товары и игрушки; Товары для здоровья и красоты; Подарки и товары для праздника; Товары для сада и отдыха на природе; Бытовая техника и электроника; Товары для дома и кухни,,hainago,https://hainago.ru/,mokhnachev.v@hainago.ru,,https://online.gefera.ru/info/ICF26/catalog/1c3b5021-8da5-f777-9b23-433b9e216b83/,1c3b5021-8da5-f777-9b23-433b9e216b83,"Платформа «Hainago» — это B2B-маркетплейс для комплексных поставок товаров из Китая в Россию с мгновенным расчетом стоимости, оплатой в рублях и порогом входа от 30 000 рублей. Работа строится в четыре шага: регистрация, добавление товаров в корзину, оплата счета и получение груза с полным пакетом документов. Клиенты выбирают сервис за легальную доставку с финальной ценой, уже включающей логистику и НДС, прямой выход на заводы, контроль качества с фотоотчетами, поддержку в сертификации и маркировке, ассортимент свыше 100 000 позиций от более чем 800 фабрик и надежные сроки доставки в пределах 30–40 дней. Миссия организации — сделать международный сорсинг простым и прозрачным, чтобы бизнес развивался, а операционные задачи внешней торговли брал на себя «Hainago».",detail_parsed,,2026-08-24T05:32:09Z,china-commodity-fair-2026-gefera-public-catalog-signo-v1.0.1,gefera_icf26_public_catalog_count_all_ru,effb93ee4ae7d182b6b440f5eaab84d6c9d31f939391aef333ccc48b24609e2a,source/detail_pages/detail_1c3b5021-8da5-f777-9b23-433b9e216b83.html
China Commodity Fair 2026,25–27 августа 2026,"Hangzhou Co-Prosper Imp&Exp Co., Ltd",Hangzhou Co-Prosper Imp&Exp,"одежда и аксессуары, подарки и товары для праздника",Китай,Москва,"Китай, 310014, Hangzhou, Room 319,69# Huancheng North Road,Xiacheng District,Hangzhou,Zhejiang.China",1D38,1,Одежда и аксессуары; Подарки и товары для праздника,,,,cherry.huang@co-prosper.com,,https://online.gefera.ru/info/ICF26/catalog/95a03a81-a18f-c676-e69d-2263bb40c1a3/,95a03a81-a18f-c676-e69d-2263bb40c1a3,"Компания «Hangzhou Co-prosper» — производитель и поставщик высококачественных промо-сумок, за которым стоит команда с более чем десятилетним опытом в индустрии рекламной продукции, сочетающая гибкость нового игрока и надежность зрелого партнера. Ассортимент охватывает косметички, пляжные сумки, тоуты, рюкзаки, термосумки и хозяйственные модели, при разработке которых особое внимание уделяется качеству, износостойкости и внешней привлекательности, а клиентами выступают дистрибьюторы рекламных подарков, косметические бренды и премиальные подарочные компании из Европы, Австралии и других регионов. Среди главных преимуществ — практически нулевой уровень рекламаций благодаря строгому контролю на всех этапах, ответы на запросы в течение суток, прозрачное ценообразование без скрытых наценок и гибкость, позволяющая одинаково эффективно работать с партиями от 500 до 2,5 миллиона единиц. Фирма строит партнерство на доверии, проактивной коммуникации и персональном сопровождении, а свою миссию видит в усилении брендов клиентов, когда их логотип и история попадают в тысячи рук и миллионы глаз.",detail_parsed,,2026-08-24T05:32:09Z,china-commodity-fair-2026-gefera-public-catalog-signo-v1.0.1,gefera_icf26_public_catalog_count_all_ru,be56ca50983bd6752f32efd57b0a8f198512f0c1205b599fe29e3b9aeed16456,source/detail_pages/detail_95a03a81-a18f-c676-e69d-2263bb40c1a3.html
China Commodity Fair 2026,25–27 августа 2026,"Hangzhou Medo Import And Export Co., Ltd",Hangzhou Medo Import And Export,товары для дома и кухни,Китай,Москва,"Китай, 310000, Ханчжоу, D-5, деловой центр долины Сиси, улица Цзыся, 80, город Ханчжоу, провинция Чжэцзян",1C37,1,Товары для дома и кухни,,,http://www.oemdrinkware.com,david@oemdrinkware.com,+86(138)0574-9119,https://online.gefera.ru/info/ICF26/catalog/de7cc3f8-90f0-4c53-9734-8e3be505e747/,de7cc3f8-90f0-4c53-9734-8e3be505e747,"Компания «Hangzhou Medo Import & Export», работающая с 2009 года, является национальным высокотехнологичным предприятием, специализирующимся на разработке, изготовлении и глобальном экспорте премиальных вакуумных термокружек и фляг из нержавеющей стали. Производственная база организации занимает 22 000 квадратных метров и насчитывает 10 стандартизированных цехов, оснащенных автоматическими прецизионными линиями Kawasaki из Японии, бессвинцовыми высоковакуумными печами, 5D-принтерами для криволинейной печати и полностью автоматическим оборудованием, объединенным в интеллектуальную производственную систему. В штате трудятся более 200 специалистов, ежедневный объем выпуска достигает 18 000 единиц, а годовой объем продаж превышает 100 миллионов юаней. Фирма обеспечивает как масштабные стабильные поставки, так и гибкие OEM и ODM решения, удовлетворяя разнообразные запросы клиентов по всему миру.",detail_parsed,,2026-08-24T05:32:09Z,china-commodity-fair-2026-gefera-public-catalog-signo-v1.0.1,gefera_icf26_public_catalog_count_all_ru,2d42f8570a51daafe427bb3129e08bcd87664c39f57e9631311e83452cddf7b1,source/detail_pages/detail_de7cc3f8-90f0-4c53-9734-8e3be505e747.html
China Commodity Fair 2026,25–27 августа 2026,"Hefei Kingshine Metal Product Co., Ltd",Hefei Kingshine Metal Product,"товары для красоты и здоровья, подарки и товары для праздника, товары для дома и кухни",Китай,Москва,"Россия, hefei, hefei",1E38,1,Товары для здоровья и красоты; Подарки и товары для праздника; Товары для дома и кухни,,,http://www.hfksgy.com/,,,https://online.gefera.ru/info/ICF26/catalog/10ffb864-da77-f904-5dd4-4a7d2cf2bb98/,10ffb864-da77-f904-5dd4-4a7d2cf2bb98,"«Hefei Kingshine Metal Products» с 2011 года работает в Хэфэе провинции Аньхой как профильный изготовитель упаковки из белой жести. Фирма делает акцент на жестяных коробках и банках по индивидуальному заказу для продуктов питания, оздоровительных средств, подарков и бытовых товаров. В контуре компании сосредоточены собственная разработка, изготовление пресс-форм, серийный выпуск и международный сбыт. Отлаженное производство и обширный парк пресс-форм позволяют вести проекты под ключ — от дизайна до готовой тары. Предприятие имеет право на внешнеторговые операции, экспортирует продукцию в десятки стран и выдерживает жесткие стандарты качества, предлагая заказчикам по всему миру добротную и экономичную металлическую упаковку.",detail_parsed,,2026-08-24T05:32:09Z,china-commodity-fair-2026-gefera-public-catalog-signo-v1.0.1,gefera_icf26_public_catalog_count_all_ru,d9c329f4afc1f892ceea697fc355e9a50effd440708be27452d980f5266877ad,source/detail_pages/detail_10ffb864-da77-f904-5dd4-4a7d2cf2bb98.html
China Commodity Fair 2026,25–27 августа 2026,"Hefei Morningstar Healthmate Fitness Co., Ltd",Hefei Morningstar Healthmate Fitness,"товары для спорта и фитнеса, товары для красоты и здоровья",Китай,Москва,"Китай, HEFEI, HEFEI",1B09,1,Товары для фитнеса и спорта; Товары для здоровья и красоты,,,http://www.Morningstar.com,,,https://online.gefera.ru/info/ICF26/catalog/2b67eeb4-f0d4-a155-4a46-7458cd528a41/,2b67eeb4-f0d4-a155-4a46-7458cd528a41,"Компания «Hefei Chenxing Health-care Products» расположена в городе Хэфэй провинции Аньхой и представляет собой экспортно ориентированное предприятие, специализирующееся на товарах для здоровья и фитнеса. Основу ассортимента организации составляют массажные кресла, массажные устройства, инфракрасные сауны и другое оздоровительное оборудование. Охватывая разработку продукции, сорсинг и глобальные продажи, фирма обладает полным объемом импортно-экспортных прав.",detail_parsed,,2026-08-24T05:32:09Z,china-commodity-fair-2026-gefera-public-catalog-signo-v1.0.1,gefera_icf26_public_catalog_count_all_ru,8e7f3adce88f9a59b61eed0139484dcec5398ad9dc00562b4e58a5356c84f1c4,source/detail_pages/detail_2b67eeb4-f0d4-a155-4a46-7458cd528a41.html
China Commodity Fair 2026,25–27 августа 2026,"Hefei Xunda Packaging Co., Ltd",Hefei Xunda Packaging,"подарки и товары для праздника, товары для дома и кухни",Китай,Москва,"Китай, 230041, город Хэфэй, провинция Аньхой, ул. Тяньцзинь, д.28, экономическая зона Баохэ, г. Хэфэй, провинция Аньхой, Китай",1D46,1,Подарки и товары для праздника; Товары для дома и кухни,,,http://hfxdbz.en.alibaba.com,hefeixunda@126.com,,https://online.gefera.ru/info/ICF26/catalog/023e2fda-3666-9572-1f9f-d917de73c641/,023e2fda-3666-9572-1f9f-d917de73c641,"Компания «Hefei Xunda Packaging» основана в 1996 году в Хэфэе, располагает производственными площадями свыше 20 000 квадратных метров и штатом в 120 сотрудников. Это стандартизированный крупносерийный производитель печатной упаковки, оснащенный передовым отечественным оборудованием и имеющий сертификацию ISO9001, знак экологической маркировки Китая и аттестацию стандартизации безопасности производства. Специализируясь на цветной подарочной упаковке, предприятие поддерживает долгосрочные партнерские связи с известными компаниями, а также сотрудничает с Хэфэйским технологическим университетом, Аньхойским университетом и другими вузами в рамках промышленно-университетских исследовательских баз. В активе фирмы звания высокотехнологичного предприятия, специализированного и инновационного предприятия провинции Аньхой, выдающегося печатного предприятия провинции и цифрового цеха Хэфэя. Руководствуясь философией «качество на первом месте, сервис превыше всего», организация поставляет премиальную продукцию и предлагает дальновидные индивидуальные решения, стремясь к взаимовыгодному развитию и лидирующим позициям в печатно-упаковочной индустрии.",detail_parsed,,2026-08-24T05:32:09Z,china-commodity-fair-2026-gefera-public-catalog-signo-v1.0.1,gefera_icf26_public_catalog_count_all_ru,717e37d5354c0381435c47bd6ced8ae6d85b4fb22f4b5f76ef545ecf30702a4d,source/detail_pages/detail_023e2fda-3666-9572-1f9f-d917de73c641.html
China Commodity Fair 2026,25–27 августа 2026,"Huangshan Oustrong Trading Co., Ltd",Huangshan Oustrong Trading,"бытовая техника и электроника, товары для дома и кухни",Китай,Москва,"Китай, HUANGSHAN, HUANGSHAN",1D34,1,Бытовая техника и электроника; Товары для дома и кухни,,,http://www.oustrong.com,,,https://online.gefera.ru/info/ICF26/catalog/5f5509cd-1849-5fff-fbfe-6d6d276c0973/,5f5509cd-1849-5fff-fbfe-6d6d276c0973,"Компания «Huangshan Oqiang Trading» основана в 2017 году в городе Хуаншань провинции Аньхой и является профессиональным внешнеторговым предприятием с полным объемом импортно-экспортных прав. Основная специализация организации охватывает автомобильные и мотоциклетные запчасти, шины, подшипники, скобяные изделия, металлические материалы и автокомплектующие, а также услуги по сорсингу продукции, управлению цепочками поставок и экспортному агентированию. Фирма строго проводит инспекцию качества продукции и поставляет товары по конкурентным ценам для покупателей со всего мира. Приверженная надежному сервису и взаимовыгодному сотрудничеству, компания направляет усилия на установление долгосрочных стабильных партнерских отношений с заказчиками по всему миру.",detail_parsed,,2026-08-24T05:32:09Z,china-commodity-fair-2026-gefera-public-catalog-signo-v1.0.1,gefera_icf26_public_catalog_count_all_ru,a6731ec3cd9a409069ae181fef085c1142449d842b53bbf810886359e9f42515,source/detail_pages/detail_5f5509cd-1849-5fff-fbfe-6d6d276c0973.html
China Commodity Fair 2026,25–27 августа 2026,"Huangshi Fusun Trade Co., Ltd",Huangshi Fusun Trade,товары для дома и кухни,Китай,Москва,"Китай, 435000, HUANGSHI, 20F HUAXUN BUILDING,206 HANGZHOU WEST ROAD, HUANGSHI,HUBEI,CHINA",1D13,1,Товары для дома и кухни,,FUOWN,http://www.fuown.com,fuown@fuown.com,+86(714)6280-080,https://online.gefera.ru/info/ICF26/catalog/4a13d3cd-1526-d4eb-3b1c-8912091d2422/,4a13d3cd-1526-d4eb-3b1c-8912091d2422,"Компания «Fuown» давно специализируется на выпуске и торговле терками из нержавеющей стали, кухонной утварью и столовыми приборами, чья продукция пользуется устойчивым спросом и репутацией в США, Южной Америке (включая Аргентину, Бразилию, Мексику, Чили и Перу), Европе (Великобритания, Германия, Франция, Италия, Польша, Греция), а также в ряде стран Азии и Африки. Предприятие предлагает высокое качество, конкурентные цены, современный дизайн и привлекательную упаковку, а собственные заводы в прибрежной зоне позволяют изготавливать актуальные новинки и индивидуальные образцы под запросы клиентов. Организация имеет сертификацию ISO9001, ISO14001 и санитарно-гигиенические свидетельства, в ее штате трудятся квалифицированная дизайнерская группа с серьезной теоретической и практической подготовкой и надежная команда маркетинга, а производство оснащено оборудованием для изготовления пресс-форм, тестирования и контроля. Фирма работает по принципу «все ради удовлетворенности клиента» и следует курсу «качество на первом месте, сервис превыше всего», ценя обратную связь и приглашая к взаимовыгодному сотрудничеству.",detail_parsed,,2026-08-24T05:32:09Z,china-commodity-fair-2026-gefera-public-catalog-signo-v1.0.1,gefera_icf26_public_catalog_count_all_ru,980014fa4d4ff27dc90144ce6412526bab7d731a8d3b33cb600f41f4ad50e475,source/detail_pages/detail_4a13d3cd-1526-d4eb-3b1c-8912091d2422.html
China Commodity Fair 2026,25–27 августа 2026,"Hunan Province Bidanxi Tea Industry Co., Ltd",Hunan Province Bidanxi Tea Industry,продукты питания,Китай,Москва,"Китай, Иян, провинция Хунань, Китай, Деревня Бидан, поселок Малу, уезд Аньхуа, город Иян, провинция Хунань, Китай",1E12,1,Продукты питания и сельскохозяйственная продукция,,,http://www.bidanxi.com,52504121@qq.com,+86(138)0737-6359,https://online.gefera.ru/info/ICF26/catalog/744e8cd7-40a0-5fbf-e136-0c71aa80511d/,744e8cd7-40a0-5fbf-e136-0c71aa80511d,"Бренд «Bidanxi» восходит к «Чайной фирме Биданьси», появившейся в 18-й год Китайской Республики, а само акционерное предприятие «Hunan Bidanxi Tea Industry» оформилось в 2012 году в уезде Аньхуа с уставным капиталом 5 миллионов юаней. За десять с лишним лет компания превратилась в многопрофильный чайный комплекс, включающий закупку, переработку, сбыт, уход за плантациями, чайный туризм, популяризацию культуры чаепития, ресторанный и гостиничный сервис, и заняла весомые позиции в индустрии. В ее распоряжении 1 185 му садов, из которых 495 му — органика, разбитая на ледниковых тиллитах поселка Малу; используя генофонд крупнолистового юньтайского чая и старинный метод «Печи семи звезд», фирма выпускает свыше 100 сортов темного, черного и зеленого чая, среди которых легендарный скрученный «Король чая», богатый золотистыми цветами Фу Чжуань, упакованный в бамбук Сянцзянь, прозрачный Цинъюнья и рубиновый Чэньхун с продолжительным ароматом. Производство сочетает ручной труд и стандартизированные линии, а предложение для клиентов охватывает готовый опт, подарочные наборы на заказ и частные марки по OEM/ODM-схеме. Иностранных купцов ждут на стенде для дегустации и переговоров ради совместно",detail_parsed,,2026-08-24T05:32:09Z,china-commodity-fair-2026-gefera-public-catalog-signo-v1.0.1,gefera_icf26_public_catalog_count_all_ru,ab763838b2667df80b50fafba2817cfd855594d390ca80e231f935fa485f9899,source/detail_pages/detail_744e8cd7-40a0-5fbf-e136-0c71aa80511d.html
China Commodity Fair 2026,25–27 августа 2026,"Hunan Xianfeng Ceramic Industry Co., Ltd",Hunan Xianfeng Ceramic Industry,товары для дома и кухни,Китай,Москва,"Китай, 412200, Liling, Китай, провинция Хунань, город Лилин, поселок Вансянь, община Вансянь, группа Шантан.",1D18,1,Товары для дома и кухни,,,http://www.xianfeng-ceramic.com,gary.li@xianfeng-ceramic.com; siney.yi@xianfeng-ceramic.com; xf@xianfeng-ceramic.com,+86(136)5733-6625,https://online.gefera.ru/info/ICF26/catalog/4f78f07b-4db8-dd1d-1bde-cef24bc5117b/,4f78f07b-4db8-dd1d-1bde-cef24bc5117b,"Хунаньское предприятие «Xianfeng Ceramics» — это производитель керамики с правом самостоятельного экспорта и импорта. Фирма соединяет научные разработки, выпуск и продажи, делая упор на высококлассный и среднеценовой фарфор для бытового применения. Продукция компании представлена в более чем тридцати странах и регионах, охватывая рынки США, Европы, Японии и Южной Кореи. Организация входит в число проверенных партнеров целого ряда корпораций из рейтинга Fortune 500 и является крупнейшим в мире поставщиком керамических изделий для сети Starbucks.",detail_parsed,,2026-08-24T05:32:09Z,china-commodity-fair-2026-gefera-public-catalog-signo-v1.0.1,gefera_icf26_public_catalog_count_all_ru,ce0943419b3e8bf9ffcfd7cabc07c3e46885dc7369664860d374a7a705240e58,source/detail_pages/detail_4f78f07b-4db8-dd1d-1bde-cef24bc5117b.html
China Commodity Fair 2026,25–27 августа 2026,"JIANGSU LEDCO LIGHTING TECH CO., LTD",Jiangsu Ledco Lighting Tech,подарки и товары для праздника,Китай,Москва,"Китай, 224000, YANCHENG, BLDG1、2、4、5 NO1166 SHIZHONG ROAD YANLONG STREET YANDU ZONE YANCHENG",1F12,1,Подарки и товары для праздника,,,http://www.ledcolight.com,,,https://online.gefera.ru/info/ICF26/catalog/514a2687-2520-3355-519f-6e7c197e9005/,514a2687-2520-3355-519f-6e7c197e9005,"Компания «Jiangsu LEDCO Lighting Technology» основана в 1996 году и до января 2020 года работала под прежним названием «Jiangsu Feitian Lighting Technology». Предприятие объединяет разработку, производство и сбыт светотехнической продукции и расположено в городе Яньчэн неподалеку от Шанхая. Фирма специализируется на декоративной светодиодной подсветке для внутреннего и уличного применения, включая LED-гирлянды, световые занавесы, бахрому, дюралайт, мотивы и различные RGB-эффекты. Завод размещается в просторном корпусе площадью 35 000 квадратных метров, штат насчитывает 200 сотрудников, а технический парк включает автоматические линии сварки, сборки, литья под давлением, изготовления дюралайта, упаковки и цех по созданию световых фигур при научной системе управления международного уровня. Около 90% продаж ориентировано на европейский рынок, при этом 80% продукции предназначено для наружного использования и 20% поступает в розничные сети супермаркетов. Организация поддерживает строгую систему менеджмента качества, располагая сертификатами CE, LVD, EMC, ROHS, REACH, ISO9001 и BSCI, и ежегодно выпускает изделия собственной разработки, защищенные патентами.",detail_parsed,,2026-08-24T05:32:09Z,china-commodity-fair-2026-gefera-public-catalog-signo-v1.0.1,gefera_icf26_public_catalog_count_all_ru,082cbb2a5ed0886002e6a37c337c818baf8478ad793be0b50ef7777c4fd684c1,source/detail_pages/detail_514a2687-2520-3355-519f-6e7c197e9005.html
China Commodity Fair 2026,25–27 августа 2026,"JIANGSU XINGDA STATIONERY GROUP CO., LTD",Jiangsu Xingda Stationery Group,подарки и товары для праздника,Китай,Москва,"Китай, YIXING, 0510-87571888",1C26,1,Подарки и товары для праздника,,,http://www.cnxingda.com.cn,,,https://online.gefera.ru/info/ICF26/catalog/53ef9944-15bc-7642-4585-12908d976554/,53ef9944-15bc-7642-4585-12908d976554,"Компания «Jiangsu Xingda Stationery Group», ведущая свою историю с 1978 года и официально зарегистрированная как группа в 2005 году, базируется в Исине провинции Цзянсу. Накопив почти полувековой опыт изготовления клеев, организация является международным профессиональным производителем и поставщиком канцелярских клеев, художественных материалов и офисных принадлежностей. Уставной капитал предприятия составляет 100,8 миллиона юаней, штат насчитывает более 600 сотрудников, территория занимает 60 гектаров, площадь стандартизированных производственных цехов достигает 80 000 квадратных метров, а парк оборудования превышает 600 единиц, что обеспечивает годовую мощность в 28 000 тонн. Ассортимент включает твердый клей, жидкий клей, клей ПВА, силикон, клей для рукоделия, мелки, краски, чистящие принадлежности, офисные товары и продукцию для творчества. Продукция фирмы экспортируется в более чем 100 стран, включая США, Германию, Великобританию, Италию, Австрию и Мексику, а сама корпорация выступает привилегированным партнером таких брендов, как ELMER'S, ALEENE'S, TESA и UHU, одновременно являясь крупнейшим поставщиком для лидеров китайской отрасли. Организация прошла сертификацию по станда",detail_parsed,,2026-08-24T05:32:09Z,china-commodity-fair-2026-gefera-public-catalog-signo-v1.0.1,gefera_icf26_public_catalog_count_all_ru,eca94b4f1e472145762ec7d1bd632c828fb5581f528f6f46c57482c934b5d367,source/detail_pages/detail_53ef9944-15bc-7642-4585-12908d976554.html
China Commodity Fair 2026,25–27 августа 2026,"JIANGSU XINGSHENG BRUSH CO., LTD",Jiangsu Xingsheng Brush,товары для дома и кухни,Китай,Москва,"Китай, 225000, YANGZHOU, GUANGLING QU, YANGZHOU,JIANGSU",1D02,1,Товары для дома и кухни,,СИНШЕНГ,http://www.xingsheng.com.cn,brush2@xingsheng.com.cn,,https://online.gefera.ru/info/ICF26/catalog/8976c454-4b5e-7487-d8e6-b0fca004de05/,8976c454-4b5e-7487-d8e6-b0fca004de05,"Компания «Jiangsu Xingsheng Brush», основанная в 1996 году, является широко известным в Китае профессиональным производителем зубных щеток. Предприятие обладает сертификацией FDA, ISO9000, ISO14000, OHSAS18000, а также прошло аудиты GMP, BRC, BSCI, Disney и Universal Pictures. Организация выступила одним из главных разработчиков национальных стандартов на зубные щетки, детские зубные щетки и щетки с коническим волокном. Для выпуска продукции фирма внедрила передовое оборудование из Германии и Южной Кореи, освоив изготовление средне- и высококлассных щеток различных спецификаций. Ассортимент насчитывает шесть серий и свыше 230 разновидностей, а портфель интеллектуальной собственности включает множество патентов на полезные модели и промышленные образцы. Годовые производственные мощности достигают 300 миллионов единиц. Бренд «Xingsheng» завоевал звания известного китайского бренда и признанного товарного знака, а охват терминальных каналов удерживает лидирующие позиции в отрасли. Параллельно корпорация активно осваивает международные рынки Европы, Америки и Африки, обладая мощными возможностями в сфере OEM и ODM производства.",detail_parsed,,2026-08-24T05:32:09Z,china-commodity-fair-2026-gefera-public-catalog-signo-v1.0.1,gefera_icf26_public_catalog_count_all_ru,a4c431275a9da6d331f15822adeef895362f8c17b563ccaa45dff89024dcc37b,source/detail_pages/detail_8976c454-4b5e-7487-d8e6-b0fca004de05.html
China Commodity Fair 2026,25–27 августа 2026,"JIAXING FARO HOUSEWARES CO., LTD",Jiaxing Faro Housewares,товары для дома и кухни,Китай,Москва,"Китай, JIAXING, No. 800 Chuangye Road, Tongyuan Town, Jiaxing City, Zhejiang Province",1C05,1,Товары для дома и кухни,,,,,,https://online.gefera.ru/info/ICF26/catalog/692a8e38-3cde-af7f-b31a-550ec79e2434/,692a8e38-3cde-af7f-b31a-550ec79e2434,"Компания «Jiaxing Faro Housewares» — профессиональный китайский производитель гладильных досок с 22-летним экспортным опытом, имеющий сертификацию ISO9001 и EN131-2. Предприятие выпускает разнообразные гладильные доски из сетчатых и пластиковых материалов на производственной площадке площадью 8 000 квадратных метров с годовым оборотом 7 000 долларов США. Высокое качество и конкурентные цены делают продукцию востребованной в Японии, Испании, США, Италии и Германии.",detail_parsed,,2026-08-24T05:32:09Z,china-commodity-fair-2026-gefera-public-catalog-signo-v1.0.1,gefera_icf26_public_catalog_count_all_ru,786a4f04e4e64952091bc989526ac8306e2998eb26f898d504ce5306934219d2,source/detail_pages/detail_692a8e38-3cde-af7f-b31a-550ec79e2434.html
China Commodity Fair 2026,25–27 августа 2026,"JINHUA ACTCO ARTS & CRAFTS CO., LTD",Jinhua Actco Arts & Crafts,товары для дома и кухни,Китай,Москва,"Китай, JINHUA, No. 328 Zhenghan North Street, Xiaoshun Town, Jindong District, Jinhua City, Zhejiang Province",1B01,1,Товары для дома и кухни,,,,sales@actcodecor.com,,https://online.gefera.ru/info/ICF26/catalog/f2283c0c-f787-3e2b-83d7-ad77d35b18ac/,f2283c0c-f787-3e2b-83d7-ad77d35b18ac,"Компания «JINHUA ACTCO ARTS & CRAFTS», основанная в 2018 году в Цзиньхуа, опирается на почти двадцатилетний опыт в багетной индустрии. Предприятие располагает заводом площадью свыше 4 000 квадратных метров, имеет сертификацию BSCI и специализируется на рамах для зеркал, фоторамках, художественных зеркалах, декоративных панно и металлических зеркалах. Ежемесячный объем выпуска достигает не менее 200 000 единиц. Продукция организации поставляется клиентам по всему миру с особым акцентом на рынки Северной и Южной Америки и неизменно соответствует высоким стандартам качества.",detail_parsed,,2026-08-24T05:32:09Z,china-commodity-fair-2026-gefera-public-catalog-signo-v1.0.1,gefera_icf26_public_catalog_count_all_ru,dd2987102554a189e6b4256dbb1b830779e3ba8ac3b26913adc3466dc5b23e94,source/detail_pages/detail_f2283c0c-f787-3e2b-83d7-ad77d35b18ac.html
China Commodity Fair 2026,25–27 августа 2026,"JINHUA AND INDUSTRY&TRADE SHARE CO., LTD",Jinhua And Industry&Trade Share,бытовая техника и электроника,Китай,Москва,"Россия, 321300, YONGKANG, NO.3,XITA ROAD,CHENGXI INDUSTRY AREA",1B26,1,Бытовая техника и электроника,,,http://www.and-tools.com/index.html,sales@and-tools.com,+1(506)796-8519,https://online.gefera.ru/info/ICF26/catalog/3b36c41f-69bd-54b9-730e-4f980c43a526/,3b36c41f-69bd-54b9-730e-4f980c43a526,"Компания «Zhejiang Jinhua AND Industry & Trade» — профессиональный производитель электроинструментов с более чем десятилетней историей. Предприятие расположено в промышленной зоне Чэнси города Юнкан и располагает передовым оборудованием и технологиями, а также командой опытных инженерно-технических специалистов и квалифицированных рабочих.",detail_parsed,,2026-08-24T05:32:09Z,china-commodity-fair-2026-gefera-public-catalog-signo-v1.0.1,gefera_icf26_public_catalog_count_all_ru,2e701e7b08b3ca0d41bbd78363b0777256b388dcd48ad73d9b13bc93168baa7e,source/detail_pages/detail_3b36c41f-69bd-54b9-730e-4f980c43a526.html
China Commodity Fair 2026,25–27 августа 2026,"JINHUA ANZHI PACKAGING CO., LTD",Jinhua Anzhi Packaging,"продукты питания, товары для красоты и здоровья, подарки и товары для праздника",Китай,Москва,"Китай, 322000, г. Цзиньхуа, Здание 13, Креативный парк Таньгэ, Западный район, г. Цзиньхуа, пров. Чжэцзян, Китай",1C21,1,Продукты питания и сельскохозяйственная продукция; Товары для здоровья и красоты; Подарки и товары для праздника,,,http://www.ywpackaging.com,,,https://online.gefera.ru/info/ICF26/catalog/8f65e1ad-6dd2-8265-cb42-b69c577f71a5/,8f65e1ad-6dd2-8265-cb42-b69c577f71a5,"Yiwu Anteng Packaging Co., Ltd. Основанная в 2010 году, компания Yiwu Anteng Packaging является ведущим производителем индивидуальной полиграфической и упаковочной продукции в г. Иу, Китай. Мы специализируемся на широком ассортименте упаковки для пищевых продуктов, включая коробки для выпечки, кондитерских изделий и тортов, бумажные пакеты, а также упаковочные коробки из бумаги и пластика (ПЭТ / ПВХ / ПП). Наша современная производственная площадка оснащена передовым оборудованием, таким как немецкие печатные машины Roland 7+1, ламинаторы, машины для тиснения фольгой, а также автоматические станки для выручки и изготовления бумажных пакетов. В сочетании с командой опытных специалистов (со стажем работы более 5 лет) это позволяет нам производить до 100 000 изделий в день, сохраняя неизменно высокий стандарт качества.",detail_parsed,,2026-08-24T05:32:09Z,china-commodity-fair-2026-gefera-public-catalog-signo-v1.0.1,gefera_icf26_public_catalog_count_all_ru,5fdad88caa146bff69740c0c314f07112f946ef4b7ac6f3fcf889bda267394ed,source/detail_pages/detail_8f65e1ad-6dd2-8265-cb42-b69c577f71a5.html
China Commodity Fair 2026,25–27 августа 2026,"JINHUA COMFORT VEHICLE CO., LTD",Jinhua Comfort Vehicle,товары для красоты и здоровья,Китай,Москва,"Китай, JINHUA, 708, Building 1, Kaide Business Building, No. 2777 Binhong West Road, Bailongqiao Town, Wucheng District, Jinhua City, Zhejiang Province",1E22,1,Товары для здоровья и красоты,,,,smart01@zjcomforting.com,,https://online.gefera.ru/info/ICF26/catalog/8bc998f6-d448-e980-d08f-e50653e51480/,8bc998f6-d448-e980-d08f-e50653e51480,"Компания «Jinhua Comfort Health Technology» базируется в городе Цзиньхуа провинции Чжэцзян, где расположены выставочный зал и отдел продаж. Производственная площадка организации находится в городе Фуань провинции Фуцзянь и занимает 10 000 квадратных метров. Штат насчитывает свыше 180 сотрудников, включая более 10 профессиональных инженеров-разработчиков. Предприятие специализируется на полном спектре электронных массажных изделий: домашних и общественных массажных креслах, шейных и ножных массажерах, массажных подушках и многом другом. Основной фокус сделан на релаксацию, восстановление и общее оздоровление, помогая снимать стресс и напряжение. Большинство массажных кресел имеют сертификацию CE, EMC, CB и RoHS от TUV SUD, что обеспечивает беспрепятственный импорт на мировые рынки. Фирма принимает OEM-проекты при наличии действующей авторизации товарного знака и рассчитывает стать вашим надежным партнером в сегменте товаров для здоровья и хорошего самочувствия. Официальный сайт компании: www.zjcomforting.com, организация приглашает посетить его, а также офис и завод.",detail_parsed,,2026-08-24T05:32:09Z,china-commodity-fair-2026-gefera-public-catalog-signo-v1.0.1,gefera_icf26_public_catalog_count_all_ru,b8484b54b16fca34dab2f5567b7766305cbb302d9ebaf0fa1eb85be5c667cf10,source/detail_pages/detail_8bc998f6-d448-e980-d08f-e50653e51480.html
China Commodity Fair 2026,25–27 августа 2026,"JINHUA HABI STATIONERY CO., LTD",Jinhua Habi Stationery,подарки и товары для праздника,Китай,Москва,"Китай, JINHUA, Room 201, Unit 2, Building 10, No. 1559 Guangshun South Street, Xiaoshun Town, Jindong District, Jinhua City, Zhejiang Province",1A26,1,Подарки и товары для праздника,,HAPPY MEOW,https://shop3289g4209g810.1688.com/,,,https://online.gefera.ru/info/ICF26/catalog/0e821197-d40c-ac9c-9edb-57cb5c689e63/,0e821197-d40c-ac9c-9edb-57cb5c689e63,"Jinhua Habi Stationery Co., Ltd. was founded in 2012. It is located in Yiwu, which enjoys the reputation of “China First Market”.“To provide customers with quality products amid incredible customer service at competitive prices” is our business faith. Jinhua Habi Stationery Co., Ltd. is specialized in producing paper stationery, such as file folders, display books, O-ring binder, notebook, photo albums, etc... All the products are made by environment-protecting material; all machines are imported from Germany and Japan. With 6 years of experience in stationery producing, quality is guaranteed. Most of products are sold to southeast Asia, European, some also sell to America, Oceania. As a professional stationery factory, HABl Stationery Company has powerful research and developing ability. Hot new items are arriving monthly. Besides, samples also can do as customer's requirement. Relying on our strong production capability, innovative spirit, honest attitude and considerate services, we have enjoyed a high reputation in the challenging global market. Customer's satisfaction is our happiness. Warmly welcome worldwide clients to cooperate with us on the basic of mutual benefit.",detail_parsed,,2026-08-24T05:32:09Z,china-commodity-fair-2026-gefera-public-catalog-signo-v1.0.1,gefera_icf26_public_catalog_count_all_ru,869cdb6967bfdbb031de7f60fcc59e584067eaf60e7c9d87990d31f374439d95,source/detail_pages/detail_0e821197-d40c-ac9c-9edb-57cb5c689e63.html
China Commodity Fair 2026,25–27 августа 2026,"JINHUA KEYUE ELECTRONIC COMMERCE CO., LTD",Jinhua Keyue Electronic Commerce,бытовая техника и электроника,Китай,Москва,"Китай, JINHUA, No. 163 Jin'an Road, Andi Village, Andi Town, Wucheng District",1A35,1,Бытовая техника и электроника,,,http://www.hexitahathvv.com,,,https://online.gefera.ru/info/ICF26/catalog/ff35aad5-fb9f-0000-a67f-c320ade70683/,ff35aad5-fb9f-0000-a67f-c320ade70683,"«Jinhua Keyue Electronic Commerce» работает с 2020 года как предприятие полного цикла, объединяющее производство, исследования, выпуск и продажи. Компания располагает площадями в 10 000 квадратных метров, штатом более 200 человек и R&D-командой из 25 специалистов, которые занимаются массажным оборудованием и бьюти-гаджетами для персонального ухода, опираясь на технических сотрудников с более чем десятилетним стажем. Выстроена сквозная система контроля качества, подтвержденная сертификатами CE, FCC, RoHS и UKCA. Предприятие поставляет продукцию по OEM и ODM-схемам в двадцать с лишним стран, причем наибольшим спросом она пользуется в США, Великобритании и Австралии, а годовая выручка достигает 5 миллионов долларов США. Марка TAHATH строит свою философию на идее, что покупатель достоин большего, и поэтому компания стремится делать качественные массажные и уходовые устройства доступными широкой аудитории, постоянно вкладывая в дизайн и новизну столько же внимания, сколько в человеческую заботу.",detail_parsed,,2026-08-24T05:32:09Z,china-commodity-fair-2026-gefera-public-catalog-signo-v1.0.1,gefera_icf26_public_catalog_count_all_ru,ca532e9aadc46b65d887d218b137c099414723098b3418a49ff8e53afa965eaa,source/detail_pages/detail_ff35aad5-fb9f-0000-a67f-c320ade70683.html
China Commodity Fair 2026,25–27 августа 2026,"JINHUA LONGTAI IMP&EXP TRADING CO., LTD",Jinhua Longtai Imp&Exp Trading,товары для сада и отдыха,Китай,Москва,"Китай, JINHUA, Building 2, Zhenbei Functional Zone, Xiaoshun Town, Jindong District, Jinhua City, Zhejiang Province",1F23,1,Товары для сада и отдыха на природе,,,http://www.Longtaico.com,,,https://online.gefera.ru/info/ICF26/catalog/225501c2-0fd9-472a-ddeb-020430278803/,225501c2-0fd9-472a-ddeb-020430278803,"Компания «Longtai» — ваш надежный партнер в сфере импортно-экспортной торговли. Мы искренне стремимся помогать клиентам получать высококачественную продукцию и нацелены на предоставление превосходного сервиса и достижение выдающихся результатов. В «Longtai» гордятся заслуженным и уважаемым именем в индустрии внешней торговли. Опираясь на многолетний опыт и команду преданных своему делу профессионалов, организация гарантирует исключительное обслуживание каждому заказчику. Будь то закупка канцелярских товаров, спортивного инвентаря, инструментов или гуманитарной помощи, мы сопровождаем клиента на всем протяжении сделки, обеспечивая ее гладкое и успешное завершение.",detail_parsed,,2026-08-24T05:32:09Z,china-commodity-fair-2026-gefera-public-catalog-signo-v1.0.1,gefera_icf26_public_catalog_count_all_ru,5f312d24a1c76836b8c3ff48ad0997f2eb1de2f0ae1ca43acee5800d7d6b26d5,source/detail_pages/detail_225501c2-0fd9-472a-ddeb-020430278803.html
China Commodity Fair 2026,25–27 августа 2026,"JINHUA YOUKAN TRADING CO., LTD",Jinhua Youkan Trading,одежда и аксессуары,Китай,Москва,"Китай, JINHUA, Room 1201, Building B, Tongyuan Building, Wucheng District, Jinhua City, Zhejiang Province",1A29,1,Одежда и аксессуары,,,,,,https://online.gefera.ru/info/ICF26/catalog/0d1eb489-8489-270a-69ef-4de8b2f4b8fe/,0d1eb489-8489-270a-69ef-4de8b2f4b8fe,"Компания «Jinhua Youkan Trading» — китайское торговое предприятие, расположенное в городе Цзиньхуа провинции Чжэцзян, важном центре производства, сорсинга и экспортной деятельности. Организация работает в секторе международной торговли и занимается поставками потребительских товаров на зарубежные рынки.",detail_parsed,,2026-08-24T05:32:09Z,china-commodity-fair-2026-gefera-public-catalog-signo-v1.0.1,gefera_icf26_public_catalog_count_all_ru,b1a31dfc9e705e4d9ccdb7c1413c63f5996efd85ed8cdd415a8b618e8b23ef45,source/detail_pages/detail_0d1eb489-8489-270a-69ef-4de8b2f4b8fe.html
China Commodity Fair 2026,25–27 августа 2026,"Jiangsu Bestfull Technology Co., Ltd",Jiangsu Bestfull Technology,товары для дома и кухни,Китай,Москва,"Китай, changzhou, No. 196 Dongsheng Road, Liyang City, Jiangsu Province",1A19,1,Товары для дома и кухни,,,,,,https://online.gefera.ru/info/ICF26/catalog/410559b4-d222-7b90-e6b5-f2eaaa42a9f3/,410559b4-d222-7b90-e6b5-f2eaaa42a9f3,"Компания «Jiangsu Bestfull» — профессиональное предприятие, занимающееся изготовлением и обработкой пресс-форм для пластика, стекла и нержавеющей стали. Организация предоставляет услуги ODM и OEM. Компания основана в 2004 году и обладает более чем 20-летним производственным опытом. Завод занимает территорию 20 000 квадратных метров.",detail_parsed,,2026-08-24T05:32:09Z,china-commodity-fair-2026-gefera-public-catalog-signo-v1.0.1,gefera_icf26_public_catalog_count_all_ru,ce68fc21a86b18ac1580c3817fccf1642403c915f2a0ae7f1d5d262c53b4b6bf,source/detail_pages/detail_410559b4-d222-7b90-e6b5-f2eaaa42a9f3.html
China Commodity Fair 2026,25–27 августа 2026,"Jiangsu Green Willow Textile Co., LTD",Jiangsu Green Willow Textile,"бытовая техника и электроника, товары для дома и кухни",Китай,Москва,"Китай, Suqian City, No.9 Huafu Road, Sanzhuang Town, Siyang County, Suqian City, Jiangsu Province, P.R.China",1F08,1,Бытовая техника и электроника; Товары для дома и кухни,,,,,,https://online.gefera.ru/info/ICF26/catalog/3370b9a7-12c6-a70d-c779-289af7cce402/,3370b9a7-12c6-a70d-c779-289af7cce402,"Компания «Jiangsu Lvliu Textile» основана в 2021 году в уезде Сиян провинции Цзянсу и объединяет ткачество, печать, отделку, выпуск домашнего текстиля и международную торговлю. Благодаря внешнеторговому центру в Шанхае и офису в Лондоне предприятие выстроило полный цикл от собственного производства до прямого обслуживания клиентов за рубежом. Стандартизированные цеха обеспечивают прядение, вязание трикотажного полотна, пошив и упаковку, а ассортимент включает пледы, пляжные полотенца, кухонный текстиль, органайзеры для хранения, шторы, домашний декор и аксессуары для багажа. Фирма также предлагает разработку тканей по индивидуальным запросам, нанесение авторских принтов и OEM-производство под частной маркой.",detail_parsed,,2026-08-24T05:32:09Z,china-commodity-fair-2026-gefera-public-catalog-signo-v1.0.1,gefera_icf26_public_catalog_count_all_ru,367463253f2b4a76932188b0c854d56088e9c5eaeb28a38f981889b46e768e38,source/detail_pages/detail_3370b9a7-12c6-a70d-c779-289af7cce402.html
China Commodity Fair 2026,25–27 августа 2026,"Jiangsu Zhongfu Focus Cross-border Trade Service Co., Ltd",Jiangsu Zhongfu Focus Cross-border Trade Service,бытовая техника и электроника,Китай,Москва,"Китай, CHANGSHU, 15th Floor,SCT Building,No.1,666,Majing Road,Changshu City,Jiangsu Province,China",1E05,1,Бытовая техника и электроника,,SCT,https://www.sct1039.com/,fuchaobin@sct1039.com; olga@sct1039.com,,https://online.gefera.ru/info/ICF26/catalog/bee0b0a8-e1e9-72cd-41b7-cfcea2841e3a/,bee0b0a8-e1e9-72cd-41b7-cfcea2841e3a,"Ключевая задача компании «Jiangsu Zhongfu Focus Cross-border Trade Service» — технологически усиливать трансграничную торговлю, сосредотачивая усилия на цифровизации торговых операций, развитии платформенной экономики и формировании новых легальных маршрутов экспорта для малого и среднего бизнеса.",detail_parsed,,2026-08-24T05:32:09Z,china-commodity-fair-2026-gefera-public-catalog-signo-v1.0.1,gefera_icf26_public_catalog_count_all_ru,0eecc018fee44729abaa30155424f953cc687b262c1a74a0be9abe4031b57f1b,source/detail_pages/detail_bee0b0a8-e1e9-72cd-41b7-cfcea2841e3a.html
China Commodity Fair 2026,25–27 августа 2026,"Jiangyin Merry international Trade Co., Ltd",Jiangyin Merry international Trade,подарки и товары для праздника,Китай,Москва,"Китай, wuxi, Unit A,11/F International Trade Mansion ,No.118 Chengjiangmiddle Road,Jiangyin,Jiangsu,China",1D33,1,Подарки и товары для праздника,,,http://www.merrystick.com/,,,https://online.gefera.ru/info/ICF26/catalog/7265fe53-dab4-f812-34c7-8fbbf8086818/,7265fe53-dab4-f812-34c7-8fbbf8086818,"Компания ""Jiangyin Mary International Trade"", основанная в 2009 году, является ведущим внешнеторговым предприятием в сфере стикеров для заметок и одновременно располагает собственной производственной базой в лице завода ""Jiangyin Mary Stationery Manufacturing"". Фабрика специализируется на выпуске всех видов стикер-продукции, а накопленные за 15 лет производственный опыт и экспертиза, непрерывные исследования и инновации, качественный сервис и честность снискали организации единодушное признание и высокую оценку клиентов со всего мира.",detail_parsed,,2026-08-24T05:32:09Z,china-commodity-fair-2026-gefera-public-catalog-signo-v1.0.1,gefera_icf26_public_catalog_count_all_ru,19104aaaa338e975c86f238c84ec11c36a0305a2b6c1b4b6be3760cdc7b267d1,source/detail_pages/detail_7265fe53-dab4-f812-34c7-8fbbf8086818.html
China Commodity Fair 2026,25–27 августа 2026,"Jiaxing Ruimei Houseware Co., Ltd",Jiaxing Ruimei Houseware,товары для дома и кухни,Китай,Москва,"Китай, JIAXING, East 2nd Floor, Building 3, Xike 1237 Industrial Park, Jiachuang Road, Xiuzhou District, Jiaxing City",1B06,1,Товары для дома и кухни,,,,,,https://online.gefera.ru/info/ICF26/catalog/10a7b122-33a6-44e1-e910-82b82e5cf71e/,10a7b122-33a6-44e1-e910-82b82e5cf71e,"Компания «Jiaxing Ruimei Home Products» с 2006 года специализируется на тканевых органайзерах и системах хранения для дома, осуществляя деятельность из Цзясина. Фирма совмещает оригинальный дизайн с OEM и ODM предложениями для ритейлеров, брендов и торговых сетей по всему миру. Собственная марка MOHO&HOME отвечает европейским стандартам и отличается лаконичным, модным и колоритным оформлением. Каждый сезон ассортимент пополняется 20–30 новинками в сегментах гардеробного и детского хранения, а гибкий выпуск, жесткий контроль качества и сжатые сроки отгрузки обеспечивают стабильные поставки в Европу, Америку, Японию, Корею и страны Азии.",detail_parsed,,2026-08-24T05:32:09Z,china-commodity-fair-2026-gefera-public-catalog-signo-v1.0.1,gefera_icf26_public_catalog_count_all_ru,d0da7b42702e30f99fe7d2802b449d4caf04e3d093af97a8ccbd258878746af5,source/detail_pages/detail_10a7b122-33a6-44e1-e910-82b82e5cf71e.html
China Commodity Fair 2026,25–27 августа 2026,"Jinhua Animate Imp&Exp Co., Ltd",Jinhua Animate Imp&Exp,товары для дома и кухни,Китай,Москва,"Китай, JINHUA, Caozhai Industrial Functional Zone, Jindong District, Jinhua City, Zhejiang Province",1C09,1,Товары для дома и кухни,,,,,,https://online.gefera.ru/info/ICF26/catalog/31987ddf-78a9-5ad2-9473-923458359f74/,31987ddf-78a9-5ad2-9473-923458359f74,"Jinhua Animate Imp&Exp Co.,Ltd(Dongyang Enshang Commodity Co., Ltd). is located in Dongyang City, near by Yiwu. We are professional manufacturer specializing in various microfiber towels. Our company has 80 employees and mainly engages in the production and operation of household textile products, the sale of needle textiles and raw materials, the sale of daily sundries, and fabric dyeing and printing processing. Our products are mainly exported to America, Europe, Japan and South Korea. We have passed the GRS, BSCI, IOS14001, OEKO-TEX factory audits and Li & Fung quality certification, and established long-term cooperative relationships with Li & Fung, LIDL, and Japanese Daiso.",detail_parsed,,2026-08-24T05:32:09Z,china-commodity-fair-2026-gefera-public-catalog-signo-v1.0.1,gefera_icf26_public_catalog_count_all_ru,6aac6c7ae6e55261ad84531031355521a04a61a44f099ea2f42495255ac0f652,source/detail_pages/detail_31987ddf-78a9-5ad2-9473-923458359f74.html
China Commodity Fair 2026,25–27 августа 2026,"Jinhua Bueart Cosmetic Co., Ltd",Jinhua Bueart Cosmetic,товары для красоты и здоровья,Китай,Москва,"Китай, JINHUA, No. 6 Wancui Street, Dongdingye District, Caozhai Town, Jindong District, Jinhua City, Zhejiang Province",1C40,1,Товары для здоровья и красоты,,,http://www.bueart.cn/,,,https://online.gefera.ru/info/ICF26/catalog/c8294ef5-73e1-dcd7-6ef1-239bdb936361/,c8294ef5-73e1-dcd7-6ef1-239bdb936361,"Компания базируется в городе Цзиньхуа провинции Чжэцзян, известном производственном и экспортном центре Китая. Предприятие работает в косметической и бьюти-индустрии, специализируясь на выпуске и поставках косметической продукции для международных рынков.",detail_parsed,,2026-08-24T05:32:09Z,china-commodity-fair-2026-gefera-public-catalog-signo-v1.0.1,gefera_icf26_public_catalog_count_all_ru,21622350506c2c28e97cebbe2c432c204d1d8d4632b9fa27788dc84388b3b951,source/detail_pages/detail_c8294ef5-73e1-dcd7-6ef1-239bdb936361.html
China Commodity Fair 2026,25–27 августа 2026,"Jinhua Comfort Health Technology Co., Ltd",Jinhua Comfort Health Technology,бытовая техника и электроника,Китай,Москва,"Китай, JINHUA, 708, Building 1, Kaide Business Building, No. 2777 Binhong West Road, Bailongqiao Town, Wucheng District, Jinhua City, Zhejiang Province",1E18,1,Бытовая техника и электроника,,,http://zjcomforting.com,,,https://online.gefera.ru/info/ICF26/catalog/9933663c-dbe4-e88b-225c-ee75fb8bb69c/,9933663c-dbe4-e88b-225c-ee75fb8bb69c,"Jinhua Comfort Health Technology Co., Ltd. is based in Jinhua, Zhejiang, China,with our showroom and sales department here. Our factory is located in Fuan,Fujian, covering 10,000 square meters, employing over 180 staff including morethan 10 professional R&D engineers. We specialize in a full range of electronic massage products: home & share mas-sage chairs, shared massage chairs, neck massagers, foot massagers, massage cush-ions and more. We focus on relaxation, recovery and wellness to help relieve stress and tension. Most of our massage chairs have CE, EMC, CB and Rohs certifications fromTUV SUD, supporting smooth import into global markets.We welcome OEM projects with valid trademark authorization.We look forward to being your trusted partner in health and wellness products.Official website: www.zjcomforting.com,welcome to visit it and also visit our office and factory.",detail_parsed,,2026-08-24T05:32:09Z,china-commodity-fair-2026-gefera-public-catalog-signo-v1.0.1,gefera_icf26_public_catalog_count_all_ru,5ef7eaebc322b32f2f03ade66ccfe148a87adad82da443c99a62734ca0569396,source/detail_pages/detail_9933663c-dbe4-e88b-225c-ee75fb8bb69c.html
China Commodity Fair 2026,25–27 августа 2026,"Jinhua Gusong Metal Products Co., Ltd",Jinhua Gusong Metal Products,"товары для сада и отдыха, товары для дома и кухни",Китай,Москва,"Россия, 321300, YONGKANG, DONGCHENG STREET",1B30,1,Товары для сада и отдыха на природе; Товары для дома и кухни,,,http://www.karryvessel.com/,sales2@karryvessel.com,+1(815)792-7393,https://online.gefera.ru/info/ICF26/catalog/9f1b4e3d-af5a-2bc3-3aa0-fdd0ef59cc55/,9f1b4e3d-af5a-2bc3-3aa0-fdd0ef59cc55,"Компания «KARRY VESSEL» входит в число крупнейших поставщиков в индустрии питьевой посуды, специализируясь на разработке, производстве и сбыте различных видов посуды для напитков и outdoor-продукции. Ключевой ассортимент организации включает термокружки из нержавеющей стали, вакуумные термобутылки, бутылки из тритана, пищевые контейнеры и другие сопутствующие изделия.",detail_parsed,,2026-08-24T05:32:09Z,china-commodity-fair-2026-gefera-public-catalog-signo-v1.0.1,gefera_icf26_public_catalog_count_all_ru,8db0405ee1ffffc90a02483291ae1d0477f17be0dd78e5a662fb462a436ca79b,source/detail_pages/detail_9f1b4e3d-af5a-2bc3-3aa0-fdd0ef59cc55.html
China Commodity Fair 2026,25–27 августа 2026,"Jinhua Landi Packaging Products Co., Ltd",Jinhua Landi Packaging Products,"одежда и аксессуары, подарки и товары для праздника",Китай,Москва,"Китай, JINHUA, No. 899 Jinzhu Road, Qianxi Township, Wucheng District, Jinhua City, Zhejiang Province",1F21,1,Одежда и аксессуары; Подарки и товары для праздника,,,https://lateen.en.alibaba.com/?spm=a2700.wholesale.cordpanyb.2.237d66b9xdHD70,,,https://online.gefera.ru/info/ICF26/catalog/974943bd-6cd7-443e-bca8-96834c400473/,974943bd-6cd7-443e-bca8-96834c400473,"Компания «Jinhua Ruidi Industry & Trade» специализируется на выпуске ювелирной упаковки и смежных упаковочных решениях для lifestyle-сегмента. С 2019 года предприятие объединяет разработку, выпуск и управление брендом, располагая собственным заводом, внутренней дизайнерской командой, а также специализированными отделами продаж и операционной деятельности. Организация делает ставку на гибкую кастомизацию и комплексную упаковку «под ключ», помогая клиентам представлять ювелирные изделия в изысканной и премиальной манере. Строгий контроль качества подтверждается ежегодной сертификацией Intertek. Фирма предлагает гибкие условия сотрудничества с низкими минимальными объемами заказа и поставкой образцов в течение 3–7 дней после утверждения. Ежегодно разрабатывается более 200 новых продуктов, что позволяет опережать рыночные тренды. Отдавая приоритет высококлассной дорогой упаковке в противовес дешевым альтернативам, компания завоевала мировое признание благодаря стильному дизайну, стабильному качеству и постоянным инновациям, искренне приглашая партнеров со всего мира к долгосрочному общему успеху.",detail_parsed,,2026-08-24T05:32:09Z,china-commodity-fair-2026-gefera-public-catalog-signo-v1.0.1,gefera_icf26_public_catalog_count_all_ru,bb27d19bade36d66e3acded0d61b0ec6fbd77a8f5641dc74648bc161dcf033b8,source/detail_pages/detail_974943bd-6cd7-443e-bca8-96834c400473.html
China Commodity Fair 2026,25–27 августа 2026,"Jinhua Lanfeng Technology Co., Ltd",Jinhua Lanfeng Technology,бытовая техника и электроника,Китай,Москва,"Китай, JINHUA, East side of the intersection of Hengyi Road and Zongyi Road, Tangya Town, Jindong District, Jinhua City, Zhejiang Province, China, Jiaotou Logistics Equipment Incubation Park",1D41,1,Бытовая техника и электроника,,,http://www.worldgasflowmeter.com,,,https://online.gefera.ru/info/ICF26/catalog/2886f98e-1e1d-7ad1-f555-1e1c44337865/,2886f98e-1e1d-7ad1-f555-1e1c44337865,"Компания «Lanfeng Technology» — на протяжении более 20 лет один из крупнейших производителей, специализирующихся на разработке и выпуске газовых расходомеров, топливораздаточных и газораздаточных колонок, а также всех комплектующих к ним. Это высокотехнологичное предприятие, сочетающее профессиональные навыки, передовые технологии, качественную продукцию и честный сервис, профессионально выпускающее приборы для измерения газа.",detail_parsed,,2026-08-24T05:32:09Z,china-commodity-fair-2026-gefera-public-catalog-signo-v1.0.1,gefera_icf26_public_catalog_count_all_ru,1d2d06bcf521c940386909cef08dc526891dfe38e747305eaef038bc07c1e815,source/detail_pages/detail_2886f98e-1e1d-7ad1-f555-1e1c44337865.html
China Commodity Fair 2026,25–27 августа 2026,"Jinhua Lvge Technology Co., Ltd",Jinhua Lvge Technology,"одежда и аксессуары, детские товары и игрушки",Китай,Москва,"Китай, JINHUA, Unit 1, Building 11, Jiaotou Intelligent Industrial Park, Tangya Town, Jindong District, Jinhua City",1G14,1,Одежда и аксессуары; Детские товары и игрушки,,,,,,https://online.gefera.ru/info/ICF26/catalog/71fc897e-aae4-10b5-b9be-3a3660137175/,71fc897e-aae4-10b5-b9be-3a3660137175,"Компания «Luge Clothing» из города Цзиньхуа провинции Чжэцзян с 2008 года глубоко погружена в сферу детской моды. Это современное швейное предприятие, объединяющее дизайн, разработку и производство. Организация стремится создавать гардероб мечты для каждого ребенка. Ассортимент фирмы простирается от нежных и воздушных шифоновых платьев, классических и милых юбок-пачек до роскошных и элегантных принцесс-нарядов и костюмов, от теплых и душевных семейных комплектов, удобных и универсальных футболок до мягких и уютных детских вязаных сетов. Каждое изделие компании несет в себе приверженность качеству и заботу о детстве.",detail_parsed,,2026-08-24T05:32:09Z,china-commodity-fair-2026-gefera-public-catalog-signo-v1.0.1,gefera_icf26_public_catalog_count_all_ru,ffe04788a82dbf42324b3491e7400ae98ab6fc4a6ae0a308eabf026f3976ca33,source/detail_pages/detail_71fc897e-aae4-10b5-b9be-3a3660137175.html
China Commodity Fair 2026,25–27 августа 2026,"Jinhua Puqiao Arts & Crafts Co., Ltd",Jinhua Puqiao Arts & Crafts,товары для дома и кухни,Китай,Москва,"Китай, JINHUA, No. 1559 Guangshun South Street, Xiaoshun Town, Jindong District, Jinhua City, Zhejiang Province",1C19,1,Товары для дома и кухни,,PUQIAO,https://shop1416588137727.1688.com/?spm=a26352.13672862.offerlist.22.f3861e62UngJej,huangxingquan@pqgyp.com,,https://online.gefera.ru/info/ICF26/catalog/8fdc44c7-e47b-3316-39dc-e469caa6332b/,8fdc44c7-e47b-3316-39dc-e469caa6332b,"«Puqiao Crafts» из Цзиньхуа с 2014 года занимается высокотехнологичным выпуском домашних изделий из диатомита. Ставка на новизну и качество позволяет фирме поставлять экологичные и модные коврики, а также прочую диатомитовую продукцию оптовым закупщикам в разных странах, где товары встречают стабильно высокие оценки.",detail_parsed,,2026-08-24T05:32:09Z,china-commodity-fair-2026-gefera-public-catalog-signo-v1.0.1,gefera_icf26_public_catalog_count_all_ru,15572a8094194d94cff29c6c2464503a0e84beec4f86b3a5f174eb29000f6747,source/detail_pages/detail_8fdc44c7-e47b-3316-39dc-e469caa6332b.html
China Commodity Fair 2026,25–27 августа 2026,"Jinhua Sanyang Network Co., Ltd",Jinhua Sanyang Network,"подарки и товары для праздника, товары для дома и кухни",Китай,Москва,"Китай, JINHUA, 3rd Floor, Unit 6, Building 6, Kechuang Zhigu Industrial Park, Xiaoshun Town, Jindong District, Jinhua City, Zhejiang Province",1C38,1,Подарки и товары для праздника; Товары для дома и кухни,,,https://sanyangyj.1688.com/?spm=a261y.7663282.shopNavigation.2.b0a072cdQU37do&offerId=522021150980&td_page_id=PC-DEFAULT-2025,,,https://online.gefera.ru/info/ICF26/catalog/d5701215-7149-f536-3837-13e150b60e2a/,d5701215-7149-f536-3837-13e150b60e2a,"Компания «Jinhua Sanyang Network» появилась в 2017 году и работает как технологичная сетевая структура. Ее профиль объединяет выпуск и реализацию металлических и пластиковых изделий, опт и розницу художественно-декоративных товаров, интернет-торговлю и внешнеэкономическую деятельность. Дополнительно организация ведет розничные и оптовые продажи арабских кальянов и комплектующих к ним. Бизнес-модель построена на сочетании технологической, производственной и торговой составляющих, что обеспечивает многоканальное развитие.",detail_parsed,,2026-08-24T05:32:09Z,china-commodity-fair-2026-gefera-public-catalog-signo-v1.0.1,gefera_icf26_public_catalog_count_all_ru,85423ebcfe081b993ad61bbcc5cfde62730e6ee5730aca62974059434e1947b5,source/detail_pages/detail_d5701215-7149-f536-3837-13e150b60e2a.html
China Commodity Fair 2026,25–27 августа 2026,"Jinhua Shuye Non-Woven Technology Co., Ltd",Jinhua Shuye Non-Woven Technology,"подарки и товары для праздника, товары для сада и отдыха, товары для дома и кухни",Китай,Москва,"Китай, JINHUA, Jiaotou Technology Park, Tangya Town, Jindong District, Jinhua City, Zhejiang Province",1B18,1,Подарки и товары для праздника; Товары для сада и отдыха на природе; Товары для дома и кухни,,,,,,https://online.gefera.ru/info/ICF26/catalog/6556a118-3fdf-2831-9167-29e568384c9a/,6556a118-3fdf-2831-9167-29e568384c9a,"Компания в основном производит одноразовые салфетки, одноразовые комплекты постельного белья из трех или четырех предметов, одноразовые полотенца для лица, спрессованные полотенца, одноразовые банные полотенца и т. д. Основываясь на отработанной технологии обработки нетканых материалов, мы поддерживаем выбор материалов, индивидуальную настройку спецификаций и OEM/ODM-производство с нанесением логотипа. Завод оснащен полностью автоматизированной производственной линией, и создана система контроля качества на каждом этапе, от поступления сырья до отгрузки готовой продукции. Наша продукция широко поставляется в отечественные интернет-магазины и оптовые торговые точки, а также долгое время экспортируется во многие страны Европы и Азии. Она подходит для различных сценариев использования, таких как офлайн-супермаркеты, трансграничная электронная коммерция, гостиницы и гостевые дома, а также индустрия красоты. Компания придерживается принципа «качество прежде всего, честность и взаимовыгодное сотрудничество» и может гибко обрабатывать заказы различных размеров, обеспечивая стабильные сроки доставки. Мы тепло приветствуем клиентов из России и из-за рубежа для обсуждения сотрудничества и со",detail_parsed,,2026-08-24T05:32:09Z,china-commodity-fair-2026-gefera-public-catalog-signo-v1.0.1,gefera_icf26_public_catalog_count_all_ru,fc4f69fa7a275132e59321b2052bea276fde9b7fe8a7af489c0d497034714934,source/detail_pages/detail_6556a118-3fdf-2831-9167-29e568384c9a.html
China Commodity Fair 2026,25–27 августа 2026,"Jinhua Super Packaging Co., Ltd",Jinhua Super Packaging,подарки и товары для праздника,Китай,Москва,"Китай, 321000, Jinhua, No. 229, Huayuan Road, Jinhua City, Zhejiang Province",1E02,1,Подарки и товары для праздника,,,http://www.superpackaging.cn,,,https://online.gefera.ru/info/ICF26/catalog/b55454e2-7f26-153f-1a96-28b64dc8891f/,b55454e2-7f26-153f-1a96-28b64dc8891f,"Компания «Jinhua Super Packaging» расположена в городе Цзиньхуа и уже 15 лет работает в сфере подарочных пакетов и поздравительных открыток. За эти годы организация превратилась во все более профессионального производителя и экспортера подарочной упаковочной продукции. Предприятие выпускает разнообразные бумажные торговые пакеты, подарочную упаковку, крафт-пакеты, поздравительные открытки, оберточную бумагу и другие сопутствующие изделия. В штате трудятся профессиональные дизайнеры, квалифицированные рабочие, опытная команда контроля качества и отличная сервисная служба. Ежегодно продукция отгружается в более чем 20 стран мира. Благодаря мощной поддержке поставщиков сырья фирма способна предлагать клиентам высококачественные товары, разумные цены и оперативную доставку. Компания искренне любит свое дело и надеется, что клиенты разделят это чувство.",detail_parsed,,2026-08-24T05:32:09Z,china-commodity-fair-2026-gefera-public-catalog-signo-v1.0.1,gefera_icf26_public_catalog_count_all_ru,5c694e8459f7aa84d15203a293f4a982d1502c2ba72c253e7f95637110dd60d8,source/detail_pages/detail_b55454e2-7f26-153f-1a96-28b64dc8891f.html
China Commodity Fair 2026,25–27 августа 2026,"Jinhua Wancai Packaging Technology Co., Ltd",Jinhua Wancai Packaging Technology,подарки и товары для праздника,Китай,Москва,"Китай, JINHUA, Unit 2, Building 12, Jiaotou Intelligent Science and Technology Innovation Park, Jindong District, Jinhua City",1C17,1,Подарки и товары для праздника,,,,,,https://online.gefera.ru/info/ICF26/catalog/91dff93b-2a1b-39cf-62c3-1e0b8c4571b6/,91dff93b-2a1b-39cf-62c3-1e0b8c4571b6,"Фабрика «Jinhua Wancai Packaging Technology» больше десяти лет специализируется на упаковке и базируется в инновационном парке Цзяотоу района Цзиньдун города Цзиньхуа провинции Чжэцзян. За это время предприятие освоило свыше сотни конструктивных решений и более десяти печатных техник, а собственная команда колористов и печатников сводит к минимуму межпартийные расхождения по цвету и точно совмещает оттенки в многослойных процессах. Образцы готовятся за трое суток. В распоряжении компании собственный завод на 4 000 квадратных метров, штат насчитывает около 100 человек, а суточная мощность достигает 20 000 комплектов. Опираясь на многолетнюю экспертизу, организация оказывает клиентам качественный упаковочный сервис и приглашает заказчиков лично посетить производство и обсудить сотрудничество.",detail_parsed,,2026-08-24T05:32:09Z,china-commodity-fair-2026-gefera-public-catalog-signo-v1.0.1,gefera_icf26_public_catalog_count_all_ru,5d122b4f1b6472092382777ca60ceb46253b8bbaa771ddd4bd818d67a32c852b,source/detail_pages/detail_91dff93b-2a1b-39cf-62c3-1e0b8c4571b6.html
China Commodity Fair 2026,25–27 августа 2026,"Jinhua Zhuochuang Trading Co., Ltd",Jinhua Zhuochuang Trading,"товары для красоты и здоровья, бытовая техника и электроника",Китай,Москва,"Китай, JINHUA, No. 8 Xianpu Road, Dongxiao Street, Jindong District, Jinhua City, Zhejiang Province",1F17,1,Товары для здоровья и красоты; Бытовая техника и электроника,,,,,,https://online.gefera.ru/info/ICF26/catalog/c97e4a25-ea4b-03df-9600-dd21d0412016/,c97e4a25-ea4b-03df-9600-dd21d0412016,"«Zhuochuang Electric» с 2016 года разрабатывает и производит машинки для стрижки волос, электробритвы и грумерские инструменты для животных. Предприятие располагает цехами в 20 000 квадратных метров, штатом свыше 200 профессионалов и более чем 150 запатентованными техническими решениями. Производство аттестовано по ISO9001 и BSCI, изделия имеют сертификаты CE и ROHS, а приоритетом служат компактность, универсальность и безотказность, что открыло дорогу на рынки Северной Америки и Европы. Торговое крыло в Иу, работающее под маркой Xiaozhishi, вместе с собственным заводом на 8 000 квадратных метров дает выигрыш в цене и сроках, а также полный цикл сервиса — от образцов до отгрузки. Соединяя инженерные компетенции и знание рыночной конъюнктуры, фирма оказывает OEM и ODM услуги и убеждена: качество убеждает без лишних слов, а настоящее мастерство стирает границы.",detail_parsed,,2026-08-24T05:32:09Z,china-commodity-fair-2026-gefera-public-catalog-signo-v1.0.1,gefera_icf26_public_catalog_count_all_ru,110af79715f2e12f6e75fa637cd36df9f9d34b96b5ecc90857f691fb2e4553ee,source/detail_pages/detail_c97e4a25-ea4b-03df-9600-dd21d0412016.html
China Commodity Fair 2026,25–27 августа 2026,"LILING XINKAI HANDCRAFT MANUFACTORY CO., LTD",Liling Xinkai Handcraft Manufactory,подарки и товары для праздника,Китай,Москва,"Россия, Хунань, Китай, FulongVillageBantangGroup LilingXinkaiHandcraft ManufactoryCoLTD YangsanshhiStreet, 412200 Liling, HunanSheng, Китай",1E06,1,Подарки и товары для праздника,,-,http://www.liling-xinkai.com/,15200457776@163.com,+1(520)045-7776,https://online.gefera.ru/info/ICF26/catalog/6b94fec9-d014-5df9-5f7e-e16ad1ffe4a6/,6b94fec9-d014-5df9-5f7e-e16ad1ffe4a6,"Компания «Xinkai Christmas» начала работу в 2015 году, тогда же в Дунгуане провинции Гуандун была запущена ее первая производственная площадка «Xinming». Предприятие специализируется на разработке и выпуске праздничного декора, а сочетание филигранного мастерства, жесткого контроля качества и смелых дизайнерских решений позволило продукции закрепиться на многих мировых рынках. Изделия пользуются высоким спросом, обеспечивая фирме стабильные повторные заказы и прочные долгосрочные отношения с клиентами. С развитием бизнеса в 2022 году организация открыла вторую базу в провинции Хунань под названием «Liling Xinkai», вокруг которой сегодня действует уже семь смежных площадок. Это значительно расширило производственное пространство и мощность, дав компании все возможности для уверенной работы с масштабными оптовыми партиями.",detail_parsed,,2026-08-24T05:32:09Z,china-commodity-fair-2026-gefera-public-catalog-signo-v1.0.1,gefera_icf26_public_catalog_count_all_ru,2bc98c95bbcc3525966aeb9b4d09865b642db2ea7f2365744e637073c8826250,source/detail_pages/detail_6b94fec9-d014-5df9-5f7e-e16ad1ffe4a6.html
China Commodity Fair 2026,25–27 августа 2026,"LONGYOU ZHONGJIN LIGHTING CO., LTD",Longyou Zhongjin Lighting,товары для дома и кухни,Китай,Москва,"Китай, QUZHOU, No.5 Longwen Road, Chengnan Industrial Park, Donghua Subdistrict, Longyou County, Quzhou City, Zhejiang Province, P.R.China",1E26,1,Товары для дома и кухни,,,,nick@zhongjinlight.com,+86(139)8989-8477,https://online.gefera.ru/info/ICF26/catalog/fc0ead03-2cee-4e27-a691-ee1b25e5d7b5/,fc0ead03-2cee-4e27-a691-ee1b25e5d7b5,"Компания «Longyou Zhongjin Lighting» расположена в деревне Жотан поселка Сяонаньхай уезда Лунъю городского округа Цюйчжоу, известного как родина цитрусовых и меда. Основным направлением деятельности компании является производство и продажа осветительных приборов.Предприятие зарегистрировано 23 августа 2011 года в Управлении промышленности и торговли уезда Лунъю. За 12 лет развития организация неизменно предоставляет клиентам качественную продукцию, техническую поддержку и полноценное послепродажное обслуживание.",detail_parsed,,2026-08-24T05:32:09Z,china-commodity-fair-2026-gefera-public-catalog-signo-v1.0.1,gefera_icf26_public_catalog_count_all_ru,1635d8b2fb527f70a1e22119bed4244eb95096c55aad4652d79d7f24b3371d5f,source/detail_pages/detail_fc0ead03-2cee-4e27-a691-ee1b25e5d7b5.html
China Commodity Fair 2026,25–27 августа 2026,"Linyi Hongshun Porcelain Co., Ltd",Linyi Hongshun Porcelain,товары для дома и кухни,Китай,Москва,"Китай, 276017, Линьи, Промышленная зона Сишань, район Луочжуан, город Линьи, провинция Шаньдун, Китай",1D29,1,Товары для дома и кухни,,Hong Casa,http://www.ehongshun.com,rowen@ehongshun.com,,https://online.gefera.ru/info/ICF26/catalog/8cd98c3c-b91e-a0ec-c58d-c13fa75b68eb/,8cd98c3c-b91e-a0ec-c58d-c13fa75b68eb,"Компания ""Linyi Hongshun Porcelain Co., Ltd"", основанная в 2002 году, специализируется на производстве фарфоровой и керамической посуды, включая обеденные и суповые тарелки, миски и кружки. В распоряжении организации находятся четыре завода, штат насчитывает 1 100 сотрудников, а ежедневный объем выпуска достигает 200 000 единиц продукции. По итогам 2023 года годовые продажи составили 20 миллионов долларов, преимущественно на рынках США и Европы. Предприятие применяет такие технологии декорирования, как белый черепок, деколь, рельефный узор, тампопечать, цветная глазурь и реактивная глазурь, а также располагает полным пакетом аудитов производственных объектов, включая сертификации BSCI, SEDEX 4P, WALMART, COSTCO, ISO9001, ISO14001, ISO45001, FAMA, K-MART и GMP.",detail_parsed,,2026-08-24T05:32:09Z,china-commodity-fair-2026-gefera-public-catalog-signo-v1.0.1,gefera_icf26_public_catalog_count_all_ru,d64c3b128fbd5e383f46d3a0ad22dcf992b07336b7b0cca1f2ebb9c22d47b0d2,source/detail_pages/detail_8cd98c3c-b91e-a0ec-c58d-c13fa75b68eb.html
China Commodity Fair 2026,25–27 августа 2026,"Linyi Jiaguan Stationery Co., Ltd",Linyi Jiaguan Stationery,"товары для спорта и фитнеса, детские товары и игрушки, подарки и товары для праздника",Китай,Москва,"Чили, 276000, Линьи, Промышленный парк Заогоутоу, район Ланьшань, город Линьи",1D22D,1,Товары для фитнеса и спорта; Детские товары и игрушки; Подарки и товары для праздника,,JIAGUAN,,,,https://online.gefera.ru/info/ICF26/catalog/2b2f0683-1637-a5ff-ebee-c9c78441b1cf/,2b2f0683-1637-a5ff-ebee-c9c78441b1cf,"Компания «Linyi Jiaguan Stationery» основана в 2008 году и расположена в городе Линьи провинции Шаньдун, известном как столица торговли и логистики. Это профессиональный производитель канцелярских товаров, объединяющий печать, переплет, брошюровку и упаковочную обработку. Предприятие специализируется на разработке и выпуске бумажной канцелярии среднего и высокого класса. Основу ассортимента составляют блокноты, спиральные тетради, тетради на кольцах, книги для протоколов заседаний, тетради с мягкой обложкой, записные книжки с интегральной обложкой, альбомы для визитных карточек, копировальная бумага, бумага для печати и другие офисные принадлежности. Компания принимает заказы по образцам и OEM-заказы, а также обеспечивает оптовые поставки для отечественных и зарубежных покупателей. Оснащенная полным комплектом производственного и технического оборудования, организация располагает профессиональными командами управления и выпуска продукции. Выстроена система сквозного контроля, охватывающая разработку, изготовление, проверку качества и отгрузку товаров. Следуя деловой философии «выживаем за счет качества, развиваемся благодаря репутации», фирма развивает собственные бренды «Jiaguan» ",detail_parsed,,2026-08-24T05:32:09Z,china-commodity-fair-2026-gefera-public-catalog-signo-v1.0.1,gefera_icf26_public_catalog_count_all_ru,b593ec74cd64a2a30c80722e27d1b8a15a024e1130808a4b0977418320093d3b,source/detail_pages/detail_2b2f0683-1637-a5ff-ebee-c9c78441b1cf.html
China Commodity Fair 2026,25–27 августа 2026,"Linyi Jintian Economic and Trade Co., Ltd",Linyi Jintian Economic and Trade,"подарки и товары для праздника, товары для сада и отдыха, бытовая техника и электроника, товары для дома и кухни",Китай,Москва,"Китай, 276000, Линьи, Помещение 1005‑1006, корпус 29, первая очередь Города мелких товаров Линьи, район Ланьшань, город Линьи, провинция Шаньдун",1D22C,1,Подарки и товары для праздника; Товары для сада и отдыха на природе; Бытовая техника и электроника; Товары для дома и кухни,,Цзиньтянь,,,,https://online.gefera.ru/info/ICF26/catalog/29ea6f4a-a0ea-37c6-8a99-911b321b5246/,29ea6f4a-a0ea-37c6-8a99-911b321b5246,"Компания «Linyi Jintian Economic and Trade» расположена в городе Линьи провинции Шаньдун. Опираясь на местные преимущества в сфере торговли и логистики, предприятие занимается импортно-экспортной и оптовой торговлей товарами широкого потребления, бытовыми изделиями, канцелярскими принадлежностями и outdoor-продукцией. Организация располагает стабильными каналами поставок, богатым ассортиментом и принимает крупнооптовые заказы. Продукция продается во многих странах Европы и Азии. Придерживаясь принципа добросовестного ведения бизнеса, фирма направляет усилия на предоставление качественной продукции и эффективного сервиса клиентам внутри страны и за рубежом. Мы искренне приглашаем партнеров к деловому сотрудничеству.",detail_parsed,,2026-08-24T05:32:09Z,china-commodity-fair-2026-gefera-public-catalog-signo-v1.0.1,gefera_icf26_public_catalog_count_all_ru,32f68ea74cfedb4659fc78f7c41e7cf9e38239fc36056bac495e7b0806258fd4,source/detail_pages/detail_29ea6f4a-a0ea-37c6-8a99-911b321b5246.html
China Commodity Fair 2026,25–27 августа 2026,"Linyi Jinyue Cosmetics Co., Ltd",Linyi Jinyue Cosmetics,товары для красоты и здоровья,Китай,Москва,"Китай, 276000, Линьи, Город Линьи, район Ланьшань, Город мелких товаров Линьи, № 1003",1D22B,1,Товары для здоровья и красоты,,Цзиньюэ,,,,https://online.gefera.ru/info/ICF26/catalog/6d809098-0473-e176-2224-e320b43e05d1/,6d809098-0473-e176-2224-e320b43e05d1,"Компания «Linyi Jinyue Cosmetics» основана в 2006 году и расположена в городе Линьи провинции Шаньдун, известном центре торговли и логистики. Предприятие занимается оптовой торговлей и продажами косметики, бьюти-инструментов и бытовых моющих средств, располагая отлаженной системой цепочек поставок. Ассортимент организации охватывает декоративную косметику, уход за кожей, средства личной гигиены и товары повседневного спроса. Компания принимает оптовые заказы, а ее продукция экспортируется во многие зарубежные страны и регионы. Придерживаясь деловой философии честности и клиентоориентированного сервиса, фирма стремится предоставлять экономически выгодные товары и профессиональную поддержку заказчикам как внутри страны, так и за рубежом. Мы искренне приглашаем партнеров со всего мира к деловому сотрудничеству.",detail_parsed,,2026-08-24T05:32:09Z,china-commodity-fair-2026-gefera-public-catalog-signo-v1.0.1,gefera_icf26_public_catalog_count_all_ru,3709d798e321e277b334f0fbdceaf529e4e9bdee823c9dd5a18b69a8d7b23873,source/detail_pages/detail_6d809098-0473-e176-2224-e320b43e05d1.html
China Commodity Fair 2026,25–27 августа 2026,NINGBO HUINING ELECTRICALCO,Ningbo Huining Electricalco,бытовая техника и электроника,Китай,Москва,"Китай, Cixi,Zhejiang, No.1199 Chaosheng road, Cixi Binhai Economic Development Zone",1E37,1,Бытовая техника и электроника,,,https://www.hui-ning.com/,manager@hui-ning.com; office@basalmotor.com,+86(138)5781-0189,https://online.gefera.ru/info/ICF26/catalog/1e230ac9-1d8f-e032-fe08-64657553feeb/,1e230ac9-1d8f-e032-fe08-64657553feeb,"Компания «Ningbo Minhua Electrical Technology» выросла из завода по производству автомобильных электродвигателей, основанного в 1992 году. Накопив более тридцати лет опыта поставок комплектующих для отечественных и зарубежных OEM-производителей, предприятие располагает зрелой экспертизой и множеством патентов. Сегодня в портфеле организации два ключевых направления: автомобильные двигатели, включая приводы стеклоочистителей, систем регулировки сидений, водяных насосов и стеклоподъемников, а также умная бытовая техника — аэрофритюрницы, кофемашины и электрические пароварки. Современный завод площадью 20 000 квадратных метров оснащен пятью линиями по выпуску моторов и двумя линиями бытовой техники, что позволяет ежегодно производить 1,8 миллиона двигателей. Качество подтверждено сертификацией IATF 16949, статусом Национального высокотехнологичного предприятия и соответствием стандартам EMC, UL, RoHS, CE и FCM. Техническая команда из 12 человек непрерывно продвигает инновации, а годовой объем продаж в 85 миллионов юаней охватывает автомобильный, бытовой и офисный сегменты, предлагая клиентам надежные технологии, эффективное управление затратами и оптимизированные цепочки поставок.",detail_parsed,,2026-08-24T05:32:09Z,china-commodity-fair-2026-gefera-public-catalog-signo-v1.0.1,gefera_icf26_public_catalog_count_all_ru,d7ac3deb623c2e07f67769b06b468207a992319701ed41c214dd74b21d4cd7a4,source/detail_pages/detail_1e230ac9-1d8f-e032-fe08-64657553feeb.html
China Commodity Fair 2026,25–27 августа 2026,"NINGBO SOMI DAILY NECESSITIES CO., LTD",Ningbo Somi Daily Necessities,товары для красоты и здоровья,Китай,Москва,"Китай, Ningbo, No. 9-2, Miaohou, Xiepu Town, Zhenhai District",1B05,1,Товары для здоровья и красоты,,,,,,https://online.gefera.ru/info/ICF26/catalog/30a36603-9e44-9c2a-dcf4-d439b7268760/,30a36603-9e44-9c2a-dcf4-d439b7268760,"NINGBO SOMI DAILY NECESSITIES CO., LTD специализируется на всех видах расчесок для волос.",detail_parsed,,2026-08-24T05:32:09Z,china-commodity-fair-2026-gefera-public-catalog-signo-v1.0.1,gefera_icf26_public_catalog_count_all_ru,aa0b40e47b6d8d3c028a45fecd302f41f4e99f60dad1e0159094454f69abab18,source/detail_pages/detail_30a36603-9e44-9c2a-dcf4-d439b7268760.html
China Commodity Fair 2026,25–27 августа 2026,"NINGBO TOPRANK IMP. & EXP. CO., LTD",Ningbo Toprank Imp. & Exp.,"подарки и товары для праздника, товары для дома и кухни",Китай,Москва,"Китай, Zhejiang Ningbo, 18th Floor, Orisai Building, No.958 North Qianhu Road, Yinzhou District, Ningbo City, Zhejiang Province, China",1A46,1,Подарки и товары для праздника; Товары для дома и кухни,,,http://WWW.TOPRANKCHINA.COM,,,https://online.gefera.ru/info/ICF26/catalog/08809593-cf72-60db-8942-fc43316d0ab2/,08809593-cf72-60db-8942-fc43316d0ab2,"С 1998 года «Ningbo Top Rank» развилась в одного из ключевых экспортеров и торговых операторов на рынке товаров повседневного спроса. В штате головного офиса в Нинбо провинции Чжэцзян занято более 60 человек. Фирма делает ставку на сорсинг мирового уровня, выгодные цены и гибкие минимальные партии. Ассортимент охватывает всю гамму массовых товаров, а среди партнеров — глобальные розничные сети, такие как Walmart, Lidl, Aldi, Gifi, Watsons, The Reject Shop и Pep. Наиболее сильные позиции организация удерживает в сегментах дорожных аксессуаров, товаров для хранения и продукции для здоровья. Предприятие вкладывает средства в профильные заводы и плотно координирует с ними работу; все производственные площадки проходят аудит BSCI и отвечают международным требованиям. Собственный штат контролеров жестко отслеживает соблюдение стандартов, а при необходимости привлекаются независимые инспекционные компании, когда дело касается узкоспециализированных технических норм. Особая гордость компании — выстроенные за десятилетия устойчивые связи с заказчиками по всему миру, а фундаментом бизнес-философии остаются честность, порядочность и преданность интересам клиента.",detail_parsed,,2026-08-24T05:32:09Z,china-commodity-fair-2026-gefera-public-catalog-signo-v1.0.1,gefera_icf26_public_catalog_count_all_ru,fc18e550c9c16c8a735d12c8212e73416cf1587139f613a2227fb0d83bdb8012,source/detail_pages/detail_08809593-cf72-60db-8942-fc43316d0ab2.html
China Commodity Fair 2026,25–27 августа 2026,"Nangong Rolking Felt Co., Ltd",Nangong Rolking Felt,"подарки и товары для праздника, товары для сада и отдыха",Китай,Москва,"Китай, 055750, Xingtai, Fanjiazhai, Chuiyang Town, Nan Gong City, Xingtai City,Hebei Province,China",1F34,1,Подарки и товары для праздника; Товары для сада и отдыха на природе,,,,ann@rolking.com,,https://online.gefera.ru/info/ICF26/catalog/a682a536-bd4c-708a-2277-ad5687c88707/,a682a536-bd4c-708a-2277-ad5687c88707,"Компания «Nangong Rolking Felt» основана в 1983 году в городе Наньгун провинции Хэбэй и ее производство занимает территорию около 16 640 квадратных метров. Пройдя путь от изготовления войлочных материалов до статуса современного поставщика готовых изделий из фетра для дома и сада, предприятие накопило более чем сорокалетний опыт продуктовых разработок. В производственных цехах организации трудятся свыше 80 человек, а команда продаж насчитывает 20 специалистов. Техническое оснащение включает 11 специализированных линий по выпуску войлока и высокоэффективную упаковочную линию, что гарантирует клиентам стабильное качество продукции и аккуратную презентацию товара. Изделия изготавливаются в соответствии с международными спецификациями и успешно прошли проверки по множеству тестовых стандартов. Предприятие имеет сертификаты и заключения аудитов BSCI, SGS, ISO9001, BV, а также проверок со стороны крупнейших розничных сетей, включая TARGET, COSTCO и Starbucks.",detail_parsed,,2026-08-24T05:32:09Z,china-commodity-fair-2026-gefera-public-catalog-signo-v1.0.1,gefera_icf26_public_catalog_count_all_ru,ca198df20d4f92acaff55ef634f5affa7a6fe489247be051acf956c5edabe60a,source/detail_pages/detail_a682a536-bd4c-708a-2277-ad5687c88707.html
China Commodity Fair 2026,25–27 августа 2026,"Nanjing Nasko Rui International Trading Co., Ltd",Nanjing Nasko Rui International Trading,"детские товары и игрушки, подарки и товары для праздника",Китай,Москва,"Китай, 210000, Нанкин, Китай, пров. Цзянсу, г. Нанкин, р-н Юйхуатай, ул. Саньшаньцзи, д. 9, корп. 4, оф. 4209",1D08,1,Детские товары и игрушки; Подарки и товары для праздника,,,,naskorui@hotmail.com,,https://online.gefera.ru/info/ICF26/catalog/a33d37ef-a494-27b8-7351-b90262c7e63c/,a33d37ef-a494-27b8-7351-b90262c7e63c,"Компания «Naskorui Trading» основана 3 сентября 2024 года и представляет собой многопрофильное торговое предприятие, которое с гордостью демонстрирует на выставке свою конкурентоспособную коллекцию плюшевых игрушек, ориентированную на рынки товаров для младенцев и культурно-подарочной продукции. Организация сочетает строгий контроль качества с передовым дизайном, предлагая по всему миру качественные, стильные и доступные плюшевые решения. Продуктовая линейка фирмы включает три ключевые серии. Серия ""Baby"" разработана специально для младенцев с использованием тканей, соответствующих европейским стандартам безопасности, без токсинов, запаха и флуоресцентных добавок, что гарантирует мягкость, деликатность, отличную износостойкость и легкость в уходе. Милые фигурки животных и других компаньонов стимулируют сенсорное развитие и служат идеальными спутниками роста для малышей. Серия ""Gift"" создана для праздников, корпоративных подарков и свадебных сувениров, объединяя элегантную эстетику с традиционной символикой и предлагая полную персонализацию с логотипами или индивидуальными посланиями, а также изысканную упаковку, чтобы усилить впечатление от дарения. Серия ""Cultural and Creative"" на",detail_parsed,,2026-08-24T05:32:09Z,china-commodity-fair-2026-gefera-public-catalog-signo-v1.0.1,gefera_icf26_public_catalog_count_all_ru,aba7b76ea77f26e8433284e6a76d6586a379660f018e0e163231a0d1d8e85658,source/detail_pages/detail_a33d37ef-a494-27b8-7351-b90262c7e63c.html
China Commodity Fair 2026,25–27 августа 2026,"Nantong Xingchen Arts &Crafts Co., Ltd",Nantong Xingchen Arts &Crafts,"подарки и товары для праздника, товары для дома и кухни",Китай,Москва,"Китай, China, Jiangsu Province Nantong, No.128 Xiangjiang Road，Newly Developed Area Of Industry Rudong，Jiangsu Province",1B34,1,Подарки и товары для праздника; Товары для дома и кухни,,Brakula,http://www.ntgifts.cn,marco@ntgifts.cn,,https://online.gefera.ru/info/ICF26/catalog/12401dad-3d4d-0c11-d85d-f478239c2725/,12401dad-3d4d-0c11-d85d-f478239c2725,"Компания «Nantong Xingchen Arts & Crafts» (Brakula) с 1996 года создает премиальную продукцию для домашней ароматизации, включая диффузоры с палочками, ароматические масла и свечи, для европейских заказчиков. Деятельность организации полностью соответствует стандартам REACH, VOC, ISO 9001, ISO 14001 и BSCI. Благодаря партнерству с Givaudan, IFF и Mane в создании эксклюзивных ароматов, а также предложению индивидуальных рецептур, упаковки и высокой производственной мощности от 10 000 до 80 000 единиц в день, предприятие гарантирует европейское качество исполнения и этичное производство, помогая клиентам выстроить идеальную парфюмерную линейку.",detail_parsed,,2026-08-24T05:32:09Z,china-commodity-fair-2026-gefera-public-catalog-signo-v1.0.1,gefera_icf26_public_catalog_count_all_ru,cba2d521ec8a6d6649f2983b7723f8b9096bb5271ba0df9c34567e281473c7a1,source/detail_pages/detail_12401dad-3d4d-0c11-d85d-f478239c2725.html
China Commodity Fair 2026,25–27 августа 2026,"NingBo Yawen International Trading Co., Ltd",NingBo Yawen International Trading,"детские товары и игрушки, подарки и товары для праздника, товары для сада и отдыха, товары для дома и кухни",Китай,Москва,"Китай, 315000, Нинбо, Китай, провинция Чжэцзян, город Нинбо, район Хайшу, улица Цивэнь, дом 42, жилой комплекс «Синьдянь Стар», корпус №2, 8-й этаж",1B07,1,Детские товары и игрушки; Подарки и товары для праздника; Товары для сада и отдыха на природе; Товары для дома и кухни,,Явэнь,https://www.yawentrading.com/,sales11@yawentrading.com,+86(574)8707-6421,https://online.gefera.ru/info/ICF26/catalog/b7baa89a-31c8-601f-a205-3c894d900a98/,b7baa89a-31c8-601f-a205-3c894d900a98,"Компания «Ningbo Yawen International Trading», основанная в июле 1998 года, выросла в одного из ведущих экспортеров Нинбо со штатом 80 сотрудников, годовым оборотом порядка 30 миллионов долларов США и поставками преимущественно в Европу, США, Японию, Австралию и Бразилию. Ключевые компетенции компании сосредоточены в категориях кухонной утвари, бытовых товаров, органайзеров для хранения и стирки, а также разнообразных сумок и багажных изделий. После трех переездов организация открыла в мае 2018 года новый офис с впечатляющим шоурумом площадью 2 500 квадратных метров, где представлено свыше 20 000 товаров, в удобной локации: всего в 3 километрах от железнодорожного вокзала Нинбо и в 11 километрах от аэропорта.",detail_parsed,,2026-08-24T05:32:09Z,china-commodity-fair-2026-gefera-public-catalog-signo-v1.0.1,gefera_icf26_public_catalog_count_all_ru,d1b56e6937f2efe7f23bd47b117cdb54fa9ae030835257a7c10d2292397a4569,source/detail_pages/detail_b7baa89a-31c8-601f-a205-3c894d900a98.html
China Commodity Fair 2026,25–27 августа 2026,"Ningbo Amazing IDEA I/E Co., Ltd",Ningbo Amazing IDEA I/E,"одежда и аксессуары, товары для красоты и здоровья, подарки и товары для праздника, товары для сада и отдыха, товары для дома и кухни",Китай,Москва,"Китай, 315100, Ningbo, Zhejiang, Room 1118, No. 198 Chengxin East Road, Panhuo Subdistrict, Yinzhou District, Ningbo City, Zhejiang Province, China",1D10,1,Одежда и аксессуары; Товары для здоровья и красоты; Подарки и товары для праздника; Товары для сада и отдыха на природе; Товары для дома и кухни,,,,export401@wahfay.com,+86(198)5788-7049,https://online.gefera.ru/info/ICF26/catalog/3f617d07-51bd-34f2-5d8c-0a624a8a0edf/,3f617d07-51bd-34f2-5d8c-0a624a8a0edf,"Зародившись в 2005 году, «Ningbo Amazing IDEA I/E» сегодня входит в число лидеров экспорта обиходных товаров в Нинбо. Сфокусировавшись на потребительской продукции и предметах повседневного спроса, предприятие переросло в холдинговую группу, насчитывающую свыше десяти дочерних структур, с годовым экспортным оборотом в 90 миллионов долларов США и устойчивыми торговыми отношениями более чем с 1 000 клиентов из 100 с лишним стран. В основе корпоративной философии лежит принцип «прилежание рождает мастерство, а глубокое осмысление — результат», и именно ставка на командную сплоченность и четкость исполнения позволяет фирме из года в год наращивать показатели, регулярно подтверждая место в сотне лучших сервисных компаний Нинбо, двадцатке сильнейших предприятий района Иньчжоу и получая многочисленные знаки отличия за внешнеторговые успехи.",detail_parsed,,2026-08-24T05:32:09Z,china-commodity-fair-2026-gefera-public-catalog-signo-v1.0.1,gefera_icf26_public_catalog_count_all_ru,3d6005e9a6dc06f129f9b09a4598f1f42356ab215e2a9004257a91b9512a7f91,source/detail_pages/detail_3f617d07-51bd-34f2-5d8c-0a624a8a0edf.html
China Commodity Fair 2026,25–27 августа 2026,"Ningbo Boshi Hardware Tools Co., Ltd",Ningbo Boshi Hardware Tools,товары для сада и отдыха,Китай,Москва,"Китай, Нинбо, провинция Чжэцзян, Третий этаж, 117-й номер, Зюаньцянь-западная улица, Жуця Ду, Саньцзиши, Юйяо",1A41,1,Товары для сада и отдыха на природе,,,,sj-boss@qq.com,+86(132)8223-5986,https://online.gefera.ru/info/ICF26/catalog/a832856f-ea0d-e771-876b-c6f76db6188c/,a832856f-ea0d-e771-876b-c6f76db6188c,"Компания «SJ BOSS» — широко известное на внутреннем и международном рынках предприятие, располагающее передовыми технологиями и современным производственным оборудованием. Организация специализируется на выпуске торцевых головок, бытовых наборов инструментов, комплектов с литиевыми аккумуляторами и специнструмента для авторемонта. Полный производственный цикл фирмы охватывает холодную обработку сырья, прецизионную механообработку, фрезерование на станках с ЧПУ, формование пластиковых кейсов и финишную сборку, что делает ее комплексным производителем-поставщиком с мощным потенциалом и гарантированным качеством. Заводские корпуса занимают 9 800 квадратных метров, а штат насчитывает более 200 технических и производственных специалистов. Ningbo Boshi Hardware Tools Co., Ltd неизменно ориентируется на клиента, обеспечивая поставки и сервис в режиме реального времени. За долгие годы сотрудничества с ведущими брендами скобяного рынка компания вывела свои технологии и исследовательские возможности на международный уровень. Руководствуясь философией «инновации, качество и сервис», корпорация реализует продукцию по всему миру, стремясь создать узнаваемый бренд в своей индустрии.",detail_parsed,,2026-08-24T05:32:09Z,china-commodity-fair-2026-gefera-public-catalog-signo-v1.0.1,gefera_icf26_public_catalog_count_all_ru,abecfbfa26542c4085bda885ea1f08f56e85490733cae044bd38c005fd44e288,source/detail_pages/detail_a832856f-ea0d-e771-876b-c6f76db6188c.html
China Commodity Fair 2026,25–27 августа 2026,"Ningbo Chengyun Cultural and Creative Co., Ltd",Ningbo Chengyun Cultural and Creative,одежда и аксессуары,Китай,Москва,"Китай, 315000, Ningbo, Juxian Road, Yinzhou District",1A06,1,Одежда и аксессуары,,chengyun; crownfur,,,,https://online.gefera.ru/info/ICF26/catalog/c2fa750d-8d42-6076-1cf2-4f84e226ffa6/,c2fa750d-8d42-6076-1cf2-4f84e226ffa6,"Компания «Ningbo Chengyun Cultural and Creative» является внешнеторговым предприятием, специализирующемся на текстиле и швейной продукции. Располагая штатом из более чем 200 опытных рабочих и хорошо оснащенным производственным оборудованием, организация обладает надежными производственными возможностями. Основу ассортимента составляют тканевые сумки, кожаные сумки, рюкзаки, автомобильные подушки для сидений, декоративные подушки и другие швейные изделия, доступные в различных стилях, материалах, цветах и спецификациях в соответствии с запросами заказчиков. Опираясь на зрелые производственные процессы и стабильные мощности, Ningbo Chengyun Cultural and Creative Co., Ltd стремится поставлять надежную продукцию и оказывать профессиональные торговые услуги, рассчитывая на установление долгосрочных взаимовыгодных партнерских отношений с клиентами по всему миру.",detail_parsed,,2026-08-24T05:32:09Z,china-commodity-fair-2026-gefera-public-catalog-signo-v1.0.1,gefera_icf26_public_catalog_count_all_ru,1d345d10966799b6050e35231e10c5a404ebf810a90b49e5ce10e8d4d592e7ce,source/detail_pages/detail_c2fa750d-8d42-6076-1cf2-4f84e226ffa6.html
China Commodity Fair 2026,25–27 августа 2026,"Ningbo Haihuan Rubber Industry Co., Ltd",Ningbo Haihuan Rubber Industry,товары для дома и кухни,Китай,Москва,"Россия, 315613, Ningbo , No.183 south road , Xidian Town",1C14,1,Товары для дома и кухни,,,http://www.nbhaihuan.com,verayu@nbhaihuan.com,+86(574)6587-616,https://online.gefera.ru/info/ICF26/catalog/d73ef000-0e94-6e7c-d26c-b8ba9a8f805c/,d73ef000-0e94-6e7c-d26c-b8ba9a8f805c,"Компания «Ningbo Haihuan Rubber Industry», основанная в 1998 году, стала одним из крупнейших производителей силиконовой кухонной утвари в Нинбо. Предприятие располагает цехами площадью 13 000 квадратных метров, штатом более 150 сотрудников, прошло аудит BSCI и имеет сертификацию ISO 9001. Накопив многолетний опыт, организация выпускает широкий спектр силиконовых изделий, включая формы для выпечки, формочки для льда, кухонные инструменты, прихватки, коврики, крышки и многое другое. Вся продукция соответствует нормативам пищевой безопасности LFGB, DGCCRF и FDA и тестируется лабораториями SGS и TUV. Ключевые рынки сбыта — Европа, США и Азия. Фирма располагает собственной командой разработчиков, принимает OEM и ODM заказы и нацелена на сотрудничество со всеми клиентами на взаимовыгодной основе, руководствуясь принципом: ""мы выигрываем только тогда, когда выигрывают наши заказчики"".",detail_parsed,,2026-08-24T05:32:09Z,china-commodity-fair-2026-gefera-public-catalog-signo-v1.0.1,gefera_icf26_public_catalog_count_all_ru,14ef6ec0d5064fc5f53ca4c0ca8d23a84064950c7cc845b6ee31fd4583120013,source/detail_pages/detail_d73ef000-0e94-6e7c-d26c-b8ba9a8f805c.html
China Commodity Fair 2026,25–27 августа 2026,"Ningbo Mowsun Home Furniture Co., Ltd",Ningbo Mowsun Home Furniture,бытовая техника и электроника,Китай,Москва,"Китай, Чжэцзян, № 125, улица Лунсю, промышленная зона Ванчунь, район Хайшу, город Нинбо",1A02,1,Бытовая техника и электроника,,Mowsun,https://www.mowsun.com,freya.sales@mowsun.com; zhenglulin.sales@mowsun.com,,https://online.gefera.ru/info/ICF26/catalog/6c4e70b5-84da-4ba1-ff99-b5545b0c041d/,6c4e70b5-84da-4ba1-ff99-b5545b0c041d,"Компания «Ningbo Mowsun Home Furnishing» — многопрофильное предприятие по обустройству дома, специализирующееся на разработке, производстве и глобальной дистрибуции товаров для дома и жизни. Продукция организации экспортируется преимущественно в Европу, Северную Америку и на другие международные рынки, охватывая мебель, детские столы и стулья с регулируемой высотой, кухонную и ванную продукцию, домашний декор, малую кухонную технику, уличную и садовую мебель, садовые инструменты, фитнес-оборудование, товары для умного дома и освещение. Для качественного обслуживания клиентов по всему миру фирма создала маркетинговые компании и исследовательские центры в США и Германии, укрепляя глобальное присутствие через международную торговлю, инновации, развитие брендов и зарубежное складирование. Такой подход позволяет предлагать эффективные цепочки поставок и надежный сервис. Вдохновленная дизайнерской философией «создаем теплое и вдохновляющее жизненное пространство с мастерством», компания стремится выпускать продукцию, в которой качество, функциональность и продуманный дизайн служат улучшению повседневной жизни.",detail_parsed,,2026-08-24T05:32:09Z,china-commodity-fair-2026-gefera-public-catalog-signo-v1.0.1,gefera_icf26_public_catalog_count_all_ru,e44c9da7b53d23410af124c97cf69a22d421983de30f6941eb274e5d77abf358,source/detail_pages/detail_6c4e70b5-84da-4ba1-ff99-b5545b0c041d.html
China Commodity Fair 2026,25–27 августа 2026,"Ningbo Northrend New Material Co., Ltd",Ningbo Northrend New Material,товары для дома и кухни,Китай,Москва,"Китай, Город Нинбо , Провинция Чжэцзян",1C30,1,Товары для дома и кухни,,,http://www.northrend1987.com,stephen@nb-northrend.com,+86(153)3669-8667,https://online.gefera.ru/info/ICF26/catalog/6554117b-d937-340a-56f0-dbc1b61858ee/,6554117b-d937-340a-56f0-dbc1b61858ee,"Компания «Ningbo Northrend New Material» объединяет собственное производство и торговлю силиконовыми изделиями. Предприятие располагает заводом на 12 000 квадратных метров, штатом свыше 150 человек и ежедневно выпускает 300 000 единиц продукции, подтвержденной сертификатами ISO9001, BSCI, FDA и LFGB. Специализация организации охватывает пищевой силикон: формы для выпечки, товары для мам и малышей, бьюти-инструменты и зоотовары. Фирма предоставляет полный цикл OEM и ODM услуг с изготовлением частных пресс-форм, нанесением логотипов и подбором цветов. Накопив солидный опыт работы с российскими покупателями, компания регулярно участвует в профильных выставках на территории РФ, а близость заводских мощностей к портам Нинбо и Шанхая обеспечивает стабильное качество, точные сроки поставок и выгодные цены для долгосрочного обоюдовыгодного партнерства.",detail_parsed,,2026-08-24T05:32:09Z,china-commodity-fair-2026-gefera-public-catalog-signo-v1.0.1,gefera_icf26_public_catalog_count_all_ru,212ff257f758ad32b9ec6fb02ed77ebce6d278cb28484d0abe6b396d2379bfb8,source/detail_pages/detail_6554117b-d937-340a-56f0-dbc1b61858ee.html
China Commodity Fair 2026,25–27 августа 2026,"Ningbo Xuchen Industrial Co., Ltd",Ningbo Xuchen Industrial,"одежда и аксессуары, товары для красоты и здоровья, подарки и товары для праздника, товары для сада и отдыха, бытовая техника и электроника",Китай,Москва,"Китай, 315100, Ningbo, Zhejiang, No. 655 Shixi Road, Meilin Subdistrict, Ninghai County, Ningbo City, Zhejiang Province, China",1D12,1,Одежда и аксессуары; Товары для здоровья и красоты; Подарки и товары для праздника; Товары для сада и отдыха на природе; Бытовая техника и электроника; Товары для дома и кухни,,,,13858589756@163.com,+86(138)5858-9756,https://online.gefera.ru/info/ICF26/catalog/3ab0fefd-d68b-7516-89a5-4e85adec1082/,3ab0fefd-d68b-7516-89a5-4e85adec1082,"Компания «Ningbo Xuchen Industrial» специализируется на изготовлении, переработке и сбыте промышленной продукции из пластика, резины и металла. Параллельно предприятие занимается оптовой и розничной торговлей коммуникационным оборудованием и декоративными изделиями, а также осуществляет автомобильные грузовые перевозки. Организация обладает лицензией на самостоятельное ведение экспортно-импортных операций и в 2025 году получила статус высокотехнологичного предприятия. В активе компании девять патентов, включая патент на изобретение «автоматическая упаковочная машина для упаковочных коробок».",detail_parsed,,2026-08-24T05:32:09Z,china-commodity-fair-2026-gefera-public-catalog-signo-v1.0.1,gefera_icf26_public_catalog_count_all_ru,cffccb172bd0b22fb4e43cdc88fb5dcf193ecaab92caf36443ed5f472f2fa128,source/detail_pages/detail_3ab0fefd-d68b-7516-89a5-4e85adec1082.html
China Commodity Fair 2026,25–27 августа 2026,"Ningbo Yinzhou Excellent Household Co., Ltd",Ningbo Yinzhou Excellent Household,подарки и товары для праздника,Китай,Москва,"Китай, 315100, NINGBO, The 2rd floor of the 10th building, No. 688 Jinda Road, Panhuo Street, Yinzhou District,Ningbo, Zhejiang",1F25,1,Подарки и товары для праздника,,GEL,https://gel.en.alibaba.com/,robert@nbreach.cn,+86(189)5785-5858,https://online.gefera.ru/info/ICF26/catalog/a1847992-7d8c-fd89-9068-cbd29d0921b0/,a1847992-7d8c-fd89-9068-cbd29d0921b0,"Компания «Ningbo Yinzhou Excellent Household» была основана 25 июня 2008 года и работает как производственно-торговое предприятие для зарубежных брендовых супермаркетов, заказчиков декоративных изделий и бутиков. После получения нового патента организация заметно расширила масштабы деятельности, увеличив штат до более чем ста сотрудников, и постоянно стремится к обновлению и созданию разнообразного ассортимента. В основе управленческого подхода фирмы лежат нацеленность на развитие, инновации, строжайший контроль качества и стремление к совершенству, а главными ориентирами выступают построение бренда и совместный рост. Предприятие последовательно углубляет преобразования, адаптируется к рыночной конъюнктуре и придерживается ценностей точности, профессионализма, отточенности и новаторства, чтобы выстроить серийный выпуск продукции, вывести бренд на лидирующие позиции и достичь обоюдной выгоды вместе со своим коллективом.",detail_parsed,,2026-08-24T05:32:09Z,china-commodity-fair-2026-gefera-public-catalog-signo-v1.0.1,gefera_icf26_public_catalog_count_all_ru,0ade6c7343cc71d3359f3b76110657dbd17276aef11f4e2658d75ad3af4477c1,source/detail_pages/detail_a1847992-7d8c-fd89-9068-cbd29d0921b0.html
China Commodity Fair 2026,25–27 августа 2026,"Ningguo Bst Thermal Products Co., Ltd",Ningguo Bst Thermal Products,"бытовая техника и электроника, товары для дома и кухни",Китай,Москва,"Китай, 242300, Ningguo, No. 10, Chuangxin North Road, Economic and Technological Development Zone, Ningguo City",1E33,1,Бытовая техника и электроника; Товары для дома и кухни,,,http://www.firesleevetec.com,sales@ngparker.com,,https://online.gefera.ru/info/ICF26/catalog/027379c7-0177-fe53-91f8-ef75aeff8c57/,027379c7-0177-fe53-91f8-ef75aeff8c57,"Компания «Ningguo Bst Thermal Products» выпускает семь серий продукции, насчитывающих свыше 100 разновидностей, которые находят широкое применение в химической, фармацевтической, энергетической, строительно-машинной, металлургической, судостроительной, авиационной, горнодобывающей и автомобильной отраслях. Ключевой ассортимент организации охватывает термостойкие и противопожарные кожухи, антирадиационные теплозащитные рукава, алюминиевые гофрированные трубки, съемные изоляционные чехлы, высокотемпературные одеяла и ленты, огнеупорные трубы и кожухи с застежками, разъемные защитные оболочки для кабелей, теплоизоляционные покрытия, кожухи из алюминизированного стекловолокна и базальтового волокна, изоляционные ленты, защитные рукава для гидравлических шлангов, а также плетеные оболочки из кевлара.",detail_parsed,,2026-08-24T05:32:09Z,china-commodity-fair-2026-gefera-public-catalog-signo-v1.0.1,gefera_icf26_public_catalog_count_all_ru,637899a9911abe3cbaf16809cbb3e664457ee4e10cc00b6819838f84860639f0,source/detail_pages/detail_027379c7-0177-fe53-91f8-ef75aeff8c57.html
China Commodity Fair 2026,25–27 августа 2026,Optio,Optio,,Китай,Москва,"Россия, 121165, Москва, г.Москва, вн.тер.г. муниципальный округ Дорогомилово, пер.Можайский, д.3, помещ.1/1",1E41,1,Единый консультационный центр,service/unsuitable category terms excluded: Единый консультационный центр; service/unsuitable category terms excluded: Единый консультационный центр,,https://optio.ru/,,+7(499)938-42-48,https://online.gefera.ru/info/ICF26/catalog/e9860d5e-5f3c-baf6-d9a7-05a9098a3aec/,e9860d5e-5f3c-baf6-d9a7-05a9098a3aec,"Optio.ru представляет собой специализированный B2B-маркетплейс, ориентированный на оптовые закупки товаров из Китая. Ключевой особенностью этой платформы является интеллектуальный поиск, который эффективно сканирует китайское интернет-пространство для нахождения нужных позиций. Организация предоставляет клиентам инструмент моментального логистического расчёта, что позволяет мгновенно оценивать стоимость и сроки доставки, а также предлагает сервис персонализированного подбора продукции, адаптированный под индивидуальные запросы каждого бизнеса.",detail_parsed,products,2026-08-24T05:32:09Z,china-commodity-fair-2026-gefera-public-catalog-signo-v1.0.1,gefera_icf26_public_catalog_count_all_ru,ee006f35ffd1785e686ee926304ce54df3985fddb0b3bad6f6fd95b278da2b1b,source/detail_pages/detail_e9860d5e-5f3c-baf6-d9a7-05a9098a3aec.html
China Commodity Fair 2026,25–27 августа 2026,"QINGDAO KANGTAIDE INTERNATIONAL TRADING CO., LTD",Qingdao Kangtaide International Trading,товары для дома и кухни,Китай,Москва,"Китай, QINGDAO, Комната 705, комплекс «Хайюнь Донфан», ул. Цинлин, д.15, район Лаошань, г. Циндао, провинция Шаньдун, Китай",1A34,1,Товары для дома и кухни,,,http://WWW.KANGTAIDEINTL.COM,simpson@kangtaideintl.com,,https://online.gefera.ru/info/ICF26/catalog/b4ceae17-b1d2-f523-4b30-ff85954be9f6/,b4ceae17-b1d2-f523-4b30-ff85954be9f6,"Компания «Qingdao Kangtaide International Trading» находится в Циндао, провинция Шаньдун, и занимается разработкой, производством и сбытом продукции легкой промышленности, кухонной утвари, повседневных товаров из стекла и керамики, подарков и художественных изделий. Ассортимент организации насчитывает свыше тысячи наименований, включая герметичные банки для специй, бутылки для сока, декоративные масляные лампы, пряничные баночки, вазы, салатные чаши, купола для тортов и выдувное стекло. Молодая команда фирмы объединяет дизайн, технологические инновации, создание новинок и выпуск готовой продукции, а долгосрочное техническое сотрудничество с профильными институтами и собственные патенты обеспечивают изделиям конкурентоспособность и стабильное качество. Предприятие обладает сертификацией ISO9001, ISO18001, ISO14001, SA8000 и прошло заводские аудиты BSCI, WALMART, Sedex и Intertek, стремясь к установлению прочных долгосрочных отношений с клиентами для совместного развития.",detail_parsed,,2026-08-24T05:32:09Z,china-commodity-fair-2026-gefera-public-catalog-signo-v1.0.1,gefera_icf26_public_catalog_count_all_ru,f404a8580be70275c7b9a16d77bccd52f9bed7ea52c8c6c6d2b6973695804286,source/detail_pages/detail_b4ceae17-b1d2-f523-4b30-ff85954be9f6.html
China Commodity Fair 2026,25–27 августа 2026,"QINGDAO LEFU HOUSEWARES CO., LTD",Qingdao Lefu Housewares,товары для дома и кухни,Китай,Москва,"Китай, 266000, 青岛, 13rd Floor, Poly Central Mansion, No.1068 Jinshui Road, Qingdao, China",1D09,1,Товары для дома и кухни,,,https://www.lefuhousewares.com,sales@lefuhousewares.com,+86(133)7083-2299,https://online.gefera.ru/info/ICF26/catalog/28694b25-8ad4-df04-0841-68284ad2dd05/,28694b25-8ad4-df04-0841-68284ad2dd05,"Компания «QINGDAO LEFU HOUSEWARES» — один из ведущих китайских производителей стеклянной посуды с опытом более 15 лет. Современный производственный комплекс занимает 2 800 квадратных метров, оснащен 98 специализированными станками и обеспечивает ежедневный выпуск свыше 20 000 единиц продукции. Изделия экспортируются в более чем 40 стран, включая Европу, США, Японию, Южную Корею и Ближний Восток. Ассортимент организации охватывает двойные стеклянные кружки, кофейные серии, винные бокалы, заварочные чайники, банки для хранения и другие позиции, а собственная дизайнерская команда ежегодно создает более 100 новых моделей и предлагает OEM и ODM услуги. На предприятии действует строжайшая десятиступенчатая система контроля качества от сырья до отгрузки, а продукция соответствует стандартам пищевой безопасности FDA и LFGB. Фирма имеет сертификацию FSC, BSCI и ISO9001. Руководствуясь миссией «инновации делают жизнь лучше», компания гармонично соединяет эстетику с функциональностью, придерживается принципов устойчивого и экологичного производства и следует философии «отличное качество, сервис на первом месте», тепло приглашая глобальных партнеров к долгосрочному взаимовыгодному сотрудничест",detail_parsed,,2026-08-24T05:32:09Z,china-commodity-fair-2026-gefera-public-catalog-signo-v1.0.1,gefera_icf26_public_catalog_count_all_ru,194c3a9ed801b476371c8282ee9b914ff2329343134f26985e7782b3f0e43bbd,source/detail_pages/detail_28694b25-8ad4-df04-0841-68284ad2dd05.html
China Commodity Fair 2026,25–27 августа 2026,"QUANZHOU NEW PROSPER GIFTS CO., LTD",Quanzhou New Prosper Gifts,"детские товары и игрушки, подарки и товары для праздника, товары для дома и кухни",Китай,Москва,"Китай, 362013, QUANZHOU, No.272,Xiazhuang,Luobin North Road,Hardware Electrical Industrial,Heshi Economic Development Zone, Quanzhou, Fujian",1E42,1,Детские товары и игрушки; Подарки и товары для праздника; Товары для дома и кухни,,LASODY,http://www.lasody.com; https://tangfenglasody.en.alibaba.com/,jenny@newprospergifts.com,+595(366)101-18_,https://online.gefera.ru/info/ICF26/catalog/406a6f7a-b79d-fe52-a294-25eb2453c24c/,406a6f7a-b79d-fe52-a294-25eb2453c24c,"Компания «Quanzhou New Prosper Gifts», основанная в 1990 году и базирующаяся в Цюаньчжоу провинции Фуцзянь, является производителем и экспортером фоторамок из цинкового и свинцового сплава, металлических брелоков и другой аналогичной продукции. 95% продаж организации приходится на зарубежные рынки, включая Европу, Америку, Южную Африку и Австралию. Штат предприятия насчитывает более 200 сотрудников, большинство из которых являются профессиональными техническими специалистами с опытом свыше пяти лет, а дизайнерская команда из более чем 60 человек создает изделия в восьми тематических коллекциях, дополненных сезонным праздничным оформлением. Вся продукция проходит строгий производственный цикл от формовки и гальванизации до полировки руками искусных мастеров, что гарантирует высочайшее качество. Фирма выросла в торговую структуру с собственным брендом LASODY на внутреннем рынке и приглашает заинтересованных партнеров посетить сайт www.lasody.com или связаться для взаимовыгодного сотрудничества в любое время.",detail_parsed,,2026-08-24T05:32:09Z,china-commodity-fair-2026-gefera-public-catalog-signo-v1.0.1,gefera_icf26_public_catalog_count_all_ru,00c91ff1541e9047e7e7d0c0c7e4994992fa9dcf2caeaf5527685b11306cd592,source/detail_pages/detail_406a6f7a-b79d-fe52-a294-25eb2453c24c.html
China Commodity Fair 2026,25–27 августа 2026,"Qingdao Century Edinburgh Beer Co., Ltd.","Qingdao Century Edinburgh Beer Co., Ltd.",продукты питания,Китай,Москва,"Китай, Qingdao, Room 509, Building 9, Tianyi Renhe Fortune Center, No.166 Zhengyang Middle Road, Chengyang District, Qingdao City, Shandong Province, P.R.China",1F06,1,Продукты питания и сельскохозяйственная продукция,,,,,,https://online.gefera.ru/info/ICF26/catalog/7b9f6d70-57dc-a3af-23cc-f970f2119ed2/,7b9f6d70-57dc-a3af-23cc-f970f2119ed2,"Компания основана в 2015 году и расположена в городе Циндао провинции Шаньдун. Предприятие специализируется на управлении пивными брендами, продаже алкогольной продукции и экспортно-импортных операциях. Основу ассортимента составляет полная линейка пива AIDINGBAO, включая светлый лагер, темное пиво, крафтовое нефильтрованное, пшеничное пиво и продукт для ночных заведений. Доступны различные виды упаковки: стеклянные бутылки, алюминиевые банки и подарочные алюминиевые бутылки, что делает продукцию пригодной для супермаркетов, общественного питания, ночных площадок и подарочного сегмента. Опираясь на зрелые ресурсы цепочки поставок, пиво варится из премиального импортного солода и хмеля по отработанной технологии, обеспечивающей стабильный и насыщенный вкус. Имея полный пакет лицензий на торговлю алкоголем, организация осуществляет импорт и экспорт продовольственных товаров, промышленной продукции и технологий. Фирма привлекает дистрибьюторов по всему Китаю и расширяет зарубежные рынки, прежде всего в Юго-Восточной Азии. Для отечественных и зарубежных клиентов доступны оптовые поставки и OEM-сотрудничество.",detail_parsed,,2026-08-24T05:32:09Z,china-commodity-fair-2026-gefera-public-catalog-signo-v1.0.1,gefera_icf26_public_catalog_count_all_ru,d8901b966786436f6aa02be094d7d8f7e2cc61cca5649bc3773c7898a2af2bc9,source/detail_pages/detail_7b9f6d70-57dc-a3af-23cc-f970f2119ed2.html
China Commodity Fair 2026,25–27 августа 2026,"R.S.LEE CERAMICS CO., LTD",R.S.Lee Ceramics,"продукты питания, подарки и товары для праздника, товары для дома и кухни",Китай,Москва,"Китай, 412200, zhuzhou,liling, Xianyueshan street,Liling,Hunan,China",1D50,1,Продукты питания и сельскохозяйственная продукция; Подарки и товары для праздника; Товары для дома и кухни,,,http://www.rslee.com.cn,sales@rslee.com.cn,,https://online.gefera.ru/info/ICF26/catalog/38251385-8d7a-3c6c-d3b7-aeb218139857/,38251385-8d7a-3c6c-d3b7-aeb218139857,"Компания «R.S.Lee Ceramics» — современный производитель керамики, объединяющий авторский дизайн, продуктовые инновации, интеллектуальное производство и индивидуальный подход. Ассортимент включает керамические кружки, тарелки, миски и столовые сервизы, востребованные в домашнем обиходе, корпоративных подарках, розничных и онлайн-продажах, а также на зарубежных рынках. Завод оснащен полностью автоматическими линиями, обеспечивающими стабильный ежедневный выпуск от 40 000 до 50 000 единиц, а штат из более чем 200 квалифицированных рабочих гарантирует надежное качество и своевременные поставки как для масштабных, так и для персонализированных заказов. Собственная дизайнерская и исследовательская команда фирмы непрерывно работает над обновлением продукции, совершенствованием технологий и свежими дизайнерскими решениями, следуя мировым трендам и предлагая разнообразные возможности кастомизации: создание новых форм, разработку декора поверхности и оптимизацию производственных техник. Благодаря приверженности качеству, творческому подходу к стилю и мощному производственному потенциалу предприятие завоевало широкое признание и прочные долгосрочные партнерские отношения с клиентами как внутр",detail_parsed,,2026-08-24T05:32:09Z,china-commodity-fair-2026-gefera-public-catalog-signo-v1.0.1,gefera_icf26_public_catalog_count_all_ru,4642a73bd34145ce7437ae43309a7278029a10f143bb0c5545df0d656815967d,source/detail_pages/detail_38251385-8d7a-3c6c-d3b7-aeb218139857.html
China Commodity Fair 2026,25–27 августа 2026,"S&P CO., LTD",S&P,товары для дома и кухни,Китай,Москва,"Китай, 266034, Qingdao, Unit 1004,10/F.,Building 1,Noble Plaza, 328 Dun Hua Road",1A11,1,Товары для дома и кухни,,,https://sandp.com.cn,sales@sandp.com.cn,+86(532)8579-8950,https://online.gefera.ru/info/ICF26/catalog/b07e707e-88cf-9946-b012-c64a6ec5bd11/,b07e707e-88cf-9946-b012-c64a6ec5bd11,"Компания «S & P», работающая в сфере столовых приборов из нержавеющей стали с 1999 года, стала одним из ведущих производителей и экспортеров в этой области, а ее торговая марка STYLEHOUSE хорошо известна во многих странах. Благодаря совместным усилиям талантливых команд в сфере разработки, производства и контроля качества, организация создает в среднем 20 новых дизайнов в год и достигает ежегодного объема выпуска в 1 800 000 дюжин столовых приборов из стали марок 18/10 и 18/0, пользуясь высокой репутацией на таких ключевых рынках, как Германия, Великобритания, Франция, Нидерланды, Швеция, Испания, Италия, Австралия и Америка. Вся продукция проходит испытания в лабораториях SGS и TUV и соответствует стандартам пищевого контакта, включая европейский EN, немецкий LFGB, итальянский, французский и американский FDA. Благодаря широкому выбору стильных приборов и вариантов упаковки каждый покупатель, будь то универмаг, гипермаркет, магазин товаров для дома или импортер, всегда найдет то, что ищет и что сможет успешно продавать, потому что фирма убеждена: успех клиента является и ее успехом. Предприятие рассчитывает на установление долгосрочных взаимовыгодных деловых отношений с друзьями по",detail_parsed,,2026-08-24T05:32:09Z,china-commodity-fair-2026-gefera-public-catalog-signo-v1.0.1,gefera_icf26_public_catalog_count_all_ru,b106c35c9f3b86cec9d03343ddf4f05633311e3603e53211d5f0a8275924f353,source/detail_pages/detail_b07e707e-88cf-9946-b012-c64a6ec5bd11.html
China Commodity Fair 2026,25–27 августа 2026,"SHANDONG CLEAN SMILE HOUSEHOLD PRODUCTS CO., LTD",Shandong Clean Smile Household Products,товары для дома и кухни,Китай,Москва,"Китай, Китай, провинция Шаньдун, город Жичжао, Китай, провинция Шаньдун, город Жичжао, район Донган, комплекс Антай Интернешнл Плаза, корпус 1, квартира 1106",1B45,1,Товары для дома и кухни,,Чисто и Улыбка,,abby@cleansmile.cn; hello@cleansmile.cn,+86(178)6232-5801,https://online.gefera.ru/info/ICF26/catalog/8cfbbba7-6148-01a1-9696-56aa5685c27d/,8cfbbba7-6148-01a1-9696-56aa5685c27d,"Бытовые моющие средства: стиральный порошок, жидкое моющее средство для стирки, средство для мытья посуды, кондиционер для белья, ароматические гранулы для стирки, капсулы для стирки и хозяйственное мыло.",detail_parsed,,2026-08-24T05:32:09Z,china-commodity-fair-2026-gefera-public-catalog-signo-v1.0.1,gefera_icf26_public_catalog_count_all_ru,93ac766a28f4e1dfa1e03b073f74bd9371a92e81cfb1292c4235c8fcb9f7d9a1,source/detail_pages/detail_8cfbbba7-6148-01a1-9696-56aa5685c27d.html
China Commodity Fair 2026,25–27 августа 2026,"SHANGHAI PREMIER HOMEWARES CO., LTD",Shanghai Premier Homewares,"товары для сада и отдыха, бытовая техника и электроника, товары для дома и кухни",Китай,Москва,"Китай, Шанхай, 3-й этаж, здание 33, №66 Восточная улица Гуанфулинь, район Сунцзян, Шанхай, 201620",1A13,1,Товары для сада и отдыха на природе; Бытовая техника и электроника; Товары для дома и кухни,,Ле Даро,https://ledaro.en.alibaba.com/,amyz@ledarobrushes.com; katiel@ledarobrushes.com,+86(133)9112-5307,https://online.gefera.ru/info/ICF26/catalog/446ed553-efca-bae1-6df3-d59da48d49bf/,446ed553-efca-bae1-6df3-d59da48d49bf,"Компания «Shanghai Premier HOMEWARES», основанная в 2010 году, является профессиональным производителем хозяйственных чистящих принадлежностей, включая инструменты для ванной, кухни и сада, и ориентирована на поставку практичных, долговечных и экономически выгодных решений для мировых рынков. Благодаря мощным производственным возможностям и отлаженной системе складирования, организация обеспечивает стабильный выпуск продукции, оперативную отгрузку и неизменный контроль качества силами выделенной команды, курирующей каждый этап производства для поддержания надежных стандартов. Движимая непрерывным развитием продуктовой линейки и пристальным вниманием к рыночным запросам, фирма постоянно совершенствует ассортимент в соответствии с мировыми трендами, стремясь поставлять надежную продукцию и выстраивать долгосрочные партнерские отношения с клиентами по всему миру.",detail_parsed,,2026-08-24T05:32:09Z,china-commodity-fair-2026-gefera-public-catalog-signo-v1.0.1,gefera_icf26_public_catalog_count_all_ru,45334ff3ff3e0bc380bc0fc85bb650e6c955b1fa5e8acee06514ab752e768a9f,source/detail_pages/detail_446ed553-efca-bae1-6df3-d59da48d49bf.html
China Commodity Fair 2026,25–27 августа 2026,"SHANGHAI SOLID STAINLESS STEEL PRODUCTS CO., LTD",Shanghai Solid Stainless Steel Products,товары для дома и кухни,Китай,Москва,"Россия, 117405 , RUSSIA, Dorozhnaya st,60 b4,office 6 varshavskaya st, moscow,russia,117405",1A17,1,Товары для дома и кухни,,,http://www.solidflask.com,candy@shsolid.com,,https://online.gefera.ru/info/ICF26/catalog/26166bb6-265e-9463-c56f-e9be51f0d31d/,26166bb6-265e-9463-c56f-e9be51f0d31d,"Компания «Shanghai Solid Stainless Steel Products», основанная в 1991 году, входит в число первых китайских производителей вакуумных и невакуумных изделий из нержавеющей стали с опытом более 30 лет. Завод организации занимает 80 000 квадратных метров, штат насчитывает свыше 30 экспертов по разработкам и столько же специалистов по контролю качества. Предприятие специализируется на ODM и OEM продукции, соблюдает стандарты I-WAY и BSCI, работает на оборудовании из Германии и Японии со средним циклом производства 35 дней. Фирма обладает сертификацией ISO9001:2008, ISO14001:2004 и ISO45001, в 2014 году получила статус «Шанхайского нового высокотехнологичного предприятия», а на ее базе действуют Китайский центр вакуумных термопотов и собственный испытательный центр, проводящий тесты на безопасность и функциональность на уровне лаборатории SGS. Ассортимент охватывает четыре серии и свыше 300 наименований, продукция экспортируется в более чем 50 стран и регионов, включая Европу, Северную Америку, Японию, Австралию и Ближний Восток, и пользуется высоким спросом на внутреннем и внешнем рынках.",detail_parsed,,2026-08-24T05:32:09Z,china-commodity-fair-2026-gefera-public-catalog-signo-v1.0.1,gefera_icf26_public_catalog_count_all_ru,e24bcd35d1f7b8dbe420b836a06d80b615878e2d7c57470294d82a634498a2e8,source/detail_pages/detail_26166bb6-265e-9463-c56f-e9be51f0d31d.html
China Commodity Fair 2026,25–27 августа 2026,"SHENZHEN ESHINE ELECTRONICS CO., LTD",Shenzhen Eshine Electronics,бытовая техника и электроника,Китай,Москва,"Россия, 518100, Shenzhen, 3F,8th Builiding YanChuan Beifang Yongfa science and technology park, Songgang Town ,Baoan District ,Shenzhen ,China",1C41,1,Бытовая техника и электроника,,Eshine,,jasonwong08251021@hotmail.com,+86(755)8144-0955,https://online.gefera.ru/info/ICF26/catalog/2f30ae16-a2f7-26b4-fdd6-07b64bc36971/,2f30ae16-a2f7-26b4-fdd6-07b64bc36971,"Компания «Shenzhen Eshine Electronic», основанная в апреле 2007 года, является масштабным предприятием, специализирующимся на разработке, дизайне, изготовлении и продвижении высококлассных кабелей HDMI, AV, USB, интерьерной декоративной проводки, акустических и видеокабелей. Организация располагает передовым оборудованием и мощным техническим потенциалом, имеет сертификацию ISO9001:2015 и пользуется признанием как на внутреннем, так и на международном рынках благодаря прочному сотрудничеству с дистрибьюторами. Фирма построена на основе элитной команды и придерживается пяти ключевых доктрин, охватывающих подбор персонала, менеджмент, корпоративную миссию, основные ценности и сервис, направленных на достижение всеобщего выигрыша и конечную реализацию мечты о становлении первоклассным международным брендом.",detail_parsed,,2026-08-24T05:32:09Z,china-commodity-fair-2026-gefera-public-catalog-signo-v1.0.1,gefera_icf26_public_catalog_count_all_ru,1a7d37f54058f0891af9014e8d0c021649c5511de74dcb1b40f2f75f6328bcf1,source/detail_pages/detail_2f30ae16-a2f7-26b4-fdd6-07b64bc36971.html
China Commodity Fair 2026,25–27 августа 2026,"SIPIAO (YANGZHOU) TRADING CO., LTD",Sipiao (Yangzhou) Trading,товары для дома и кухни,Китай,Москва,"Китай, 225600, Янчжоу, 10-й этаж, Здание №1, улица Пинхуай, дом 61, город Гаою, город Янчжоу, провинция Цзянсу, Китайская Народная Республика",1D14,1,Товары для дома и кухни,,Sipiao,https://sipiao.en.alibaba.com/,qinguofang@sipiao.net,,https://online.gefera.ru/info/ICF26/catalog/4529971a-b079-6f72-8e67-a83f65fd6df7/,4529971a-b079-6f72-8e67-a83f65fd6df7,"Компания ""Sipiao (Yangzhou) Trading"", основанная в 2024 году и расположенная в городе Гаою провинции Цзянсу, является профессиональным внешнеторговым экспортным предприятием в составе группы Sipiao. Ее материнская корпорация владеет несколькими современными базами по выпуску бумажной продукции и специализируется на разработке и изготовлении бытовой бумаги из первичной древесной целлюлозы. Организация экспортирует различные экологичные хозяйственные и коммерческие бумажные салфетки, а также мягкие чистящие изделия из хлопка, предоставляя услуги OEM-кастомизации. Фирма обладает соответствующими международными экологическими сертификатами и полным объемом прав на импорт и экспорт товаров. Деловая активность компании охватывает трансграничную электронную коммерцию и участие в международных отраслевых выставках, а продукция поставляется на Ближний Восток, в Африку, Юго-Восточную Азию, Европу и Америку, обеспечивая стабильные поставки и комплексное внешнеторговое сопровождение для супермаркетов и дистрибьюторов товаров повседневного спроса по всему миру.",detail_parsed,,2026-08-24T05:32:09Z,china-commodity-fair-2026-gefera-public-catalog-signo-v1.0.1,gefera_icf26_public_catalog_count_all_ru,f01240ef18aabea51032b8a73fa57d04352d92dedbb64a169391fa967a633e01,source/detail_pages/detail_4529971a-b079-6f72-8e67-a83f65fd6df7.html
China Commodity Fair 2026,25–27 августа 2026,"SUZHOU JUHAO CLEAN NEW MATERIALS CO., LTD",Suzhou Juhao Clean New Materials,товары для дома и кухни,Китай,Москва,"Китай, suzhou, Fuxie Road, Xuqiao Village, Haiyu Town, Changshu City, Jiangsu Province",1A18,1,Товары для дома и кухни,,,http://www.juhaoclean.com,info@juhaoclean.com,,https://online.gefera.ru/info/ICF26/catalog/d110b08b-5516-9a58-38d2-45af8005ff15/,d110b08b-5516-9a58-38d2-45af8005ff15,"Компания «Suzhou Juhao New Materials» расположена в городе Сучжоу и основана в 2009 году. Организация занимается экспортной торговлей товарами повседневного спроса, включая кухонные принадлежности, продукцию для дома, чистящие средства, средства личной гигиены, инструменты и многое другое. С момента основания и по сей день «Juhao» стремится стать производителем чистящих средств мирового уровня.",detail_parsed,,2026-08-24T05:32:09Z,china-commodity-fair-2026-gefera-public-catalog-signo-v1.0.1,gefera_icf26_public_catalog_count_all_ru,b29ff8fb101fda49a4c6e4b6ec67057311587566834c26a0db005bbadfd7cec3,source/detail_pages/detail_d110b08b-5516-9a58-38d2-45af8005ff15.html
China Commodity Fair 2026,25–27 августа 2026,"SUZHOU ROOKIE HOUSEWARES CO., LTD",Suzhou Rookie Housewares,товары для дома и кухни,Китай,Москва,"Китай, Сучжоу, ул. Е Цзинь, 11, экономико-технологическая зона развития Уцзян,",1E16,1,Товары для дома и кухни,,Новичок,https://rookie1688.en.alibaba.com/,rookie1@szrookie.com,,https://online.gefera.ru/info/ICF26/catalog/561a3c32-5161-1a51-50db-1a6e43c0f618/,561a3c32-5161-1a51-50db-1a6e43c0f618,"Компания ""Suzhou Rookie Housewares"", основанная в 2013 году, более десяти лет специализируется на стеклянных контейнерах для пищи, а ее запатентованная серия 8011 стала самой продаваемой линейкой стеклянных пищевых емкостей в мире. Организация стремится задавать тренды в отрасли, непрерывно внедряя новые технологии в разработку продукции, что обеспечивается собственным профессиональным дизайнерским коллективом, полностью контролирующим всю индустриальную цепочку от проектирования и исследований до массового выпуска. Производственная площадка фирмы расположена в районе Уцзян города Сучжоу, и логистика здесь чрезвычайно удобна благодаря близости к развязкам скоростных магистралей, порту Шанхая и порту Нинбо, а вспомогательный завод в промышленном парке города Цзинань провинции Шаньдун занимает 12 000 квадратных метров, насчитывает более 100 сотрудников и оснащен независимыми сборочными линиями с ежемесячной мощностью свыше 2 миллионов единиц, что позволяет оперативно выполнять крупнооптовые заказы.",detail_parsed,,2026-08-24T05:32:09Z,china-commodity-fair-2026-gefera-public-catalog-signo-v1.0.1,gefera_icf26_public_catalog_count_all_ru,36fbed67f81c8e29a462e25ec19c96e01c4a4d78f6018c1de033ffa59395150c,source/detail_pages/detail_561a3c32-5161-1a51-50db-1a6e43c0f618.html
China Commodity Fair 2026,25–27 августа 2026,"Shandong Guruishi New Materials Co., Ltd",Shandong Guruishi New Materials,товары для дома и кухни,Китай,Москва,"Китай, Город (City RU), Шаньдун, город Вэйфан, уезд Чанлэ, улица Чжулиу, национальное шоссе 309, дом 586",1D52,1,Товары для дома и кухни,,Канчу Ипин,http://www.guruishi.com,gaopp00@163.com,+86(136)0536-6282,https://online.gefera.ru/info/ICF26/catalog/ac344607-9673-0d8d-3a5a-ff11b2617a86/,ac344607-9673-0d8d-3a5a-ff11b2617a86,"Компания «Shandong Guruishi New Materials» придерживается корпоративных ценностей честности, стабильного качества и последовательного сервиса, руководствуясь принципом добросовестности и стремясь занять лидирующие позиции в индустрии упаковочной продукции для пищевых продуктов и повседневного спроса. Производство оснащено передовым бумагоделательным оборудованием, множеством высокоточных продольно-резательных станков и перемотчиков, а также разнообразной техникой для финишной обработки, что в сочетании с мощным техническим потенциалом, богатым опытом и высококвалифицированной командой позволяет удовлетворять самые разнообразные требования заказчиков. Предприятие опирается на концепцию зеленого развития, непрерывно совершенствует производственные технологии и повышает операционную эффективность параллельно с улучшением качества продукции, используя накопленный опыт и постоянное обучение для создания как действующих, так и перспективных решений в сфере пищевого упаковочного картона, отвечающих индивидуальным запросам клиентов и потребностям запуска новых продуктов.",detail_parsed,,2026-08-24T05:32:09Z,china-commodity-fair-2026-gefera-public-catalog-signo-v1.0.1,gefera_icf26_public_catalog_count_all_ru,78945f6370671313065a06591e4ffb10a2cc04d1bcde5ee0b8383ec8037a3b30,source/detail_pages/detail_ac344607-9673-0d8d-3a5a-ff11b2617a86.html
China Commodity Fair 2026,25–27 августа 2026,"Shandong Wandu Outdoor Products Co., Ltd",Shandong Wandu Outdoor Products,товары для сада и отдыха,Китай,Москва,"Китай, Линьи, Город Линьи, район Ланьшань, 200 метров к северу от пересечения Западной Кольцевой дороги и дороги Юньань, восточная сторона дороги",1D22A,1,Товары для сада и отдыха на природе,,Ванду,http://wanduhuwai@gmail.com,512075654@qq.com; sdwandu@126.com; wanduhuwai@gmail.com,,https://online.gefera.ru/info/ICF26/catalog/d3e1906d-f3c6-8c76-ed9d-fe4ed6955ec1/,d3e1906d-f3c6-8c76-ed9d-fe4ed6955ec1,"Компания «Shandong Wandu Outdoor Products» с 1994 года объединяет разработку, производство, сбыт и сервис в единую производственно-торговую структуру, накопив за тридцать лет солидный опыт. Предприятие специализируется на выпуске дождевой защитной одежды, палаток, зонтов и другой outdoor-продукции.",detail_parsed,,2026-08-24T05:32:09Z,china-commodity-fair-2026-gefera-public-catalog-signo-v1.0.1,gefera_icf26_public_catalog_count_all_ru,175748cd5b7a365c65449dcf02b20463a87c953d277eaa1aa9aea63e6875e30f,source/detail_pages/detail_d3e1906d-f3c6-8c76-ed9d-fe4ed6955ec1.html
China Commodity Fair 2026,25–27 августа 2026,"Shandong Xinyijia Technology Innovation Co., Ltd",Shandong Xinyijia Technology Innovation,бытовая техника и электроника,Китай,Москва,"Китай, Linyi City, Room 115, Building A10, Wantai Trade City, Intersection of Linxi 6th Road and Jucai Road, Lanshan Sub‑district, Lanshan District, Linyi City, Shandong Province",1F10,1,Бытовая техника и электроника,,,,694653100@qq.com,+86(199)5382-6935,https://online.gefera.ru/info/ICF26/catalog/e7938996-9dec-e676-f4ba-e731d2a95ec4/,e7938996-9dec-e676-f4ba-e731d2a95ec4,"«Shandong Xinyijia Technology Innovation» базируется в Линьи провинции Шаньдун и специализируется на поставках беспилотных решений промышленного класса. В портфеле компании — VTOL-дроны с неподвижным крылом, мультироторные промышленные беспилотники и комплектующие к ним, которые закрывают задачи аэрофотосъемки, инспекций, противопожарного надзора, экологического мониторинга и экстренного реагирования. Предприятие имеет внешнеторговую лицензию, работает с крупными зарубежными заказами и предлагает как кастомизацию, так и инженерное сопровождение. Готовы рассмотреть ваши обращения.",detail_parsed,,2026-08-24T05:32:09Z,china-commodity-fair-2026-gefera-public-catalog-signo-v1.0.1,gefera_icf26_public_catalog_count_all_ru,cb3e8aeafd3b1fe1ad587761daaa98dc58af3effbaa231b47b51a70e8343eec8,source/detail_pages/detail_e7938996-9dec-e676-f4ba-e731d2a95ec4.html
China Commodity Fair 2026,25–27 августа 2026,"Shanghai Crystal Home Products Co., Ltd",Shanghai Crystal Home Products,товары для дома и кухни,Китай,Москва,"Китай, SHANGHAI, Room 411, Building B, Ouxima Innovation Park, No.7178 Zhongchun Road, Minhang District, Shanghai, P.R.China",1C06,1,Товары для дома и кухни,,,,,,https://online.gefera.ru/info/ICF26/catalog/4070bd6f-1a30-8f00-26c8-4517dfa34836/,4070bd6f-1a30-8f00-26c8-4517dfa34836,"Компания ""Shanghai Crystal Home Products"", основанная в 2016 году, специализируется на экспортно-импортных операциях с широким ассортиментом декора и светотехники, включая стеклянные вазы, подсвечники, штормовые лампы, фонари, низковольтные и высоковольтные светильники. Годовой объем экспорта организации составляет около 6 миллионов долларов США. Ключевыми партнерами фирмы выступают такие международные гиганты розничной торговли, как Walmart, Aldi, Depot, Boltze и JYSK.",detail_parsed,,2026-08-24T05:32:09Z,china-commodity-fair-2026-gefera-public-catalog-signo-v1.0.1,gefera_icf26_public_catalog_count_all_ru,96912ae0807127dbd0ec1f356ab1518c43491a320a19d1706cb2256d579eb737,source/detail_pages/detail_4070bd6f-1a30-8f00-26c8-4517dfa34836.html
China Commodity Fair 2026,25–27 августа 2026,"Shantou Chenghai ShengYang Toys CO., Ltd",Shantou Chenghai ShengYang Toys,подарки и товары для праздника,Китай,Москва,"Китай, 515800, Shantou, Guangyi Road,Guangyi Street,Chenghai District, Shantou City,Guangdong Province,China",1B41,1,Подарки и товары для праздника,,SY,http://www.sytoysgift.com,zoedu@sytoy.cn,+86(138)2581-4686,https://online.gefera.ru/info/ICF26/catalog/1422562b-76f2-ce5f-f936-39c249aa3d2b/,1422562b-76f2-ce5f-f936-39c249aa3d2b,"Компания «Shantou Chenghai Shengyang Toys» начала свою деятельность в 2019 году в районе Чэнхай города Шаньтоу, знаменитой игрушечной столице Китая, и объединяет собственное производство с международной торговлей. Предприятие располагает цехами на 4 000 квадратных метров, штатом из 50 специалистов и выпускает электрические вентиляторы, настольные лампы и пластиковые игрушки, соблюдая строгие стандарты качества. Сертификация по BSCI и ISO9001 подтверждает надежность процессов, а продукция, отвечающая нормам CE, ROHS, EN71, EN62115 и ASTM, поставляется в Европу, Америку, Юго-Восточную Азию, на Ближний Восток, в Японию, Южную Корею и другие регионы. Фирма поддерживает долгосрочные связи с внешнеторговыми компаниями, предоставляет услуги по разработке пресс-форм, OEM и ODM изготовлению, активно участвует в Кантонской ярмарке, Jinhan Gifts Fair, Tokyo Toy Show, IBTE Jakarta, Nuremberg Toy Fair и «Мире детства», неизменно придерживаясь принципов стабильного качества, выгодных цен и внимательного сервиса.",detail_parsed,,2026-08-24T05:32:09Z,china-commodity-fair-2026-gefera-public-catalog-signo-v1.0.1,gefera_icf26_public_catalog_count_all_ru,2b158ace37493dccd7385fa180fc7fa8f72008e218286ca2593ed3da0862d1bd,source/detail_pages/detail_1422562b-76f2-ce5f-f936-39c249aa3d2b.html
China Commodity Fair 2026,25–27 августа 2026,"Suzhou Huansite Housewares Technology Co., Ltd",Suzhou Huansite Housewares Technology,товары для дома и кухни,Китай,Москва,"Китай, 215538, suzhou, Building 4,9,10 ChuangJin Industry Park, No.9 Renhe Road,Changshu City,Jiangsu,China",1D04,1,Товары для дома и кухни,,VOLMET,http://www.huansite.cn,,,https://online.gefera.ru/info/ICF26/catalog/a1947b9b-fac3-01c6-1bb6-bbcf05b31f34/,a1947b9b-fac3-01c6-1bb6-bbcf05b31f34,"Компания «Suzhou Huansite Housewares Technology» является профессиональным производителем вакуумных графинов из нержавеющей стали с более чем 25-летним опытом проектирования, выпуска и экспорта высококачественной продукции в данной категории. Ассортимент организации охватывает вакуумные графины, вакуумные бутылки, пищевые термосы, колбы из чистого титана и изделия по индивидуальному дизайну, причем все позиции соответствуют международным стандартам FDA и LFGB и отличаются превосходным сохранением тепла на срок до 48 часов. Предприятие предлагает оптимальную цену, лучшие условия минимального объема заказа и первоклассный сервис, адаптированные под запросы каждого клиента.",detail_parsed,,2026-08-24T05:32:09Z,china-commodity-fair-2026-gefera-public-catalog-signo-v1.0.1,gefera_icf26_public_catalog_count_all_ru,8d155a39c8344a77f525d1ff25aa4a15ce983143da75709241720121860f58ac,source/detail_pages/detail_a1947b9b-fac3-01c6-1bb6-bbcf05b31f34.html
China Commodity Fair 2026,25–27 августа 2026,"Suzhou Jiayi Stainless Steel Products Co., Ltd",Suzhou Jiayi Stainless Steel Products,товары для дома и кухни,Китай,Москва,"Китай, 215138, Suzhou, No.1333 Qinan Road , Yangchenghu Town , Xiangcheng District",1D16,1,Товары для дома и кухни,,,http://www.jycookware.com,derek@jycookware.com,+86(512)6544-8285,https://online.gefera.ru/info/ICF26/catalog/36f4ce04-7988-8be1-02e7-decc51a2eaf9/,36f4ce04-7988-8be1-02e7-decc51a2eaf9,"Компания ""Jiayi"", основанная в 1998 году, является профессиональным и увлеченным своим делом производителем и дизайнером кухонной посуды, использующим немецкие технологии, передовое оборудование и масштабное производство для создания классических, современных и премиальных изделий. Ассортимент организации охватывает посуду из нержавеющей стали, алюминия, твердого анодированного покрытия и антипригарные решения без содержания PFAS, а также аксессуары для сервировки по типу шведского стола. Руководствуясь стремлением улучшать повседневный процесс приготовления пищи, предприятие укрепило свои позиции одного из крупнейших мировых поставщиков посуды.",detail_parsed,,2026-08-24T05:32:09Z,china-commodity-fair-2026-gefera-public-catalog-signo-v1.0.1,gefera_icf26_public_catalog_count_all_ru,b0f02bbc545c99947ebd59d06c227dc81fee2660ec071324a938c5700194c75c,source/detail_pages/detail_36f4ce04-7988-8be1-02e7-decc51a2eaf9.html
China Commodity Fair 2026,25–27 августа 2026,"TAIZHOU YUANBO RIBBON & DECORATION CO., LTD",Taizhou Yuanbo Ribbon & Decoration,"подарки и товары для праздника, бытовая техника и электроника",Китай,Москва,"Китай, 317500, Вэнлин, №5, Центральная промышленная зона, Чэньнаньчжэнь",1E34,1,Подарки и товары для праздника; Бытовая техника и электроника,,,,,,https://online.gefera.ru/info/ICF26/catalog/0569b962-d887-8666-e69a-241cb4f1e09b/,0569b962-d887-8666-e69a-241cb4f1e09b,"Компания «Taizhou Yuanbo Ribbon & Decoration» работает с 2007 года и специализируется на изготовлении широкого ассортимента лент, бантов, головных уборов, бумажной продукции, джутовой бечевки и прочих изделий. Продукция организации славится высоким качеством, а все пожелания заказчиков по цвету, размеру и дизайну исполняются в полном объеме. Предприятие открыто к сотрудничеству и нацелено на совместное построение успешного будущего.",detail_parsed,,2026-08-24T05:32:09Z,china-commodity-fair-2026-gefera-public-catalog-signo-v1.0.1,gefera_icf26_public_catalog_count_all_ru,16af434c742d34f13e8f7ff0e38429564261d6fecae6028edb60f8cea99578c8,source/detail_pages/detail_0569b962-d887-8666-e69a-241cb4f1e09b.html
China Commodity Fair 2026,25–27 августа 2026,"Taizhou Sunrise Industry & Trade Co., Ltd",Taizhou Sunrise Industry & Trade,подарки и товары для праздника,Китай,Москва,"Китай, 317000, Linhai, Building 1-1, Ganghai Intelligent Innovation Park, No. 179 Zijing Road, Gucheng District, Linhai City, Zhejiang, China",1F02,1,Подарки и товары для праздника,,,http://www.tzsunrise.com,sales@tzsunrise.com,+86(576)8939-0015,https://online.gefera.ru/info/ICF26/catalog/15d18566-6f18-49b2-f6a3-69af6750937e/,15d18566-6f18-49b2-f6a3-69af6750937e,"Компания «Taizhou Sunrise Industry & Trade» специализируется на выпуске пластиковых и стеклянных шаров, а также прочих елочных украшений, объединяя в своей работе проектный дизайн, производство и сбыт. Предприятие располагает передовым технологическим оборудованием, мощным производственным и исследовательским потенциалом, отлаженной системой операционного управления и строгим контролем качества.",detail_parsed,,2026-08-24T05:32:09Z,china-commodity-fair-2026-gefera-public-catalog-signo-v1.0.1,gefera_icf26_public_catalog_count_all_ru,1ab655ee4d0c26cfb0f0c6527eb6901741e3376b8d0c353cac92f5103ab60e64,source/detail_pages/detail_15d18566-6f18-49b2-f6a3-69af6750937e.html
China Commodity Fair 2026,25–27 августа 2026,"Tongling Guantong Cultural Creative Co., Ltd",Tongling Guantong Cultural Creative,подарки и товары для праздника,Китай,Москва,"Китай, Китай, Тунлин, Комната 1, Здание 1, ул. Тайшань, дом 951, город Тунлин, провинция Аньхой, Китай",1F28,1,Подарки и товары для праздника,,,https://guantong.tmall.com/category.htm?spm=pc_detail.30350276.shop_block.dshopinfo.7a3f7dd6SwRgNV,guantongart@gmail.com,+86(139)6520-2116,https://online.gefera.ru/info/ICF26/catalog/609cf3f8-4353-04a1-3e81-2f699bbe5e84/,609cf3f8-4353-04a1-3e81-2f699bbe5e84,"Tongling Guantong Cultural Creative Co., Ltd специализируется на авторском дизайне и тонком ремесленном исполнении изделий из бронзы и цветного глазурованного стекла, располагая зрелыми и отточенными техниками, а также богатой и разнообразной линейкой продуктов. Основное внимание организация уделяет высококлассным деловым подаркам, предметам художественного интерьера и самобытным культурно-творческим товарам для домашних питомцев, принимая заказы на индивидуальное изготовление различных художественных скульптур и памятных презентов. Предприятие обладает собственным производственным комплексом и готово обеспечить как массовый выпуск, так и эксклюзивную разработку для корпоративных клиентов. Фирма искренне приглашает коммерсантов из России и со всего мира посетить завод для ознакомления на месте, обсуждения долгосрочного стратегического партнерства и совместного освоения рынка бронзовых, глазурованных и прочих подарочных изделий.",detail_parsed,,2026-08-24T05:32:09Z,china-commodity-fair-2026-gefera-public-catalog-signo-v1.0.1,gefera_icf26_public_catalog_count_all_ru,44b950a58dae613959ac9ead3d8a812141a8b78234757278b224027cf066897f,source/detail_pages/detail_609cf3f8-4353-04a1-3e81-2f699bbe5e84.html
China Commodity Fair 2026,25–27 августа 2026,"VPRO SPORTS CO., LTD",Vpro Sports,товары для сада и отдыха,Китай,Москва,"Китай, 150001, HARBIN, L 10, Международный бизнес-центр, ул. Имань",1F49,1,Товары для сада и отдыха на природе,,,,caobaolin@msn.com,+1(380)459-7939,https://online.gefera.ru/info/ICF26/catalog/98db389b-8c3f-d9c6-eb46-a135b9717f96/,98db389b-8c3f-d9c6-eb46-a135b9717f96,"Производственная база компании «Vpro Sports» находится в городе Гаоми провинции Шаньдун и занимает территорию более 30 000 квадратных метров с застройкой в 18 000 квадратных метров. Предприятие располагает полным комплектом оборудования для выпуска шин, их испытаний и лабораторного анализа сырья, что позволяет изготавливать пять основных серий, насчитывающих свыше 200 разновидностей и типоразмеров. В ассортимент входят сельскохозяйственные, промышленные, строительные, рисоводческие шины и покрышки категории I-1.",detail_parsed,,2026-08-24T05:32:09Z,china-commodity-fair-2026-gefera-public-catalog-signo-v1.0.1,gefera_icf26_public_catalog_count_all_ru,09d83d15119d65b049633653f3c5aff68d7b179a691d7cd80c11d925bd5f19a5,source/detail_pages/detail_98db389b-8c3f-d9c6-eb46-a135b9717f96.html
China Commodity Fair 2026,25–27 августа 2026,"WENZHOU JINXIANG NEW MATERIAL CO., LTD",Wenzhou Jinxiang New Material,одежда и аксессуары,Китай,Москва,"Россия, wenzhou, Building 27, Gaoxin Small and Micro Industrial Park, Gexiang, Nanbin Street, Rui'an, Wenzhou",1C42,1,Одежда и аксессуары,,,http://WWW.CNJXPACK.COM,,,https://online.gefera.ru/info/ICF26/catalog/d5b8ce07-ae70-bfe9-1032-ab42d252c9bb/,d5b8ce07-ae70-bfe9-1032-ab42d252c9bb,"Компания «WENZHOU JINXIANG NEW MATERIAL», основанная в 2008 году в городе Жуйань округа Вэньчжоу, — это комплексный профессиональный производитель полипропиленового нетканого полотна и разнообразных сумок из него. Продукция успешно продается по всему миру и завоевала хорошую репутацию как на внутреннем, так и на зарубежных рынках, особенно в России, на Ближнем Востоке и в Америке. Предприятие располагает заводом площадью 20 000 квадратных метров, оснащенным несколькими передовыми линиями по производству нетканого материала SSS, печатными машинами, оборудованием для ламинирования и станками для пошива сумок, что позволяет выполнять полный цикл изготовления нетканых изделий. WENZHOU JINXIANG NEW MATERIAL CO., LTD имеет сертификацию ISO9001, ISO14001, ISO18001, а также статус Национального высокотехнологичного предприятия.",detail_parsed,,2026-08-24T05:32:09Z,china-commodity-fair-2026-gefera-public-catalog-signo-v1.0.1,gefera_icf26_public_catalog_count_all_ru,f7a7575ea9cec4acb48c287d883d7435657a352693ff61b5c4b1ad0e33dca6c8,source/detail_pages/detail_d5b8ce07-ae70-bfe9-1032-ab42d252c9bb.html
China Commodity Fair 2026,25–27 августа 2026,"Wuhan Oupai Technology Co., Ltd",Wuhan Oupai Technology,"детские товары и игрушки, товары для красоты и здоровья, товары для дома и кухни",Китай,Москва,"Китай, Ухань, Китай, провинция Хубэй, город Сяогань, экономическая зона развития Сяонань, индустриальный парк Чжухуху, улица Ханьи, №9",1F03,1,Детские товары и игрушки; Товары для здоровья и красоты; Товары для дома и кухни,,,http://www.dloupai.com,jonna@dloupai.com,+86(186)4096-9615,https://online.gefera.ru/info/ICF26/catalog/837953e7-fb2b-766d-f787-45d697bc7d0b/,837953e7-fb2b-766d-f787-45d697bc7d0b,"Компания «Oupai Group», основанная в 2006 году, располагает тремя стандартизированными заводами и специализируется на выпуске товаров для домашней гигиены и уборки, имея сертификацию ISO и SGS. Ключевой ассортимент организации охватывает детские влажные салфетки, дезинфицирующие салфетки, кухонные салфетки, бумажные платочки, пеленки для животных и одноразовые чистящие салфетки. Предприятие предоставляет OEM и ODM услуги и полностью соблюдает требования российской системы маркировки «Честный знак». Продукция стабильно экспортируется на все рынки русскоязычных стран, а фирма искренне приглашает дистрибьюторов и розничных партнеров посетить выставочный стенд для деловых переговоров.",detail_parsed,,2026-08-24T05:32:09Z,china-commodity-fair-2026-gefera-public-catalog-signo-v1.0.1,gefera_icf26_public_catalog_count_all_ru,04aac16232acc44daa000b1829eaa521b4e285a4f1f841170ca6b3c21f181d9f,source/detail_pages/detail_837953e7-fb2b-766d-f787-45d697bc7d0b.html
China Commodity Fair 2026,25–27 августа 2026,"XIAMEN HUIPENG IMP & EXP CO., LTD",Xiamen Huipeng Imp & Exp,"подарки и товары для праздника, товары для дома и кухни",Китай,Москва,"Китай, Xiamen, Room 401, No. 618 Tongfu Road, Tong'an District",1A14,1,Подарки и товары для праздника; Товары для дома и кухни,,,,,,https://online.gefera.ru/info/ICF26/catalog/d5922eab-765d-f8a9-100d-c6d6ebabcfef/,d5922eab-765d-f8a9-100d-c6d6ebabcfef,"Компания «XIAMEN HUIPENG IMP. & EXP» — это внешнеторговое предприятие в сфере сумок и чемоданов с 26-летним опытом разработки, производства и сбыта. Специализация организации охватывает сумки-холодильники, рюкзаки, сумки для пикника, спортивные и водонепроницаемые сумки, чехлы для ноутбуков и другие востребованные багажные изделия. В последние годы компания точно реагирует на рыночные изменения, применяя объемную маркетинговую модель, сочетающую онлайн и офлайн каналы, ежегодно инвестируя свыше 1 миллиона юаней в отечественные и международные выставки и выстраивая долгосрочные стабильные партнерства с трейдерами внутри страны и за рубежом.",detail_parsed,,2026-08-24T05:32:09Z,china-commodity-fair-2026-gefera-public-catalog-signo-v1.0.1,gefera_icf26_public_catalog_count_all_ru,4b47b01dc8eeadbe4c5c082f86f1cc15425e339e0bf5f6f9b9a690d3674f8fef,source/detail_pages/detail_d5922eab-765d-f8a9-100d-c6d6ebabcfef.html
China Commodity Fair 2026,25–27 августа 2026,Xiajin Quanmei Arts & Crafts,Xiajin Quanmei Arts & Crafts,подарки и товары для праздника,Китай,Москва,"Китай, Dezhou, Development Zone, Xiajin County, Dezhou City, Shandong Province",1E30,1,Подарки и товары для праздника,,,http://www.quanmeiarts.com,lexi@xjquanmei.com,+86(186)0534-9789,https://online.gefera.ru/info/ICF26/catalog/ce9df95f-9017-175f-d5fd-1b9d8198f1df/,ce9df95f-9017-175f-d5fd-1b9d8198f1df,"Компания «Xiajin Quanmei» — это фабрика рождественского декора с почти 20-летним опытом, располагающая четырьмя независимыми линиями производства и упаковки. Основу ассортимента организации составляют рождественские ленты, декоративная сетка, праздничные цветы, пики, банты и юбки для елки, а также прочие украшения. В структуру предприятия входят собственный дизайнерский отдел, отдел экспортных продаж и служба контроля качества, что позволяет оперативно предоставлять клиентам новые образцы и поддерживать качественный послепродажный сервис.",detail_parsed,,2026-08-24T05:32:09Z,china-commodity-fair-2026-gefera-public-catalog-signo-v1.0.1,gefera_icf26_public_catalog_count_all_ru,e686c9931298b013fd7982a508cf28898a8392d5eff0aa410ab03da72c44a323,source/detail_pages/detail_ce9df95f-9017-175f-d5fd-1b9d8198f1df.html
China Commodity Fair 2026,25–27 августа 2026,"YANCHENG FANGCHAO INDUSTRIAL CO., LTD",Yancheng Fangchao Industrial,"подарки и товары для праздника, товары для дома и кухни",Китай,Москва,"Китай, yancheng, No.8 Dongyi road,Dongyi economic area,Funing county,Yancheng,Jiangsu,China",1B49,1,Подарки и товары для праздника; Товары для дома и кухни,,,,gudian@yiquanglassware.com,,https://online.gefera.ru/info/ICF26/catalog/7d47c5e4-35a7-e090-4114-136272cc0e64/,7d47c5e4-35a7-e090-4114-136272cc0e64,"Компания «Yancheng Fangchao Industrial» основана в 2007 году и расположена в уезде Фунин. Предприятие специализируется на изготовлении стеклянных декоративных изделий, кухонной и ванной арматуры из нержавеющей стали, а также фитингов из ППР-пластика.",detail_parsed,,2026-08-24T05:32:09Z,china-commodity-fair-2026-gefera-public-catalog-signo-v1.0.1,gefera_icf26_public_catalog_count_all_ru,b330438401264925d7cf331b64735eb856c5c79c0ccd27e86c4769cfa87939ca,source/detail_pages/detail_7d47c5e4-35a7-e090-4114-136272cc0e64.html
China Commodity Fair 2026,25–27 августа 2026,"YANCHENG HENGFENG SPONGE CO., LTD",Yancheng Hengfeng Sponge,товары для дома и кухни,Китай,Москва,"Китай, 224100, Яньчэн, Китай, провинция Цзянсу, город Яньчэн, район Дэфэн, дорога Хуанхай Лу (Запад), дом 86",1B21,1,Товары для дома и кухни,,Фоамстар,http://www.foamstarcn.com,hfhm34@hfhmc.net,+86(515)8505-5280,https://online.gefera.ru/info/ICF26/catalog/cdc4da9f-e35d-5713-8344-633251bf41fb/,cdc4da9f-e35d-5713-8344-633251bf41fb,"Компания «Yancheng Hengfeng Sponge», основанная в 2004 году, является национальным высокотехнологичным предприятием, специализирующимся на разработке, производстве и сбыте губок, чистящих салфеток, моющих средств и пластиковых изделий. Организация располагает провинциальным технологическим центром исследований и разработок, а также провинциальной базой для подготовки магистрантов, имея в своем портфеле 8 патентов на изобретения и 8 патентов на полезные модели. YANCHENG HENGFENG SPONGE CO., LTD сертифицирована по стандартам ISO9001, ISO14001, ISO45001 и ISO5001, успешно прошла заводские аудиты BSCI, DISNEY, AEON и других известных клиентов, а продукция дополнительно имеет сертификаты UL, FSC и GRS.",detail_parsed,,2026-08-24T05:32:09Z,china-commodity-fair-2026-gefera-public-catalog-signo-v1.0.1,gefera_icf26_public_catalog_count_all_ru,57c2e03400682542f99e24a582b8dce2a0882647a86b31c68a6f59d257cf8445,source/detail_pages/detail_cdc4da9f-e35d-5713-8344-633251bf41fb.html
China Commodity Fair 2026,25–27 августа 2026,"YANCHENG HONGFANG TOYS CO., LTD",Yancheng Hongfang Toys,подарки и товары для праздника,Китай,Москва,"Китай, 224001, Yancheng, Building 3,Group 6,Beilin village,South Tinghu development zone,Tinghu district,Yancheng,Jiangsu,China",1D06,1,Подарки и товары для праздника,,BEAR OF ALLAN,http://www.hongfangtoys.com,hf@hongfangtoys.com; hftoys@hongfangtoys.com; qhytoy@hongfangtoys.com,+86(138)0510-3086,https://online.gefera.ru/info/ICF26/catalog/00fc8ea1-7af2-4784-ce94-c070e33119fc/,00fc8ea1-7af2-4784-ce94-c070e33119fc,"Компания «Yancheng HongFang Toys» базируется в южной экономической зоне района Тинху города Яньчэн, недалеко от шанхайского порта, что дает преимущество в скорости и удобстве транспортировки. Предприятие ведет полный цикл работ: от дизайна и разработок до продаж и выпуска готовой продукции. Главное направление деятельности — плюшевые игрушки, рюкзаки, подушки и сопутствующие изделия, которые полностью идут на экспорт в Европу, Северную Америку, Австралию и другие регионы. Фирма зарегистрировала товарные знаки в США и ЕС, владеет солидным портфелем патентов на дизайн, а все позиции соответствуют стандартам безопасности EN-71 и ASTM-F963. Свою задачу организация видит в выстраивании взаимовыгодного партнерства с зарубежными клиентами, неизменно ставя во главу угла качество, репутацию, интересы заказчика и обоюдный рост при внимательном сервисе, и приглашает к сотрудничеству, обещая добротную продукцию и заботливое сопровождение.",detail_parsed,,2026-08-24T05:32:09Z,china-commodity-fair-2026-gefera-public-catalog-signo-v1.0.1,gefera_icf26_public_catalog_count_all_ru,a7c9f174a58542e7ab360833e11c6c58e0f43559005591ad434df2b8309f2a18,source/detail_pages/detail_00fc8ea1-7af2-4784-ce94-c070e33119fc.html
China Commodity Fair 2026,25–27 августа 2026,"YANGJIANG HOMESMART INDUSTRIAL CO., LTD",Yangjiang Homesmart Industrial,"детские товары и игрушки, подарки и товары для праздника, товары для сада и отдыха, товары для дома и кухни",Китай,Москва,"Китай, 529500, Yangjiang, No.146 Chuangye Road",1B42,1,Детские товары и игрушки; Подарки и товары для праздника; Товары для сада и отдыха на природе; Товары для дома и кухни,,abchoose,http://www.homesmartkitchen.com,info@cnhomesmart.com,+86(662)3358-969,https://online.gefera.ru/info/ICF26/catalog/7c30b117-df24-8838-c36f-c4e1b10add54/,7c30b117-df24-8838-c36f-c4e1b10add54,"Компания «Homesmart» выпускает инновационную кухонную утварь, уделяя особое внимание инструментам и гаджетам, опираясь на сильную команду разработчиков, которая анализирует рыночные тренды и создает уникальный дизайн. Завод организации прошел аудиты BSCI, GSV и ISO, предоставляет протоколы испытаний FDA и LFGB и входит в число поставщиков 20 ведущих розничных сетей со строжайшим контролем производственных линий. Уникальные многофункциональные инструменты для подготовки продуктов помогли интернет-продавцам нарастить сбыт на 80%. Фирма предлагает как собственную марку, так и OEM и ODM услуги по изготовлению контейнеров для хранения, пластиковых разделочных досок, кулинарных принадлежностей и емкостей для специй, приглашая за подробной информацией на сайт.",detail_parsed,,2026-08-24T05:32:09Z,china-commodity-fair-2026-gefera-public-catalog-signo-v1.0.1,gefera_icf26_public_catalog_count_all_ru,c0a31091512927b847b837ba0b4b59252e4e371cb5c6c5e6560e9a4938efcfa2,source/detail_pages/detail_7c30b117-df24-8838-c36f-c4e1b10add54.html
China Commodity Fair 2026,25–27 августа 2026,"YANGZHOU KANGRUI BRUSHES AND PAINTING MATERIALS CO., LTD",Yangzhou Kangrui Brushes And Painting Materials,"подарки и товары для праздника, товары для дома и кухни",Китай,Москва,"Китай, YANGZHOU, Chaolong Village, Huoqiao Town, Hanjiang District",1F43,1,Подарки и товары для праздника; Товары для дома и кухни,,,,,,https://online.gefera.ru/info/ICF26/catalog/858d8748-51e7-1fc2-aa42-8e577c5f42c5/,858d8748-51e7-1fc2-aa42-8e577c5f42c5,,detail_parsed,,2026-08-24T05:32:09Z,china-commodity-fair-2026-gefera-public-catalog-signo-v1.0.1,gefera_icf26_public_catalog_count_all_ru,50ba3f1f11df741b86620ac65a390d4524fd73cb0c7e58d4d4d79c7e20c341c3,source/detail_pages/detail_858d8748-51e7-1fc2-aa42-8e577c5f42c5.html
China Commodity Fair 2026,25–27 августа 2026,"YIWU MESTAGLIA STORAGE CO., LTD",Yiwu Mestaglia Storage,"товары для спорта и фитнеса, товары для сада и отдыха, бытовая техника и электроника, товары для дома и кухни",Китай,Москва,"Китай, 322000, enterprise, 208, Building 2, No. 508, Hehua south street, Choujiang street, Yiwu city, Zhejiang China",1B14,1,Товары для фитнеса и спорта; Товары для сада и отдыха на природе; Бытовая техника и электроника; Товары для дома и кухни,,KMT,,,,https://online.gefera.ru/info/ICF26/catalog/c2d4f03c-1b5f-9803-f7c3-35f8aa551f15/,c2d4f03c-1b5f-9803-f7c3-35f8aa551f15,"Компания «YIWU MESTAGLIA STORAGE» специализируется на выпуске и торговле скобяными изделиями, кухонной утварью, товарами для хранения и ванными принадлежностями. Продукция поставляется в 12 стран мира. Это интегрированное предприятие, объединяющее производство, складскую обработку, продажи и логистику в единую систему.",detail_parsed,,2026-08-24T05:32:09Z,china-commodity-fair-2026-gefera-public-catalog-signo-v1.0.1,gefera_icf26_public_catalog_count_all_ru,9cb7403f9d20f9b137ef8cd123f4db26aea84833b724ecd628427d5042014b57,source/detail_pages/detail_c2d4f03c-1b5f-9803-f7c3-35f8aa551f15.html
China Commodity Fair 2026,25–27 августа 2026,"YIXING CITY WENHUI STATIONERY CO., LTD",Yixing City Wenhui Stationery,подарки и товары для праздника,Китай,Москва,"Россия, WUXI, CHENGXI VILLAGE,GAOCHENG TOWN,YIXING CITY.",1E44,1,Подарки и товары для праздника,,,,,,https://online.gefera.ru/info/ICF26/catalog/72e08882-8597-1ca1-6a11-4c2aaa789c9f/,72e08882-8597-1ca1-6a11-4c2aaa789c9f,"Компания «Yixing Wenhui Stationery», основатель бренда MITO, является первопроходцем в области декоративных канцелярских товаров ручной работы. С момента основания в 2015 году предприятие непрерывно выпускает новинки и последовательно разработало свыше десяти тысяч продуктов в различных сериях, включая блестки, конфетти, подвижные глазки, волшебный клей и наборы для творчества. Вся продукция изготавливается из безопасных и экологичных материалов, нетоксичных и безвредных для здоровья.",detail_parsed,,2026-08-24T05:32:09Z,china-commodity-fair-2026-gefera-public-catalog-signo-v1.0.1,gefera_icf26_public_catalog_count_all_ru,2f0e4375cd355505eac0334b28631d89e5200f59c01eddc86881d1e49d97b7dd,source/detail_pages/detail_72e08882-8597-1ca1-6a11-4c2aaa789c9f.html
China Commodity Fair 2026,25–27 августа 2026,"YONGKANG JIANYANG METALS CO., LTD",Yongkang Jianyang Metals,товары для дома и кухни,Китай,Москва,"Китай, YONGKANG, No. 121 Mingyuan North Avenue, Economic Development Zone, Yongkang City, Zhejiang Province",1D30,1,Товары для дома и кухни,,,https://hk.chinajianyang.com/,,,https://online.gefera.ru/info/ICF26/catalog/d16d78de-afed-7df7-a891-ec6b7103257f/,d16d78de-afed-7df7-a891-ec6b7103257f,"Компания «Yongkang Jianyang Metals» основана в 2008 году и занимает территорию 20 000 квадратных метров. Ежедневный объем выпуска достигает 20 000 единиц продукции. Организация располагает более чем 18-летним опытом в производстве вакуумных бутылок, кофейных кружек и термоконтейнеров для пищи. Предприятие имеет сертификацию BSCI, SEDEX, WCA, ISO9001, ISO14001 и RCS.",detail_parsed,,2026-08-24T05:32:09Z,china-commodity-fair-2026-gefera-public-catalog-signo-v1.0.1,gefera_icf26_public_catalog_count_all_ru,f29c4ece04f55f3abe3de2f89f8d0c41857470883af7be8ddbf359e0ce876c6e,source/detail_pages/detail_d16d78de-afed-7df7-a891-ec6b7103257f.html
China Commodity Fair 2026,25–27 августа 2026,"YONGKANG UN LEISURE PRODUCTS CO., LTD",Yongkang Un Leisure Products,товары для дома и кухни,Китай,Москва,"Китай, Yongkang, Zhejiang, No. 476 North Road, Xiangzhu town",1B31,1,Товары для дома и кухни,,,https://unleisure.com/,,,https://online.gefera.ru/info/ICF26/catalog/f2124765-d297-ed0c-b959-cacbb1fe744f/,f2124765-d297-ed0c-b959-cacbb1fe744f,"Бренд «Unleisure» создает мебель, которая остается актуальной вне времени, — универсальные и лаконичные предметы, гармонично вписывающиеся в любое пространство и закрывающие все домашние потребности. Вокруг марки сложилось растущее сообщество покупателей. Компания делает ставку на премиальные материалы — массив дерева, натуральную кожу и износостойкую обивку, — гарантирующие долгий срок службы, а также предлагает настраиваемые варианты отделки, тонировки и цветовой палитры, чтобы интерьер складывался легко и естественно. Особое внимание уделяется фактуре, комфорту и тактильным ощущениям, соблюдению стандартов безопасности и гипоаллергенным решениям для более здоровой среды. Дополняют картину удобная доставка и сборка, обеспечивающие клиентам беспроблемный опыт от заказа до установки. Магазины марки расположены в Нью-Йорке, Балтиморе, Джексонвилле и Чикаго.",detail_parsed,,2026-08-24T05:32:09Z,china-commodity-fair-2026-gefera-public-catalog-signo-v1.0.1,gefera_icf26_public_catalog_count_all_ru,bfff015f57f6cead80f9cd46f611a7a0e9ec030953d67e1934ac9a0a23404103,source/detail_pages/detail_f2124765-d297-ed0c-b959-cacbb1fe744f.html
China Commodity Fair 2026,25–27 августа 2026,"YONGKANG WEIGE INDUSTRIAL&TRADING CO., LTD",Yongkang Weige Industrial&Trading,товары для дома и кухни,Китай,Москва,"Китай, 321300, Yongkang City, Zhejiang Province, Zhejiang Businessmen Return to Entrepreneurship Innovation Park, No. 21, Chuangsi Road",1B22,1,Товары для дома и кухни,,,http://www.zjweige.cn/,,,https://online.gefera.ru/info/ICF26/catalog/065d67ff-c7d7-f77a-4660-d6329f4cee76/,065d67ff-c7d7-f77a-4660-d6329f4cee76,"Компания «Yongkang Weige Industry and Trade» основана в 2007 году и расположена в китайской «столице скобяных изделий» — городе Юнкан провинции Чжэцзян. Предприятие специализируется на выпуске лестниц под маркой «Bang Ergao», включая алюминиевые телескопические лестницы, лестницы-стремянки, бытовые лестницы, подъемные лестницы, многофункциональные модели, складные лестницы, изолированные лестницы, железные лестницы, лестницы из нержавеющей стали, палочные лестницы и другие серии. Продукция организации прошла европейскую сертификацию качества и безопасности SGS, TUV, CE и EN131. Изделия отличаются стабильным качеством, безопасностью в эксплуатации и привлекательным внешним видом, подходя для использования в домашних хозяйствах, компаниях, на промышленных и горнодобывающих предприятиях, при отделочных, электромонтажных, телекоммуникационных, охранных, противопожарных, коммерческих и аэропортовых работах, являясь идеальным инструментом для высотных задач.",detail_parsed,,2026-08-24T05:32:09Z,china-commodity-fair-2026-gefera-public-catalog-signo-v1.0.1,gefera_icf26_public_catalog_count_all_ru,46f499c67b44065cc37a70f30498756b2e23b1b00e917df818b2dcb2dd3c2755,source/detail_pages/detail_065d67ff-c7d7-f77a-4660-d6329f4cee76.html
China Commodity Fair 2026,25–27 августа 2026,"Yancheng Creative Trading Group Co., Ltd",Yancheng Creative Trading Group,"подарки и товары для праздника, товары для дома и кухни",Китай,Москва,"Китай, yancheng, No.8 Dongyi road,Dongyi economic area,Funing county,Yancheng,Jiangsu,China",1A50,1,Подарки и товары для праздника; Товары для дома и кухни,,,https://www.yiquanglassware.com,gudian@yiquanglassware.com,,https://online.gefera.ru/info/ICF26/catalog/522e210c-1dde-fb6d-40e2-c7b3ef8230e7/,522e210c-1dde-fb6d-40e2-c7b3ef8230e7,"Группа компаний «Yancheng Creative Trading» — профессиональный производитель и экспортер, работающий с 1996 года. В 2019 году объем производства превысил 20 миллионов долларов США, а общая численность сотрудников составила 1 500 человек. Организация занимает лидирующие позиции в отрасли стеклянной посуды. Ключевой ассортимент включает елочные украшения, стеклянные суккулентные декоративные изделия, стеклянные тарелки, подсвечники и художественные подвески, насчитывая на сегодняшний день более 60 000 наименований.",detail_parsed,,2026-08-24T05:32:09Z,china-commodity-fair-2026-gefera-public-catalog-signo-v1.0.1,gefera_icf26_public_catalog_count_all_ru,d5600aa5658463cb2a2cac371cb18bc70968bf3ed9ff871518acc1c54568b04e,source/detail_pages/detail_522e210c-1dde-fb6d-40e2-c7b3ef8230e7.html
China Commodity Fair 2026,25–27 августа 2026,"Yangxin Joy Housewares Co., Ltd",Yangxin Joy Housewares,товары для дома и кухни,Китай,Москва,"Китай, Yangxin, No 366 Hedong 1st road. Industry Zone Yangxin Shandong China",1A22,1,Товары для дома и кухни,,,,,,https://online.gefera.ru/info/ICF26/catalog/4c5f037c-79bb-112e-b3f5-bbecaa9f1ccf/,4c5f037c-79bb-112e-b3f5-bbecaa9f1ccf,"Компания «Yangxin Joy Housewares», основанная в 2017 году, специализируется на торговле столовыми приборами из нержавеющей стали, стеклянной посудой, кухонной утварью и другими видами бытовых товаров. Организация профессионально занимается дизайном и консолидирует высококлассную продукцию от разных производителей под запросы конкретных заказчиков. Бизнес-модель предприятия охватывает как B2B, так и B2C направления, а также другие форматы онлайн-торговли.",detail_parsed,,2026-08-24T05:32:09Z,china-commodity-fair-2026-gefera-public-catalog-signo-v1.0.1,gefera_icf26_public_catalog_count_all_ru,08a6f31b88fe94056b4eb57b554616daf5b89d8446d40597fa0cb7d098153cb9,source/detail_pages/detail_4c5f037c-79bb-112e-b3f5-bbecaa9f1ccf.html
China Commodity Fair 2026,25–27 августа 2026,"Yangzhou New Coordinate Household Articles Co., Ltd",Yangzhou New Coordinate Household Articles,"подарки и товары для праздника, товары для дома и кухни",Китай,Москва,"Китай, 225804, yangzhou, 7 Crystal Boulevard xi’an Feng Town,Baoying County,Jiangsu,China",1C34,1,Подарки и товары для праздника; Товары для дома и кухни,,,https://www.nchousewares.com,grace@nchousewares.com; jack@nchousewares.com; joy@nchousewares.com; julia@nchousewares.com,,https://online.gefera.ru/info/ICF26/catalog/2a9c9f57-c871-ffef-cd72-8af9939c4d1c/,2a9c9f57-c871-ffef-cd72-8af9939c4d1c,"Компания «Yangzhou New Coordinate Household Products» специализируется на кухонных принадлежностях для приготовления пищи, емкостях для хранения и сериях кухонных органайзеров. Ассортимент организации включает герметичные банки, бутылки для приправ, кувшины для напитков, кружки и другие изделия. Управление предприятием строится на современной корпоративной системе. Совершенствуя внутреннюю инфраструктуру и последовательно укрепляя контроль качества, стандартизацию процессов, метрологический и статистический учет, фирма опирается на научный менеджмент и технологический прогресс для постоянного повышения качества продукции и конкурентоспособности. Компания стремится предоставлять клиентам лучшее качество и послепродажное обслуживание, строя общее успешное будущее вместе со своими партнерами.",detail_parsed,,2026-08-24T05:32:09Z,china-commodity-fair-2026-gefera-public-catalog-signo-v1.0.1,gefera_icf26_public_catalog_count_all_ru,76fb7da1f221e37f9aa3930af4548c10c86be6596991e7c9acda4994208b11b8,source/detail_pages/detail_2a9c9f57-c871-ffef-cd72-8af9939c4d1c.html
China Commodity Fair 2026,25–27 августа 2026,"Yifan (New Energy) Technology Co., Ltd",Yifan (New Energy) Technology,"товары для сада и отдыха, бытовая техника и электроника",Китай,Москва,"Китай, HANGZHOU, Room 1011, Building A, Jinxing Village West Science and Technology Park, Yuhang Street, Yuhang District, Hangzhou City, Zhejiang Province",1A30,1,Товары для сада и отдыха на природе; Бытовая техника и электроника,,,,,,https://online.gefera.ru/info/ICF26/catalog/f5e9c1c0-257a-51f7-7c54-51ed8ccf696c/,f5e9c1c0-257a-51f7-7c54-51ed8ccf696c,"Компания «Hangzhou Aliotop Intelligent» — мировой лидер в сфере возобновляемой энергетики с опытом работы более пяти лет. Базируясь в Ханчжоу, предприятие специализируется на интеллектуальных дорожных чемоданах-самокатах. Организация владеет одним патентом на изобретение, более чем десятью патентами на полезные модели и множеством патентов на промышленный дизайн. За десять с лишним лет самоотверженной работы приверженность качеству и инновациям позволила фирме создать три бренда, оформить четыре патента и выстроить обширную сеть партнеров по всему миру.",detail_parsed,,2026-08-24T05:32:09Z,china-commodity-fair-2026-gefera-public-catalog-signo-v1.0.1,gefera_icf26_public_catalog_count_all_ru,4f2883bf636e3222846f73ca401d9e49c2cd6d4a2a7bb819562fa69e5c945cd1,source/detail_pages/detail_f5e9c1c0-257a-51f7-7c54-51ed8ccf696c.html
China Commodity Fair 2026,25–27 августа 2026,"Yikai Co., Limited",Yikai Co.,товары для дома и кухни,Китай,Москва,"Китай, НАННИН, 24 F, блок A, здание «Хуафэнчэн», проспект Минцзу, д. 181, Наньнин, Гуанси, Китай",1C02,1,Товары для дома и кухни,,,https://www.yikaigroup.com/,info@yikaigroup.com,,https://online.gefera.ru/info/ICF26/catalog/1da89a68-4e77-fc51-c5b9-30f459df1de4/,1da89a68-4e77-fc51-c5b9-30f459df1de4,"YIKAI была основана в 2003 году, а головной офис компании расположен в Наньнине, провинция Гуанси. Производитель предлагает широкий ассортимент товаров для дома и различные продуктовые решения, позволяющие удовлетворять самые разные потребности клиентов. Благодаря неизменной поддержке заказчиков компания стала одним из крупнейших поставщиков вешалок в Китае, гарантируя превосходное качество, короткие сроки отгрузки и конкурентные цены за счет строгой системы контроля, одновременно уделяя приоритетное внимание защите окружающей среды и устойчивому развитию. Профессиональная команда разработчиков фирмы в сотрудничестве с собственной дизайн-студией непрерывно выпускает новинки, чтобы удовлетворить любые требования по индивидуальному оформлению продукции.",detail_parsed,,2026-08-24T05:32:09Z,china-commodity-fair-2026-gefera-public-catalog-signo-v1.0.1,gefera_icf26_public_catalog_count_all_ru,719b748884ec2fe038efe1b53294e8c053a99bd63655d18b8afb98627e2aa789,source/detail_pages/detail_1da89a68-4e77-fc51-c5b9-30f459df1de4.html
China Commodity Fair 2026,25–27 августа 2026,"Yiwu Inchel Packaglng Co., Ltd",Yiwu Inchel Packaglng,подарки и товары для праздника,Китай,Москва,"Китай, 322000, YIWU, Yidong Industrial Park, Niansanli Street, Yiwu City, Jinhua City, Zhejiang Province",1D37,1,Подарки и товары для праздника,,,http://www.ywccpackage.com,sales01@ywccpackage.com,+86(182)5898-2219,https://online.gefera.ru/info/ICF26/catalog/fd5860ed-a90d-fd71-9767-6870f4da4c61/,fd5860ed-a90d-fd71-9767-6870f4da4c61,"Компания «CCPACK» основана в 2001 году. Отдел продаж организации расположен в Иу, мировой столице мелкооптовой торговли. В составе группы действуют четыре специализированных завода: фабрика полиэтиленовых почтовых пакетов в Цзиньхуа, производство майларовых пакетов и зип-замков в Цзиньхуа, а также фабрика бумажных пакетов в провинции Цзянси. Совокупная площадь производственных цехов достигает 34 000 квадратных метров, установлено более 200 автоматических линий. Ежедневная мощность составляет 200 тонн, что эквивалентно 10 миллионам пакетов.",detail_parsed,,2026-08-24T05:32:09Z,china-commodity-fair-2026-gefera-public-catalog-signo-v1.0.1,gefera_icf26_public_catalog_count_all_ru,ea59cf94a859f436be9f5cfcb46b6629e72916b9ad1860e7176ce4a9e4339b74,source/detail_pages/detail_fd5860ed-a90d-fd71-9767-6870f4da4c61.html
China Commodity Fair 2026,25–27 августа 2026,"Yiyang Xiangmin Food Industry Co., Ltd",Yiyang Xiangmin Food Industry,продукты питания,Китай,Москва,"Китай, 431000, Иян, Здание А9, Пищевой индустриальный парк Лююаньцяо, район Цзыян, город Иян, провинция Хунань, Китай",1F13,1,Продукты питания и сельскохозяйственная продукция,,DDКлассмейт,"http://Yiyang Xiangmin Food Co., Ltd.",ddtx2020@163.com,+86(737)4898-777,https://online.gefera.ru/info/ICF26/catalog/729b1522-4d6f-6af8-6ab1-ccb8ae9de7d6/,729b1522-4d6f-6af8-6ab1-ccb8ae9de7d6,"Компания «Yiyang Xiangmin Food» расположена в провинции Хунань и является производителем продуктов питания, объединяющим разработку, выпуск и сбыт. Основная специализация — острые приправы, маринованные овощи и готовые закусочные изделия. Предприятие располагает стандартизированными чистыми цехами с полностью автоматическими линиями розлива и упаковки, а также системой контроля безопасности пищевых продуктов, соответствующей международным стандартам. Опираясь на отработанные рецептуры и стабильную цепочку поставок сырья, фирма выпускает флагманскую продукцию: чили-соус, маринованный редис и кислые коровьи бобы в характерном хунаньском стиле. Придерживаясь философии «качество прежде всего, честность как основа деятельности», организация успешно продает продукцию по всей стране и экспортирует во многие зарубежные государства, искренне стремясь к установлению долгосрочных стабильных партнерских отношений с дистрибьюторами и закупщиками по всему миру, чтобы доносить аутентичный вкус хунаньской кухни до глобального потребителя.",detail_parsed,,2026-08-24T05:32:09Z,china-commodity-fair-2026-gefera-public-catalog-signo-v1.0.1,gefera_icf26_public_catalog_count_all_ru,bdc8ff8fe90416ed31989c45b90fab43a9b110156444c1849951ae7b1c61b2f4,source/detail_pages/detail_729b1522-4d6f-6af8-6ab1-ccb8ae9de7d6.html
China Commodity Fair 2026,25–27 августа 2026,"Yongkang ArdaMotor Co., Ltd",Yongkang ArdaMotor,бытовая техника и электроника,Китай,Москва,"Китай, YONGKANG, No. 11 Xingda 3rd Road, Xicheng Street, Yongkang City, Jinhua City, Zhejiang Province",1D43,1,Бытовая техника и электроника,,,https://www.ardamotor.com/,,,https://online.gefera.ru/info/ICF26/catalog/4f470621-02c0-3d36-00a2-71fb49c8cd64/,4f470621-02c0-3d36-00a2-71fb49c8cd64,"Компания «Yongkang Arda Motor», основанная в 2008 году, — это современное предприятие, объединяющее производство, разработку, дизайн и сбыт. Основная специализация организации — двигатели для вытяжек и духовых шкафов, а также электромоторы переменного тока для различной бытовой техники. Предприятие руководствуется концепцией «профессионализм создает классику, инновации ведут в будущее», опираясь на корпоративные ценности стремления, уважения, разнообразия и достижения. Качество служит фундаментом деятельности, а вся производственная цепочка строго контролируется в соответствии с международной системой менеджмента ISO9001-2000. Продукция прошла сертификацию немецкого VDE, европейскую CE, китайскую 3C и другие проверки. Yongkang ArdaMotor Co., Ltd придерживается философии «искреннее сотрудничество, обоюдовыгодное будущее», уделяя первостепенное внимание перспективности разработок, отточенности процессов и высокому качеству клиентского сервиса, и искренне приглашает партнеров посетить завод и обсудить деловое сотрудничество.",detail_parsed,,2026-08-24T05:32:09Z,china-commodity-fair-2026-gefera-public-catalog-signo-v1.0.1,gefera_icf26_public_catalog_count_all_ru,02abaf34e5885c52b74b61d0ddd6b0c4c13b0dc4fbb001f556b925ff678a6583,source/detail_pages/detail_4f470621-02c0-3d36-00a2-71fb49c8cd64.html
China Commodity Fair 2026,25–27 августа 2026,Yongkang City Kexin Daily Necessities Factory,Yongkang City Kexin Daily Necessities Factory,товары для дома и кухни,Китай,Москва,"Россия, 321300, YONGKANG, HUANGDIAN INDUSTRY AREA",1C27,1,Товары для дома и кухни,,,,,+1(350)679-9504,https://online.gefera.ru/info/ICF26/catalog/8c16e863-dfe5-3f73-eb14-5f623bec257e/,8c16e863-dfe5-3f73-eb14-5f623bec257e,Профессиональный производитель термокружек из нержавеющей стали.,detail_parsed,,2026-08-24T05:32:09Z,china-commodity-fair-2026-gefera-public-catalog-signo-v1.0.1,gefera_icf26_public_catalog_count_all_ru,42804972fcbb3f4f5db9922f06a7e8e9490354aeb132af1021c39fd646840c8e,source/detail_pages/detail_8c16e863-dfe5-3f73-eb14-5f623bec257e.html
China Commodity Fair 2026,25–27 августа 2026,"Yongkang Kangchuang Import and Export Co., Ltd",Yongkang Kangchuang Import and Export,товары для спорта и фитнеса,Китай,Москва,"Китай, 321300, YONGKANG, 7 FLOOR,JINBI BUILDING",1E29,1,Единый консультационный центр,service/unsuitable category terms excluded: Единый консультационный центр; service/unsuitable category terms excluded: Единый консультационный центр,,https://www.kangch-circle.com/,,+1(785)862-2924,https://online.gefera.ru/info/ICF26/catalog/be84811f-205d-1c23-d339-67287fcf890a/,be84811f-205d-1c23-d339-67287fcf890a,"Компания «Yongkang Kangchuang Import and Export» — предприятие, специализирующееся на комплексных услугах в сфере международной торговли. Основные направления деятельности организации охватывают импорт и экспорт товаров, внутреннее и зарубежное торговое агентирование, международное экспедирование грузов, торговое трудовое посредничество и интернет-продажи.",detail_parsed,,2026-08-24T05:32:09Z,china-commodity-fair-2026-gefera-public-catalog-signo-v1.0.1,gefera_icf26_public_catalog_count_all_ru,0c96271533a31e7f31d099354b9f69279705330f2cf447c7f6b842deef8ebc0f,source/detail_pages/detail_be84811f-205d-1c23-d339-67287fcf890a.html
China Commodity Fair 2026,25–27 августа 2026,"Yongkang Qinuan Industry and Trade Co., Ltd",Yongkang Qinuan Industry and Trade,"подарки и товары для праздника, товары для сада и отдыха, товары для дома и кухни",Китай,Москва,"Китай, 321300, Йонкан, Китай, провинция Чжэцзян, город Цзиньхуа, город Юнкан, район Дунчэн, деревня Чэнтан, старая деревня Чэнтан, д. 269",1B25,1,Подарки и товары для праздника; Товары для сада и отдыха на природе; Товары для дома и кухни,,Sanderson,,kansolz@163.com,+86(187)0579-9217,https://online.gefera.ru/info/ICF26/catalog/a645b07c-e0d2-3eeb-ab9c-8d7ac56644df/,a645b07c-e0d2-3eeb-ab9c-8d7ac56644df,"Наша компания — это современное комплексное предприятие, объединяющее научно-исследовательские разработки, производство и продажи, с основным фокусом на товары для дома, товары для отдыха на открытом воздухе, металлические изделия и пластиковые изделия. Компания располагает пятью специализированными цехами — литьевым, деревообрабатывающим, металлообрабатывающим, пенопластовым и швейным — что обеспечивает полноценную собственную производственную систему с полной производственной цепочкой. Это позволяет реализовать скоординированное взаимодействие различных технологических процессов, поддерживаемое современным оборудованием и строгой технологической системой, подкреплённой богатым производственным опытом. Наша продукция широко применяется в повседневной жизни и в различных промышленных сценариях. Мы обладаем значительными преимуществами в адаптации к сложным требованиям заказчиков, контроле затрат, управлении качеством и выполнении индивидуальных заказов, обеспечивая стабильное высокое качество, которое получило широкое признание на рынке. Компания владеет несколькими патентами на ключевые технологии и предоставляет профессиональные услуги OEM/ODM. Мы неизменно придерживаемся инновац",detail_parsed,,2026-08-24T05:32:09Z,china-commodity-fair-2026-gefera-public-catalog-signo-v1.0.1,gefera_icf26_public_catalog_count_all_ru,1752530b1ad7551999b0b5cceff2ebfb41aea7d50b5b6bbd4e5cef5a92b5b048,source/detail_pages/detail_a645b07c-e0d2-3eeb-ab9c-8d7ac56644df.html
China Commodity Fair 2026,25–27 августа 2026,"Yongkang Qiqing Industrial and Trade Co., Ltd",Yongkang Qiqing Industrial and Trade,товары для дома и кухни,Китай,Москва,"Китай, YONGKANG, 121 Fenghuang Lane, wutong Mountain, Sikou Lv Village, Xiangzhu Town, Yongkang City, Jinhua City, Zhejiang Province",1B10,1,Товары для дома и кухни,,,https://www.lookeflask.com/,,,https://online.gefera.ru/info/ICF26/catalog/6fb8cd3d-b33c-0d6d-4d82-f096e16fd740/,6fb8cd3d-b33c-0d6d-4d82-f096e16fd740,"Компания «Zhejiang Shuiling Cup Manufacturing», опираясь на более чем сорокалетний опыт, уже свыше десяти лет занимается дизайном, производством и продажей питьевой посуды из нержавеющей стали и outdoor-продукции. Ассортимент организации охватывает вакуумные фляги, бутылки для воды, стаканы и термокружки из нержавеющей стали, винные бокалы, кофейники, пищевые контейнеры и многое другое. Собственная команда дизайнеров предприятия готова превращать новые идеи заказчиков в готовые изделия.",detail_parsed,,2026-08-24T05:32:09Z,china-commodity-fair-2026-gefera-public-catalog-signo-v1.0.1,gefera_icf26_public_catalog_count_all_ru,9cce1cb5c5792117358016d212023db9a93365a08e56f9d153b17801ca0f9269,source/detail_pages/detail_6fb8cd3d-b33c-0d6d-4d82-f096e16fd740.html
China Commodity Fair 2026,25–27 августа 2026,"Yongkang Shuntong Metal Products Co., Ltd",Yongkang Shuntong Metal Products,"бытовая техника и электроника, товары для дома и кухни",Китай,Москва,,1D28,1,Бытовая техника и электроника; Товары для дома и кухни,,,https://ykshuoguo.en.alibaba.com/?spm=a2700.shop_cp.88.9.4c975e2883Ll39,,,https://online.gefera.ru/info/ICF26/catalog/b7ec6001-01a6-9445-7fad-ff7769cf8a4d/,b7ec6001-01a6-9445-7fad-ff7769cf8a4d,"Компания «Yongkang Shuoguo Metal Products», основанная десять лет назад, в индустрии умных замков является ведущим предприятием, специализирующимся на замках прецизионной гравировки. Завод организации занимает площадь 9 500 квадратных метров, а годовая производственная мощность достигает 1 миллиона единиц продукции при ежегодной выручке свыше 500 миллионов юаней.",detail_parsed,,2026-08-24T05:32:09Z,china-commodity-fair-2026-gefera-public-catalog-signo-v1.0.1,gefera_icf26_public_catalog_count_all_ru,2ded72ef643a46cf70af0d9cf52948968068c334654a49bd7488f601c37e58b5,source/detail_pages/detail_b7ec6001-01a6-9445-7fad-ff7769cf8a4d.html
China Commodity Fair 2026,25–27 августа 2026,"Yongkang Sufeng Industry And Trade Co., Ltd",Yongkang Sufeng Industry And Trade,"бытовая техника и электроника, товары для дома и кухни",Китай,Москва,,1E31,1,Бытовая техника и электроника; Товары для дома и кухни,,,https://sufenggongmao.m.en.alibaba.com/?wx_navbar_transparent=true&wx_screen_direc=portrait&_aplus_page_enable=true&tracelog=sellerapp,,,https://online.gefera.ru/info/ICF26/catalog/47d0212f-94a1-a734-2885-fe6c74a58c4b/,47d0212f-94a1-a734-2885-fe6c74a58c4b,"Компания «Yongkang Sufeng Industry And Trade» — это завод, специализирующийся на производстве и обработке измельчителей, аксессуаров к ним, пищевого оборудования, электронных весов и другой продукции. Предприятие располагает полной и научно обоснованной системой управления качеством. Накопив многолетний отраслевой опыт, организация фокусируется на выпуске малых домашних шредеров, компактных коммерческих мясорезок и бытовых мясорубок. Фирма работает на собственном заводе, применяя модель мелкосерийного высокочастотного производства для стабильных и непрерывных поставок. Продукция экспортируется как на внутренний, так и на зарубежные рынки, при этом компания поддерживает OEM-услуги. Предприятие получило признание отрасли за добросовестность, мощный потенциал и качество продукции.",detail_parsed,,2026-08-24T05:32:09Z,china-commodity-fair-2026-gefera-public-catalog-signo-v1.0.1,gefera_icf26_public_catalog_count_all_ru,6bccd143133208cfbc30bd536b47d9772f58f8164476f68a4a41fb9aa5d53352,source/detail_pages/detail_47d0212f-94a1-a734-2885-fe6c74a58c4b.html
China Commodity Fair 2026,25–27 августа 2026,"Yozzi Co., Ltd",Yozzi,детские товары и игрушки,Китай,Москва,"Китай, 322100, Dongyang City, Jinhua City, Yiwu International Trade City,Zhejiang Province,China FACTORY ADD:#208,Beilu West Street,JiangBei District,Dong Yang",1E50,1,Детские товары и игрушки,,shoff; Teddy,http://www.yozzibabycare.com,sales@yozzibaby.com,+86(152)5790-1001,https://online.gefera.ru/info/ICF26/catalog/354be489-8f46-b5fb-fecf-033845850e5f/,354be489-8f46-b5fb-fecf-033845850e5f,"Компания «YOZZI», основанная в 2000 году и базирующаяся в провинции Чжэцзян, располагает производственной базой площадью 50 000 квадратных метров, 19 линиями, чистым цехом и передовыми водными системами. Ежегодный объем выпуска достигает 50 миллионов единиц продукции для ухода за младенцами, бытовой химии и дезинфицирующих средств, поставляемых в более чем 80 стран по OEM и ODM контрактам, а также под собственными брендами, включая SBOOK и SHOFF. За годы работы организация выросла из регионального производителя в Национальное высокотехнологичное предприятие, получив сертификацию GMPC, ISO, FDA и знак «Чжэцзянское производство», участвуя в разработке отраслевых стандартов, открыв филиал в США и зарегистрировав товарные знаки по всему миру в рамках десятилетнего стратегического плана. Недавняя модернизация стоимостью 30 миллионов юаней добавила 9 000 квадратных метров производственных площадей и 2 800 квадратных метров офисных помещений с обновлением оборудования на 90%, что в совокупности поддерживает устойчивое высококачественное глобальное развитие фирмы.",detail_parsed,,2026-08-24T05:32:09Z,china-commodity-fair-2026-gefera-public-catalog-signo-v1.0.1,gefera_icf26_public_catalog_count_all_ru,c31158f3df3e49f2ac07a42711a4a46741cb0f507e0e1c1b3f7a18ae9b6a9560,source/detail_pages/detail_354be489-8f46-b5fb-fecf-033845850e5f.html
China Commodity Fair 2026,25–27 августа 2026,"ZHEJIANG HOWELL IMPORT & EXPORT CO., LTD",Zhejiang Howell Import & Export,товары для дома и кухни,Китай,Москва,"Китай, 322000, ИВУ, Комната 401, дом № 420, улица Хуншэнь, Иу, провинция Чжэцзян, Китай",1B46,1,Товары для дома и кухни,,,,steven@howelldaily.com,+86(579)8508-4833,https://online.gefera.ru/info/ICF26/catalog/09d9ec80-9558-4ad9-ea86-450d20d5c76d/,09d9ec80-9558-4ad9-ea86-450d20d5c76d,"Компания «ZHEJIANG HOWELL IMPORT & EXPORT» совмещает собственное производство и экспортную специализацию на бытовых товарах. Ведущие позиции в ассортименте занимают микрофибровые салфетки, печатная микрофибра и пляжные полотенца, коврики для ванных из синели, автомобильные моющие принадлежности, пластиковые кухонные и чистящие изделия, санитарно-гигиенические товары и занавески для душа. Почти за десять лет экспортной деятельности фирма закрепилась на рынках Европы, Северной и Южной Америки, заработала солидную репутацию и выстроила прочные долгосрочные связи с производителями, что позволяет гибко реагировать на запросы покупателей. Продукция пользуется спросом у импортеров, оптовиков и розничных сетей в более чем 30 странах. Опираясь на принципы профессиональной честности и создания ценности, предприятие гарантирует стабильное качество, разумные цены, продуманную упаковку и точные сроки поставок, предлагая стильные и высококлассные решения, которые превращают домашние заботы в удовольствие. Компания рассчитывает на дальнейшее укрепление отношений с заказчиками на равноправной и взаимовыгодной основе и всегда открыта для новых запросов.",detail_parsed,,2026-08-24T05:32:09Z,china-commodity-fair-2026-gefera-public-catalog-signo-v1.0.1,gefera_icf26_public_catalog_count_all_ru,3ac8d641b02c7552031fd8f0cf0edcceb2e64c06dcbde16ec2541ebb730f9962,source/detail_pages/detail_09d9ec80-9558-4ad9-ea86-450d20d5c76d.html
China Commodity Fair 2026,25–27 августа 2026,"ZHEJIANG HUACHUN ELECTRIC APPLIANCES CO., LTD",Zhejiang Huachun Electric Appliances,товары для дома и кухни,Китай,Москва,"Китай, YONGKANG, E Zone, 4th Floor, Building 3, Central Warehousing and Logistics Center, No. 888 Jiuzhou West Road, Dongcheng Street, Jinhua City, Zhejiang Province",1E25,1,Товары для дома и кухни,,,http://www.zj-huachun.com,,,https://online.gefera.ru/info/ICF26/catalog/11d4b575-4521-3d42-e776-30f8dd4eb1a4/,11d4b575-4521-3d42-e776-30f8dd4eb1a4,"Компания «Zhejiang Huachun Electric Appliances», основанная в мае 2016 года, специализируется на разработке, дизайне, производстве и продаже экологичного кухонного оборудования для отелей, домашнего использования, дворов и кемпинга на открытом воздухе. Ассортимент организации включает электрические грили, сковороды, горячие плиты, сковороды для пиццы, комбинированные устройства «гриль и хот-пот», угольные грили и уличные печи. Миссия предприятия строится вокруг здоровья, безопасности, заботы об окружающей среде и вкусной еды. ZHEJIANG HUACHUN ELECTRIC APPLIANCES CO., LTD придерживается деловой политики честности, взаимовыгодного сотрудничества и сервиса на первом месте, обеспечивая долгосрочную стабильную кооперацию по всей цепочке поставок, своевременную отгрузку высококачественной продукции и постоянное повышение качества обслуживания для уверенности потребителей. Обладая независимыми правами на импорт и экспорт, компания успешно продает продукцию на рынках Европы, Америки, Австралии, Ближнего Востока, Юго-Восточной Азии и внутри Китая, а собственный завод с более чем десятилетним отраслевым опытом делает организацию надежным стратегическим партнером для многих международных клие",detail_parsed,,2026-08-24T05:32:09Z,china-commodity-fair-2026-gefera-public-catalog-signo-v1.0.1,gefera_icf26_public_catalog_count_all_ru,1b6de8a748ee15f1b4c71297ae84e3184034fc4fdb104f8d5cc9a5948728cd54,source/detail_pages/detail_11d4b575-4521-3d42-e776-30f8dd4eb1a4.html
China Commodity Fair 2026,25–27 августа 2026,"ZHEJIANG JINSAOZI INDUSTRY & TRADE CO., LTD",Zhejiang Jinsaozi Industry & Trade,товары для дома и кухни,Китай,Москва,"Россия, 321300, YONGKANG, NO.10 XITASAN ROAD,CHENGXI AREA",1B20,1,Товары для дома и кухни,,,https://www.ksise.cn/,sales@ksise.cn,+1(375)897-9636,https://online.gefera.ru/info/ICF26/catalog/986574ca-6982-9c6c-5fa4-56a936418f19/,986574ca-6982-9c6c-5fa4-56a936418f19,"Бренд «Jinsaozi» ведет свою историю с 2004 года и представляет собой современное высокотехнологичное предприятие, объединяющее выпуск кухонной посуды и кухонных принадлежностей. Компания сформировала современную структуру управления и конкурентоспособный масштаб производства, а ее база расположена в городе Юнкан, известном как «Столица китайской кухонной утвари». Предприятие оснащено передовым оборудованием и применяет новейшие технологии, доступные на внутреннем и международном рынках.",detail_parsed,,2026-08-24T05:32:09Z,china-commodity-fair-2026-gefera-public-catalog-signo-v1.0.1,gefera_icf26_public_catalog_count_all_ru,8f965deba5dda2c819c0bd40a80d6ed329d24d6d4938ac76fccdd22890b68546,source/detail_pages/detail_986574ca-6982-9c6c-5fa4-56a936418f19.html
China Commodity Fair 2026,25–27 августа 2026,"ZHEJIANG JINZHENG HOME SUPPLIES CO., LTD",Zhejiang Jinzheng Home Supplies,товары для дома и кухни,Китай,Москва,"Китай, HANGZHOU, Room 802, Building 11, Bo Ao Hua Chen Li, Chengxiang Street, Xiaoshan District, Hangzhou City, Zhejiang Province",1C01,1,Товары для дома и кухни,,,,sales@shang-run.com,,https://online.gefera.ru/info/ICF26/catalog/be6ec99c-f7c6-b982-18f4-4fd1ac92b8ed/,be6ec99c-f7c6-b982-18f4-4fd1ac92b8ed,"In order to serve our clients better，we set up a new export company——ZHEJIANG JINZHENG HOME SUPPLIES CO.,LTD. Which is the export trade department of Shangrun handicrafts company. ShangRun Handicraft is the industrial belt of wood products in China. As one of the leading manufacturers of wood products in China, we have 20 years of experience in manufacturing and exporting. 1、Highly Efficient Response We Have Our Own Independent Product Designers Who Can Provide Corresponding Product Drawings According To Customers' Needs In A Short Time; We Have Special Sample Makers Who Can Implement Product Samples Quickly 2、Rich Practical Experience By Now, We Have Our Own Independent Production Plant With Over 20 Years Of Production Experience 3、Perfect Quality Control We Own Professional Quality Management And Process Inspecion Team 4、Professional Team With Over 500 Highly Skilled Employees, Including 30 Professional Technicians And 10 Designers, We Can Provide Finishing Solutions For Painting, Bleaching, Burnishing And Antiquing",detail_parsed,,2026-08-24T05:32:09Z,china-commodity-fair-2026-gefera-public-catalog-signo-v1.0.1,gefera_icf26_public_catalog_count_all_ru,32605a7661336fe33a7b86ec34961841a7f7aa93a2e06c298d0bebd9a62bff54,source/detail_pages/detail_be6ec99c-f7c6-b982-18f4-4fd1ac92b8ed.html
China Commodity Fair 2026,25–27 августа 2026,"ZHEJIANG LANYA TECHNOLOGY CO., LTD",Zhejiang Lanya Technology,товары для дома и кухни,Китай,Москва,"Китай, 321404, город Лишуй провинции Чжэцзян, Числовой 22, улица Шаньянь, промышленный парк Лицзинь, город Хучжэнь, уезд Цзиньюнь, город Лишуй, провинция Чжэцзян",1B17,1,Товары для дома и кухни,,GIYOCA COOK,http://www.lanya58.com,sales8@lanya58.com,+86(152)1472-9868,https://online.gefera.ru/info/ICF26/catalog/db2ceaf7-ef51-380e-6540-83dc8165abdf/,db2ceaf7-ef51-380e-6540-83dc8165abdf,"Компания «Zhejiang Lanya Technology» — современный производитель алюминиевой посуды с антипригарным покрытием, включая сковороды, сотейники, кастрюли для супа и молочные ковши. Предприятие объединяет разработку дизайна, проектирование, выпуск, сбыт и сервис, опираясь на прочную экономическую базу, передовые технологии, надежное качество и научный менеджмент. Завод занимает 25 000 квадратных метров территории при 50 000 квадратных метров цехов, штат насчитывает более 300 сотрудников, а производство оснащено автоматическими линиями по изготовлению алюминиевой посуды, окрасочным комплексом и упаковочным оборудованием. Организация имеет сертификаты ISO9001, LFGB и SGS. Ежедневный объем выпуска достигает 50 000 единиц, годовая мощность — 15 миллионов кастрюль, а новая комбинация физического и покрытийного антипригарного слоя делает посуду устойчивой к механическому воздействию. Продукция поставляется на онлайн-платформы и в офлайн-розницу, экспортируется в Европу, Америку, Юго-Восточную Азию, на Ближний Восток, в Африку и более чем в 100 стран мира. Придерживаясь концепции «качество и сервис на первом месте» и стратегии «креативность, действие, сила влияния», компания предлагает заказчи",detail_parsed,,2026-08-24T05:32:09Z,china-commodity-fair-2026-gefera-public-catalog-signo-v1.0.1,gefera_icf26_public_catalog_count_all_ru,fcd292b016125a208cca8d83df09be472c48b7c9c3ca0af8f585999b9a76ef4a,source/detail_pages/detail_db2ceaf7-ef51-380e-6540-83dc8165abdf.html
China Commodity Fair 2026,25–27 августа 2026,"ZHEJIANG LATIM KITCHENWARE CO., LTD",Zhejiang Latim Kitchenware,товары для дома и кухни,Китай,Москва,"Россия, 321300, YONGKANG, NO.666 WENGBU VILLAGE,JIANGNAN STREET",1D26,1,Товары для дома и кухни,,,https://www.latim.cn/index.html,rick@nanlong.com,+1(865)795-9899,https://online.gefera.ru/info/ICF26/catalog/21c924b9-ae09-c487-0662-7dced9b9f3c0/,21c924b9-ae09-c487-0662-7dced9b9f3c0,"«Latim Letai» — бренд высококлассной литой посуды с цельным антипригарным покрытием. В 2020 году команда, более двадцати лет обслуживавшая ведущие мировые кухонные марки, вывела на рынок самостоятельный отечественный проект — «Letai Latim».",detail_parsed,,2026-08-24T05:32:09Z,china-commodity-fair-2026-gefera-public-catalog-signo-v1.0.1,gefera_icf26_public_catalog_count_all_ru,01c9927ccaae9e1cce7abcef12dc7761ed2961b47dfca8499fbad17abccc63d4,source/detail_pages/detail_21c924b9-ae09-c487-0662-7dced9b9f3c0.html
China Commodity Fair 2026,25–27 августа 2026,"ZHEJIANG MERCI KITCHENWARE CO., LTD",Zhejiang Merci Kitchenware,товары для дома и кухни,Китай,Москва,"Китай, YONGKANG, 14th Floor, Jinyun Building, Headquarters Center, Yongkang City, Zhejiang Province",1C13,1,Товары для дома и кухни,,,http://www.cnmercihome.com,,,https://online.gefera.ru/info/ICF26/catalog/a5819d09-2b35-2c04-b3c9-76bfe761ce04/,a5819d09-2b35-2c04-b3c9-76bfe761ce04,"Компания «Zhejiang Merci Kitchenware» — производитель и экспортер алюминиевой и трехслойной посуды. Завод организации расположен в городе Юнкан, крупнейшей в мире производственной базе алюминиевой кухонной утвари. Цель предприятия — создавать креативные изделия по конкурентным ценам под строгим контролем качества. Фирма позиционирует себя не просто как поставщик, а как надежный партнер, помогающий клиентам расширять рынок. В основе делового подхода лежит принцип «сначала люди, потом бизнес». Компания вкладывает душу в свою работу и верит, что совместный успех неизбежен.",detail_parsed,,2026-08-24T05:32:09Z,china-commodity-fair-2026-gefera-public-catalog-signo-v1.0.1,gefera_icf26_public_catalog_count_all_ru,d3edece669fd925dd46c2959af2af5cb05304fa790a47968789e6ab0f78bebe8,source/detail_pages/detail_a5819d09-2b35-2c04-b3c9-76bfe761ce04.html
China Commodity Fair 2026,25–27 августа 2026,"ZHEJIANG SHENGLU KITCHENWARE CO., LTD",Zhejiang Shenglu Kitchenware,"бытовая техника и электроника, товары для дома и кухни",Китай,Москва,"Китай, LANXI, No. 252, Yanzhou Road, Lanxi Economic Development Zone, Zhejiang Province, China",1A42,1,Бытовая техника и электроника; Товары для дома и кухни,,,,sl3@zjshenglu.com,+86(579)__88131877__-___,https://online.gefera.ru/info/ICF26/catalog/ab824359-9f59-dbb5-f419-aaceb5e9a2cd/,ab824359-9f59-dbb5-f419-aaceb5e9a2cd,"Компания «Zhejiang Shenglu Kitchenware» — профессиональный производитель алюминиевой литой кухонной посуды и кофейных принадлежностей в провинции Чжэцзян. Основу ассортимента организации составляют мока-кофеварки, кофеварки, посуда из сплавов и кухонное оборудование для гостиничного сектора. Предприятие поддерживает OEM и ODM кастомизацию. Обладая богатым экспортным опытом, фирма поставляет высококачественную кухонную утварь клиентам по всему миру и приглашает к сотрудничеству.",detail_parsed,,2026-08-24T05:32:09Z,china-commodity-fair-2026-gefera-public-catalog-signo-v1.0.1,gefera_icf26_public_catalog_count_all_ru,037d4545d3dcb1ba7219c02fdeb421ff94d37d3b1d9f57396a2bdcaebfa86b4b,source/detail_pages/detail_ab824359-9f59-dbb5-f419-aaceb5e9a2cd.html
China Commodity Fair 2026,25–27 августа 2026,"ZHEJIANG ZIRAN HOUSEWARE CO., LTD",Zhejiang Ziran Houseware,товары для дома и кухни,Китай,Москва,"Китай, YIWU, Yidong Industrial Zone, Nian Sanli Subdistrict, Yiwu City, Zhejiang Province, China",1C46,1,Товары для дома и кухни,,,http://zjziran.com,,,https://online.gefera.ru/info/ICF26/catalog/394cb1e8-cf52-3f8b-0d15-23200942c8fe/,394cb1e8-cf52-3f8b-0d15-23200942c8fe,"Компания «ZHEJIANG ZIRAN HOUSEWARES» специализируется на выпуске и продаже плейсматов с 2008 года, а в 2010-м обновила формат и вывела на рынок собственный бренд. Опираясь на принцип «качество, низкая цена, партнерство и обоюдный выигрыш», фирма наладила связи с ведущими поставщиками гостиничного оснащения по всему Китаю. Удобная логистика города Иу позволила организовать мелкооптовые отгрузки с быстрым оформлением заявок, а богатый склад и моментальная доставка помогли закрепиться в отечественном сегменте общепита. В 2018 году предприятие перешло в статус плательщика НДС и начало осваивать зарубежные рынки. Сейчас изделия экспортируются прежде всего в США, Европу, на Ближний Восток, в Юго-Восточную Азию и отдельные страны Африки.",detail_parsed,,2026-08-24T05:32:09Z,china-commodity-fair-2026-gefera-public-catalog-signo-v1.0.1,gefera_icf26_public_catalog_count_all_ru,9aa6a59479d7022e9bda3b3fa833465694cf4bfb944771f211a1420df1be7a7a,source/detail_pages/detail_394cb1e8-cf52-3f8b-0d15-23200942c8fe.html
China Commodity Fair 2026,25–27 августа 2026,"Zhejiang Dynsun Cookware Co., Ltd",Zhejiang Dynsun Cookware,товары для дома и кухни,Китай,Москва,"Китай, 321042, Zhejiang, Building 1, No.689, Fuyang Street, Lingxia Town, Jindong District, Jinhua City, Zhejiang, China",1A12,1,Товары для дома и кухни,,,http://www.dynsuncookware.com,wendy@dynsuncookware.com,+86(159)6891-5478,https://online.gefera.ru/info/ICF26/catalog/4ff5fca1-27bb-e54a-385b-dfd8aad9c607/,4ff5fca1-27bb-e54a-385b-dfd8aad9c607,"Компания «Zhejiang Dynsun Cookware» из Цзиньхуа — это производитель полного цикла с интеллектуальным заводом на 20 000 квадратных метров, штатом более 100 специалистов и годовым объемом выпуска свыше 20 миллионов долларов, предлагающий комплексные решения по индивидуальному изготовлению литой, кованой, прессованной алюминиевой и многослойной композитной посуды под цифровым контролем от плавки сырья до сборки. Предприятие сертифицировано по ISO9001 и BSCI, располагает собственной испытательной лабораторией с полным циклом проверок и сотрудничает с SGS и TÜV Rheinland, а команда разработчиков ежеквартально выпускает новинки и владеет множеством патентов. Придерживаясь зеленого развития и применяя экологичные материалы, фирма выстроила систему комплексных закупок с анализом рынка и дизайн-консультированием для рынков Европы, Америки и Восточной Европы, поддерживая долгосрочное партнерство с известными брендами и приглашая к взаимовыгодному сотрудничеству.",detail_parsed,,2026-08-24T05:32:09Z,china-commodity-fair-2026-gefera-public-catalog-signo-v1.0.1,gefera_icf26_public_catalog_count_all_ru,16174f18f7cd8fce19cbb9d1d169830cbd6cc9b2055822bfc51fa88f9fb08de1,source/detail_pages/detail_4ff5fca1-27bb-e54a-385b-dfd8aad9c607.html
China Commodity Fair 2026,25–27 августа 2026,"Zhejiang JK International Co., Ltd",Zhejiang JK International,"подарки и товары для праздника, товары для дома и кухни",Китай,Москва,"Китай, Dongyang, No. 8 Moon Street, Jiangbei Development Zone",1E15,1,Подарки и товары для праздника; Товары для дома и кухни,,,,,,https://online.gefera.ru/info/ICF26/catalog/6933e70f-aaef-42a9-3e84-40af7fdadd24/,6933e70f-aaef-42a9-3e84-40af7fdadd24,"Компания «Zhejiang JK International» — опытный производитель декоративных тканей, скатертей, диванных подушек и подарочных пакетов с более чем 15-летней историей. Производственная база предприятия занимает территорию 9 212 квадратных метров, стандартизированные цеха раскинулись на 22 000 квадратных метров, а в штате трудятся 180 квалифицированных специалистов. Zhejiang JK International гордится отлаженной системой контроля качества и имеет сертификацию BSCI. Накопленная экспертиза и стремление к совершенству делают ее идеальным партнером для долгосрочного взаимовыгодного сотрудничества.",detail_parsed,,2026-08-24T05:32:09Z,china-commodity-fair-2026-gefera-public-catalog-signo-v1.0.1,gefera_icf26_public_catalog_count_all_ru,c8541b59d4a54995f2c58101e11c1cd31850b1b98434022c5f8bc986278e346e,source/detail_pages/detail_6933e70f-aaef-42a9-3e84-40af7fdadd24.html
China Commodity Fair 2026,25–27 августа 2026,"Zhejiang Xuhui Drinkware Co., LTD",Zhejiang Xuhui Drinkware,"товары для сада и отдыха, товары для дома и кухни",Китай,Москва,"Китай, JINHUA, Room 2016, Building 10, Wanda Plaza, Jindong District, Jinhua City, Zhejiang Province",1A33,1,Товары для сада и отдыха на природе; Товары для дома и кухни,,,,,,https://online.gefera.ru/info/ICF26/catalog/c24864a8-009a-aca8-4d4c-117a3627245c/,c24864a8-009a-aca8-4d4c-117a3627245c,"Завод Zhejiang Xuhui Drinkware Co., LTD расположен в городе Юнкан провинции Чжэцзян, признанной «столице скобяных изделий» Китая, занимает площадь свыше 50 000 квадратных метров, а штат насчитывает более 500 сотрудников. Накопив за 20 с лишним лет богатый опыт в производстве термокружек, бутылок для воды, кофейных чашек, пластиковых и стеклянных стаканов, а также керамических кружек, предприятие вышло на среднесуточную мощность 50 000 единиц и годовой объем свыше 15 миллионов изделий, поставляемых более чем в 100 стран. Компания активно кастомизирует форму, цвет, декор и упаковку при низком минимальном заказе, держит постоянный склад ходовых позиций для быстрых отгрузок и сопровождает клиента на всех этапах сделки, неизменно следуя принципу «качество — жизнь, время — эффективность» и превращая запросы рынка в конкурентоспособный продукт.",detail_parsed,,2026-08-24T05:32:09Z,china-commodity-fair-2026-gefera-public-catalog-signo-v1.0.1,gefera_icf26_public_catalog_count_all_ru,e373346bc0936980b6b99ca1eb8015763cef48d1c89fb9abe5114290ae508d07,source/detail_pages/detail_c24864a8-009a-aca8-4d4c-117a3627245c.html
China Commodity Fair 2026,25–27 августа 2026,"Zhejiang Yijia Outdoor Products Co., Ltd",Zhejiang Yijia Outdoor Products,товары для спорта и фитнеса,Китай,Москва,"Китай, 32400, Quzhou, Room 417, Building 2, No. 30 Zhejiang West Avenue, Quzhou City, Zhejiang Province Legal representative: Chen Jianbing Company Name: Zhejiang Yijia Outdoor Products Co., Ltd",1E09,1,Товары для фитнеса и спорта,,,https://qr.1688.com/s/iZa8XW3N,,,https://online.gefera.ru/info/ICF26/catalog/17f66ef9-e891-0b88-13df-880d9b43fd06/,17f66ef9-e891-0b88-13df-880d9b43fd06,"Компания «Zhejiang Yijia Outdoor Products» основана в 2002 году и специализируется на разработке, изготовлении и сбыте бесшовных изделий из ПВХ с высокочастотной сваркой, а также надувной продукции из ТПУ. Ключевой ассортимент включает самонадувающиеся матрасы, влагозащитные коврики, надувные подушки и сиденья, водонепроницаемые сумки, воздушные клапаны и фурнитуру. Предприятие предлагает OEM-кастомизацию для outdoor-брендов по всему миру. Завод оснащен более чем 40 высокочастотными станками и полным парком швейного оборудования, обеспечивая ежемесячную мощность свыше 300 000 комплектов. Придерживаясь философии «клиент на первом месте» и строгих стандартов контроля, фирма экспортирует высококачественную продукцию в Юго-Восточную Азию, Европу и Америку. Десятилетия профессионального опыта, передовое оборудование, гарантированные сроки отгрузки и выделенная команда послепродажного обслуживания позволяют организации реализовывать комплексные индивидуальные решения для всех своих партнеров.",detail_parsed,,2026-08-24T05:32:09Z,china-commodity-fair-2026-gefera-public-catalog-signo-v1.0.1,gefera_icf26_public_catalog_count_all_ru,1c803ede8576de046325aa76fb9076a28d0b20ecd8a4ef64fc61ff9ef61d72ee,source/detail_pages/detail_17f66ef9-e891-0b88-13df-880d9b43fd06.html
China Commodity Fair 2026,25–27 августа 2026,"Zibo Hoyuen Industrial & Trade Co., Ltd",Zibo Hoyuen Industrial & Trade,товары для дома и кухни,Китай,Москва,"Китай, 255200, ZiBo, NO.259,WESTERN OUTER RING ROAD,BOSHAN DISTRICT, ZIBO,SHANDONG ,CHINA",1E17,1,Товары для дома и кухни,,HD D-ZIGUEE,,ella@hoyuencn.com,+86(151)5335-1551,https://online.gefera.ru/info/ICF26/catalog/3556e1fe-2de2-5cf6-f921-43dce109d1de/,3556e1fe-2de2-5cf6-f921-43dce109d1de,"Zibo Hoyuen Industrial & Trade нацелена на создание высококачественной производственной цепочки боросиликатного стекла. Это предприятие объединяет дизайн, научные исследования, разработку, изготовление и глубокую переработку продукции. Основу ассортимента компании составляют емкости для хранения из высокоборосиликатного стекла, стеклянные кружки и стаканы, контейнеры для пищи, а также прочая кухонная утварь и посуда для напитков. Фирма применяет при выпуске изделий лучшее стекольное сырье и передовые производственные процессы, предлагая клиентам повседневную стеклянную посуду, которая одновременно безопасна и экологична.",detail_parsed,,2026-08-24T05:32:09Z,china-commodity-fair-2026-gefera-public-catalog-signo-v1.0.1,gefera_icf26_public_catalog_count_all_ru,4c59a13e0dc30b06eeaa078c73d10efdc0b113f3adefa8f97426206b44f54675,source/detail_pages/detail_3556e1fe-2de2-5cf6-f921-43dce109d1de.html
China Commodity Fair 2026,25–27 августа 2026,Август Борг ИАЦ,Август Борг ИАЦ,подарки и товары для праздника,Россия,Москва,"Россия, 107497, Москва, Москва, ул. Авиамоторная, 55, корп. 1",1H12,1,,,,http://www.print-poisk.ru,iac@augustborg.ru,+7(495)787-06-77,https://online.gefera.ru/info/ICF26/catalog/cc488d57-2453-0df0-0b38-82b6acb3b499/,cc488d57-2453-0df0-0b38-82b6acb3b499,"Бесплатные справочные издания «Вся полиграфическая Москва + Россия», «Поставщики полиграфических материалов и оборудования», «Современная упаковка и этикетка». Информация о фирмах, работающих на рынке полиграфии, упаковки, этикетки и сувенирной продукции. Справочники выпускаются с 1996-го года. Информация о компаниях размещается бесплатно.",detail_parsed,,2026-08-24T05:32:09Z,china-commodity-fair-2026-gefera-public-catalog-signo-v1.0.1,gefera_icf26_public_catalog_count_all_ru,2c8bead26013add2297f4d3f49affcbf93779a0a754ec2a6d9703f054b8ce1ab,source/detail_pages/detail_cc488d57-2453-0df0-0b38-82b6acb3b499.html
China Commodity Fair 2026,25–27 августа 2026,Дзинь Ма,Дзинь Ма,"детские товары и игрушки, товары для красоты и здоровья, подарки и товары для праздника, товары для сада и отдыха, бытовая техника и электроника",Россия,Москва,"Россия, 107023, Москва, 107140, Г. МОСКВА, ВН.ТЕР.Г.МУНИЦИПАЛЬНЫЙ ОКРУГ КРАСНОСЕЛЬСКИЙ, УЛ КРАСНОПРУДНАЯ, Д. 15, ПОМЕЩ. 3А/2",1H09,1,Детские товары и игрушки; Товары для здоровья и красоты; Подарки и товары для праздника; Товары для сада и отдыха на природе; Бытовая техника и электроника; Товары для дома и кухни,,Дзинь Ма,http://jm5333.ru,ceo@jm5333.ru,+7(901)745-81-87,https://online.gefera.ru/info/ICF26/catalog/72da45c5-ac88-73d8-a9b0-52f65098f4b0/,72da45c5-ac88-73d8-a9b0-52f65098f4b0,"Мы международная торгово-логистическая компания ""Дзинь Ма"" . Компания ""Дзинь Ма"" является международным предприятием, предоставляющим такие услуги, как международные воздушные, морские и железнодорожные перевозки, доставка груза до конечного получателя, закупка товаров на предприятиях Китая . Компания была основана в 2012 году, её деятельность охватывает Китай, Россию, Казахстан, Беларусь. Наши филиалы расположены в городах Гаунчжоу, Иу эти города являются логистическими центрами для обработки грузов в Китае, благодаря своему расположению, компания Дзинь Ма аккумулирует грузы со всех развитых промышленных и производственных центров в Китае - Благодаря модели работы каждого филиала достигается высокая скорость обработки заказов.",detail_parsed,,2026-08-24T05:32:09Z,china-commodity-fair-2026-gefera-public-catalog-signo-v1.0.1,gefera_icf26_public_catalog_count_all_ru,1773db3eed1585e54a571a5fa92264daa707e2187c60348d7e36784c3776a6fc,source/detail_pages/detail_72da45c5-ac88-73d8-a9b0-52f65098f4b0.html
China Commodity Fair 2026,25–27 августа 2026,М3 LOGISTICS,М3 Logistics,"товары для спорта и фитнеса, оптика, одежда и аксессуары, детские товары и игрушки, товары для красоты и здоровья",Россия,Москва,"Россия, 115419, Москва, 2-й Михайловский верхний проезд, д.9",1H08,1,Товары для фитнеса и спорта; Оптика; Одежда и аксессуары; Детские товары и игрушки; Товары для здоровья и красоты; Подарки и товары для праздника; Товары для сада и отдыха на природе; Бытовая техника и электроника; Товары для дома и кухни,,,https://www.m3logistics.ru/,info@m3logistics.ru,+7(495)255-00-33,https://online.gefera.ru/info/ICF26/catalog/4f8ac50b-543a-3206-8fe0-af22b4ddf911/,4f8ac50b-543a-3206-8fe0-af22b4ddf911,"M3 Logistics — ваш надежный партнер по международной логистике и аутсорсингу ВЭД с 1997 года. Мы выстраиваем бесперебойные цепочки поставок для торговых и производственных компаний, беря на себя все риски и рутину.",detail_parsed,,2026-08-24T05:32:09Z,china-commodity-fair-2026-gefera-public-catalog-signo-v1.0.1,gefera_icf26_public_catalog_count_all_ru,b0056f9ec0d6b7ca5cae9615ac1ef626078ed2ca95efbf02b8a8cf4aa19a4ac2,source/detail_pages/detail_4f8ac50b-543a-3206-8fe0-af22b4ddf911.html
China Commodity Fair 2026,25–27 августа 2026,Некарго,Некарго,бытовая техника и электроника,Россия,Москва,"Россия, 153000, Иваново, Багаева, 14, к.1, 223",1C48,1,Бытовая техника и электроника,,НЕКАРГО,https://nekargo.ru/,sales@nekargo.ru,+7(930)357-45-45,https://online.gefera.ru/info/ICF26/catalog/335b26d3-fb91-3ec6-3d28-a38f29fb48ac/,335b26d3-fb91-3ec6-3d28-a38f29fb48ac,"Компания «Некарго» – ваш надежный партнер в таможенном оформлении импортных товаров! Мы специализируемся на комплексном сопровождении компаний, импортирующих товары из Узбекистана и Китая. Наши услуги охватывают все этапы поставки – от поиска надежных поставщиков до доставки груза на ваш склад. Что мы предлагаем: 1. Подбор поставщиков – помогаем найти проверенных производителей. 2. Сертификация и разрешительная документация – оформляем необходимые сертификаты, декларации соответствия и другие разрешительные документы. 3. Оптимизация логистики – подбираем оптимальные маршруты (авто, ж/д, морские перевозки) и контролируем сроки доставки. 4. Таможенное оформление – берем на себя подготовку и подачу документов, расчет пошлин, взаимодействие с таможенными органами. 5. Сопровождение досмотров – присутствуем на таможенном контроле, оперативно решаем возникающие вопросы. С «Некарго» ваш импорт становится прозрачным. Доверьте его профессионалам – и сосредоточьтесь на развитии бизнеса! Некарго - импорт это просто!",detail_parsed,,2026-08-24T05:32:09Z,china-commodity-fair-2026-gefera-public-catalog-signo-v1.0.1,gefera_icf26_public_catalog_count_all_ru,28fdf88393a1155a6e06744a3bab76553c66558a0059df19e1fe5ffba9f53361,source/detail_pages/detail_335b26d3-fb91-3ec6-3d28-a38f29fb48ac.html
China Commodity Fair 2026,25–27 августа 2026,ОТВЕТО,Ответо,"продукты питания, товары для спорта и фитнеса",Россия,,,1H04,1,Продукты питания и сельскохозяйственная продукция; Единый консультационный центр; Товары для фитнеса и спорта,service/unsuitable category terms excluded: Единый консультационный центр,,,,,https://online.gefera.ru/info/ICF26/catalog/cb498ead-36eb-df8a-b077-4fb11d75abdf/,cb498ead-36eb-df8a-b077-4fb11d75abdf,"ИИ-сервис для автоматизации ответов на отзывы, вопросы и сообщения покупателей на Wildberries, Ozon, Авито и Яндекс Маркете. Помогаем селлерам, брендам и производителям сокращать рутину, повышать скорость реакции и улучшать клиентский сервис на маркетплейсах.",detail_fetch_failed,detail_fetch_failed:HTTPError,2026-08-24T05:32:09Z,china-commodity-fair-2026-gefera-public-catalog-signo-v1.0.1,gefera_icf26_public_catalog_count_all_ru,,
China Commodity Fair 2026,25–27 августа 2026,Тигр Экспресс,Тигр Экспресс,товары для спорта и фитнеса,Россия,Москва,"Россия, Москва, Москва, ул. Электродная, дом 2, строение 12-13-14",1H10,1,,,,https://vk.com/tigerbroexpress,fengtorg@yandex.ru; info@tigerbro.ru,+7(913)940-80-88,https://online.gefera.ru/info/ICF26/catalog/36c35cf2-9cc3-fc35-82e1-1af3dd7f7a89/,36c35cf2-9cc3-fc35-82e1-1af3dd7f7a89,"Группа компаний TigerBro Express & ООО “Фэнторг”. ✔️ Более 16 лет на рынке логистических услуг, осуществляем внешнеэкономическую деятельность в сфере импорта и экспорта.",detail_parsed,,2026-08-24T05:32:09Z,china-commodity-fair-2026-gefera-public-catalog-signo-v1.0.1,gefera_icf26_public_catalog_count_all_ru,78f5eeb8000eefb81e12feb3b4fc66280e6b54bfe0ec1cea8c0d72eaeb77b7a5,source/detail_pages/detail_36c35cf2-9cc3-fc35-82e1-1af3dd7f7a89.html
