event_name,event_dates,company_name,company_short_name,products,country,city,address,stand,pavilion,rubrics,product_notes,brands,website,public_email,public_phone,source_url,exhibitor_id,evidence_snippet,parse_status,missing_fields,scraped_at,parser_version,source_sheet,source_detail_sha256,company_inn
CPM – Collection Première Moscow Осень 2026,1–4 сентября 2026,21 DOT 12,21 Dot 12,"одежда, аксессуары",,,,,,"Мода и стиль; женская, мужская и детская одежда; аксессуары; текстиль",,21 DOT 12,,,+7 495 955 91 99,https://md.expodat.com/companies/company/40393-21-dot-12.html,40393,21 DOT 12,parsed_detail,,2026-08-24T05:45:15Z,cpm-moscow-autumn-2026-expodat-signo-v1.0.1,expodat_cpm_2026_autumn_public_catalog,6e3f293d9991a631c3a293c7dadaa94b3047e9d306993a73ce7ef9be42448e82,
CPM – Collection Première Moscow Осень 2026,1–4 сентября 2026,3DS,3DS,одежда,Россия,,,,,"Мода и стиль; женская, мужская и детская одежда; аксессуары; текстиль","Бренд создает одежду как объект взаимодействия с владельцем, в ходе которого изделия приобретают индивидуальные особенности.",3DS,https://3dsbrand.ru/,3dsbrand@mail.ru,+7 495 955 91 99,https://md.expodat.com/companies/company/40387-3ds.html,40387,"3DS | Россия | Бренд создает одежду как объект взаимодействия с владельцем, в ходе которого изделия приобретают индивидуальные особенности. | https://3dsbrand.ru/ | 3dsbrand@mail.ru",parsed_detail,,2026-08-24T05:45:15Z,cpm-moscow-autumn-2026-expodat-signo-v1.0.1,expodat_cpm_2026_autumn_public_catalog,4114f27fce31885f44059796afe3a3c3139734210cafa744c166431ae555de0a,
CPM – Collection Première Moscow Осень 2026,1–4 сентября 2026,3W GREAT,3W Great,"нижнее белье и пляжная одежда, одежда",,,,13C56,,"Мода и стиль; женская, мужская и детская одежда; аксессуары; текстиль","Компания 3W.Great обладает первоклассными производственными мощностями и предлагает широкий ассортимент продукции, включая мужское и женское нижнее белье, термобелье, спортивную одежду (в том числе для йоги, бега и велоспорта), одежду для дома и многое другое.",3W GREAT,,,+7 495 955 91 99,https://md.expodat.com/companies/company/40372-3w-great.html,40372,"3W GREAT | 13C56 | Компания 3W.Great обладает первоклассными производственными мощностями и предлагает широкий ассортимент продукции, включая мужское и женское нижнее белье, термобелье, спортивную одежду (в том числе для йоги, бега и велоспорта), одежду для дома и многое другое.",parsed_detail,,2026-08-24T05:45:15Z,cpm-moscow-autumn-2026-expodat-signo-v1.0.1,expodat_cpm_2026_autumn_public_catalog,1f62110f773bf56c1d8a7b20171c881fc2b367b5332c596fb3e0c42f7762aae5,
CPM – Collection Première Moscow Осень 2026,1–4 сентября 2026,4РМ,4РМ,одежда,Россия,,,14D08,,"Мода и стиль; женская, мужская и детская одежда; аксессуары; текстиль",4PM — бренд женской одежды с собственным производством полного цикла: от разработки лекал до выпуска готовой коллекции,4РМ,https://4-pm.ru/,artkutuzovva@gmail.com,+7(928)458-18-00,https://md.expodat.com/companies/company/40408-4rm.html,40408,4РМ | Россия | 14D08 | 4PM — бренд женской одежды с собственным производством полного цикла: от разработки лекал до выпуска готовой коллекции | https://4-pm.ru/ | artkutuzovva@gmail.com,parsed_detail,,2026-08-24T05:45:15Z,cpm-moscow-autumn-2026-expodat-signo-v1.0.1,expodat_cpm_2026_autumn_public_catalog,42c0e6e0e85a5b5c5d0264368159dd756d3c1e3649d49d35a339e92f67fde053,
CPM – Collection Première Moscow Осень 2026,1–4 сентября 2026,ACCESSORIES-111,Accessories-111,аксессуары,Россия,,,15A59,,"Мода и стиль; женская, мужская и детская одежда; аксессуары; текстиль","Наша компания специализируемся на создании коллекций головных уборов и аксессуаров. Основными поставщиками тканей для наших изделий являются ведущие европейские производители тканей. Коллекции по праву можно считать уникальными, так как все изделия проходят обработку с учетом последних модных тенденций и цветовых приоритетов настоящего сезона. Наша компания специализируемся на создании коллекций головных уборов и аксессуаров. Основными поставщиками тканей для наших изделий являются ведущие европейские производители тканей. Коллекции по праву можно считать уникальными, так как все изделия проходят обработку с учетом последних модных тенденций и цветовых приоритетов настоящего сезона. Продукцию компании: головные уборы, галстуки, бабочки и платки, шарфы, палантины и кашне, можно заказать на выставках, приобрести оптом со склада или через наш сайт.",ACCESSORIES-111,http://www.accessories-111.ru,akceccuar@mail.ru,+7 495 955 91 99,https://md.expodat.com/companies/company/19914-accessories-111.html,19914,"ACCESSORIES-111 | Россия | 15A59 | Наша компания специализируемся на создании коллекций головных уборов и аксессуаров. Основными поставщиками тканей для наших изделий являются ведущие европейские производители тканей. Коллекции по праву можно считать уникальными, так как все изделия проходят обработку с учетом последних модных тенденций и цветовых приоритетов настоящего сезона. Наша компания специализируемся на создании коллекций головных уборов и аксессуаров. Основными поставщиками тканей для наших изделий являются ведущие европейские производители тканей. Коллекции по праву можно считать уникальными, так как все изделия проходят обработку с учетом последних модных тенденций и цветовых приоритетов настоящего сезона. Продукцию компании: головные уборы, галстуки, бабочки и платки, шарфы, палантины и кашне, можно заказать на выставках, приобрести оптом со склада или через наш сайт. | http://www.accessories-111.ru | akceccuar@mail.ru",parsed_detail,,2026-08-24T05:45:15Z,cpm-moscow-autumn-2026-expodat-signo-v1.0.1,expodat_cpm_2026_autumn_public_catalog,e9c4febb8a42db9738dfe33ab4ecdb55673aa04d9ff54fdfb7db7d577686a928,
CPM – Collection Première Moscow Осень 2026,1–4 сентября 2026,ACHOSA,Achosa,одежда,Беларусь,,,15C08,,"Мода и стиль; женская, мужская и детская одежда; аксессуары; текстиль","-Основана в 1997 году Творчество и технология – основа философии нашей компании. Европейский стиль, премиальное качество и безупречный сервис – такие ассоциации вызывает женская одежда «Ачоса» у своих поклонниц. Креативная команда успешно генерирует свежие идеи, что позволяет два раза в год предлагать вниманию покупателей сезонные коллекции «Весна-Лето», «Осень-Зима».",ACHOSA,https://achosa.by/,achosa@inbox.ru,+7 495 955 91 99,https://md.expodat.com/companies/company/20613-achosa.html,20613,"ACHOSA | Беларусь | 15C08 | -Основана в 1997 году Творчество и технология – основа философии нашей компании. Европейский стиль, премиальное качество и безупречный сервис – такие ассоциации вызывает женская одежда «Ачоса» у своих поклонниц. Креативная команда успешно генерирует свежие идеи, что позволяет два раза в год предлагать вниманию покупателей сезонные коллекции «Весна-Лето», «Осень-Зима». | https://achosa.by/ | achosa@inbox.ru",parsed_detail,,2026-08-24T05:45:15Z,cpm-moscow-autumn-2026-expodat-signo-v1.0.1,expodat_cpm_2026_autumn_public_catalog,1ca31cab75b5ebb6f12f0fb8c94d7518c1a6978f9fac762683ce44dfcdf16c4f,
CPM – Collection Première Moscow Осень 2026,1–4 сентября 2026,ACRE,ACRE,"одежда, аксессуары",Турция,,,14B58,,"Мода и стиль; женская, мужская и детская одежда; аксессуары; текстиль",,ACRE,,,+7 495 955 91 99,https://md.expodat.com/companies/company/40831-acre.html,40831,ACRE | Турция | 14B58,parsed_detail,,2026-08-24T05:45:15Z,cpm-moscow-autumn-2026-expodat-signo-v1.0.1,expodat_cpm_2026_autumn_public_catalog,28d66e96372e9516605d83832d79469d77407c1c5483681ddc85d6dbfb2fe125,
CPM – Collection Première Moscow Осень 2026,1–4 сентября 2026,AEOM,AEOM,"одежда, аксессуары",,,,13C39,,"Мода и стиль; женская, мужская и детская одежда; аксессуары; текстиль",,AEOM,,,+7 495 955 91 99,https://md.expodat.com/companies/company/41443-aeom.html,41443,AEOM | 13C39,parsed_detail,,2026-08-24T05:45:15Z,cpm-moscow-autumn-2026-expodat-signo-v1.0.1,expodat_cpm_2026_autumn_public_catalog,b388993780c0c539a0e135867e313d7ae0deb14798ee142b79a3c47b6c280f47,
CPM – Collection Première Moscow Осень 2026,1–4 сентября 2026,AJ81,AJ81,"одежда, аксессуары",Турция,,,14B49,,"Мода и стиль; женская, мужская и детская одежда; аксессуары; текстиль",,AJ81,,,+7 495 955 91 99,https://md.expodat.com/companies/company/36104-aj81.html,36104,AJ81 | Турция | 14B49,parsed_detail,,2026-08-24T05:45:15Z,cpm-moscow-autumn-2026-expodat-signo-v1.0.1,expodat_cpm_2026_autumn_public_catalog,8e2c96ad537d5be1c3b18ee362780adedefe0ad6ae6a0ac7c19ba357b620cdd6,
CPM – Collection Première Moscow Осень 2026,1–4 сентября 2026,AKFA,AKFA,,Россия,,,14F69,,"Мода и стиль; женская, мужская и детская одежда; аксессуары; текстиль","Компания AKFA специализируется на белой доставке одежды, обуви и аксессуаров из Китая, Турции и Европы. Обеспечивает полное сопровождение ВЭД, включая финансирование сделок, выкуп и доставку товара в любой город России. - Организация взаиморасчетов с зарубежным поставщиком; - Маркировка ""Честный Знак"" в момент производства; - Ежедневные отправки сборных и целых авто из Китая; - Полная сертификация коллекций; - Фулфилмент: Поставки товаров напрямую из Китая на ведущие маркетплейсы страны (Ozon, Wildberries, Lamoda). Компания AKFA специализируется на белой доставке одежды, обуви и аксессуаров из Китая, Турции и Европы. Обеспечивает полное сопровождение ВЭД, включая финансирование сделок, выкуп и доставку товара в любой город России. - Организация взаиморасчетов с зарубежным поставщиком; - Маркировка ""Честный Знак"" в момент производства; - Ежедневные отправки сборных и целых авто из Китая; - Полная сертификация коллекций; - Фулфилмент: Поставки товаров напрямую из Китая на ведущие маркетплейсы страны (Ozon, Wildberries, Lamoda). Акфа – Больше, чем логистика.",AKFA,https://akfa.ru,moscow@akfa.ru,8 (800) 200-01-58,https://md.expodat.com/companies/company/29575-akfa.html,29575,"AKFA | Россия | 14F69 | Компания AKFA специализируется на белой доставке одежды, обуви и аксессуаров из Китая, Турции и Европы. Обеспечивает полное сопровождение ВЭД, включая финансирование сделок, выкуп и доставку товара в любой город России. - Организация взаиморасчетов с зарубежным поставщиком; - Маркировка ""Честный Знак"" в момент производства; - Ежедневные отправки сборных и целых авто из Китая; - Полная сертификация коллекций; - Фулфилмент: Поставки товаров напрямую из Китая на ведущие маркетплейсы страны (Ozon, Wildberries, Lamoda). Компания AKFA специализируется на белой доставке одежды, обуви и аксессуаров из Китая, Турции и Европы. Обеспечивает полное сопровождение ВЭД, включая финансирование сделок, выкуп и доставку товара в любой город России. - Организация взаиморасчетов с зарубежным поставщиком; - Маркировка ""Честный Знак"" в момент производства; - Ежедневные отправки сборных и целых авто из Китая; - Полная сертификация коллекций; - Фулфилмент: Поставки товаров напрямую из Китая на ведущие маркетплейсы страны (Ozon, Wildberries, Lamoda). Акфа – Больше, чем логистика. | https://akfa.ru | moscow@akfa.ru",parsed_detail,products,2026-08-24T05:45:15Z,cpm-moscow-autumn-2026-expodat-signo-v1.0.1,expodat_cpm_2026_autumn_public_catalog,ed11bef524afac04cb3b6a9c50fb9439e15ba8191b1c24e40661592ffd45db98,
CPM – Collection Première Moscow Осень 2026,1–4 сентября 2026,ALBERELLO,Alberello,"одежда, аксессуары",Россия,,,15C01,,"Мода и стиль; женская, мужская и детская одежда; аксессуары; текстиль",,ALBERELLO,,,+7 495 955 91 99,https://md.expodat.com/companies/company/32408-alberello.html,32408,ALBERELLO | Россия | 15C01,parsed_detail,,2026-08-24T05:45:15Z,cpm-moscow-autumn-2026-expodat-signo-v1.0.1,expodat_cpm_2026_autumn_public_catalog,76c3fbfe71319133411f246f8f8b04f08bdb660248860b8b7946b35630ea7021,
CPM – Collection Première Moscow Осень 2026,1–4 сентября 2026,ALEXANDER BOGDANOV,Alexander Bogdanov,одежда,Россия,,,14D20,,"Мода и стиль; женская, мужская и детская одежда; аксессуары; текстиль","ALEXANDER BOGDANOV – дизайнерский бренд женской одежды класса middle+ «Романтика – глубже, чем просто стиль. Это про ценности, про чувства, про душу! При создании каждой коллекции главный фокус - на наш уникальный дизайн и качество моделей. Мы создаем не просто одежду, а стремимся дарить эмоции, схожие с посещением картинной галереи». Александр Богданов – дизайнер, основатель бренда ALEXANDER BOGDANOV",ALEXANDER BOGDANOV,https://alexanderbogdanov.com,info@bgd-bogdanov.com,+7 495 955 91 99,https://md.expodat.com/companies/company/18780-alexander-bogdanov.html,18780,"ALEXANDER BOGDANOV | Россия | 14D20 | ALEXANDER BOGDANOV – дизайнерский бренд женской одежды класса middle+ «Романтика – глубже, чем просто стиль. Это про ценности, про чувства, про душу! При создании каждой коллекции главный фокус - на наш уникальный дизайн и качество моделей. Мы создаем не просто одежду, а стремимся дарить эмоции, схожие с посещением картинной галереи». Александр Богданов – дизайнер, основатель бренда ALEXANDER BOGDANOV | https://alexanderbogdanov.com | info@bgd-bogdanov.com",parsed_detail,,2026-08-24T05:45:15Z,cpm-moscow-autumn-2026-expodat-signo-v1.0.1,expodat_cpm_2026_autumn_public_catalog,c07a34b009d289113ec93054339cbdf391d43213d8db2a0fd4adcb7512fbb2ce,
CPM – Collection Première Moscow Осень 2026,1–4 сентября 2026,ALEXANDER-TS,Alexander-Ts,"одежда, аксессуары",Россия,,,15А84,,"Мода и стиль; женская, мужская и детская одежда; аксессуары; текстиль",,ALEXANDER-TS,,,+7 495 955 91 99,https://md.expodat.com/companies/company/36008-alexander-ts.html,36008,ALEXANDER-TS | Россия | 15А84,parsed_detail,,2026-08-24T05:45:15Z,cpm-moscow-autumn-2026-expodat-signo-v1.0.1,expodat_cpm_2026_autumn_public_catalog,2adde7b254c005125d8defb8e5016e31a4b597125bb343833976672cc7b6d7dc,
CPM – Collection Première Moscow Осень 2026,1–4 сентября 2026,ALIVLOOK,Alivlook,одежда,Россия,,,14Е01,,"Мода и стиль; женская, мужская и детская одежда; аксессуары; текстиль","Наша история началась в 2014 году в Санкт Петербурге. Бренд ALIVLOOK с сильной профессиональной этикой возник в уникальном месте, чтобы предложить изысканный, утонченный стиль, роскошную одежду для женщин всех поколений. Утонченная и элегантная женщина - выбор ALIVLOOK. Наша история началась в 2014 году в Санкт Петербурге. Бренд ALIVLOOK с сильной профессиональной этикой возник в уникальном месте, чтобы предложить изысканный, утонченный стиль, роскошную одежду для женщин всех поколений. Утонченная и элегантная женщина - выбор ALIVLOOK. Бренд выбирает элегантность, далекую от единообразия. Эксклюзивный современный стиль, предлагающий как функциональность, так и эстетику. Мастерство является абсолютным достоянием ALIVLOOK. Наше производство отличается балансом качества и стиля продукта. В изделиях ALIVLOOK много ручного труда в гармоничном сочетании с новыми инновационными технологиями производства. Наша любовь к совершенству соответствуют современному дизайну. Внимание к деталям это прежде всего выбор лучшего сырья, а затем обеспечение качества на каждом этапе производства. ALIVLOOK выбирает для своих коллекций только эксклюзивные ткани, от лучших мировых производителей. https://alivlook.com/ https://t.me/Alivlookmanager",ALIVLOOK,https://alivlook.com,info@alivlook.com,+7 921 932-37-02,https://md.expodat.com/companies/company/18759-alivlook.html,18759,"ALIVLOOK | Россия | 14Е01 | Наша история началась в 2014 году в Санкт Петербурге. Бренд ALIVLOOK с сильной профессиональной этикой возник в уникальном месте, чтобы предложить изысканный, утонченный стиль, роскошную одежду для женщин всех поколений. Утонченная и элегантная женщина - выбор ALIVLOOK. Наша история началась в 2014 году в Санкт Петербурге. Бренд ALIVLOOK с сильной профессиональной этикой возник в уникальном месте, чтобы предложить изысканный, утонченный стиль, роскошную одежду для женщин всех поколений. Утонченная и элегантная женщина - выбор ALIVLOOK. Бренд выбирает элегантность, далекую от единообразия. Эксклюзивный современный стиль, предлагающий как функциональность, так и эстетику. Мастерство является абсолютным достоянием ALIVLOOK. Наше производство отличается балансом качества и стиля продукта. В изделиях ALIVLOOK много ручного труда в гармоничном сочетании с новыми инновационными технологиями производства. Наша любовь к совершенству соответствуют современному дизайну. Внимание к деталям это прежде всего выбор лучшего сырья, а затем обеспечение качества на каждом этапе производства. ALIVLOOK выбирает для своих коллекций только эксклюзивные ткани, от лучших мировых",parsed_detail,,2026-08-24T05:45:15Z,cpm-moscow-autumn-2026-expodat-signo-v1.0.1,expodat_cpm_2026_autumn_public_catalog,b2bbba464008c9976204d1c625931ecd13d127ad46498ecad4e6a4073facf491,
CPM – Collection Première Moscow Осень 2026,1–4 сентября 2026,ALİPAŞA KÜRK DERİ TEKS.TURİZM SAN.VE TİC.LTD.ŞTİ.,Ali̇paşa Kürk Deri̇ Teks.Turi̇zm San.Ve Ti̇c.Ltd.Şti̇.,"изделия из кожи и меха, одежда",Испания,,,13E48,,"Мода и стиль; женская, мужская и детская одежда; аксессуары; текстиль","Наша компания специализируется на одежде из кожи, меха и шкур диких животных для мужчин и женщин, предлагая такие изделия, как пальто, куртки, пальто и жилеты.",ALİPAŞA KÜRK DERİ TEKS.TURİZM SAN.VE TİC.LTD.ŞTİ.,http://www.alipasa.com,info@alipasa.com,05327088772,https://md.expodat.com/companies/company/41395-ali-pa-a-k-rk-deri-teks-turi-zm-san-ve-ti-c-ltd-ti.html,41395,"ALİPAŞA KÜRK DERİ TEKS.TURİZM SAN.VE TİC.LTD.ŞTİ. | Испания | 13E48 | Наша компания специализируется на одежде из кожи, меха и шкур диких животных для мужчин и женщин, предлагая такие изделия, как пальто, куртки, пальто и жилеты. | http://www.alipasa.com | info@alipasa.com",parsed_detail,,2026-08-24T05:45:15Z,cpm-moscow-autumn-2026-expodat-signo-v1.0.1,expodat_cpm_2026_autumn_public_catalog,32cf134eaf19d62a1f91d77d578b5aa1c49d449c16062b7c13d5f2ff9f0748ca,
CPM – Collection Première Moscow Осень 2026,1–4 сентября 2026,ALLEGRA B2B AGENCY,Allegra B2B Agency,,Россия,,,13C39,,"Мода и стиль; женская, мужская и детская одежда; аксессуары; текстиль","Мы создавали MERCURY и ЦУМ с 1998 года. Открыли более 60 люксовых бутиков по миру. Продадим ваш бренд в лучшие бутики России и Италии, За плечами Marangoni и МВА. Мы обладаем экспертизой в таких областях как стратегии продаж, маркетинг, организации модных мероприятий и PR. Мы создавали MERCURY и ЦУМ с 1998 года. Открыли более 60 люксовых бутиков по миру. Продадим ваш бренд в лучшие бутики России и Италии, За плечами Marangoni и МВА. Мы обладаем экспертизой в таких областях как стратегии продаж, маркетинг, организации модных мероприятий и PR. Мы помогаем нашим клиентам переосмыслить возможности их бренда, а затем разрабатываем решения, основанные на выбранной стратегии. Наша цель — предоставить пространство, инструменты и профессионалов для достижения ваших конкретных целей. Предоставляя индивидуальные консультации и услуги в области продаж и продвижения, мы создаем необходимую связь с ключевыми международными рынками через нашу сеть и обширный опыт в сфере продаж и PR в моде.",ALLEGRA B2B AGENCY,https://allegrab2b.agency/,info@allegrab2b.agency,+79851405428,https://md.expodat.com/companies/company/31631-allegra-b2b-agency.html,31631,"ALLEGRA B2B AGENCY | Россия | 13C39 | Мы создавали MERCURY и ЦУМ с 1998 года. Открыли более 60 люксовых бутиков по миру. Продадим ваш бренд в лучшие бутики России и Италии, За плечами Marangoni и МВА. Мы обладаем экспертизой в таких областях как стратегии продаж, маркетинг, организации модных мероприятий и PR. Мы создавали MERCURY и ЦУМ с 1998 года. Открыли более 60 люксовых бутиков по миру. Продадим ваш бренд в лучшие бутики России и Италии, За плечами Marangoni и МВА. Мы обладаем экспертизой в таких областях как стратегии продаж, маркетинг, организации модных мероприятий и PR. Мы помогаем нашим клиентам переосмыслить возможности их бренда, а затем разрабатываем решения, основанные на выбранной стратегии. Наша цель — предоставить пространство, инструменты и профессионалов для достижения ваших конкретных целей. Предоставляя индивидуальные консультации и услуги в области продаж и продвижения, мы создаем необходимую связь с ключевыми международными рынками через нашу сеть и обширный опыт в сфере продаж и PR в моде. | https://allegrab2b.agency/ | info@allegrab2b.agency",parsed_detail,products,2026-08-24T05:45:15Z,cpm-moscow-autumn-2026-expodat-signo-v1.0.1,expodat_cpm_2026_autumn_public_catalog,d47ea036db2af840043544e1f1707213356ca5e1ce872192a57627b701a79516,
CPM – Collection Première Moscow Осень 2026,1–4 сентября 2026,Alpecora,Alpecora,одежда,Россия,,,14F20 / 14G21,,"Мода и стиль; женская, мужская и детская одежда; аксессуары; текстиль","Alpecora – российский бренд одежды для осознанных женщин, ценящих тактильность натуральных тканей и продуманный гардероб. Высокое качество посадки, пошива и дизайна – приоритеты Alpecora, которые обеспечивают женщине комфорт, элегантность и возможность оставаться собой.",Alpecora,https://alpecora.ru/,info@alpecora.ru,+7 (499) 649 71 81,https://md.expodat.com/companies/company/18849-kampotex.html,18849,"Alpecora | Россия | 14F20 / 14G21 | Alpecora – российский бренд одежды для осознанных женщин, ценящих тактильность натуральных тканей и продуманный гардероб. Высокое качество посадки, пошива и дизайна – приоритеты Alpecora, которые обеспечивают женщине комфорт, элегантность и возможность оставаться собой. | https://alpecora.ru/ | info@alpecora.ru",parsed_detail,,2026-08-24T05:45:15Z,cpm-moscow-autumn-2026-expodat-signo-v1.0.1,expodat_cpm_2026_autumn_public_catalog,7c4571f9bf9b6ddaed4a14fc5082270838aecc94a6dfeb5932fe9fef9fbca848,
CPM – Collection Première Moscow Осень 2026,1–4 сентября 2026,ALPEX,ALPEX,"текстиль и трикотаж, одежда",Россия,,,15А29,,"Мода и стиль; женская, мужская и детская одежда; аксессуары; текстиль","ALPEX — российский производитель одежды, основанный в 1997 году. Бренд более 30 лет развивает собственное швейное производство в России и стабильно присутствует на рынке как надёжный поставщик качественной одежды в ценовом сегменте средний плюс. ALPEX — российский производитель одежды, основанный в 1997 году. Бренд более 30 лет развивает собственное швейное производство в России и стабильно присутствует на рынке как надёжный поставщик качественной одежды в ценовом сегменте средний плюс. Ассортимент и фокус коллекций Ключевое направление ALPEX — верхняя одежда: демисезонные и зимние куртки, пальто и ветровки. В коллекциях сочетаются практичные силуэты и актуальные детали: продуманные капюшоны, ветрозащитные планки на магнитах, эргономичные карманы, регулируемые элементы. Помимо верхней одежды, бренд выпускает базовые изделия для формирования капсульного гардероба: брюки, шорты, трикотаж (свитшоты, худи, толстовки), утеплённые жилеты, трикотажные костюмы. Коллекции разрабатываются для женщин и мужчин — это позволяет предлагать партнёрам комплексные решения для разных сегментов аудитории. Производство и контроль качества Производство локализовано в России в г. Орел, что даёт полный контроль над всеми этапами: от подбора материалов до финальной упаковки. На каждом этапе действует многоступенчатый контроль: входной контроль тканей и фурнитуры; проверка кроя и совмещения деталей; контроль швов, строчки и обработки краёв; финальная инспекция готовых изделий. Такой подход минимизирует брак и обеспечивает стабильное качество партий, что особенно важно для оптовых партнёров и маркетплейсов. Материалы и технологии ALPEX делает ставку на современные технологичные ткани с функциональными свойствами: водоотталкивающие и ветрозащитные покрытия TEFLON, DWR, DOUBLE WR, OIL SIRA; дышащие курточные ткани с мембранным покрытием, включая хлопкосодержащие ткани для ветровок; утепляющие слои с высокой теплоизоляцией и малым весом; износостойкие полотна, устойчивые к пиллингу и деформации. В коллекциях используются качественные утеплители, надёжная фурнитура (молнии, кнопки, магниты), а также продуманные конструктивные решения: регулировка объёма, вентиляционные клапаны, внутренние и потайные карманы и другие детали, повышающие комфорт в носке. Дизайн и позиционирование Дизайн-подход ALPEX строится на балансе между классическими трендами и долговечностью: модели создаются так, чтобы оставаться актуальными несколько сезонов и легко встраиваться в повседневные образы. Палитра строится вокруг универсальных базовых оттенков (чёрный, серый, бежевый, тёмно-синий и оливковый) с сезонными акцентными цветами — например, фисташковым, табачным, коричневым и бордовым Философия бренда — «Создано для тех, кто ценит качество»: ALPEX ориентирован на покупателей, которым важны не только стиль, но и практичность, комфорт и долгий срок службы вещей.",ALPEX,https://alpex.su/,gane13@yandex.ru; alpex-3@mail.ru,+7 (495) 640-15-68,https://md.expodat.com/companies/company/40381-alpex.html,40381,"ALPEX | Россия | 15А29 | ALPEX — российский производитель одежды, основанный в 1997 году. Бренд более 30 лет развивает собственное швейное производство в России и стабильно присутствует на рынке как надёжный поставщик качественной одежды в ценовом сегменте средний плюс. ALPEX — российский производитель одежды, основанный в 1997 году. Бренд более 30 лет развивает собственное швейное производство в России и стабильно присутствует на рынке как надёжный поставщик качественной одежды в ценовом сегменте средний плюс. Ассортимент и фокус коллекций Ключевое направление ALPEX — верхняя одежда: демисезонные и зимние куртки, пальто и ветровки. В коллекциях сочетаются практичные силуэты и актуальные детали: продуманные капюшоны, ветрозащитные планки на магнитах, эргономичные карманы, регулируемые элементы. Помимо верхней одежды, бренд выпускает базовые изделия для формирования капсульного гардероба: брюки, шорты, трикотаж (свитшоты, худи, толстовки), утеплённые жилеты, трикотажные костюмы. Коллекции разрабатываются для женщин и мужчин — это позволяет предлагать партнёрам комплексные решения для разных сегментов аудитории. Производство и контроль качества Производство локализовано в России в г.",parsed_detail,,2026-08-24T05:45:15Z,cpm-moscow-autumn-2026-expodat-signo-v1.0.1,expodat_cpm_2026_autumn_public_catalog,581760f206ec78fced0d83b9dd20d1bb5b27650e1365a66b3680a995d851cc74,
CPM – Collection Première Moscow Осень 2026,1–4 сентября 2026,AND THE BRAND,And The Brand,"одежда, аксессуары",Россия,,,14B81,,"Мода и стиль; женская, мужская и детская одежда; аксессуары; текстиль",,AND THE BRAND,,,+7 495 955 91 99,https://md.expodat.com/companies/company/41473-and-the-brand.html,41473,AND THE BRAND | Россия | 14B81,parsed_detail,,2026-08-24T05:45:15Z,cpm-moscow-autumn-2026-expodat-signo-v1.0.1,expodat_cpm_2026_autumn_public_catalog,7ae5e69fbf91ddab5d96efe479b28bfa555287a27f4e447de0d0f4a323214b98,
CPM – Collection Première Moscow Осень 2026,1–4 сентября 2026,ANDREW WHITE DESIGN,Andrew White Design,"одежда, аксессуары",Россия,,,15A59,,"Мода и стиль; женская, мужская и детская одежда; аксессуары; текстиль",ANDREW WHITE DESIGN,ANDREW WHITE DESIGN,http://www.accessories-111.ru,akceccuar@mail.ru,+7 495 955 91 99,https://md.expodat.com/companies/company/19920-andrew-white-design.html,19920,ANDREW WHITE DESIGN | Россия | 15A59 | ANDREW WHITE DESIGN | http://www.accessories-111.ru | akceccuar@mail.ru,parsed_detail,,2026-08-24T05:45:15Z,cpm-moscow-autumn-2026-expodat-signo-v1.0.1,expodat_cpm_2026_autumn_public_catalog,63aaf2d932e65d8aa1e728b6159b575eefc7945a13f250fc9c013d50f1817596,
CPM – Collection Première Moscow Осень 2026,1–4 сентября 2026,ANEKKE,Anekke,"одежда, аксессуары",Испания,,,13C35,,"Мода и стиль; женская, мужская и детская одежда; аксессуары; текстиль","Anekke — это флагманский бренд компании Azzar Group, сыгравший ключевую роль в значительном расширении компании за последние годы. Бренд движим сильными женскими ценностями, которые Anekke с гордостью представляет: независимость и смелость, мечтательность, путешествия и саморазвитие, а также радость от общения и обмена впечатлениями. Anekke выпускает две коллекции каждый сезон: одну, вдохновлённую ценностями культовой женщины, и другую, основанную на путешествии и пережитых эмоциях. Адаптируя тему каждой коллекции к различным форматам сумок,",ANEKKE,http://www.anekke.com,sales@azzargroup.com; sales@theshoeroom.biz; contact@theshoeroom.biz,+34 966 299 139,https://md.expodat.com/companies/company/34178-anekke.html,34178,"ANEKKE | Испания | 13C35 | Anekke — это флагманский бренд компании Azzar Group, сыгравший ключевую роль в значительном расширении компании за последние годы. Бренд движим сильными женскими ценностями, которые Anekke с гордостью представляет: независимость и смелость, мечтательность, путешествия и саморазвитие, а также радость от общения и обмена впечатлениями. Anekke выпускает две коллекции каждый сезон: одну, вдохновлённую ценностями культовой женщины, и другую, основанную на путешествии и пережитых эмоциях. Адаптируя тему каждой коллекции к различным форматам сумок, | http://www.anekke.com | sales@azzargroup.com; sales@theshoeroom.biz; contact@theshoeroom.biz",parsed_detail,,2026-08-24T05:45:15Z,cpm-moscow-autumn-2026-expodat-signo-v1.0.1,expodat_cpm_2026_autumn_public_catalog,b5d7a4d64525ecf9ad96b383cd3ea26487c30512b69233a13d3f4ff8126553ea,
CPM – Collection Première Moscow Осень 2026,1–4 сентября 2026,ANGE,ANGE,"одежда, аксессуары",,,,13С14,,"Мода и стиль; женская, мужская и детская одежда; аксессуары; текстиль",,ANGE,,,+7 495 955 91 99,https://md.expodat.com/companies/company/40405-ange.html,40405,ANGE | 13С14,parsed_detail,,2026-08-24T05:45:15Z,cpm-moscow-autumn-2026-expodat-signo-v1.0.1,expodat_cpm_2026_autumn_public_catalog,eb20cbb017a516602d7acd2feb6984b77454fc700c6a16fdafa933c750969475,
CPM – Collection Première Moscow Осень 2026,1–4 сентября 2026,ANGELICA FASHION,Angelica Fashion,одежда,Италия,,,13B38,,"Мода и стиль; женская, мужская и детская одежда; аксессуары; текстиль","Коллекция SS27 строится вокруг более уверенной в себе и сдержанной женственности, выраженной через контролируемую прозрачность тканей, мягкие объемы и изысканные детали. Результатом становится цельный эстетический язык, который создает гармоничный диалог между легкостью и структурой, определяя новую, естественную и непринужденную элегантность.",ANGELICA FASHION,https://meimeij.it/,info@meimeij.it,+39 059 8635328,https://md.expodat.com/companies/company/23588-angelica-fashion.html,23588,"ANGELICA FASHION | Италия | 13B38 | Коллекция SS27 строится вокруг более уверенной в себе и сдержанной женственности, выраженной через контролируемую прозрачность тканей, мягкие объемы и изысканные детали. Результатом становится цельный эстетический язык, который создает гармоничный диалог между легкостью и структурой, определяя новую, естественную и непринужденную элегантность. | https://meimeij.it/ | info@meimeij.it",parsed_detail,,2026-08-24T05:45:15Z,cpm-moscow-autumn-2026-expodat-signo-v1.0.1,expodat_cpm_2026_autumn_public_catalog,5d50e9371e148daf3fc0ee24e22a9812705e7461c855a5bd3ba5173649562faa,
CPM – Collection Première Moscow Осень 2026,1–4 сентября 2026,"ANHUI TIANWEI CASHMERE PRODUCTS CO.,LTD","Anhui Tianwei Cashmere Products Co.,Ltd",текстиль и трикотаж,Китай,,,15F51,,"Мода и стиль; женская, мужская и детская одежда; аксессуары; текстиль","ANHUI TIANWEI CASHMERE PRODUCTS CO.,LTD","ANHUI TIANWEI CASHMERE PRODUCTS CO.,LTD",,,+7 495 955 91 99,https://md.expodat.com/companies/company/41362-anhui-tianwei-cashmere-products-co-ltd.html,41362,"ANHUI TIANWEI CASHMERE PRODUCTS CO.,LTD | Китай | 15F51 | ANHUI TIANWEI CASHMERE PRODUCTS CO.,LTD",parsed_detail,,2026-08-24T05:45:15Z,cpm-moscow-autumn-2026-expodat-signo-v1.0.1,expodat_cpm_2026_autumn_public_catalog,1037e05fb37b9d8128b469476db892d0ebff04792489eb3812eec19c27715b01,
CPM – Collection Première Moscow Осень 2026,1–4 сентября 2026,ANNARITA N,Annarita N,"одежда, аксессуары",Италия,,,13A11,,"Мода и стиль; женская, мужская и детская одежда; аксессуары; текстиль","Annarita N - это бренд, который воплощает Made in Italy. Бренд, который уделяет внимание деталям, изысканный вкус сочетается с высококачественными тканиями и мастерством. Annarita N - женщина, которой все хотели бы быть: утонченная, но в то же время смелая, богатая противоречиями. Annarita N - это вздох облегчения, шепот на ветру, каждая коллекция - это история, которую нужно слушать и переживать.",ANNARITA N,http://www.annaritan.it,p.buglione@hotmail.com,+39 338 9448370,https://md.expodat.com/companies/company/39194-annarita-n.html,39194,"ANNARITA N | Италия | 13A11 | Annarita N - это бренд, который воплощает Made in Italy. Бренд, который уделяет внимание деталям, изысканный вкус сочетается с высококачественными тканиями и мастерством. Annarita N - женщина, которой все хотели бы быть: утонченная, но в то же время смелая, богатая противоречиями. Annarita N - это вздох облегчения, шепот на ветру, каждая коллекция - это история, которую нужно слушать и переживать. | http://www.annaritan.it | p.buglione@hotmail.com",parsed_detail,,2026-08-24T05:45:15Z,cpm-moscow-autumn-2026-expodat-signo-v1.0.1,expodat_cpm_2026_autumn_public_catalog,641efc6ad33c26426fa1d0c0341a83cf83010c491f68fcb2830911d1e2a1b131,
CPM – Collection Première Moscow Осень 2026,1–4 сентября 2026,ANTON HEUNIS,Anton Heunis,"аксессуары, одежда",Россия,,,13C39,,"Мода и стиль; женская, мужская и детская одежда; аксессуары; текстиль","ANTON HEUNIS Fashion jewelry Бижутерия высокого уровня Spain, Madrid",ANTON HEUNIS,,,+7 495 955 91 99,https://md.expodat.com/companies/company/39812-anton-heunis.html,39812,"ANTON HEUNIS | Россия | 13C39 | ANTON HEUNIS Fashion jewelry Бижутерия высокого уровня Spain, Madrid",parsed_detail,,2026-08-24T05:45:15Z,cpm-moscow-autumn-2026-expodat-signo-v1.0.1,expodat_cpm_2026_autumn_public_catalog,26467d4a40557ba8d542d21111968faed8cb6dcd18317cff14602abb1a2ec216,
CPM – Collection Première Moscow Осень 2026,1–4 сентября 2026,ANTONELLA,Antonella,текстиль и трикотаж,Италия,,,13B01,,"Мода и стиль; женская, мужская и детская одежда; аксессуары; текстиль","На протяжении шести десятилетий мы отдаем всю свою душу искусству изготовления итальянских трикотажных изделий. С 1962 года основательница Маria Tesei зажгла пламя, которое продолжает ярко гореть. Руководствуясь ее страстью, мы посвящаем себя созданию роскошных трикотажных изделий, которые воплощают в себе суть элегантности и вневременной красоты.",ANTONELLA,http://www.antonellacouture.com,info@creazioniantonella.com,+39 0721 281209,https://md.expodat.com/companies/company/19449-antonella.html,19449,"ANTONELLA | Италия | 13B01 | На протяжении шести десятилетий мы отдаем всю свою душу искусству изготовления итальянских трикотажных изделий. С 1962 года основательница Маria Tesei зажгла пламя, которое продолжает ярко гореть. Руководствуясь ее страстью, мы посвящаем себя созданию роскошных трикотажных изделий, которые воплощают в себе суть элегантности и вневременной красоты. | http://www.antonellacouture.com | info@creazioniantonella.com",parsed_detail,,2026-08-24T05:45:15Z,cpm-moscow-autumn-2026-expodat-signo-v1.0.1,expodat_cpm_2026_autumn_public_catalog,4fab08f4a6ffa9c2b8b94f8f675cafece6b6f79e64035866a84b890013531f2f,
CPM – Collection Première Moscow Осень 2026,1–4 сентября 2026,ARCTIC SIDON,Arctic Sidon,"одежда, аксессуары",Китай,,,14E86,,"Мода и стиль; женская, мужская и детская одежда; аксессуары; текстиль","SHISHI HNH TRADE CO., LTD.",ARCTIC SIDON,,,+7 495 955 91 99,https://md.expodat.com/companies/company/40864-arctic-sidon.html,40864,"ARCTIC SIDON | Китай | 14E86 | SHISHI HNH TRADE CO., LTD.",parsed_detail,,2026-08-24T05:45:15Z,cpm-moscow-autumn-2026-expodat-signo-v1.0.1,expodat_cpm_2026_autumn_public_catalog,3b364586a028e53f60753ffd273a2ec16157e9c8bf8ce802207a0c24fcd64622,
CPM – Collection Première Moscow Осень 2026,1–4 сентября 2026,ARDA TEX,Arda Tex,одежда,Турция,,,14D11,,"Мода и стиль; женская, мужская и детская одежда; аксессуары; текстиль","ARDA TEX , a must-have fashion brand focusing on plus size clothing for the youth, brought elegance to the world with its large staff in 1982. ARDA TEX is a patented brand and holds a Russian quality certificate. With an accomplished and innovative design team of its own, our company maintains production without sacrificing quality.",ARDA TEX,http://www.arda-tex.com,info@arda-tex.com,+7 495 955 91 99,https://md.expodat.com/companies/company/19227-arda-tex.html,19227,"ARDA TEX | Турция | 14D11 | ARDA TEX , a must-have fashion brand focusing on plus size clothing for the youth, brought elegance to the world with its large staff in 1982. ARDA TEX is a patented brand and holds a Russian quality certificate. With an accomplished and innovative design team of its own, our company maintains production without sacrificing quality. | http://www.arda-tex.com | info@arda-tex.com",parsed_detail,,2026-08-24T05:45:15Z,cpm-moscow-autumn-2026-expodat-signo-v1.0.1,expodat_cpm_2026_autumn_public_catalog,fbbf11dc10c88bcaf8520073247a6c33baf87f0141a9b6e39ce9de312eb02fa9,
CPM – Collection Première Moscow Осень 2026,1–4 сентября 2026,ARKHANGELSK REGION,Arkhangelsk Region,"одежда, аксессуары",Россия,,,15B11,,"Мода и стиль; женская, мужская и детская одежда; аксессуары; текстиль",,ARKHANGELSK REGION,,,+7 495 955 91 99,https://md.expodat.com/companies/company/37238-arkhangelsk-region.html,37238,ARKHANGELSK REGION | Россия | 15B11,parsed_detail,,2026-08-24T05:45:15Z,cpm-moscow-autumn-2026-expodat-signo-v1.0.1,expodat_cpm_2026_autumn_public_catalog,5fcb8566ed2e2983390af2e220bb59913e7b4dbaab8aa27a911d442b2317d707,
CPM – Collection Première Moscow Осень 2026,1–4 сентября 2026,ARMANDO DIAZ,Armando Diaz,"одежда, аксессуары",Турция,,,14A70,,"Мода и стиль; женская, мужская и детская одежда; аксессуары; текстиль",,ARMANDO DIAZ,,,+7 495 955 91 99,https://md.expodat.com/companies/company/40338-armando-diaz.html,40338,ARMANDO DIAZ | Турция | 14A70,parsed_detail,,2026-08-24T05:45:15Z,cpm-moscow-autumn-2026-expodat-signo-v1.0.1,expodat_cpm_2026_autumn_public_catalog,f9b53b1c41220b7cfffb58c2eeb089de15e53e2d707dd104477bfcb356f0ec86,
CPM – Collection Première Moscow Осень 2026,1–4 сентября 2026,ArtFuture Design School,ArtFuture Design School,,Россия,,,15A09,,"Мода и стиль; женская, мужская и детская одежда; аксессуары; текстиль",,ArtFuture Design School,,,+7 495 955 91 99,https://md.expodat.com/companies/company/32432-artfuture-design-school.html,32432,ArtFuture Design School | Россия | 15A09,parsed_detail,products,2026-08-24T05:45:15Z,cpm-moscow-autumn-2026-expodat-signo-v1.0.1,expodat_cpm_2026_autumn_public_catalog,b62dc161f3e9c58931f0f4d9a6a9e6e9e66315f8fe4a64e1812456edd1e56739,
CPM – Collection Première Moscow Осень 2026,1–4 сентября 2026,ARTOGRAPH,Artograph,"одежда, аксессуары",,,,13C39,,"Мода и стиль; женская, мужская и детская одежда; аксессуары; текстиль",,ARTOGRAPH,,,+7 495 955 91 99,https://md.expodat.com/companies/company/41449-artograph.html,41449,ARTOGRAPH | 13C39,parsed_detail,,2026-08-24T05:45:15Z,cpm-moscow-autumn-2026-expodat-signo-v1.0.1,expodat_cpm_2026_autumn_public_catalog,f0267a0cddc2a62b67bc794cc44d9024f9812d4f1789f54e4acef2c16709afe2,
CPM – Collection Première Moscow Осень 2026,1–4 сентября 2026,ASH,ASH,"обувь, сумки, аксессуары, одежда",Италия,,,13A25,,"Мода и стиль; женская, мужская и детская одежда; аксессуары; текстиль","Бренд ASH основан в 2000 году, является детищем французского дизайнера обуви Патрика Итье и итальянского предпринимателя Леонелло Кальвани - двух выдающихся деятелей обувной промышленности. ASH сочетает французский стиль с итальянским дизайном. Бренд ASH основан в 2000 году, является детищем французского дизайнера обуви Патрика Итье и итальянского предпринимателя Леонелло Кальвани - двух выдающихся деятелей обувной промышленности. ASH сочетает французский стиль с итальянским дизайном. Безупречное мастерство и инновационные разработки сделали бренд лидером на рынке. Сегодня ASH включает в себя категории, такие как женскую и мужскую обувь, одежду, сумки и аксессуары. ASH - это обширная сеть из более чем 600 торговых точек и 200 фирменных магазинов.",ASH,,ddarskiy@justcouture.ru,+7 977 5381980,https://md.expodat.com/companies/company/39161-ash.html,39161,"ASH | Италия | 13A25 | Бренд ASH основан в 2000 году, является детищем французского дизайнера обуви Патрика Итье и итальянского предпринимателя Леонелло Кальвани - двух выдающихся деятелей обувной промышленности. ASH сочетает французский стиль с итальянским дизайном. Бренд ASH основан в 2000 году, является детищем французского дизайнера обуви Патрика Итье и итальянского предпринимателя Леонелло Кальвани - двух выдающихся деятелей обувной промышленности. ASH сочетает французский стиль с итальянским дизайном. Безупречное мастерство и инновационные разработки сделали бренд лидером на рынке. Сегодня ASH включает в себя категории, такие как женскую и мужскую обувь, одежду, сумки и аксессуары. ASH - это обширная сеть из более чем 600 торговых точек и 200 фирменных магазинов. | ddarskiy@justcouture.ru",parsed_detail,,2026-08-24T05:45:15Z,cpm-moscow-autumn-2026-expodat-signo-v1.0.1,expodat_cpm_2026_autumn_public_catalog,4db6620ec5586ad4e3962a8f5d9a8accf3faee13b33523b587a8f050f24b3fd1,
CPM – Collection Première Moscow Осень 2026,1–4 сентября 2026,ASH ITALIA,Ash Italia,"обувь, сумки, аксессуары, одежда",Италия,,,13A25,,"Мода и стиль; женская, мужская и детская одежда; аксессуары; текстиль","Бренд ASH основан в 2000 году, является детищем французского дизайнера обуви Патрика Итье и итальянского предпринимателя Леонелло Кальвани - двух выдающихся деятелей обувной промышленности. ASH сочетает французский стиль с итальянским дизайном. Бренд ASH основан в 2000 году, является детищем французского дизайнера обуви Патрика Итье и итальянского предпринимателя Леонелло Кальвани - двух выдающихся деятелей обувной промышленности. ASH сочетает французский стиль с итальянским дизайном. Безупречное мастерство и инновационные разработки сделали бренд лидером на рынке. Сегодня ASH включает в себя категории, такие как женскую и мужскую обувь, одежду, сумки и аксессуары. ASH - это обширная сеть из более чем 600 торговых точек и 200 фирменных магазинов.",ASH ITALIA,http://www.ash.com,ddarskiy@justcouture.ru,+7 977 5381980,https://md.expodat.com/companies/company/39158-ash-italia.html,39158,"ASH ITALIA | Италия | 13A25 | Бренд ASH основан в 2000 году, является детищем французского дизайнера обуви Патрика Итье и итальянского предпринимателя Леонелло Кальвани - двух выдающихся деятелей обувной промышленности. ASH сочетает французский стиль с итальянским дизайном. Бренд ASH основан в 2000 году, является детищем французского дизайнера обуви Патрика Итье и итальянского предпринимателя Леонелло Кальвани - двух выдающихся деятелей обувной промышленности. ASH сочетает французский стиль с итальянским дизайном. Безупречное мастерство и инновационные разработки сделали бренд лидером на рынке. Сегодня ASH включает в себя категории, такие как женскую и мужскую обувь, одежду, сумки и аксессуары. ASH - это обширная сеть из более чем 600 торговых точек и 200 фирменных магазинов. | http://www.ash.com | ddarskiy@justcouture.ru",parsed_detail,,2026-08-24T05:45:15Z,cpm-moscow-autumn-2026-expodat-signo-v1.0.1,expodat_cpm_2026_autumn_public_catalog,097ef587d108e454bf193055fd47cdd1f4771e6f316cbc66a82249c0ffde5306,
CPM – Collection Première Moscow Осень 2026,1–4 сентября 2026,AVANTA,Avanta,"детская одежда, нижнее белье и пляжная одежда, аксессуары, изделия из кожи и меха, одежда",Россия,,,14Е40,,"Мода и стиль; женская, мужская и детская одежда; аксессуары; текстиль","Компания ООО «Левел-Про» — российский производитель головных уборов, аксессуаров, пляжной и домашней одежды высокого качества с уникальным дизайном. Компании «Левел-Про» принадлежат бренды: Avanta, LevelPro и LevelPro.kids. Их история началась в 1983 году с малого семейного бизнеса по пошиву головных уборов из меха домашних кроликов. Компания ООО «Левел-Про» — российский производитель головных уборов, аксессуаров, пляжной и домашней одежды высокого качества с уникальным дизайном. Компании «Левел-Про» принадлежат бренды: Avanta, LevelPro и LevelPro.kids. Их история началась в 1983 году с малого семейного бизнеса по пошиву головных уборов из меха домашних кроликов. Семейные традиции передавались из поколения в поколение и постепенно воплотились в успешный бизнес с высокими производственными мощностями. Со временем, в коллекциях появлялись новые модели головных уборов, которые отличались от масс-маркета индивидуальностью, высоким качеством, натуральными и экоматериалами. При изготовлении некоторых изделий до сих пор используется полностью ручной труд. Уникальность и качественное исполнение привлекли многочисленных клиентов, которые по достоинству оценили преимущества компании. Компания расширяла свои горизонты и стала постоянным участником международных выставок, получила многочисленные награды и отмечена знаком качества. Сегодня бренд LevelPro знают не только в России, но и за рубежом. Наши головные уборы с удовольствием носят более 3 000 000 женщин, в их числе звезды шоу бизнеса и популярные инфлюенсеры. Основа философии бренда — уникальный дизайн, высокое качество и комфорт. Каждая модель разрабатывается нашими дизайнерами с учетом последних трендовых тенденций, не теряя при этом уникальности. На этапе производства все изделия проходят тщательную экспертизу, а после тестируются на предмет удобства и качества. Нам очень важно, чтобы головные уборы LevelPro не только украшали гардероб, но и стали самыми любимыми у нашего покупателя, благодаря комфорту и высокому качеству. Компания ООО «Левел-Про» не только отличный производитель, но и надежный партнер. Мы успешно сотрудничаем с оптовыми клиентами, расширяя свое присутствие на рынке. Мы заботимся о своих партнерах, поэтому предлагаем выгодные условия с гибкой системой скидок и уникальными предложениями. Мы гарантируем высокое качество своей продукции и своевременное выполнение всех обязательств. С LevelPro комфортно, выгодно и надежно!",AVANTA,http://www.levelpro68.ru,office@levelpro68.ru,+7 953 724 17 22,https://md.expodat.com/companies/company/18765-avanta.html,18765,"AVANTA | Россия | 14Е40 | Компания ООО «Левел-Про» — российский производитель головных уборов, аксессуаров, пляжной и домашней одежды высокого качества с уникальным дизайном. Компании «Левел-Про» принадлежат бренды: Avanta, LevelPro и LevelPro.kids. Их история началась в 1983 году с малого семейного бизнеса по пошиву головных уборов из меха домашних кроликов. Компания ООО «Левел-Про» — российский производитель головных уборов, аксессуаров, пляжной и домашней одежды высокого качества с уникальным дизайном. Компании «Левел-Про» принадлежат бренды: Avanta, LevelPro и LevelPro.kids. Их история началась в 1983 году с малого семейного бизнеса по пошиву головных уборов из меха домашних кроликов. Семейные традиции передавались из поколения в поколение и постепенно воплотились в успешный бизнес с высокими производственными мощностями. Со временем, в коллекциях появлялись новые модели головных уборов, которые отличались от масс-маркета индивидуальностью, высоким качеством, натуральными и экоматериалами. При изготовлении некоторых изделий до сих пор используется полностью ручной труд. Уникальность и качественное исполнение привлекли многочисленных клиентов, которые по достоинству оценили преи",parsed_detail,,2026-08-24T05:45:15Z,cpm-moscow-autumn-2026-expodat-signo-v1.0.1,expodat_cpm_2026_autumn_public_catalog,3d2c822ec7462d9ceb63256464532c23a5895468f0e478e4e2e58c01b1b532ab,
CPM – Collection Première Moscow Осень 2026,1–4 сентября 2026,AZBUKA MODA,Azbuka Moda,одежда,Россия,,,15A30,,"Мода и стиль; женская, мужская и детская одежда; аксессуары; текстиль","Азбукамода – мужская и женская одежда от производителя, широкий выбор стилистических решений, доступные цены. Мы являемся эксклюзивным дистрибьютором и правообладателями ТМ торговых марок FINE JOYCE, PRIMM. Возможность подсортировки и наличие свободного склада в Москве. Профессиональная поддержка и логистический сервис.",AZBUKA MODA,https://www.azbukamoda.ru/,info@azbukamoda.ru,+7 495 955 91 99,https://md.expodat.com/companies/company/18771-azbuka-moda.html,18771,"AZBUKA MODA | Россия | 15A30 | Азбукамода – мужская и женская одежда от производителя, широкий выбор стилистических решений, доступные цены. Мы являемся эксклюзивным дистрибьютором и правообладателями ТМ торговых марок FINE JOYCE, PRIMM. Возможность подсортировки и наличие свободного склада в Москве. Профессиональная поддержка и логистический сервис. | https://www.azbukamoda.ru/ | info@azbukamoda.ru",parsed_detail,,2026-08-24T05:45:15Z,cpm-moscow-autumn-2026-expodat-signo-v1.0.1,expodat_cpm_2026_autumn_public_catalog,76cc14fb31ed8189281ba23602c905819e3aa75f2948406c94ffacb142da1f73,
CPM – Collection Première Moscow Осень 2026,1–4 сентября 2026,AРOMA XXI,Aрoma Xxi,"одежда, аксессуары",Россия,,,14F59,,"Мода и стиль; женская, мужская и детская одежда; аксессуары; текстиль","АРОМА XXI от ScentAir создает уникальную арома-композицию и закрепляет ее за вашим брендом. Правильный аромат на 100% отражает ДНК бренда, привлекает внимание потенциальных клиентов, повышает продажи и лояльность к бренду. Все ароматы АРОМА XXI гармоничны, спокойны и достаточно сильны, чтобы очаровывать посетителей на подсознательном уровне, не утомляя или раздражая, а давая возможность наслаждаться изысканным интерьерным запахом, который выделит вас на фоне конкурентов.",AРOMA XXI,https://aromaxxi.ru/,s.bulat@aromaxxi.ru,+74994607030,https://md.expodat.com/companies/company/39704-aroma-xxi.html,39704,"AРOMA XXI | Россия | 14F59 | АРОМА XXI от ScentAir создает уникальную арома-композицию и закрепляет ее за вашим брендом. Правильный аромат на 100% отражает ДНК бренда, привлекает внимание потенциальных клиентов, повышает продажи и лояльность к бренду. Все ароматы АРОМА XXI гармоничны, спокойны и достаточно сильны, чтобы очаровывать посетителей на подсознательном уровне, не утомляя или раздражая, а давая возможность наслаждаться изысканным интерьерным запахом, который выделит вас на фоне конкурентов. | https://aromaxxi.ru/ | s.bulat@aromaxxi.ru",parsed_detail,,2026-08-24T05:45:15Z,cpm-moscow-autumn-2026-expodat-signo-v1.0.1,expodat_cpm_2026_autumn_public_catalog,0d6a3ffaf0977244bc791b7810fae11fc4a26b0928bc5f48a63d8efc29ec8177,
CPM – Collection Première Moscow Осень 2026,1–4 сентября 2026,B&B,B&B,"одежда, аксессуары",Италия,,,13С25,,"Мода и стиль; женская, мужская и детская одежда; аксессуары; текстиль",,B&B,,,+7 495 955 91 99,https://md.expodat.com/companies/company/38678-b-b.html,38678,B&B | Италия | 13С25,parsed_detail,,2026-08-24T05:45:15Z,cpm-moscow-autumn-2026-expodat-signo-v1.0.1,expodat_cpm_2026_autumn_public_catalog,e307b642d3a5b43d46541418eec6117404e5da56226a4c729a6df925fb57a04a,
CPM – Collection Première Moscow Осень 2026,1–4 сентября 2026,BAHENG,Baheng,"одежда, аксессуары",Китай,,,15C40,,"Мода и стиль; женская, мужская и детская одежда; аксессуары; текстиль",BAHENG,BAHENG,,,+7 495 955 91 99,https://md.expodat.com/companies/company/41023-baheng.html,41023,BAHENG | Китай | 15C40 | BAHENG,parsed_detail,,2026-08-24T05:45:15Z,cpm-moscow-autumn-2026-expodat-signo-v1.0.1,expodat_cpm_2026_autumn_public_catalog,3d7228ab0dbb164f5ff8a10567b11246e4df625864b775a661db3345f2ea3074,
CPM – Collection Première Moscow Осень 2026,1–4 сентября 2026,"BAIJIAHANG CLOTHING CO.,LTD.","Baijiahang Clothing Co.,Ltd.","одежда, аксессуары",Китай,,,15F20,,"Мода и стиль; женская, мужская и детская одежда; аксессуары; текстиль","BAIJIAHANG CLOTHING CO.,LTD.","BAIJIAHANG CLOTHING CO.,LTD.",,277177472@qq.com,+86-13433800882,https://md.expodat.com/companies/company/41278-baijiahang-clothing-co-ltd.html,41278,"BAIJIAHANG CLOTHING CO.,LTD. | Китай | 15F20 | BAIJIAHANG CLOTHING CO.,LTD. | 277177472@qq.com",parsed_detail,,2026-08-24T05:45:15Z,cpm-moscow-autumn-2026-expodat-signo-v1.0.1,expodat_cpm_2026_autumn_public_catalog,a4263b2a759692064aa5558ae7e2d7241fb25a6df8c03646293e8efc6dfd1562,
CPM – Collection Première Moscow Осень 2026,1–4 сентября 2026,BAIYTBUY,Baiytbuy,"текстиль и трикотаж, одежда",Китай,,,14D58,,"Мода и стиль; женская, мужская и детская одежда; аксессуары; текстиль","Established in 2017, Beijing Dajiulong International Trading Co., Ltd. designs and produces women’s & men’s outerwear, mainly exported to Eastern Europe, Central Asia and beyond, favored by global consumers. Brand Positioning Fashion & Minimalism — Ideal for the general public Fashion & Light Luxury — Perfect for niche groups pursuing high quality Product Features High-end fabrics, superior quality, exquisite tailoring, great value for money. Product Philosophy Bring fashionable warmth to every consumer.",BAIYTBUY,,baiytbuy@sohu.com,13521888188,https://md.expodat.com/companies/company/34938-baytbuy.html,34938,"BAIYTBUY | Китай | 14D58 | Established in 2017, Beijing Dajiulong International Trading Co., Ltd. designs and produces women’s & men’s outerwear, mainly exported to Eastern Europe, Central Asia and beyond, favored by global consumers. Brand Positioning Fashion & Minimalism — Ideal for the general public Fashion & Light Luxury — Perfect for niche groups pursuing high quality Product Features High-end fabrics, superior quality, exquisite tailoring, great value for money. Product Philosophy Bring fashionable warmth to every consumer. | baiytbuy@sohu.com",parsed_detail,,2026-08-24T05:45:15Z,cpm-moscow-autumn-2026-expodat-signo-v1.0.1,expodat_cpm_2026_autumn_public_catalog,36d416227d6c38172f51eeaccae3dd1fce75c0afc8e1b66ffa01dd12ff9781f6,
CPM – Collection Première Moscow Осень 2026,1–4 сентября 2026,BALIZZA,Balizza,"текстиль и трикотаж, одежда",Китай,,,15D16,,"Мода и стиль; женская, мужская и детская одежда; аксессуары; текстиль","Brand Positioning Fashion & Minimalism — Ideal for the general public Fashion & Light Luxury — Perfect for niche groups pursuing high quality Product Features High-end fabrics, superior quality, exquisite tailoring, great value for money. Product Philosophy Bring fashionable warmth to every consumer.",BALIZZA,,544701933@qq.com,=8613071111378,https://md.expodat.com/companies/company/39587-baliz.html,39587,"BALIZZA | Китай | 15D16 | Brand Positioning Fashion & Minimalism — Ideal for the general public Fashion & Light Luxury — Perfect for niche groups pursuing high quality Product Features High-end fabrics, superior quality, exquisite tailoring, great value for money. Product Philosophy Bring fashionable warmth to every consumer. | 544701933@qq.com",parsed_detail,,2026-08-24T05:45:15Z,cpm-moscow-autumn-2026-expodat-signo-v1.0.1,expodat_cpm_2026_autumn_public_catalog,6c51203fc59dd5c092937f384b4edd7d0cdccb68fbe0154f4c67b5a3151b9116,
CPM – Collection Première Moscow Осень 2026,1–4 сентября 2026,BALUNOVA,Balunova,одежда,Беларусь,,,14Е11,,"Мода и стиль; женская, мужская и детская одежда; аксессуары; текстиль","BALUNOVA Fashion Design Studio – бренд дизайнерской женской одежды премиум-класса с 20-летней историей, создающий образы для ярких, статусных, харизматичных и интеллектуальных женщин. В основе стиля – баланс нежности и строгих линий, который размывает границы между повседневностью, деловым дресс-кодом и вечерними выходами. BALUNOVA Fashion Design Studio – бренд дизайнерской женской одежды премиум-класса с 20-летней историей, создающий образы для ярких, статусных, харизматичных и интеллектуальных женщин. В основе стиля – баланс нежности и строгих линий, который размывает границы между повседневностью, деловым дресс-кодом и вечерними выходами. Ежегодно команда BALUNOVA создаёт три коллекции – Весна-Лето, Осень-Зима и праздничная (Party), каждая из которых насчитывает до 150 моделей в размерном ряду 40–52. Одежда создаётся из премиальных сертифицированных тканей от проверенных европейских производителей. Собственная дизайн-студия, конструкторское бюро и производство в Бресте обеспечивают полный контроль качества на всех этапах – от идеи до последнего стежка. BALUNOVA – это искусство быть собой, а философия бренда остаётся неизменной: безупречное качество, комфорт и стиль вне времени.",BALUNOVA,https://balunova.ru/,studio@balunova.ru,+7 (793) 109-90-10,https://md.expodat.com/companies/company/34199-balunova.html,34199,"BALUNOVA | Беларусь | 14Е11 | BALUNOVA Fashion Design Studio – бренд дизайнерской женской одежды премиум-класса с 20-летней историей, создающий образы для ярких, статусных, харизматичных и интеллектуальных женщин. В основе стиля – баланс нежности и строгих линий, который размывает границы между повседневностью, деловым дресс-кодом и вечерними выходами. BALUNOVA Fashion Design Studio – бренд дизайнерской женской одежды премиум-класса с 20-летней историей, создающий образы для ярких, статусных, харизматичных и интеллектуальных женщин. В основе стиля – баланс нежности и строгих линий, который размывает границы между повседневностью, деловым дресс-кодом и вечерними выходами. Ежегодно команда BALUNOVA создаёт три коллекции – Весна-Лето, Осень-Зима и праздничная (Party), каждая из которых насчитывает до 150 моделей в размерном ряду 40–52. Одежда создаётся из премиальных сертифицированных тканей от проверенных европейских производителей. Собственная дизайн-студия, конструкторское бюро и производство в Бресте обеспечивают полный контроль качества на всех этапах – от идеи до последнего стежка. BALUNOVA – это искусство быть собой, а философия бренда остаётся неизменной: безупречное качество,",parsed_detail,,2026-08-24T05:45:15Z,cpm-moscow-autumn-2026-expodat-signo-v1.0.1,expodat_cpm_2026_autumn_public_catalog,ae25665742c4d2d76eefb88af1880495e62d9b6da866d19eb47a5cdf14c75f30,
CPM – Collection Première Moscow Осень 2026,1–4 сентября 2026,"BAOXINIAO HOLDING CO., LTD","Baoxiniao Holding Co., Ltd",одежда,Китай,,,15D33,,"Мода и стиль; женская, мужская и детская одежда; аксессуары; текстиль","BAOXINIAO Holding Co., LTD. was founded in 1996 as a leading joint-stock enterprise specializing in clothing and investment sectors. Having been publicly listed on the Shenzhen Stock Exchange in 2007, our company boasts a network of over 1600 integrated online and offline sales outlets. With production bases in Wenzhou, Shanghai, and Hefei, we achieve an annual retail revenue exceeding 5 billion yuan, securing a position among the top 100 enterprises in China's garment industry.","BAOXINIAO HOLDING CO., LTD",http://www.baoxiniao.co,lianght@baoxiniao.com,86-13671113517,https://md.expodat.com/companies/company/41083-baoxiniao-holding-co-ltd.html,41083,"BAOXINIAO HOLDING CO., LTD | Китай | 15D33 | BAOXINIAO Holding Co., LTD. was founded in 1996 as a leading joint-stock enterprise specializing in clothing and investment sectors. Having been publicly listed on the Shenzhen Stock Exchange in 2007, our company boasts a network of over 1600 integrated online and offline sales outlets. With production bases in Wenzhou, Shanghai, and Hefei, we achieve an annual retail revenue exceeding 5 billion yuan, securing a position among the top 100 enterprises in China's garment industry. | http://www.baoxiniao.co | lianght@baoxiniao.com",parsed_detail,,2026-08-24T05:45:15Z,cpm-moscow-autumn-2026-expodat-signo-v1.0.1,expodat_cpm_2026_autumn_public_catalog,654e7fe864d6bee27b6540628d554a38a77e8baefdd3d3d7cbfc8bb9da0cac0b,
CPM – Collection Première Moscow Осень 2026,1–4 сентября 2026,BARBARA GERATTI,Barbara Geratti,"изделия из кожи и меха, текстиль и трикотаж, одежда",Беларусь,,,15B19,,"Мода и стиль; женская, мужская и детская одежда; аксессуары; текстиль","Barbara Geratti — это новый амбициозный проект нашей компании, сочетание итальянского дизайна и белорусского качества в женской одежде.Одежда Barbara Geratti была задумана и разработана итальянским дизайнером . Одежда из вязаного трикотажа Barbara Geratti предназначена для женщин, внимательных к тенденциям, диктуемым модой, однако в состоянии применить и адаптировать их на себя, никогда не забывая о своей природной женственности. Barbara Geratti — это новый амбициозный проект нашей компании, сочетание итальянского дизайна и белорусского качества в женской одежде.Одежда Barbara Geratti была задумана и разработана итальянским дизайнером . Одежда из вязаного трикотажа Barbara Geratti предназначена для женщин, внимательных к тенденциям, диктуемым модой, однако в состоянии применить и адаптировать их на себя, никогда не забывая о своей природной женственности. Использование качественной итальянской пряжи натуральных составов, в сочетании с определенными процессами, такими как применение кружева, страз или ткани или использование меха в отделке, всегда отличает трикотажную одежду Barbara Geratti, а сочетание натуральных цветов делает изделия вне времени.",BARBARA GERATTI,https://elma.by/barbara-geratti-collect,info@barbarageratti.ru,+375297273435,https://md.expodat.com/companies/company/20886-barbara-geratti.html,20886,"BARBARA GERATTI | Беларусь | 15B19 | Barbara Geratti — это новый амбициозный проект нашей компании, сочетание итальянского дизайна и белорусского качества в женской одежде.Одежда Barbara Geratti была задумана и разработана итальянским дизайнером . Одежда из вязаного трикотажа Barbara Geratti предназначена для женщин, внимательных к тенденциям, диктуемым модой, однако в состоянии применить и адаптировать их на себя, никогда не забывая о своей природной женственности. Barbara Geratti — это новый амбициозный проект нашей компании, сочетание итальянского дизайна и белорусского качества в женской одежде.Одежда Barbara Geratti была задумана и разработана итальянским дизайнером . Одежда из вязаного трикотажа Barbara Geratti предназначена для женщин, внимательных к тенденциям, диктуемым модой, однако в состоянии применить и адаптировать их на себя, никогда не забывая о своей природной женственности. Использование качественной итальянской пряжи натуральных составов, в сочетании с определенными процессами, такими как применение кружева, страз или ткани или использование меха в отделке, всегда отличает трикотажную одежду Barbara Geratti, а сочетание натуральных цветов делает изделия вне време",parsed_detail,,2026-08-24T05:45:15Z,cpm-moscow-autumn-2026-expodat-signo-v1.0.1,expodat_cpm_2026_autumn_public_catalog,fbafd545233afa8434b2359baad35632b62b939a76377e638892f86f46b52611,
CPM – Collection Première Moscow Осень 2026,1–4 сентября 2026,Bass Cargo,Bass Cargo,"текстиль и трикотаж, одежда",Турция,,,14F63,,"Мода и стиль; женская, мужская и детская одежда; аксессуары; текстиль","BASS CARGO — логистическая компания, специализирующаяся на доставке коммерческих грузов из Турции, с особым фокусом на текстиль и товары лёгкой промышленности. Мы работаем с фабриками, брендами, оптовыми компаниями и байерами, которым важны стабильность поставок, понятные условия и контроль на каждом этапе перевозки. BASS CARGO — логистическая компания, специализирующаяся на доставке коммерческих грузов из Турции, с особым фокусом на текстиль и товары лёгкой промышленности. Мы работаем с фабриками, брендами, оптовыми компаниями и байерами, которым важны стабильность поставок, понятные условия и контроль на каждом этапе перевозки. BASS CARGO сопровождает груз от момента готовности на складе поставщика до передачи получателю. Мы не обещаем «самое дешёвое» или «чудо-сроки» — наша задача в другом: сделать доставку предсказуемой, спокойной и управляемой для бизнеса. Наша экспертиза: доставка текстиля, одежды и сопутствующих товаров автомобильные, авиа- и контейнерные перевозки коммерческие B2B-грузы работа с регулярными и плановыми поставками Мы понимаем специфику текстильных грузов: объёмы, сезонность, требования к упаковке и срокам. Поэтому предлагаем логистические решения, которые вписываются в реальную экономику бизнеса, а не создают дополнительные риски. BASS CARGO — это логистика, в которой есть порядок, ответственность и понятная коммуникация. Мы выстраиваем долгосрочную работу с клиентами, для которых доставка — не разовая операция, а часть устойчивой бизнес-модели. ? https://bass-cargo.com/",Bass Cargo,https://bass-cargo.com/,info@bass-cargo.com,+90 533 400 60 63,https://md.expodat.com/companies/company/39530-bass-cargo.html,39530,"Bass Cargo | Турция | 14F63 | BASS CARGO — логистическая компания, специализирующаяся на доставке коммерческих грузов из Турции, с особым фокусом на текстиль и товары лёгкой промышленности. Мы работаем с фабриками, брендами, оптовыми компаниями и байерами, которым важны стабильность поставок, понятные условия и контроль на каждом этапе перевозки. BASS CARGO — логистическая компания, специализирующаяся на доставке коммерческих грузов из Турции, с особым фокусом на текстиль и товары лёгкой промышленности. Мы работаем с фабриками, брендами, оптовыми компаниями и байерами, которым важны стабильность поставок, понятные условия и контроль на каждом этапе перевозки. BASS CARGO сопровождает груз от момента готовности на складе поставщика до передачи получателю. Мы не обещаем «самое дешёвое» или «чудо-сроки» — наша задача в другом: сделать доставку предсказуемой, спокойной и управляемой для бизнеса. Наша экспертиза: доставка текстиля, одежды и сопутствующих товаров автомобильные, авиа- и контейнерные перевозки коммерческие B2B-грузы работа с регулярными и плановыми поставками Мы понимаем специфику текстильных грузов: объёмы, сезонность, требования к упаковке и срокам. Поэтому предлагаем лог",parsed_detail,,2026-08-24T05:45:15Z,cpm-moscow-autumn-2026-expodat-signo-v1.0.1,expodat_cpm_2026_autumn_public_catalog,bc42be3f87fb043ba08c69fa08f571044b49e439aaa06e32c300f6306ef51c93,
CPM – Collection Première Moscow Осень 2026,1–4 сентября 2026,BATTLE BORN,Battle Born,"одежда, аксессуары",,,,14D29,,"Мода и стиль; женская, мужская и детская одежда; аксессуары; текстиль",,BATTLE BORN,,,+7 495 955 91 99,https://md.expodat.com/companies/company/39442-battle-born.html,39442,BATTLE BORN | 14D29,parsed_detail,,2026-08-24T05:45:15Z,cpm-moscow-autumn-2026-expodat-signo-v1.0.1,expodat_cpm_2026_autumn_public_catalog,2e46b666d24da16c63057a32d81f7f311843aebf437c0e0cc80e208ffb5d400f,
CPM – Collection Première Moscow Осень 2026,1–4 сентября 2026,BAZETTI,Bazetti,"одежда, аксессуары",Россия,,,15A59,,"Мода и стиль; женская, мужская и детская одежда; аксессуары; текстиль",BAZETTI,BAZETTI,http://www.accessories-111.ru,akceccuar@mail.ru,+7 495 955 91 99,https://md.expodat.com/companies/company/19923-bazetti.html,19923,BAZETTI | Россия | 15A59 | BAZETTI | http://www.accessories-111.ru | akceccuar@mail.ru,parsed_detail,,2026-08-24T05:45:15Z,cpm-moscow-autumn-2026-expodat-signo-v1.0.1,expodat_cpm_2026_autumn_public_catalog,ba7a4b24dd33b6480761f9d63b52dcf65fa68c6845766685473f2b55434dc0d9,
CPM – Collection Première Moscow Осень 2026,1–4 сентября 2026,BEE-TOGETHER,Bee-Together,"одежда, аксессуары",Россия,,,14G32,,"Мода и стиль; женская, мужская и детская одежда; аксессуары; текстиль",,BEE-TOGETHER,,,+7 495 955 91 99,https://md.expodat.com/companies/company/40825-bee-together.html,40825,BEE-TOGETHER | Россия | 14G32,parsed_detail,,2026-08-24T05:45:15Z,cpm-moscow-autumn-2026-expodat-signo-v1.0.1,expodat_cpm_2026_autumn_public_catalog,1419c72b649a675cbb27a6f2674e12c4b1b3c55ca3169b5a57144748305ff04c,
CPM – Collection Première Moscow Осень 2026,1–4 сентября 2026,"Beijing Tianyusha Garment Co., Ltd.","Beijing Tianyusha Garment Co., Ltd.",одежда,Китай,,,15D79,,"Мода и стиль; женская, мужская и детская одежда; аксессуары; текстиль","As a renowned Beijing apparel brand, we operate the GUDEE line of all-season women’s wear. Our designs highlight women’s elegance, wisdom and dignified charm to showcase their unique beauty.","Beijing Tianyusha Garment Co., Ltd.",,lshgudee_2008@163.com,008613311312189,https://md.expodat.com/companies/company/40642-gudee.html,40642,"Beijing Tianyusha Garment Co., Ltd. | Китай | 15D79 | As a renowned Beijing apparel brand, we operate the GUDEE line of all-season women’s wear. Our designs highlight women’s elegance, wisdom and dignified charm to showcase their unique beauty. | lshgudee_2008@163.com",parsed_detail,,2026-08-24T05:45:15Z,cpm-moscow-autumn-2026-expodat-signo-v1.0.1,expodat_cpm_2026_autumn_public_catalog,80209f78f3a829445fd467f186f7b19ba13e2497826d75a9db7eabd117887dc6,
CPM – Collection Première Moscow Осень 2026,1–4 сентября 2026,Belle,Belle,одежда,Китай,,,14D84,,"Мода и стиль; женская, мужская и детская одежда; аксессуары; текстиль","Jiaxing Belle Garment Co., Ltd.",Belle,,,+7 495 955 91 99,https://md.expodat.com/companies/company/40849-belle.html,40849,"Belle | Китай | 14D84 | Jiaxing Belle Garment Co., Ltd.",parsed_detail,,2026-08-24T05:45:15Z,cpm-moscow-autumn-2026-expodat-signo-v1.0.1,expodat_cpm_2026_autumn_public_catalog,74c6bff1b054cfb7b427af95a44113335baf1194ec4533bf8d284b799923e4b0,
CPM – Collection Première Moscow Осень 2026,1–4 сентября 2026,BELLO VALENTE,Bello Valente,"одежда, аксессуары",Турция,,,14A31,,"Мода и стиль; женская, мужская и детская одежда; аксессуары; текстиль",,BELLO VALENTE,http://www.valentetekstil.com,hyilmaz@valentetekstil.com,+7 495 955 91 99,https://md.expodat.com/companies/company/19359-bello-valente.html,19359,BELLO VALENTE | Турция | 14A31 | http://www.valentetekstil.com | hyilmaz@valentetekstil.com,parsed_detail,,2026-08-24T05:45:15Z,cpm-moscow-autumn-2026-expodat-signo-v1.0.1,expodat_cpm_2026_autumn_public_catalog,d4a3231215e3fc49d98957875226ed96cd9add8f8de14b240e8d91f73d6269ae,
CPM – Collection Première Moscow Осень 2026,1–4 сентября 2026,BELTURION,Belturion,"изделия из кожи и меха, текстиль и трикотаж",Россия,,,15B73,,"Мода и стиль; женская, мужская и детская одежда; аксессуары; текстиль","BELTURION – собственная торговая марка нашего предприятия, специализирующегося на выпуске широкого ассортимента кожаных и текстильных ремней. Производство налажено с сентября 2020 года в подмосковном городе Лобне. Лучшее качество кожи, итальянская производственная линия, богатый выбор фурнитуры, команда профессионалов. BELTURION – собственная торговая марка нашего предприятия, специализирующегося на выпуске широкого ассортимента кожаных и текстильных ремней. Производство налажено с сентября 2020 года в подмосковном городе Лобне. Лучшее качество кожи, итальянская производственная линия, богатый выбор фурнитуры, команда профессионалов. За короткий срок наша продукция завоевала доверие среди деловых партнеров. И мы не останавливаемся на достигнутом уровне. Постоянно работаем над развитием дизайна ремней, контролируем высокое качество сырья, совершенствуем технологию производства, внедряем новое оборудование, расширяем географию продаж.",BELTURION,http://www.belturion.ru,info@belturion.ru; sales1.belts@gmail.com,+79857642895,https://md.expodat.com/companies/company/34521-belturion.html,34521,"BELTURION | Россия | 15B73 | BELTURION – собственная торговая марка нашего предприятия, специализирующегося на выпуске широкого ассортимента кожаных и текстильных ремней. Производство налажено с сентября 2020 года в подмосковном городе Лобне. Лучшее качество кожи, итальянская производственная линия, богатый выбор фурнитуры, команда профессионалов. BELTURION – собственная торговая марка нашего предприятия, специализирующегося на выпуске широкого ассортимента кожаных и текстильных ремней. Производство налажено с сентября 2020 года в подмосковном городе Лобне. Лучшее качество кожи, итальянская производственная линия, богатый выбор фурнитуры, команда профессионалов. За короткий срок наша продукция завоевала доверие среди деловых партнеров. И мы не останавливаемся на достигнутом уровне. Постоянно работаем над развитием дизайна ремней, контролируем высокое качество сырья, совершенствуем технологию производства, внедряем новое оборудование, расширяем географию продаж. | http://www.belturion.ru | info@belturion.ru; sales1.belts@gmail.com",parsed_detail,,2026-08-24T05:45:15Z,cpm-moscow-autumn-2026-expodat-signo-v1.0.1,expodat_cpm_2026_autumn_public_catalog,a8517aa981bd42cf549dd458d74e8ed45524513edb9a4d4a476e384dff9be61b,
CPM – Collection Première Moscow Осень 2026,1–4 сентября 2026,Betu,Betu,"одежда, аксессуары",Китай,,,14F89,,"Мода и стиль; женская, мужская и детская одежда; аксессуары; текстиль","Zhongshan Qianzi Trading Co., Ltd.",Betu,,,+7 495 955 91 99,https://md.expodat.com/companies/company/40870-betu.html,40870,"Betu | Китай | 14F89 | Zhongshan Qianzi Trading Co., Ltd.",parsed_detail,,2026-08-24T05:45:15Z,cpm-moscow-autumn-2026-expodat-signo-v1.0.1,expodat_cpm_2026_autumn_public_catalog,e4ac865744da7597a279609936638c990116bbac108d16f2024dbefb3ee58dfb,
CPM – Collection Première Moscow Осень 2026,1–4 сентября 2026,BIANCALANCIA,Biancalancia,"аксессуары, текстиль и трикотаж, одежда",Италия,,,13B28,,"Мода и стиль; женская, мужская и детская одежда; аксессуары; текстиль","Мы являемся компанией, расположенной на северо-востоке Италии между Тревизо и Венецией. Наша компания работает в сфере моды. Мы занимаемся разработкой дизайна и производством продукции, а также руководим дистрибуцией бренда BIANCALANCIA, специализирующегося на производстве женской одежды. Концепцией бренда BIANCALANCIA является total-look, состоящий преимущественно из трикотажных изделий. Брюки, блузки, жакеты и аксессуары создают узнаваемый образ и отображают сущность бренда BIANCALANCIA - элегантный, комфортный, роскошный.",BIANCALANCIA,http://www.biancalancia.it,info@scudrera.it,+39 0422 825113,https://md.expodat.com/companies/company/21522-biancalancia.html,21522,"BIANCALANCIA | Италия | 13B28 | Мы являемся компанией, расположенной на северо-востоке Италии между Тревизо и Венецией. Наша компания работает в сфере моды. Мы занимаемся разработкой дизайна и производством продукции, а также руководим дистрибуцией бренда BIANCALANCIA, специализирующегося на производстве женской одежды. Концепцией бренда BIANCALANCIA является total-look, состоящий преимущественно из трикотажных изделий. Брюки, блузки, жакеты и аксессуары создают узнаваемый образ и отображают сущность бренда BIANCALANCIA - элегантный, комфортный, роскошный. | http://www.biancalancia.it | info@scudrera.it",parsed_detail,,2026-08-24T05:45:15Z,cpm-moscow-autumn-2026-expodat-signo-v1.0.1,expodat_cpm_2026_autumn_public_catalog,1b85bc3383ba0f1ec9800273482f125f555171e110935811391d7942025c60d3,
CPM – Collection Première Moscow Осень 2026,1–4 сентября 2026,BIJIN,BIJIN,"одежда, аксессуары",,,,15B59,,"Мода и стиль; женская, мужская и детская одежда; аксессуары; текстиль",,BIJIN,,,+7 495 955 91 99,https://md.expodat.com/companies/company/40411-bijin.html,40411,BIJIN | 15B59,parsed_detail,,2026-08-24T05:45:15Z,cpm-moscow-autumn-2026-expodat-signo-v1.0.1,expodat_cpm_2026_autumn_public_catalog,bda9015639d42cd7dd5c7a6dbe272f3cbcfd42363fbd8468d98e58d2474590f6,
CPM – Collection Première Moscow Осень 2026,1–4 сентября 2026,BINKA,BINKA,"одежда, аксессуары",,,,14B49,,"Мода и стиль; женская, мужская и детская одежда; аксессуары; текстиль",,BINKA,,,+7 495 955 91 99,https://md.expodat.com/companies/company/40345-binka.html,40345,BINKA | 14B49,parsed_detail,,2026-08-24T05:45:15Z,cpm-moscow-autumn-2026-expodat-signo-v1.0.1,expodat_cpm_2026_autumn_public_catalog,f61de4e0eae20401a3083a4f85eb27690561206e9ef9c4cd5a1f98a59bf088d7,
CPM – Collection Première Moscow Осень 2026,1–4 сентября 2026,BISA,BISA,"одежда, аксессуары",Турция,,,14B02,,"Мода и стиль; женская, мужская и детская одежда; аксессуары; текстиль",,BISA,http://www.bisacollection.com,,+7 495 955 91 99,https://md.expodat.com/companies/company/21111-bisa.html,21111,BISA | Турция | 14B02 | http://www.bisacollection.com,parsed_detail,,2026-08-24T05:45:15Z,cpm-moscow-autumn-2026-expodat-signo-v1.0.1,expodat_cpm_2026_autumn_public_catalog,1bf5466819556ccc41400d16f4e57522e9062bf0edcff42c5cb801ba4f249335,
CPM – Collection Première Moscow Осень 2026,1–4 сентября 2026,BLAUZ,BLAUZ,текстиль и трикотаж,Беларусь,,,15C31,,"Мода и стиль; женская, мужская и детская одежда; аксессуары; текстиль",ОАО «Фабрика БЛАУЗ» основана в 2002 году. Собственное конструкторское бюро. Автоматизированный раскройный цех Gerber. Японское оборудование Juki. Квалифицированный персонал. Сырьевое обеспечение - прямые поставки с текстильных комбинатов Турции.,BLAUZ,http://www.blauz.ru,info@blauz.ru,"+375 33 308 90 62 (Viber, WhatsApp, Telegram)",https://md.expodat.com/companies/company/18777-blauz.html,18777,BLAUZ | Беларусь | 15C31 | ОАО «Фабрика БЛАУЗ» основана в 2002 году. Собственное конструкторское бюро. Автоматизированный раскройный цех Gerber. Японское оборудование Juki. Квалифицированный персонал. Сырьевое обеспечение - прямые поставки с текстильных комбинатов Турции. | http://www.blauz.ru | info@blauz.ru,parsed_detail,,2026-08-24T05:45:15Z,cpm-moscow-autumn-2026-expodat-signo-v1.0.1,expodat_cpm_2026_autumn_public_catalog,8095a8dc41a305b87dcb2faeabbc0fccfd954b5d7bf183acb389d9253505daf0,
CPM – Collection Première Moscow Осень 2026,1–4 сентября 2026,BLUKEY,Blukey,"одежда, аксессуары",Италия,,,13B11,,"Мода и стиль; женская, мужская и детская одежда; аксессуары; текстиль","Коллекция, вдохновлённая местами, которые навсегда остаются в сердце. Первая глава переносит нас в пустыню на закате, где палитра рождается из мира макияжа: нежные оттенки румян, пудры и теней для век создают утончённую игру света и цвета. Коллекция, вдохновлённая местами, которые навсегда остаются в сердце. Первая глава переносит нас в пустыню на закате, где палитра рождается из мира макияжа: нежные оттенки румян, пудры и теней для век создают утончённую игру света и цвета. Следующая остановка: солнечный Сен-Тропе, воплощение беззаботной элегантности, средиземноморского настроения и лёгкости летних дней. Завершает путешествие озеро Комо. Его знаменитые сады вдохновили модели, в которых оживают формы и краски гортензий, агавы и бугенвиллеи, передавая природную гармонию и изысканную красоту этого места. Коллекция выполнена из благородных натуральных тканей: струящегося купро, воздушного крепдешина и невероятно мягкого модала с шелковистой, почти невесомой фактурой. Каждая ткань дарит ощущение лёгкости, комфорта и утончённой роскоши.",BLUKEY,http://www.blukey.it,gpeverelli@jfksrl.com,+39 031 511097,https://md.expodat.com/companies/company/28741-blukey.html,28741,"BLUKEY | Италия | 13B11 | Коллекция, вдохновлённая местами, которые навсегда остаются в сердце. Первая глава переносит нас в пустыню на закате, где палитра рождается из мира макияжа: нежные оттенки румян, пудры и теней для век создают утончённую игру света и цвета. Коллекция, вдохновлённая местами, которые навсегда остаются в сердце. Первая глава переносит нас в пустыню на закате, где палитра рождается из мира макияжа: нежные оттенки румян, пудры и теней для век создают утончённую игру света и цвета. Следующая остановка: солнечный Сен-Тропе, воплощение беззаботной элегантности, средиземноморского настроения и лёгкости летних дней. Завершает путешествие озеро Комо. Его знаменитые сады вдохновили модели, в которых оживают формы и краски гортензий, агавы и бугенвиллеи, передавая природную гармонию и изысканную красоту этого места. Коллекция выполнена из благородных натуральных тканей: струящегося купро, воздушного крепдешина и невероятно мягкого модала с шелковистой, почти невесомой фактурой. Каждая ткань дарит ощущение лёгкости, комфорта и утончённой роскоши. | http://www.blukey.it | gpeverelli@jfksrl.com",parsed_detail,,2026-08-24T05:45:15Z,cpm-moscow-autumn-2026-expodat-signo-v1.0.1,expodat_cpm_2026_autumn_public_catalog,a440d1f53c2e89110c233d950ba4137056a5d76ebd15353e7c0a496148490e93,
CPM – Collection Première Moscow Осень 2026,1–4 сентября 2026,BOLERO EVELINE,Bolero Eveline,"одежда, аксессуары",Турция,,,14C02,,"Мода и стиль; женская, мужская и детская одежда; аксессуары; текстиль",EVELINE TEKSTİL SAN. VE TİC .LTD. ŞTİ.,BOLERO EVELINE,http://www.boleroeveline.com,,+7 495 955 91 99,https://md.expodat.com/companies/company/19203-bolero-eveline.html,19203,BOLERO EVELINE | Турция | 14C02 | EVELINE TEKSTİL SAN. VE TİC .LTD. ŞTİ. | http://www.boleroeveline.com,parsed_detail,,2026-08-24T05:45:15Z,cpm-moscow-autumn-2026-expodat-signo-v1.0.1,expodat_cpm_2026_autumn_public_catalog,77f181c494d859ed7fd33b33ed456a2ec424d109d526b43e3d1be814b4fcb709,
CPM – Collection Première Moscow Осень 2026,1–4 сентября 2026,BONNE FEMME,Bonne Femme,"одежда, аксессуары",Беларусь,,,15B18 / 15C19,,"Мода и стиль; женская, мужская и детская одежда; аксессуары; текстиль",,BONNE FEMME,,,+7 495 955 91 99,https://md.expodat.com/companies/company/31523-bonne-femme.html,31523,BONNE FEMME | Беларусь | 15B18 / 15C19,parsed_detail,,2026-08-24T05:45:15Z,cpm-moscow-autumn-2026-expodat-signo-v1.0.1,expodat_cpm_2026_autumn_public_catalog,67e98b901a31419ffb66e0676fe1ff29009001b008e30b1a5f7b5bfeec6f5e44,
CPM – Collection Première Moscow Осень 2026,1–4 сентября 2026,BQB EXPRESS,Bqb Express,,Россия,,,14Е68,,"Мода и стиль; женская, мужская и детская одежда; аксессуары; текстиль",BQB Express - международная служба экспресс-доставки и грузоперевозок с таможенным оформлением. Помогаем в организации доставки: - Личных и корпоративных документов - Образцов для сертификации \ тестирования \ маркетинговых целей - Коммерческих посылок и грузов,BQB EXPRESS,http://bqb.ru.com,bqb@bqb.ru.com,+79257886616 \ 8 800 600 6 600,https://md.expodat.com/companies/company/40435-bqb-express.html,40435,BQB EXPRESS | Россия | 14Е68 | BQB Express - международная служба экспресс-доставки и грузоперевозок с таможенным оформлением. Помогаем в организации доставки: - Личных и корпоративных документов - Образцов для сертификации \ тестирования \ маркетинговых целей - Коммерческих посылок и грузов | http://bqb.ru.com | bqb@bqb.ru.com,parsed_detail,products,2026-08-24T05:45:15Z,cpm-moscow-autumn-2026-expodat-signo-v1.0.1,expodat_cpm_2026_autumn_public_catalog,79595e40d3e80a8953d919cd0826b43d869025d7fe20eff8abce8e12539004ee,
CPM – Collection Première Moscow Осень 2026,1–4 сентября 2026,BRACCIALINI,Braccialini,"одежда, аксессуары",Италия,,,13B30,,"Мода и стиль; женская, мужская и детская одежда; аксессуары; текстиль","“Dolce Estate Italiana” — это бесспорный лейтмотив коллекции Braccialini ВЛ27, которая погружает нас в «Волшебную Атмосферу» буйства красок, цветения, фруктов и удивительных контрастов между небом, морем и очаровательными пейзажами «Прекрасной Италии».",BRACCIALINI,http://www.braccialini.it,info@graziellabraccialini.it,+39 055 75771,https://md.expodat.com/companies/company/19488-braccialini.html,19488,"BRACCIALINI | Италия | 13B30 | “Dolce Estate Italiana” — это бесспорный лейтмотив коллекции Braccialini ВЛ27, которая погружает нас в «Волшебную Атмосферу» буйства красок, цветения, фруктов и удивительных контрастов между небом, морем и очаровательными пейзажами «Прекрасной Италии». | http://www.braccialini.it | info@graziellabraccialini.it",parsed_detail,,2026-08-24T05:45:15Z,cpm-moscow-autumn-2026-expodat-signo-v1.0.1,expodat_cpm_2026_autumn_public_catalog,7db75d4290f5a03f9f3a1107d080b447603949552b2b0af0b9dfa4c66a5aa6e9,
CPM – Collection Première Moscow Осень 2026,1–4 сентября 2026,BRITISH HIGHER SCHOOL OF ART AND DESIGN,British Higher School Of Art And Design,,,,,15A09,,"Мода и стиль; женская, мужская и детская одежда; аксессуары; текстиль",,BRITISH HIGHER SCHOOL OF ART AND DESIGN,,,+7 495 955 91 99,https://md.expodat.com/companies/company/40768-british-higher-school-of-art-and-design.html,40768,BRITISH HIGHER SCHOOL OF ART AND DESIGN | 15A09,parsed_detail,products,2026-08-24T05:45:15Z,cpm-moscow-autumn-2026-expodat-signo-v1.0.1,expodat_cpm_2026_autumn_public_catalog,589e790653d322bac795e96f756e825b2db038477fa03a5a23f16c8c00bfc160,
CPM – Collection Première Moscow Осень 2026,1–4 сентября 2026,BSM ENTERPRISE LTD,Bsm Enterprise Ltd,одежда,Китай,,,14D74,,"Мода и стиль; женская, мужская и детская одежда; аксессуары; текстиль","BSM Enterprise Ltd. was founded in 1984 in Taipei, Taiwan. Our founder,Tony Chang, moved the company to Ningbo, China in 1994 and expanded the business to explore additional categories and retail markets. Today, BSM employs more than 200 team members in China We fully design, innovate and manufacture products for the garment industry according to our retail and brand partner requirements and needs. We take tremendous pride in our reputation for being innovative,",BSM ENTERPRISE LTD,http://www.bsmenterprise.com,grace@bsmenterprise.com,0086 574 87050606,https://md.expodat.com/companies/company/40480-bsm.html,40480,"BSM ENTERPRISE LTD | Китай | 14D74 | BSM Enterprise Ltd. was founded in 1984 in Taipei, Taiwan. Our founder,Tony Chang, moved the company to Ningbo, China in 1994 and expanded the business to explore additional categories and retail markets. Today, BSM employs more than 200 team members in China We fully design, innovate and manufacture products for the garment industry according to our retail and brand partner requirements and needs. We take tremendous pride in our reputation for being innovative, | http://www.bsmenterprise.com | grace@bsmenterprise.com",parsed_detail,,2026-08-24T05:45:15Z,cpm-moscow-autumn-2026-expodat-signo-v1.0.1,expodat_cpm_2026_autumn_public_catalog,d673c4544b2ff8098412c689a4457c844d592021b5f2609d477219f2d4225277,
CPM – Collection Première Moscow Осень 2026,1–4 сентября 2026,BUCKHEAD,Buckhead,,Турция,,,13B50,,"Мода и стиль; женская, мужская и детская одежда; аксессуары; текстиль","Buckhead is a kids’ footwear brand designed to support every step of childhood with comfort, freedom, and confidence. Combining modern design with smart, child-friendly features, Buckhead shoes are lightweight, flexible, breathable, and made for active little feet. From school days to everyday adventures, we create shoes that kids love to wear and parents can trust. For the colder months, Buckhead also offers waterproof snow boots designed to keep little feet warm, dry, and comfortable in winter conditions. With durable materials, protective construction, and practical designs, our winter collection is made for rainy days, snowy adventures, and outdoor play.",BUCKHEAD,https://www.brandcity.com.tr/,alp.besen@sorteks.com.tr,+90 543 879 79 99,https://md.expodat.com/companies/company/40323-buckhead.html,40323,"BUCKHEAD | Турция | 13B50 | Buckhead is a kids’ footwear brand designed to support every step of childhood with comfort, freedom, and confidence. Combining modern design with smart, child-friendly features, Buckhead shoes are lightweight, flexible, breathable, and made for active little feet. From school days to everyday adventures, we create shoes that kids love to wear and parents can trust. For the colder months, Buckhead also offers waterproof snow boots designed to keep little feet warm, dry, and comfortable in winter conditions. With durable materials, protective construction, and practical designs, our winter collection is made for rainy days, snowy adventures, and outdoor play. | https://www.brandcity.com.tr/ | alp.besen@sorteks.com.tr",parsed_detail,products,2026-08-24T05:45:15Z,cpm-moscow-autumn-2026-expodat-signo-v1.0.1,expodat_cpm_2026_autumn_public_catalog,fc515d582de46c6686d222befec32722710d5e389dd21fe660c49325ae9daa66,
CPM – Collection Première Moscow Осень 2026,1–4 сентября 2026,BULMER,Bulmer,одежда,Германия,,,14D30,,"Мода и стиль; женская, мужская и детская одежда; аксессуары; текстиль","Немецкий бренд женской одежды BULMER представлен на рынке более 10 лет. BULMER создает универсальные коллекции, основанные на трех немецких модных традициях: стиль, практичность, и конечно, знаменитое немецкое качество. Особенностью коллекции BULMER является то, что они не зависят от быстро меняющихся фэшн-трендов, но всегда смотрятся актуально и современно! Немецкий бренд женской одежды BULMER представлен на рынке более 10 лет. BULMER создает универсальные коллекции, основанные на трех немецких модных традициях: стиль, практичность, и конечно, знаменитое немецкое качество. Особенностью коллекции BULMER является то, что они не зависят от быстро меняющихся фэшн-трендов, но всегда смотрятся актуально и современно! Именно поэтому, в каждой сезонной коллекции бренда представлены образы и модели для самых разных возрастных категорий. Широкий размерный ряд, от 42 до 54 размера, привлекает большой круг покупателей. Одежда BULMER – это история про настоящий стиль, элегантность и вкус!",BULMER,https://bulmer-fashion.com,info@bulmer-fashion.com,+7 495 955 91 99,https://md.expodat.com/companies/company/22152-bulmer.html,22152,"BULMER | Германия | 14D30 | Немецкий бренд женской одежды BULMER представлен на рынке более 10 лет. BULMER создает универсальные коллекции, основанные на трех немецких модных традициях: стиль, практичность, и конечно, знаменитое немецкое качество. Особенностью коллекции BULMER является то, что они не зависят от быстро меняющихся фэшн-трендов, но всегда смотрятся актуально и современно! Немецкий бренд женской одежды BULMER представлен на рынке более 10 лет. BULMER создает универсальные коллекции, основанные на трех немецких модных традициях: стиль, практичность, и конечно, знаменитое немецкое качество. Особенностью коллекции BULMER является то, что они не зависят от быстро меняющихся фэшн-трендов, но всегда смотрятся актуально и современно! Именно поэтому, в каждой сезонной коллекции бренда представлены образы и модели для самых разных возрастных категорий. Широкий размерный ряд, от 42 до 54 размера, привлекает большой круг покупателей. Одежда BULMER – это история про настоящий стиль, элегантность и вкус! | https://bulmer-fashion.com | info@bulmer-fashion.com",parsed_detail,,2026-08-24T05:45:15Z,cpm-moscow-autumn-2026-expodat-signo-v1.0.1,expodat_cpm_2026_autumn_public_catalog,80b06f2be4d36d8b854c5d77e2105dc238044e8e7fcbb4469571865aea86eaf5,
CPM – Collection Première Moscow Осень 2026,1–4 сентября 2026,BUTELLA,Butella,"одежда, аксессуары",Турция,,,14A28,,"Мода и стиль; женская, мужская и детская одежда; аксессуары; текстиль","-КАК BUTELLA TEKSTİL, МЫ ПРОИЗВОДИМ СПЕЦИАЛЬНО РАЗРАБОТАННЫЕ ДЛЯ ВАС МОДЕЛИ ИЗ ВЫСОКОКАЧЕСТВЕННОЙ ПРЯЖИ, КОТОРАЯ ТЩАТЕЛЬНО ВЫБРАНА.",BUTELLA,http://www.butellastore.com,butellashop@gmail.com,+7 495 955 91 99,https://md.expodat.com/companies/company/19140-butella.html,19140,"BUTELLA | Турция | 14A28 | -КАК BUTELLA TEKSTİL, МЫ ПРОИЗВОДИМ СПЕЦИАЛЬНО РАЗРАБОТАННЫЕ ДЛЯ ВАС МОДЕЛИ ИЗ ВЫСОКОКАЧЕСТВЕННОЙ ПРЯЖИ, КОТОРАЯ ТЩАТЕЛЬНО ВЫБРАНА. | http://www.butellastore.com | butellashop@gmail.com",parsed_detail,,2026-08-24T05:45:15Z,cpm-moscow-autumn-2026-expodat-signo-v1.0.1,expodat_cpm_2026_autumn_public_catalog,ce578c9d5bbe18736ee5e7d2fcc2e7d753d2a8a83e3b2aae3fad0cab21ca5e04,
CPM – Collection Première Moscow Осень 2026,1–4 сентября 2026,BUTIK BIZHU,Butik Bizhu,"одежда, аксессуары",Россия,,,15B61,,"Мода и стиль; женская, мужская и детская одежда; аксессуары; текстиль",,BUTIK BIZHU,,,+7 495 955 91 99,https://md.expodat.com/companies/company/37202-butik-bizhu.html,37202,BUTIK BIZHU | Россия | 15B61,parsed_detail,,2026-08-24T05:45:15Z,cpm-moscow-autumn-2026-expodat-signo-v1.0.1,expodat_cpm_2026_autumn_public_catalog,495a705e595282a9eceab147b13b283dc37ee741a0f25faa39ac7a807d4e52e2,
CPM – Collection Première Moscow Осень 2026,1–4 сентября 2026,BUYERS UNION,Buyers Union,,,,,14G36,,"Мода и стиль; женская, мужская и детская одежда; аксессуары; текстиль",,BUYERS UNION,,,+7 495 955 91 99,https://md.expodat.com/companies/company/40816-buyers-union.html,40816,BUYERS UNION | 14G36,parsed_detail,products,2026-08-24T05:45:15Z,cpm-moscow-autumn-2026-expodat-signo-v1.0.1,expodat_cpm_2026_autumn_public_catalog,c7b8a269b8b0964a8c718dd17cd777150ca17435461037a619e9cdab00404c74,
CPM – Collection Première Moscow Осень 2026,1–4 сентября 2026,BY CHUBARUK,By Chubaruk,аксессуары,Россия,,,15A32,,"Мода и стиль; женская, мужская и детская одежда; аксессуары; текстиль","By_chubaruk это премиальные украшения из барочного жемчуга , жемчуга майорка , фианитов и полудрагоценных камней. Используются исключительно натуральные камни, и натуральный жемчуг! Носят звезды и доступны каждой женщине! By_chubaruk это премиальные украшения из барочного жемчуга , жемчуга майорка , фианитов и полудрагоценных камней. Используются исключительно натуральные камни, и натуральный жемчуг! Носят звезды и доступны каждой женщине! На лезгинском языке Чубарук - это ласточка! Ласточка- это символ благополучия и счастья! Предназначение нашего бренда это желание, чтоб каждая женщина ощутила свою неповторимость и уникальность, как натуральная жемчужина! Чтоб счастье и благополучие, как ласточка,поселились в каждом доме лучшей половины Человечества. Дизайнер и создатель бренда Саима Шамхалова",BY CHUBARUK,https://chubaruk.ru,saimash@mail.ru; oberemovae@expo-fusion.ru,+7 (926) 228 67 95,https://md.expodat.com/companies/company/25873-chubaruk.html,25873,"BY CHUBARUK | Россия | 15A32 | By_chubaruk это премиальные украшения из барочного жемчуга , жемчуга майорка , фианитов и полудрагоценных камней. Используются исключительно натуральные камни, и натуральный жемчуг! Носят звезды и доступны каждой женщине! By_chubaruk это премиальные украшения из барочного жемчуга , жемчуга майорка , фианитов и полудрагоценных камней. Используются исключительно натуральные камни, и натуральный жемчуг! Носят звезды и доступны каждой женщине! На лезгинском языке Чубарук - это ласточка! Ласточка- это символ благополучия и счастья! Предназначение нашего бренда это желание, чтоб каждая женщина ощутила свою неповторимость и уникальность, как натуральная жемчужина! Чтоб счастье и благополучие, как ласточка,поселились в каждом доме лучшей половины Человечества. Дизайнер и создатель бренда Саима Шамхалова | https://chubaruk.ru | saimash@mail.ru; oberemovae@expo-fusion.ru",parsed_detail,,2026-08-24T05:45:15Z,cpm-moscow-autumn-2026-expodat-signo-v1.0.1,expodat_cpm_2026_autumn_public_catalog,79816e5dd7cc0e4fa597c6b157d6b8628abd5f36d54635d44c96127a85f9250e,
CPM – Collection Première Moscow Осень 2026,1–4 сентября 2026,CAMELLOT,Camellot,"одежда, аксессуары",,,,14B51,,"Мода и стиль; женская, мужская и детская одежда; аксессуары; текстиль",,CAMELLOT,,,+7 495 955 91 99,https://md.expodat.com/companies/company/40342-camellot.html,40342,CAMELLOT | 14B51,parsed_detail,,2026-08-24T05:45:15Z,cpm-moscow-autumn-2026-expodat-signo-v1.0.1,expodat_cpm_2026_autumn_public_catalog,e025404d5ca0961041d7332f909b7313811a4a65897ff2b236978fde751cf6b2,
CPM – Collection Première Moscow Осень 2026,1–4 сентября 2026,CAPORICCO SPORTSWEAR,Caporicco Sportswear,одежда,Турция,,,14A60,,"Мода и стиль; женская, мужская и детская одежда; аксессуары; текстиль",Caporicco Sportswear — известный бренд мужской верхней одежды с 35-летним опытом работы. Наша основная задача предоставить вам богатый выбор качественных товаров по выгодной вам цене.Удовлетворенность клиентов – наш приоритет. Мы искренне надеемся на сотрудничество с вами.,CAPORICCO SPORTSWEAR,http://www.caporicco.com,info@caporicco.com,+905363978475,https://md.expodat.com/companies/company/37049-caporicco-sportswear.html,37049,CAPORICCO SPORTSWEAR | Турция | 14A60 | Caporicco Sportswear — известный бренд мужской верхней одежды с 35-летним опытом работы. Наша основная задача предоставить вам богатый выбор качественных товаров по выгодной вам цене.Удовлетворенность клиентов – наш приоритет. Мы искренне надеемся на сотрудничество с вами. | http://www.caporicco.com | info@caporicco.com,parsed_detail,,2026-08-24T05:45:15Z,cpm-moscow-autumn-2026-expodat-signo-v1.0.1,expodat_cpm_2026_autumn_public_catalog,c4171ea95482e7f763d665632e968b64bd45f5db9a1573f627dc11f23338f24f,
CPM – Collection Première Moscow Осень 2026,1–4 сентября 2026,CARDOVER ITALY,Cardover Italy,"одежда, аксессуары",Турция,,,14D38,,"Мода и стиль; женская, мужская и детская одежда; аксессуары; текстиль",,CARDOVER ITALY,,,+7 495 955 91 99,https://md.expodat.com/companies/company/40302-cardover-italy.html,40302,CARDOVER ITALY | Турция | 14D38,parsed_detail,,2026-08-24T05:45:15Z,cpm-moscow-autumn-2026-expodat-signo-v1.0.1,expodat_cpm_2026_autumn_public_catalog,e52c8c7280d2fef391209998d493ad13dc62122b571b4a91dfb1b53b6caed9d8,
CPM – Collection Première Moscow Осень 2026,1–4 сентября 2026,CARDUCCI,Carducci,"одежда, аксессуары",Турция,,,14C39,,"Мода и стиль; женская, мужская и детская одежда; аксессуары; текстиль",MİMİ TEKSTİL KONFEKSİYON SANAYİ VE TİCARET LİMİTED ŞİRKETİ,CARDUCCI,http://www.carducci.cc,doruk_avukat1962@hotmail.com,+7 495 955 91 99,https://md.expodat.com/companies/company/21198-carducci.html,21198,CARDUCCI | Турция | 14C39 | MİMİ TEKSTİL KONFEKSİYON SANAYİ VE TİCARET LİMİTED ŞİRKETİ | http://www.carducci.cc | doruk_avukat1962@hotmail.com,parsed_detail,,2026-08-24T05:45:15Z,cpm-moscow-autumn-2026-expodat-signo-v1.0.1,expodat_cpm_2026_autumn_public_catalog,eb497cebe85e99e448e5a86831449976851b2c3479eb5ed461bcbf4a0baa0680,
CPM – Collection Première Moscow Осень 2026,1–4 сентября 2026,CARILLO FASHION,Carillo Fashion,одежда,Италия,,,"13A19, 13A11",,"Мода и стиль; женская, мужская и детская одежда; аксессуары; текстиль","Итальянская компания, производящая бренды ANNARITA N и LIZALU'",CARILLO FASHION,"http://www.annaritan.it, www.lizalu.it",p.buglione@hotmail.it,+39 338 9448370,https://md.expodat.com/companies/company/39188-carillo-fashion.html,39188,"CARILLO FASHION | Италия | 13A19, 13A11 | Итальянская компания, производящая бренды ANNARITA N и LIZALU' | http://www.annaritan.it, www.lizalu.it | p.buglione@hotmail.it",parsed_detail,,2026-08-24T05:45:15Z,cpm-moscow-autumn-2026-expodat-signo-v1.0.1,expodat_cpm_2026_autumn_public_catalog,98d3e5a3231d4b43aaad477d3b0af9821208b2ef5332ad6afa5c48725bcf4b2d,
CPM – Collection Première Moscow Осень 2026,1–4 сентября 2026,CARLOS RIERA,Carlos Riera,"аксессуары, изделия из кожи и меха",Россия,,,15B43,,"Мода и стиль; женская, мужская и детская одежда; аксессуары; текстиль","Украшения Carlos Riera создаются исключительно вручную из ювелирной бронзы и латуни с покрытием черненым золотом. Для колье используется натуральная кожа буйвола особой выделки. Дизайн каждого изделия разработан по арт-эскизам Carlos Riera, в традиционном для Испании стиле, которому характерны грубые натуральные текстуры и природный минимализм.",CARLOS RIERA,,evrotrastop@mail.ru,+79035240598,https://md.expodat.com/companies/company/35340-carlos-riera.html,35340,"CARLOS RIERA | Россия | 15B43 | Украшения Carlos Riera создаются исключительно вручную из ювелирной бронзы и латуни с покрытием черненым золотом. Для колье используется натуральная кожа буйвола особой выделки. Дизайн каждого изделия разработан по арт-эскизам Carlos Riera, в традиционном для Испании стиле, которому характерны грубые натуральные текстуры и природный минимализм. | evrotrastop@mail.ru",parsed_detail,,2026-08-24T05:45:15Z,cpm-moscow-autumn-2026-expodat-signo-v1.0.1,expodat_cpm_2026_autumn_public_catalog,7c06b8606156b1cff1da7842e441cb5e6ef4609e57b982b2312bdccef9df18da,
CPM – Collection Première Moscow Осень 2026,1–4 сентября 2026,CATANIA,Catania,"одежда, аксессуары",Турция,,,14A68,,"Мода и стиль; женская, мужская и детская одежда; аксессуары; текстиль",,CATANIA,,,+7 495 955 91 99,https://md.expodat.com/companies/company/39280-catania.html,39280,CATANIA | Турция | 14A68,parsed_detail,,2026-08-24T05:45:15Z,cpm-moscow-autumn-2026-expodat-signo-v1.0.1,expodat_cpm_2026_autumn_public_catalog,b3e2410375976c336755ebf49a4e118d088af57a354ae75dbd533e5574832fba,
CPM – Collection Première Moscow Осень 2026,1–4 сентября 2026,CATARINA NOVA,Catarina Nova,"текстиль и трикотаж, одежда",Россия,,,14D02,,"Мода и стиль; женская, мужская и детская одежда; аксессуары; текстиль","CATARINA NOVA — бренд женской одежды, созданный с любовью в Санкт-Петербурге. Бренд основан в 2017 году молодым российским дизайнером из Санкт-Петербурга. Уловив современные тенденции, дизайнер создала платья и жакеты, в которых сочетаются женственность, классика и современность. CATARINA NOVA — бренд женской одежды, созданный с любовью в Санкт-Петербурге. Бренд основан в 2017 году молодым российским дизайнером из Санкт-Петербурга. Уловив современные тенденции, дизайнер создала платья и жакеты, в которых сочетаются женственность, классика и современность. Именно оригинальный подход к созданию классических силуэтов сделали бренд узнаваемым. Визитная карточка CATARINA NOVA – это, конечно, яркие цвета, обтягивающие силуэты, игра фактур. Дизайнер очень любит экспериментировать с текстурами тканей. Цвет, шелк, флористичный принт, акцентная фурнитура, шерсть – главные фишки бренда. Творения дизайнера идеально подойдут как для деловой встречи, так и для свидания, похода в театр или прогулки с подружками. Ведь коллекция бренда представлена как короткими коктейльными платьями, так и самыми популярными пальто пастельных оттенков. В чем же секрет успеха бренда? В центре внимания всегда остается женщина. Вещь лишь дополняет красоту обладательницы, но не оттягивает на себя внимание.",CATARINA NOVA,https://catarinanova.ru/catalog/,opt@catarinanova.ru,+79112194003,https://md.expodat.com/companies/company/21462-catarina-nova.html,21462,"CATARINA NOVA | Россия | 14D02 | CATARINA NOVA — бренд женской одежды, созданный с любовью в Санкт-Петербурге. Бренд основан в 2017 году молодым российским дизайнером из Санкт-Петербурга. Уловив современные тенденции, дизайнер создала платья и жакеты, в которых сочетаются женственность, классика и современность. CATARINA NOVA — бренд женской одежды, созданный с любовью в Санкт-Петербурге. Бренд основан в 2017 году молодым российским дизайнером из Санкт-Петербурга. Уловив современные тенденции, дизайнер создала платья и жакеты, в которых сочетаются женственность, классика и современность. Именно оригинальный подход к созданию классических силуэтов сделали бренд узнаваемым. Визитная карточка CATARINA NOVA – это, конечно, яркие цвета, обтягивающие силуэты, игра фактур. Дизайнер очень любит экспериментировать с текстурами тканей. Цвет, шелк, флористичный принт, акцентная фурнитура, шерсть – главные фишки бренда. Творения дизайнера идеально подойдут как для деловой встречи, так и для свидания, похода в театр или прогулки с подружками. Ведь коллекция бренда представлена как короткими коктейльными платьями, так и самыми популярными пальто пастельных оттенков. В чем же секрет успеха бренда",parsed_detail,,2026-08-24T05:45:15Z,cpm-moscow-autumn-2026-expodat-signo-v1.0.1,expodat_cpm_2026_autumn_public_catalog,a2fc00bc2c40493167c953976114670d402fbb810d1e70693acdb3994c688824,
CPM – Collection Première Moscow Осень 2026,1–4 сентября 2026,CELESTE G,Celeste G,"одежда, аксессуары",Италия,,,15B61,,"Мода и стиль; женская, мужская и детская одежда; аксессуары; текстиль",,CELESTE G,,,+7 495 955 91 99,https://md.expodat.com/companies/company/37211-celeste-g.html,37211,CELESTE G | Италия | 15B61,parsed_detail,,2026-08-24T05:45:15Z,cpm-moscow-autumn-2026-expodat-signo-v1.0.1,expodat_cpm_2026_autumn_public_catalog,41d3721b1c33b32ec856b04beb25aca5039a314fb7c0da044d7676ba53b20c2a,
CPM – Collection Première Moscow Осень 2026,1–4 сентября 2026,CEREMONY,Ceremony,"одежда, аксессуары",Турция,,,14B59,,"Мода и стиль; женская, мужская и детская одежда; аксессуары; текстиль",,CEREMONY,http://ceremonyistanbul.com,info@ceremonyistanbul.com,+905367744896,https://md.expodat.com/companies/company/39295-ceremony.html,39295,CEREMONY | Турция | 14B59 | http://ceremonyistanbul.com | info@ceremonyistanbul.com,parsed_detail,,2026-08-24T05:45:15Z,cpm-moscow-autumn-2026-expodat-signo-v1.0.1,expodat_cpm_2026_autumn_public_catalog,b3f851507a45579ae729bf27a8d2c97b4c94948129aaedaa9f9b949928614716,
CPM – Collection Première Moscow Осень 2026,1–4 сентября 2026,CERERA,Cerera,одежда,Россия,,,14G25,,"Мода и стиль; женская, мужская и детская одежда; аксессуары; текстиль","«Церера» — ваш надёжный партнёр в создании безупречного корпоративного образа. С 2022 года мы помогаем компаниям подчеркнуть индивидуальность и статус с помощью стильной и удобной одежды: продуманный крой, премиальные ткани и внимание к каждой детали делают наши изделия по-настоящему особенными. «Церера» — ваш надёжный партнёр в создании безупречного корпоративного образа. С 2022 года мы помогаем компаниям подчеркнуть индивидуальность и статус с помощью стильной и удобной одежды: продуманный крой, премиальные ткани и внимание к каждой детали делают наши изделия по-настоящему особенными. Мы не работаем по шаблонам — каждая модель создаётся с учётом специфики вашего бизнеса: шьём по индивидуальным эскизам и точным замерам, чтобы одежда идеально сидела и отражала ценности бренда. Наши мастера воплощают даже самые смелые идеи, сохраняя при этом комфорт и практичность, необходимые в ежедневной работе. Выбирая «Цереру», вы инвестируете в имидж команды: премиальная корпоративная одежда формирует доверие клиентов и усиливает внутреннюю культуру компании. Доверьтесь нашему опыту — создадим образ, который будет работать на ваш успех.",CERERA,,,+7 495 955 91 99,https://md.expodat.com/companies/company/41476-cerera.html,41476,"CERERA | Россия | 14G25 | «Церера» — ваш надёжный партнёр в создании безупречного корпоративного образа. С 2022 года мы помогаем компаниям подчеркнуть индивидуальность и статус с помощью стильной и удобной одежды: продуманный крой, премиальные ткани и внимание к каждой детали делают наши изделия по-настоящему особенными. «Церера» — ваш надёжный партнёр в создании безупречного корпоративного образа. С 2022 года мы помогаем компаниям подчеркнуть индивидуальность и статус с помощью стильной и удобной одежды: продуманный крой, премиальные ткани и внимание к каждой детали делают наши изделия по-настоящему особенными. Мы не работаем по шаблонам — каждая модель создаётся с учётом специфики вашего бизнеса: шьём по индивидуальным эскизам и точным замерам, чтобы одежда идеально сидела и отражала ценности бренда. Наши мастера воплощают даже самые смелые идеи, сохраняя при этом комфорт и практичность, необходимые в ежедневной работе. Выбирая «Цереру», вы инвестируете в имидж команды: премиальная корпоративная одежда формирует доверие клиентов и усиливает внутреннюю культуру компании. Доверьтесь нашему опыту — создадим образ, который будет работать на ваш успех.",parsed_detail,,2026-08-24T05:45:15Z,cpm-moscow-autumn-2026-expodat-signo-v1.0.1,expodat_cpm_2026_autumn_public_catalog,0c4c9d173c8954537d965c790af1f823faf4a6bf7ef7deb35af515b9f00f5fde,
CPM – Collection Première Moscow Осень 2026,1–4 сентября 2026,CGS,CGS,,Россия,,,14Е60,,"Мода и стиль; женская, мужская и детская одежда; аксессуары; текстиль","CGS Express — международная логистическая компания с 20-летним опытом работы на рынке и штаб-квартирой в Шэньчжэне. Это позволяет нам находиться в непосредственной близости к поставщикам и оперативно контролировать каждый этап цепочки поставок. CGS Express — международная логистическая компания с 20-летним опытом работы на рынке и штаб-квартирой в Шэньчжэне. Это позволяет нам находиться в непосредственной близости к поставщикам и оперативно контролировать каждый этап цепочки поставок. Мы предлагаем полный цикл логистических услуг «под ключ»: от выкупа товара у поставщика и его консолидации на наших складах до профессионального таможенного оформления, страхования грузов, маркировки «Честный знак», сертификации и финальной доставки до двери клиента в России. Дополнительно предоставляем услуги фулфилмента: хранение, упаковка и сборка заказов для маркетплейсов. Работаем с юридическими лицами, включая селлеров маркетплейсов, оптовыми компаниями и производителями. Принимаем грузы от 50 кг. Ключевые преимущества работы с нами: -Скорость и надёжность. 80% грузов доставляем менее чем за 20 дней. -Собственная инфраструктура. Более 150 000 м² складских площадей в Китае и России, собственный автопарк, прямые авиарейсы и регулярные морские и железнодорожные отправки. -Прозрачность. Онлайн-отслеживание груза 24/7, доступ к документам и статусу на каждом этапе. -Команда профессионалов. Более 800 сотрудников, владеющих китайским, русским и английским языками, что исключает языковые барьеры при работе с поставщиками. -Юридическая чистота. Все процессы ведутся официально, с полным пакетом документов. Мы берём на себя все логистические и административные задачи, чтобы вы могли сосредоточиться на развитии своего бизнеса. CGS Express — ваш надёжный мост между Китаем и Россией.",CGS,https://cgs-express.ru/,info@cgs-express.ru,89165387733,https://md.expodat.com/companies/company/40308-cgs.html,40308,"CGS | Россия | 14Е60 | CGS Express — международная логистическая компания с 20-летним опытом работы на рынке и штаб-квартирой в Шэньчжэне. Это позволяет нам находиться в непосредственной близости к поставщикам и оперативно контролировать каждый этап цепочки поставок. CGS Express — международная логистическая компания с 20-летним опытом работы на рынке и штаб-квартирой в Шэньчжэне. Это позволяет нам находиться в непосредственной близости к поставщикам и оперативно контролировать каждый этап цепочки поставок. Мы предлагаем полный цикл логистических услуг «под ключ»: от выкупа товара у поставщика и его консолидации на наших складах до профессионального таможенного оформления, страхования грузов, маркировки «Честный знак», сертификации и финальной доставки до двери клиента в России. Дополнительно предоставляем услуги фулфилмента: хранение, упаковка и сборка заказов для маркетплейсов. Работаем с юридическими лицами, включая селлеров маркетплейсов, оптовыми компаниями и производителями. Принимаем грузы от 50 кг. Ключевые преимущества работы с нами: -Скорость и надёжность. 80% грузов доставляем менее чем за 20 дней. -Собственная инфраструктура. Более 150 000 м² складских площадей в Китае ",parsed_detail,products,2026-08-24T05:45:15Z,cpm-moscow-autumn-2026-expodat-signo-v1.0.1,expodat_cpm_2026_autumn_public_catalog,00462d2138010ccdfdc30ae847f25feb3f22b99f9d138687111337be608e53d2,
CPM – Collection Première Moscow Осень 2026,1–4 сентября 2026,CHANGSHU FOREIGN TRADE CORPORATION,Changshu Foreign Trade Corporation,"одежда, аксессуары",Китай,,,15C44,,"Мода и стиль; женская, мужская и детская одежда; аксессуары; текстиль",CHANGSHU FOREIGN TRADE CORPORATION,CHANGSHU FOREIGN TRADE CORPORATION,,,+7 495 955 91 99,https://md.expodat.com/companies/company/41029-changshu-foreign-trade-corporation.html,41029,CHANGSHU FOREIGN TRADE CORPORATION | Китай | 15C44 | CHANGSHU FOREIGN TRADE CORPORATION,parsed_detail,,2026-08-24T05:45:15Z,cpm-moscow-autumn-2026-expodat-signo-v1.0.1,expodat_cpm_2026_autumn_public_catalog,7159f1d78861e50fd2221f423b65adadf6f0b4a8ed7007c6808ba9a17bbafde7,
CPM – Collection Première Moscow Осень 2026,1–4 сентября 2026,CHEMODAMKA,Chemodamka,"одежда, аксессуары",Россия,,,15А73,,"Мода и стиль; женская, мужская и детская одежда; аксессуары; текстиль",,CHEMODAMKA,,,+7 495 955 91 99,https://md.expodat.com/companies/company/40269-chemodamka.html,40269,CHEMODAMKA | Россия | 15А73,parsed_detail,,2026-08-24T05:45:15Z,cpm-moscow-autumn-2026-expodat-signo-v1.0.1,expodat_cpm_2026_autumn_public_catalog,566045e6127bcbafeb50ec52674bb341f97de6ecd46e81c67f2dacd56c619e90,
CPM – Collection Première Moscow Осень 2026,1–4 сентября 2026,CHEREPAHA.SHOP,Cherepaha.Shop,аксессуары,Россия,,,15B51 / 15B53,,"Мода и стиль; женская, мужская и детская одежда; аксессуары; текстиль","Дизайнерские украшения премиального качества: ожерелья, серьги, кольца, браслеты, броши, комплекты.",CHEREPAHA.SHOP,https://cherepaha.shop/,lena@cherepaha.shop,+79162966529,https://md.expodat.com/companies/company/21465-cherepaha-shop.html,21465,"CHEREPAHA.SHOP | Россия | 15B51 / 15B53 | Дизайнерские украшения премиального качества: ожерелья, серьги, кольца, браслеты, броши, комплекты. | https://cherepaha.shop/ | lena@cherepaha.shop",parsed_detail,,2026-08-24T05:45:15Z,cpm-moscow-autumn-2026-expodat-signo-v1.0.1,expodat_cpm_2026_autumn_public_catalog,04f8eab0f92f945f5d2026d27bc8bd9ab3c4878f6f1e96e059f9b54c5ba28718,
CPM – Collection Première Moscow Осень 2026,1–4 сентября 2026,CHINA LIAONING INTERNATIONAL COOPERATION GROUP,China Liaoning International Cooperation Group,"одежда, аксессуары",Китай,,,15D47,,"Мода и стиль; женская, мужская и детская одежда; аксессуары; текстиль","Ляонинская корпорация международного экономического и технического сотрудничества с ограниченной ответственностью была основана в 2000 году и является государственным внешнеэкономическим предприятием, учреждённым по решению Народного правительства провинции Ляонин. Ляонинская корпорация международного экономического и технического сотрудничества с ограниченной ответственностью была основана в 2000 году и является государственным внешнеэкономическим предприятием, учреждённым по решению Народного правительства провинции Ляонин. Корпорация располагает государственными лицензиями Министерства коммерции КНР на осуществление внешнеэкономической деятельности. Основные направления деятельности включают международное строительное подрядничество, оказание зарубежной экономической помощи, трудовое сотрудничество, а также экспортно-импортные операции. Бизнес корпорации охватывает более 50 стран и регионов мира.",CHINA LIAONING INTERNATIONAL COOPERATION GROUP,http://www.clic.cn/,kyle.sun116@mail.ru,+86-13840465347,https://md.expodat.com/companies/company/41104-china-liaoning-international-cooperation-group.html,41104,"CHINA LIAONING INTERNATIONAL COOPERATION GROUP | Китай | 15D47 | Ляонинская корпорация международного экономического и технического сотрудничества с ограниченной ответственностью была основана в 2000 году и является государственным внешнеэкономическим предприятием, учреждённым по решению Народного правительства провинции Ляонин. Ляонинская корпорация международного экономического и технического сотрудничества с ограниченной ответственностью была основана в 2000 году и является государственным внешнеэкономическим предприятием, учреждённым по решению Народного правительства провинции Ляонин. Корпорация располагает государственными лицензиями Министерства коммерции КНР на осуществление внешнеэкономической деятельности. Основные направления деятельности включают международное строительное подрядничество, оказание зарубежной экономической помощи, трудовое сотрудничество, а также экспортно-импортные операции. Бизнес корпорации охватывает более 50 стран и регионов мира. | http://www.clic.cn/ | kyle.sun116@mail.ru",parsed_detail,,2026-08-24T05:45:15Z,cpm-moscow-autumn-2026-expodat-signo-v1.0.1,expodat_cpm_2026_autumn_public_catalog,016fc09a1e35e6b2968f1189dcc405a9f3d11490f98d739afa15d9c1527ca27f,
CPM – Collection Première Moscow Осень 2026,1–4 сентября 2026,CHINAROS,Chinaros,"одежда, аксессуары",,,,14G56A,,"Мода и стиль; женская, мужская и детская одежда; аксессуары; текстиль",,CHINAROS,,,+7 495 955 91 99,https://md.expodat.com/companies/company/40741-chinaros.html,40741,CHINAROS | 14G56A,parsed_detail,,2026-08-24T05:45:15Z,cpm-moscow-autumn-2026-expodat-signo-v1.0.1,expodat_cpm_2026_autumn_public_catalog,6acf0e84d98466cda529c6589d9f3ffa911be16af70f6952aedd91c788706183,
CPM – Collection Première Moscow Осень 2026,1–4 сентября 2026,Chun Fok Fashion Knitting (JiangXi) Limited,Chun Fok Fashion Knitting (JiangXi) Limited,"текстиль и трикотаж, одежда",Китай,,,15E64,,"Мода и стиль; женская, мужская и детская одежда; аксессуары; текстиль","We are a knitting factory with more than 30 years of experience. ~600,000 pieces of product are exported to Russia and Europe annually. We have a complete production line with 100+ units of knitting machines knitting from 3 to 14 gauge, providing value-added workmanship like stonewash and spray dye.",Chun Fok Fashion Knitting (JiangXi) Limited,http://www.chunfok.hk,summer@chunfok.com,+852 69780478,https://md.expodat.com/companies/company/40645-chun-fok.html,40645,"Chun Fok Fashion Knitting (JiangXi) Limited | Китай | 15E64 | We are a knitting factory with more than 30 years of experience. ~600,000 pieces of product are exported to Russia and Europe annually. We have a complete production line with 100+ units of knitting machines knitting from 3 to 14 gauge, providing value-added workmanship like stonewash and spray dye. | http://www.chunfok.hk | summer@chunfok.com",parsed_detail,,2026-08-24T05:45:15Z,cpm-moscow-autumn-2026-expodat-signo-v1.0.1,expodat_cpm_2026_autumn_public_catalog,7844f87b491f9d3ee1b1d4ff7304e8b6140bb8216ee9d17871bcbbce4f1efb74,
CPM – Collection Première Moscow Осень 2026,1–4 сентября 2026,"Cimarron Garment (HuBei) Сo., Ltd","Cimarron Garment (HuBei) Сo., Ltd",одежда,Китай,,,14C72,,"Мода и стиль; женская, мужская и детская одежда; аксессуары; текстиль","We are a company have Own factory from China with 20 years’ experience in ladies Woven ladies’ suits, blazers, pants, skirts, dress, coats etc. Every year produce about 400,000pcs high quality garments. Main customer includes Laura Canada, Beaumont, Josh V, NIKKIE, AAIKO!","Cimarron Garment (HuBei) Сo., Ltd",http://www.cimarron.com.cn,abel@cimarron.com.cn,00 8618671419890,https://md.expodat.com/companies/company/40477-cimarron.html,40477,"Cimarron Garment (HuBei) Сo., Ltd | Китай | 14C72 | We are a company have Own factory from China with 20 years’ experience in ladies Woven ladies’ suits, blazers, pants, skirts, dress, coats etc. Every year produce about 400,000pcs high quality garments. Main customer includes Laura Canada, Beaumont, Josh V, NIKKIE, AAIKO! | http://www.cimarron.com.cn | abel@cimarron.com.cn",parsed_detail,,2026-08-24T05:45:15Z,cpm-moscow-autumn-2026-expodat-signo-v1.0.1,expodat_cpm_2026_autumn_public_catalog,537e36e7bdc43fbf016122e8132b5368db81b91b59e06e0cce985d066a0025f4,
CPM – Collection Première Moscow Осень 2026,1–4 сентября 2026,CITY CLASSIC,City Classic,"одежда, аксессуары",Россия,,,15C49,,"Мода и стиль; женская, мужская и детская одежда; аксессуары; текстиль",,CITY CLASSIC,,,+7 495 955 91 99,https://md.expodat.com/companies/company/35855-city-classic.html,35855,CITY CLASSIC | Россия | 15C49,parsed_detail,,2026-08-24T05:45:15Z,cpm-moscow-autumn-2026-expodat-signo-v1.0.1,expodat_cpm_2026_autumn_public_catalog,8b27eae780f7d1b8b1c7710c3295b60e13657d3e3977ad93cbf15b9a278f020c,
CPM – Collection Première Moscow Осень 2026,1–4 сентября 2026,CLASS CLUB,Class Club,"одежда, аксессуары",Турция,,,14B61,,"Мода и стиль; женская, мужская и детская одежда; аксессуары; текстиль",,CLASS CLUB,,,+7 495 955 91 99,https://md.expodat.com/companies/company/36044-class-club.html,36044,CLASS CLUB | Турция | 14B61,parsed_detail,,2026-08-24T05:45:15Z,cpm-moscow-autumn-2026-expodat-signo-v1.0.1,expodat_cpm_2026_autumn_public_catalog,cfea21e400b432a3407cbe733595e4cf1af4df0f0bc11585e97cb6a21b0e4366,
CPM – Collection Première Moscow Осень 2026,1–4 сентября 2026,CLAUDE,Claude,одежда,Россия,,,14D29,,"Мода и стиль; женская, мужская и детская одежда; аксессуары; текстиль","ВАЖЕН ЛИ БРЕНД ПРИ ПОКУПКЕ БРЮК – ОДНОГО ИЗ САМОГО ГЛАВНОГО ЭЛЕМЕНТА ГАРДЕРОБА МУЖЧИНЫ? БЕЗУСЛОВНО ВАЖЕН! ФИРМЕННЫЕ БРЮКИ ГАРАНТИРУЮТ КАЧЕСТВО. НА ЧТО СТОИТ ОБРАТИТЬ ВНИМАНИЕ ПРИ ПОКУПКЕ БРЮК ОПТОМ: КОМПАНИЯ, У КОТОРОЙ ВЫ ЗАКАЗЫВАЕТЕ ИЗДЕЛИЯ. ВАЖЕН ЛИ БРЕНД ПРИ ПОКУПКЕ БРЮК – ОДНОГО ИЗ САМОГО ГЛАВНОГО ЭЛЕМЕНТА ГАРДЕРОБА МУЖЧИНЫ? БЕЗУСЛОВНО ВАЖЕН! ФИРМЕННЫЕ БРЮКИ ГАРАНТИРУЮТ КАЧЕСТВО. НА ЧТО СТОИТ ОБРАТИТЬ ВНИМАНИЕ ПРИ ПОКУПКЕ БРЮК ОПТОМ: КОМПАНИЯ, У КОТОРОЙ ВЫ ЗАКАЗЫВАЕТЕ ИЗДЕЛИЯ. «CLAUDE» - ФИРМА С МНОГОЛЕТНИМ ОПЫТОМ РАБОТЫ (МЫ ПРОИЗВОДИМ ВЕЩИ УЖЕ БОЛЕЕ 10 ЛЕТ). ПОСТАВКА. БЫСТРАЯ И КАЧЕСТВЕННАЯ ПОСТАВКА БЕЗ ДОПОЛНИТЕЛЬНЫХ ПЕРЕПЛАТ. КАЧЕСТВО ИЗДЕЛИЙ. МЫ ПРЕДЛАГАЕМ БРЮКИ С НАТУРАЛЬНЫМИ И КОМФОРТНЫМИ ТКАНЯМИ, ГДЕ ТОЧНО ПРОДУМАНА ОТДЕЛКА, С АККУРАТНЫМИ ШВАМИ И ПРОРАБОТАННЫМИ ДЕТАЛЯМИ. КЛАУДЕ ПРОИЗВОДИТ МУЖСКИЕ БРЮКИ ОПТОМ, ОПИРАЯСЬ НА ТАКИЕ КРИТЕРИИ КАК КОМФОРТ, КАЧЕСТВО, КРАСИВЫЙ ВНЕШНИЙ ВИД. В ИЗГОТОВЛЕНИИ ИЗДЕЛИЙ ПРИМЕНЯЮТСЯ ТОЛЬКО КАЧЕСТВЕННЫЕ ТКАНИ, ГАРАНТИРУЮЩИЕ ДОЛГУЮ НОСКУ. КУПИТЬ МУЖСКИЕ БРЮКИ ОПТОМ ОТ РОССИЙСКОГО ПРОИЗВОДИТЕЛЯ МОЖНО ОЧЕНЬ ПРОСТО, СДЕЛАВ ЗАКАЗ ЧЕРЕЗ ИНТЕРНЕТ ИЛИ ПОЗВОНИВ ПО ТЕЛЕФОНУ, УКАЗАННОМУ НА НАШЕМ САЙТЕ. МЕНЕДЖЕРЫ НАШЕЙ КОМПАНИИ С УДОВОЛЬСТВИЕМ ПОМОГУТ ПОДОБРАТЬ МОДЕЛИ И ПРОКОНСУЛЬТИРУЮТ ВАС ПО ЛЮБОМУ ВОПРОСУ. СОВЕРШИТЬ ПОКУПКУ МОДНЫХ БРЮК «CLAUDE» ОПТОМ – ЗНАЧИТ СОВЕРШИТЬ ВЫГОДНУЮ СДЕЛКУ. КОМПАНИЯ «CLAUDE» ПРЕДСТАВЛЯЕТ МУЖСКИЕ БРЮКИ НА ОФИЦИАЛЬНОМ САЙТЕ В ШИРОКОМ АССОРТИМЕНТЕ И ПО РАЗУМНЫМ ЦЕНАМ.",CLAUDE,https://claude.ru/,opt@claude.ru,+7 495 955 91 99,https://md.expodat.com/companies/company/18792-claude.html,18792,"CLAUDE | Россия | 14D29 | ВАЖЕН ЛИ БРЕНД ПРИ ПОКУПКЕ БРЮК – ОДНОГО ИЗ САМОГО ГЛАВНОГО ЭЛЕМЕНТА ГАРДЕРОБА МУЖЧИНЫ? БЕЗУСЛОВНО ВАЖЕН! ФИРМЕННЫЕ БРЮКИ ГАРАНТИРУЮТ КАЧЕСТВО. НА ЧТО СТОИТ ОБРАТИТЬ ВНИМАНИЕ ПРИ ПОКУПКЕ БРЮК ОПТОМ: КОМПАНИЯ, У КОТОРОЙ ВЫ ЗАКАЗЫВАЕТЕ ИЗДЕЛИЯ. ВАЖЕН ЛИ БРЕНД ПРИ ПОКУПКЕ БРЮК – ОДНОГО ИЗ САМОГО ГЛАВНОГО ЭЛЕМЕНТА ГАРДЕРОБА МУЖЧИНЫ? БЕЗУСЛОВНО ВАЖЕН! ФИРМЕННЫЕ БРЮКИ ГАРАНТИРУЮТ КАЧЕСТВО. НА ЧТО СТОИТ ОБРАТИТЬ ВНИМАНИЕ ПРИ ПОКУПКЕ БРЮК ОПТОМ: КОМПАНИЯ, У КОТОРОЙ ВЫ ЗАКАЗЫВАЕТЕ ИЗДЕЛИЯ. «CLAUDE» - ФИРМА С МНОГОЛЕТНИМ ОПЫТОМ РАБОТЫ (МЫ ПРОИЗВОДИМ ВЕЩИ УЖЕ БОЛЕЕ 10 ЛЕТ). ПОСТАВКА. БЫСТРАЯ И КАЧЕСТВЕННАЯ ПОСТАВКА БЕЗ ДОПОЛНИТЕЛЬНЫХ ПЕРЕПЛАТ. КАЧЕСТВО ИЗДЕЛИЙ. МЫ ПРЕДЛАГАЕМ БРЮКИ С НАТУРАЛЬНЫМИ И КОМФОРТНЫМИ ТКАНЯМИ, ГДЕ ТОЧНО ПРОДУМАНА ОТДЕЛКА, С АККУРАТНЫМИ ШВАМИ И ПРОРАБОТАННЫМИ ДЕТАЛЯМИ. КЛАУДЕ ПРОИЗВОДИТ МУЖСКИЕ БРЮКИ ОПТОМ, ОПИРАЯСЬ НА ТАКИЕ КРИТЕРИИ КАК КОМФОРТ, КАЧЕСТВО, КРАСИВЫЙ ВНЕШНИЙ ВИД. В ИЗГОТОВЛЕНИИ ИЗДЕЛИЙ ПРИМЕНЯЮТСЯ ТОЛЬКО КАЧЕСТВЕННЫЕ ТКАНИ, ГАРАНТИРУЮЩИЕ ДОЛГУЮ НОСКУ. КУПИТЬ МУЖСКИЕ БРЮКИ ОПТОМ ОТ РОССИЙСКОГО ПРОИЗВОДИТЕЛЯ МОЖНО ОЧЕНЬ ПРОСТО, СДЕЛАВ ЗАКАЗ ЧЕРЕЗ ИНТЕРНЕТ ИЛИ ПОЗВОНИВ ПО ТЕЛЕФОНУ, УКАЗАННОМУ НА НАШЕМ САЙТЕ. МЕНЕДЖЕРЫ НАШЕЙ КОМПАНИ",parsed_detail,,2026-08-24T05:45:15Z,cpm-moscow-autumn-2026-expodat-signo-v1.0.1,expodat_cpm_2026_autumn_public_catalog,5cb6a70dc493cf390957f79a331f71dd58db0d41e05342881da6334c30e950ad,
CPM – Collection Première Moscow Осень 2026,1–4 сентября 2026,CLIMBER B.C.,Climber B.C.,"одежда, аксессуары",Турция,,,13D10,,"Мода и стиль; женская, мужская и детская одежда; аксессуары; текстиль",CLIMBER B.C. ВЕСНА-ЛЕТО 27 www.climberbc.com,CLIMBER B.C.,http://www.climberbc.com,sales1@climberbc.com,0090 212 638 77 26,https://md.expodat.com/companies/company/22706-climber-by-cuno.html,22706,CLIMBER B.C. | Турция | 13D10 | CLIMBER B.C. ВЕСНА-ЛЕТО 27 www.climberbc.com | http://www.climberbc.com | sales1@climberbc.com,parsed_detail,,2026-08-24T05:45:15Z,cpm-moscow-autumn-2026-expodat-signo-v1.0.1,expodat_cpm_2026_autumn_public_catalog,953e7b4f3b161c188fdfdadbe5e3dc52b0e58018b92c97a5e04e8c822348f58b,
CPM – Collection Première Moscow Осень 2026,1–4 сентября 2026,CLOXY,CLOXY,"одежда, аксессуары",Россия,,,14Е28 / 14F29,,"Мода и стиль; женская, мужская и детская одежда; аксессуары; текстиль",,CLOXY,,,+7 495 955 91 99,https://md.expodat.com/companies/company/24792-cloxy.html,24792,CLOXY | Россия | 14Е28 / 14F29,parsed_detail,,2026-08-24T05:45:15Z,cpm-moscow-autumn-2026-expodat-signo-v1.0.1,expodat_cpm_2026_autumn_public_catalog,dad5756711913c198870c0848cc689194b4e87e57c821ed435f4f558351f565a,
CPM – Collection Première Moscow Осень 2026,1–4 сентября 2026,CLUB VOLTAIRE,Club Voltaire,одежда,Италия,,,13A29,,"Мода и стиль; женская, мужская и детская одежда; аксессуары; текстиль","Club Voltaire - бренд премиум класса с производством в Италии - создает модную женскую одежду, современные, женственные образы в непринужденном стиле. Club Voltaire работает в точке соприкосновения кутюр и одежды массового производства, отшивая роскошную, модную и не теряющую актуальность одежду для повседневной жизни. Club Voltaire - бренд премиум класса с производством в Италии - создает модную женскую одежду, современные, женственные образы в непринужденном стиле. Club Voltaire работает в точке соприкосновения кутюр и одежды массового производства, отшивая роскошную, модную и не теряющую актуальность одежду для повседневной жизни. Придерживаясь традиций итальянского производства, марка предлагает овременное прочтение женственности. Одежда в непринужденном стиле, с долгим сроком службы и уникальными тканями способна преобразить свою владелицу. Каждое изделие это результат кропотливой работы, с самого начала производства и до завершающей стадии. Эклектичная линия качественной женской одежды Club Voltaire отвечает запросам женщины на собственный стиль, современный, повседневный и для особых случаев. Наша миссия - создавать одежду высочайшего качества, удовлетворяющую желания и потребности клиентов, и по разумным ценам.",CLUB VOLTAIRE,http://www.clubvoltaire.it,info@clubvoltaire.it,+39 0573 975501,https://md.expodat.com/companies/company/19440-club-voltaire.html,19440,"CLUB VOLTAIRE | Италия | 13A29 | Club Voltaire - бренд премиум класса с производством в Италии - создает модную женскую одежду, современные, женственные образы в непринужденном стиле. Club Voltaire работает в точке соприкосновения кутюр и одежды массового производства, отшивая роскошную, модную и не теряющую актуальность одежду для повседневной жизни. Club Voltaire - бренд премиум класса с производством в Италии - создает модную женскую одежду, современные, женственные образы в непринужденном стиле. Club Voltaire работает в точке соприкосновения кутюр и одежды массового производства, отшивая роскошную, модную и не теряющую актуальность одежду для повседневной жизни. Придерживаясь традиций итальянского производства, марка предлагает овременное прочтение женственности. Одежда в непринужденном стиле, с долгим сроком службы и уникальными тканями способна преобразить свою владелицу. Каждое изделие это результат кропотливой работы, с самого начала производства и до завершающей стадии. Эклектичная линия качественной женской одежды Club Voltaire отвечает запросам женщины на собственный стиль, современный, повседневный и для особых случаев. Наша миссия - создавать одежду высочайшего качеств",parsed_detail,,2026-08-24T05:45:15Z,cpm-moscow-autumn-2026-expodat-signo-v1.0.1,expodat_cpm_2026_autumn_public_catalog,96058122b29f04ad6b4490c2939c7b315e8f79173763baabcbe0197dd8500fb9,
CPM – Collection Première Moscow Осень 2026,1–4 сентября 2026,COEUR DE LION,Coeur De Lion,"одежда, аксессуары",Германия,,,15A66,,"Мода и стиль; женская, мужская и детская одежда; аксессуары; текстиль",,COEUR DE LION,,,+7 495 955 91 99,https://md.expodat.com/companies/company/37223-coeur-de-lion.html,37223,COEUR DE LION | Германия | 15A66,parsed_detail,,2026-08-24T05:45:15Z,cpm-moscow-autumn-2026-expodat-signo-v1.0.1,expodat_cpm_2026_autumn_public_catalog,4f3cbe72aa130e5b29a94255629e24c3b6d53943765d1ec000ebc7fa18996866,
CPM – Collection Première Moscow Осень 2026,1–4 сентября 2026,COMINTERN,Comintern,одежда,Беларусь,,,14C20,,"Мода и стиль; женская, мужская и детская одежда; аксессуары; текстиль","ОАО «Коминтерн» – лидер в производстве классической мужской, женской одежды и одежды для мальчиков в Республике Беларусь. История предприятия насчитывает более 105 лет успешной деятельности по производству модной и качественной одежды. ОАО «Коминтерн» – лидер в производстве классической мужской, женской одежды и одежды для мальчиков в Республике Беларусь. История предприятия насчитывает более 105 лет успешной деятельности по производству модной и качественной одежды. COMINTERN – предприятие, на котором осуществляется полный производственный цикл создания одежды для мужчин, женщин и мальчиков, начиная с разработки эскизов и заканчивая реализацией готовых изделий.",COMINTERN,https://comintern.by/,comintern@comintern.by,+7 495 955 91 99,https://md.expodat.com/companies/company/18798-comintern.html,18798,"COMINTERN | Беларусь | 14C20 | ОАО «Коминтерн» – лидер в производстве классической мужской, женской одежды и одежды для мальчиков в Республике Беларусь. История предприятия насчитывает более 105 лет успешной деятельности по производству модной и качественной одежды. ОАО «Коминтерн» – лидер в производстве классической мужской, женской одежды и одежды для мальчиков в Республике Беларусь. История предприятия насчитывает более 105 лет успешной деятельности по производству модной и качественной одежды. COMINTERN – предприятие, на котором осуществляется полный производственный цикл создания одежды для мужчин, женщин и мальчиков, начиная с разработки эскизов и заканчивая реализацией готовых изделий. | https://comintern.by/ | comintern@comintern.by",parsed_detail,,2026-08-24T05:45:15Z,cpm-moscow-autumn-2026-expodat-signo-v1.0.1,expodat_cpm_2026_autumn_public_catalog,edd3dc0bbe0b22ee01d086c11f56b6660a4b1de78f067110ba6a599718fbcf83,
CPM – Collection Première Moscow Осень 2026,1–4 сентября 2026,COMPANY_NAME,Company_Name,"одежда, аксессуары",Россия,,,,,"Мода и стиль; женская, мужская и детская одежда; аксессуары; текстиль",Подробное описание организации Подробное описание организации Подробное описание организации Подробное описание организации Подробное описание организации Подробное описание организации Подробное описание организации Подробное описание организации Подробное описание организации Подробное описание организации.,COMPANY_NAME,,,+7 495 955 91 99,https://md.expodat.com/companies/company/19614-company-name.html,19614,COMPANY_NAME | Россия | Подробное описание организации Подробное описание организации Подробное описание организации Подробное описание организации Подробное описание организации Подробное описание организации Подробное описание организации Подробное описание организации Подробное описание организации Подробное описание организации.,parsed_detail,,2026-08-24T05:45:15Z,cpm-moscow-autumn-2026-expodat-signo-v1.0.1,expodat_cpm_2026_autumn_public_catalog,8bef49139dd08fee14db58dfb3c4f344f1829f85983bffa26b6a40d0967dc9f1,
CPM – Collection Première Moscow Осень 2026,1–4 сентября 2026,CONFABI,Confabi,"одежда, аксессуары",Италия,,,13B35,,"Мода и стиль; женская, мужская и детская одежда; аксессуары; текстиль","Изысканный выбор комфортных высококачественных тканей воплощается в гламурных и женственных моделях, дополненных интригующими и неожиданными сочетаниями, всегда эксклюзивными и неповторимыми. MAESTA создана для женщин, которые стремятся к оригинальности и современной элегантности в своей повседневной жизни.",CONFABI,http://www.ma-esta.it/,commerciale@confabi.it,+39 0377 56018,https://md.expodat.com/companies/company/28669-confabi.html,28669,"CONFABI | Италия | 13B35 | Изысканный выбор комфортных высококачественных тканей воплощается в гламурных и женственных моделях, дополненных интригующими и неожиданными сочетаниями, всегда эксклюзивными и неповторимыми. MAESTA создана для женщин, которые стремятся к оригинальности и современной элегантности в своей повседневной жизни. | http://www.ma-esta.it/ | commerciale@confabi.it",parsed_detail,,2026-08-24T05:45:15Z,cpm-moscow-autumn-2026-expodat-signo-v1.0.1,expodat_cpm_2026_autumn_public_catalog,31daceff904a127ec99980cbb322934a8c9daee3861f48b7b0ecdffbbcd412ef,
CPM – Collection Première Moscow Осень 2026,1–4 сентября 2026,CONFEZIONI FRAMER,Confezioni Framer,"одежда, аксессуары",Италия,,,13A18,,"Мода и стиль; женская, мужская и детская одежда; аксессуары; текстиль","​Роскошь, мода, женственность, мягкий силуэт, характеризуют коллекцию ""FRANCESCA MERCURIALI SS2027"". Все товары полностью сделаны в Италии с использованием драгоценных итальянских тканей и пряжи. Изысканные и эксклюзивные стиль вместе с драгоценной вышивкой придают коллекции сильный и чрезвычайно элегантный характер.",CONFEZIONI FRAMER,http://www.francescamercuriali.com,info@francescamercuriali.com,+39 0546 46225,https://md.expodat.com/companies/company/19572-confezioni-framer.html,19572,"CONFEZIONI FRAMER | Италия | 13A18 | ​Роскошь, мода, женственность, мягкий силуэт, характеризуют коллекцию ""FRANCESCA MERCURIALI SS2027"". Все товары полностью сделаны в Италии с использованием драгоценных итальянских тканей и пряжи. Изысканные и эксклюзивные стиль вместе с драгоценной вышивкой придают коллекции сильный и чрезвычайно элегантный характер. | http://www.francescamercuriali.com | info@francescamercuriali.com",parsed_detail,,2026-08-24T05:45:15Z,cpm-moscow-autumn-2026-expodat-signo-v1.0.1,expodat_cpm_2026_autumn_public_catalog,c631689362bcad0b5c822f01343e771c5344f31869cdc42b5820ffd68f28f07b,
CPM – Collection Première Moscow Осень 2026,1–4 сентября 2026,CONSO,CONSO,"текстиль и трикотаж, одежда",Россия,,,14D40 / 14Е41,,"Мода и стиль; женская, мужская и детская одежда; аксессуары; текстиль","CONSO - холдинг европейского уровня с федеральной сетью розничных магазинов и оптовым направлением. У компании CONSO есть несколько флагманских направлений: верхняя одежда, трикотаж, базовая линейка швейных изделий. CONSO - холдинг европейского уровня с федеральной сетью розничных магазинов и оптовым направлением. У компании CONSO есть несколько флагманских направлений: верхняя одежда, трикотаж, базовая линейка швейных изделий. Пальто и куртки с натуральным наполнителем (90% пух, 10% перо), а также модели из вязаного трикотажа CONSO уже много лет занимают лидирующие позиции. Миссия бренда: «Мы создаем не одежду, а историю! Индивидуальную историю для каждой женщины, где главное функциональность и качество - это то, что определяет базовый гардероб на долгие годы».",CONSO,https://consoopt.ru/,nikitina@consowear.ru,+7 495 955 91 99,https://md.expodat.com/companies/company/19824-conso-wear.html,19824,"CONSO | Россия | 14D40 / 14Е41 | CONSO - холдинг европейского уровня с федеральной сетью розничных магазинов и оптовым направлением. У компании CONSO есть несколько флагманских направлений: верхняя одежда, трикотаж, базовая линейка швейных изделий. CONSO - холдинг европейского уровня с федеральной сетью розничных магазинов и оптовым направлением. У компании CONSO есть несколько флагманских направлений: верхняя одежда, трикотаж, базовая линейка швейных изделий. Пальто и куртки с натуральным наполнителем (90% пух, 10% перо), а также модели из вязаного трикотажа CONSO уже много лет занимают лидирующие позиции. Миссия бренда: «Мы создаем не одежду, а историю! Индивидуальную историю для каждой женщины, где главное функциональность и качество - это то, что определяет базовый гардероб на долгие годы». | https://consoopt.ru/ | nikitina@consowear.ru",parsed_detail,,2026-08-24T05:45:15Z,cpm-moscow-autumn-2026-expodat-signo-v1.0.1,expodat_cpm_2026_autumn_public_catalog,b60eac8f0f389c659643f7585f5f09ad4e835669b53051f11a35843f0476df66,
CPM – Collection Première Moscow Осень 2026,1–4 сентября 2026,CPM fashion stage,CPM fashion stage,,,,,,,"Мода и стиль; женская, мужская и детская одежда; аксессуары; текстиль","Ярким элементом выставки CPM традиционно становится программа подиумных показов CPM Fashion Stage — динамичная платформа, где мода оживает в движении. В её расписание входят премьерные презентации коллекций брендов-участников, позволяющие профессиональной аудитории первыми увидеть ключевые тренды сезона, оценить силуэты, материалы и стилистические решения в реальном времени.",CPM fashion stage,,,+7 495 955 91 99,https://md.expodat.com/companies/company/37439-cpm-fashion-stage.html,37439,"CPM fashion stage | Ярким элементом выставки CPM традиционно становится программа подиумных показов CPM Fashion Stage — динамичная платформа, где мода оживает в движении. В её расписание входят премьерные презентации коллекций брендов-участников, позволяющие профессиональной аудитории первыми увидеть ключевые тренды сезона, оценить силуэты, материалы и стилистические решения в реальном времени.",parsed_detail,products,2026-08-24T05:45:15Z,cpm-moscow-autumn-2026-expodat-signo-v1.0.1,expodat_cpm_2026_autumn_public_catalog,916202383460dd2a94b1d8ba11fa6f8c0bb8829eea6cebec7b825ebeed95d59a,
CPM – Collection Première Moscow Осень 2026,1–4 сентября 2026,CRACPOT JEANS,Cracpot Jeans,"одежда, аксессуары",Турция,,,14A58,,"Мода и стиль; женская, мужская и детская одежда; аксессуары; текстиль",,CRACPOT JEANS,,,+7 495 955 91 99,https://md.expodat.com/companies/company/36078-cracpot-jeans.html,36078,CRACPOT JEANS | Турция | 14A58,parsed_detail,,2026-08-24T05:45:15Z,cpm-moscow-autumn-2026-expodat-signo-v1.0.1,expodat_cpm_2026_autumn_public_catalog,8ca3206c0192b682d385df915b7a448dff89bcd3257dfee7b7d2d67a961ca8a4,
CPM – Collection Première Moscow Осень 2026,1–4 сентября 2026,CREAZIONI ANTONELLA,Creazioni Antonella,текстиль и трикотаж,Италия,,,13B01,,"Мода и стиль; женская, мужская и детская одежда; аксессуары; текстиль","На протяжении шести десятилетий мы отдаем всю свою душу искусству изготовления итальянских трикотажных изделий. С 1962 года основательница Маria Tesei зажгла пламя, которое продолжает ярко гореть. Руководствуясь ее страстью, мы посвящаем себя созданию роскошных трикотажных изделий, которые воплощают в себе суть элегантности и вневременной красоты.",CREAZIONI ANTONELLA,http://www.antonellacouture.com,info@creazioniantonella.com,+39 0721 281209,https://md.expodat.com/companies/company/19446-creazioni-antonella.html,19446,"CREAZIONI ANTONELLA | Италия | 13B01 | На протяжении шести десятилетий мы отдаем всю свою душу искусству изготовления итальянских трикотажных изделий. С 1962 года основательница Маria Tesei зажгла пламя, которое продолжает ярко гореть. Руководствуясь ее страстью, мы посвящаем себя созданию роскошных трикотажных изделий, которые воплощают в себе суть элегантности и вневременной красоты. | http://www.antonellacouture.com | info@creazioniantonella.com",parsed_detail,,2026-08-24T05:45:15Z,cpm-moscow-autumn-2026-expodat-signo-v1.0.1,expodat_cpm_2026_autumn_public_catalog,a704d9979989f0ca35fb38a773188db86199d6faf4de6e9079d566c890b8805a,
CPM – Collection Première Moscow Осень 2026,1–4 сентября 2026,CUTCUUTUR,Cutcuutur,"одежда, аксессуары",,,,13C39,,"Мода и стиль; женская, мужская и детская одежда; аксессуары; текстиль",,CUTCUUTUR,,,+7 495 955 91 99,https://md.expodat.com/companies/company/41446-cutcuutur.html,41446,CUTCUUTUR | 13C39,parsed_detail,,2026-08-24T05:45:15Z,cpm-moscow-autumn-2026-expodat-signo-v1.0.1,expodat_cpm_2026_autumn_public_catalog,359d883cbd865aa6c9b73d7366db9ebd17565e4f1518c91216a2b0c429440d0e,
CPM – Collection Première Moscow Осень 2026,1–4 сентября 2026,"DALIAN HONGDA GARMENT CO.,LTD.","Dalian Hongda Garment Co.,Ltd.","текстиль и трикотаж, одежда",Китай,,,15A89,,"Мода и стиль; женская, мужская и детская одежда; аксессуары; текстиль","-Founded in 2014 and located in Dalian, we have 95 employees in head office, 3 persons in Myanmar office and 150 workers in our factory which has passed SEDEX & BSCI audit . We have 40 factories with long term cooperative relationship in China and Myanmar , we can produce from 1.5 to 16 gauge and all kinds of integrated clothing products. Main products are men’s/lady’s/ kid’s knit wear, including sweater, cardigan, knitted vest⊤, jumpers with various neck styles,skirt,pants and so on. we have professional management system and quality cont","DALIAN HONGDA GARMENT CO.,LTD.",http://www.dl-hongda.com,salessect10@dl-hongda.com,008613504265338,https://md.expodat.com/companies/company/40546-hd.html,40546,"DALIAN HONGDA GARMENT CO.,LTD. | Китай | 15A89 | -Founded in 2014 and located in Dalian, we have 95 employees in head office, 3 persons in Myanmar office and 150 workers in our factory which has passed SEDEX & BSCI audit . We have 40 factories with long term cooperative relationship in China and Myanmar , we can produce from 1.5 to 16 gauge and all kinds of integrated clothing products. Main products are men’s/lady’s/ kid’s knit wear, including sweater, cardigan, knitted vest⊤, jumpers with various neck styles,skirt,pants and so on. we have professional management system and quality cont | http://www.dl-hongda.com | salessect10@dl-hongda.com",parsed_detail,,2026-08-24T05:45:15Z,cpm-moscow-autumn-2026-expodat-signo-v1.0.1,expodat_cpm_2026_autumn_public_catalog,49f89abb032ecb5f53673496c317911df136a9c2fc9195994c7ebc5affbdc2af,
CPM – Collection Première Moscow Осень 2026,1–4 сентября 2026,"DANDONG BAICAN CLOTHING CO., LTD","Dandong Baican Clothing Co., Ltd","одежда, аксессуары",,,,15Е62,,"Мода и стиль; женская, мужская и детская одежда; аксессуары; текстиль",,"DANDONG BAICAN CLOTHING CO., LTD",,,+7 495 955 91 99,https://md.expodat.com/companies/company/41413-dandong-baican-clothing-co-ltd.html,41413,"DANDONG BAICAN CLOTHING CO., LTD | 15Е62",parsed_detail,,2026-08-24T05:45:15Z,cpm-moscow-autumn-2026-expodat-signo-v1.0.1,expodat_cpm_2026_autumn_public_catalog,d1b390a0c666ea94077b36b8b1892135725db4c79b78b6e5837a8c2bf4ae22fe,
CPM – Collection Première Moscow Осень 2026,1–4 сентября 2026,"DANDONG H&G GARMENT CO.,LTD.","Dandong H&G Garment Co.,Ltd.",одежда,Китай,,,15D59,,"Мода и стиль; женская, мужская и детская одежда; аксессуары; текстиль","DANDONG H&G GARMENT CO.,LTD.","DANDONG H&G GARMENT CO.,LTD.",,ally@haihegu.com,+86-13285327776,https://md.expodat.com/companies/company/41128-dandong-h-g-garment-co-ltd.html,41128,"DANDONG H&G GARMENT CO.,LTD. | Китай | 15D59 | DANDONG H&G GARMENT CO.,LTD. | ally@haihegu.com",parsed_detail,,2026-08-24T05:45:15Z,cpm-moscow-autumn-2026-expodat-signo-v1.0.1,expodat_cpm_2026_autumn_public_catalog,bf35cb812b4ed7f592b2389173ffbc36a73fb722ebde2bf8f745e242e9c268ea,
CPM – Collection Première Moscow Осень 2026,1–4 сентября 2026,DANIELA DREI,Daniela Drei,"текстиль и трикотаж, одежда",Италия,,,13A30,,"Мода и стиль; женская, мужская и детская одежда; аксессуары; текстиль","Одежда DANIELA DREI предназначена для коктейльного дня и отдыха. Наши продукты состоят из скоординированного трикотажа, платья, свитера с добавлением деталей или брюк, жакета, футболки, юбки, рубахи и блузы строго из ткани и трикотажа. Размерный план DANIELA DREI варьируется от 40 до 56 размера.",DANIELA DREI,,admin@danieladrei.it,+39 051 6241860,https://md.expodat.com/companies/company/19551-daniela-drei.html,19551,"DANIELA DREI | Италия | 13A30 | Одежда DANIELA DREI предназначена для коктейльного дня и отдыха. Наши продукты состоят из скоординированного трикотажа, платья, свитера с добавлением деталей или брюк, жакета, футболки, юбки, рубахи и блузы строго из ткани и трикотажа. Размерный план DANIELA DREI варьируется от 40 до 56 размера. | admin@danieladrei.it",parsed_detail,,2026-08-24T05:45:15Z,cpm-moscow-autumn-2026-expodat-signo-v1.0.1,expodat_cpm_2026_autumn_public_catalog,dbfd3dbcd84f10d29beab419715a23fa27dac1cd6698c3c9e9a0550d12fefe0f,
CPM – Collection Première Moscow Осень 2026,1–4 сентября 2026,DANIELE CALLEGARI,Daniele Callegari,одежда,Италия,,,13C09,,"Мода и стиль; женская, мужская и детская одежда; аксессуары; текстиль","ДНК бренда “DANIELE CALLEGARI” - это натуральные ткани и мягкие линии, подчеркивающие женственность. Уникальные, яркие принты создают свежий, современный и элегантный образ. Одежду бренда выбирают многие женщины по всему миру, от Италии до Мозамбика, от России до Канады. И это неудивительно, ведь марка на 100% соответствует высоким стандартам качества “Сделано в Италии”",DANIELE CALLEGARI,http://www.danielecallegari.it,info@danielecallegari.it,+7 495 955 91 99,https://md.expodat.com/companies/company/24930-daniele-callegari.html,24930,"DANIELE CALLEGARI | Италия | 13C09 | ДНК бренда “DANIELE CALLEGARI” - это натуральные ткани и мягкие линии, подчеркивающие женственность. Уникальные, яркие принты создают свежий, современный и элегантный образ. Одежду бренда выбирают многие женщины по всему миру, от Италии до Мозамбика, от России до Канады. И это неудивительно, ведь марка на 100% соответствует высоким стандартам качества “Сделано в Италии” | http://www.danielecallegari.it | info@danielecallegari.it",parsed_detail,,2026-08-24T05:45:15Z,cpm-moscow-autumn-2026-expodat-signo-v1.0.1,expodat_cpm_2026_autumn_public_catalog,5fbace630ff42099bc5d7c256471dde4f0f74c5d5cb98ce5dc95b36038031f20,
CPM – Collection Première Moscow Осень 2026,1–4 сентября 2026,DARIO BELTRAN,Dario Beltran,одежда,Испания,,,14Е31,,"Мода и стиль; женская, мужская и детская одежда; аксессуары; текстиль","Бренд DARIO BELTRAN был основан в 1931 году в Испании как производитель мужских рубашек. Это была первая фабрика по серийному производству мужской сорочки в стране. Сегодня производство насчитывает две фабрики в Испании и Румынии, несколько технологических линий в Турции и Португалии а также супер современные линии по раскрою и склады готовой продукции и сырья. Бренд DARIO BELTRAN был основан в 1931 году в Испании как производитель мужских рубашек. Это была первая фабрика по серийному производству мужской сорочки в стране. Сегодня производство насчитывает две фабрики в Испании и Румынии, несколько технологических линий в Турции и Португалии а также супер современные линии по раскрою и склады готовой продукции и сырья. Ассортимент бренда расширился и сегодня включает практически все категории мужской одежды: рубашки, брюки, джемпера, кардиганы, толстовки, футболки, шорты и т.д. Мы выпускам две коллекции в год и продаемся в более чем 2000 магазинах по всему миру.",DARIO BELTRAN,http://www.dariobeltran.ru,contact@dariobeltran.ru,+74959702170,https://md.expodat.com/companies/company/21573-dario-beltran.html,21573,"DARIO BELTRAN | Испания | 14Е31 | Бренд DARIO BELTRAN был основан в 1931 году в Испании как производитель мужских рубашек. Это была первая фабрика по серийному производству мужской сорочки в стране. Сегодня производство насчитывает две фабрики в Испании и Румынии, несколько технологических линий в Турции и Португалии а также супер современные линии по раскрою и склады готовой продукции и сырья. Бренд DARIO BELTRAN был основан в 1931 году в Испании как производитель мужских рубашек. Это была первая фабрика по серийному производству мужской сорочки в стране. Сегодня производство насчитывает две фабрики в Испании и Румынии, несколько технологических линий в Турции и Португалии а также супер современные линии по раскрою и склады готовой продукции и сырья. Ассортимент бренда расширился и сегодня включает практически все категории мужской одежды: рубашки, брюки, джемпера, кардиганы, толстовки, футболки, шорты и т.д. Мы выпускам две коллекции в год и продаемся в более чем 2000 магазинах по всему миру. | http://www.dariobeltran.ru | contact@dariobeltran.ru",parsed_detail,,2026-08-24T05:45:15Z,cpm-moscow-autumn-2026-expodat-signo-v1.0.1,expodat_cpm_2026_autumn_public_catalog,7ba53649df3785cf05d195e75caa41a5e1267ea9e9cd58c2ac828fc8bf7ae48c,
CPM – Collection Première Moscow Осень 2026,1–4 сентября 2026,DARITT,Daritt,"одежда, аксессуары",Россия,,,15A68,,"Мода и стиль; женская, мужская и детская одежда; аксессуары; текстиль",,DARITT,,,+7 495 955 91 99,https://md.expodat.com/companies/company/20550-daritt.html,20550,DARITT | Россия | 15A68,parsed_detail,,2026-08-24T05:45:15Z,cpm-moscow-autumn-2026-expodat-signo-v1.0.1,expodat_cpm_2026_autumn_public_catalog,41fcb68fdff5ed42167c9f63e1da9693bd1c5eb1460151b21ac153ef2d80e214,
CPM – Collection Première Moscow Осень 2026,1–4 сентября 2026,DARKWIN,Darkwin,"одежда, аксессуары",Турция,,,14C10,,"Мода и стиль; женская, мужская и детская одежда; аксессуары; текстиль",,DARKWIN,http://darkmen@darkmen.com.tr,darkmen@darkmen.com.tr,+7 495 955 91 99,https://md.expodat.com/companies/company/22703-darkwin.html,22703,DARKWIN | Турция | 14C10 | http://darkmen@darkmen.com.tr | darkmen@darkmen.com.tr,parsed_detail,,2026-08-24T05:45:15Z,cpm-moscow-autumn-2026-expodat-signo-v1.0.1,expodat_cpm_2026_autumn_public_catalog,fc0cf3112292c20cc2cc7884ebc26f3b1e951ce4527c2817e3303f975ac6babd,
CPM – Collection Première Moscow Осень 2026,1–4 сентября 2026,DARÁDORA,Darádora,изделия из кожи и меха,Турция,,,13F21,,"Мода и стиль; женская, мужская и детская одежда; аксессуары; текстиль","-С 1995 года мы создаем изделия из натуральной кожи, замши и овчины. Весь наш опыт и стиль, сложившийся за 30 лет работы мы представляем в новом бренде DARÁDORA в высочайшем качестве сырья, актуальных фактурах и дизайне.",DARÁDORA,,info@daradora.com,+90 532 253 14 41,https://md.expodat.com/companies/company/36088-daradora.html,36088,"DARÁDORA | Турция | 13F21 | -С 1995 года мы создаем изделия из натуральной кожи, замши и овчины. Весь наш опыт и стиль, сложившийся за 30 лет работы мы представляем в новом бренде DARÁDORA в высочайшем качестве сырья, актуальных фактурах и дизайне. | info@daradora.com",parsed_detail,,2026-08-24T05:45:15Z,cpm-moscow-autumn-2026-expodat-signo-v1.0.1,expodat_cpm_2026_autumn_public_catalog,afc92cef276aa25ca24d8950fc601a08eb18f5fccab3bc70973eb80d6e7a3cc4,
CPM – Collection Première Moscow Осень 2026,1–4 сентября 2026,Davydov,Davydov,"одежда, аксессуары",Беларусь,,,15B02,,"Мода и стиль; женская, мужская и детская одежда; аксессуары; текстиль",,Davydov,,,+7 495 955 91 99,https://md.expodat.com/companies/company/31046-davydov.html,31046,Davydov | Беларусь | 15B02,parsed_detail,,2026-08-24T05:45:15Z,cpm-moscow-autumn-2026-expodat-signo-v1.0.1,expodat_cpm_2026_autumn_public_catalog,e9bbba6c33bec302a2ea1895d824bd8931dee6548d249171fe97d6b6f68d12ff,
CPM – Collection Première Moscow Осень 2026,1–4 сентября 2026,dbr,dbr,одежда,Россия,,,15C18,,"Мода и стиль; женская, мужская и детская одежда; аксессуары; текстиль","Мы бренд сумоĸ и женсĸой одежды с семейными традициями - DBR. За нашим именем стоит два десятилетия эĸспертной работы с натуральной ĸожей и вязаным триĸотажем. Мы - российсĸий бренд с ĸреативным центром в Мосĸве и собственной производственной базой в России, где идеи обретают форму. Мы бренд сумоĸ и женсĸой одежды с семейными традициями - DBR. За нашим именем стоит два десятилетия эĸспертной работы с натуральной ĸожей и вязаным триĸотажем. Мы - российсĸий бренд с ĸреативным центром в Мосĸве и собственной производственной базой в России, где идеи обретают форму. Наша философия проста и близĸа ĸаждой женщине: D - дарить вдохновение ĸаждый день, B – баловать безупречным ĸачеством, R – радовать стилем вне времени. В течение многих лет на нашем производстве создавались изделия для ведущих представителей индустрии моды. Технологичность оборудования, высоĸий стандарт ĸачества и исĸлючительное мастерство людей, работающих здесь десятилетиями, сегодня определяют подход ĸ созданию бренда DBR. Мы создаем сумĸи и одежду вне времени — ту самую «долгую» моду, ĸоторая становится основой гардероба на годы. Наши модели лаĸонично вписываются в любой стиль и находят отĸлиĸ у самого разного возраста. Мы предлагаем формат smart casual, где на первом месте - ĸачество и надежность. Наши ĸоллеĸции обновляются ĸаждую неделю, предлагая большой ассортимент в разнообразной цветовой палитре. В основе наших изделий - натуральная зернистая ĸожа и замша. Мы шьем на том же оборудовании, что и ведущие мировые бренды, используя премиум фурнитуру с ĸачественной гальваниĸой и итальянсĸие материалы для внутреннего наполнения. Для нас важно, чтобы вы не тольĸо видели ĸачество, но чувствовали заботу, вложенную в детали. Чтобы, надевая уютный вязаный ĸостюм или взяв любимую сумĸу, вы ощущали лёгĸость, уверенность и тихую радость от обладания чем-то по-настоящему своим. Расĸрывающим ваше настроение и ваш стиль.",dbr,https://dbrstore.ru,info@dbrstore.ru,+74957072350,https://md.expodat.com/companies/company/38666-deboro.html,38666,"dbr | Россия | 15C18 | Мы бренд сумоĸ и женсĸой одежды с семейными традициями - DBR. За нашим именем стоит два десятилетия эĸспертной работы с натуральной ĸожей и вязаным триĸотажем. Мы - российсĸий бренд с ĸреативным центром в Мосĸве и собственной производственной базой в России, где идеи обретают форму. Мы бренд сумоĸ и женсĸой одежды с семейными традициями - DBR. За нашим именем стоит два десятилетия эĸспертной работы с натуральной ĸожей и вязаным триĸотажем. Мы - российсĸий бренд с ĸреативным центром в Мосĸве и собственной производственной базой в России, где идеи обретают форму. Наша философия проста и близĸа ĸаждой женщине: D - дарить вдохновение ĸаждый день, B – баловать безупречным ĸачеством, R – радовать стилем вне времени. В течение многих лет на нашем производстве создавались изделия для ведущих представителей индустрии моды. Технологичность оборудования, высоĸий стандарт ĸачества и исĸлючительное мастерство людей, работающих здесь десятилетиями, сегодня определяют подход ĸ созданию бренда DBR. Мы создаем сумĸи и одежду вне времени — ту самую «долгую» моду, ĸоторая становится основой гардероба на годы. Наши модели лаĸонично вписываются в любой стиль и находят отĸлиĸ у са",parsed_detail,,2026-08-24T05:45:15Z,cpm-moscow-autumn-2026-expodat-signo-v1.0.1,expodat_cpm_2026_autumn_public_catalog,ca7797e794593fcce34bdefbe1d51bf51a5ea3b136bb7d81a6f1926c4f23f42b,
CPM – Collection Première Moscow Осень 2026,1–4 сентября 2026,DE-GOSA,De-Gosa,"одежда, аксессуары",Россия,,,15A10,,"Мода и стиль; женская, мужская и детская одежда; аксессуары; текстиль",,DE-GOSA,,,+7 495 955 91 99,https://md.expodat.com/companies/company/34214-de-gosa.html,34214,DE-GOSA | Россия | 15A10,parsed_detail,,2026-08-24T05:45:15Z,cpm-moscow-autumn-2026-expodat-signo-v1.0.1,expodat_cpm_2026_autumn_public_catalog,ebe142aa40f50b28ed0d975bb60d1c64f3113b2b423f49c36462ae00628875f4,
CPM – Collection Première Moscow Осень 2026,1–4 сентября 2026,DEA GIOIELLI,Dea Gioielli,"одежда, аксессуары",Италия,,,15B47,,"Мода и стиль; женская, мужская и детская одежда; аксессуары; текстиль",,DEA GIOIELLI,,,+7 495 955 91 99,https://md.expodat.com/companies/company/40272-dea-gioielli.html,40272,DEA GIOIELLI | Италия | 15B47,parsed_detail,,2026-08-24T05:45:15Z,cpm-moscow-autumn-2026-expodat-signo-v1.0.1,expodat_cpm_2026_autumn_public_catalog,6e07844659025d618f281d7545491c3e6c9a84c78e69388465b2929f1ac84c43,
CPM – Collection Première Moscow Осень 2026,1–4 сентября 2026,Devur,Devur,"одежда, аксессуары",Беларусь,,,15B18 / 15C19,,"Мода и стиль; женская, мужская и детская одежда; аксессуары; текстиль",,Devur,,,+7 495 955 91 99,https://md.expodat.com/companies/company/31520-devur.html,31520,Devur | Беларусь | 15B18 / 15C19,parsed_detail,,2026-08-24T05:45:15Z,cpm-moscow-autumn-2026-expodat-signo-v1.0.1,expodat_cpm_2026_autumn_public_catalog,ed25686b703175a5d42bdc4293282b2807a5bb8c00e55049d19e934b3cb87841,
CPM – Collection Première Moscow Осень 2026,1–4 сентября 2026,DIFRANSEL JEANS,Difransel Jeans,"одежда, аксессуары",Турция,,,13D08,,"Мода и стиль; женская, мужская и детская одежда; аксессуары; текстиль",,DIFRANSEL JEANS,,,+7 495 955 91 99,https://md.expodat.com/companies/company/40329-difransel-jeans.html,40329,DIFRANSEL JEANS | Турция | 13D08,parsed_detail,,2026-08-24T05:45:15Z,cpm-moscow-autumn-2026-expodat-signo-v1.0.1,expodat_cpm_2026_autumn_public_catalog,7621c8eaeedc48079d3cc30d04296ef4b5e5b531c399c8a7249c210f686ebc7d,
CPM – Collection Première Moscow Осень 2026,1–4 сентября 2026,DIMARK,Dimark,одежда,Россия,,,14C30,,"Мода и стиль; женская, мужская и детская одежда; аксессуары; текстиль",Производство мужской одежды и школьной формы для мальчиков,DIMARK,http://www.dimark.org,dimark-cheb@mail.ru,+7(967)478-73-17,https://md.expodat.com/companies/company/19830-dimark.html,19830,DIMARK | Россия | 14C30 | Производство мужской одежды и школьной формы для мальчиков | http://www.dimark.org | dimark-cheb@mail.ru,parsed_detail,,2026-08-24T05:45:15Z,cpm-moscow-autumn-2026-expodat-signo-v1.0.1,expodat_cpm_2026_autumn_public_catalog,e200d0163de010b7c66a872b42ce7839bc6b9d35e1ce2a25842d3c7359f3e0cb,
CPM – Collection Première Moscow Осень 2026,1–4 сентября 2026,DIMARKIS DAY,Dimarkis Day,"одежда, аксессуары",Россия,,,15A20,,"Мода и стиль; женская, мужская и детская одежда; аксессуары; текстиль",,DIMARKIS DAY,,,+7 495 955 91 99,https://md.expodat.com/companies/company/35885-mossmore.html,35885,DIMARKIS DAY | Россия | 15A20,parsed_detail,,2026-08-24T05:45:15Z,cpm-moscow-autumn-2026-expodat-signo-v1.0.1,expodat_cpm_2026_autumn_public_catalog,bc591453be24bb1f9fbd725eefebc37c341b8efcc6229822571ee810b36e25ab,
CPM – Collection Première Moscow Осень 2026,1–4 сентября 2026,DISHE JEANS,Dishe Jeans,"одежда, аксессуары",Турция,,,14C79,,"Мода и стиль; женская, мужская и детская одежда; аксессуары; текстиль",,DISHE JEANS,http://dishe.com.tr,aslan.salman@dogrugroup.com.tr,+90 2129126334,https://md.expodat.com/companies/company/40311-dishe-jeans.html,40311,DISHE JEANS | Турция | 14C79 | http://dishe.com.tr | aslan.salman@dogrugroup.com.tr,parsed_detail,,2026-08-24T05:45:15Z,cpm-moscow-autumn-2026-expodat-signo-v1.0.1,expodat_cpm_2026_autumn_public_catalog,7578a69edbc899697c327fe182eb706e2db4cdd8799e4602b806e5f4caece2fd,
CPM – Collection Première Moscow Осень 2026,1–4 сентября 2026,DISPACCI,Dispacci,"аксессуары, изделия из кожи и меха, текстиль и трикотаж, одежда",Россия,,,14Е39,,"Мода и стиль; женская, мужская и детская одежда; аксессуары; текстиль","Своим клиентам мы предоставляем регулярные коллекции по головным уборам и одежде из трикотажа и полный цикл услуг от дизайна до выдачи готового продукта под ключ. Дизайн изделий DISPACCI отмечен дипломами на международных выставках. Своим клиентам мы предоставляем регулярные коллекции по головным уборам и одежде из трикотажа и полный цикл услуг от дизайна до выдачи готового продукта под ключ. Дизайн изделий DISPACCI отмечен дипломами на международных выставках. В создании коллекций используется только экологичная, гипоаллергенная пряжа, премиального сегмента от итальянских фабрик. У нас две линии: DISPACCI PREMIUM - В данную линейку входят вязаные изделия эксклюзивного дизайна. – Премиум подразумевает успех и благосостояние, именно по этому в создании коллекции используется только гиппоаллергенная пряжа, премиального сегмента от итальянских производителей. Дизайнеры бренда Dispacci экспериментируют с пряжами, смешивая дорогой мохер и мягкую ангору, королевский кашемир и струящийся шелк, натуральный хлопок и тенсель. WEEKEND - В данную линейку входят изделия из текстиля, кожгалантерейная продукция, вязаные головные уборы и аксессуары. Рассчитана для более молодой возрастной аудитории, предпочитающей минимализм, минимум дополнительный декоративных элементов (стразы, люрекс). Предпочтение отдается экологичности, природным оттенкам, и универсальности применения.",DISPACCI,http://www.dispacci.ru,info@dispacci.ru; dispacci@mail.ru,+7 495 955 91 99,https://md.expodat.com/companies/company/23917-dispacci.html,23917,"DISPACCI | Россия | 14Е39 | Своим клиентам мы предоставляем регулярные коллекции по головным уборам и одежде из трикотажа и полный цикл услуг от дизайна до выдачи готового продукта под ключ. Дизайн изделий DISPACCI отмечен дипломами на международных выставках. Своим клиентам мы предоставляем регулярные коллекции по головным уборам и одежде из трикотажа и полный цикл услуг от дизайна до выдачи готового продукта под ключ. Дизайн изделий DISPACCI отмечен дипломами на международных выставках. В создании коллекций используется только экологичная, гипоаллергенная пряжа, премиального сегмента от итальянских фабрик. У нас две линии: DISPACCI PREMIUM - В данную линейку входят вязаные изделия эксклюзивного дизайна. – Премиум подразумевает успех и благосостояние, именно по этому в создании коллекции используется только гиппоаллергенная пряжа, премиального сегмента от итальянских производителей. Дизайнеры бренда Dispacci экспериментируют с пряжами, смешивая дорогой мохер и мягкую ангору, королевский кашемир и струящийся шелк, натуральный хлопок и тенсель. WEEKEND - В данную линейку входят изделия из текстиля, кожгалантерейная продукция, вязаные головные уборы и аксессуары. Рассчитана для более",parsed_detail,,2026-08-24T05:45:15Z,cpm-moscow-autumn-2026-expodat-signo-v1.0.1,expodat_cpm_2026_autumn_public_catalog,bc0cc91c3dce4ddc76d364726bfaa3f5a5c285780d26a5b186975b06dc2bb77d,
CPM – Collection Première Moscow Осень 2026,1–4 сентября 2026,DIVNO,DIVNO,"одежда, аксессуары",,,,14B86,,"Мода и стиль; женская, мужская и детская одежда; аксессуары; текстиль",,DIVNO,,,+7 495 955 91 99,https://md.expodat.com/companies/company/40759-divno.html,40759,DIVNO | 14B86,parsed_detail,,2026-08-24T05:45:15Z,cpm-moscow-autumn-2026-expodat-signo-v1.0.1,expodat_cpm_2026_autumn_public_catalog,763af18f907e02cb97a346cc24ea526b57f5f1a2103cc54743bbed582cf07325,
CPM – Collection Première Moscow Осень 2026,1–4 сентября 2026,DIZAYN BRANDS,Dizayn Brands,"одежда, аксессуары",Турция,,,14B31,,"Мода и стиль; женская, мужская и детская одежда; аксессуары; текстиль",,DIZAYN BRANDS,http://www.dizaynbrands.com,muhasebe@dzynline.com,+905306552597,https://md.expodat.com/companies/company/37043-dzyn-brands.html,37043,DIZAYN BRANDS | Турция | 14B31 | http://www.dizaynbrands.com | muhasebe@dzynline.com,parsed_detail,,2026-08-24T05:45:15Z,cpm-moscow-autumn-2026-expodat-signo-v1.0.1,expodat_cpm_2026_autumn_public_catalog,29a683e0afa07ee33d1354f5340514825d65fde013b5a7e14813dce0bece3af9,
CPM – Collection Première Moscow Осень 2026,1–4 сентября 2026,DOLCEZZA,Dolcezza,"одежда, аксессуары",Турция,,,14A04,,"Мода и стиль; женская, мужская и детская одежда; аксессуары; текстиль","Dolcezza — это модный женский бренд с более чем 20-летней историей, за время которой мы выросли и открыли офисы в Монреале, Дублине и Стамбуле. Наши коллекции представлены в 35 странах и доступны в более чем 2000 лучших бутиках мира. Dolcezza — это модный женский бренд с более чем 20-летней историей, за время которой мы выросли и открыли офисы в Монреале, Дублине и Стамбуле. Наши коллекции представлены в 35 странах и доступны в более чем 2000 лучших бутиках мира. Известная своей уникальной концепцией Simply Art, Dolcezza превращает работы современных художников в стильные и уникальные предметы гардероба, созданные с исключительным качеством и вниманием к деталям. Dolcezza создана для женщин, которые ценят креативность, уверенность в себе и подчеркивают свою индивидуальность ярким и стильным образом.",DOLCEZZA,https://dolcezza.ca,info@dolcezza.ca; marianna@dolcezza.com.tr,+7 495 955 91 99,https://md.expodat.com/companies/company/34445-dolcezza.html,34445,"DOLCEZZA | Турция | 14A04 | Dolcezza — это модный женский бренд с более чем 20-летней историей, за время которой мы выросли и открыли офисы в Монреале, Дублине и Стамбуле. Наши коллекции представлены в 35 странах и доступны в более чем 2000 лучших бутиках мира. Dolcezza — это модный женский бренд с более чем 20-летней историей, за время которой мы выросли и открыли офисы в Монреале, Дублине и Стамбуле. Наши коллекции представлены в 35 странах и доступны в более чем 2000 лучших бутиках мира. Известная своей уникальной концепцией Simply Art, Dolcezza превращает работы современных художников в стильные и уникальные предметы гардероба, созданные с исключительным качеством и вниманием к деталям. Dolcezza создана для женщин, которые ценят креативность, уверенность в себе и подчеркивают свою индивидуальность ярким и стильным образом. | https://dolcezza.ca | info@dolcezza.ca; marianna@dolcezza.com.tr",parsed_detail,,2026-08-24T05:45:15Z,cpm-moscow-autumn-2026-expodat-signo-v1.0.1,expodat_cpm_2026_autumn_public_catalog,72d75803c3ec53cf9374b6e0e49ac554356bcc62cdaf265e90b7ae8eb42349ac,
CPM – Collection Première Moscow Осень 2026,1–4 сентября 2026,Dongguan B.S. Knitwear,Dongguan B.S. Knitwear,"текстиль и трикотаж, одежда",Китай,,,14D88,,"Мода и стиль; женская, мужская и детская одежда; аксессуары; текстиль","Dongguan B.S. Knitwear Co., Ltd.",Dongguan B.S. Knitwear,,,+7 495 955 91 99,https://md.expodat.com/companies/company/40876-dongguan-b-s-knitwear.html,40876,"Dongguan B.S. Knitwear | Китай | 14D88 | Dongguan B.S. Knitwear Co., Ltd.",parsed_detail,,2026-08-24T05:45:15Z,cpm-moscow-autumn-2026-expodat-signo-v1.0.1,expodat_cpm_2026_autumn_public_catalog,98298018efd77ac6d9eea3aad76507cbe177416fbd7a8be9ee5ccbcde9d16675,
CPM – Collection Première Moscow Осень 2026,1–4 сентября 2026,"Dongguan Baida Woolen Weaving Co., Ltd","Dongguan Baida Woolen Weaving Co., Ltd",текстиль и трикотаж,Китай,,,15C74,,"Мода и стиль; женская, мужская и детская одежда; аксессуары; текстиль","Dongguan Boda Knitting Co.,Ltd., est. 1998 in Dalang, Dongguan—a knitting hub. Integrating design, development, production & marketing, we’re well-reputed. We provide OEM with supplied materials and custom sample-based orders. 75% overseas (EU & US), 25% domestic. 1.5M pcs/yr, globally trusted.","Dongguan Baida Woolen Weaving Co., Ltd",http://www.bodaknitting.com,catherine@bodaknitting.com,+8618588248677,https://md.expodat.com/companies/company/40606-baida.html,40606,"Dongguan Baida Woolen Weaving Co., Ltd | Китай | 15C74 | Dongguan Boda Knitting Co.,Ltd., est. 1998 in Dalang, Dongguan—a knitting hub. Integrating design, development, production & marketing, we’re well-reputed. We provide OEM with supplied materials and custom sample-based orders. 75% overseas (EU & US), 25% domestic. 1.5M pcs/yr, globally trusted. | http://www.bodaknitting.com | catherine@bodaknitting.com",parsed_detail,,2026-08-24T05:45:15Z,cpm-moscow-autumn-2026-expodat-signo-v1.0.1,expodat_cpm_2026_autumn_public_catalog,7fb3be922a07c56ee33aad48985a7b6d7dd13ab6b502e091aaffd88b908fee3a,
CPM – Collection Première Moscow Осень 2026,1–4 сентября 2026,"DONGGUAN BAILI CLOTHING CO.,LTD.","Dongguan Baili Clothing Co.,Ltd.","одежда, аксессуары",Китай,,,15E22,,"Мода и стиль; женская, мужская и детская одежда; аксессуары; текстиль","DONGGUAN BAILI CLOTHING CO.,LTD.","DONGGUAN BAILI CLOTHING CO.,LTD.",,,+7 495 955 91 99,https://md.expodat.com/companies/company/41158-dongguan-baili-clothing-co-ltd.html,41158,"DONGGUAN BAILI CLOTHING CO.,LTD. | Китай | 15E22 | DONGGUAN BAILI CLOTHING CO.,LTD.",parsed_detail,,2026-08-24T05:45:15Z,cpm-moscow-autumn-2026-expodat-signo-v1.0.1,expodat_cpm_2026_autumn_public_catalog,3dabca170c81069426f89c3508c7e29dd10020a24dcfcee556968e4c38ab40f0,
CPM – Collection Première Moscow Осень 2026,1–4 сентября 2026,Dongguan Chenshan Clothing Co.，Ltd,Dongguan Chenshan Clothing Co.，Ltd,одежда,Китай,,,15C75,,"Мода и стиль; женская, мужская и детская одежда; аксессуары; текстиль","We are a professional clothing factory dedicated to creating outstanding fashion women's dresses. Whether it's a vacation dress, an elegant office dress, or a stylish daily wear, we have extensive experience and talent to bring you amazing designs. Quality is our core value. We have strict quality inspection systems and experienced quality inspection teams to ensure that every piece of clothing is perfect.",Dongguan Chenshan Clothing Co.，Ltd,,1149202283@qq.com,008615323512339,https://md.expodat.com/companies/company/40603-chenshan.html,40603,"Dongguan Chenshan Clothing Co.，Ltd | Китай | 15C75 | We are a professional clothing factory dedicated to creating outstanding fashion women's dresses. Whether it's a vacation dress, an elegant office dress, or a stylish daily wear, we have extensive experience and talent to bring you amazing designs. Quality is our core value. We have strict quality inspection systems and experienced quality inspection teams to ensure that every piece of clothing is perfect. | 1149202283@qq.com",parsed_detail,,2026-08-24T05:45:15Z,cpm-moscow-autumn-2026-expodat-signo-v1.0.1,expodat_cpm_2026_autumn_public_catalog,4c668cf0d56d4714fc9f2830b9698daaa509d855e1fab415bbd15f8c284665af,
CPM – Collection Première Moscow Осень 2026,1–4 сентября 2026,"DONGGUAN CHUANGDIAN GARMENT CO.,LTD.","Dongguan Chuangdian Garment Co.,Ltd.","детская одежда, текстиль и трикотаж, одежда",Китай,,,14E61,,"Мода и стиль; женская, мужская и детская одежда; аксессуары; текстиль","Guangdong Chuandian Clothing Company is a professional manufacturer of knitted and woven products with 16 years of experience. Currently, their main products include women's sweaters, men's sweaters, children's sweaters, men's and women's fashion, and children's clothing.","DONGGUAN CHUANGDIAN GARMENT CO.,LTD.",https://cdgarment.net/,grace@cdgarment.com,13148570456,https://md.expodat.com/companies/company/40978-dongguan-chuangdian-garment-co-ltd.html,40978,"DONGGUAN CHUANGDIAN GARMENT CO.,LTD. | Китай | 14E61 | Guangdong Chuandian Clothing Company is a professional manufacturer of knitted and woven products with 16 years of experience. Currently, their main products include women's sweaters, men's sweaters, children's sweaters, men's and women's fashion, and children's clothing. | https://cdgarment.net/ | grace@cdgarment.com",parsed_detail,,2026-08-24T05:45:15Z,cpm-moscow-autumn-2026-expodat-signo-v1.0.1,expodat_cpm_2026_autumn_public_catalog,95bb78cea485163e7288aa7c12c11e456e719a6be0c6603b0a02b7dc234badf4,
CPM – Collection Première Moscow Осень 2026,1–4 сентября 2026,"DONGGUAN CLZZ GARMENT CO., LTD.","Dongguan Clzz Garment Co., Ltd.",одежда,Китай,,,15C02,,"Мода и стиль; женская, мужская и детская одежда; аксессуары; текстиль","DONGGUAN CLZZ GARMENT CO., LTD.","DONGGUAN CLZZ GARMENT CO., LTD.",,lanzi@clzzgarment.com,+86-18825592849,https://md.expodat.com/companies/company/41017-dongguan-clzz-garment-co-ltd.html,41017,"DONGGUAN CLZZ GARMENT CO., LTD. | Китай | 15C02 | DONGGUAN CLZZ GARMENT CO., LTD. | lanzi@clzzgarment.com",parsed_detail,,2026-08-24T05:45:15Z,cpm-moscow-autumn-2026-expodat-signo-v1.0.1,expodat_cpm_2026_autumn_public_catalog,8735e73d2f455cc957570a74c5001e30e65e350329c517157173b3c68d33018b,
CPM – Collection Première Moscow Осень 2026,1–4 сентября 2026,"DONGGUAN DAIFEI TECHNOLOGY CO., LTD","Dongguan Daifei Technology Co., Ltd","одежда, аксессуары",Китай,,,15F29,,"Мода и стиль; женская, мужская и детская одежда; аксессуары; текстиль","DONGGUAN DAIFEI TECHNOLOGY CO., LTD","DONGGUAN DAIFEI TECHNOLOGY CO., LTD",,export-df-knitwear@outlook.com,+8613925816854,https://md.expodat.com/companies/company/41299-dongguan-daifei-technology-co-ltd.html,41299,"DONGGUAN DAIFEI TECHNOLOGY CO., LTD | Китай | 15F29 | DONGGUAN DAIFEI TECHNOLOGY CO., LTD | export-df-knitwear@outlook.com",parsed_detail,,2026-08-24T05:45:15Z,cpm-moscow-autumn-2026-expodat-signo-v1.0.1,expodat_cpm_2026_autumn_public_catalog,bd376bfb9c1f657204bd04963c4196b9be18e8d4e6c8b755b546492cac92a3ff,
CPM – Collection Première Moscow Осень 2026,1–4 сентября 2026,"DONGGUAN FNJIA KNITWEAR CO., LTD.","Dongguan Fnjia Knitwear Co., Ltd.","текстиль и трикотаж, одежда",Китай,,,15F06,,"Мода и стиль; женская, мужская и детская одежда; аксессуары; текстиль","Компания Dongguan FNJIA Knitwear Co., Ltd., основанная в 2005 году, объединяет разработку, дизайн, производство, продажи и сервис. У компании есть собственная команда дизайнеров, отдел контроля качества, отдел продаж и отдел послепродажного обслуживания. Основная продукция — различные свитера, шарфы, перчатки, а также праздничные трикотажные изделия. FNJIA обладает мощной системой поставок, ежегодно выпуская более 800 000 единиц продукции, экспортируя её для обслуживания зарубежных клиентов из США, Германии, Франции, Италии, Мексики, Австралии","DONGGUAN FNJIA KNITWEAR CO., LTD.",http://www.fnjiaknitwear.com,,+86-13332628857,https://md.expodat.com/companies/company/41254-guangzhou-lianshang-leather-co-ltd.html,41254,"DONGGUAN FNJIA KNITWEAR CO., LTD. | Китай | 15F06 | Компания Dongguan FNJIA Knitwear Co., Ltd., основанная в 2005 году, объединяет разработку, дизайн, производство, продажи и сервис. У компании есть собственная команда дизайнеров, отдел контроля качества, отдел продаж и отдел послепродажного обслуживания. Основная продукция — различные свитера, шарфы, перчатки, а также праздничные трикотажные изделия. FNJIA обладает мощной системой поставок, ежегодно выпуская более 800 000 единиц продукции, экспортируя её для обслуживания зарубежных клиентов из США, Германии, Франции, Италии, Мексики, Австралии | http://www.fnjiaknitwear.com",parsed_detail,,2026-08-24T05:45:15Z,cpm-moscow-autumn-2026-expodat-signo-v1.0.1,expodat_cpm_2026_autumn_public_catalog,72a539ce4a46e50770193153adfc9ef8a1cfd341bb91eb15a059b74082629ef5,
CPM – Collection Première Moscow Осень 2026,1–4 сентября 2026,"DONGGUAN GRAND EVEREST INFO. TECH. CO., LTD.","Dongguan Grand Everest Info. Tech. Co., Ltd.","одежда, аксессуары",Китай,,,15E26,,"Мода и стиль; женская, мужская и детская одежда; аксессуары; текстиль","DONGGUAN GRAND EVEREST INFO. TECH. CO., LTD.","DONGGUAN GRAND EVEREST INFO. TECH. CO., LTD.",,,+7 495 955 91 99,https://md.expodat.com/companies/company/41161-dongguan-grand-everest-info-tech-co-ltd.html,41161,"DONGGUAN GRAND EVEREST INFO. TECH. CO., LTD. | Китай | 15E26 | DONGGUAN GRAND EVEREST INFO. TECH. CO., LTD.",parsed_detail,,2026-08-24T05:45:15Z,cpm-moscow-autumn-2026-expodat-signo-v1.0.1,expodat_cpm_2026_autumn_public_catalog,b63e2697aa422084651cbf26ee1f15ec686b0e3116ba2f924909cba1ff74fb06,
CPM – Collection Première Moscow Осень 2026,1–4 сентября 2026,"DONGGUAN GUANHUI TEXTILE APPAREL CO.,LTD.","Dongguan Guanhui Textile Apparel Co.,Ltd.","текстиль и трикотаж, одежда",Китай,,,15E28,,"Мода и стиль; женская, мужская и детская одежда; аксессуары; текстиль","Our factory specializes in OEM design and high-quality production, offering a diverse range of premium knitted products such as sweaters, wool hats, and scarves. We excel in mid-to-high-end branded processing, transforming traditional simple knits through advanced techniques like jacquard weaving, printing, needle-punching, hand-knitting, hand-sewn bead embroidery, and computerized embroidery. These special craftsmanship have earned us long-term trust from clients. Our factory specializes in OEM design and high-quality production, offering a diverse range of premium knitted products such as sweaters, wool hats, and scarves. We excel in mid-to-high-end branded processing, transforming traditional simple knits through advanced techniques like jacquard weaving, printing, needle-punching, hand-knitting, hand-sewn bead embroidery, and computerized embroidery. These special craftsmanship have earned us long-term trust from clients. With advantages like fast delivery, competitive pricing, and convenient transportation, we are highly trusted by our customers. We sincerely hope to establish a business relationship with your company and invite you to visit our factory for a deeper understanding, creating a stronger platform for collaboration. Looking forward to your visit and future cooperation!","DONGGUAN GUANHUI TEXTILE APPAREL CO.,LTD.",,dgguanhui@dgguanhui.cn,13669867021,https://md.expodat.com/companies/company/41164-dongguan-guanhui-textile-apparel-co-ltd.html,41164,"DONGGUAN GUANHUI TEXTILE APPAREL CO.,LTD. | Китай | 15E28 | Our factory specializes in OEM design and high-quality production, offering a diverse range of premium knitted products such as sweaters, wool hats, and scarves. We excel in mid-to-high-end branded processing, transforming traditional simple knits through advanced techniques like jacquard weaving, printing, needle-punching, hand-knitting, hand-sewn bead embroidery, and computerized embroidery. These special craftsmanship have earned us long-term trust from clients. Our factory specializes in OEM design and high-quality production, offering a diverse range of premium knitted products such as sweaters, wool hats, and scarves. We excel in mid-to-high-end branded processing, transforming traditional simple knits through advanced techniques like jacquard weaving, printing, needle-punching, hand-knitting, hand-sewn bead embroidery, and computerized embroidery. These special craftsmanship have earned us long-term trust from clients. With advantages like fast delivery, competitive pricing, and convenient transportation, we are highly trusted by our customers. We sincerely hope to establish a business relationship with your company",parsed_detail,,2026-08-24T05:45:15Z,cpm-moscow-autumn-2026-expodat-signo-v1.0.1,expodat_cpm_2026_autumn_public_catalog,2ae0794930d6633cbe71f65d7b535d955c67bd49cfe2af77df321b04b348bc2f,
CPM – Collection Première Moscow Осень 2026,1–4 сентября 2026,"DONGGUAN GUOOU TRADING CO., LTD.","Dongguan Guoou Trading Co., Ltd.","одежда, аксессуары",Китай,,,15D60,,"Мода и стиль; женская, мужская и детская одежда; аксессуары; текстиль","DONGGUAN GUOOU TRADING CO., LTD.","DONGGUAN GUOOU TRADING CO., LTD.",,,+7 495 955 91 99,https://md.expodat.com/companies/company/41131-dongguan-guoou-trading-co-ltd.html,41131,"DONGGUAN GUOOU TRADING CO., LTD. | Китай | 15D60 | DONGGUAN GUOOU TRADING CO., LTD.",parsed_detail,,2026-08-24T05:45:15Z,cpm-moscow-autumn-2026-expodat-signo-v1.0.1,expodat_cpm_2026_autumn_public_catalog,d741df503c1e90c008738956aa04678a30ebf6db5e4c30ab9eb3488e29520b33,
CPM – Collection Première Moscow Осень 2026,1–4 сентября 2026,"DONGGUAN HENGYUE APPAREL CO.,LTD","Dongguan Hengyue Apparel Co.,Ltd",одежда,Китай,,,15B60,,"Мода и стиль; женская, мужская и детская одежда; аксессуары; текстиль","DONGGUAN HENGYUE APPAREL CO.,LTD","DONGGUAN HENGYUE APPAREL CO.,LTD",,ceo@stk1972.com,0769-85192620,https://md.expodat.com/companies/company/41002-dongguan-hengyue-apparel-co-ltd.html,41002,"DONGGUAN HENGYUE APPAREL CO.,LTD | Китай | 15B60 | DONGGUAN HENGYUE APPAREL CO.,LTD | ceo@stk1972.com",parsed_detail,,2026-08-24T05:45:15Z,cpm-moscow-autumn-2026-expodat-signo-v1.0.1,expodat_cpm_2026_autumn_public_catalog,ea895708de44c8bd6a09c024f9c3bf4faed557bf7b8a290d3ddf2da2b39c337a,
CPM – Collection Première Moscow Осень 2026,1–4 сентября 2026,"DONGGUAN HILLMAN CLOTHING CO.,LTD","Dongguan Hillman Clothing Co.,Ltd","текстиль и трикотаж, одежда",Китай,,,15D57,,"Мода и стиль; женская, мужская и детская одежда; аксессуары; текстиль","DONGGUAN HILLMAN KNITTING CO.,LTD Focusing on the design and production of fashionable women's knitwear including sweaters, base shirts, woolen cardigans and casual knitted garments. We have rich experience in domestic sales and foreign trade business, provide one-stop OEM & ODM customization service, flexible order quantity, strict quality control and on-time shipment to satisfy customers from Europe, America and Southeast Asia.","DONGGUAN HILLMAN CLOTHING CO.,LTD",,susan.ye@hillmanfashion.com,+86-13808845348,https://md.expodat.com/companies/company/41122-dongguan-hillman-knitting-co-ltd.html,41122,"DONGGUAN HILLMAN CLOTHING CO.,LTD | Китай | 15D57 | DONGGUAN HILLMAN KNITTING CO.,LTD Focusing on the design and production of fashionable women's knitwear including sweaters, base shirts, woolen cardigans and casual knitted garments. We have rich experience in domestic sales and foreign trade business, provide one-stop OEM & ODM customization service, flexible order quantity, strict quality control and on-time shipment to satisfy customers from Europe, America and Southeast Asia. | susan.ye@hillmanfashion.com",parsed_detail,,2026-08-24T05:45:15Z,cpm-moscow-autumn-2026-expodat-signo-v1.0.1,expodat_cpm_2026_autumn_public_catalog,aa229813493b21e511e67dbdab9f61d08007c52f736f1b499f64b6c105593e61,
CPM – Collection Première Moscow Осень 2026,1–4 сентября 2026,"DONGGUAN JIANGYUE TRADING CO.,LTD.","Dongguan Jiangyue Trading Co.,Ltd.","одежда, аксессуары",Китай,,,15F60,,"Мода и стиль; женская, мужская и детская одежда; аксессуары; текстиль","DONGGUAN JIANGYUE TRADING CO.,LTD.","DONGGUAN JIANGYUE TRADING CO.,LTD.",,olika1983@vip.163.com,0769-81237891,https://md.expodat.com/companies/company/41383-dongguan-jiangyue-trading-co-ltd.html,41383,"DONGGUAN JIANGYUE TRADING CO.,LTD. | Китай | 15F60 | DONGGUAN JIANGYUE TRADING CO.,LTD. | olika1983@vip.163.com",parsed_detail,,2026-08-24T05:45:15Z,cpm-moscow-autumn-2026-expodat-signo-v1.0.1,expodat_cpm_2026_autumn_public_catalog,38a15b030c7ba811ff0c14d17e22d2d72dbff5260cb8b6eed8d8a96ccb6df61a,
CPM – Collection Première Moscow Осень 2026,1–4 сентября 2026,"DONGGUAN JIAOHAN CLOTHING CO.,LTD","Dongguan Jiaohan Clothing Co.,Ltd","одежда, аксессуары",Китай,,,15F26,,"Мода и стиль; женская, мужская и детская одежда; аксессуары; текстиль","DONGGUAN JIAOHAN CLOTHING CO.,LTD","DONGGUAN JIAOHAN CLOTHING CO.,LTD",,519562077@163.com,+86-13922518161,https://md.expodat.com/companies/company/41293-dongguan-jiaohan-clothing-co-ltd.html,41293,"DONGGUAN JIAOHAN CLOTHING CO.,LTD | Китай | 15F26 | DONGGUAN JIAOHAN CLOTHING CO.,LTD | 519562077@163.com",parsed_detail,,2026-08-24T05:45:15Z,cpm-moscow-autumn-2026-expodat-signo-v1.0.1,expodat_cpm_2026_autumn_public_catalog,42030b726d6fb6f239d0679b125dbc53a705ffd7df2f4988351b572f7086838f,
CPM – Collection Première Moscow Осень 2026,1–4 сентября 2026,DONGGUAN LIDU KNITTED CLOTHING CO.，LTD.,Dongguan Lidu Knitted Clothing Co.，Ltd.,"текстиль и трикотаж, одежда",Китай,,,15D61,,"Мода и стиль; женская, мужская и детская одежда; аксессуары; текстиль","Dongguan Lidu Knitting Garment Co., Ltd. is a large-scale enterprise that produces and sells medium and high-end sweaters at home and abroad. It was established in 2003. With its professional design level, high-standard production industry, advanced computer program management and innovative concept, the company is deeply relied on and trusted by customers at home and abroad.",DONGGUAN LIDU KNITTED CLOTHING CO.，LTD.,,598294792@qq.com,86-13925868868,https://md.expodat.com/companies/company/41134-dongguan-lidu-knitted-clothing-co-ltd.html,41134,"DONGGUAN LIDU KNITTED CLOTHING CO.，LTD. | Китай | 15D61 | Dongguan Lidu Knitting Garment Co., Ltd. is a large-scale enterprise that produces and sells medium and high-end sweaters at home and abroad. It was established in 2003. With its professional design level, high-standard production industry, advanced computer program management and innovative concept, the company is deeply relied on and trusted by customers at home and abroad. | 598294792@qq.com",parsed_detail,,2026-08-24T05:45:15Z,cpm-moscow-autumn-2026-expodat-signo-v1.0.1,expodat_cpm_2026_autumn_public_catalog,5a8c6c634d145559153e64d1c964af2aa89b4b4474b24cddf02fb8d7aeacfca3,
CPM – Collection Première Moscow Осень 2026,1–4 сентября 2026,"DONGGUAN MANDERONG APPAREL CO., LTD","Dongguan Manderong Apparel Co., Ltd",одежда,Китай,,,15D56,,"Мода и стиль; женская, мужская и детская одежда; аксессуары; текстиль","DONGGUAN MANDERONG APPAREL CO., LTD","DONGGUAN MANDERONG APPAREL CO., LTD",,david@dgshendu.com.cn,+86-15816823000,https://md.expodat.com/companies/company/41119-dongguan-manderong-apparel-co-ltd.html,41119,"DONGGUAN MANDERONG APPAREL CO., LTD | Китай | 15D56 | DONGGUAN MANDERONG APPAREL CO., LTD | david@dgshendu.com.cn",parsed_detail,,2026-08-24T05:45:15Z,cpm-moscow-autumn-2026-expodat-signo-v1.0.1,expodat_cpm_2026_autumn_public_catalog,3d61ce61fb23f09f7affd706784eaa27b8485440f2c2a30bab8efece6e326ad5,
CPM – Collection Première Moscow Осень 2026,1–4 сентября 2026,"DONGGUAN NUANYA GARMENT CO.,LTD","Dongguan Nuanya Garment Co.,Ltd","детская одежда, текстиль и трикотаж, одежда",Китай,,,15F23,,"Мода и стиль; женская, мужская и детская одежда; аксессуары; текстиль","Dongguan Nuanya Garment Co., Ltd. was founded in 2008. We are a professional knitwear manufacturer specializing in high-quality knitted sweaters for children, women and men. With over 17 years of experience in sweater knitting production, we integrate design, R&D, manufacturing, sales and after-sales service as one comprehensive enterprise.","DONGGUAN NUANYA GARMENT CO.,LTD",,550941438@qq.com,13559754222,https://md.expodat.com/companies/company/41287-dongguan-nuanya-garment-c0-ltd.html,41287,"DONGGUAN NUANYA GARMENT CO.,LTD | Китай | 15F23 | Dongguan Nuanya Garment Co., Ltd. was founded in 2008. We are a professional knitwear manufacturer specializing in high-quality knitted sweaters for children, women and men. With over 17 years of experience in sweater knitting production, we integrate design, R&D, manufacturing, sales and after-sales service as one comprehensive enterprise. | 550941438@qq.com",parsed_detail,,2026-08-24T05:45:15Z,cpm-moscow-autumn-2026-expodat-signo-v1.0.1,expodat_cpm_2026_autumn_public_catalog,213897fdeb70846932d0bb6fe05aaea23d55755b347859a3add1aefe501f8d81,
CPM – Collection Première Moscow Осень 2026,1–4 сентября 2026,"Dongguan Qishang Clothing Co., Ltd","Dongguan Qishang Clothing Co., Ltd","текстиль и трикотаж, одежда",Китай,,,15F75,,"Мода и стиль; женская, мужская и детская одежда; аксессуары; текстиль","GUANGDONG Dongguan Qishang Clothing is a specialized factory dedicated towoolen knitwear for two decades. Our expertise lies in the productionand customization of women's knitted sweaters, wool and cashmeresweaters, as well as various other woolen products including workwear,We are committed to establishing long-term cooperativerelationships with our clients, achieving common developmentand co creating the future through mutual trust and benefit.Our business covers China and around the world, includingRussia, Japan, India, Canada, Australia, Si","Dongguan Qishang Clothing Co., Ltd",,kellyjiang8888@163.com,00861802465015,https://md.expodat.com/companies/company/40675-qishang.html,40675,"Dongguan Qishang Clothing Co., Ltd | Китай | 15F75 | GUANGDONG Dongguan Qishang Clothing is a specialized factory dedicated towoolen knitwear for two decades. Our expertise lies in the productionand customization of women's knitted sweaters, wool and cashmeresweaters, as well as various other woolen products including workwear,We are committed to establishing long-term cooperativerelationships with our clients, achieving common developmentand co creating the future through mutual trust and benefit.Our business covers China and around the world, includingRussia, Japan, India, Canada, Australia, Si | kellyjiang8888@163.com",parsed_detail,,2026-08-24T05:45:15Z,cpm-moscow-autumn-2026-expodat-signo-v1.0.1,expodat_cpm_2026_autumn_public_catalog,e9ed0187b6ffeab6e6e405d39246f38da53dfea46eeab4f326e54b692578fa04,
CPM – Collection Première Moscow Осень 2026,1–4 сентября 2026,"DONGGUAN SHUOQIAN CLOTHING CO.,LTD","Dongguan Shuoqian Clothing Co.,Ltd","одежда, аксессуары",Китай,,,14E65,,"Мода и стиль; женская, мужская и детская одежда; аксессуары; текстиль","DONGGUAN SHUOQIAN CLOTHING CO.,LTD","DONGGUAN SHUOQIAN CLOTHING CO.,LTD",,80146317@qq.com,+86-15813346655,https://md.expodat.com/companies/company/40981-dongguan-shuoqian-clothing-co-ltd.html,40981,"DONGGUAN SHUOQIAN CLOTHING CO.,LTD | Китай | 14E65 | DONGGUAN SHUOQIAN CLOTHING CO.,LTD | 80146317@qq.com",parsed_detail,,2026-08-24T05:45:15Z,cpm-moscow-autumn-2026-expodat-signo-v1.0.1,expodat_cpm_2026_autumn_public_catalog,befc7ff6a637ee2d42284ea7514ade77067b8dbe3d30ae4e98f4ea475fe3df57,
CPM – Collection Première Moscow Осень 2026,1–4 сентября 2026,"DongGuan Tesin Knitwear Co., Ltd","DongGuan Tesin Knitwear Co., Ltd","детская одежда, текстиль и трикотаж, одежда",Китай,,,15C99,,"Мода и стиль; женская, мужская и детская одежда; аксессуары; текстиль","Founded in 2010 in Dalang, China’s Knitting Town, Dongguan Tesin Knitwear Co., Ltd. is a professional knitwear manufacturer with 16 years of experience. We specialize in women’s sweaters, children’s sweaters, golf knitwear, and a full range of knitted apparel.","DongGuan Tesin Knitwear Co., Ltd",https://tesinknitwear.com/,,008613926896144,https://md.expodat.com/companies/company/40618-tesin.html,40618,"DongGuan Tesin Knitwear Co., Ltd | Китай | 15C99 | Founded in 2010 in Dalang, China’s Knitting Town, Dongguan Tesin Knitwear Co., Ltd. is a professional knitwear manufacturer with 16 years of experience. We specialize in women’s sweaters, children’s sweaters, golf knitwear, and a full range of knitted apparel. | https://tesinknitwear.com/",parsed_detail,,2026-08-24T05:45:15Z,cpm-moscow-autumn-2026-expodat-signo-v1.0.1,expodat_cpm_2026_autumn_public_catalog,f3f562efa1cdfe275d17a26724cde477eb17ef91cdb5b50c19a60c23ee832b53,
CPM – Collection Première Moscow Осень 2026,1–4 сентября 2026,"DONGGUAN UWORK INDUSTRY CO.,LTD","Dongguan Uwork Industry Co.,Ltd","одежда, аксессуары",Китай,,,13E51,,"Мода и стиль; женская, мужская и детская одежда; аксессуары; текстиль","We are a leading manufacturer specializing in foam cup,adhesive&silicone bra and bonded bra&panty locating both in China and Vietnam with 18 years experience. Supplying mainly to H&M,Lidl,Etam,Triumph,Walmart,VS,Calvin Klein,Jockey and etc. We have certifications of Oeko-Tex Standard 100,GRS,Inditex,IPS,BSCI and also certified as a Higg Index member .","DONGGUAN UWORK INDUSTRY CO.,LTD",http://en.dgywk.cn/,uwork11@dgywk.cn,18274038301,https://md.expodat.com/companies/company/40942-dongguan-uwork-industry-co-ltd.html,40942,"DONGGUAN UWORK INDUSTRY CO.,LTD | Китай | 13E51 | We are a leading manufacturer specializing in foam cup,adhesive&silicone bra and bonded bra&panty locating both in China and Vietnam with 18 years experience. Supplying mainly to H&M,Lidl,Etam,Triumph,Walmart,VS,Calvin Klein,Jockey and etc. We have certifications of Oeko-Tex Standard 100,GRS,Inditex,IPS,BSCI and also certified as a Higg Index member . | http://en.dgywk.cn/ | uwork11@dgywk.cn",parsed_detail,,2026-08-24T05:45:15Z,cpm-moscow-autumn-2026-expodat-signo-v1.0.1,expodat_cpm_2026_autumn_public_catalog,91de1dc89da2ddc50897f1597bb4ae7a89a3a5bd961656d8b662ddc7d9c8495d,
CPM – Collection Première Moscow Осень 2026,1–4 сентября 2026,"Dongguan Xinhao Clothing Co., Ltd.","Dongguan Xinhao Clothing Co., Ltd.",детская одежда,Китай,,,14C78,,"Мода и стиль; женская, мужская и детская одежда; аксессуары; текстиль","Dongguan XinHao Clothing Co., Ltd. was formerly known as Dongguan Jinfeng Weaving Co., Ltd. and was established in 2009. It is a production factory specializing in the design, development and production of mid-to-high-end sweaters. Our women's clothing products are mainly sold to Russia, Europe, South Korea and Southeast Asia. Our men's clothing brand is mainly sold to Russia. Our children's clothing is mainly OEM production for some well-known brands in domestic e-commerce, Southeast Asia and South Korea. The company has a complete and scien","Dongguan Xinhao Clothing Co., Ltd.",https://xinhaocompany.en.alibaba.com/,dgdlxinhao@163.com,+86 13377769354,https://md.expodat.com/companies/company/40456-xinhao.html,40456,"Dongguan Xinhao Clothing Co., Ltd. | Китай | 14C78 | Dongguan XinHao Clothing Co., Ltd. was formerly known as Dongguan Jinfeng Weaving Co., Ltd. and was established in 2009. It is a production factory specializing in the design, development and production of mid-to-high-end sweaters. Our women's clothing products are mainly sold to Russia, Europe, South Korea and Southeast Asia. Our men's clothing brand is mainly sold to Russia. Our children's clothing is mainly OEM production for some well-known brands in domestic e-commerce, Southeast Asia and South Korea. The company has a complete and scien | https://xinhaocompany.en.alibaba.com/ | dgdlxinhao@163.com",parsed_detail,,2026-08-24T05:45:15Z,cpm-moscow-autumn-2026-expodat-signo-v1.0.1,expodat_cpm_2026_autumn_public_catalog,17663beedab5e65337404f2789ffeaa747a4f3263dd36f3be6c781836960bb76,
CPM – Collection Première Moscow Осень 2026,1–4 сентября 2026,"DONGGUAN YIMAN APPAREL CO.,LTD.","Dongguan Yiman Apparel Co.,Ltd.",одежда,Китай,,,15E20,,"Мода и стиль; женская, мужская и детская одежда; аксессуары; текстиль","DONGGUAN YIMAN APPAREL CO.,LTD.","DONGGUAN YIMAN APPAREL CO.,LTD.",,zhoumeihui@yimanfushi.cn,+8618819761605,https://md.expodat.com/companies/company/41152-dongguan-yiman-apparel-co-ltd.html,41152,"DONGGUAN YIMAN APPAREL CO.,LTD. | Китай | 15E20 | DONGGUAN YIMAN APPAREL CO.,LTD. | zhoumeihui@yimanfushi.cn",parsed_detail,,2026-08-24T05:45:15Z,cpm-moscow-autumn-2026-expodat-signo-v1.0.1,expodat_cpm_2026_autumn_public_catalog,48f8de4053d30f35a3efcf95270861d23dcfe6647f42439464615d20a3bc2335,
CPM – Collection Première Moscow Осень 2026,1–4 сентября 2026,"DONGGUAN YIZHUO GARMENTS CO.,LTD","Dongguan Yizhuo Garments Co.,Ltd",одежда,Китай,,,15F25,,"Мода и стиль; женская, мужская и детская одежда; аксессуары; текстиль","DONGGUAN YIZHUO GARMENTS CO.,LTD","DONGGUAN YIZHUO GARMENTS CO.,LTD",https://eallcz.m.en.alibaba.com,clothingfactory0818@gmail.com,+86-13450099187,https://md.expodat.com/companies/company/41290-dongguan-yizhuo-garments-co-ltd.html,41290,"DONGGUAN YIZHUO GARMENTS CO.,LTD | Китай | 15F25 | DONGGUAN YIZHUO GARMENTS CO.,LTD | https://eallcz.m.en.alibaba.com | clothingfactory0818@gmail.com",parsed_detail,,2026-08-24T05:45:15Z,cpm-moscow-autumn-2026-expodat-signo-v1.0.1,expodat_cpm_2026_autumn_public_catalog,f9eda63337d82acc8b16692c313dc14229dc969adc22b7c6f396f2722d181b48,
CPM – Collection Première Moscow Осень 2026,1–4 сентября 2026,"DONGGUAN YUKAI GARMENT CO.,LTD","Dongguan Yukai Garment Co.,Ltd","текстиль и трикотаж, одежда",Китай,,,14D64,,"Мода и стиль; женская, мужская и детская одежда; аксессуары; текстиль","Our company mainly produces knitwear for European and American brands, with a particularly prominent business in women's knitwear.","DONGGUAN YUKAI GARMENT CO.,LTD",,15817799791@163.com,15817799791,https://md.expodat.com/companies/company/40963-dongguan-yukai-garment-co-ltd.html,40963,"DONGGUAN YUKAI GARMENT CO.,LTD | Китай | 14D64 | Our company mainly produces knitwear for European and American brands, with a particularly prominent business in women's knitwear. | 15817799791@163.com",parsed_detail,,2026-08-24T05:45:15Z,cpm-moscow-autumn-2026-expodat-signo-v1.0.1,expodat_cpm_2026_autumn_public_catalog,9c097cdda0962f5ac518c454828f9563fae7cf28785eb97ce4b3d37ad71e1fee,
CPM – Collection Première Moscow Осень 2026,1–4 сентября 2026,"Dongguan Yushengxiang Garment Co., Ltd","Dongguan Yushengxiang Garment Co., Ltd","текстиль и трикотаж, одежда",Китай,,,15B70,,"Мода и стиль; женская, мужская и детская одежда; аксессуары; текстиль","Dongguan Yushengxiang Garments Co., Ltd. was founded in 2019, and is located in Dalang Town, Dongguan City, China’s renowned town for knitwear. We are an integrated knitwear factory specializing in design, R&D, production, processing and sales. Our factory covers 5,000 square meters with over 150 employees. We focus on the production and export of various styles of sweaters & knitwear, with products exported to Japan, South Korea, Europe, America, Italy and other countries and regions. Our annual output exceeds 1 million pieces. Equipped with 1","Dongguan Yushengxiang Garment Co., Ltd",,steve@hongyeapparel.com,0086153 4059 6717,https://md.expodat.com/companies/company/40594-yushengxiang.html,40594,"Dongguan Yushengxiang Garment Co., Ltd | Китай | 15B70 | Dongguan Yushengxiang Garments Co., Ltd. was founded in 2019, and is located in Dalang Town, Dongguan City, China’s renowned town for knitwear. We are an integrated knitwear factory specializing in design, R&D, production, processing and sales. Our factory covers 5,000 square meters with over 150 employees. We focus on the production and export of various styles of sweaters & knitwear, with products exported to Japan, South Korea, Europe, America, Italy and other countries and regions. Our annual output exceeds 1 million pieces. Equipped with 1 | steve@hongyeapparel.com",parsed_detail,,2026-08-24T05:45:15Z,cpm-moscow-autumn-2026-expodat-signo-v1.0.1,expodat_cpm_2026_autumn_public_catalog,a6638eeb8a82ddefa519191725a62dc80d43639f8075455c207343f18b43cf5f,
CPM – Collection Première Moscow Осень 2026,1–4 сентября 2026,"Dongguan Zhijian Garment Co., Ltd.","Dongguan Zhijian Garment Co., Ltd.",одежда,Китай,,,15C70,,"Мода и стиль; женская, мужская и детская одежда; аксессуары; текстиль","2.Dongguan Zhijian Garment Co., Ltd. is a leading cross-border apparel company that integrates design, production, and trade, dedicated to bringing global fashion trends to consumers worldwide. Since our establishment, we have consistently focused on offering high-quality, fashion-forward clothing to meet the diverse needs of various cultures and markets. Our team of dynamic and talented designers, combined with our stringent control over every production detail, ensures that our products always stay on the cutting edge of fashion with top-tier","Dongguan Zhijian Garment Co., Ltd.",,nick@ylerosun.com,008618664738712,https://md.expodat.com/companies/company/40597-moyi.html,40597,"Dongguan Zhijian Garment Co., Ltd. | Китай | 15C70 | 2.Dongguan Zhijian Garment Co., Ltd. is a leading cross-border apparel company that integrates design, production, and trade, dedicated to bringing global fashion trends to consumers worldwide. Since our establishment, we have consistently focused on offering high-quality, fashion-forward clothing to meet the diverse needs of various cultures and markets. Our team of dynamic and talented designers, combined with our stringent control over every production detail, ensures that our products always stay on the cutting edge of fashion with top-tier | nick@ylerosun.com",parsed_detail,,2026-08-24T05:45:15Z,cpm-moscow-autumn-2026-expodat-signo-v1.0.1,expodat_cpm_2026_autumn_public_catalog,5b2b372c2e0549621938ed4540629e980e2560cf543718f1ed71cd205c49c579,
CPM – Collection Première Moscow Осень 2026,1–4 сентября 2026,DONNA BACCONI,Donna Bacconi,"одежда, аксессуары",Турция,,,14A50,,"Мода и стиль; женская, мужская и детская одежда; аксессуары; текстиль",DONNA BACCONİ DERİ VE TEKSTİL SAN. VE TİC. A.Ş.,DONNA BACCONI,http://www.donnabacconi.com,,+7 495 955 91 99,https://md.expodat.com/companies/company/19083-donna-bacconi.html,19083,DONNA BACCONI | Турция | 14A50 | DONNA BACCONİ DERİ VE TEKSTİL SAN. VE TİC. A.Ş. | http://www.donnabacconi.com,parsed_detail,,2026-08-24T05:45:15Z,cpm-moscow-autumn-2026-expodat-signo-v1.0.1,expodat_cpm_2026_autumn_public_catalog,db6d77c48b9f73657bec65a8789f9954974f13c02e9a88992fb15ffd12286fdd,
CPM – Collection Première Moscow Осень 2026,1–4 сентября 2026,DONNE DA SOGNO,Donne Da Sogno,одежда,Италия,,,13A02,,"Мода и стиль; женская, мужская и детская одежда; аксессуары; текстиль","В коллекции DONNE DA SOGNO Весна–Лето 2027 мастерство и внимание к деталям делают каждую модель уникальной и желанной. Особое внимание мы уделили объёмам и посадке изделий, чтобы каждая женщина чувствовала себя комфортно в любой ситуации. В коллекции DONNE DA SOGNO Весна–Лето 2027 мастерство и внимание к деталям делают каждую модель уникальной и желанной. Особое внимание мы уделили объёмам и посадке изделий, чтобы каждая женщина чувствовала себя комфортно в любой ситуации. Все наши модели представлены в итальянских размерах от 40 до 56. Платья, блузки, футболки, брюки и юбки… При создании всей коллекции мы уделили особое внимание конструкции изделий и качеству исполнения каждой детали. Все изделия спроектированны и произведены исключительно в Италии.",DONNE DA SOGNO,http://www.donnedasogno.it,info@donnedasogno.it,+39 059 688173,https://md.expodat.com/companies/company/19455-donne-da-sogno.html,19455,"DONNE DA SOGNO | Италия | 13A02 | В коллекции DONNE DA SOGNO Весна–Лето 2027 мастерство и внимание к деталям делают каждую модель уникальной и желанной. Особое внимание мы уделили объёмам и посадке изделий, чтобы каждая женщина чувствовала себя комфортно в любой ситуации. В коллекции DONNE DA SOGNO Весна–Лето 2027 мастерство и внимание к деталям делают каждую модель уникальной и желанной. Особое внимание мы уделили объёмам и посадке изделий, чтобы каждая женщина чувствовала себя комфортно в любой ситуации. Все наши модели представлены в итальянских размерах от 40 до 56. Платья, блузки, футболки, брюки и юбки… При создании всей коллекции мы уделили особое внимание конструкции изделий и качеству исполнения каждой детали. Все изделия спроектированны и произведены исключительно в Италии. | http://www.donnedasogno.it | info@donnedasogno.it",parsed_detail,,2026-08-24T05:45:15Z,cpm-moscow-autumn-2026-expodat-signo-v1.0.1,expodat_cpm_2026_autumn_public_catalog,72583fb699a48faff956fb43d6dbd5be62f8127dcaa3104a745780f785df0f80,
CPM – Collection Première Moscow Осень 2026,1–4 сентября 2026,DOUBLE OUTFITTERS,Double Outfitters,одежда,Греция,,,13D11,,"Мода и стиль; женская, мужская и детская одежда; аксессуары; текстиль","Double Outfitters — мужская одежда из Салоников, Греция. Повседневная, спортивная и одежда в стиле Smart Casual. Полный ассортимент мужской одежды. Стандартные и большие размеры — от S до 10XL. Основанный в 1992 году в Салониках, бренд Double Outfitters воплощает дух Средиземноморья — яркий, естественный и подлинный. Double Outfitters — мужская одежда из Салоников, Греция. Повседневная, спортивная и одежда в стиле Smart Casual. Полный ассортимент мужской одежды. Стандартные и большие размеры — от S до 10XL. Основанный в 1992 году в Салониках, бренд Double Outfitters воплощает дух Средиземноморья — яркий, естественный и подлинный. Вдохновляясь морем, светом и природой Греции, мы создаём полноценный мужской гардероб: свежий, но вне времени; уверенный, но без лишней демонстративности. От стандартных размеров до plus size вплоть до 10XL, каждая модель отражает городскую аутентичность, комфорт и повседневный стиль. Благодаря сильному присутствию на европейском рынке бренд Double Outfitters уверенно смотрит в будущее и обладает значительным потенциалом",DOUBLE OUTFITTERS,http://double.gr,doublefashion.ru@gmail.com,+7 495 955 91 99,https://md.expodat.com/companies/company/40384-double-outfitters.html,40384,"DOUBLE OUTFITTERS | Греция | 13D11 | Double Outfitters — мужская одежда из Салоников, Греция. Повседневная, спортивная и одежда в стиле Smart Casual. Полный ассортимент мужской одежды. Стандартные и большие размеры — от S до 10XL. Основанный в 1992 году в Салониках, бренд Double Outfitters воплощает дух Средиземноморья — яркий, естественный и подлинный. Double Outfitters — мужская одежда из Салоников, Греция. Повседневная, спортивная и одежда в стиле Smart Casual. Полный ассортимент мужской одежды. Стандартные и большие размеры — от S до 10XL. Основанный в 1992 году в Салониках, бренд Double Outfitters воплощает дух Средиземноморья — яркий, естественный и подлинный. Вдохновляясь морем, светом и природой Греции, мы создаём полноценный мужской гардероб: свежий, но вне времени; уверенный, но без лишней демонстративности. От стандартных размеров до plus size вплоть до 10XL, каждая модель отражает городскую аутентичность, комфорт и повседневный стиль. Благодаря сильному присутствию на европейском рынке бренд Double Outfitters уверенно смотрит в будущее и обладает значительным потенциалом | http://double.gr | doublefashion.ru@gmail.com",parsed_detail,,2026-08-24T05:45:15Z,cpm-moscow-autumn-2026-expodat-signo-v1.0.1,expodat_cpm_2026_autumn_public_catalog,1b8c46cf44bf6f02e952759148af0c2758f8cf6917d175b8ea0c3427ee484c72,
CPM – Collection Première Moscow Осень 2026,1–4 сентября 2026,DOVMONT,Dovmont,"одежда, аксессуары",Россия,,,14D21,,"Мода и стиль; женская, мужская и детская одежда; аксессуары; текстиль",,DOVMONT,,,+7 495 955 91 99,https://md.expodat.com/companies/company/21438-dovmont.html,21438,DOVMONT | Россия | 14D21,parsed_detail,,2026-08-24T05:45:15Z,cpm-moscow-autumn-2026-expodat-signo-v1.0.1,expodat_cpm_2026_autumn_public_catalog,2e9524b3556d54ab01c99c093a1a2b0e13f46a9d2edd6e538eb7b069a916093c,
CPM – Collection Première Moscow Осень 2026,1–4 сентября 2026,DPD в России,DPD в России,,,,,14G62,,"Мода и стиль; женская, мужская и детская одежда; аксессуары; текстиль",,DPD в России,,,+7 495 955 91 99,https://md.expodat.com/companies/company/40717-dpd-v-rossii.html,40717,DPD в России | 14G62,parsed_detail,products,2026-08-24T05:45:15Z,cpm-moscow-autumn-2026-expodat-signo-v1.0.1,expodat_cpm_2026_autumn_public_catalog,05656e36c7deb77f43a40f31c3a392a41ae36c822b4fea73ccc34c066e60b6be,
CPM – Collection Première Moscow Осень 2026,1–4 сентября 2026,DREJANI,Drejani,"одежда, аксессуары",Турция,,,,,"Мода и стиль; женская, мужская и детская одежда; аксессуары; текстиль","With its extraordinary designs, Drejani succeeded in inspiring its customers with its extraordinary design approach. Our design team aims to create various collections in line with the needs and preferences of the customers. Our primary goal is to bring our customers together with our products by considering human health in order to make our world more livable with our environmentally production facilities. By offering a wide selection of products we have been able to build a strong client base. We believe that it is highly important to maintain genuine long-term connections with the customer. Our main goal is to supply for life.",DREJANI,https://drejani.com/,info@drejani.com,+905332434344,https://md.expodat.com/companies/company/25324-drejani.html,25324,"DREJANI | Турция | With its extraordinary designs, Drejani succeeded in inspiring its customers with its extraordinary design approach. Our design team aims to create various collections in line with the needs and preferences of the customers. Our primary goal is to bring our customers together with our products by considering human health in order to make our world more livable with our environmentally production facilities. By offering a wide selection of products we have been able to build a strong client base. We believe that it is highly important to maintain genuine long-term connections with the customer. Our main goal is to supply for life. | https://drejani.com/ | info@drejani.com",parsed_detail,,2026-08-24T05:45:15Z,cpm-moscow-autumn-2026-expodat-signo-v1.0.1,expodat_cpm_2026_autumn_public_catalog,0235b6ebb2988eed238926acbf95b5326a29f6514dd248c406126b2d12b57a3e,
CPM – Collection Première Moscow Осень 2026,1–4 сентября 2026,Dushagreya,Dushagreya,"одежда, аксессуары",Россия,,,14Е44,,"Мода и стиль; женская, мужская и детская одежда; аксессуары; текстиль",,Dushagreya,https://www.dushagreya.ru,sales.direktor@dushagreya.ru,+7 495 955 91 99,https://md.expodat.com/companies/company/25243-dushagreya.html,25243,Dushagreya | Россия | 14Е44 | https://www.dushagreya.ru | sales.direktor@dushagreya.ru,parsed_detail,,2026-08-24T05:45:15Z,cpm-moscow-autumn-2026-expodat-signo-v1.0.1,expodat_cpm_2026_autumn_public_catalog,d239140cd06d261f1c7976ebe8f1f3b99600f217c801c36c91d00f075efd9dd9,
CPM – Collection Première Moscow Осень 2026,1–4 сентября 2026,DYRBERG KERN,Dyrberg Kern,"одежда, аксессуары",Дания,,,15A66,,"Мода и стиль; женская, мужская и детская одежда; аксессуары; текстиль",,DYRBERG KERN,,,+7 495 955 91 99,https://md.expodat.com/companies/company/37226-dyrberg-kern.html,37226,DYRBERG KERN | Дания | 15A66,parsed_detail,,2026-08-24T05:45:15Z,cpm-moscow-autumn-2026-expodat-signo-v1.0.1,expodat_cpm_2026_autumn_public_catalog,9715599fa974bdaf82138d6fe1cfc847b4b67518b0e9ba646819e82748fa9d14,
CPM – Collection Première Moscow Осень 2026,1–4 сентября 2026,DYSHKANT,Dyshkant,одежда,Россия,,,15A62,,"Мода и стиль; женская, мужская и детская одежда; аксессуары; текстиль","Название бренда DYSHKANT берёт начало в искусстве дисканта — самого высокого голоса в классической полифонии, задающего тон всему произведению. Мы перенесли эту музыкальную вертикаль в архитектуру кроя. Наша одежда разработана для динамичного городского ритма по принципу готового гардеробного конструктора, где вещи легко комбинируются между собой. Название бренда DYSHKANT берёт начало в искусстве дисканта — самого высокого голоса в классической полифонии, задающего тон всему произведению. Мы перенесли эту музыкальную вертикаль в архитектуру кроя. Наша одежда разработана для динамичного городского ритма по принципу готового гардеробного конструктора, где вещи легко комбинируются между собой. Основа идентичности бренда — выверенная геометрия, расслабленные силуэты, понятный крой и высококачественные комфортные ткани. Каждое изделие становится холстом для авторской графики и уникальной вышивки — той самой лаконичной «искры», которая оживляет образ, но не перекрывает личность женщины. DYSHKANT — это дизайн, который говорит сам за себя. Вне времени. Вне трендов.",DYSHKANT,http://dyshkant.ru,e.v.dyshkant2307@gmail.com,+79620556630,https://md.expodat.com/companies/company/40783-dyshkant.html,40783,"DYSHKANT | Россия | 15A62 | Название бренда DYSHKANT берёт начало в искусстве дисканта — самого высокого голоса в классической полифонии, задающего тон всему произведению. Мы перенесли эту музыкальную вертикаль в архитектуру кроя. Наша одежда разработана для динамичного городского ритма по принципу готового гардеробного конструктора, где вещи легко комбинируются между собой. Название бренда DYSHKANT берёт начало в искусстве дисканта — самого высокого голоса в классической полифонии, задающего тон всему произведению. Мы перенесли эту музыкальную вертикаль в архитектуру кроя. Наша одежда разработана для динамичного городского ритма по принципу готового гардеробного конструктора, где вещи легко комбинируются между собой. Основа идентичности бренда — выверенная геометрия, расслабленные силуэты, понятный крой и высококачественные комфортные ткани. Каждое изделие становится холстом для авторской графики и уникальной вышивки — той самой лаконичной «искры», которая оживляет образ, но не перекрывает личность женщины. DYSHKANT — это дизайн, который говорит сам за себя. Вне времени. Вне трендов. | http://dyshkant.ru | e.v.dyshkant2307@gmail.com",parsed_detail,,2026-08-24T05:45:15Z,cpm-moscow-autumn-2026-expodat-signo-v1.0.1,expodat_cpm_2026_autumn_public_catalog,ed756870e93240a7f9fbe2f13e9c737de366d7ec5ad69204803029dc73f28474,
CPM – Collection Première Moscow Осень 2026,1–4 сентября 2026,DZHUZZ,Dzhuzz,аксессуары,Россия,,,15B49,,"Мода и стиль; женская, мужская и детская одежда; аксессуары; текстиль","Дизайнерские украшения DZHUZZ - семейная мастерская. Представляет авторскую бижутерию ручной работы. Современный дизайн, качество и большой функционал наших украшений пришлись по душе многим поклонницам нашего творчества. В своих украшениях мы используем качественные бижутерийные сплавы с родированным и позолоченным покрытием, натуральные камни, Майорку, чешское стекло.",DZHUZZ,,kolm.i@mail.ru,+7 495 955 91 99,https://md.expodat.com/companies/company/21477-dzhuzz.html,21477,"DZHUZZ | Россия | 15B49 | Дизайнерские украшения DZHUZZ - семейная мастерская. Представляет авторскую бижутерию ручной работы. Современный дизайн, качество и большой функционал наших украшений пришлись по душе многим поклонницам нашего творчества. В своих украшениях мы используем качественные бижутерийные сплавы с родированным и позолоченным покрытием, натуральные камни, Майорку, чешское стекло. | kolm.i@mail.ru",parsed_detail,,2026-08-24T05:45:15Z,cpm-moscow-autumn-2026-expodat-signo-v1.0.1,expodat_cpm_2026_autumn_public_catalog,e89a85ededed54c4fff0fa12a43b98980b40c5ca02859fc07fe549e534381fc2,
CPM – Collection Première Moscow Осень 2026,1–4 сентября 2026,E.F.B.,E.F.B.,аксессуары,Италия,,,13B10-B18,,"Мода и стиль; женская, мужская и детская одежда; аксессуары; текстиль","""Многие модно одеваются, но только стиль преображает женщину в единственную и неповторимую."" Цель компании Elisa Fanti, сделать каждую женщину особенной, элегантной, соблазнительной и модной в любой ситуации. Качественные и дорогие ткани, эксклюзивные расцветки и добротная отделка характеризуют изделия Elisa Fanti, полностью изготовленные в Италии. ""Многие модно одеваются, но только стиль преображает женщину в единственную и неповторимую."" Цель компании Elisa Fanti, сделать каждую женщину особенной, элегантной, соблазнительной и модной в любой ситуации. Качественные и дорогие ткани, эксклюзивные расцветки и добротная отделка характеризуют изделия Elisa Fanti, полностью изготовленные в Италии. Отличительной особенностью наших моделей являются, неповторимые аксессуары, вышивка и аппликации, что делает каждую вещь произведением искуства. Elisa Fanti считает, что каждая женщина должна быть красиво и стильно одета, и именно по этому, размерный ряд начинается с 38-го по 60-ой размеры.",E.F.B.,https://www.elisafanti.it/,info@elisafanti.it,+39 0545 916497,https://md.expodat.com/companies/company/19575-e-f-b.html,19575,"E.F.B. | Италия | 13B10-B18 | ""Многие модно одеваются, но только стиль преображает женщину в единственную и неповторимую."" Цель компании Elisa Fanti, сделать каждую женщину особенной, элегантной, соблазнительной и модной в любой ситуации. Качественные и дорогие ткани, эксклюзивные расцветки и добротная отделка характеризуют изделия Elisa Fanti, полностью изготовленные в Италии. ""Многие модно одеваются, но только стиль преображает женщину в единственную и неповторимую."" Цель компании Elisa Fanti, сделать каждую женщину особенной, элегантной, соблазнительной и модной в любой ситуации. Качественные и дорогие ткани, эксклюзивные расцветки и добротная отделка характеризуют изделия Elisa Fanti, полностью изготовленные в Италии. Отличительной особенностью наших моделей являются, неповторимые аксессуары, вышивка и аппликации, что делает каждую вещь произведением искуства. Elisa Fanti считает, что каждая женщина должна быть красиво и стильно одета, и именно по этому, размерный ряд начинается с 38-го по 60-ой размеры. | https://www.elisafanti.it/ | info@elisafanti.it",parsed_detail,,2026-08-24T05:45:15Z,cpm-moscow-autumn-2026-expodat-signo-v1.0.1,expodat_cpm_2026_autumn_public_catalog,849f88038354a5ac537353cd88ce73001c46e6b64c5c7a6262621856cdc047b5,
CPM – Collection Première Moscow Осень 2026,1–4 сентября 2026,EBBERRO,Ebberro,"одежда, аксессуары",Турция,,,14A48,,"Мода и стиль; женская, мужская и детская одежда; аксессуары; текстиль",KÜBRA DERİ KONFEKSİYON TEKSTİL VE İNŞ.SAN.TİC.LTD.ŞT,EBBERRO,https://ebberro.com/,,+7 495 955 91 99,https://md.expodat.com/companies/company/19191-ebberro.html,19191,EBBERRO | Турция | 14A48 | KÜBRA DERİ KONFEKSİYON TEKSTİL VE İNŞ.SAN.TİC.LTD.ŞT | https://ebberro.com/,parsed_detail,,2026-08-24T05:45:15Z,cpm-moscow-autumn-2026-expodat-signo-v1.0.1,expodat_cpm_2026_autumn_public_catalog,373e4f1e676cd5f2b3003a051649b72075d48ed4b157ae555fd4590e3aa73347,
CPM – Collection Première Moscow Осень 2026,1–4 сентября 2026,EDEM,EDEM,"одежда, аксессуары",,,,14A85,,"Мода и стиль; женская, мужская и детская одежда; аксессуары; текстиль",,EDEM,,,+7 495 955 91 99,https://md.expodat.com/companies/company/40762-edem.html,40762,EDEM | 14A85,parsed_detail,,2026-08-24T05:45:15Z,cpm-moscow-autumn-2026-expodat-signo-v1.0.1,expodat_cpm_2026_autumn_public_catalog,cbf80d2d487aef79475634c84583fac8f984bf7917bcc6d49e047968b694254e,
CPM – Collection Première Moscow Осень 2026,1–4 сентября 2026,EDEM STORE 14D48,Edem Store 14D48,текстиль и трикотаж,Южная Корея,,,14D48,,"Мода и стиль; женская, мужская и детская одежда; аксессуары; текстиль","EDEM store — пространство, где рождается женская элегантность. Натуральные ткани, безупречный крой и продуманный дизайн превращают каждую модель в бестселлер вашего магазина. Наш ассортимент —это коллекции премиального трикотажа и изысканной классики из Кореи и Италии. Гарантируем стабильные поставки, высокие стандарты производства, и модели с высокой оборачиваемостью.",EDEM STORE 14D48,,,+7 495 955 91 99,https://md.expodat.com/companies/company/35992-edem-store.html,35992,"EDEM STORE 14D48 | Южная Корея | 14D48 | EDEM store — пространство, где рождается женская элегантность. Натуральные ткани, безупречный крой и продуманный дизайн превращают каждую модель в бестселлер вашего магазина. Наш ассортимент —это коллекции премиального трикотажа и изысканной классики из Кореи и Италии. Гарантируем стабильные поставки, высокие стандарты производства, и модели с высокой оборачиваемостью.",parsed_detail,,2026-08-24T05:45:15Z,cpm-moscow-autumn-2026-expodat-signo-v1.0.1,expodat_cpm_2026_autumn_public_catalog,874cb5f0c1442428a583b76b80d3434732ad1b165b7be055a0f7336efde65e5c,
CPM – Collection Première Moscow Осень 2026,1–4 сентября 2026,ELEGIANI,Elegiani,"одежда, аксессуары",,,,14D37,,"Мода и стиль; женская, мужская и детская одежда; аксессуары; текстиль",,ELEGIANI,,,+7 495 955 91 99,https://md.expodat.com/companies/company/40789-elegiani.html,40789,ELEGIANI | 14D37,parsed_detail,,2026-08-24T05:45:15Z,cpm-moscow-autumn-2026-expodat-signo-v1.0.1,expodat_cpm_2026_autumn_public_catalog,3468632b3e3d5da5f40288e3974aa20bcd210b6ca5908276725d4d8d37551fe9,
CPM – Collection Première Moscow Осень 2026,1–4 сентября 2026,ELENA POPOVA,Elena Popova,"текстиль и трикотаж, одежда",Россия,,,15A56,,"Мода и стиль; женская, мужская и детская одежда; аксессуары; текстиль","Авторские коллекции выпускаются в Москве два раза в год – весна/лето и осень/зима и подаются в продажу капсулами (несколько моделей, объединённых цветом, фактурой и формой, создающих определенный стилистический образ) на постоянной основе, в том числе и флэш коллекции (нарядная, тематическая). Авторские коллекции выпускаются в Москве два раза в год – весна/лето и осень/зима и подаются в продажу капсулами (несколько моделей, объединённых цветом, фактурой и формой, создающих определенный стилистический образ) на постоянной основе, в том числе и флэш коллекции (нарядная, тематическая). Для каждого сезона разрабатываются более 60 моделей одежды. Лекала моделей разрабатываются в собственной мастерской и рассчитаны на разные фигуры. В производстве используются только европейские натуральные материалы (вискоза, хлопок, лён, крапива, шерсть и их смеси).",ELENA POPOVA,https://shop.e-popova.ru/,popova-art@list.ru,+7 495 955 91 99,https://md.expodat.com/companies/company/22601-elena-popova.html,22601,"ELENA POPOVA | Россия | 15A56 | Авторские коллекции выпускаются в Москве два раза в год – весна/лето и осень/зима и подаются в продажу капсулами (несколько моделей, объединённых цветом, фактурой и формой, создающих определенный стилистический образ) на постоянной основе, в том числе и флэш коллекции (нарядная, тематическая). Авторские коллекции выпускаются в Москве два раза в год – весна/лето и осень/зима и подаются в продажу капсулами (несколько моделей, объединённых цветом, фактурой и формой, создающих определенный стилистический образ) на постоянной основе, в том числе и флэш коллекции (нарядная, тематическая). Для каждого сезона разрабатываются более 60 моделей одежды. Лекала моделей разрабатываются в собственной мастерской и рассчитаны на разные фигуры. В производстве используются только европейские натуральные материалы (вискоза, хлопок, лён, крапива, шерсть и их смеси). | https://shop.e-popova.ru/ | popova-art@list.ru",parsed_detail,,2026-08-24T05:45:15Z,cpm-moscow-autumn-2026-expodat-signo-v1.0.1,expodat_cpm_2026_autumn_public_catalog,cf8c01f61bed782991231de2ed8e41a3c73859d5a104ef686e0c54e073ca9d56,
CPM – Collection Première Moscow Осень 2026,1–4 сентября 2026,ELI,ELI,обувь,Италия,,,13A27,,"Мода и стиль; женская, мужская и детская одежда; аксессуары; текстиль","Liu Jo Shoes-это обширная коллекция обуви, которая захватывает самые модные силуэты этого времени, изобретая обнадеживающие, неизменно соблазнительные женские формы. Каждый стиль в коллекции обуви идеально закончен и уникален в своих деталях, он был разработан для максимальной универсальности, чтобы сочетаться с любым внешним видом.",ELI,https://www.liujo.com/,marco.beltrami@liujoshoes.it,+39 351 2465988,https://md.expodat.com/companies/company/29485-elio-group.html,29485,"ELI | Италия | 13A27 | Liu Jo Shoes-это обширная коллекция обуви, которая захватывает самые модные силуэты этого времени, изобретая обнадеживающие, неизменно соблазнительные женские формы. Каждый стиль в коллекции обуви идеально закончен и уникален в своих деталях, он был разработан для максимальной универсальности, чтобы сочетаться с любым внешним видом. | https://www.liujo.com/ | marco.beltrami@liujoshoes.it",parsed_detail,,2026-08-24T05:45:15Z,cpm-moscow-autumn-2026-expodat-signo-v1.0.1,expodat_cpm_2026_autumn_public_catalog,16f8b25052424e04e9d678132390be41986c3d4e0be3004f8055f2da9d197a1d,
CPM – Collection Première Moscow Осень 2026,1–4 сентября 2026,ELISA CAVALETTI,Elisa Cavaletti,"одежда, аксессуары",Италия,,,13B21,,"Мода и стиль; женская, мужская и детская одежда; аксессуары; текстиль","Весенне-летняя коллекция Elisa Cavaletti отличается свежестью и женственностью; она вдохновлена свободой, аутентичностью и современной романтикой. Мягкие объёмы, детали ручной работы и изысканная цветовая гамма определяют непринуждённый современный стиль, который дополняют утончённые текстуры, нежные принты и универсальные силуэты, созданные для современных женщин.",ELISA CAVALETTI,http://www.elisacavaletti.it,info@danieladallavalle.com,+39 059 6323511,https://md.expodat.com/companies/company/36120-elisa-cavaletti.html,36120,"ELISA CAVALETTI | Италия | 13B21 | Весенне-летняя коллекция Elisa Cavaletti отличается свежестью и женственностью; она вдохновлена свободой, аутентичностью и современной романтикой. Мягкие объёмы, детали ручной работы и изысканная цветовая гамма определяют непринуждённый современный стиль, который дополняют утончённые текстуры, нежные принты и универсальные силуэты, созданные для современных женщин. | http://www.elisacavaletti.it | info@danieladallavalle.com",parsed_detail,,2026-08-24T05:45:15Z,cpm-moscow-autumn-2026-expodat-signo-v1.0.1,expodat_cpm_2026_autumn_public_catalog,7a6579044d74c10de7b3f1f57af6859392b80f73ed5636ec40472d43888e49d7,
CPM – Collection Première Moscow Осень 2026,1–4 сентября 2026,ELISA FANTI,Elisa Fanti,аксессуары,Италия,,,13B10-B18,,"Мода и стиль; женская, мужская и детская одежда; аксессуары; текстиль","""Многие модно одеваются, но только стиль преображает женщину в единственную и неповторимую."" Цель компании Elisa Fanti, сделать каждую женщину особенной, элегантной, соблазнительной и модной в любой ситуации. Качественные и дорогие ткани, эксклюзивные расцветки и добротная отделка характеризуют изделия Elisa Fanti, полностью изготовленные в Италии. ""Многие модно одеваются, но только стиль преображает женщину в единственную и неповторимую."" Цель компании Elisa Fanti, сделать каждую женщину особенной, элегантной, соблазнительной и модной в любой ситуации. Качественные и дорогие ткани, эксклюзивные расцветки и добротная отделка характеризуют изделия Elisa Fanti, полностью изготовленные в Италии. Отличительной особенностью наших моделей являются, неповторимые аксессуары, вышивка и аппликации, что делает каждую вещь произведением искуства. Elisa Fanti считает, что каждая женщина должна быть красиво и стильно одета, и именно по этому, размерный ряд начинается с 38-го по 60-ой размеры.",ELISA FANTI,https://www.elisafanti.it/,info@elisafanti.it,+39 0545 916497,https://md.expodat.com/companies/company/19458-elisa-fanti.html,19458,"ELISA FANTI | Италия | 13B10-B18 | ""Многие модно одеваются, но только стиль преображает женщину в единственную и неповторимую."" Цель компании Elisa Fanti, сделать каждую женщину особенной, элегантной, соблазнительной и модной в любой ситуации. Качественные и дорогие ткани, эксклюзивные расцветки и добротная отделка характеризуют изделия Elisa Fanti, полностью изготовленные в Италии. ""Многие модно одеваются, но только стиль преображает женщину в единственную и неповторимую."" Цель компании Elisa Fanti, сделать каждую женщину особенной, элегантной, соблазнительной и модной в любой ситуации. Качественные и дорогие ткани, эксклюзивные расцветки и добротная отделка характеризуют изделия Elisa Fanti, полностью изготовленные в Италии. Отличительной особенностью наших моделей являются, неповторимые аксессуары, вышивка и аппликации, что делает каждую вещь произведением искуства. Elisa Fanti считает, что каждая женщина должна быть красиво и стильно одета, и именно по этому, размерный ряд начинается с 38-го по 60-ой размеры. | https://www.elisafanti.it/ | info@elisafanti.it",parsed_detail,,2026-08-24T05:45:15Z,cpm-moscow-autumn-2026-expodat-signo-v1.0.1,expodat_cpm_2026_autumn_public_catalog,3966e2204a9b580893c133d14807c91818bc6eea73382d5e98b59153d37b435f,
CPM – Collection Première Moscow Осень 2026,1–4 сентября 2026,ELISA FASHION WOMAN,Elisa Fashion Woman,одежда,Турция,,,14B40,,"Мода и стиль; женская, мужская и детская одежда; аксессуары; текстиль",,ELISA FASHION WOMAN,,,+7 495 955 91 99,https://md.expodat.com/companies/company/34403-elisa-fashion-woman.html,34403,ELISA FASHION WOMAN | Турция | 14B40,parsed_detail,,2026-08-24T05:45:15Z,cpm-moscow-autumn-2026-expodat-signo-v1.0.1,expodat_cpm_2026_autumn_public_catalog,598beedf63178199812a90ac5550b7fa5371cdf82162c01525a3fa4fda84e4fb,
CPM – Collection Première Moscow Осень 2026,1–4 сентября 2026,ELISEEVA OLESYA,Eliseeva Olesya,одежда,Россия,,,14Е30-F31,,"Мода и стиль; женская, мужская и детская одежда; аксессуары; текстиль","ELISEEVA OLESYA - модный динамичный бренд, существующий на рынке женской одежды в Новосибирске с 2005 года. В линейке женской одежды ELISEEVA OLESYA - широкий размерный ряд от 42 до 58 размера. Каждая вещь изготавливается из самых качественных материалов производства Турции, Германии, Кореи по самым модным и современным лекалам, которые постоянно улучшаются и дорабатываются. ELISEEVA OLESYA - модный динамичный бренд, существующий на рынке женской одежды в Новосибирске с 2005 года. В линейке женской одежды ELISEEVA OLESYA - широкий размерный ряд от 42 до 58 размера. Каждая вещь изготавливается из самых качественных материалов производства Турции, Германии, Кореи по самым модным и современным лекалам, которые постоянно улучшаются и дорабатываются. Как отмечают наши постоянные покупатели, одежда торговой марки ""ELISEEVA OLESYA"" хорошо садится на разные типы фигур, в том числе и на большие размеры. Первоклассный материал, высокое качество пошива, отличная посадка, стильные модели и высокие продажи у наших партнеров - это все ELISEEVA OLESYA.",ELISEEVA OLESYA,http://www.opteliseevaolesya.com,info@eliseevaolesya.com; opt7@eliseevaolesya.com; elenasokorenko@mail.ru; opt4@eliseevaolesya.com; opt5@eliseevaolesya.com,+7 495 955 91 99,https://md.expodat.com/companies/company/20727-eliseeva-olesya.html,20727,"ELISEEVA OLESYA | Россия | 14Е30-F31 | ELISEEVA OLESYA - модный динамичный бренд, существующий на рынке женской одежды в Новосибирске с 2005 года. В линейке женской одежды ELISEEVA OLESYA - широкий размерный ряд от 42 до 58 размера. Каждая вещь изготавливается из самых качественных материалов производства Турции, Германии, Кореи по самым модным и современным лекалам, которые постоянно улучшаются и дорабатываются. ELISEEVA OLESYA - модный динамичный бренд, существующий на рынке женской одежды в Новосибирске с 2005 года. В линейке женской одежды ELISEEVA OLESYA - широкий размерный ряд от 42 до 58 размера. Каждая вещь изготавливается из самых качественных материалов производства Турции, Германии, Кореи по самым модным и современным лекалам, которые постоянно улучшаются и дорабатываются. Как отмечают наши постоянные покупатели, одежда торговой марки ""ELISEEVA OLESYA"" хорошо садится на разные типы фигур, в том числе и на большие размеры. Первоклассный материал, высокое качество пошива, отличная посадка, стильные модели и высокие продажи у наших партнеров - это все ELISEEVA OLESYA. | http://www.opteliseevaolesya.com | info@eliseevaolesya.com; opt7@eliseevaolesya.com; elenasokorenko@mail.",parsed_detail,,2026-08-24T05:45:15Z,cpm-moscow-autumn-2026-expodat-signo-v1.0.1,expodat_cpm_2026_autumn_public_catalog,b342fe859ac56e303a378c9371112fc6a36fea0695a9de087bf92f313b597cea,
CPM – Collection Première Moscow Осень 2026,1–4 сентября 2026,ELITELINE,Eliteline,"аксессуары, текстиль и трикотаж",Россия,,,14Е25,,"Мода и стиль; женская, мужская и детская одежда; аксессуары; текстиль","ELITELINE - это производство и продажа вязаных головных уборов и аксессуаров с опытом более 17 лет. Регулярное посещение международных выставок: Pitti Immagine Filati во Флоренции, Istanbul Yarn Fair в Стамбуле, Yarn Expo China в Шанхае, позволяет нашим дизайнерам создавать модели головных уборов, которые каждый сезон находятся на пике покупательского спроса. ELITELINE - это производство и продажа вязаных головных уборов и аксессуаров с опытом более 17 лет. Регулярное посещение международных выставок: Pitti Immagine Filati во Флоренции, Istanbul Yarn Fair в Стамбуле, Yarn Expo China в Шанхае, позволяет нашим дизайнерам создавать модели головных уборов, которые каждый сезон находятся на пике покупательского спроса. Собственное производство оснащено высокотехнологичным вязальным оборудованием 14, 12, 7, 5, 3 классов, стиральным, сушильным и швейным оборудованием последнего поколения. Мы используем богатую цветовую гамму пряжи из натурального сырья: шерсть, ангора, альпака, кашемир и др. Главные приоритеты нашей компании - это качество материалов, высокий уровень исполнения, современный дизайн.",ELITELINE,,elite.tex@mail.ru,+7 933. 335 00 09,https://md.expodat.com/companies/company/23929-elite.html,23929,"ELITELINE | Россия | 14Е25 | ELITELINE - это производство и продажа вязаных головных уборов и аксессуаров с опытом более 17 лет. Регулярное посещение международных выставок: Pitti Immagine Filati во Флоренции, Istanbul Yarn Fair в Стамбуле, Yarn Expo China в Шанхае, позволяет нашим дизайнерам создавать модели головных уборов, которые каждый сезон находятся на пике покупательского спроса. ELITELINE - это производство и продажа вязаных головных уборов и аксессуаров с опытом более 17 лет. Регулярное посещение международных выставок: Pitti Immagine Filati во Флоренции, Istanbul Yarn Fair в Стамбуле, Yarn Expo China в Шанхае, позволяет нашим дизайнерам создавать модели головных уборов, которые каждый сезон находятся на пике покупательского спроса. Собственное производство оснащено высокотехнологичным вязальным оборудованием 14, 12, 7, 5, 3 классов, стиральным, сушильным и швейным оборудованием последнего поколения. Мы используем богатую цветовую гамму пряжи из натурального сырья: шерсть, ангора, альпака, кашемир и др. Главные приоритеты нашей компании - это качество материалов, высокий уровень исполнения, современный дизайн. | elite.tex@mail.ru",parsed_detail,,2026-08-24T05:45:15Z,cpm-moscow-autumn-2026-expodat-signo-v1.0.1,expodat_cpm_2026_autumn_public_catalog,9293a2668017cb590997b484638cf60b343f020a76da0f70457cb8499f171a7a,
CPM – Collection Première Moscow Осень 2026,1–4 сентября 2026,ELIZ GRAND,Eliz Grand,"одежда, аксессуары",Беларусь,,,14C24,,"Мода и стиль; женская, мужская и детская одежда; аксессуары; текстиль",,ELIZ GRAND,http://www.eliz.by,,+7 495 955 91 99,https://md.expodat.com/companies/company/19851-eliz-grand.html,19851,ELIZ GRAND | Беларусь | 14C24 | http://www.eliz.by,parsed_detail,,2026-08-24T05:45:15Z,cpm-moscow-autumn-2026-expodat-signo-v1.0.1,expodat_cpm_2026_autumn_public_catalog,b49270429e987a11d78fd444150b1e39de6e155679194a7c509de8156f2f9d6a,
CPM – Collection Première Moscow Осень 2026,1–4 сентября 2026,EM,EM,"одежда, аксессуары",Россия,,,15А75,,"Мода и стиль; женская, мужская и детская одежда; аксессуары; текстиль",,EM,,,+7 495 955 91 99,https://md.expodat.com/companies/company/37196-em.html,37196,EM | Россия | 15А75,parsed_detail,,2026-08-24T05:45:15Z,cpm-moscow-autumn-2026-expodat-signo-v1.0.1,expodat_cpm_2026_autumn_public_catalog,00e0d96bd634c0b87e1a0c4bf693ce774f403c06bc6f5263b0a719425016cad0,
CPM – Collection Première Moscow Осень 2026,1–4 сентября 2026,ENERGO,Energo,"одежда, аксессуары",Россия,,,14G64,,"Мода и стиль; женская, мужская и детская одежда; аксессуары; текстиль",,ENERGO,,,+7 495 955 91 99,https://md.expodat.com/companies/company/40423-energo.html,40423,ENERGO | Россия | 14G64,parsed_detail,,2026-08-24T05:45:15Z,cpm-moscow-autumn-2026-expodat-signo-v1.0.1,expodat_cpm_2026_autumn_public_catalog,6b77f75e9fa3fa93827b9f57cc56cf25dbd6ecf84814489e260f0f6333a2961c,
CPM – Collection Première Moscow Осень 2026,1–4 сентября 2026,ENRICO CERINI,Enrico Cerini,одежда,Турция,,,13D40 / 13E41,,"Мода и стиль; женская, мужская и детская одежда; аксессуары; текстиль","Наша компания производит стильную мужскую одежду от известных итальянских модельеров. Занимает лидирующие позиции на мировом рынке, благодаря своему качеству и эксклюзивным моделям по последним тенденциям моды. Широкий выбор изделий класса ЛЮКС из натуральных тканей от итальянских брендов.",ENRICO CERINI,https://www.enricocerini.it,enrico_cerini@mail.ru,+7 499 750 70 99,https://md.expodat.com/companies/company/21294-enrico-cerini.html,21294,"ENRICO CERINI | Турция | 13D40 / 13E41 | Наша компания производит стильную мужскую одежду от известных итальянских модельеров. Занимает лидирующие позиции на мировом рынке, благодаря своему качеству и эксклюзивным моделям по последним тенденциям моды. Широкий выбор изделий класса ЛЮКС из натуральных тканей от итальянских брендов. | https://www.enricocerini.it | enrico_cerini@mail.ru",parsed_detail,,2026-08-24T05:45:15Z,cpm-moscow-autumn-2026-expodat-signo-v1.0.1,expodat_cpm_2026_autumn_public_catalog,6a27da7905133eac6321c4f72c6bf454262cb5704508a53f3d223c2c135cc16f,
CPM – Collection Première Moscow Осень 2026,1–4 сентября 2026,EQ MODA,Eq Moda,"одежда, аксессуары",Турция,,,14A20,,"Мода и стиль; женская, мужская и детская одежда; аксессуары; текстиль",EKU TEKSTİL SAN.İÇ VE DIŞ TİC. LTD. ŞTİ,EQ MODA,http://www.eqmoda.com.tr,info@eqmoda.com.tr,+7 495 955 91 99,https://md.expodat.com/companies/company/19218-eqmoda.html,19218,EQ MODA | Турция | 14A20 | EKU TEKSTİL SAN.İÇ VE DIŞ TİC. LTD. ŞTİ | http://www.eqmoda.com.tr | info@eqmoda.com.tr,parsed_detail,,2026-08-24T05:45:15Z,cpm-moscow-autumn-2026-expodat-signo-v1.0.1,expodat_cpm_2026_autumn_public_catalog,c98fe9d0a2172368652442205e5418ae2795ce88727aad18bc07d1aac26c7c58,
CPM – Collection Première Moscow Осень 2026,1–4 сентября 2026,ESMÉE,ESMÉE,"одежда, аксессуары",,,,13C39,,"Мода и стиль; женская, мужская и детская одежда; аксессуары; текстиль",,ESMÉE,,,+7 495 955 91 99,https://md.expodat.com/companies/company/41458-esm-e.html,41458,ESMÉE | 13C39,parsed_detail,,2026-08-24T05:45:15Z,cpm-moscow-autumn-2026-expodat-signo-v1.0.1,expodat_cpm_2026_autumn_public_catalog,239505dee8317c515a914d9f89c770b2f5e34d0f7bdb4c2474af05c4dd65cd4a,
CPM – Collection Première Moscow Осень 2026,1–4 сентября 2026,ESOCCO,Esocco,"одежда, аксессуары",Китай,,,15D02,,"Мода и стиль; женская, мужская и детская одежда; аксессуары; текстиль",,ESOCCO,,,+7 495 955 91 99,https://md.expodat.com/companies/company/31907-esocco.html,31907,ESOCCO | Китай | 15D02,parsed_detail,,2026-08-24T05:45:15Z,cpm-moscow-autumn-2026-expodat-signo-v1.0.1,expodat_cpm_2026_autumn_public_catalog,82bc4f763b773d26b5a4d9dbbea06ee5104cc255128c40f6250d0a7c7552af44,
CPM – Collection Première Moscow Осень 2026,1–4 сентября 2026,EUROFASHION,Eurofashion,одежда,Турция,,,14A21,,"Мода и стиль; женская, мужская и детская одежда; аксессуары; текстиль",FRT FIRAT GRUP TEKSTİL ÜR.İMAL.SAN İÇ VE DIŞ LTD ŞTİ,EUROFASHION,http://www.eurofashion.com.tr,info@eurofashion.com.tr,+7 495 955 91 99,https://md.expodat.com/companies/company/19347-eurofashion.html,19347,EUROFASHION | Турция | 14A21 | FRT FIRAT GRUP TEKSTİL ÜR.İMAL.SAN İÇ VE DIŞ LTD ŞTİ | http://www.eurofashion.com.tr | info@eurofashion.com.tr,parsed_detail,,2026-08-24T05:45:15Z,cpm-moscow-autumn-2026-expodat-signo-v1.0.1,expodat_cpm_2026_autumn_public_catalog,265db6ac11f5d79869b01d949e20e628511cbe40aea9f1d0978a3610fb706c76,
CPM – Collection Première Moscow Осень 2026,1–4 сентября 2026,EUROPULL,Europull,"одежда, аксессуары",Италия,,,13A28,,"Мода и стиль; женская, мужская и детская одежда; аксессуары; текстиль","Мужчина, который носит Green Coast, любит выделяться, выбирает отменный стиль и элегантность уникальных изделий Made in Italy, но при этом не отказывается от практичности. Коллекции Весна/Лето Green Coast выполнены из лучших материалов, от хлопка высочайшего качества до технических тканей для спортивных изделий. Мужчина, который носит Green Coast, любит выделяться, выбирает отменный стиль и элегантность уникальных изделий Made in Italy, но при этом не отказывается от практичности. Коллекции Весна/Лето Green Coast выполнены из лучших материалов, от хлопка высочайшего качества до технических тканей для спортивных изделий. Каждое изделие - шедевр Made in Italy, уникально и неповторимо. Приглашаем всех наших клиентов познакомиться с коллекцией на выставке CPM и в нашем шоурум в Москве.",EUROPULL,https://www.greencoast.it/,babini@yandex.ru; alessandro@greencoast.it; sabrina@greencoast.it,+39 059 692696,https://md.expodat.com/companies/company/24975-europull.html,24975,"EUROPULL | Италия | 13A28 | Мужчина, который носит Green Coast, любит выделяться, выбирает отменный стиль и элегантность уникальных изделий Made in Italy, но при этом не отказывается от практичности. Коллекции Весна/Лето Green Coast выполнены из лучших материалов, от хлопка высочайшего качества до технических тканей для спортивных изделий. Мужчина, который носит Green Coast, любит выделяться, выбирает отменный стиль и элегантность уникальных изделий Made in Italy, но при этом не отказывается от практичности. Коллекции Весна/Лето Green Coast выполнены из лучших материалов, от хлопка высочайшего качества до технических тканей для спортивных изделий. Каждое изделие - шедевр Made in Italy, уникально и неповторимо. Приглашаем всех наших клиентов познакомиться с коллекцией на выставке CPM и в нашем шоурум в Москве. | https://www.greencoast.it/ | babini@yandex.ru; alessandro@greencoast.it; sabrina@greencoast.it",parsed_detail,,2026-08-24T05:45:15Z,cpm-moscow-autumn-2026-expodat-signo-v1.0.1,expodat_cpm_2026_autumn_public_catalog,856066554226954db62bc92272cec9089f9507b2ac5d68f871729d571bcc5bdd,
CPM – Collection Première Moscow Осень 2026,1–4 сентября 2026,FALLAMOR,Fallamor,"одежда, аксессуары",Китай,,,15D20,,"Мода и стиль; женская, мужская и детская одежда; аксессуары; текстиль","ООО «Каймеланди Международная Торговля( Пекин)» б ыла основана в 2014 году и опирается на более чем двадцатилетний опыт внешнеэкономической деятельности своей материнской компании — ООО «Ковели Международная Торговля( Пекин)» , основанной в 2007 году. Компания имеет прочную деловую основу и надежные партнерские связи .",FALLAMOR,http://WWW.Fallamor.net,fallamor@163.com,+86 133 8125 7099,https://md.expodat.com/companies/company/36896-pallamor.html,36896,"FALLAMOR | Китай | 15D20 | ООО «Каймеланди Международная Торговля( Пекин)» б ыла основана в 2014 году и опирается на более чем двадцатилетний опыт внешнеэкономической деятельности своей материнской компании — ООО «Ковели Международная Торговля( Пекин)» , основанной в 2007 году. Компания имеет прочную деловую основу и надежные партнерские связи . | http://WWW.Fallamor.net | fallamor@163.com",parsed_detail,,2026-08-24T05:45:15Z,cpm-moscow-autumn-2026-expodat-signo-v1.0.1,expodat_cpm_2026_autumn_public_catalog,cb27b6ddd03f25929290520a37986915b694bf60050e9e48d8054612c853bb07,
CPM – Collection Première Moscow Осень 2026,1–4 сентября 2026,FANTASIE E COLORI,Fantasie E Colori,"одежда, аксессуары",Италия,,,13A20,,"Мода и стиль; женская, мужская и детская одежда; аксессуары; текстиль","Рождённый в сердце итальянской моды, ZOE создан для женщины, которая хочет быть главной героиней своей истории. Свежие цвета, вышивка и игривые дизайны делают каждый образ неповторимым. Fun & fearless — как ты.",FANTASIE E COLORI,https://www.zoefashion.it/,commerciale@fantasiecolori.it,+39 059 6550502,https://md.expodat.com/companies/company/40354-fantasie-e-colori.html,40354,"FANTASIE E COLORI | Италия | 13A20 | Рождённый в сердце итальянской моды, ZOE создан для женщины, которая хочет быть главной героиней своей истории. Свежие цвета, вышивка и игривые дизайны делают каждый образ неповторимым. Fun & fearless — как ты. | https://www.zoefashion.it/ | commerciale@fantasiecolori.it",parsed_detail,,2026-08-24T05:45:15Z,cpm-moscow-autumn-2026-expodat-signo-v1.0.1,expodat_cpm_2026_autumn_public_catalog,ee475f4f0b0ac78a4eeffacf274f61594ccad7ad6753f3aaa02dc65d03f2058c,
CPM – Collection Première Moscow Осень 2026,1–4 сентября 2026,Fashion Fur & Leather,Fashion Fur & Leather,"изделия из кожи и меха, одежда",Россия,,,14A75,,"Мода и стиль; женская, мужская и детская одежда; аксессуары; текстиль",,Fashion Fur & Leather,,,+7 495 955 91 99,https://md.expodat.com/companies/company/24395-fashion-fur-leather.html,24395,Fashion Fur & Leather | Россия | 14A75,parsed_detail,,2026-08-24T05:45:15Z,cpm-moscow-autumn-2026-expodat-signo-v1.0.1,expodat_cpm_2026_autumn_public_catalog,554c70923c79c1df1b167c5dcd3134e64b3036402b8f6531f184e75caf0b8af3,
CPM – Collection Première Moscow Осень 2026,1–4 сентября 2026,FASHION HAINING,Fashion Haining,одежда,Китай,,,15D50,,"Мода и стиль; женская, мужская и детская одежда; аксессуары; текстиль",FASHION HAINING,FASHION HAINING,,,+7 495 955 91 99,https://md.expodat.com/companies/company/41113-fashion-haining.html,41113,FASHION HAINING | Китай | 15D50 | FASHION HAINING,parsed_detail,,2026-08-24T05:45:15Z,cpm-moscow-autumn-2026-expodat-signo-v1.0.1,expodat_cpm_2026_autumn_public_catalog,ed3138a2379fc58a3d587bb42274a6cdaa16339856be93c0476cccf2dd3d6117,
CPM – Collection Première Moscow Осень 2026,1–4 сентября 2026,FASHION STORIES,Fashion Stories,одежда,Россия,,,14D04,,"Мода и стиль; женская, мужская и детская одежда; аксессуары; текстиль",,FASHION STORIES,https://www.fashion-stories.ru/,,+7 495 955 91 99,https://md.expodat.com/companies/company/18828-fashion-stories.html,18828,FASHION STORIES | Россия | 14D04 | https://www.fashion-stories.ru/,parsed_detail,,2026-08-24T05:45:15Z,cpm-moscow-autumn-2026-expodat-signo-v1.0.1,expodat_cpm_2026_autumn_public_catalog,3d256bec424fc96c6e4a10edf127594fe5dea6e1d28ac63eafbed52ce372d203,
CPM – Collection Première Moscow Осень 2026,1–4 сентября 2026,FASTI DONICI,Fasti Donici,одежда,Россия,,,14D21,,"Мода и стиль; женская, мужская и детская одежда; аксессуары; текстиль","Марка мужской одежды ориентированной на молодого потребителя. Классическая одежда с модными тенденциями, современные силуэты, динамичные ткани с содержанием эластана для полноценного комфорта, яркое внутренне оформление, дополнительная отделка снаружи. Марке присущи яркость, динамичность, неординарность, доступность для молодого клиента.",FASTI DONICI,https://www.truvor.ru/brands/fasti-donici/,,+7 495 955 91 99,https://md.expodat.com/companies/company/21441-fasti-donici.html,21441,"FASTI DONICI | Россия | 14D21 | Марка мужской одежды ориентированной на молодого потребителя. Классическая одежда с модными тенденциями, современные силуэты, динамичные ткани с содержанием эластана для полноценного комфорта, яркое внутренне оформление, дополнительная отделка снаружи. Марке присущи яркость, динамичность, неординарность, доступность для молодого клиента. | https://www.truvor.ru/brands/fasti-donici/",parsed_detail,,2026-08-24T05:45:15Z,cpm-moscow-autumn-2026-expodat-signo-v1.0.1,expodat_cpm_2026_autumn_public_catalog,1c00820af5b88f7d60e81c730c601c280d810d7a9bab4436c342cadaa836dcfc,
CPM – Collection Première Moscow Осень 2026,1–4 сентября 2026,FELICITA,Felicita,"текстиль и трикотаж, одежда",Турция,,,14B20,,"Мода и стиль; женская, мужская и детская одежда; аксессуары; текстиль",We are a company that has been producing women's knitwear for about 40 years,FELICITA,http://www.felicita.com.tr,info@felicita.com.tr,+7 495 955 91 99,https://md.expodat.com/companies/company/19170-felicita.html,19170,FELICITA | Турция | 14B20 | We are a company that has been producing women's knitwear for about 40 years | http://www.felicita.com.tr | info@felicita.com.tr,parsed_detail,,2026-08-24T05:45:15Z,cpm-moscow-autumn-2026-expodat-signo-v1.0.1,expodat_cpm_2026_autumn_public_catalog,b84c68c7010085f752eb6dc22cfaea46891bcaa516a448c931b8e2efee93358d,
CPM – Collection Première Moscow Осень 2026,1–4 сентября 2026,"FENYI COUNTY FULL GEM FASHION CO.,LTD.","Fenyi County Full Gem Fashion Co.,Ltd.",одежда,Китай,,,15B98,,"Мода и стиль; женская, мужская и детская одежда; аксессуары; текстиль","Our factory is located in Fenyi County, Jiangxi Province, China. We have approximately 250 workers and hold BSCI and SMETA certificates. We are specialized in manufacturing various types of outerwear, including ski jackets, down jackets, workwear, fashion jackets and so on. Moreover, we have rich experience in providing OEM services for many high-class brands, such as CAT, DARE 2B, PETER STORM, MOUNTAIN WAREHOUSE, HUPPA, 4F and etc. We adhere to the management principles of ""quality first, customer first and credit-based"" since the es","FENYI COUNTY FULL GEM FASHION CO.,LTD.",,tina@ymt-fashion.com,+86 15880082762,https://md.expodat.com/companies/company/40567-county-full.html,40567,"FENYI COUNTY FULL GEM FASHION CO.,LTD. | Китай | 15B98 | Our factory is located in Fenyi County, Jiangxi Province, China. We have approximately 250 workers and hold BSCI and SMETA certificates. We are specialized in manufacturing various types of outerwear, including ski jackets, down jackets, workwear, fashion jackets and so on. Moreover, we have rich experience in providing OEM services for many high-class brands, such as CAT, DARE 2B, PETER STORM, MOUNTAIN WAREHOUSE, HUPPA, 4F and etc. We adhere to the management principles of ""quality first, customer first and credit-based"" since the es | tina@ymt-fashion.com",parsed_detail,,2026-08-24T05:45:15Z,cpm-moscow-autumn-2026-expodat-signo-v1.0.1,expodat_cpm_2026_autumn_public_catalog,a9a92f0ed6f1926b047fd70cb47f7575ad88d1a5928d3f75cfb1de64cf78a363,
CPM – Collection Première Moscow Осень 2026,1–4 сентября 2026,FERRONE,Ferrone,"одежда, аксессуары",Италия,,,13A10,,"Мода и стиль; женская, мужская и детская одежда; аксессуары; текстиль","Sandro Ferrone - это бренд, который сопровождает женщину на каждом этапе дня, с его вечными костюмами для работы, переходя к более повседневным образам для п повседневной жизни, и наконец, к самым элегантным вещам для самых важных вечеров. Совершенно итальянский вкусъ, с особым вниманием к посадке и подходящим материалам. Sandro Ferrone для всех, и однажды попробовав, вы больше не захотите с ним расставаться.",FERRONE,http://www.sandroferrone.it/,p.buglione@hotmail.it,+39 338 9448370,https://md.expodat.com/companies/company/39206-ferrone.html,39206,"FERRONE | Италия | 13A10 | Sandro Ferrone - это бренд, который сопровождает женщину на каждом этапе дня, с его вечными костюмами для работы, переходя к более повседневным образам для п повседневной жизни, и наконец, к самым элегантным вещам для самых важных вечеров. Совершенно итальянский вкусъ, с особым вниманием к посадке и подходящим материалам. Sandro Ferrone для всех, и однажды попробовав, вы больше не захотите с ним расставаться. | http://www.sandroferrone.it/ | p.buglione@hotmail.it",parsed_detail,,2026-08-24T05:45:15Z,cpm-moscow-autumn-2026-expodat-signo-v1.0.1,expodat_cpm_2026_autumn_public_catalog,42a3d9e177752eae28c280b926a798c93a671fa8344903c3db0d9e863df8e2dd,
CPM – Collection Première Moscow Осень 2026,1–4 сентября 2026,FINE JOYCE,Fine Joyce,"одежда, аксессуары",Россия,,,15A30,,"Мода и стиль; женская, мужская и детская одежда; аксессуары; текстиль",,FINE JOYCE,https://www.azbukamoda.ru/,,+7 495 955 91 99,https://md.expodat.com/companies/company/20859-fine-joyce.html,20859,FINE JOYCE | Россия | 15A30 | https://www.azbukamoda.ru/,parsed_detail,,2026-08-24T05:45:15Z,cpm-moscow-autumn-2026-expodat-signo-v1.0.1,expodat_cpm_2026_autumn_public_catalog,70b78acbc3673db3ebccd8183b8d948dd9a4bbe553648a95f9e9d12afc74e7fb,
CPM – Collection Première Moscow Осень 2026,1–4 сентября 2026,FIORE LUNA,Fiore Luna,"одежда, аксессуары",Южная Корея,,,15A66,,"Мода и стиль; женская, мужская и детская одежда; аксессуары; текстиль",,FIORE LUNA,,,+7 495 955 91 99,https://md.expodat.com/companies/company/37220-fiore-luna.html,37220,FIORE LUNA | Южная Корея | 15A66,parsed_detail,,2026-08-24T05:45:15Z,cpm-moscow-autumn-2026-expodat-signo-v1.0.1,expodat_cpm_2026_autumn_public_catalog,c958ecb639ec87ca07346fc86a217248553f03d00dc6279f9e18e360afff7800,
CPM – Collection Première Moscow Осень 2026,1–4 сентября 2026,FIR FIR,Fir Fir,одежда,Россия,,,14G18,,"Мода и стиль; женская, мужская и детская одежда; аксессуары; текстиль","Компания FIR FIR производитель женской и мужской верхней одежды (плащи, куртки, пальто, пуховики). Собственное производство находится в центре Санкт-Петербурга. Наши преимущества заключаются в высококачественных европейских тканях, тщательном выборе фурнитуры и идеально построенных лекалах от 42 до 70 размера на любую даже нестандартную фигуру. Компания FIR FIR производитель женской и мужской верхней одежды (плащи, куртки, пальто, пуховики). Собственное производство находится в центре Санкт-Петербурга. Наши преимущества заключаются в высококачественных европейских тканях, тщательном выборе фурнитуры и идеально построенных лекалах от 42 до 70 размера на любую даже нестандартную фигуру. У нас гибкие условия сотрудничества, работаем по всей России и ближнему зарубежью. Самые ходовые позиции всегда в наличии на свободном складе.",FIR FIR,https://firfir.store/,efremova-us@yandex.ru,+7 495 955 91 99,https://md.expodat.com/companies/company/18831-fir-fir.html,18831,"FIR FIR | Россия | 14G18 | Компания FIR FIR производитель женской и мужской верхней одежды (плащи, куртки, пальто, пуховики). Собственное производство находится в центре Санкт-Петербурга. Наши преимущества заключаются в высококачественных европейских тканях, тщательном выборе фурнитуры и идеально построенных лекалах от 42 до 70 размера на любую даже нестандартную фигуру. Компания FIR FIR производитель женской и мужской верхней одежды (плащи, куртки, пальто, пуховики). Собственное производство находится в центре Санкт-Петербурга. Наши преимущества заключаются в высококачественных европейских тканях, тщательном выборе фурнитуры и идеально построенных лекалах от 42 до 70 размера на любую даже нестандартную фигуру. У нас гибкие условия сотрудничества, работаем по всей России и ближнему зарубежью. Самые ходовые позиции всегда в наличии на свободном складе. | https://firfir.store/ | efremova-us@yandex.ru",parsed_detail,,2026-08-24T05:45:15Z,cpm-moscow-autumn-2026-expodat-signo-v1.0.1,expodat_cpm_2026_autumn_public_catalog,db4b0fbb63918c96cd483948df0d1e37150f514df63b0bc89815b7d412932d67,
CPM – Collection Première Moscow Осень 2026,1–4 сентября 2026,FIRST IN SPACE,First In Space,"детская одежда, одежда",Россия,,,14D31,,"Мода и стиль; женская, мужская и детская одежда; аксессуары; текстиль","First in Space – московский дизайнерский бренд, основанный в 2007 году и выпускающий одежду, наполненную смыслом. Натуральные ткани, высокотехнологичное оборудование и неповторимый опыт в сочетании с буйством фантазии и особым взглядом на мир, с оглядкой на тренды, но без слепого следования за ними – таков “рецепт” бренда, которому мы следуем со дня основания. First in Space – московский дизайнерский бренд, основанный в 2007 году и выпускающий одежду, наполненную смыслом. Натуральные ткани, высокотехнологичное оборудование и неповторимый опыт в сочетании с буйством фантазии и особым взглядом на мир, с оглядкой на тренды, но без слепого следования за ними – таков “рецепт” бренда, которому мы следуем со дня основания. Не менее важно, что First in Space не только придумывает вещи и принты, но и – несмотря на сотрудничество со многими контактными производствами – печатает и кроит ткань, отшивает эталонные образцы, проводит экскурсии, тренинги, показы и опен-коллы для собственных работников, партнёров и даже подписчиков. Любое созидание для нас начинается с мысли о том, что лично ты хочешь и можешь дать этому миру. Ответ прост – мы готовы отдать миру всё наше вдохновение и всю нашу радость от общения с ним! Коллекции First in Space – не просто авторские принты и вышивки. Это истории ярких индивидуальностей, сложных мироощущений и запоминающихся эмоций, каждая из которых формирует отдельную капсулу, или мини-коллекцию из 20-30 вещей в едином стиле, которые могут быть вдохновлены не только фантазией наших дизайнеров, но и литературными произведениями в диапазоне от детских сказок до сюрреалистических романов, путешествиями в разные концы света (в портфеле бренда уже были капсулы по следам поездок в Австралию и Санкт-Петербург, Индию и Африку, Париж и Бутан), художественными или философскими концепциями - панк, примитивизм, нигилизм, - и даже творчеством клиентов и их детей: были капсулы с детскими рисунками, а были такие, где мы спрашивали подписчиков соцсетей, что бы ещё нарисовать. Так появился бестселлер сезона FW 24-25 – “собака-выпивака”. А ещё мы любим коллаборации с уличными художниками, татуировщиками, деятелями современного искусства... Но про всё сразу и не расскажешь. Нам не интересно притворяться недоступными небожителями мира “высокой моды” и не хочется существовать в однородной массе “как у всех”. Нам интересно найти себя, помочь вам найти вас и всем нам подружиться. Поэтому в First in Space нет места снобизму, синтетике и суррогатам. У нас есть только жизнь! Жизнь, в которой важно быть, а не казаться.",FIRST IN SPACE,http://www.first-in-space.ru/,manager@first-in-space.ru,8 (800) 500 25 28,https://md.expodat.com/companies/company/21594-first-in-space.html,21594,"FIRST IN SPACE | Россия | 14D31 | First in Space – московский дизайнерский бренд, основанный в 2007 году и выпускающий одежду, наполненную смыслом. Натуральные ткани, высокотехнологичное оборудование и неповторимый опыт в сочетании с буйством фантазии и особым взглядом на мир, с оглядкой на тренды, но без слепого следования за ними – таков “рецепт” бренда, которому мы следуем со дня основания. First in Space – московский дизайнерский бренд, основанный в 2007 году и выпускающий одежду, наполненную смыслом. Натуральные ткани, высокотехнологичное оборудование и неповторимый опыт в сочетании с буйством фантазии и особым взглядом на мир, с оглядкой на тренды, но без слепого следования за ними – таков “рецепт” бренда, которому мы следуем со дня основания. Не менее важно, что First in Space не только придумывает вещи и принты, но и – несмотря на сотрудничество со многими контактными производствами – печатает и кроит ткань, отшивает эталонные образцы, проводит экскурсии, тренинги, показы и опен-коллы для собственных работников, партнёров и даже подписчиков. Любое созидание для нас начинается с мысли о том, что лично ты хочешь и можешь дать этому миру. Ответ прост – мы готовы отдать миру вс",parsed_detail,,2026-08-24T05:45:15Z,cpm-moscow-autumn-2026-expodat-signo-v1.0.1,expodat_cpm_2026_autumn_public_catalog,1752b48cf4a5a84a2afcee763521dfc1c6c0fbfdbbf7d46bf1dfd9257995c018,
CPM – Collection Première Moscow Осень 2026,1–4 сентября 2026,FITFLY,Fitfly,"одежда, аксессуары",Турция,,,13F20,,"Мода и стиль; женская, мужская и детская одежда; аксессуары; текстиль",,FITFLY,,,+7 495 955 91 99,https://md.expodat.com/companies/company/40332-fitfly.html,40332,FITFLY | Турция | 13F20,parsed_detail,,2026-08-24T05:45:15Z,cpm-moscow-autumn-2026-expodat-signo-v1.0.1,expodat_cpm_2026_autumn_public_catalog,30e3905ba4b00a0725d9cdfe6b2bf40d3baa7a20f09daffa3fcd86d6408dcca9,
CPM – Collection Première Moscow Осень 2026,1–4 сентября 2026,FIUMELLI,Fiumelli,"одежда, аксессуары",Турция,,,13E38,,"Мода и стиль; женская, мужская и детская одежда; аксессуары; текстиль",,FIUMELLI,,,+7 495 955 91 99,https://md.expodat.com/companies/company/34454-fiumelli.html,34454,FIUMELLI | Турция | 13E38,parsed_detail,,2026-08-24T05:45:15Z,cpm-moscow-autumn-2026-expodat-signo-v1.0.1,expodat_cpm_2026_autumn_public_catalog,6b0cc2f30c3aa5a2dfc8e6b83f7f7a022ef94b1860fae59b2c8804cb356345dc,
CPM – Collection Première Moscow Осень 2026,1–4 сентября 2026,FORLIFE,Forlife,"текстиль и трикотаж, одежда",Россия,,,15A27,,"Мода и стиль; женская, мужская и детская одежда; аксессуары; текстиль","Мы гордимся собственным производством одежды. В небольшом русском городе, с большой культурной и текстильной историей, бренд FORLIFE осуществляет полный цикл пошива одежды – от разработки конструкции до готового изделия. Мы гордимся собственным производством одежды. В небольшом русском городе, с большой культурной и текстильной историей, бренд FORLIFE осуществляет полный цикл пошива одежды – от разработки конструкции до готового изделия. У нас сильная команда дизайнеров, конструкторов, портных и швей. Мы можем себе позволить нестандартные техники обработки и эксперименты с деталями. Как итог – качественный крой, чёткие и лаконичные формы, идеальная посадка вещей с интересными фактурами и актуальными акцентами.",FORLIFE,https://forlife.moda,forlife.moda.opt1@mail.ru; forlife.lider@yandex.ru,+79159104417,https://md.expodat.com/companies/company/23965-forlife.html,23965,"FORLIFE | Россия | 15A27 | Мы гордимся собственным производством одежды. В небольшом русском городе, с большой культурной и текстильной историей, бренд FORLIFE осуществляет полный цикл пошива одежды – от разработки конструкции до готового изделия. Мы гордимся собственным производством одежды. В небольшом русском городе, с большой культурной и текстильной историей, бренд FORLIFE осуществляет полный цикл пошива одежды – от разработки конструкции до готового изделия. У нас сильная команда дизайнеров, конструкторов, портных и швей. Мы можем себе позволить нестандартные техники обработки и эксперименты с деталями. Как итог – качественный крой, чёткие и лаконичные формы, идеальная посадка вещей с интересными фактурами и актуальными акцентами. | https://forlife.moda | forlife.moda.opt1@mail.ru; forlife.lider@yandex.ru",parsed_detail,,2026-08-24T05:45:15Z,cpm-moscow-autumn-2026-expodat-signo-v1.0.1,expodat_cpm_2026_autumn_public_catalog,12d7c0ddd369e531df776779220d50153ffdb940c2c33e6338bc136e5617898d,
CPM – Collection Première Moscow Осень 2026,1–4 сентября 2026,"FORTUNE FOREST TEXTILE CO., LTD.","Fortune Forest Textile Co., Ltd.",одежда,Китай,,,15E21,,"Мода и стиль; женская, мужская и детская одежда; аксессуары; текстиль","Fortune Forest Textile Co., Ltd, is a professional manufacturer and exporter with over 20 years’ experience specialized in design, development and production of garments. Over this period, our company is always following the principle of “Quality First” with the aim to bring excellent products and experiences to customers.Our own factory is equipped with many special machines, such as down filling machine, hot air seam taping machine, hot pressing machine, quilting template machine, etc. Fortune Forest Textile Co., Ltd, is a professional manufacturer and exporter with over 20 years’ experience specialized in design, development and production of garments. Over this period, our company is always following the principle of “Quality First” with the aim to bring excellent products and experiences to customers.Our own factory is equipped with many special machines, such as down filling machine, hot air seam taping machine, hot pressing machine, quilting template machine, etc.. We obtained BSCI certificate，GRS certificate and Higg authentication.What’s more, we are able to apply and get OEKO TEX 100 certificate for your products.We're equipped with a technology department which concentrates on designing and developing samples for clients, thus enabling us to respond promptly and precisely as clients’ request to meet ever-changing market. We are committed to maximizing value creation for our clients, striving to offer the greatest assistance to their brands, and providing consumers with comfortable experiences and aesthetic enjoyment. Sincerely hope to cooperate with you.","FORTUNE FOREST TEXTILE CO., LTD.",http://www.fortune-forest.com,amber@fortune-forest.com; aldy@fortune-forest.com,13791997472,https://md.expodat.com/companies/company/41155-fortune-forest-textile-co-ltd.html,41155,"FORTUNE FOREST TEXTILE CO., LTD. | Китай | 15E21 | Fortune Forest Textile Co., Ltd, is a professional manufacturer and exporter with over 20 years’ experience specialized in design, development and production of garments. Over this period, our company is always following the principle of “Quality First” with the aim to bring excellent products and experiences to customers.Our own factory is equipped with many special machines, such as down filling machine, hot air seam taping machine, hot pressing machine, quilting template machine, etc. Fortune Forest Textile Co., Ltd, is a professional manufacturer and exporter with over 20 years’ experience specialized in design, development and production of garments. Over this period, our company is always following the principle of “Quality First” with the aim to bring excellent products and experiences to customers.Our own factory is equipped with many special machines, such as down filling machine, hot air seam taping machine, hot pressing machine, quilting template machine, etc.. We obtained BSCI certificate，GRS certificate and Higg authentication.What’s more, we are able to apply and get OEKO TEX 100 certificate for your products.We're eq",parsed_detail,,2026-08-24T05:45:15Z,cpm-moscow-autumn-2026-expodat-signo-v1.0.1,expodat_cpm_2026_autumn_public_catalog,91fdd1b25602726fcdfc3aca83157c3dd521071883991b3e14bcd6bf08b776fb,
CPM – Collection Première Moscow Осень 2026,1–4 сентября 2026,"FOSHAN DIBALI GARMENT CO., LTD.","Foshan Dibali Garment Co., Ltd.","детская одежда, текстиль и трикотаж, одежда",Китай,,,15D74,,"Мода и стиль; женская, мужская и детская одежда; аксессуары; текстиль","Foshan Dibali Garment Co., Ltd. is based in Foshan, China. We integrate the full chain from fabric to finished garments, supplying women’s, men’s and children’s apparel. We offer custom printing, embroidery and personalized crafts with flexible MOQs to suit diverse demands.","FOSHAN DIBALI GARMENT CO., LTD.",,1092349292@qq.com,0086 13520724989,https://md.expodat.com/companies/company/40840-dibali.html,40840,"FOSHAN DIBALI GARMENT CO., LTD. | Китай | 15D74 | Foshan Dibali Garment Co., Ltd. is based in Foshan, China. We integrate the full chain from fabric to finished garments, supplying women’s, men’s and children’s apparel. We offer custom printing, embroidery and personalized crafts with flexible MOQs to suit diverse demands. | 1092349292@qq.com",parsed_detail,,2026-08-24T05:45:15Z,cpm-moscow-autumn-2026-expodat-signo-v1.0.1,expodat_cpm_2026_autumn_public_catalog,04223605ec2571426573d92a2624807ed5138b5ec18e0aef93e873665ab88900,
CPM – Collection Première Moscow Осень 2026,1–4 сентября 2026,"FOSHAN HIBO CLOTHING CO.,LTD","Foshan Hibo Clothing Co.,Ltd","одежда, аксессуары",Китай,,,15E27,,"Мода и стиль; женская, мужская и детская одежда; аксессуары; текстиль","Мы являемся интегрированной компанией, совмещающей производство и торговлю, и уже 30 лет работаем в джинсовой отрасли. Наш завод был основан в 1995 году, а в 2005 году мы создали собственную торговую компанию. В настоящее время на фабрике работает 200 сотрудников и функционируют четыре производственные линии, что позволяет нам выполнять как крупные заказы, так и срочные заказы.","FOSHAN HIBO CLOTHING CO.,LTD",,michaelwang@vigazz.com,+8613924552044,https://md.expodat.com/companies/company/39638-foshan-hibo-clothing-co-ltd.html,39638,"FOSHAN HIBO CLOTHING CO.,LTD | Китай | 15E27 | Мы являемся интегрированной компанией, совмещающей производство и торговлю, и уже 30 лет работаем в джинсовой отрасли. Наш завод был основан в 1995 году, а в 2005 году мы создали собственную торговую компанию. В настоящее время на фабрике работает 200 сотрудников и функционируют четыре производственные линии, что позволяет нам выполнять как крупные заказы, так и срочные заказы. | michaelwang@vigazz.com",parsed_detail,,2026-08-24T05:45:15Z,cpm-moscow-autumn-2026-expodat-signo-v1.0.1,expodat_cpm_2026_autumn_public_catalog,0b38272df0cbbdd1ed4b693de4b8ca0dc392459d1df01d86d5742604b8ed0b56,
CPM – Collection Première Moscow Осень 2026,1–4 сентября 2026,"FOSHAN YUE HUA GARMENT CO.,LTD","Foshan Yue Hua Garment Co.,Ltd",одежда,Китай,,,15F63,,"Мода и стиль; женская, мужская и детская одежда; аксессуары; текстиль","FOSHAN YUE HUA GARMENT CO.,LTD","FOSHAN YUE HUA GARMENT CO.,LTD",,,+7 495 955 91 99,https://md.expodat.com/companies/company/41389-foshan-yue-hua-garment-co-ltd.html,41389,"FOSHAN YUE HUA GARMENT CO.,LTD | Китай | 15F63 | FOSHAN YUE HUA GARMENT CO.,LTD",parsed_detail,,2026-08-24T05:45:15Z,cpm-moscow-autumn-2026-expodat-signo-v1.0.1,expodat_cpm_2026_autumn_public_catalog,77e0ff0deb7f31869a26076df5ee886ff5afe00c9a161dd9d304134b08b5be27,
CPM – Collection Première Moscow Осень 2026,1–4 сентября 2026,FRACOMINA,Fracomina,"одежда, аксессуары",Италия,,,13A31-A37,,"Мода и стиль; женская, мужская и детская одежда; аксессуары; текстиль","Коллекция Fracomina SS27 подчеркивает женскую утонченность в любой момент дня, сопровождая женщину с утра и до самого вечера. Эта коллекция отличается яркой палитрой, вдохновленной насыщенными красками Соррентийского побережья и элегантностью итальянского дизайна.",FRACOMINA,http://www.fracomina.com,info@pfcmna.it,+39 081 8269592,https://md.expodat.com/companies/company/23639-fracomina.html,23639,"FRACOMINA | Италия | 13A31-A37 | Коллекция Fracomina SS27 подчеркивает женскую утонченность в любой момент дня, сопровождая женщину с утра и до самого вечера. Эта коллекция отличается яркой палитрой, вдохновленной насыщенными красками Соррентийского побережья и элегантностью итальянского дизайна. | http://www.fracomina.com | info@pfcmna.it",parsed_detail,,2026-08-24T05:45:15Z,cpm-moscow-autumn-2026-expodat-signo-v1.0.1,expodat_cpm_2026_autumn_public_catalog,99593074699c9bde7c5644afa768955d4f0ae782c44a0fd043562c61d253d688,
CPM – Collection Première Moscow Осень 2026,1–4 сентября 2026,FRANCESCA MERCURIALI,Francesca Mercuriali,"одежда, аксессуары",Италия,,,13A18,,"Мода и стиль; женская, мужская и детская одежда; аксессуары; текстиль","​Роскошь, мода, женственность, мягкий силуэт, характеризуют коллекцию ""FRANCESCA MERCURIALI SS2027"". Все товары полностью сделаны в Италии с использованием драгоценных итальянских тканей и пряжи. Изысканные и эксклюзивные стиль вместе с драгоценной вышивкой придают коллекции сильный и чрезвычайно элегантный характер.",FRANCESCA MERCURIALI,http://www.francescamercuriali.com,info@francescamercuriali.com,+39 0546 46225,https://md.expodat.com/companies/company/19443-francesca-mercuriali.html,19443,"FRANCESCA MERCURIALI | Италия | 13A18 | ​Роскошь, мода, женственность, мягкий силуэт, характеризуют коллекцию ""FRANCESCA MERCURIALI SS2027"". Все товары полностью сделаны в Италии с использованием драгоценных итальянских тканей и пряжи. Изысканные и эксклюзивные стиль вместе с драгоценной вышивкой придают коллекции сильный и чрезвычайно элегантный характер. | http://www.francescamercuriali.com | info@francescamercuriali.com",parsed_detail,,2026-08-24T05:45:15Z,cpm-moscow-autumn-2026-expodat-signo-v1.0.1,expodat_cpm_2026_autumn_public_catalog,b19affa65f2718a0a9312ad67fdc1292cd07edfab8ce927904aae426ba80aa62,
CPM – Collection Première Moscow Осень 2026,1–4 сентября 2026,FRANCESCO MARCONI,Francesco Marconi,"одежда, аксессуары",Россия,,,15A11,,"Мода и стиль; женская, мужская и детская одежда; аксессуары; текстиль",,FRANCESCO MARCONI,,,+7 495 955 91 99,https://md.expodat.com/companies/company/39083-francesco-marconi.html,39083,FRANCESCO MARCONI | Россия | 15A11,parsed_detail,,2026-08-24T05:45:15Z,cpm-moscow-autumn-2026-expodat-signo-v1.0.1,expodat_cpm_2026_autumn_public_catalog,6888a9c06c48e5801ded63550ea52da42ff68945638293b920b37249cf142e96,
CPM – Collection Première Moscow Осень 2026,1–4 сентября 2026,FREDRIKSON,Fredrikson,"одежда, аксессуары",Россия,,,15B54,,"Мода и стиль; женская, мужская и детская одежда; аксессуары; текстиль",,FREDRIKSON,,,+7 495 955 91 99,https://md.expodat.com/companies/company/24713-fredrikson.html,24713,FREDRIKSON | Россия | 15B54,parsed_detail,,2026-08-24T05:45:15Z,cpm-moscow-autumn-2026-expodat-signo-v1.0.1,expodat_cpm_2026_autumn_public_catalog,7a4c1bd6c02ed0612d7ac11aef85204b4b422fa3c34016bc03d768c5e92cab95,
CPM – Collection Première Moscow Осень 2026,1–4 сентября 2026,FROM LUNA,From Luna,"одежда, аксессуары",,,,15A60,,"Мода и стиль; женская, мужская и детская одежда; аксессуары; текстиль",,FROM LUNA,,,+7 495 955 91 99,https://md.expodat.com/companies/company/40378-from-luna.html,40378,FROM LUNA | 15A60,parsed_detail,,2026-08-24T05:45:15Z,cpm-moscow-autumn-2026-expodat-signo-v1.0.1,expodat_cpm_2026_autumn_public_catalog,def3e34a01c24949db0376d206bf34b2a826b7bfa51e6fbcc444831fcbfcb064,
CPM – Collection Première Moscow Осень 2026,1–4 сентября 2026,FUEGO,FUEGO,"одежда, аксессуары",Франция,,,13C01,,"Мода и стиль; женская, мужская и детская одежда; аксессуары; текстиль",,FUEGO,http://www.fuegowoman.com,,+7 495 955 91 99,https://md.expodat.com/companies/company/23027-fuego.html,23027,FUEGO | Франция | 13C01 | http://www.fuegowoman.com,parsed_detail,,2026-08-24T05:45:15Z,cpm-moscow-autumn-2026-expodat-signo-v1.0.1,expodat_cpm_2026_autumn_public_catalog,d9c356c81150d58b3e79a97dbe97c09eb189df46cac9ccb648ff6e1bbb2a0ae8,
CPM – Collection Première Moscow Осень 2026,1–4 сентября 2026,"FUJIAN TSE INTERNATIONAL TRADING CO.,LTD","Fujian Tse International Trading Co.,Ltd","одежда, аксессуары",Китай,,,15C38,,"Мода и стиль; женская, мужская и детская одежда; аксессуары; текстиль","FUJIAN TSE INTERNATIONAL TRADING CO.,LTD","FUJIAN TSE INTERNATIONAL TRADING CO.,LTD",http://www.tseintl.com,info@tseintl.com,86-591-87558087,https://md.expodat.com/companies/company/41020-fujian-tse-international-trading-co-ltd.html,41020,"FUJIAN TSE INTERNATIONAL TRADING CO.,LTD | Китай | 15C38 | FUJIAN TSE INTERNATIONAL TRADING CO.,LTD | http://www.tseintl.com | info@tseintl.com",parsed_detail,,2026-08-24T05:45:15Z,cpm-moscow-autumn-2026-expodat-signo-v1.0.1,expodat_cpm_2026_autumn_public_catalog,1f8d13684fae329a2ef512abb2686ee782ddac815c1ba9a7636c64c52da69712,
CPM – Collection Première Moscow Осень 2026,1–4 сентября 2026,"Fuzhou Bohan Cross-border E-commerce Co., Ltd","Fuzhou Bohan Cross-border E-commerce Co., Ltd","одежда, аксессуары",Китай,,,13E70,,"Мода и стиль; женская, мужская и детская одежда; аксессуары; текстиль","Fuzhou Bohan Cross-border E-commerce Co., Ltd","Fuzhou Bohan Cross-border E-commerce Co., Ltd",https://www.ozon.ru/seller/le-fil/,447694032@qq.com,+7 495 955 91 99,https://md.expodat.com/companies/company/40885-fuzhou-bohan-cross-border-e-commerce-co-ltd.html,40885,"Fuzhou Bohan Cross-border E-commerce Co., Ltd | Китай | 13E70 | Fuzhou Bohan Cross-border E-commerce Co., Ltd | https://www.ozon.ru/seller/le-fil/ | 447694032@qq.com",parsed_detail,,2026-08-24T05:45:15Z,cpm-moscow-autumn-2026-expodat-signo-v1.0.1,expodat_cpm_2026_autumn_public_catalog,624616bde5b9f2d9e568f894aba7dac53a452325a04b756689dbf8919e1fab3f,
CPM – Collection Première Moscow Осень 2026,1–4 сентября 2026,G V Ventures,G V Ventures,"одежда, аксессуары",Индия,,,"14C73, 14C75",,"Мода и стиль; женская, мужская и детская одежда; аксессуары; текстиль",,G V Ventures,,,+7 495 955 91 99,https://md.expodat.com/companies/company/41419-g-v-ventures.html,41419,"G V Ventures | Индия | 14C73, 14C75",parsed_detail,,2026-08-24T05:45:15Z,cpm-moscow-autumn-2026-expodat-signo-v1.0.1,expodat_cpm_2026_autumn_public_catalog,861acf8b34d7deda299c4269328e439ee980ce5205275c94474795a7cd41fdc1,
CPM – Collection Première Moscow Осень 2026,1–4 сентября 2026,G.E.Y.I.M,G.E.Y.I.M,одежда,Россия,,,14F18 / 14G19,,"Мода и стиль; женская, мужская и детская одежда; аксессуары; текстиль","Geyim — бренд мужской и женской одежды с фокусом на современный деним. В коллекциях представлены джинсы и деним-изделия, а также широкий ассортимент повседневной и casual-одежды: футболки, поло, рубашки, брюки, спортивные костюмы и другие категории. Бренд сочетает актуальный дизайн, комфорт и практичность, предлагая универсальные решения для повседневного гардероба.",G.E.Y.I.M,https://www.instagram.com/geyim.brand?igsh=Z3ltazcyczJhYjB3,geyim.brand@gmail.com,+79777012023,https://md.expodat.com/companies/company/23330-luxor-by-ramo.html,23330,"G.E.Y.I.M | Россия | 14F18 / 14G19 | Geyim — бренд мужской и женской одежды с фокусом на современный деним. В коллекциях представлены джинсы и деним-изделия, а также широкий ассортимент повседневной и casual-одежды: футболки, поло, рубашки, брюки, спортивные костюмы и другие категории. Бренд сочетает актуальный дизайн, комфорт и практичность, предлагая универсальные решения для повседневного гардероба. | https://www.instagram.com/geyim.brand?igsh=Z3ltazcyczJhYjB3 | geyim.brand@gmail.com",parsed_detail,,2026-08-24T05:45:15Z,cpm-moscow-autumn-2026-expodat-signo-v1.0.1,expodat_cpm_2026_autumn_public_catalog,6623b62a652bf22b80f4973e266fc31835431a8c4967bd0b690ce9a332f003bd,
CPM – Collection Première Moscow Осень 2026,1–4 сентября 2026,GALA PROJECT,Gala Project,"текстиль и трикотаж, одежда",Россия,,,14G50,,"Мода и стиль; женская, мужская и детская одежда; аксессуары; текстиль","Мы предлагаем пошив мерча и брендированной одежды под задачи вашего бренда, команды или мероприятия. Изготавливаем изделия с учетом фирменного стиля, подбираем материалы, крой и оптимальный способ нанесения. Для персонализации используем современные технологии: флекстрансфер, DTF-печать, флекстекс, эмбоссинг и шелкографию. Эти методы позволяют наносить логотипы, надписи, декоративные элементы и сложные изображения на разные виды текстиля. Брендированный мерч — это практичный инструмент продвижения, который помогает сделать компанию узнаваемой,",GALA PROJECT,https://gala-project.ru/,info@gala-project.ru,+7 (495) 128-07-07,https://md.expodat.com/companies/company/41485-gala-project.html,41485,"GALA PROJECT | Россия | 14G50 | Мы предлагаем пошив мерча и брендированной одежды под задачи вашего бренда, команды или мероприятия. Изготавливаем изделия с учетом фирменного стиля, подбираем материалы, крой и оптимальный способ нанесения. Для персонализации используем современные технологии: флекстрансфер, DTF-печать, флекстекс, эмбоссинг и шелкографию. Эти методы позволяют наносить логотипы, надписи, декоративные элементы и сложные изображения на разные виды текстиля. Брендированный мерч — это практичный инструмент продвижения, который помогает сделать компанию узнаваемой, | https://gala-project.ru/ | info@gala-project.ru",parsed_detail,,2026-08-24T05:45:15Z,cpm-moscow-autumn-2026-expodat-signo-v1.0.1,expodat_cpm_2026_autumn_public_catalog,0625d21efdf5ed094a7df498733e87e0a50fef88e85ad8c42457e6a0c6210919,
CPM – Collection Première Moscow Осень 2026,1–4 сентября 2026,GALANTEYA,Galanteya,"аксессуары, изделия из кожи и меха",Беларусь,,,14G29,,"Мода и стиль; женская, мужская и детская одежда; аксессуары; текстиль","GALANTEYA − это современный дизайн, разнообразие цветовой гаммы и неповторимый стиль кожаных аксессуаров!",GALANTEYA,http://opt.galanteya.by,info@galanteya.by; andy_t@tut.by,+375 (17) 311 26 20,https://md.expodat.com/companies/company/23938-galanteya.html,23938,"GALANTEYA | Беларусь | 14G29 | GALANTEYA − это современный дизайн, разнообразие цветовой гаммы и неповторимый стиль кожаных аксессуаров! | http://opt.galanteya.by | info@galanteya.by; andy_t@tut.by",parsed_detail,,2026-08-24T05:45:15Z,cpm-moscow-autumn-2026-expodat-signo-v1.0.1,expodat_cpm_2026_autumn_public_catalog,22e7812a55a898244fa33f68ebb38239e6e1cd8b572f9c2edf63804ca4a2493a,
CPM – Collection Première Moscow Осень 2026,1–4 сентября 2026,GALAPOLYGRAPH,Galapolygraph,изделия из кожи и меха,Россия,,,14G50,,"Мода и стиль; женская, мужская и детская одежда; аксессуары; текстиль","-ГалаПолиграф - компания по производству всех видов ярлыков и этикеток: печатных, тканых, картонных, тисненных из кожзама, металлических, световозвращающих и резиновых, а также пуллеров для молний. Мы предлагаем нашим клиентам комплексное решение для их брендов. Десятилетний опыт работы, многообразие технологий и комфортные условия являются гарантией успешного сотрудничества с нами.",GALAPOLYGRAPH,https://www.gala-poly.ru/,info@gala-poly.ru,+7(495)777-01-98,https://md.expodat.com/companies/company/35966-galapoligraph.html,35966,"GALAPOLYGRAPH | Россия | 14G50 | -ГалаПолиграф - компания по производству всех видов ярлыков и этикеток: печатных, тканых, картонных, тисненных из кожзама, металлических, световозвращающих и резиновых, а также пуллеров для молний. Мы предлагаем нашим клиентам комплексное решение для их брендов. Десятилетний опыт работы, многообразие технологий и комфортные условия являются гарантией успешного сотрудничества с нами. | https://www.gala-poly.ru/ | info@gala-poly.ru",parsed_detail,,2026-08-24T05:45:15Z,cpm-moscow-autumn-2026-expodat-signo-v1.0.1,expodat_cpm_2026_autumn_public_catalog,d9f4b3192b48d0e56e395707e1c8405dbb9562e920605904e321af0b0bbef380,
CPM – Collection Première Moscow Осень 2026,1–4 сентября 2026,"Ganzhou Coolwolf Clothing Co., Ltd","Ganzhou Coolwolf Clothing Co., Ltd","одежда, аксессуары",Китай,,,15D64,,"Мода и стиль; женская, мужская и детская одежда; аксессуары; текстиль","CoolWolf Jeans – Your Global Denim Manufacturing Partner Established in 2004, China’s denim hub, CoolWolf Jeans is a leading denim manufacturer with 20 years of expertise in design, production, and sales. Our 7,000㎡ factory, equipped with 11 production lines and over 300 skilled workers, ensures an annual output of 2 million high-quality denim pieces. We specialize in OEM/ODM services, offering full customization for global brands with fast turnaround: sampling in 72 hours and bulk production in 30-40 days. Exporting worldwide, we hold internat","Ganzhou Coolwolf Clothing Co., Ltd",http://www.cwjeans.cn,cici@cwjeans.cn,+86 16620461746,https://md.expodat.com/companies/company/40621-coolwolf.html,40621,"Ganzhou Coolwolf Clothing Co., Ltd | Китай | 15D64 | CoolWolf Jeans – Your Global Denim Manufacturing Partner Established in 2004, China’s denim hub, CoolWolf Jeans is a leading denim manufacturer with 20 years of expertise in design, production, and sales. Our 7,000㎡ factory, equipped with 11 production lines and over 300 skilled workers, ensures an annual output of 2 million high-quality denim pieces. We specialize in OEM/ODM services, offering full customization for global brands with fast turnaround: sampling in 72 hours and bulk production in 30-40 days. Exporting worldwide, we hold internat | http://www.cwjeans.cn | cici@cwjeans.cn",parsed_detail,,2026-08-24T05:45:15Z,cpm-moscow-autumn-2026-expodat-signo-v1.0.1,expodat_cpm_2026_autumn_public_catalog,45224bc9ae5bcc3c180fd858fee6e60ebea4f8a744f82529ce17d531aae6f746,
CPM – Collection Première Moscow Осень 2026,1–4 сентября 2026,"GANZHOU LIUZHOU GARMENT CO.,LTD","Ganzhou Liuzhou Garment Co.,Ltd",одежда,Китай,,,15D63,,"Мода и стиль; женская, мужская и детская одежда; аксессуары; текстиль",Ganzhou Liuzhou Garment Co Ltd specializes in denim clothing R&D production and sales located in Yudu County Ganzhou Founded in 2019 with over 200 employees it has complete production equipment and an annual capacity of over 2 million pieces It undertakes OEM and customized orders with mature technology strict quality control and supports domestic and foreign trade business,"GANZHOU LIUZHOU GARMENT CO.,LTD",,vivi@changhongjeans.com,18588692190,https://md.expodat.com/companies/company/41140-ganzhou-liuzhou-garment-co-ltd.html,41140,"GANZHOU LIUZHOU GARMENT CO.,LTD | Китай | 15D63 | Ganzhou Liuzhou Garment Co Ltd specializes in denim clothing R&D production and sales located in Yudu County Ganzhou Founded in 2019 with over 200 employees it has complete production equipment and an annual capacity of over 2 million pieces It undertakes OEM and customized orders with mature technology strict quality control and supports domestic and foreign trade business | vivi@changhongjeans.com",parsed_detail,,2026-08-24T05:45:15Z,cpm-moscow-autumn-2026-expodat-signo-v1.0.1,expodat_cpm_2026_autumn_public_catalog,b516f8160d7e281bdd12fec84019044517571b9b2f41b27aa3639d1a618bf26e,
CPM – Collection Première Moscow Осень 2026,1–4 сентября 2026,"Ganzhou Xinyou Garments Co., Ltd","Ganzhou Xinyou Garments Co., Ltd","текстиль и трикотаж, одежда",Китай,,,15B111,,"Мода и стиль; женская, мужская и детская одежда; аксессуары; текстиль","Ganzhou Xinyou garments ,which was located at Yudu city , Jiangxi province, covers 8000 M²,it has 150 employees,which is a professional textile manufacturer, Specializing in clothing research, development and design all kinds of garments produce,with many years of garment R&D, and produce experience. Our main products include sportswear, ski suit, padding jackets, down jackets, heatsealed garments ,shorts and so on ,which covering woven and knitting ranges . an annual 2500000pcs, turnover more than 20 million us dollars per year","Ganzhou Xinyou Garments Co., Ltd",,nancyxi@garmentsofchina.com,008613625007885,https://md.expodat.com/companies/company/40579-z-success.html,40579,"Ganzhou Xinyou Garments Co., Ltd | Китай | 15B111 | Ganzhou Xinyou garments ,which was located at Yudu city , Jiangxi province, covers 8000 M²,it has 150 employees,which is a professional textile manufacturer, Specializing in clothing research, development and design all kinds of garments produce,with many years of garment R&D, and produce experience. Our main products include sportswear, ski suit, padding jackets, down jackets, heatsealed garments ,shorts and so on ,which covering woven and knitting ranges . an annual 2500000pcs, turnover more than 20 million us dollars per year | nancyxi@garmentsofchina.com",parsed_detail,,2026-08-24T05:45:15Z,cpm-moscow-autumn-2026-expodat-signo-v1.0.1,expodat_cpm_2026_autumn_public_catalog,f5b956ff7798669368705317bc24fc59309400a0a140704564bcb6ecd42ad7b8,
CPM – Collection Première Moscow Осень 2026,1–4 сентября 2026,"GAOZHOU DOUBLE FEATHER TRADING CO.,LTD.","Gaozhou Double Feather Trading Co.,Ltd.","одежда, аксессуары",Китай,,,13F71,,"Мода и стиль; женская, мужская и детская одежда; аксессуары; текстиль","GAOZHOU DOUBLE FEATHER TRADING CO.,LTD.","GAOZHOU DOUBLE FEATHER TRADING CO.,LTD.",,nancy@bebebama.com,+7 495 955 91 99,https://md.expodat.com/companies/company/40888-gaozhou-double-feather-trading-co-ltd.html,40888,"GAOZHOU DOUBLE FEATHER TRADING CO.,LTD. | Китай | 13F71 | GAOZHOU DOUBLE FEATHER TRADING CO.,LTD. | nancy@bebebama.com",parsed_detail,,2026-08-24T05:45:15Z,cpm-moscow-autumn-2026-expodat-signo-v1.0.1,expodat_cpm_2026_autumn_public_catalog,2ed031f583855634015ba4ec7285453907e53910689077bfc95876b2a567b0ff,
CPM – Collection Première Moscow Осень 2026,1–4 сентября 2026,GARICCI,Garicci,одежда,Россия,,,14C40,,"Мода и стиль; женская, мужская и детская одежда; аксессуары; текстиль",Производство верхней женской одежды,GARICCI,,garicci@mail.ru,+7 495 955 91 99,https://md.expodat.com/companies/company/23324-garicci.html,23324,GARICCI | Россия | 14C40 | Производство верхней женской одежды | garicci@mail.ru,parsed_detail,,2026-08-24T05:45:15Z,cpm-moscow-autumn-2026-expodat-signo-v1.0.1,expodat_cpm_2026_autumn_public_catalog,5b4fa738303c73d6abde0c493ab45eb7cc33ee92adca58e95543a69817ad9e60,
CPM – Collection Première Moscow Осень 2026,1–4 сентября 2026,GAS,GAS,одежда,Италия,,,13A21-A23,,"Мода и стиль; женская, мужская и детская одежда; аксессуары; текстиль","БРЕНД GAS ОСНОВАН В 1984 ГОДУ И ОБНОВЛЕН В 2022 ГОДУ. Компания GAS была основана в 1984 году в Италии с целью создать одежду для поколения, движимого аутентичностью и стремлением к переменам. Деним сразу же оказался идеальным материалом для этой миссии, положив начало всемирной истории успеха. БРЕНД GAS ОСНОВАН В 1984 ГОДУ И ОБНОВЛЕН В 2022 ГОДУ. Компания GAS была основана в 1984 году в Италии с целью создать одежду для поколения, движимого аутентичностью и стремлением к переменам. Деним сразу же оказался идеальным материалом для этой миссии, положив начало всемирной истории успеха. Мы стремимся предлагать одежду, сочетающую в себе стиль, комфорт и долговечность, отражая индивидуальность через вневременной дизайн. Мы стремимся создавать культовые продукты с итальянским стилем и опытом, отвечая потребностям и желаниям наших потребителей. Деним — основа каждой коллекции GAS. Наряду с культовыми моделями каждый сезон обновляется новыми фасонами и варками, черпая вдохновение из архивов бренда и отражая современные тенденции.",GAS,http://www.refixnet.com,damiano@refixnet.com,+39 348 6415180,https://md.expodat.com/companies/company/36114-gas.html,36114,"GAS | Италия | 13A21-A23 | БРЕНД GAS ОСНОВАН В 1984 ГОДУ И ОБНОВЛЕН В 2022 ГОДУ. Компания GAS была основана в 1984 году в Италии с целью создать одежду для поколения, движимого аутентичностью и стремлением к переменам. Деним сразу же оказался идеальным материалом для этой миссии, положив начало всемирной истории успеха. БРЕНД GAS ОСНОВАН В 1984 ГОДУ И ОБНОВЛЕН В 2022 ГОДУ. Компания GAS была основана в 1984 году в Италии с целью создать одежду для поколения, движимого аутентичностью и стремлением к переменам. Деним сразу же оказался идеальным материалом для этой миссии, положив начало всемирной истории успеха. Мы стремимся предлагать одежду, сочетающую в себе стиль, комфорт и долговечность, отражая индивидуальность через вневременной дизайн. Мы стремимся создавать культовые продукты с итальянским стилем и опытом, отвечая потребностям и желаниям наших потребителей. Деним — основа каждой коллекции GAS. Наряду с культовыми моделями каждый сезон обновляется новыми фасонами и варками, черпая вдохновение из архивов бренда и отражая современные тенденции. | http://www.refixnet.com | damiano@refixnet.com",parsed_detail,,2026-08-24T05:45:15Z,cpm-moscow-autumn-2026-expodat-signo-v1.0.1,expodat_cpm_2026_autumn_public_catalog,2e040a80892d5c24ac3b9c1266467c7bc670ed26937933657eed110889e37959,
CPM – Collection Première Moscow Осень 2026,1–4 сентября 2026,GELATU,Gelatu,"текстиль и трикотаж, одежда",Китай,,,15D11,,"Мода и стиль; женская, мужская и детская одежда; аксессуары; текстиль","Компания управляет собственным современным текстильным заводом, обеспечивая полный контроль над производственным процессом — от создания ткани до производства одежды. Эта вертикальная интеграция позволяет TONY управлять каждым аспектом производства внутри компании, включая талантливую команду дизайнеров одежды, которая постоянно расширяет границы инноваций и стиля. Компания управляет собственным современным текстильным заводом, обеспечивая полный контроль над производственным процессом — от создания ткани до производства одежды. Эта вертикальная интеграция позволяет TONY управлять каждым аспектом производства внутри компании, включая талантливую команду дизайнеров одежды, которая постоянно расширяет границы инноваций и стиля. Свыше 200 квалифицированных специалистов работают в TONY, которая гордится впечатляющим ежегодным объемом производства более 2 миллионов предметов одежды, удовлетворяющих широкий спектр рынков и предпочтений клиентов. Приверженность компании устойчивому развитию выходит за рамки ее материалов и охватывает процессы, так как она активно работает над снижением отходов и оптимизацией использования ресурсов на протяжении всего производственного цикла. Для поддержания высокого уровня качества TONY внедрила строгую систему управления качеством, которая гарантирует, что каждый готовый продукт соответствует самым высоким отраслевым стандартам. Эта система включает тщательные проверки на всех этапах производства: от выбора тканей и пошива изделий до финальной инспекции, что позволяет клиентам получать продукцию выдающегося качества, долговечности и комфорта. Помимо экологически чистого подхода, TONY уделяет особое внимание инновациям и дизайну. Посвященная своему делу команда дизайнеров непрерывно черпает вдохновение из мировых модных тенденций и отзывов клиентов, создавая одежду, которая гармонично сочетает стиль, функциональность и устойчивость. Компания гордится тем, что стоит на передовой устойчивой моды, предлагая не просто продукцию, а долгосрочное видение более экологичного и ответственного будущего. Благодаря сочетанию высококачественных материалов, передового дизайна и твердой приверженности экологической ответственности, TONY завоевала репутацию надежного лидера в индустрии моды. Компания стремится превосходить ожидания клиентов, создавая изделия, которые не только выглядят великолепно, но и дарят уверенность в том, что они произведены с заботой о будущем нашей планеты. Укрепляя своё присутствие на мировом рынке и оставаясь верной принципам качества и устойчивости, TONY формирует будущее моды, создавая экологически осознанные изделия шаг за шагом.",GELATU,,774580532@qq.com; lra@tonygarment.com,+7 495 955 91 99,https://md.expodat.com/companies/company/28927-gelatu.html,28927,"GELATU | Китай | 15D11 | Компания управляет собственным современным текстильным заводом, обеспечивая полный контроль над производственным процессом — от создания ткани до производства одежды. Эта вертикальная интеграция позволяет TONY управлять каждым аспектом производства внутри компании, включая талантливую команду дизайнеров одежды, которая постоянно расширяет границы инноваций и стиля. Компания управляет собственным современным текстильным заводом, обеспечивая полный контроль над производственным процессом — от создания ткани до производства одежды. Эта вертикальная интеграция позволяет TONY управлять каждым аспектом производства внутри компании, включая талантливую команду дизайнеров одежды, которая постоянно расширяет границы инноваций и стиля. Свыше 200 квалифицированных специалистов работают в TONY, которая гордится впечатляющим ежегодным объемом производства более 2 миллионов предметов одежды, удовлетворяющих широкий спектр рынков и предпочтений клиентов. Приверженность компании устойчивому развитию выходит за рамки ее материалов и охватывает процессы, так как она активно работает над снижением отходов и оптимизацией использования ресурсов на протяжении всего производствен",parsed_detail,,2026-08-24T05:45:15Z,cpm-moscow-autumn-2026-expodat-signo-v1.0.1,expodat_cpm_2026_autumn_public_catalog,f03206057baa4208ea892f392fd5c3b311dc0bac5a1c86e2473913b19e5b9c26,
CPM – Collection Première Moscow Осень 2026,1–4 сентября 2026,GENEROSO,Generoso,"одежда, аксессуары",Турция,,,13D29,,"Мода и стиль; женская, мужская и детская одежда; аксессуары; текстиль",,GENEROSO,,,+7 495 955 91 99,https://md.expodat.com/companies/company/39262-generoso.html,39262,GENEROSO | Турция | 13D29,parsed_detail,,2026-08-24T05:45:15Z,cpm-moscow-autumn-2026-expodat-signo-v1.0.1,expodat_cpm_2026_autumn_public_catalog,85a440fe1a83591a6df73ee3f379248738a9b7cbee7ea1c8c063b82eb7ace505,
CPM – Collection Première Moscow Осень 2026,1–4 сентября 2026,GIORGIO ROTTI,Giorgio Rotti,"одежда, аксессуары",Турция,,,14C41,,"Мода и стиль; женская, мужская и детская одежда; аксессуары; текстиль",G.R. DERİ TEKSTİL AYAKKABI VE HEDİYELİK EŞYA ÜRÜNLERİ SAN. VE TİC. LTD.ŞTİ,GIORGIO ROTTI,http://www.giorgiorotti.com,,+7 495 955 91 99,https://md.expodat.com/companies/company/19128-giorgio-rotti.html,19128,GIORGIO ROTTI | Турция | 14C41 | G.R. DERİ TEKSTİL AYAKKABI VE HEDİYELİK EŞYA ÜRÜNLERİ SAN. VE TİC. LTD.ŞTİ | http://www.giorgiorotti.com,parsed_detail,,2026-08-24T05:45:15Z,cpm-moscow-autumn-2026-expodat-signo-v1.0.1,expodat_cpm_2026_autumn_public_catalog,b557c0649ccd5aad99fc990f8570f4e4db704ddf137500409915ddf308fe2050,
CPM – Collection Première Moscow Осень 2026,1–4 сентября 2026,GIULIANI ROMANO,Giuliani Romano,"сумки, изделия из кожи и меха",Россия,,,15А19,,"Мода и стиль; женская, мужская и детская одежда; аксессуары; текстиль","«Джулиани Романо» – российско – итальянский бренд. Производитель сумок и мелкой кожгалантереи с итальянским дизайном. Все модели адаптированы под российского клиента. Оптовая и розничная торговля. Доставка по всей России. «Джулиани Романо» – российско – итальянский бренд. Производитель сумок и мелкой кожгалантереи с итальянским дизайном. Все модели адаптированы под российского клиента. Оптовая и розничная торговля. Доставка по всей России. Основан в 2006 году Более 100 моделей сумок в основной коллекции, Более 500 моделей в распродаже, Большой выбор цветовой палитры кожи, Разнообразие используемых материалов в производстве (кожа КРС, наппа, растительного и хромового дубления, различные виды мягкой лицевой кожи, велюр, лак, а также кожа с различным тиснением), Отшиваем для торговых сетей TERVOLINA и ALBA и др. Возможность утверждения индивидуальных условий работы (товар под реализацию, объем закупок и т д), Система БОНУСОВ, кэшбэк и ежемесячные АКЦИИ, Изготавливаем сумку под вашим брендом и др.",GIULIANI ROMANO,https://giuliani-shop.ru/,5258778@mail.ru,+7 (985) 727-77-63,https://md.expodat.com/companies/company/29584-giuliani-romano.html,29584,"GIULIANI ROMANO | Россия | 15А19 | «Джулиани Романо» – российско – итальянский бренд. Производитель сумок и мелкой кожгалантереи с итальянским дизайном. Все модели адаптированы под российского клиента. Оптовая и розничная торговля. Доставка по всей России. «Джулиани Романо» – российско – итальянский бренд. Производитель сумок и мелкой кожгалантереи с итальянским дизайном. Все модели адаптированы под российского клиента. Оптовая и розничная торговля. Доставка по всей России. Основан в 2006 году Более 100 моделей сумок в основной коллекции, Более 500 моделей в распродаже, Большой выбор цветовой палитры кожи, Разнообразие используемых материалов в производстве (кожа КРС, наппа, растительного и хромового дубления, различные виды мягкой лицевой кожи, велюр, лак, а также кожа с различным тиснением), Отшиваем для торговых сетей TERVOLINA и ALBA и др. Возможность утверждения индивидуальных условий работы (товар под реализацию, объем закупок и т д), Система БОНУСОВ, кэшбэк и ежемесячные АКЦИИ, Изготавливаем сумку под вашим брендом и др. | https://giuliani-shop.ru/ | 5258778@mail.ru",parsed_detail,,2026-08-24T05:45:15Z,cpm-moscow-autumn-2026-expodat-signo-v1.0.1,expodat_cpm_2026_autumn_public_catalog,b8dd9898677558faa50f53f3b159ae1dbcab1a64e2cfcedca24fa1029c6ec783,
CPM – Collection Première Moscow Осень 2026,1–4 сентября 2026,GLENFIELD,Glenfield,"одежда, аксессуары",Россия,,,14Е20 / 14F21,,"Мода и стиль; женская, мужская и детская одежда; аксессуары; текстиль","-GLENFIELD зародился в Италии в далеком 1976 году, когда в небольшом венецианском городке Куинто де Тревизо появилась первая вещь с этикеткой бренда. Натуральные материалы и универсальные фасоны не оставили равнодушными и российских любителей моды. Так, в 1994 году GLENFIELD появился в Москве, где сразу завоевал сердца покупателей.",GLENFIELD,https://glenfield.ru,partner@glenfield.ru,+79055379303,https://md.expodat.com/companies/company/23941-genfield.html,23941,"GLENFIELD | Россия | 14Е20 / 14F21 | -GLENFIELD зародился в Италии в далеком 1976 году, когда в небольшом венецианском городке Куинто де Тревизо появилась первая вещь с этикеткой бренда. Натуральные материалы и универсальные фасоны не оставили равнодушными и российских любителей моды. Так, в 1994 году GLENFIELD появился в Москве, где сразу завоевал сердца покупателей. | https://glenfield.ru | partner@glenfield.ru",parsed_detail,,2026-08-24T05:45:15Z,cpm-moscow-autumn-2026-expodat-signo-v1.0.1,expodat_cpm_2026_autumn_public_catalog,25c1fb283a9838f61975ac53768c218e91106777812a3b5e6b60069fd12dc9d2,
CPM – Collection Première Moscow Осень 2026,1–4 сентября 2026,GLORIA TST,Gloria Tst,"одежда, аксессуары",Россия,,,14G30,,"Мода и стиль; женская, мужская и детская одежда; аксессуары; текстиль",,GLORIA TST,https://gloriya-penza.ru/,,+7 495 955 91 99,https://md.expodat.com/companies/company/23944-gloria.html,23944,GLORIA TST | Россия | 14G30 | https://gloriya-penza.ru/,parsed_detail,,2026-08-24T05:45:15Z,cpm-moscow-autumn-2026-expodat-signo-v1.0.1,expodat_cpm_2026_autumn_public_catalog,4950ed81f1c47c5557e05ec7079bc0676f465a127b0b139060cfdedbf7bf484e,
CPM – Collection Première Moscow Осень 2026,1–4 сентября 2026,GOLD,GOLD,"обувь, одежда",Россия,,,14F60,,"Мода и стиль; женская, мужская и детская одежда; аксессуары; текстиль","-Швейная фабрика ГолД уже на протяжении 10 лет занимается производством чехлов для одежды, упаковки, рюкзаков, мешков для обуви, пыльников. Вся продукция изготавливается на заказ, с нанесением логотипа методом шелкографии или DTF-печатью. Мы помогаем реализовывать задуманное, а не работаем по шаблонам.",GOLD,,,+7 495 955 91 99,https://md.expodat.com/companies/company/34223-gold.html,34223,"GOLD | Россия | 14F60 | -Швейная фабрика ГолД уже на протяжении 10 лет занимается производством чехлов для одежды, упаковки, рюкзаков, мешков для обуви, пыльников. Вся продукция изготавливается на заказ, с нанесением логотипа методом шелкографии или DTF-печатью. Мы помогаем реализовывать задуманное, а не работаем по шаблонам.",parsed_detail,,2026-08-24T05:45:15Z,cpm-moscow-autumn-2026-expodat-signo-v1.0.1,expodat_cpm_2026_autumn_public_catalog,7d04dc896d37521d8bf9a0daa902e02e5ed94e28c36aec644f06cb6d3f03465e,
CPM – Collection Première Moscow Осень 2026,1–4 сентября 2026,GOLDME ITALIA,Goldme Italia,"текстиль и трикотаж, одежда",Италия,,,13A01,,"Мода и стиль; женская, мужская и детская одежда; аксессуары; текстиль","Компания была основана в начале 60-х годов и наладила непрерывный производственный процесс от пряжи до готовой одежды. С помощью смены поколений он вошел в индустрию быстрой моды и стал модным брендом, в котором принимали участие модельеры и опытные дизайнеры. Широкий ассортимент продукции, от трикотажа до верхней одежды, помогает объединять различные стили и создавать необычные образы.",GOLDME ITALIA,http://www.goldmeitalia.com,info@goldmeitalia.it,+39 049 5793344,https://md.expodat.com/companies/company/19587-goldme-italia.html,19587,"GOLDME ITALIA | Италия | 13A01 | Компания была основана в начале 60-х годов и наладила непрерывный производственный процесс от пряжи до готовой одежды. С помощью смены поколений он вошел в индустрию быстрой моды и стал модным брендом, в котором принимали участие модельеры и опытные дизайнеры. Широкий ассортимент продукции, от трикотажа до верхней одежды, помогает объединять различные стили и создавать необычные образы. | http://www.goldmeitalia.com | info@goldmeitalia.it",parsed_detail,,2026-08-24T05:45:15Z,cpm-moscow-autumn-2026-expodat-signo-v1.0.1,expodat_cpm_2026_autumn_public_catalog,915bded75ea77ee62a1cf0f91a31ecd2e438d1c6f2905d7d00221706f2d8952d,
CPM – Collection Première Moscow Осень 2026,1–4 сентября 2026,GONDOLINA,Gondolina,"одежда, аксессуары",,,,13C39,,"Мода и стиль; женская, мужская и детская одежда; аксессуары; текстиль",,GONDOLINA,,,+7 495 955 91 99,https://md.expodat.com/companies/company/41440-gondolina.html,41440,GONDOLINA | 13C39,parsed_detail,,2026-08-24T05:45:15Z,cpm-moscow-autumn-2026-expodat-signo-v1.0.1,expodat_cpm_2026_autumn_public_catalog,4c02099839619c0e5d10b5a00b74476ffb9920919fc614b2d425ffd81f2e6a4a,
CPM – Collection Première Moscow Осень 2026,1–4 сентября 2026,GOZHA,GOZHA,"одежда, аксессуары",Россия,,,15C29,,"Мода и стиль; женская, мужская и детская одежда; аксессуары; текстиль",,GOZHA,,,+7 495 955 91 99,https://md.expodat.com/companies/company/31433-gozha.html,31433,GOZHA | Россия | 15C29,parsed_detail,,2026-08-24T05:45:15Z,cpm-moscow-autumn-2026-expodat-signo-v1.0.1,expodat_cpm_2026_autumn_public_catalog,23b85b637a0a4e2d41e4a71347d366a39b871c1ca89f691274f313dddaf1df27,
CPM – Collection Première Moscow Осень 2026,1–4 сентября 2026,GRACE & MILA,Grace & Mila,"одежда, аксессуары",Франция,,,13С11,,"Мода и стиль; женская, мужская и детская одежда; аксессуары; текстиль",,GRACE & MILA,,,+7 495 955 91 99,https://md.expodat.com/companies/company/31049-grace-mila.html,31049,GRACE & MILA | Франция | 13С11,parsed_detail,,2026-08-24T05:45:15Z,cpm-moscow-autumn-2026-expodat-signo-v1.0.1,expodat_cpm_2026_autumn_public_catalog,31de2406438e6021bf6aec22db07165f3e8bcc7931ae5f84558639a5009bd06e,
CPM – Collection Première Moscow Осень 2026,1–4 сентября 2026,GRAZIELLA BRACCIALINI,Graziella Braccialini,"одежда, аксессуары",Италия,,,13B30,,"Мода и стиль; женская, мужская и детская одежда; аксессуары; текстиль","“Dolce Estate Italiana” — это бесспорный лейтмотив коллекции Braccialini ВЛ27, которая погружает нас в «Волшебную Атмосферу» буйства красок, цветения, фруктов и удивительных контрастов между небом, морем и очаровательными пейзажами «Прекрасной Италии».",GRAZIELLA BRACCIALINI,http://www.braccialini.it,info@graziellabraccialini.it,+39 055 75771,https://md.expodat.com/companies/company/19485-graziella-braccialini.html,19485,"GRAZIELLA BRACCIALINI | Италия | 13B30 | “Dolce Estate Italiana” — это бесспорный лейтмотив коллекции Braccialini ВЛ27, которая погружает нас в «Волшебную Атмосферу» буйства красок, цветения, фруктов и удивительных контрастов между небом, морем и очаровательными пейзажами «Прекрасной Италии». | http://www.braccialini.it | info@graziellabraccialini.it",parsed_detail,,2026-08-24T05:45:15Z,cpm-moscow-autumn-2026-expodat-signo-v1.0.1,expodat_cpm_2026_autumn_public_catalog,09fe3fd0eba382eb1481c439071377022f0adbcb7d5e03c2695ac6455e1baca7,
CPM – Collection Première Moscow Осень 2026,1–4 сентября 2026,GREDA,GREDA,"одежда, аксессуары",Италия,,,13B21,,"Мода и стиль; женская, мужская и детская одежда; аксессуары; текстиль","Весенне-летняя коллекция Elisa Cavaletti отличается свежестью и женственностью; она вдохновлена свободой, аутентичностью и современной романтикой. Мягкие объёмы, детали ручной работы и изысканная цветовая гамма определяют непринуждённый современный стиль, который дополняют утончённые текстуры, нежные принты и универсальные силуэты, созданные для современных женщин.",GREDA,http://www.elisacavaletti.it,info@danieladallavalle.com,+39 059 6323511,https://md.expodat.com/companies/company/36118-greda.html,36118,"GREDA | Италия | 13B21 | Весенне-летняя коллекция Elisa Cavaletti отличается свежестью и женственностью; она вдохновлена свободой, аутентичностью и современной романтикой. Мягкие объёмы, детали ручной работы и изысканная цветовая гамма определяют непринуждённый современный стиль, который дополняют утончённые текстуры, нежные принты и универсальные силуэты, созданные для современных женщин. | http://www.elisacavaletti.it | info@danieladallavalle.com",parsed_detail,,2026-08-24T05:45:15Z,cpm-moscow-autumn-2026-expodat-signo-v1.0.1,expodat_cpm_2026_autumn_public_catalog,f90b73dc78dd3161b2af078c8c2e11a2d5447004baea8764a2e965ae8cfa9c66,
CPM – Collection Première Moscow Осень 2026,1–4 сентября 2026,GREEN COAST,Green Coast,"одежда, аксессуары",Италия,,,13A28,,"Мода и стиль; женская, мужская и детская одежда; аксессуары; текстиль","Мужчина, который носит Green Coast, любит выделяться, выбирает отменный стиль и элегантность уникальных изделий Made in Italy, но при этом не отказывается от практичности. Коллекции Весна/Лето Green Coast выполнены из лучших материалов, от хлопка высочайшего качества до технических тканей для спортивных изделий. Мужчина, который носит Green Coast, любит выделяться, выбирает отменный стиль и элегантность уникальных изделий Made in Italy, но при этом не отказывается от практичности. Коллекции Весна/Лето Green Coast выполнены из лучших материалов, от хлопка высочайшего качества до технических тканей для спортивных изделий. Каждое изделие - шедевр Made in Italy, уникально и неповторимо. Приглашаем всех наших клиентов познакомиться с коллекцией на выставке CPM и в нашем шоурум в Москве.",GREEN COAST,http://www.greencoast.it,babini@yandex.ru; alessandro@greencoast.it; sabrina@greencoast.it,+39 059 692696,https://md.expodat.com/companies/company/19464-green-coast.html,19464,"GREEN COAST | Италия | 13A28 | Мужчина, который носит Green Coast, любит выделяться, выбирает отменный стиль и элегантность уникальных изделий Made in Italy, но при этом не отказывается от практичности. Коллекции Весна/Лето Green Coast выполнены из лучших материалов, от хлопка высочайшего качества до технических тканей для спортивных изделий. Мужчина, который носит Green Coast, любит выделяться, выбирает отменный стиль и элегантность уникальных изделий Made in Italy, но при этом не отказывается от практичности. Коллекции Весна/Лето Green Coast выполнены из лучших материалов, от хлопка высочайшего качества до технических тканей для спортивных изделий. Каждое изделие - шедевр Made in Italy, уникально и неповторимо. Приглашаем всех наших клиентов познакомиться с коллекцией на выставке CPM и в нашем шоурум в Москве. | http://www.greencoast.it | babini@yandex.ru; alessandro@greencoast.it; sabrina@greencoast.it",parsed_detail,,2026-08-24T05:45:15Z,cpm-moscow-autumn-2026-expodat-signo-v1.0.1,expodat_cpm_2026_autumn_public_catalog,9b8c72bd5d86ff02e9afb397bcba332c66c29bbce4bd9336c70ff42cf45d604a,
CPM – Collection Première Moscow Осень 2026,1–4 сентября 2026,GRIZAS,Grizas,"одежда, аксессуары",Литва,,,13C20 / 13D21,,"Мода и стиль; женская, мужская и детская одежда; аксессуары; текстиль","Комфортный, легкий авангард и элегантный стиль бохо. Основной концепт бренда-натуральные и экологичные материалы. Только 100% шелк, хлопок, лен и эвкалиптовое волокно. Всегда мягкие и спокойные природные оттенки.",GRIZAS,,,+7 495 955 91 99,https://md.expodat.com/companies/company/25525-grizas.html,25525,"GRIZAS | Литва | 13C20 / 13D21 | Комфортный, легкий авангард и элегантный стиль бохо. Основной концепт бренда-натуральные и экологичные материалы. Только 100% шелк, хлопок, лен и эвкалиптовое волокно. Всегда мягкие и спокойные природные оттенки.",parsed_detail,,2026-08-24T05:45:15Z,cpm-moscow-autumn-2026-expodat-signo-v1.0.1,expodat_cpm_2026_autumn_public_catalog,e58597ed3252bf4df9bf317eafc099fd4d3572de76780836c0a0eebbc80f471e,
CPM – Collection Première Moscow Осень 2026,1–4 сентября 2026,GROSTYLE,Grostyle,одежда,Россия,,,14C28,,"Мода и стиль; женская, мужская и детская одежда; аксессуары; текстиль","GroStyle — бренд мужской одежды, объединяющий лучшее из классического стиля и современных тенденций smart casual. Мы создаем образы, в которых комфортно жить в ритме большого города.",GROSTYLE,https://grostyle.ru/,shop@grostyle.ru,+7 495 955 91 99,https://md.expodat.com/companies/company/18837-grostyle.html,18837,"GROSTYLE | Россия | 14C28 | GroStyle — бренд мужской одежды, объединяющий лучшее из классического стиля и современных тенденций smart casual. Мы создаем образы, в которых комфортно жить в ритме большого города. | https://grostyle.ru/ | shop@grostyle.ru",parsed_detail,,2026-08-24T05:45:15Z,cpm-moscow-autumn-2026-expodat-signo-v1.0.1,expodat_cpm_2026_autumn_public_catalog,8e9fad3e24426bf5c38883186d318c1c43dd9e122d8231f27842aa48c187f86f,
CPM – Collection Première Moscow Осень 2026,1–4 сентября 2026,GsG,GsG,"одежда, аксессуары",Россия,,,15C35,,"Мода и стиль; женская, мужская и детская одежда; аксессуары; текстиль",,GsG,,,+7 495 955 91 99,https://md.expodat.com/companies/company/37181-gsg.html,37181,GsG | Россия | 15C35,parsed_detail,,2026-08-24T05:45:15Z,cpm-moscow-autumn-2026-expodat-signo-v1.0.1,expodat_cpm_2026_autumn_public_catalog,7debcfa431dc299bb06584139e11d4ab26c23dbac6292c5bdba93a4df151d669,
CPM – Collection Première Moscow Осень 2026,1–4 сентября 2026,"GUANGZHOU BERYL-FASHION CLOTHES CO., LTD","Guangzhou Beryl-Fashion Clothes Co., Ltd",одежда,Китай,,,15A78,,"Мода и стиль; женская, мужская и детская одежда; аксессуары; текстиль","Компания ООО Гуанчжоу Белло Модная Одежда является профессиональным производителем, занимающимся разработкой, дизайном, производством, маркетингом одежды для интеграции одежды компании. Наш завод расположен в городе гуанчжоу, недалеко от рынка ткани чжунда, у нас есть более 10 лет производства женской одежды. Мы фокусируемся на оригинальном дизайне и имеем собственную дизайнерскую команду. Наши сотрудники хорошо обучены объединить свои навыки, чтобы обеспечить полный обслуживание клиентов и удовлетворение. Как профессиональный производитель, мы","GUANGZHOU BERYL-FASHION CLOTHES CO., LTD",https://www.berylfashion.ru/,kevin@beryl-fashion.com,0086 15989158135,https://md.expodat.com/companies/company/40537-beryl-fashion.html,40537,"GUANGZHOU BERYL-FASHION CLOTHES CO., LTD | Китай | 15A78 | Компания ООО Гуанчжоу Белло Модная Одежда является профессиональным производителем, занимающимся разработкой, дизайном, производством, маркетингом одежды для интеграции одежды компании. Наш завод расположен в городе гуанчжоу, недалеко от рынка ткани чжунда, у нас есть более 10 лет производства женской одежды. Мы фокусируемся на оригинальном дизайне и имеем собственную дизайнерскую команду. Наши сотрудники хорошо обучены объединить свои навыки, чтобы обеспечить полный обслуживание клиентов и удовлетворение. Как профессиональный производитель, мы | https://www.berylfashion.ru/ | kevin@beryl-fashion.com",parsed_detail,,2026-08-24T05:45:15Z,cpm-moscow-autumn-2026-expodat-signo-v1.0.1,expodat_cpm_2026_autumn_public_catalog,75eb213e67126fdc656e7496736a55ea3489d4f8aa84c266deee1dc9a7ab54e8,
CPM – Collection Première Moscow Осень 2026,1–4 сентября 2026,"GUANGZHOU EAST PEARL GARMENT CO., LTD.","Guangzhou East Pearl Garment Co., Ltd.",одежда,Китай,,,15E70,,"Мода и стиль; женская, мужская и детская одежда; аксессуары; текстиль",,"GUANGZHOU EAST PEARL GARMENT CO., LTD.",,kristy@gzeastpearl.com,+86-20-3441 0405,https://md.expodat.com/companies/company/40672-east-pearl.html,40672,"GUANGZHOU EAST PEARL GARMENT CO., LTD. | Китай | 15E70 | kristy@gzeastpearl.com",parsed_detail,,2026-08-24T05:45:15Z,cpm-moscow-autumn-2026-expodat-signo-v1.0.1,expodat_cpm_2026_autumn_public_catalog,e2d1231260aa4efdb0eb81f4d0a8d3f7138524beff5378d4163d9a3b79a5dabd,
CPM – Collection Première Moscow Осень 2026,1–4 сентября 2026,"GUANGZHOU EVERGREEN INDUSTRY CO.,LTD.","Guangzhou Evergreen Industry Co.,Ltd.",сумки,Китай,,,15F21,,"Мода и стиль; женская, мужская и детская одежда; аксессуары; текстиль","We are a professional manufacturer of handbags in all materials, integrating R&D, production, and trade. We accept OEM/ODM orders and are committed to quality and innovation.","GUANGZHOU EVERGREEN INDUSTRY CO.,LTD.",,,13250169241,https://md.expodat.com/companies/company/41281-guangzhou-evergreen-industry-co-ltd.html,41281,"GUANGZHOU EVERGREEN INDUSTRY CO.,LTD. | Китай | 15F21 | We are a professional manufacturer of handbags in all materials, integrating R&D, production, and trade. We accept OEM/ODM orders and are committed to quality and innovation.",parsed_detail,,2026-08-24T05:45:15Z,cpm-moscow-autumn-2026-expodat-signo-v1.0.1,expodat_cpm_2026_autumn_public_catalog,623bd5365948e16b4b2871ae791cace00276c1c026bcf042447fb17fd73486de,
CPM – Collection Première Moscow Осень 2026,1–4 сентября 2026,"GUANGZHOU FUXING TRADEMARK PRODUCTS CO.,LTD","Guangzhou Fuxing Trademark Products Co.,Ltd","одежда, аксессуары",Китай,,,15E61,,"Мода и стиль; женская, мужская и детская одежда; аксессуары; текстиль","Guangzhou Fuxing Trade Mark Products Company Ltd Was Established In 1993, Which Is The Factory Takes Up 10,000 Square Meters With Over 300 Employees. We Are A 30 Years Manufacture And Sales Team Experienced Company. Our Factory Is Located In Guangzhou.We Are Renewing Our Design And New Techniques Every Year To Ensure Our Customers Can Be Know How Is The New Packaging Going At The Moment, Also Can Give You Some Idea For Your Packaging Projects.","GUANGZHOU FUXING TRADEMARK PRODUCTS CO.,LTD",http://www.hkfuhing.com,sales3@hkfuhing.com,13713333380,https://md.expodat.com/companies/company/41233-guangzhou-fuxing-trademark-products-co-ltd.html,41233,"GUANGZHOU FUXING TRADEMARK PRODUCTS CO.,LTD | Китай | 15E61 | Guangzhou Fuxing Trade Mark Products Company Ltd Was Established In 1993, Which Is The Factory Takes Up 10,000 Square Meters With Over 300 Employees. We Are A 30 Years Manufacture And Sales Team Experienced Company. Our Factory Is Located In Guangzhou.We Are Renewing Our Design And New Techniques Every Year To Ensure Our Customers Can Be Know How Is The New Packaging Going At The Moment, Also Can Give You Some Idea For Your Packaging Projects. | http://www.hkfuhing.com | sales3@hkfuhing.com",parsed_detail,,2026-08-24T05:45:15Z,cpm-moscow-autumn-2026-expodat-signo-v1.0.1,expodat_cpm_2026_autumn_public_catalog,d12cb00941becbee6d2d630231472e89adb9040896e43f7e15095b59c1dac4e3,
CPM – Collection Première Moscow Осень 2026,1–4 сентября 2026,"Guangzhou Geruisi Garment Co., Ltd.","Guangzhou Geruisi Garment Co., Ltd.",одежда,Китай,,,15B91,,"Мода и стиль; женская, мужская и детская одежда; аксессуары; текстиль","Guangzhou Geruisi. Свой дизайн, фаст-фэшн. 2 завода, 3 млн шт./год. Мин. Заказ 50, склад 2д, заказ 7д. 100+ нов./мес. ODM/OEMGuangzhou Geruisi Garment Co., Ltd.Clothing Supplier, In-House Designers, 2 Plants, 3M pcs/yr，MOQ 50, Stock 2d, Custom 7d, 100+New Styles/Month，ODM/OEM","Guangzhou Geruisi Garment Co., Ltd.",https://grsgarment.com/,grsgarment@zohomail.cn,008613332870945,https://md.expodat.com/companies/company/40588-geruisi.html,40588,"Guangzhou Geruisi Garment Co., Ltd. | Китай | 15B91 | Guangzhou Geruisi. Свой дизайн, фаст-фэшн. 2 завода, 3 млн шт./год. Мин. Заказ 50, склад 2д, заказ 7д. 100+ нов./мес. ODM/OEMGuangzhou Geruisi Garment Co., Ltd.Clothing Supplier, In-House Designers, 2 Plants, 3M pcs/yr，MOQ 50, Stock 2d, Custom 7d, 100+New Styles/Month，ODM/OEM | https://grsgarment.com/ | grsgarment@zohomail.cn",parsed_detail,,2026-08-24T05:45:15Z,cpm-moscow-autumn-2026-expodat-signo-v1.0.1,expodat_cpm_2026_autumn_public_catalog,3a68ff978d11d16bfe0f90e82322cb21bdf22c5dd68b66b1be54ecf99b87a90a,
CPM – Collection Première Moscow Осень 2026,1–4 сентября 2026,"Guangzhou Guangyi Trading Co., Ltd.","Guangzhou Guangyi Trading Co., Ltd.","текстиль и трикотаж, одежда",Китай,,,15F65,,"Мода и стиль; женская, мужская и детская одежда; аксессуары; текстиль","Guangzhou Guangyi Trading Co., Ltd. is a source manufacturerwith 16 years of apparel production experience and a self-owned smart industrial park. Leveraging upstream advantagesand efficient supply chain integration, we achieve an annualservice volume exceeding 10 million pieces with a regularinventory of 1 million pieces, a testament to our trustedstrength. Specializing in seamless technology, our productrange covers Polo shirts, T-shirts, shirts, hoodies, and athleticwear. We offer full-chain customization services from fabricselection, patt","Guangzhou Guangyi Trading Co., Ltd.",http://www.gyease.com,15017780767@163.com,0086 15017780767,https://md.expodat.com/companies/company/40663-n7000.html,40663,"Guangzhou Guangyi Trading Co., Ltd. | Китай | 15F65 | Guangzhou Guangyi Trading Co., Ltd. is a source manufacturerwith 16 years of apparel production experience and a self-owned smart industrial park. Leveraging upstream advantagesand efficient supply chain integration, we achieve an annualservice volume exceeding 10 million pieces with a regularinventory of 1 million pieces, a testament to our trustedstrength. Specializing in seamless technology, our productrange covers Polo shirts, T-shirts, shirts, hoodies, and athleticwear. We offer full-chain customization services from fabricselection, patt | http://www.gyease.com | 15017780767@163.com",parsed_detail,,2026-08-24T05:45:15Z,cpm-moscow-autumn-2026-expodat-signo-v1.0.1,expodat_cpm_2026_autumn_public_catalog,be804616de9aa4ff85e30b9bc3b7eacdc36d800d550ca1cfdfbf653c916f7807,
CPM – Collection Première Moscow Осень 2026,1–4 сентября 2026,"GUANGZHOU HANLIN INDUSTRIAL CO., LTD","Guangzhou Hanlin Industrial Co., Ltd","сумки, изделия из кожи и меха",Китай,,,15B94,,"Мода и стиль; женская, мужская и детская одежда; аксессуары; текстиль","Как профессиональный производитель ODM/OEM, мы специализируемся на дизайне, разработке и производстве сумок. HanLin Bags — ваш ODM/OEM-партнёр по решениям в сфере модных сумок. Ранее компания была известна как Guangzhou VG Leather Co., Ltd. Hanlin была основана в 2004 году и находится в городе Шилин, Гуанчжоу — одном из ведущих центров производства кожгалантереи в Китае. Компания специализируется на женских сумках, рюкзаках, кошельках, дорожных сумках и различных модных кожаных изделиях, предоставляя комплексные услуги: от разработки дизайна, п","GUANGZHOU HANLIN INDUSTRIAL CO., LTD",http://www.hanlinbags.com,emily@hanlinbags.com,+86-18122159318,https://md.expodat.com/companies/company/40561-hanlin.html,40561,"GUANGZHOU HANLIN INDUSTRIAL CO., LTD | Китай | 15B94 | Как профессиональный производитель ODM/OEM, мы специализируемся на дизайне, разработке и производстве сумок. HanLin Bags — ваш ODM/OEM-партнёр по решениям в сфере модных сумок. Ранее компания была известна как Guangzhou VG Leather Co., Ltd. Hanlin была основана в 2004 году и находится в городе Шилин, Гуанчжоу — одном из ведущих центров производства кожгалантереи в Китае. Компания специализируется на женских сумках, рюкзаках, кошельках, дорожных сумках и различных модных кожаных изделиях, предоставляя комплексные услуги: от разработки дизайна, п | http://www.hanlinbags.com | emily@hanlinbags.com",parsed_detail,,2026-08-24T05:45:15Z,cpm-moscow-autumn-2026-expodat-signo-v1.0.1,expodat_cpm_2026_autumn_public_catalog,90b23f571826005f37dca4872a05bd04e79ef977df072d79f9540c073f51742e,
CPM – Collection Première Moscow Осень 2026,1–4 сентября 2026,"GUANGZHOU JIUYUE LEATHER CO., LTD.","Guangzhou Jiuyue Leather Co., Ltd.",изделия из кожи и меха,Китай,,,15F01,,"Мода и стиль; женская, мужская и детская одежда; аксессуары; текстиль",,"GUANGZHOU JIUYUE LEATHER CO., LTD.",,,,https://md.expodat.com/companies/company/41239-guangzhou-jiuyue-leather-co-ltd.html,41239,"GUANGZHOU JIUYUE LEATHER CO., LTD. | Китай | 15F01",parsed_detail,,2026-08-24T05:45:15Z,cpm-moscow-autumn-2026-expodat-signo-v1.0.1,expodat_cpm_2026_autumn_public_catalog,63cd589eaf3bfa58b8071bbe1111629ea729a2089b697142424bae18828ba9f9,
CPM – Collection Première Moscow Осень 2026,1–4 сентября 2026,"GUANGZHOU KINGBEN CLOTHING CO., LTD","Guangzhou Kingben Clothing Co., Ltd","текстиль и трикотаж, одежда",Китай,,,15F04,,"Мода и стиль; женская, мужская и детская одежда; аксессуары; текстиль","Guangzhou Kingben Clothing Co., Ltd focus on garments more than ten years. Based on Guangzhou’s top supply chain garment industry, our team truly understands Russian fit, fabric,and quality standards. With years of experience working with well-known Russian chains and online brands, we’ve built a smooth, specialized production system for men’s and women’s denim, jackets. We’re not more than just a manufacturer — we’re your reliable partner in the Russian market. Every piece we deliver offers real value and solid quality, built to help you stand out locally.","GUANGZHOU KINGBEN CLOTHING CO., LTD",,abby@kingben.ltd,18998803820,https://md.expodat.com/companies/company/41248-guangzhou-kingben-clothing-co-ltd.html,41248,"GUANGZHOU KINGBEN CLOTHING CO., LTD | Китай | 15F04 | Guangzhou Kingben Clothing Co., Ltd focus on garments more than ten years. Based on Guangzhou’s top supply chain garment industry, our team truly understands Russian fit, fabric,and quality standards. With years of experience working with well-known Russian chains and online brands, we’ve built a smooth, specialized production system for men’s and women’s denim, jackets. We’re not more than just a manufacturer — we’re your reliable partner in the Russian market. Every piece we deliver offers real value and solid quality, built to help you stand out locally. | abby@kingben.ltd",parsed_detail,,2026-08-24T05:45:15Z,cpm-moscow-autumn-2026-expodat-signo-v1.0.1,expodat_cpm_2026_autumn_public_catalog,873970fa711a187798f3d71a494c44d2710b142138f554ee6b90c97e48eb8da7,
CPM – Collection Première Moscow Осень 2026,1–4 сентября 2026,"GUANGZHOU LIANXIN GARMENT CO.,LTD.","Guangzhou Lianxin Garment Co.,Ltd.",одежда,Китай,,,15F02,,"Мода и стиль; женская, мужская и детская одежда; аксессуары; текстиль","We are an experienced denim manufacturer integrating R&D, sampling, sewing and professional washing. We supply men's & women's denim wear, support OEM/ODM. With strict quality control and stable capacity, we serve global clients with reliable products.","GUANGZHOU LIANXIN GARMENT CO.,LTD.",https://shop3163zm84k4977.1688.com/,huayaoyilu2008@163.com,13533577285,https://md.expodat.com/companies/company/41242-guangzhou-lianxin-garment-co-ltd.html,41242,"GUANGZHOU LIANXIN GARMENT CO.,LTD. | Китай | 15F02 | We are an experienced denim manufacturer integrating R&D, sampling, sewing and professional washing. We supply men's & women's denim wear, support OEM/ODM. With strict quality control and stable capacity, we serve global clients with reliable products. | https://shop3163zm84k4977.1688.com/ | huayaoyilu2008@163.com",parsed_detail,,2026-08-24T05:45:15Z,cpm-moscow-autumn-2026-expodat-signo-v1.0.1,expodat_cpm_2026_autumn_public_catalog,40c86083b625c60d088b3c8fac1a9b2897667f743b402f1bb8194ff16c3a085b,
CPM – Collection Première Moscow Осень 2026,1–4 сентября 2026,Guangzhou Liuhua Fashion Wholesale Market,Guangzhou Liuhua Fashion Wholesale Market,одежда,Китай,,,15B101,,"Мода и стиль; женская, мужская и детская одежда; аксессуары; текстиль",,Guangzhou Liuhua Fashion Wholesale Market,,,,https://md.expodat.com/companies/company/40573-tonglian.html,40573,Guangzhou Liuhua Fashion Wholesale Market | Китай | 15B101,parsed_detail,,2026-08-24T05:45:15Z,cpm-moscow-autumn-2026-expodat-signo-v1.0.1,expodat_cpm_2026_autumn_public_catalog,a3023352b088ec5e191c360ae53ec7a3c563f7dba009d24f053459277926660d,
CPM – Collection Première Moscow Осень 2026,1–4 сентября 2026,GUANGZHOU MAOYUE INSPECTION,Guangzhou Maoyue Inspection,"одежда, аксессуары",Китай,,,15C55,,"Мода и стиль; женская, мужская и детская одежда; аксессуары; текстиль",,GUANGZHOU MAOYUE INSPECTION,,,,https://md.expodat.com/companies/company/41047-guangzhou-maoyue-inspection.html,41047,GUANGZHOU MAOYUE INSPECTION | Китай | 15C55,parsed_detail,,2026-08-24T05:45:15Z,cpm-moscow-autumn-2026-expodat-signo-v1.0.1,expodat_cpm_2026_autumn_public_catalog,1c6ced01bbad069f553f482aa33f79d95bb42b0e926c11039d4ea297e9251516,
CPM – Collection Première Moscow Осень 2026,1–4 сентября 2026,"GUANGZHOU MIQI APPAREL CO.,LTD.","Guangzhou Miqi Apparel Co.,Ltd.",одежда,Китай,,,15F28,,"Мода и стиль; женская, мужская и детская одежда; аксессуары; текстиль","GUANGZHOU MIQI APPAREL CO.,LTD.","GUANGZHOU MIQI APPAREL CO.,LTD.",http://www.miqiapparel.com,luna@miqiapparel.com,+86-13660253791,https://md.expodat.com/companies/company/41296-guangzhou-miqi-apparel-co-ltd.html,41296,"GUANGZHOU MIQI APPAREL CO.,LTD. | Китай | 15F28 | GUANGZHOU MIQI APPAREL CO.,LTD. | http://www.miqiapparel.com | luna@miqiapparel.com",parsed_detail,,2026-08-24T05:45:15Z,cpm-moscow-autumn-2026-expodat-signo-v1.0.1,expodat_cpm_2026_autumn_public_catalog,cd631ca488ef2e8185b2b4c6471719d56215aa3f450f065c340cb84f02d8e6bb,
CPM – Collection Première Moscow Осень 2026,1–4 сентября 2026,"GUANGZHOU POXIAO GARMENT CO.,LTD","Guangzhou Poxiao Garment Co.,Ltd",одежда,Китай,,,14D62,,"Мода и стиль; женская, мужская и детская одежда; аксессуары; текстиль","GUANGZHOU POXIAO GARMENT CO.,LTD","GUANGZHOU POXIAO GARMENT CO.,LTD",http://www.sumyong.com,1209274757@qq.com,+86-15975373192,https://md.expodat.com/companies/company/40960-guangzhou-poxiao-garment-co-ltd.html,40960,"GUANGZHOU POXIAO GARMENT CO.,LTD | Китай | 14D62 | GUANGZHOU POXIAO GARMENT CO.,LTD | http://www.sumyong.com | 1209274757@qq.com",parsed_detail,,2026-08-24T05:45:15Z,cpm-moscow-autumn-2026-expodat-signo-v1.0.1,expodat_cpm_2026_autumn_public_catalog,d8d3473b98cd3bf74d7a1db2ce8f3964913526acf5e9a4e214aba6e9be235694,
CPM – Collection Première Moscow Осень 2026,1–4 сентября 2026,"Guangzhou Romance Industry Co., Ltd","Guangzhou Romance Industry Co., Ltd","одежда, аксессуары",Китай,,,"15F78, 15F76",,"Мода и стиль; женская, мужская и детская одежда; аксессуары; текстиль",,"Guangzhou Romance Industry Co., Ltd",,,,https://md.expodat.com/companies/company/40690-romance.html,40690,"Guangzhou Romance Industry Co., Ltd | Китай | 15F78, 15F76",parsed_detail,,2026-08-24T05:45:15Z,cpm-moscow-autumn-2026-expodat-signo-v1.0.1,expodat_cpm_2026_autumn_public_catalog,27276ce9f01671bfb0ac288b049701fc327d950a27f2a5156c1d715e3485085a,
CPM – Collection Première Moscow Осень 2026,1–4 сентября 2026,"Guangzhou Shangxinpin Fashion Design Co., Ltd","Guangzhou Shangxinpin Fashion Design Co., Ltd",одежда,,,,15D65,,"Мода и стиль; женская, мужская и детская одежда; аксессуары; текстиль","Guangzhou Shangxinpin Fashion Design Co., Ltd. is a professional apparel manufacturer integrating fashion design, product development, and production. We specialize in women’s wear, men’s wear, and OEM/ODM services, providing high-quality, cost-effective garment solutions for global brands with reliable supply chain and strict quality control.","Guangzhou Shangxinpin Fashion Design Co., Ltd",,158452658@qq.com,0086186 7662 1226,https://md.expodat.com/companies/company/40624-shangxinpin.html,40624,"Guangzhou Shangxinpin Fashion Design Co., Ltd | 15D65 | Guangzhou Shangxinpin Fashion Design Co., Ltd. is a professional apparel manufacturer integrating fashion design, product development, and production. We specialize in women’s wear, men’s wear, and OEM/ODM services, providing high-quality, cost-effective garment solutions for global brands with reliable supply chain and strict quality control. | 158452658@qq.com",parsed_detail,,2026-08-24T05:45:15Z,cpm-moscow-autumn-2026-expodat-signo-v1.0.1,expodat_cpm_2026_autumn_public_catalog,648d739f1974b7d920713652b2de4b4e86aea57efb8e1196286604904cf3d8c0,
CPM – Collection Première Moscow Осень 2026,1–4 сентября 2026,"GUANGZHOU YINGMEI GARMENT TRADING CO., LTD.","Guangzhou Yingmei Garment Trading Co., Ltd.",одежда,Китай,,,15F05,,"Мода и стиль; женская, мужская и детская одежда; аксессуары; текстиль",,"GUANGZHOU YINGMEI GARMENT TRADING CO., LTD.",,,,https://md.expodat.com/companies/company/41251-guangzhou-yingmei-garment-trading-co-ltd.html,41251,"GUANGZHOU YINGMEI GARMENT TRADING CO., LTD. | Китай | 15F05",parsed_detail,,2026-08-24T05:45:15Z,cpm-moscow-autumn-2026-expodat-signo-v1.0.1,expodat_cpm_2026_autumn_public_catalog,84f0dd7e250780b7abf50f39503cd641d1afe6d978f288af799a0692fff28e5d,
CPM – Collection Première Moscow Осень 2026,1–4 сентября 2026,"Guangzhou Yuanfuyuan Leather Co., Ltd.","Guangzhou Yuanfuyuan Leather Co., Ltd.",изделия из кожи и меха,Китай,,,"15B88, 15F66",,"Мода и стиль; женская, мужская и детская одежда; аксессуары; текстиль",,"Guangzhou Yuanfuyuan Leather Co., Ltd.",,,,https://md.expodat.com/companies/company/40552-g-favor.html,40552,"Guangzhou Yuanfuyuan Leather Co., Ltd. | Китай | 15B88, 15F66",parsed_detail,,2026-08-24T05:45:15Z,cpm-moscow-autumn-2026-expodat-signo-v1.0.1,expodat_cpm_2026_autumn_public_catalog,82f4bccadd3516b982b1aecce01639896481752944f64452088c71276636e1e1,
CPM – Collection Première Moscow Осень 2026,1–4 сентября 2026,"GUANGZHOU YUDI CLOTHING CO.,LTD","Guangzhou Yudi Clothing Co.,Ltd","одежда, аксессуары",Китай,,,15F03,,"Мода и стиль; женская, мужская и детская одежда; аксессуары; текстиль",,"GUANGZHOU YUDI CLOTHING CO.,LTD",,,,https://md.expodat.com/companies/company/41245-guangzhou-yudi-clothing-co-ltd.html,41245,"GUANGZHOU YUDI CLOTHING CO.,LTD | Китай | 15F03",parsed_detail,,2026-08-24T05:45:15Z,cpm-moscow-autumn-2026-expodat-signo-v1.0.1,expodat_cpm_2026_autumn_public_catalog,6e02a98a508b3f9c16dac86f68f4106c26740cc1569bfabd8f6f219702375848,
CPM – Collection Première Moscow Осень 2026,1–4 сентября 2026,"GUANGZHOU YUSHANG APPAREL CO., LTD","Guangzhou Yushang Apparel Co., Ltd",одежда,Китай,,,15F61,,"Мода и стиль; женская, мужская и детская одежда; аксессуары; текстиль","GUANGZHOU YUSHANG CLOTHING CO., LTD.","GUANGZHOU YUSHANG APPAREL CO., LTD",,,+7 495 955 91 99,https://md.expodat.com/companies/company/41386-guangzhou-yushang-clothing-co-ltd.html,41386,"GUANGZHOU YUSHANG APPAREL CO., LTD | Китай | 15F61 | GUANGZHOU YUSHANG CLOTHING CO., LTD.",parsed_detail,,2026-08-24T05:45:15Z,cpm-moscow-autumn-2026-expodat-signo-v1.0.1,expodat_cpm_2026_autumn_public_catalog,b343591b796a98af5692fa8cd07b6e17af6fccba80f4915c71a86b7f62dd4b90,
CPM – Collection Première Moscow Осень 2026,1–4 сентября 2026,GUAPI,GUAPI,"одежда, аксессуары",Соединённые Штаты Америки,,,13D59,,"Мода и стиль; женская, мужская и детская одежда; аксессуары; текстиль",,GUAPI,,,+7 495 955 91 99,https://md.expodat.com/companies/company/41461-guapi.html,41461,GUAPI | Соединённые Штаты Америки | 13D59,parsed_detail,,2026-08-24T05:45:15Z,cpm-moscow-autumn-2026-expodat-signo-v1.0.1,expodat_cpm_2026_autumn_public_catalog,2e8a6ac60be6291ace1f276eb108209030e250585364f29cf65f05dffaa6e9da,
CPM – Collection Première Moscow Осень 2026,1–4 сентября 2026,GUITAR,Guitar,"одежда, аксессуары",Турция,,,14B30,,"Мода и стиль; женская, мужская и детская одежда; аксессуары; текстиль",,GUITAR,,,,https://md.expodat.com/companies/company/25387-guitar.html,25387,GUITAR | Турция | 14B30,parsed_detail,,2026-08-24T05:45:15Z,cpm-moscow-autumn-2026-expodat-signo-v1.0.1,expodat_cpm_2026_autumn_public_catalog,c6e2cbd9dda07c4f179d37581f7f6b40b0c52c50fc7c432c09bf8e629b8cf628,
CPM – Collection Première Moscow Осень 2026,1–4 сентября 2026,GUOYA,GUOYA,"одежда, аксессуары",Китай,,,15D07,,"Мода и стиль; женская, мужская и детская одежда; аксессуары; текстиль",GUOYA,GUOYA,,,+7 495 955 91 99,https://md.expodat.com/companies/company/41068-guoya.html,41068,GUOYA | Китай | 15D07 | GUOYA,parsed_detail,,2026-08-24T05:45:15Z,cpm-moscow-autumn-2026-expodat-signo-v1.0.1,expodat_cpm_2026_autumn_public_catalog,ffa8ed732bf27e31e273b0d7d0cb06fcd6583100ee9f36de90da88e1e484cee2,
CPM – Collection Première Moscow Осень 2026,1–4 сентября 2026,GUZAR,GUZAR,текстиль и трикотаж,Узбекистан,,,15A28,,"Мода и стиль; женская, мужская и детская одежда; аксессуары; текстиль","GUZAR — зонтичный бренд, созданный в рамках проекта ЮНИДО «Устойчивое развитие текстильной и швейной промышленности Узбекистана». Проект, финансируемый Российской Федерацией, способствует экономической диверсификации и расширению доступа к экспортным рынкам для производителей швейной промышленности путём повышения производительности, конкурентоспособности и коллективного экспортного потенциала, а также внедрения инновационных подходов к брендингу, маркетингу и дизайну продукции. GUZAR — зонтичный бренд, созданный в рамках проекта ЮНИДО «Устойчивое развитие текстильной и швейной промышленности Узбекистана». Проект, финансируемый Российской Федерацией, способствует экономической диверсификации и расширению доступа к экспортным рынкам для производителей швейной промышленности путём повышения производительности, конкурентоспособности и коллективного экспортного потенциала, а также внедрения инновационных подходов к брендингу, маркетингу и дизайну продукции. В переводе с узбекского guzar означает: — махаллю, квартал — традиционное городское пространство ремесленников и общинный центр; — место встречи — оживлённую площадь или перекрёсток, где сходятся люди и формируется общественная жизнь. В каждой махалле был свой гузар — центр притяжения. Здесь собирались по самым разным поводам: чтобы отпраздновать свадьбы и рождение детей, разделить боль утраты, обсудить важные решения и поддержать друг друга. Это было место, где разделяли жизненный опыт — пространство диалога и доверия. Именно поэтому это название так символично. Оно сплетает воедино талант, мастерство и, прежде всего, людей — тех, кто создаёт каждое изделие. Каждая деталь, каждый этап и каждая пара рук привносит в процесс что-то незаменимое; вместе они формируют цельный и уникальный модный продукт — сделанный в Узбекистане. Наследие Узбекистана создано умелыми руками и традициями, уходящими вглубь веков. На протяжении столетий люди здесь выращивали не только урожай, но и сырьё — шерсть, хлопок и шёлк; пряли нити и ткали полотна, окрашивали их натуральными красителями, а затем украшали вышивкой и набивными узорами — и каждый элемент нёс глубокий культурный смысл. В махалле каждое хозяйство вносило свой важный вклад в общее дело. Одни выращивали коконы тутового шелкопряда, другие красили нити и задавали орнамент, третьи ткали ткань — и шаг за шагом рождалось готовое изделие. Это всегда был коллективный процесс созидания, основанный на ремесле, доверии и преемственности.",GUZAR,,d.yandasheva@unido.org,+998 94 646 49 45,https://md.expodat.com/companies/company/39725-guzar.html,39725,"GUZAR | Узбекистан | 15A28 | GUZAR — зонтичный бренд, созданный в рамках проекта ЮНИДО «Устойчивое развитие текстильной и швейной промышленности Узбекистана». Проект, финансируемый Российской Федерацией, способствует экономической диверсификации и расширению доступа к экспортным рынкам для производителей швейной промышленности путём повышения производительности, конкурентоспособности и коллективного экспортного потенциала, а также внедрения инновационных подходов к брендингу, маркетингу и дизайну продукции. GUZAR — зонтичный бренд, созданный в рамках проекта ЮНИДО «Устойчивое развитие текстильной и швейной промышленности Узбекистана». Проект, финансируемый Российской Федерацией, способствует экономической диверсификации и расширению доступа к экспортным рынкам для производителей швейной промышленности путём повышения производительности, конкурентоспособности и коллективного экспортного потенциала, а также внедрения инновационных подходов к брендингу, маркетингу и дизайну продукции. В переводе с узбекского guzar означает: — махаллю, квартал — традиционное городское пространство ремесленников и общинный центр; — место встречи — оживлённую площадь или перекрёсток, где сходятся люди и ",parsed_detail,,2026-08-24T05:45:15Z,cpm-moscow-autumn-2026-expodat-signo-v1.0.1,expodat_cpm_2026_autumn_public_catalog,b94498b71d54a0d1a1ce54eed25e19a26daaa91ce7651b10a28ad97c1a908e29,
CPM – Collection Première Moscow Осень 2026,1–4 сентября 2026,"HAINING ANZU KNITTING CO.,LTD","Haining Anzu Knitting Co.,Ltd",текстиль и трикотаж,Китай,,,15F57,,"Мода и стиль; женская, мужская и детская одежда; аксессуары; текстиль","Haining Anzu is a professional manufacturer in various of men socks , women socks , sport socks and yoga socks and so on . While pursuing quality , it provides superior service to every customer .","HAINING ANZU KNITTING CO.,LTD",http://www.haininganzusocks.com,sunny@anzusocks.com,13758370077,https://md.expodat.com/companies/company/41374-haining-anzu-knitting-co-ltd.html,41374,"HAINING ANZU KNITTING CO.,LTD | Китай | 15F57 | Haining Anzu is a professional manufacturer in various of men socks , women socks , sport socks and yoga socks and so on . While pursuing quality , it provides superior service to every customer . | http://www.haininganzusocks.com | sunny@anzusocks.com",parsed_detail,,2026-08-24T05:45:15Z,cpm-moscow-autumn-2026-expodat-signo-v1.0.1,expodat_cpm_2026_autumn_public_catalog,b554d667aace7ff3a06165b293435a57dc30a5bf3c773701e7d784663ced4df0,
CPM – Collection Première Moscow Осень 2026,1–4 сентября 2026,"HAINING DACHENG KNITTING CO.,LTD.","Haining Dacheng Knitting Co.,Ltd.",текстиль и трикотаж,Китай,,,15F56,,"Мода и стиль; женская, мужская и детская одежда; аксессуары; текстиль","HAINING DACHENG KNITTING CO.,LTD.","HAINING DACHENG KNITTING CO.,LTD.",,384655153@qq.com,+86-13588004873,https://md.expodat.com/companies/company/41371-haining-dacheng-knitting-co-ltd.html,41371,"HAINING DACHENG KNITTING CO.,LTD. | Китай | 15F56 | HAINING DACHENG KNITTING CO.,LTD. | 384655153@qq.com",parsed_detail,,2026-08-24T05:45:15Z,cpm-moscow-autumn-2026-expodat-signo-v1.0.1,expodat_cpm_2026_autumn_public_catalog,9315adb6a32dc33468ed08edcb35de83bb573332f44f89b0a20320b35275e67f,
CPM – Collection Première Moscow Осень 2026,1–4 сентября 2026,HAINING HUMING KNITTING FACTORY,Haining Huming Knitting Factory,текстиль и трикотаж,Китай,,,15D51,,"Мода и стиль; женская, мужская и детская одежда; аксессуары; текстиль",,HAINING HUMING KNITTING FACTORY,,,,https://md.expodat.com/companies/company/41116-haining-huming-knitting-factory.html,41116,HAINING HUMING KNITTING FACTORY | Китай | 15D51,parsed_detail,,2026-08-24T05:45:15Z,cpm-moscow-autumn-2026-expodat-signo-v1.0.1,expodat_cpm_2026_autumn_public_catalog,8a229f82e393308aeaee309e6b80fb06727837da086bafc5bf611ee0b614ff23,
CPM – Collection Première Moscow Осень 2026,1–4 сентября 2026,"HAINING KANGYI KNITTING CO.,LTD","Haining Kangyi Knitting Co.,Ltd",текстиль и трикотаж,Китай,,,15E31,,"Мода и стиль; женская, мужская и детская одежда; аксессуары; текстиль","HAINING KANGYI KNITTING CO.,LTD","HAINING KANGYI KNITTING CO.,LTD",,,+7 495 955 91 99,https://md.expodat.com/companies/company/41170-haining-kangyi-knitting-co-ltd.html,41170,"HAINING KANGYI KNITTING CO.,LTD | Китай | 15E31 | HAINING KANGYI KNITTING CO.,LTD",parsed_detail,,2026-08-24T05:45:15Z,cpm-moscow-autumn-2026-expodat-signo-v1.0.1,expodat_cpm_2026_autumn_public_catalog,c4da574d5e9045688dc41e011e5a79a5939eadb869cd4b8dc748d1bb072c2025,
CPM – Collection Première Moscow Осень 2026,1–4 сентября 2026,"HAINING XINSHUAI GARMENT TECHNOLOGY CO.,LTD.","Haining Xinshuai Garment Technology Co.,Ltd.",одежда,Китай,,,15E38,,"Мода и стиль; женская, мужская и детская одежда; аксессуары; текстиль","HAINING XINSHUAI GARMENT TECHNOLOGY CO.,LTD.","HAINING XINSHUAI GARMENT TECHNOLOGY CO.,LTD.",,,+7 495 955 91 99,https://md.expodat.com/companies/company/41191-haining-xinshuai-garment-technology-co-ltd.html,41191,"HAINING XINSHUAI GARMENT TECHNOLOGY CO.,LTD. | Китай | 15E38 | HAINING XINSHUAI GARMENT TECHNOLOGY CO.,LTD.",parsed_detail,,2026-08-24T05:45:15Z,cpm-moscow-autumn-2026-expodat-signo-v1.0.1,expodat_cpm_2026_autumn_public_catalog,e39eede7361f2928e717ce1ca458a6f05b86ca2e5a690695944c8e0fa4128966,
CPM – Collection Première Moscow Осень 2026,1–4 сентября 2026,"HAINING YULI SOCKS CO.,LTD","Haining Yuli Socks Co.,Ltd","одежда, аксессуары",Китай,,,15F13,,"Мода и стиль; женская, мужская и детская одежда; аксессуары; текстиль","HAINING YULI SOCKS CO.,LTD","HAINING YULI SOCKS CO.,LTD",,,+7 495 955 91 99,https://md.expodat.com/companies/company/41272-haining-yuli-socks-co-ltd.html,41272,"HAINING YULI SOCKS CO.,LTD | Китай | 15F13 | HAINING YULI SOCKS CO.,LTD",parsed_detail,,2026-08-24T05:45:15Z,cpm-moscow-autumn-2026-expodat-signo-v1.0.1,expodat_cpm_2026_autumn_public_catalog,2f4135a7fb54cde9ea118c4b9fef7dac692654c58522d6f02aed1e1924785e89,
CPM – Collection Première Moscow Осень 2026,1–4 сентября 2026,"HANG ZHOU SIN YUN FASHION CO.,LTD","Hang Zhou Sin Yun Fashion Co.,Ltd","текстиль и трикотаж, одежда",Китай,,,15F18,,"Мода и стиль; женская, мужская и детская одежда; аксессуары; текстиль","We are a manufacturing and trading integrated enterprise with over 20 years in the textile industry. We mainly engage in the supply and production of various yarns and knitted garments. We own complete production facilities and a mature supply chain, covering yarn spinning, knitting, processing and export trading. Adhering to strict quality control and professional service, we have won long-term trust from customers worldwide. We sincerely welcome global partners for business cooperation and win-win development.","HANG ZHOU SIN YUN FASHION CO.,LTD",,alan@sinyunfashion.cn,15869018266,https://md.expodat.com/companies/company/41275-hang-zhou-sin-yun-fashion-co-ltd.html,41275,"HANG ZHOU SIN YUN FASHION CO.,LTD | Китай | 15F18 | We are a manufacturing and trading integrated enterprise with over 20 years in the textile industry. We mainly engage in the supply and production of various yarns and knitted garments. We own complete production facilities and a mature supply chain, covering yarn spinning, knitting, processing and export trading. Adhering to strict quality control and professional service, we have won long-term trust from customers worldwide. We sincerely welcome global partners for business cooperation and win-win development. | alan@sinyunfashion.cn",parsed_detail,,2026-08-24T05:45:15Z,cpm-moscow-autumn-2026-expodat-signo-v1.0.1,expodat_cpm_2026_autumn_public_catalog,78652e51eee984d8b9cee5396c3753f6170d49f1d956b6a34d83122508a1161d,
CPM – Collection Première Moscow Осень 2026,1–4 сентября 2026,"HANGZHOU ALEPHAN SMART GARMENTS GROUP CO., LTD.","Hangzhou Alephan Smart Garments Group Co., Ltd.","текстиль и трикотаж, одежда",Китай,,,15A74,,"Мода и стиль; женская, мужская и детская одежда; аксессуары; текстиль","Founded in 1992, two factories in CHINA for fashion line, joint venture factories in BANGLADESH, CAMBODIA, MYANMAR for volume line. Representative offices in GERMANY, ITALY, SPAIN, BANGLADESH. Specialized in outerwear, pants, Shirts, Knit wear. Our in-house R&D team delivers customized designs to our clients, with 200+ new styles each season. Our clients can view these designs either online or physically in our show rooms. Founded in 1992, two factories in CHINA for fashion line, joint venture factories in BANGLADESH, CAMBODIA, MYANMAR for volume line. Representative offices in GERMANY, ITALY, SPAIN, BANGLADESH. Specialized in outerwear, pants, Shirts, Knit wear. Our in-house R&D team delivers customized designs to our clients, with 200+ new styles each season. Our clients can view these designs either online or physically in our show rooms. We have production sites all over Asia, allowing us to take orders of different quantities at competitive prices. From design to manufacturing, we have full control over the supply chain to ensure the best quality. We follow global environmental standards and social requirements in every country where we manufacture. We strive to make the manufacturing process ethical and transparent.","HANGZHOU ALEPHAN SMART GARMENTS GROUP CO., LTD.",http://www.alephan.com,linjiao@alephan.com,+8615858188968,https://md.expodat.com/companies/company/40585-alephan.html,40585,"HANGZHOU ALEPHAN SMART GARMENTS GROUP CO., LTD. | Китай | 15A74 | Founded in 1992, two factories in CHINA for fashion line, joint venture factories in BANGLADESH, CAMBODIA, MYANMAR for volume line. Representative offices in GERMANY, ITALY, SPAIN, BANGLADESH. Specialized in outerwear, pants, Shirts, Knit wear. Our in-house R&D team delivers customized designs to our clients, with 200+ new styles each season. Our clients can view these designs either online or physically in our show rooms. Founded in 1992, two factories in CHINA for fashion line, joint venture factories in BANGLADESH, CAMBODIA, MYANMAR for volume line. Representative offices in GERMANY, ITALY, SPAIN, BANGLADESH. Specialized in outerwear, pants, Shirts, Knit wear. Our in-house R&D team delivers customized designs to our clients, with 200+ new styles each season. Our clients can view these designs either online or physically in our show rooms. We have production sites all over Asia, allowing us to take orders of different quantities at competitive prices. From design to manufacturing, we have full control over the supply chain to ensure the best quality. We follow global environmental standards and social requirements ",parsed_detail,,2026-08-24T05:45:15Z,cpm-moscow-autumn-2026-expodat-signo-v1.0.1,expodat_cpm_2026_autumn_public_catalog,65d814e16697a9e542b9b6d864ae3e7b8da40ddd37f60d6901129b0a1ce77976,
CPM – Collection Première Moscow Осень 2026,1–4 сентября 2026,"HANGZHOU DETEX GARMENTS CO., LTD","Hangzhou Detex Garments Co., Ltd",одежда,Китай,,,15E34,,"Мода и стиль; женская, мужская и детская одежда; аксессуары; текстиль","HANGZHOU DETEX GARMENTS CO., LTD","HANGZHOU DETEX GARMENTS CO., LTD",,,+7 495 955 91 99,https://md.expodat.com/companies/company/41179-hangzhou-detex-garments-co-ltd.html,41179,"HANGZHOU DETEX GARMENTS CO., LTD | Китай | 15E34 | HANGZHOU DETEX GARMENTS CO., LTD",parsed_detail,,2026-08-24T05:45:15Z,cpm-moscow-autumn-2026-expodat-signo-v1.0.1,expodat_cpm_2026_autumn_public_catalog,ffa1789cd79c37753870286747cd490af5b15c820ade7909191d6e1ff2fd432e,
CPM – Collection Première Moscow Осень 2026,1–4 сентября 2026,"HANGZHOU FENGTAI IMPORT AND EXPORT CO.,LTD","Hangzhou Fengtai Import And Export Co.,Ltd","одежда, аксессуары",Китай,,,15F44,,"Мода и стиль; женская, мужская и детская одежда; аксессуары; текстиль","HANGZHOU FENGTAI IMPORT AND EXPORT CO.,LTD","HANGZHOU FENGTAI IMPORT AND EXPORT CO.,LTD",,,+7 495 955 91 99,https://md.expodat.com/companies/company/41344-hangzhou-fengtai-import-and-export-co-ltd.html,41344,"HANGZHOU FENGTAI IMPORT AND EXPORT CO.,LTD | Китай | 15F44 | HANGZHOU FENGTAI IMPORT AND EXPORT CO.,LTD",parsed_detail,,2026-08-24T05:45:15Z,cpm-moscow-autumn-2026-expodat-signo-v1.0.1,expodat_cpm_2026_autumn_public_catalog,ce2370aa5b818987f2af2ef6e511fcb336173806fe7d4a141914aa36f6c8ca8b,
CPM – Collection Première Moscow Осень 2026,1–4 сентября 2026,"HANGZHOU HANGNUO CLOTHING CO., LTD.","Hangzhou Hangnuo Clothing Co., Ltd.","одежда, аксессуары",Китай,,,15F37,,"Мода и стиль; женская, мужская и детская одежда; аксессуары; текстиль","HANGZHOU HANGNUO CLOTHING CO., LTD.","HANGZHOU HANGNUO CLOTHING CO., LTD.",,,+7 495 955 91 99,https://md.expodat.com/companies/company/41323-hangzhou-hangnuo-clothing-co-ltd.html,41323,"HANGZHOU HANGNUO CLOTHING CO., LTD. | Китай | 15F37 | HANGZHOU HANGNUO CLOTHING CO., LTD.",parsed_detail,,2026-08-24T05:45:15Z,cpm-moscow-autumn-2026-expodat-signo-v1.0.1,expodat_cpm_2026_autumn_public_catalog,d2f9555a3180a8a61a9a5c8c69209a079929ae974cbdd0d040f41257808cb1ae,
CPM – Collection Première Moscow Осень 2026,1–4 сентября 2026,"HANGZHOU JK TECHNOLOGY CO.,LTD.","Hangzhou Jk Technology Co.,Ltd.","одежда, аксессуары",Китай,,,15E32,,"Мода и стиль; женская, мужская и детская одежда; аксессуары; текстиль","HANGZHOU JK TECHNOLOGY CO.,LTD.","HANGZHOU JK TECHNOLOGY CO.,LTD.",,,+7 495 955 91 99,https://md.expodat.com/companies/company/41173-hangzhou-jk-technology-co-ltd.html,41173,"HANGZHOU JK TECHNOLOGY CO.,LTD. | Китай | 15E32 | HANGZHOU JK TECHNOLOGY CO.,LTD.",parsed_detail,,2026-08-24T05:45:15Z,cpm-moscow-autumn-2026-expodat-signo-v1.0.1,expodat_cpm_2026_autumn_public_catalog,c1490b16436146131c13eba570152ba5959f0c187cc0d86d812439f59899dd91,
CPM – Collection Première Moscow Осень 2026,1–4 сентября 2026,"HANGZHOU JUNLIN TEXTILE AND APPAREL CO., LTD","Hangzhou Junlin Textile And Apparel Co., Ltd",одежда,Китай,,,15E39,,"Мода и стиль; женская, мужская и детская одежда; аксессуары; текстиль","HANGZHOU JUNLIN TEXTILE AND APPAREL CO., LTD","HANGZHOU JUNLIN TEXTILE AND APPAREL CO., LTD",,,+7 495 955 91 99,https://md.expodat.com/companies/company/41194-hangzhou-junlin-textile-and-apparel-co-ltd.html,41194,"HANGZHOU JUNLIN TEXTILE AND APPAREL CO., LTD | Китай | 15E39 | HANGZHOU JUNLIN TEXTILE AND APPAREL CO., LTD",parsed_detail,,2026-08-24T05:45:15Z,cpm-moscow-autumn-2026-expodat-signo-v1.0.1,expodat_cpm_2026_autumn_public_catalog,abb3d4a44a443286d2cb2c03d341e3cad3bc122fefd1eee4965a71aa0f07b694,
CPM – Collection Première Moscow Осень 2026,1–4 сентября 2026,"Hangzhou Multi Glory Garments Co., Ltd","Hangzhou Multi Glory Garments Co., Ltd","сумки, одежда",Китай,,,15B101-15B109,,"Мода и стиль; женская, мужская и детская одежда; аксессуары; текстиль","Hangzhou Multi Glory Garments Co., Ltd. is a professional manufacturer specializing in full-range woven items.We offer OEM services to global renowned brands, with core product lines including down & padded apparel, seam-taped garments and S-bags.","Hangzhou Multi Glory Garments Co., Ltd",,joise.zhou@mggarments.com,+86-15990027168,https://md.expodat.com/companies/company/40630-liuhua.html,40630,"Hangzhou Multi Glory Garments Co., Ltd | Китай | 15B101-15B109 | Hangzhou Multi Glory Garments Co., Ltd. is a professional manufacturer specializing in full-range woven items.We offer OEM services to global renowned brands, with core product lines including down & padded apparel, seam-taped garments and S-bags. | joise.zhou@mggarments.com",parsed_detail,,2026-08-24T05:45:15Z,cpm-moscow-autumn-2026-expodat-signo-v1.0.1,expodat_cpm_2026_autumn_public_catalog,6db157d48d91ec242cd27e59cfd82a516eacf798c241dc15520ddbd541a54cd7,
CPM – Collection Première Moscow Осень 2026,1–4 сентября 2026,"HANGZHOU PERSERPRO TRADING CO.,LTD.","Hangzhou Perserpro Trading Co.,Ltd.","одежда, аксессуары",Китай,,,15E42,,"Мода и стиль; женская, мужская и детская одежда; аксессуары; текстиль","HANGZHOU PERSERPRO TRADING CO.,LTD.","HANGZHOU PERSERPRO TRADING CO.,LTD.",,,+7 495 955 91 99,https://md.expodat.com/companies/company/41203-hangzhou-perserpro-trading-co-ltd.html,41203,"HANGZHOU PERSERPRO TRADING CO.,LTD. | Китай | 15E42 | HANGZHOU PERSERPRO TRADING CO.,LTD.",parsed_detail,,2026-08-24T05:45:15Z,cpm-moscow-autumn-2026-expodat-signo-v1.0.1,expodat_cpm_2026_autumn_public_catalog,ef24887d4770ad274bdc2c5db10b660dc8fceb714e4d8df249712e5b579e791f,
CPM – Collection Première Moscow Осень 2026,1–4 сентября 2026,"HANGZHOU SINO SILK TECHNOLOGY CO., LTD","Hangzhou Sino Silk Technology Co., Ltd","одежда, аксессуары",Китай,,,14G71,,"Мода и стиль; женская, мужская и детская одежда; аксессуары; текстиль","HANGZHOU SINO SILK TECHNOLOGY CO., LTD","HANGZHOU SINO SILK TECHNOLOGY CO., LTD",http://www.snsilk.com www.sino-silk.com,support@snsilk.com,+86-15925633364 +86-13082846831,https://md.expodat.com/companies/company/40999-hangzhou-sino-silk-technology-co-ltd.html,40999,"HANGZHOU SINO SILK TECHNOLOGY CO., LTD | Китай | 14G71 | HANGZHOU SINO SILK TECHNOLOGY CO., LTD | http://www.snsilk.com www.sino-silk.com | support@snsilk.com",parsed_detail,,2026-08-24T05:45:15Z,cpm-moscow-autumn-2026-expodat-signo-v1.0.1,expodat_cpm_2026_autumn_public_catalog,9bb29c3055770460b42a6400943ada7ff3497a366354c88acf4013bb56aec5e5,
CPM – Collection Première Moscow Осень 2026,1–4 сентября 2026,"HANGZHOU TRUMODE FASHION CO.,LTD.","Hangzhou Trumode Fashion Co.,Ltd.","детская одежда, текстиль и трикотаж, одежда",Китай,,,15D30,,"Мода и стиль; женская, мужская и детская одежда; аксессуары; текстиль","Apparel trading company with almost 20 years of experience. Head office located in Hangzhou, China. Long term relationship and connection with clients. Strong support and competitive pricing. 30% own factory, 70% subcontract factory. Specialized in knitwear, 3-14 GG, women, men and kids. High expertise: jacquard, embroidery, acid wash, print, special knittings etc","HANGZHOU TRUMODE FASHION CO.,LTD.",,sabin@trumode.com.cn,+7 495 955 91 99,https://md.expodat.com/companies/company/36755-hangzhou-trumode-fashion-co-ltd.html,36755,"HANGZHOU TRUMODE FASHION CO.,LTD. | Китай | 15D30 | Apparel trading company with almost 20 years of experience. Head office located in Hangzhou, China. Long term relationship and connection with clients. Strong support and competitive pricing. 30% own factory, 70% subcontract factory. Specialized in knitwear, 3-14 GG, women, men and kids. High expertise: jacquard, embroidery, acid wash, print, special knittings etc | sabin@trumode.com.cn",parsed_detail,,2026-08-24T05:45:15Z,cpm-moscow-autumn-2026-expodat-signo-v1.0.1,expodat_cpm_2026_autumn_public_catalog,da8768971b44972333a4f8c2350ff7b1f103d89d4c38a7aa8982c74c849f823c,
CPM – Collection Première Moscow Осень 2026,1–4 сентября 2026,"HANGZHOU YAJING FASHION CO., LTD.","Hangzhou Yajing Fashion Co., Ltd.",одежда,Китай,,,15E40,,"Мода и стиль; женская, мужская и детская одежда; аксессуары; текстиль","HANGZHOU YAJING FASHION CO., LTD.","HANGZHOU YAJING FASHION CO., LTD.",,,+7 495 955 91 99,https://md.expodat.com/companies/company/41197-hangzhou-yajing-fashion-co-ltd.html,41197,"HANGZHOU YAJING FASHION CO., LTD. | Китай | 15E40 | HANGZHOU YAJING FASHION CO., LTD.",parsed_detail,,2026-08-24T05:45:15Z,cpm-moscow-autumn-2026-expodat-signo-v1.0.1,expodat_cpm_2026_autumn_public_catalog,94fb83bbee725d0f18343b03fe7863c4eae3af1a27122f5402058dde4f605f12,
CPM – Collection Première Moscow Осень 2026,1–4 сентября 2026,"HANGZHOU YOUYUAN CLOTHING CO., LTD.","Hangzhou Youyuan Clothing Co., Ltd.","одежда, аксессуары",Китай,,,15D99,,"Мода и стиль; женская, мужская и детская одежда; аксессуары; текстиль",Основные производственные преимущества 1.Возможность микроперсонализации и градации выкроек 2.Быстрая отработка малых заказов 3.Физико-химическая проверка тканей 4.Интеллектуальная подвесная поточная линия производства,"HANGZHOU YOUYUAN CLOTHING CO., LTD.",,wholesale@ceneecho.com,+7 495 955 91 99,https://md.expodat.com/companies/company/40909-hangzhou-youyuan-clothing-co-ltd.html,40909,"HANGZHOU YOUYUAN CLOTHING CO., LTD. | Китай | 15D99 | Основные производственные преимущества 1.Возможность микроперсонализации и градации выкроек 2.Быстрая отработка малых заказов 3.Физико-химическая проверка тканей 4.Интеллектуальная подвесная поточная линия производства | wholesale@ceneecho.com",parsed_detail,,2026-08-24T05:45:15Z,cpm-moscow-autumn-2026-expodat-signo-v1.0.1,expodat_cpm_2026_autumn_public_catalog,ea79fdbed3600853ba71e1f08047e6b37c31bfa864943f2ceaed35494a85515f,
CPM – Collection Première Moscow Осень 2026,1–4 сентября 2026,"Hangzhou YuLong Garment Co., Ltd.","Hangzhou YuLong Garment Co., Ltd.",одежда,Китай,,,15A85,,"Мода и стиль; женская, мужская и детская одежда; аксессуары; текстиль","Our company specializes in the production and trade of jackets, including padding jackets / down jackets/ double face woolen coat and all kinds of woven garments. We have been cooperating with customers from Europe for a long time. Such as Italy, Holland, Poland and so on. We have a professional development team, experienced sample production team, but also have our own production line.","Hangzhou YuLong Garment Co., Ltd.",,erica@hz-yulong.com,+86 13968162337,https://md.expodat.com/companies/company/40483-y-l-studio.html,40483,"Hangzhou YuLong Garment Co., Ltd. | Китай | 15A85 | Our company specializes in the production and trade of jackets, including padding jackets / down jackets/ double face woolen coat and all kinds of woven garments. We have been cooperating with customers from Europe for a long time. Such as Italy, Holland, Poland and so on. We have a professional development team, experienced sample production team, but also have our own production line. | erica@hz-yulong.com",parsed_detail,,2026-08-24T05:45:15Z,cpm-moscow-autumn-2026-expodat-signo-v1.0.1,expodat_cpm_2026_autumn_public_catalog,bc075e1fce4c27c7f676c7938cee6727f82ff10e339dd94b3b392e5e52851f23,
CPM – Collection Première Moscow Осень 2026,1–4 сентября 2026,HASS,HASS,одежда,Россия,,,14F40 / 14G41,,"Мода и стиль; женская, мужская и детская одежда; аксессуары; текстиль","HASS — бренд женской одежды с многолетней историей. Уже более 20 лет компания уделяет особое внимания качеству, удобству и экологичности, в каждой коллекции обязательно присутствуют натуральные ткани. HASS создает эксклюзивные модели, особой чертой которых являются детали, способные подчеркнуть стиль и уверенность в себе. HASS — бренд женской одежды с многолетней историей. Уже более 20 лет компания уделяет особое внимания качеству, удобству и экологичности, в каждой коллекции обязательно присутствуют натуральные ткани. HASS создает эксклюзивные модели, особой чертой которых являются детали, способные подчеркнуть стиль и уверенность в себе. Уникальные лекала, креативный дизайн, особый подход к созданию коллекций, внимание к нашим клиентам — вот, что выделяет бренд HASS. Наш продукт - это концептуальная женская одежда, отвечающая Российским и мировым трендам, бьет в цель и западет в сердечко!",HASS,https://hassfashion.ru/,info@hassfashion.ru,+7(495)798-98-83,https://md.expodat.com/companies/company/19878-hassfashion.html,19878,"HASS | Россия | 14F40 / 14G41 | HASS — бренд женской одежды с многолетней историей. Уже более 20 лет компания уделяет особое внимания качеству, удобству и экологичности, в каждой коллекции обязательно присутствуют натуральные ткани. HASS создает эксклюзивные модели, особой чертой которых являются детали, способные подчеркнуть стиль и уверенность в себе. HASS — бренд женской одежды с многолетней историей. Уже более 20 лет компания уделяет особое внимания качеству, удобству и экологичности, в каждой коллекции обязательно присутствуют натуральные ткани. HASS создает эксклюзивные модели, особой чертой которых являются детали, способные подчеркнуть стиль и уверенность в себе. Уникальные лекала, креативный дизайн, особый подход к созданию коллекций, внимание к нашим клиентам — вот, что выделяет бренд HASS. Наш продукт - это концептуальная женская одежда, отвечающая Российским и мировым трендам, бьет в цель и западет в сердечко! | https://hassfashion.ru/ | info@hassfashion.ru",parsed_detail,,2026-08-24T05:45:15Z,cpm-moscow-autumn-2026-expodat-signo-v1.0.1,expodat_cpm_2026_autumn_public_catalog,f34bb3a7962dda808004efd3ed6114c48337ccda84ddb9db311c95d4f629109d,
CPM – Collection Première Moscow Осень 2026,1–4 сентября 2026,HAVEONE,Haveone,одежда,Италия,,,13A38,,"Мода и стиль; женская, мужская и детская одежда; аксессуары; текстиль","Основное вдохновение глубоко укоренено в образах сафари, навевая экзотическую и приключенческую атмосферу, переосмысленную через призму утончённой и женственной эстетики. Объёмные силуэты, изысканные крои и текучие конструкции определяют рубашки, жакеты и брюки, выражая новую идею свободы и движения. Основное вдохновение глубоко укоренено в образах сафари, навевая экзотическую и приключенческую атмосферу, переосмысленную через призму утончённой и женственной эстетики. Объёмные силуэты, изысканные крои и текучие конструкции определяют рубашки, жакеты и брюки, выражая новую идею свободы и движения. Наряду с центральной нитью-лейтмотивом, коллекция разделена на несколько капсул: деним — основу и душу бренда; active-линию, представляющую первый шаг к коллекции, посвящённой миру фитнеса и йоги; а также urban-направление — выражение современной идентичности Haveone. Индивидуально разработанные натуральные ткани подчёркивают портновское мастерство и глубокое исследование материалов, отличающие каждое изделие.",HAVEONE,http://www.haveone.it,info@haveone.it,+39 051 0228270,https://md.expodat.com/companies/company/36122-haveone.html,36122,"HAVEONE | Италия | 13A38 | Основное вдохновение глубоко укоренено в образах сафари, навевая экзотическую и приключенческую атмосферу, переосмысленную через призму утончённой и женственной эстетики. Объёмные силуэты, изысканные крои и текучие конструкции определяют рубашки, жакеты и брюки, выражая новую идею свободы и движения. Основное вдохновение глубоко укоренено в образах сафари, навевая экзотическую и приключенческую атмосферу, переосмысленную через призму утончённой и женственной эстетики. Объёмные силуэты, изысканные крои и текучие конструкции определяют рубашки, жакеты и брюки, выражая новую идею свободы и движения. Наряду с центральной нитью-лейтмотивом, коллекция разделена на несколько капсул: деним — основу и душу бренда; active-линию, представляющую первый шаг к коллекции, посвящённой миру фитнеса и йоги; а также urban-направление — выражение современной идентичности Haveone. Индивидуально разработанные натуральные ткани подчёркивают портновское мастерство и глубокое исследование материалов, отличающие каждое изделие. | http://www.haveone.it | info@haveone.it",parsed_detail,,2026-08-24T05:45:15Z,cpm-moscow-autumn-2026-expodat-signo-v1.0.1,expodat_cpm_2026_autumn_public_catalog,2dc5b507771be10709a9046545f6c2af4d0d15bf35cda256951cb89e383e1b29,
CPM – Collection Première Moscow Осень 2026,1–4 сентября 2026,HAVVS,HAVVS,"одежда, аксессуары",Россия,,,15C35,,"Мода и стиль; женская, мужская и детская одежда; аксессуары; текстиль",,HAVVS,,,+7 495 955 91 99,https://md.expodat.com/companies/company/41467-fioretto.html,41467,HAVVS | Россия | 15C35,parsed_detail,,2026-08-24T05:45:15Z,cpm-moscow-autumn-2026-expodat-signo-v1.0.1,expodat_cpm_2026_autumn_public_catalog,6fc652ccc3a0cd37aadcb2d02fa163887f69eb91ec22a795ffe490038bf40610,
CPM – Collection Première Moscow Осень 2026,1–4 сентября 2026,HC ANTONELLA,Hc Antonella,текстиль и трикотаж,Италия,,,13B01,,"Мода и стиль; женская, мужская и детская одежда; аксессуары; текстиль","На протяжении шести десятилетий мы отдаем всю свою душу искусству изготовления итальянских трикотажных изделий. С 1962 года основательница Маria Tesei зажгла пламя, которое продолжает ярко гореть. Руководствуясь ее страстью, мы посвящаем себя созданию роскошных трикотажных изделий, которые воплощают в себе суть элегантности и вневременной красоты.",HC ANTONELLA,http://www.antonellacouture.com,info@creazioniantonella.com,+39 0721 281209,https://md.expodat.com/companies/company/19452-hc-antonella.html,19452,"HC ANTONELLA | Италия | 13B01 | На протяжении шести десятилетий мы отдаем всю свою душу искусству изготовления итальянских трикотажных изделий. С 1962 года основательница Маria Tesei зажгла пламя, которое продолжает ярко гореть. Руководствуясь ее страстью, мы посвящаем себя созданию роскошных трикотажных изделий, которые воплощают в себе суть элегантности и вневременной красоты. | http://www.antonellacouture.com | info@creazioniantonella.com",parsed_detail,,2026-08-24T05:45:15Z,cpm-moscow-autumn-2026-expodat-signo-v1.0.1,expodat_cpm_2026_autumn_public_catalog,aa6f6821607f843816d6c357e48f36d8d9bd37bdbc06247a5e137242b2992999,
CPM – Collection Première Moscow Осень 2026,1–4 сентября 2026,HEAT&HIT,Heat&Hit,"одежда, аксессуары",,,,15A51,,"Мода и стиль; женская, мужская и детская одежда; аксессуары; текстиль",,HEAT&HIT,,,+7 495 955 91 99,https://md.expodat.com/companies/company/40390-heat-hit.html,40390,HEAT&HIT | 15A51,parsed_detail,,2026-08-24T05:45:15Z,cpm-moscow-autumn-2026-expodat-signo-v1.0.1,expodat_cpm_2026_autumn_public_catalog,742d37ea50af2ca2c75eb138e0610a8cac5ae822b14a41609dfb532c82606cd7,
CPM – Collection Première Moscow Осень 2026,1–4 сентября 2026,"Hefei Tuotu Network Technology Co., Ltd","Hefei Tuotu Network Technology Co., Ltd",одежда,Китай,,,15F69,,"Мода и стиль; женская, мужская и детская одежда; аксессуары; текстиль","Hefei Tuotu is a garment manufacturing & trading corporation which was founded in 2010, main products are ski-wear, tape-sealed clothes, tactical&hunting clothes.","Hefei Tuotu Network Technology Co., Ltd",,frank@brightgarment.com,+8613865973664,https://md.expodat.com/companies/company/40669-autojack.html,40669,"Hefei Tuotu Network Technology Co., Ltd | Китай | 15F69 | Hefei Tuotu is a garment manufacturing & trading corporation which was founded in 2010, main products are ski-wear, tape-sealed clothes, tactical&hunting clothes. | frank@brightgarment.com",parsed_detail,,2026-08-24T05:45:15Z,cpm-moscow-autumn-2026-expodat-signo-v1.0.1,expodat_cpm_2026_autumn_public_catalog,ef756c4d2944d38b99d92640cb6ffc6f9b91e1c02b3e872d4240b88abc47867d,
CPM – Collection Première Moscow Осень 2026,1–4 сентября 2026,HENNEY BEAR,Henney Bear,"одежда, аксессуары",Россия,,,15A11,,"Мода и стиль; женская, мужская и детская одежда; аксессуары; текстиль",,HENNEY BEAR,,,+7 495 955 91 99,https://md.expodat.com/companies/company/35988-henney-bear.html,35988,HENNEY BEAR | Россия | 15A11,parsed_detail,,2026-08-24T05:45:15Z,cpm-moscow-autumn-2026-expodat-signo-v1.0.1,expodat_cpm_2026_autumn_public_catalog,a9bde3fdeb62739f426afa1e0ce10200e5d19de02df5f6a2b7b2102d62d07312,
CPM – Collection Première Moscow Осень 2026,1–4 сентября 2026,HIGH HOPE ZHONGDING CORP.,High Hope Zhongding Corp.,"одежда, аксессуары",Китай,,,14E59,,"Мода и стиль; женская, мужская и детская одежда; аксессуары; текстиль",,HIGH HOPE ZHONGDING CORP.,,,,https://md.expodat.com/companies/company/40975-high-hope-zhongding-corp.html,40975,HIGH HOPE ZHONGDING CORP. | Китай | 14E59,parsed_detail,,2026-08-24T05:45:15Z,cpm-moscow-autumn-2026-expodat-signo-v1.0.1,expodat_cpm_2026_autumn_public_catalog,b3216afc668bb0bd9e092f5e772edffb26837ea43c7fe4b885a69129989b8421,
CPM – Collection Première Moscow Осень 2026,1–4 сентября 2026,"HIGHLAND TRADING CO., LTD.","Highland Trading Co., Ltd.","одежда, аксессуары",Китай,,,15A96-15A98,,"Мода и стиль; женская, мужская и детская одежда; аксессуары; текстиль",,"HIGHLAND TRADING CO., LTD.",,,,https://md.expodat.com/companies/company/40510-puremsx.html,40510,"HIGHLAND TRADING CO., LTD. | Китай | 15A96-15A98",parsed_detail,,2026-08-24T05:45:15Z,cpm-moscow-autumn-2026-expodat-signo-v1.0.1,expodat_cpm_2026_autumn_public_catalog,559880c6dac02ac4863ea701d3955c2b0ed44d56ae2b3d52897c7974dd7299b2,
CPM – Collection Première Moscow Осень 2026,1–4 сентября 2026,HITSTYLE,Hitstyle,"одежда, аксессуары",Россия,,,15С28,,"Мода и стиль; женская, мужская и детская одежда; аксессуары; текстиль","HitStyle — это капсульные коллекции для женщин, которые ценят комфорт, качество и лаконичный стиль. Мы создаем модели из натуральных тканей и смесовых тканей с высоким содержанием натуральных волокон. Ключевые принципы наших коллекций: - Натуральные ткани высокого качества - Продуманные лекала и комфортная посадка - Качество, которое сохраняется после носки - Актуальные силуэты вне быстротечных трендов - Широкий размерный ряд",HITSTYLE,http://www.hitwear.ru,sales@hitwear.ru,+7 (963) 553-57-57,https://md.expodat.com/companies/company/22577-hit-wear.html,22577,"HITSTYLE | Россия | 15С28 | HitStyle — это капсульные коллекции для женщин, которые ценят комфорт, качество и лаконичный стиль. Мы создаем модели из натуральных тканей и смесовых тканей с высоким содержанием натуральных волокон. Ключевые принципы наших коллекций: - Натуральные ткани высокого качества - Продуманные лекала и комфортная посадка - Качество, которое сохраняется после носки - Актуальные силуэты вне быстротечных трендов - Широкий размерный ряд | http://www.hitwear.ru | sales@hitwear.ru",parsed_detail,,2026-08-24T05:45:15Z,cpm-moscow-autumn-2026-expodat-signo-v1.0.1,expodat_cpm_2026_autumn_public_catalog,84f850cb5b6c9b341d0b4e60dd1dc58cb2efcbc862f53bfde036042e74e1608e,
CPM – Collection Première Moscow Осень 2026,1–4 сентября 2026,HOOPS,HOOPS,одежда,Россия,,,15B48,,"Мода и стиль; женская, мужская и детская одежда; аксессуары; текстиль","Бренд HOOPS гордится более чем 20-летним опытом работы в модной индустрии. Наша команда профессионалов усердно трудится над созданием самых актуальных коллекций женской одежды, используя передовые технологии и материалы высокого качества, обеспечивая быструю реакцию на изменения рынка . Бренд HOOPS гордится более чем 20-летним опытом работы в модной индустрии. Наша команда профессионалов усердно трудится над созданием самых актуальных коллекций женской одежды, используя передовые технологии и материалы высокого качества, обеспечивая быструю реакцию на изменения рынка . HOOPS - это бренд, который ищет вдохновение в творчестве и стремится создавать уникальные и стильные модели для наших клиентов. Мы рады поддерживать репутацию надежного партнера и продолжать радовать наших покупателей качественной и модной одеждой. HOOPS - где стиль встречается с удобством! Спасибо, что выбираете нас и разделяете нашу страсть к моде и качеству!",HOOPS,http://www.hoops.ru,tim.ur.tim@yandex.ru; info@hoops.ru; timur@hoops.ru,+7 495 955 91 99,https://md.expodat.com/companies/company/30529-hoops.html,30529,"HOOPS | Россия | 15B48 | Бренд HOOPS гордится более чем 20-летним опытом работы в модной индустрии. Наша команда профессионалов усердно трудится над созданием самых актуальных коллекций женской одежды, используя передовые технологии и материалы высокого качества, обеспечивая быструю реакцию на изменения рынка . Бренд HOOPS гордится более чем 20-летним опытом работы в модной индустрии. Наша команда профессионалов усердно трудится над созданием самых актуальных коллекций женской одежды, используя передовые технологии и материалы высокого качества, обеспечивая быструю реакцию на изменения рынка . HOOPS - это бренд, который ищет вдохновение в творчестве и стремится создавать уникальные и стильные модели для наших клиентов. Мы рады поддерживать репутацию надежного партнера и продолжать радовать наших покупателей качественной и модной одеждой. HOOPS - где стиль встречается с удобством! Спасибо, что выбираете нас и разделяете нашу страсть к моде и качеству! | http://www.hoops.ru | tim.ur.tim@yandex.ru; info@hoops.ru; timur@hoops.ru",parsed_detail,,2026-08-24T05:45:15Z,cpm-moscow-autumn-2026-expodat-signo-v1.0.1,expodat_cpm_2026_autumn_public_catalog,94de2d8253e42ee0fe164b93d175ba4803b10a237d89eea38477902028232b13,
CPM – Collection Première Moscow Осень 2026,1–4 сентября 2026,HUI ZHOU CHUANQI GARMENT LTD,Hui Zhou Chuanqi Garment Ltd,одежда,Китай,,,15F77,,"Мода и стиль; женская, мужская и детская одежда; аксессуары; текстиль","Huizhou Chuanqi Garment Ltd., established in 1990 and headquartered in Hong Kong, has six long-term and stable cooperative factories in mainland China, boasting strong production capabilities and extensive export experience. Its clients are located worldwide, primarily covering the European and American markets.",HUI ZHOU CHUANQI GARMENT LTD,,merch6@hkrichsky.com,008615527336571,https://md.expodat.com/companies/company/40681-chuanqi.html,40681,"HUI ZHOU CHUANQI GARMENT LTD | Китай | 15F77 | Huizhou Chuanqi Garment Ltd., established in 1990 and headquartered in Hong Kong, has six long-term and stable cooperative factories in mainland China, boasting strong production capabilities and extensive export experience. Its clients are located worldwide, primarily covering the European and American markets. | merch6@hkrichsky.com",parsed_detail,,2026-08-24T05:45:15Z,cpm-moscow-autumn-2026-expodat-signo-v1.0.1,expodat_cpm_2026_autumn_public_catalog,67d7d6bc500cbbe0467d8bb943f31d55edc357371f6ad76832315066db259e09,
CPM – Collection Première Moscow Осень 2026,1–4 сентября 2026,HUIHANG,Huihang,"одежда, аксессуары",Китай,,,14D80,,"Мода и стиль; женская, мужская и детская одежда; аксессуары; текстиль","NINGBO HUIHANG INTERNATIONAL TRADE CO., LTD.",HUIHANG,,,+7 495 955 91 99,https://md.expodat.com/companies/company/40855-huihang.html,40855,"HUIHANG | Китай | 14D80 | NINGBO HUIHANG INTERNATIONAL TRADE CO., LTD.",parsed_detail,,2026-08-24T05:45:15Z,cpm-moscow-autumn-2026-expodat-signo-v1.0.1,expodat_cpm_2026_autumn_public_catalog,e662a2738c2edda19bba80e8ba89fede8d595d291358c9dfe70f7321fb0934dd,
CPM – Collection Première Moscow Осень 2026,1–4 сентября 2026,"HUISHANG INVESTMENT CO.,LTD","Huishang Investment Co.,Ltd","одежда, аксессуары",Китай,,,15F89,,"Мода и стиль; женская, мужская и детская одежда; аксессуары; текстиль","HUISHANG INVESTMENT CO.,LTD","HUISHANG INVESTMENT CO.,LTD",,wlm131420@163.com,+7 495 955 91 99,https://md.expodat.com/companies/company/40933-huishang-investment-co-ltd.html,40933,"HUISHANG INVESTMENT CO.,LTD | Китай | 15F89 | HUISHANG INVESTMENT CO.,LTD | wlm131420@163.com",parsed_detail,,2026-08-24T05:45:15Z,cpm-moscow-autumn-2026-expodat-signo-v1.0.1,expodat_cpm_2026_autumn_public_catalog,460d6df292980f2b0875600f6b795f2612daa837578da5834604ae0ce54aa79c,
CPM – Collection Première Moscow Осень 2026,1–4 сентября 2026,Hunan Sanwen Infant and Child Products Co.Ltd.,Hunan Sanwen Infant and Child Products Co.Ltd.,"детская одежда, изделия из кожи и меха",Китай,,,15D91,,"Мода и стиль; женская, мужская и детская одежда; аксессуары; текстиль","Дизайн В нашей команде работают 5 профессиональных дизайнеров, обладающих уникальным чутьем. Они не только отлично разбираются в модных тенденциях, но и прекрасно понимают потребности малышей. Мы гармонично сочетаем милые элементы с концепцией комфорта: будь то забавные мультяшные принты или нежные цветовые решения, мы создаем для детей стильные и удобные свитера, добавляя яркие краски в их детство. Дизайн В нашей команде работают 5 профессиональных дизайнеров, обладающих уникальным чутьем. Они не только отлично разбираются в модных тенденциях, но и прекрасно понимают потребности малышей. Мы гармонично сочетаем милые элементы с концепцией комфорта: будь то забавные мультяшные принты или нежные цветовые решения, мы создаем для детей стильные и удобные свитера, добавляя яркие краски в их детство. Производство Мы располагаем 20 передовыми производственными линиями и 130 единицами высокоточного оборудования, формируя мощную производственную систему. Высокая производительность — около 2000 изделий в день и до 1 миллиона единиц в год — не только демонстрирует наши возможности, но и позволяет оперативно реагировать на рыночный спрос, гарантируя своевременные поставки нашим клиентам. Контроль качества Контроль качества — наш главный приоритет. От строгого отбора сырья до детального управления производственными процессами и многоуровневой проверки готовой продукции — каждый этап строго регламентирован. Мы используем только высококачественную, мягкую и гипоаллергенную пряжу, чтобы обеспечить бережный уход за нежной кожей малышей и гарантировать спокойствие их родителей. Форматы сотрудничества Мы предлагаем гибкие варианты сотрудничества и полностью удовлетворяем потребности в ODM и OEM. Вам достаточно предоставить идею или эскиз, и мы изготовим точный образец, воплотив вашу задумку в реальность.",Hunan Sanwen Infant and Child Products Co.Ltd.,,1963104145@qq.com,+7 495 955 91 99,https://md.expodat.com/companies/company/40906-hunan-sanwen-infant-and-child-products-co-ltd.html,40906,"Hunan Sanwen Infant and Child Products Co.Ltd. | Китай | 15D91 | Дизайн В нашей команде работают 5 профессиональных дизайнеров, обладающих уникальным чутьем. Они не только отлично разбираются в модных тенденциях, но и прекрасно понимают потребности малышей. Мы гармонично сочетаем милые элементы с концепцией комфорта: будь то забавные мультяшные принты или нежные цветовые решения, мы создаем для детей стильные и удобные свитера, добавляя яркие краски в их детство. Дизайн В нашей команде работают 5 профессиональных дизайнеров, обладающих уникальным чутьем. Они не только отлично разбираются в модных тенденциях, но и прекрасно понимают потребности малышей. Мы гармонично сочетаем милые элементы с концепцией комфорта: будь то забавные мультяшные принты или нежные цветовые решения, мы создаем для детей стильные и удобные свитера, добавляя яркие краски в их детство. Производство Мы располагаем 20 передовыми производственными линиями и 130 единицами высокоточного оборудования, формируя мощную производственную систему. Высокая производительность — около 2000 изделий в день и до 1 миллиона единиц в год — не только демонстрирует наши возможности, но и позволяет оперативно реагировать на рыночн",parsed_detail,,2026-08-24T05:45:15Z,cpm-moscow-autumn-2026-expodat-signo-v1.0.1,expodat_cpm_2026_autumn_public_catalog,47066f68516811e99b8e248143df5573cdf926ebe9f6805ba5f40b9aad9461f6,
CPM – Collection Première Moscow Осень 2026,1–4 сентября 2026,"HUNAN SPRING INDUSTRIAL &TRADING CO.,LTD","Hunan Spring Industrial &Trading Co.,Ltd","одежда, аксессуары",Китай,,,15F22,,"Мода и стиль; женская, мужская и детская одежда; аксессуары; текстиль","HUNAN SPRING INDUSTRIAL &TRADING CO.,LTD","HUNAN SPRING INDUSTRIAL &TRADING CO.,LTD",,,+7 495 955 91 99,https://md.expodat.com/companies/company/41284-hunan-spring-industrial-trading-co-ltd.html,41284,"HUNAN SPRING INDUSTRIAL &TRADING CO.,LTD | Китай | 15F22 | HUNAN SPRING INDUSTRIAL &TRADING CO.,LTD",parsed_detail,,2026-08-24T05:45:15Z,cpm-moscow-autumn-2026-expodat-signo-v1.0.1,expodat_cpm_2026_autumn_public_catalog,4131977b68faa734c0931bac02c2e64b9ccdc725b29b354f117d2076f7895700,
CPM – Collection Première Moscow Осень 2026,1–4 сентября 2026,IGOR FASHION,Igor Fashion,одежда,Хорватия,,,13С21,,"Мода и стиль; женская, мужская и детская одежда; аксессуары; текстиль","-Компания I.G.O.R. превратилась в всемирно признанный и уважаемый бренд, имеющий более 200 магазинов одежды IGOR на трех континентах: в Европе, Северной Америке и Австралии. I.G.O.R. - это бренд высококачественной женской одежды. «Каждая вещь изготавливается вручную и проходит строгий контроль качества».Ткани IGOR тщательно отбираются, в основном у итальянских производителей, и являются эксклюзивными для бренда.",IGOR FASHION,http://www.igordobranic.com,moda21vek2005@yandex.ru,+74956444584,https://md.expodat.com/companies/company/31775-igor-fashion.html,31775,"IGOR FASHION | Хорватия | 13С21 | -Компания I.G.O.R. превратилась в всемирно признанный и уважаемый бренд, имеющий более 200 магазинов одежды IGOR на трех континентах: в Европе, Северной Америке и Австралии. I.G.O.R. - это бренд высококачественной женской одежды. «Каждая вещь изготавливается вручную и проходит строгий контроль качества».Ткани IGOR тщательно отбираются, в основном у итальянских производителей, и являются эксклюзивными для бренда. | http://www.igordobranic.com | moda21vek2005@yandex.ru",parsed_detail,,2026-08-24T05:45:15Z,cpm-moscow-autumn-2026-expodat-signo-v1.0.1,expodat_cpm_2026_autumn_public_catalog,e63aa548d1707d39c6b2a436c33a51a192abd5141643149b0bc037aad09dd3b4,
CPM – Collection Première Moscow Осень 2026,1–4 сентября 2026,IL VENTO E LA SETA,Il Vento E La Seta,"текстиль и трикотаж, одежда",Италия,,,13A01,,"Мода и стиль; женская, мужская и детская одежда; аксессуары; текстиль","Компания была основана в начале 60-х годов и наладила непрерывный производственный процесс от пряжи до готовой одежды. С помощью смены поколений он вошел в индустрию быстрой моды и стал модным брендом, в котором принимали участие модельеры и опытные дизайнеры. Широкий ассортимент продукции, от трикотажа до верхней одежды, помогает объединять различные стили и создавать необычные образы.",IL VENTO E LA SETA,"http://www.goldmeitalia.com, https://www.ilventoelaseta.it/",info@goldmeitalia.it,+39 049 5793344,https://md.expodat.com/companies/company/19482-il-vento-e-la-seta.html,19482,"IL VENTO E LA SETA | Италия | 13A01 | Компания была основана в начале 60-х годов и наладила непрерывный производственный процесс от пряжи до готовой одежды. С помощью смены поколений он вошел в индустрию быстрой моды и стал модным брендом, в котором принимали участие модельеры и опытные дизайнеры. Широкий ассортимент продукции, от трикотажа до верхней одежды, помогает объединять различные стили и создавать необычные образы. | http://www.goldmeitalia.com, https://www.ilventoelaseta.it/ | info@goldmeitalia.it",parsed_detail,,2026-08-24T05:45:15Z,cpm-moscow-autumn-2026-expodat-signo-v1.0.1,expodat_cpm_2026_autumn_public_catalog,410927f34e5a813bea18f92bde14d154cb7bd398579d69acad90577c64c9fc51,
CPM – Collection Première Moscow Осень 2026,1–4 сентября 2026,ILAMONER/BAIMUNI,Ilamoner/Baimuni,"изделия из кожи и меха, одежда",Китай,,,14D49,,"Мода и стиль; женская, мужская и детская одежда; аксессуары; текстиль","Образование в России обогатило его творческий подход новыми идеями и взглядами. Господин Ян осознал, что настоящий успех в моде приходит через сочетание культур и разрушение стереотипов. Это понимание вдохновило его на создание уникального стиля, который сочетает восточную утончённость и западную элегантность. Образование в России обогатило его творческий подход новыми идеями и взглядами. Господин Ян осознал, что настоящий успех в моде приходит через сочетание культур и разрушение стереотипов. Это понимание вдохновило его на создание уникального стиля, который сочетает восточную утончённость и западную элегантность. После возвращения в Китай господин Ян основал бренд Baimuni, нацеленный на создание модной и качественной женской одежды для женщин в возрасте от 25 до 35 лет. Бренд делает акцент на высококачественных материалах, тонкой отделке и продуманном дизайне. Модели Baimuni элегантно сочетают традиции китайского мастерства с современными европейскими тенденциями, которые он перенял в России. Благодаря такому подходу Baimuni добился успеха не только на внутреннем рынке Китая, но и завоевал популярность в России, Центральной Азии и Европе. Этот успех подтверждает высокое качество продукции и глубокое понимание потребностей международного рынка. Baimuni предлагает своим клиенткам не просто одежду, а стиль жизни и способ самовыражения. Каждая женщина, выбирающая Baimuni, может подчеркнуть свою элегантность, уверенность и современный вкус. С 2015 года Baimuni производит широкий ассортимент продукции: пуховики, изделия из хлопка, кожу и меха, а также дождевики. Компания выпускает одежду под собственным брендом и предлагает услуги по индивидуальному производству для клиентов с доставкой в Россию. Baimuni обеспечивает полный производственный цикл в форматах OEM и ODM, предлагая удобные условия для партнёров: контроль качества на всех этапах производства, гибкость заказов без необходимости закупать полный размерный ряд, возможность работы в разных ценовых категориях, быстрое выполнение заказов за 10 дней, своевременную доставку из Китая в Россию за 7–25 дней, ежегодное обновление коллекций с выпуском до 500 новых моделей и шестиступенчатую систему контроля качества с доступом к ERP-системе для отслеживания проверок. Кроме того, компания обеспечивает эффективную логистику с отгрузкой товаров в течение 5 дней после оплаты и уведомлением по электронной почте или телефону. Baimuni — это гарант высокого качества и надёжный партнёр для развития вашего бизнеса.",ILAMONER/BAIMUNI,,business@baimuni.com,+7 495 955 91 99,https://md.expodat.com/companies/company/31910-baimuni.html,31910,"ILAMONER/BAIMUNI | Китай | 14D49 | Образование в России обогатило его творческий подход новыми идеями и взглядами. Господин Ян осознал, что настоящий успех в моде приходит через сочетание культур и разрушение стереотипов. Это понимание вдохновило его на создание уникального стиля, который сочетает восточную утончённость и западную элегантность. Образование в России обогатило его творческий подход новыми идеями и взглядами. Господин Ян осознал, что настоящий успех в моде приходит через сочетание культур и разрушение стереотипов. Это понимание вдохновило его на создание уникального стиля, который сочетает восточную утончённость и западную элегантность. После возвращения в Китай господин Ян основал бренд Baimuni, нацеленный на создание модной и качественной женской одежды для женщин в возрасте от 25 до 35 лет. Бренд делает акцент на высококачественных материалах, тонкой отделке и продуманном дизайне. Модели Baimuni элегантно сочетают традиции китайского мастерства с современными европейскими тенденциями, которые он перенял в России. Благодаря такому подходу Baimuni добился успеха не только на внутреннем рынке Китая, но и завоевал популярность в России, Центральной Азии и Европе. Этот ",parsed_detail,,2026-08-24T05:45:15Z,cpm-moscow-autumn-2026-expodat-signo-v1.0.1,expodat_cpm_2026_autumn_public_catalog,8ad31d1c60eb99a7cc39b8d9d8c7d72786f7aa8d4b7e86f7e19f3f74bac93459,
CPM – Collection Première Moscow Осень 2026,1–4 сентября 2026,Impex,Impex,"одежда, аксессуары",Россия,,,15A42 / 15A46,,"Мода и стиль; женская, мужская и детская одежда; аксессуары; текстиль",,Impex,,,+7 495 955 91 99,https://md.expodat.com/companies/company/22125-impex.html,22125,Impex | Россия | 15A42 / 15A46,parsed_detail,,2026-08-24T05:45:15Z,cpm-moscow-autumn-2026-expodat-signo-v1.0.1,expodat_cpm_2026_autumn_public_catalog,3d53fd0616eefc2778a053fa1ced065b1a03aa048760907fadc9cdb4c21ed328,
CPM – Collection Première Moscow Осень 2026,1–4 сентября 2026,INTIKOMA,Intikoma,одежда,Россия,,,15B21,,"Мода и стиль; женская, мужская и детская одежда; аксессуары; текстиль","Отечественный бренд женской одежды, созданный в 1995 году Собственная производственная линия благодаря чему мы можем контролировать качество продукции от момента выбора тканей и фурнитуры, до отгрузки готового изделия. Современная программа разработки- позволяет достичь идеальной посадки изделий на любой фигуре. Три коллекции в год- Коллекции INTIKOMA созданы как капсульный гардероб, и подходят друг к другу, спустя сезоны.",INTIKOMA,https://www.intikoma.ru/,info@intikoma.ru,+7 (495) 507-43-44,https://md.expodat.com/companies/company/20010-intikoma.html,20010,"INTIKOMA | Россия | 15B21 | Отечественный бренд женской одежды, созданный в 1995 году Собственная производственная линия благодаря чему мы можем контролировать качество продукции от момента выбора тканей и фурнитуры, до отгрузки готового изделия. Современная программа разработки- позволяет достичь идеальной посадки изделий на любой фигуре. Три коллекции в год- Коллекции INTIKOMA созданы как капсульный гардероб, и подходят друг к другу, спустя сезоны. | https://www.intikoma.ru/ | info@intikoma.ru",parsed_detail,,2026-08-24T05:45:15Z,cpm-moscow-autumn-2026-expodat-signo-v1.0.1,expodat_cpm_2026_autumn_public_catalog,edb21b9d9fb8d2c3562ba77479eaaf48a8dbad47caf9f95a44e5428c6da2d058,
CPM – Collection Première Moscow Осень 2026,1–4 сентября 2026,Irina Vartanyan,Irina Vartanyan,"одежда, аксессуары",,,,15B11,,"Мода и стиль; женская, мужская и детская одежда; аксессуары; текстиль",,Irina Vartanyan,,,+7 495 955 91 99,https://md.expodat.com/companies/company/40813-irina-vartanyan.html,40813,Irina Vartanyan | 15B11,parsed_detail,,2026-08-24T05:45:15Z,cpm-moscow-autumn-2026-expodat-signo-v1.0.1,expodat_cpm_2026_autumn_public_catalog,eedf0e3c2aa6b49c13ed9841435d7dfd55fb0f1f6da564e350a2d5e991550c7c,
CPM – Collection Première Moscow Осень 2026,1–4 сентября 2026,IRONSTONE,Ironstone,"одежда, аксессуары",Китай,,,14E80,,"Мода и стиль; женская, мужская и детская одежда; аксессуары; текстиль","JINJIANG IRONSTONE CLOTHING CO.,LTD.",IRONSTONE,,,+7 495 955 91 99,https://md.expodat.com/companies/company/40858-ironstone.html,40858,"IRONSTONE | Китай | 14E80 | JINJIANG IRONSTONE CLOTHING CO.,LTD.",parsed_detail,,2026-08-24T05:45:15Z,cpm-moscow-autumn-2026-expodat-signo-v1.0.1,expodat_cpm_2026_autumn_public_catalog,fc56406ca3d97e8dcf1ee9f31a49bc5798499fbbb1b4edc4b5bfbd5e80188e03,
CPM – Collection Première Moscow Осень 2026,1–4 сентября 2026,ISCREAM,Iscream,"одежда, аксессуары",,,,13C39,,"Мода и стиль; женская, мужская и детская одежда; аксессуары; текстиль",,ISCREAM,,,+7 495 955 91 99,https://md.expodat.com/companies/company/41437-iscream.html,41437,ISCREAM | 13C39,parsed_detail,,2026-08-24T05:45:15Z,cpm-moscow-autumn-2026-expodat-signo-v1.0.1,expodat_cpm_2026_autumn_public_catalog,74ccc88aabd4afb6d5191f7958ce2677b764478dfa33fbc50d7ed3a4a6d36ec7,
CPM – Collection Première Moscow Осень 2026,1–4 сентября 2026,IT'S BASIC,It'S Basic,"одежда, аксессуары",Турция,,,14C51,,"Мода и стиль; женская, мужская и детская одежда; аксессуары; текстиль","Компания Turanlar Tekstil, основанная в начале 2000-х годов, является семейной организацией и работает на закрытой территории площадью 4000 MT2 в Турции/Стамбуле. Компания Туранлар, специализирующаяся на производстве джинсовой ткани, производит продукцию под собственными лейблами (private label) для деловых партнеров во многих странах мира, особенно в Европе, Америке и России, а также под собственным брендом IT'S BASIC. Компания Turanlar Tekstil, основанная в начале 2000-х годов, является семейной организацией и работает на закрытой территории площадью 4000 MT2 в Турции/Стамбуле. Компания Туранлар, специализирующаяся на производстве джинсовой ткани, производит продукцию под собственными лейблами (private label) для деловых партнеров во многих странах мира, особенно в Европе, Америке и России, а также под собственным брендом IT'S BASIC. Ежемесячная производственная мощность составляет 250 000 штук, а среднегодовой объем составляет 3 миллиона штук, а также собственные производственные процессы (кройка, шитье, глажка). Заботясь о том, чтобы быстро адаптироваться к развивающимся и меняющимся условиям, Turanlar разрабатывает коллекции, которые обновляются почти ежедневно, учитывая то, чего сегодня достигла быстрая мода, сокращая время производства до приемлемых сроков за счет эффективного использования производственных процессов, способствуя тем самым продажи продукции. Компания, которая регулярно проходит аудиты SEDEX (SMETA), производит продукцию в соответствии с международно признанными условиями безопасности и гигиены труда и европейскими стандартами. Имея большой выбор готовых образцов и команду дизайнеров, Turanlar Tekstil также предлагает поддержку в выборе и разработке коллекции всем своим партнерам, с которыми она сотрудничает. Стремясь выйти на новые рынки с помощью собственного бренда IT'S BASIC, Turanlar Tekstil также поддерживает свое рыночное разнообразие во всех областях, следя за тем, чтобы бренды, с которыми он сотрудничает, принадлежали к разным рынкам. А также заботится о том, чтобы сделать это разнообразие элементом, который можно использовать для себя и для брендов, которым оно служит, и следует этому принципу при расширении своих рынков. Мы изо дня в день заботимся о том, чтобы производство было более совместимым с окружающей средой и природой, Мы заботимся о том, чтобы использовать технологии на самом высоком уровне, а также чтобы уменьшить наш углеродный след.",IT'S BASIC,https://www.itsbasic.com,s.kazakova@itsbasic.com; ersinturan@byzerga.com,+90 549 162 12 01,https://md.expodat.com/companies/company/25393-it-s-basic.html,25393,"IT'S BASIC | Турция | 14C51 | Компания Turanlar Tekstil, основанная в начале 2000-х годов, является семейной организацией и работает на закрытой территории площадью 4000 MT2 в Турции/Стамбуле. Компания Туранлар, специализирующаяся на производстве джинсовой ткани, производит продукцию под собственными лейблами (private label) для деловых партнеров во многих странах мира, особенно в Европе, Америке и России, а также под собственным брендом IT'S BASIC. Компания Turanlar Tekstil, основанная в начале 2000-х годов, является семейной организацией и работает на закрытой территории площадью 4000 MT2 в Турции/Стамбуле. Компания Туранлар, специализирующаяся на производстве джинсовой ткани, производит продукцию под собственными лейблами (private label) для деловых партнеров во многих странах мира, особенно в Европе, Америке и России, а также под собственным брендом IT'S BASIC. Ежемесячная производственная мощность составляет 250 000 штук, а среднегодовой объем составляет 3 миллиона штук, а также собственные производственные процессы (кройка, шитье, глажка). Заботясь о том, чтобы быстро адаптироваться к развивающимся и меняющимся условиям, Turanlar разрабатывает коллекции, которые обновляются п",parsed_detail,,2026-08-24T05:45:15Z,cpm-moscow-autumn-2026-expodat-signo-v1.0.1,expodat_cpm_2026_autumn_public_catalog,879d54c5ac2fa1fc5053aae55eac2e8001b350cf5037e3e7427860d7db3dc611,
CPM – Collection Première Moscow Осень 2026,1–4 сентября 2026,ITKIB,ITKIB,"одежда, аксессуары",Турция,,,,,"Мода и стиль; женская, мужская и детская одежда; аксессуары; текстиль",,ITKIB,,,+7 495 955 91 99,https://md.expodat.com/companies/company/20946-itkib.html,20946,ITKIB | Турция,parsed_detail,,2026-08-24T05:45:15Z,cpm-moscow-autumn-2026-expodat-signo-v1.0.1,expodat_cpm_2026_autumn_public_catalog,c1d77ba15c246b02dde08e757ab1cb2f610f143abc6335d5b236b8c177b16537,
CPM – Collection Première Moscow Осень 2026,1–4 сентября 2026,J.B4,J.B4,одежда,Италия,,,13A21-A23,,"Мода и стиль; женская, мужская и детская одежда; аксессуары; текстиль","J.B4 (Just Before) был основан в 2015 году в Болонье, Италия, командой специалистов по исследованию трендов и энтузиастов моды, стремившихся создать современный бренд, основанный на креативности, индивидуальности и инновациях. Вдохновляясь городской культурой и динамичным образом жизни, бренд сочетает элементы streetwear и современной casual-эстетики, создавая универсальные коллекции для мужчин и женщин. J.B4 (Just Before) был основан в 2015 году в Болонье, Италия, командой специалистов по исследованию трендов и энтузиастов моды, стремившихся создать современный бренд, основанный на креативности, индивидуальности и инновациях. Вдохновляясь городской культурой и динамичным образом жизни, бренд сочетает элементы streetwear и современной casual-эстетики, создавая универсальные коллекции для мужчин и женщин. Разрабатывая свои коллекции в Италии и следуя философии «Not Ordinary Style», J.B4 предлагает актуальный дизайн, комфорт и функциональность, сохраняя при этом яркую индивидуальность бренда. Благодаря постоянному анализу мировых тенденций и сильной творческой концепции, J.B4 помогает каждому выразить свою индивидуальность через современную итальянскую моду.",J.B4,http://www.justbefore.it,damiano@refixnet.com,+39 348 6415180,https://md.expodat.com/companies/company/19539-j-b4-just-before.html,19539,"J.B4 | Италия | 13A21-A23 | J.B4 (Just Before) был основан в 2015 году в Болонье, Италия, командой специалистов по исследованию трендов и энтузиастов моды, стремившихся создать современный бренд, основанный на креативности, индивидуальности и инновациях. Вдохновляясь городской культурой и динамичным образом жизни, бренд сочетает элементы streetwear и современной casual-эстетики, создавая универсальные коллекции для мужчин и женщин. J.B4 (Just Before) был основан в 2015 году в Болонье, Италия, командой специалистов по исследованию трендов и энтузиастов моды, стремившихся создать современный бренд, основанный на креативности, индивидуальности и инновациях. Вдохновляясь городской культурой и динамичным образом жизни, бренд сочетает элементы streetwear и современной casual-эстетики, создавая универсальные коллекции для мужчин и женщин. Разрабатывая свои коллекции в Италии и следуя философии «Not Ordinary Style», J.B4 предлагает актуальный дизайн, комфорт и функциональность, сохраняя при этом яркую индивидуальность бренда. Благодаря постоянному анализу мировых тенденций и сильной творческой концепции, J.B4 помогает каждому выразить свою индивидуальность через современную итальянскую мод",parsed_detail,,2026-08-24T05:45:15Z,cpm-moscow-autumn-2026-expodat-signo-v1.0.1,expodat_cpm_2026_autumn_public_catalog,d32d8f1b1f643cdbbdaf54fc0e99d2e9c18ea28ccf6336dbddef3f1d7b2bb5af,
CPM – Collection Première Moscow Осень 2026,1–4 сентября 2026,Jala Garment,Jala Garment,одежда,Индия,,,14B74,,"Мода и стиль; женская, мужская и детская одежда; аксессуары; текстиль",,Jala Garment,,,+7 495 955 91 99,https://md.expodat.com/companies/company/41425-jala-garment.html,41425,Jala Garment | Индия | 14B74,parsed_detail,,2026-08-24T05:45:15Z,cpm-moscow-autumn-2026-expodat-signo-v1.0.1,expodat_cpm_2026_autumn_public_catalog,27e81c5916f47c0b9a4477e7e39041bef1644c018ffd530f25b407c784408f63,
CPM – Collection Première Moscow Осень 2026,1–4 сентября 2026,JANE DOE,Jane Doe,"одежда, аксессуары",Россия,,,15A45 / 15A47,,"Мода и стиль; женская, мужская и детская одежда; аксессуары; текстиль",,JANE DOE,http://janedoe.ru,jane@janedoe.ru,+79602549560,https://md.expodat.com/companies/company/25198-jane-doe.html,25198,JANE DOE | Россия | 15A45 / 15A47 | http://janedoe.ru | jane@janedoe.ru,parsed_detail,,2026-08-24T05:45:15Z,cpm-moscow-autumn-2026-expodat-signo-v1.0.1,expodat_cpm_2026_autumn_public_catalog,fa8354fe39cde856e082f4905d00f978fa9beb376811fc03c2e3ded688cb8fe8,
CPM – Collection Première Moscow Осень 2026,1–4 сентября 2026,JANET,JANET,"одежда, аксессуары",Россия,,,15A11,,"Мода и стиль; женская, мужская и детская одежда; аксессуары; текстиль",,JANET,,,+7 495 955 91 99,https://md.expodat.com/companies/company/35986-janet.html,35986,JANET | Россия | 15A11,parsed_detail,,2026-08-24T05:45:15Z,cpm-moscow-autumn-2026-expodat-signo-v1.0.1,expodat_cpm_2026_autumn_public_catalog,91ec4bedc30d09f4db1ab957613469e08b2cd986ab92629333c8907124c881f4,
CPM – Collection Première Moscow Осень 2026,1–4 сентября 2026,"Jasprit Accessories Co., Ltd","Jasprit Accessories Co., Ltd","нижнее белье и пляжная одежда, обувь, сумки, аксессуары, одежда",Китай,,,15B92,,"Мода и стиль; женская, мужская и детская одежда; аксессуары; текстиль","Jasprit Accessories Co.,Ltd is a professional manufacturer and exporter of socks series,shoes,gloves,scarves,hats,bags series,swimsuits,underwear,T-shirt,glasses,etc.,headquartered in Shanghai,the eastern metropolis of eastern China our factory is located in Jiangsu Province and is the largest export base of textile products in China.","Jasprit Accessories Co., Ltd",http://www.jasprit.net,jason@jasprit.net,+86-13917160479,https://md.expodat.com/companies/company/40558-jasprit.html,40558,"Jasprit Accessories Co., Ltd | Китай | 15B92 | Jasprit Accessories Co.,Ltd is a professional manufacturer and exporter of socks series,shoes,gloves,scarves,hats,bags series,swimsuits,underwear,T-shirt,glasses,etc.,headquartered in Shanghai,the eastern metropolis of eastern China our factory is located in Jiangsu Province and is the largest export base of textile products in China. | http://www.jasprit.net | jason@jasprit.net",parsed_detail,,2026-08-24T05:45:15Z,cpm-moscow-autumn-2026-expodat-signo-v1.0.1,expodat_cpm_2026_autumn_public_catalog,83b894b8ac811b781005ffd30300db3ee1046eec6e36871ecce6354be043fc12,
CPM – Collection Première Moscow Осень 2026,1–4 сентября 2026,"JAXING JAHENG FASHION CO.,LTD","Jaxing Jaheng Fashion Co.,Ltd","текстиль и трикотаж, одежда",Китай,,,15F52,,"Мода и стиль; женская, мужская и детская одежда; аксессуары; текстиль","Jiaxing Jaheng Fashion Co., Ltd. specializes in the production of knitted products such as tencel, mulberry silk and superfine wool for spring and summer, and wool sweaters, cashmere sweaters and other blended sweaters for autumn and winter, as well as Coat.","JAXING JAHENG FASHION CO.,LTD",http://www.snowbellgarment.com,snowbellgarment@gmail.com,13666721861,https://md.expodat.com/companies/company/41365-jaxing-jaheng-fashion-co-ltd.html,41365,"JAXING JAHENG FASHION CO.,LTD | Китай | 15F52 | Jiaxing Jaheng Fashion Co., Ltd. specializes in the production of knitted products such as tencel, mulberry silk and superfine wool for spring and summer, and wool sweaters, cashmere sweaters and other blended sweaters for autumn and winter, as well as Coat. | http://www.snowbellgarment.com | snowbellgarment@gmail.com",parsed_detail,,2026-08-24T05:45:15Z,cpm-moscow-autumn-2026-expodat-signo-v1.0.1,expodat_cpm_2026_autumn_public_catalog,de8630db3bd5cd6d2eab3bd59a21e9f4484cadeadbab7aa55dba7be707d7e190,
CPM – Collection Première Moscow Осень 2026,1–4 сентября 2026,JEANNE DARC,Jeanne Darc,"одежда, аксессуары",Турция,,,14A10,,"Мода и стиль; женская, мужская и детская одежда; аксессуары; текстиль",,JEANNE DARC,http://www.jeannedarc.com.tr,emre@jeannedarc.com.tr,+7 495 955 91 99,https://md.expodat.com/companies/company/19314-jeanne-darc.html,19314,JEANNE DARC | Турция | 14A10 | http://www.jeannedarc.com.tr | emre@jeannedarc.com.tr,parsed_detail,,2026-08-24T05:45:15Z,cpm-moscow-autumn-2026-expodat-signo-v1.0.1,expodat_cpm_2026_autumn_public_catalog,a760345853def064db20be1a870ee993025e442311123bd875590371b0689743,
CPM – Collection Première Moscow Осень 2026,1–4 сентября 2026,JFK 2.0,Jfk 2.0,"одежда, аксессуары",Италия,,,13B11,,"Мода и стиль; женская, мужская и детская одежда; аксессуары; текстиль","Коллекция, вдохновлённая местами, которые навсегда остаются в сердце. Первая глава переносит нас в пустыню на закате, где палитра рождается из мира макияжа: нежные оттенки румян, пудры и теней для век создают утончённую игру света и цвета. Коллекция, вдохновлённая местами, которые навсегда остаются в сердце. Первая глава переносит нас в пустыню на закате, где палитра рождается из мира макияжа: нежные оттенки румян, пудры и теней для век создают утончённую игру света и цвета. Следующая остановка: солнечный Сен-Тропе, воплощение беззаботной элегантности, средиземноморского настроения и лёгкости летних дней. Завершает путешествие озеро Комо. Его знаменитые сады вдохновили модели, в которых оживают формы и краски гортензий, агавы и бугенвиллеи, передавая природную гармонию и изысканную красоту этого места. Коллекция выполнена из благородных натуральных тканей: струящегося купро, воздушного крепдешина и невероятно мягкого модала с шелковистой, почти невесомой фактурой. Каждая ткань дарит ощущение лёгкости, комфорта и утончённой роскоши.",JFK 2.0,http://www.blukey.it,gpeverelli@jfksrl.com,+39 031 511097,https://md.expodat.com/companies/company/28738-jfk-2-0.html,28738,"JFK 2.0 | Италия | 13B11 | Коллекция, вдохновлённая местами, которые навсегда остаются в сердце. Первая глава переносит нас в пустыню на закате, где палитра рождается из мира макияжа: нежные оттенки румян, пудры и теней для век создают утончённую игру света и цвета. Коллекция, вдохновлённая местами, которые навсегда остаются в сердце. Первая глава переносит нас в пустыню на закате, где палитра рождается из мира макияжа: нежные оттенки румян, пудры и теней для век создают утончённую игру света и цвета. Следующая остановка: солнечный Сен-Тропе, воплощение беззаботной элегантности, средиземноморского настроения и лёгкости летних дней. Завершает путешествие озеро Комо. Его знаменитые сады вдохновили модели, в которых оживают формы и краски гортензий, агавы и бугенвиллеи, передавая природную гармонию и изысканную красоту этого места. Коллекция выполнена из благородных натуральных тканей: струящегося купро, воздушного крепдешина и невероятно мягкого модала с шелковистой, почти невесомой фактурой. Каждая ткань дарит ощущение лёгкости, комфорта и утончённой роскоши. | http://www.blukey.it | gpeverelli@jfksrl.com",parsed_detail,,2026-08-24T05:45:15Z,cpm-moscow-autumn-2026-expodat-signo-v1.0.1,expodat_cpm_2026_autumn_public_catalog,d6e4fdbaf2d0e60fc1fb46099ca0bd95b25fd38fd79ed99f4a59699eeec9b29b,
CPM – Collection Première Moscow Осень 2026,1–4 сентября 2026,"Jiangsu Allnice Import & Export Co., Ltd","Jiangsu Allnice Import & Export Co., Ltd","изделия из кожи и меха, одежда",Китай,,,15B81,,"Мода и стиль; женская, мужская и детская одежда; аксессуары; текстиль","Jiangsu Allnice Imp & Exp Co., Ltd located in textile down Changshu where is 90kms away from Shanghai . Sepcialized in outerwear , down jkt , polyfill jkt . fake fur jkt . sportsear . Uniform and pant . Relying in Bosideng’s production base in China and oversee production base in Cambodia . Our main export market in USA、EU、JAPAN etc","Jiangsu Allnice Import & Export Co., Ltd",,,+7 495 955 91 99,https://md.expodat.com/companies/company/40540-allnice.html,40540,"Jiangsu Allnice Import & Export Co., Ltd | Китай | 15B81 | Jiangsu Allnice Imp & Exp Co., Ltd located in textile down Changshu where is 90kms away from Shanghai . Sepcialized in outerwear , down jkt , polyfill jkt . fake fur jkt . sportsear . Uniform and pant . Relying in Bosideng’s production base in China and oversee production base in Cambodia . Our main export market in USA、EU、JAPAN etc",parsed_detail,,2026-08-24T05:45:15Z,cpm-moscow-autumn-2026-expodat-signo-v1.0.1,expodat_cpm_2026_autumn_public_catalog,338fd76477df2e9762605db143c5b4cbc8268e319a28de841e842dd3da30516e,
CPM – Collection Première Moscow Осень 2026,1–4 сентября 2026,"JIANGSU GTIG ESEN CO.,LTD.","Jiangsu Gtig Esen Co.,Ltd.",текстиль и трикотаж,Китай,,,15A77,,"Мода и стиль; женская, мужская и детская одежда; аксессуары; текстиль","ESEN International Co.,Ltd is a large foreign trade import and export subsidiary of the Jiangsu Guotai International Group.ESEN International Co.,Ltd, established in January 2017, is a Global Manufacturing and Exporting Agent valued at 400M USD. As a premier leader in both manufacturing and exporting, our core competencies are vast with expertise in knits, woven’s, sweaters, yarns, trims as well as textiles. In addition, we export a variety of commodities and technology components.","JIANGSU GTIG ESEN CO.,LTD.",http://www.gtig-esen.com,lucy.yang@gtig-esen.com,+7 495 955 91 99,https://md.expodat.com/companies/company/36779-jiangsu-gtig-esen-co-ltd.html,36779,"JIANGSU GTIG ESEN CO.,LTD. | Китай | 15A77 | ESEN International Co.,Ltd is a large foreign trade import and export subsidiary of the Jiangsu Guotai International Group.ESEN International Co.,Ltd, established in January 2017, is a Global Manufacturing and Exporting Agent valued at 400M USD. As a premier leader in both manufacturing and exporting, our core competencies are vast with expertise in knits, woven’s, sweaters, yarns, trims as well as textiles. In addition, we export a variety of commodities and technology components. | http://www.gtig-esen.com | lucy.yang@gtig-esen.com",parsed_detail,,2026-08-24T05:45:15Z,cpm-moscow-autumn-2026-expodat-signo-v1.0.1,expodat_cpm_2026_autumn_public_catalog,c72b008742d3977e54ba6fc0eed528896b6b856f5d6acf615f9093da62bbf85d,
CPM – Collection Première Moscow Осень 2026,1–4 сентября 2026,"JIANGSU GUOTAI BAOMA CLOTHING CO.,LTD.","Jiangsu Guotai Baoma Clothing Co.,Ltd.",одежда,Китай,,,14C74,,"Мода и стиль; женская, мужская и детская одежда; аксессуары; текстиль","◆ Founded in 2001 ◆ Major Production Range: Womens/Mens Outwear, Active wear, Sportswear ◆ Business Operation: Manufacture and Exporting / Domestic Sales ◆ Global Presence: Changshu, China (Headquarter) China (Design, Development, Sourcing , Merchandising &Production) Bangladesh (Production facility) Baoma designs, manufactures, exports outerwear, dresses, active wear and sportswear. Headquartered in Changshu City, Jiangsu Province, China, Baoma manages, elevates and builds the long-term value of consumer brands by partnering with best-in-class manufacturers and importers. Our commitment to outstanding quality, value, and customer service has enabled us to continually grow and innovate in a highly challenging marketplace.","JIANGSU GUOTAI BAOMA CLOTHING CO.,LTD.",,candice@baomaclothing.com,008615995966782,https://md.expodat.com/companies/company/40459-guotai.html,40459,"JIANGSU GUOTAI BAOMA CLOTHING CO.,LTD. | Китай | 14C74 | ◆ Founded in 2001 ◆ Major Production Range: Womens/Mens Outwear, Active wear, Sportswear ◆ Business Operation: Manufacture and Exporting / Domestic Sales ◆ Global Presence: Changshu, China (Headquarter) China (Design, Development, Sourcing , Merchandising &Production) Bangladesh (Production facility) Baoma designs, manufactures, exports outerwear, dresses, active wear and sportswear. Headquartered in Changshu City, Jiangsu Province, China, Baoma manages, elevates and builds the long-term value of consumer brands by partnering with best-in-class manufacturers and importers. Our commitment to outstanding quality, value, and customer service has enabled us to continually grow and innovate in a highly challenging marketplace. | candice@baomaclothing.com",parsed_detail,,2026-08-24T05:45:15Z,cpm-moscow-autumn-2026-expodat-signo-v1.0.1,expodat_cpm_2026_autumn_public_catalog,2efaaf80bc3024360beffc82a740d1e0976a0c41d895552678b3ddec65aa7809,
CPM – Collection Première Moscow Осень 2026,1–4 сентября 2026,"Jiangsu Toppymore International Co., Ltd.","Jiangsu Toppymore International Co., Ltd.",одежда,Китай,,,15D89,,"Мода и стиль; женская, мужская и детская одежда; аксессуары; текстиль","Toppymore is established in Huai'an China since 2007, and established own factory in 2012.We’re a combination of industry and trade integration company. We handle a wide variety of production lines, such as fleece jackets, softshell, rain jackets, underwear, t-shirts, sweatshirts, trekking pants, leggings, etc. Our products have been sold all over the world, such as Russia,Spain, Sweden, Germany, UK, France, Italy, Poland, Finland, the Netherlands, the USA, Canada, Australia, South America.","Jiangsu Toppymore International Co., Ltd.",,andrew@toppymore.com,+7 495 955 91 99,https://md.expodat.com/companies/company/40903-jiangsu-toppymore-international-co-ltd.html,40903,"Jiangsu Toppymore International Co., Ltd. | Китай | 15D89 | Toppymore is established in Huai'an China since 2007, and established own factory in 2012.We’re a combination of industry and trade integration company. We handle a wide variety of production lines, such as fleece jackets, softshell, rain jackets, underwear, t-shirts, sweatshirts, trekking pants, leggings, etc. Our products have been sold all over the world, such as Russia,Spain, Sweden, Germany, UK, France, Italy, Poland, Finland, the Netherlands, the USA, Canada, Australia, South America. | andrew@toppymore.com",parsed_detail,,2026-08-24T05:45:15Z,cpm-moscow-autumn-2026-expodat-signo-v1.0.1,expodat_cpm_2026_autumn_public_catalog,7432f4977c9cbd6a725ba7054623103cf3a75f41d7ce1cf455d4aa349761a935,
CPM – Collection Première Moscow Осень 2026,1–4 сентября 2026,"JIANGXI ANGMAI INDUSTRIAL CO., LTD","Jiangxi Angmai Industrial Co., Ltd","текстиль и трикотаж, одежда",Китай,,,14C90,,"Мода и стиль; женская, мужская и детская одежда; аксессуары; текстиль","Jiangxi Angmai Industrial Co.,Ltd is a professional garment manufacturer which it is located in Nanchang,JiangXi Province,China. Our business concept is to provide high quality products with competitive price and effective service to our customers. We are specialized in exporting knitted wear such like T-shirts, Polo shirts,hoody,tank tops,track Pants,shorts etc. Our products has exported to over 100 countries all over the world.","JIANGXI ANGMAI INDUSTRIAL CO., LTD",https://langmai.en.made-in-china.com/,garment@jxangmai.com,+86 18162106801,https://md.expodat.com/companies/company/40462-angmai.html,40462,"JIANGXI ANGMAI INDUSTRIAL CO., LTD | Китай | 14C90 | Jiangxi Angmai Industrial Co.,Ltd is a professional garment manufacturer which it is located in Nanchang,JiangXi Province,China. Our business concept is to provide high quality products with competitive price and effective service to our customers. We are specialized in exporting knitted wear such like T-shirts, Polo shirts,hoody,tank tops,track Pants,shorts etc. Our products has exported to over 100 countries all over the world. | https://langmai.en.made-in-china.com/ | garment@jxangmai.com",parsed_detail,,2026-08-24T05:45:15Z,cpm-moscow-autumn-2026-expodat-signo-v1.0.1,expodat_cpm_2026_autumn_public_catalog,85a626c033c03d6666e45cf815086cfcba2a3e6a803a9d40bc9e01d6525e6ca0,
CPM – Collection Première Moscow Осень 2026,1–4 сентября 2026,"JIANGXI COCREAT IMPORT AND EXPORT CO., LTD","Jiangxi Cocreat Import And Export Co., Ltd",текстиль и трикотаж,Китай,,,15C51,,"Мода и стиль; женская, мужская и детская одежда; аксессуары; текстиль","Jiangxi Cocreat Import and Export Co., Ltd. is located in Changdong Industrial Park, Nanchang, China. The company mainly produces knitted products such as hoodies, T-shirts, pants, etc. At present, there is a self operated factory of 3500 square meters, with 140 fixed management personnel and supporting staff, and a total of 160 sewing machines including one hanging production line and one ordinary assembly line. We have our own QC team. Has passed BSCI certification and can cooperate with customers for factory inspections or other certifications.","JIANGXI COCREAT IMPORT AND EXPORT CO., LTD",,304055662@qq.com,13667094105,https://md.expodat.com/companies/company/41038-jiangxi-cocreat-import-and-export-co-ltd.html,41038,"JIANGXI COCREAT IMPORT AND EXPORT CO., LTD | Китай | 15C51 | Jiangxi Cocreat Import and Export Co., Ltd. is located in Changdong Industrial Park, Nanchang, China. The company mainly produces knitted products such as hoodies, T-shirts, pants, etc. At present, there is a self operated factory of 3500 square meters, with 140 fixed management personnel and supporting staff, and a total of 160 sewing machines including one hanging production line and one ordinary assembly line. We have our own QC team. Has passed BSCI certification and can cooperate with customers for factory inspections or other certifications. | 304055662@qq.com",parsed_detail,,2026-08-24T05:45:15Z,cpm-moscow-autumn-2026-expodat-signo-v1.0.1,expodat_cpm_2026_autumn_public_catalog,5c51e7d7bae8443ed3bf7af2af2c08f48e81f4d82960ae955e5f4519f05c0ca0,
CPM – Collection Première Moscow Осень 2026,1–4 сентября 2026,"Jiangxi Fujohn Garment Co., Ltd.","Jiangxi Fujohn Garment Co., Ltd.","детская одежда, сумки, изделия из кожи и меха, текстиль и трикотаж, одежда",Китай,,,15B102,,"Мода и стиль; женская, мужская и детская одежда; аксессуары; текстиль","Jiangxi Fujohn Garment CO.,LTD. Was registered and established by Fuzhou Fuyou Clothing Co., Ltd. In Ji'an, Jiangxi. It is a modern enterprise specializing in clothing production and foreign trade exports. The company's products mainly use fabrics such as PVC, PVC single-sided leather, PVC double-sided leather, nylon/PVC, PVC knitting, PVC/polyester, nylon/PU, EVA, PEVA, etc. To make various labor raincoats, sports clothing, leisure clothing, children's clothing, and various daily necessities such as bags and suits, as well as various plastic p","Jiangxi Fujohn Garment Co., Ltd.",https://fujohn.en.made-in-china.com/,john@jxfujohn.com,+86 13906906018,https://md.expodat.com/companies/company/40576-fujohn.html,40576,"Jiangxi Fujohn Garment Co., Ltd. | Китай | 15B102 | Jiangxi Fujohn Garment CO.,LTD. Was registered and established by Fuzhou Fuyou Clothing Co., Ltd. In Ji'an, Jiangxi. It is a modern enterprise specializing in clothing production and foreign trade exports. The company's products mainly use fabrics such as PVC, PVC single-sided leather, PVC double-sided leather, nylon/PVC, PVC knitting, PVC/polyester, nylon/PU, EVA, PEVA, etc. To make various labor raincoats, sports clothing, leisure clothing, children's clothing, and various daily necessities such as bags and suits, as well as various plastic p | https://fujohn.en.made-in-china.com/ | john@jxfujohn.com",parsed_detail,,2026-08-24T05:45:15Z,cpm-moscow-autumn-2026-expodat-signo-v1.0.1,expodat_cpm_2026_autumn_public_catalog,c60174bc0332d64ae9ac471646adcde5f31f8689c3e254b4a10ed2695063f494,
CPM – Collection Première Moscow Осень 2026,1–4 сентября 2026,"Jiangxi LaiKing Industry and Trade Co., Ltd.","Jiangxi LaiKing Industry and Trade Co., Ltd.",одежда,Китай,,,15E76,,"Мода и стиль; женская, мужская и детская одежда; аксессуары; текстиль","JIANGXI LAIKING INDUSTRY & TRADE CO.,LTD BASED IN QINGYUNPU TOWN,NANCHANG CITY,JIANGXI PROVINCE, IS A MODERN GARMENT MANUFACTURER.IT UNDERTAKES CUSTOM DESIGN, PRODUCTION FOR FOREIGN TRENDY BRANDS, WITH A MONTHLY OUTPUT OF OVER 100,000 PIECES. OUR CORE BUSINESS IS OEM SUPPORTED BY A PROFEESIONAL SALES TEAM AND EXPERIENCED FACTORY WHICH OWNS 5000+M² AND 100+ EXPERIENCED WORKERS;ENABLING SMALL-ORDER OR LARGE ORDER WITH QUICK DELIVERY ,GREAT QUALITY AND FAST SHIPPING.","Jiangxi LaiKing Industry and Trade Co., Ltd.",http://www.jxlaiking.com,pavilion@jxlaiking.com,008618070039761,https://md.expodat.com/companies/company/40678-laiking.html,40678,"Jiangxi LaiKing Industry and Trade Co., Ltd. | Китай | 15E76 | JIANGXI LAIKING INDUSTRY & TRADE CO.,LTD BASED IN QINGYUNPU TOWN,NANCHANG CITY,JIANGXI PROVINCE, IS A MODERN GARMENT MANUFACTURER.IT UNDERTAKES CUSTOM DESIGN, PRODUCTION FOR FOREIGN TRENDY BRANDS, WITH A MONTHLY OUTPUT OF OVER 100,000 PIECES. OUR CORE BUSINESS IS OEM SUPPORTED BY A PROFEESIONAL SALES TEAM AND EXPERIENCED FACTORY WHICH OWNS 5000+M² AND 100+ EXPERIENCED WORKERS;ENABLING SMALL-ORDER OR LARGE ORDER WITH QUICK DELIVERY ,GREAT QUALITY AND FAST SHIPPING. | http://www.jxlaiking.com | pavilion@jxlaiking.com",parsed_detail,,2026-08-24T05:45:15Z,cpm-moscow-autumn-2026-expodat-signo-v1.0.1,expodat_cpm_2026_autumn_public_catalog,b7924f876ce5f9481008efdb762ba9af8769c4144ddf56c328486b8141e3c8e5,
CPM – Collection Première Moscow Осень 2026,1–4 сентября 2026,"Jiangyin Mingren Garment Co., Ltd","Jiangyin Mingren Garment Co., Ltd",одежда,Китай,,,15B96,,"Мода и стиль; женская, мужская и детская одежда; аксессуары; текстиль","Jiangyin Mingren Garment Co., Ltd. has been deeply rooted in the apparel industry for over 20 years. Through years of accumulated expertise, the company has established two production bases and five manufacturing plants across China, with an annual output of 15 million garments. Backed by a highly skilled technical team, a versatile and comprehensive design team, and efficient, flexible production workshops, we provide OEM and ODM services for enterprises and brands worldwide. We maintain long-term partnerships with leading domestic and interna","Jiangyin Mingren Garment Co., Ltd",http://www.mrfs.net.cn,332550152@qq.com,008618861617077,https://md.expodat.com/companies/company/40564-mono-realm.html,40564,"Jiangyin Mingren Garment Co., Ltd | Китай | 15B96 | Jiangyin Mingren Garment Co., Ltd. has been deeply rooted in the apparel industry for over 20 years. Through years of accumulated expertise, the company has established two production bases and five manufacturing plants across China, with an annual output of 15 million garments. Backed by a highly skilled technical team, a versatile and comprehensive design team, and efficient, flexible production workshops, we provide OEM and ODM services for enterprises and brands worldwide. We maintain long-term partnerships with leading domestic and interna | http://www.mrfs.net.cn | 332550152@qq.com",parsed_detail,,2026-08-24T05:45:15Z,cpm-moscow-autumn-2026-expodat-signo-v1.0.1,expodat_cpm_2026_autumn_public_catalog,d5e656a826ea44b453200d8441752bc57bc979a6f279aee8b9f2313c1d04e1d9,
CPM – Collection Première Moscow Осень 2026,1–4 сентября 2026,"JIAXING CHUANGYOU CLOTHING., LTD","Jiaxing Chuangyou Clothing., Ltd","одежда, аксессуары",Китай,,,15C71,,"Мода и стиль; женская, мужская и детская одежда; аксессуары; текстиль","Jiaxing Chuangyou Clothing Co., Ltd. is providing the design, production, and wholesale of cross-border sweaters, and we are focuses on online sales, with the support of small order quick return mode, we have accumulated many well-known domestic cross-border e-commerce customers, such as Shein, WildBerries, Amazon, Noon. We always believe in the three principles of trend oriented, quality based, and price driven sales, and hope to establish long-term and trusting cooperative relationships.","JIAXING CHUANGYOU CLOTHING., LTD",,ysm@ysmfs.com,008615958315658,https://md.expodat.com/companies/company/40600-chuangyou.html,40600,"JIAXING CHUANGYOU CLOTHING., LTD | Китай | 15C71 | Jiaxing Chuangyou Clothing Co., Ltd. is providing the design, production, and wholesale of cross-border sweaters, and we are focuses on online sales, with the support of small order quick return mode, we have accumulated many well-known domestic cross-border e-commerce customers, such as Shein, WildBerries, Amazon, Noon. We always believe in the three principles of trend oriented, quality based, and price driven sales, and hope to establish long-term and trusting cooperative relationships. | ysm@ysmfs.com",parsed_detail,,2026-08-24T05:45:15Z,cpm-moscow-autumn-2026-expodat-signo-v1.0.1,expodat_cpm_2026_autumn_public_catalog,5c529b448a544cae6d924ca2412f745d3762b28b8af2cc41f65eb1da2ffeacf7,
CPM – Collection Première Moscow Осень 2026,1–4 сентября 2026,JIAXING HOUBANG IMPORT&EXPORT CO.LTD.,Jiaxing Houbang Import&Export Co.Ltd.,одежда,Китай,,,14D83,,"Мода и стиль; женская, мужская и детская одежда; аксессуары; текстиль","-Jiaxing Houbang Import & Export Co., Ltd. Founded in 2014 and rooted in Honghe Town, Jiaxing—a renowned wool sweater production base in China—Jiaxing Houbang Import & Export Co., Ltd. has specialized in women's apparel, with sweaters as its core product. Sailing steadily in the fashion industry, the company has grown into an industry leader with an annual export volume of $50 million",JIAXING HOUBANG IMPORT&EXPORT CO.LTD.,,jessie@jxlangji.com,008613957365542,https://md.expodat.com/companies/company/40492-houbang.html,40492,"JIAXING HOUBANG IMPORT&EXPORT CO.LTD. | Китай | 14D83 | -Jiaxing Houbang Import & Export Co., Ltd. Founded in 2014 and rooted in Honghe Town, Jiaxing—a renowned wool sweater production base in China—Jiaxing Houbang Import & Export Co., Ltd. has specialized in women's apparel, with sweaters as its core product. Sailing steadily in the fashion industry, the company has grown into an industry leader with an annual export volume of $50 million | jessie@jxlangji.com",parsed_detail,,2026-08-24T05:45:15Z,cpm-moscow-autumn-2026-expodat-signo-v1.0.1,expodat_cpm_2026_autumn_public_catalog,f3af188f56fd8b462d79df442d88b7c657bf6668fc18cf247cfdc3daa2d290ee,
CPM – Collection Première Moscow Осень 2026,1–4 сентября 2026,"JIAXING JINGSHANG APPAREL CO., LTD","Jiaxing Jingshang Apparel Co., Ltd","текстиль и трикотаж, одежда",Китай,,,15A79,,"Мода и стиль; женская, мужская и детская одежда; аксессуары; текстиль","-JINGSHANG is a garment exporter as well as manufacturer with production plant based in Tongxiang city which is named as 'Silk City' in China. Our specialty is high fashion woven garments. We deal in all types of fabrics like Silk, Cotton, Linen, Woolen yarn etc. We cooperate well with our customers by meeting their diversified requirements and at competitive prices.","JIAXING JINGSHANG APPAREL CO., LTD",,jane@jingshangapparel.com,+86-13867390656,https://md.expodat.com/companies/company/40447-jingshang.html,40447,"JIAXING JINGSHANG APPAREL CO., LTD | Китай | 15A79 | -JINGSHANG is a garment exporter as well as manufacturer with production plant based in Tongxiang city which is named as 'Silk City' in China. Our specialty is high fashion woven garments. We deal in all types of fabrics like Silk, Cotton, Linen, Woolen yarn etc. We cooperate well with our customers by meeting their diversified requirements and at competitive prices. | jane@jingshangapparel.com",parsed_detail,,2026-08-24T05:45:15Z,cpm-moscow-autumn-2026-expodat-signo-v1.0.1,expodat_cpm_2026_autumn_public_catalog,9ee4d34cd3b9cfa85d38c03634d2182e68d7f8a413d499155280f2e4fa2e0323,
CPM – Collection Première Moscow Осень 2026,1–4 сентября 2026,"JIAXING JOZOOM APPAREL CO.,LTD","Jiaxing Jozoom Apparel Co.,Ltd",одежда,Китай,,,15F43,,"Мода и стиль; женская, мужская и детская одежда; аксессуары; текстиль","JIAXING JOZOOM APPAREL CO.,LTD","JIAXING JOZOOM APPAREL CO.,LTD",,,+7 495 955 91 99,https://md.expodat.com/companies/company/41341-jiaxing-jozoom-apparel-co-ltd.html,41341,"JIAXING JOZOOM APPAREL CO.,LTD | Китай | 15F43 | JIAXING JOZOOM APPAREL CO.,LTD",parsed_detail,,2026-08-24T05:45:15Z,cpm-moscow-autumn-2026-expodat-signo-v1.0.1,expodat_cpm_2026_autumn_public_catalog,86c67c396bd14eb435b9ee820e7dcb27349c86e2ce43a6f2fa162ea3b9d6a706,
CPM – Collection Première Moscow Осень 2026,1–4 сентября 2026,"JIAXING LANGJI IMPORT & EXPORT CO., LTD.","Jiaxing Langji Import & Export Co., Ltd.",одежда,Китай,,,14G111,,"Мода и стиль; женская, мужская и детская одежда; аксессуары; текстиль","Founded in 2014 and rooted in Honghe Town, Jiaxing—a renowned wool sweater production base in China—Jiaxing Langji Import & Export Co., Ltd. has specialized in women's apparel, with sweaters as its core product. Sailing steadily in the fashion industry, the company has grown into an industry leader with an annual export volume of $50 million. The company regards innovative design as its core driving force, launching over a thousand new clothing styles annually to meet the diverse needs of global markets. In material selection, craftsmanship, an","JIAXING LANGJI IMPORT & EXPORT CO., LTD.",,luckyus8719@163.com,008619858188281,https://md.expodat.com/companies/company/40501-vanguard.html,40501,"JIAXING LANGJI IMPORT & EXPORT CO., LTD. | Китай | 14G111 | Founded in 2014 and rooted in Honghe Town, Jiaxing—a renowned wool sweater production base in China—Jiaxing Langji Import & Export Co., Ltd. has specialized in women's apparel, with sweaters as its core product. Sailing steadily in the fashion industry, the company has grown into an industry leader with an annual export volume of $50 million. The company regards innovative design as its core driving force, launching over a thousand new clothing styles annually to meet the diverse needs of global markets. In material selection, craftsmanship, an | luckyus8719@163.com",parsed_detail,,2026-08-24T05:45:15Z,cpm-moscow-autumn-2026-expodat-signo-v1.0.1,expodat_cpm_2026_autumn_public_catalog,3615feb80d1edf3d6443cbc5adcafa13a1084d2f9870595ebc6214d46f55746a,
CPM – Collection Première Moscow Осень 2026,1–4 сентября 2026,"JIAXING LAYO IMP&EXP GROUP CO.,LTD","Jiaxing Layo Imp&Exp Group Co.,Ltd","одежда, аксессуары",Китай,,,15E48,,"Мода и стиль; женская, мужская и детская одежда; аксессуары; текстиль",,"JIAXING LAYO IMP&EXP GROUP CO.,LTD",http://WWW.LAYOGROUP.COM,,+7 495 955 91 99,https://md.expodat.com/companies/company/35085-jiaxing-layo-imp-exp-group-co-ltd.html,35085,"JIAXING LAYO IMP&EXP GROUP CO.,LTD | Китай | 15E48 | http://WWW.LAYOGROUP.COM",parsed_detail,,2026-08-24T05:45:15Z,cpm-moscow-autumn-2026-expodat-signo-v1.0.1,expodat_cpm_2026_autumn_public_catalog,63a8efb1c6f272f0004f7fbdf0dfd18b00bc4c62a35857dc4f67fe5d5920dab9,
CPM – Collection Première Moscow Осень 2026,1–4 сентября 2026,"JIAXING LAYO IMP.& EXP.GROUP CO., LTD","Jiaxing Layo Imp.& Exp.Group Co., Ltd","изделия из кожи и меха, текстиль и трикотаж, одежда",Китай,,,15F80-15F88,,"Мода и стиль; женская, мужская и детская одежда; аксессуары; текстиль","Founded in 1984, Jiaxing LAYO Group has a registered capital of 110 million RMB. It is a comprehensive enterprise focusing on import and export trade, also covering domestic trade, industrial investment and industrial park operation. We supply a wide range of products including apparel, luggage, textile fabrics, garden furniture, sporting goods, home electronics and hardware machinery. Our clients are from over 100 countries worldwide with long-term partnerships with famous global brands. The 2025 import and export volume reached 300 million U","JIAXING LAYO IMP.& EXP.GROUP CO., LTD",,zml@layogroup.com,008613606837188,https://md.expodat.com/companies/company/26038-layo.html,26038,"JIAXING LAYO IMP.& EXP.GROUP CO., LTD | Китай | 15F80-15F88 | Founded in 1984, Jiaxing LAYO Group has a registered capital of 110 million RMB. It is a comprehensive enterprise focusing on import and export trade, also covering domestic trade, industrial investment and industrial park operation. We supply a wide range of products including apparel, luggage, textile fabrics, garden furniture, sporting goods, home electronics and hardware machinery. Our clients are from over 100 countries worldwide with long-term partnerships with famous global brands. The 2025 import and export volume reached 300 million U | zml@layogroup.com",parsed_detail,,2026-08-24T05:45:15Z,cpm-moscow-autumn-2026-expodat-signo-v1.0.1,expodat_cpm_2026_autumn_public_catalog,5e5f5e65a054737d64025400972f424d22e683fac725686842da5045f1526c33,
CPM – Collection Première Moscow Осень 2026,1–4 сентября 2026,"JIAXING NEWBRIDGE IMP.&EXP.CO., LTD.","Jiaxing Newbridge Imp.&Exp.Co., Ltd.","одежда, аксессуары",,,,15E75,,"Мода и стиль; женская, мужская и детская одежда; аксессуары; текстиль",,"JIAXING NEWBRIDGE IMP.&EXP.CO., LTD.",http://www.imagstyle.com,diana@imagstyle.com,+86 13857320676,https://md.expodat.com/companies/company/40702-imagstyle.html,40702,"JIAXING NEWBRIDGE IMP.&EXP.CO., LTD. | 15E75 | http://www.imagstyle.com | diana@imagstyle.com",parsed_detail,,2026-08-24T05:45:15Z,cpm-moscow-autumn-2026-expodat-signo-v1.0.1,expodat_cpm_2026_autumn_public_catalog,88d2d64eba4ed806b2c859a24b2129d87bbcebf38ea885a87bf9aa5551868c1f,
CPM – Collection Première Moscow Осень 2026,1–4 сентября 2026,"JIAXING QUANHUI IMPORT&EXPORT TRADE CO., LTD.","Jiaxing Quanhui Import&Export Trade Co., Ltd.","аксессуары, текстиль и трикотаж, одежда",Китай,,,14D83,,"Мода и стиль; женская, мужская и детская одежда; аксессуары; текстиль","Jiaxing QuanHui Import and Export Trade Co., Ltd. was established on July 29, 2024. The company's business scope includes general projects: import and export of goods; wholesale of clothing and apparel; sale of garment accessories; online sales (excluding products requiring licensing); sale of textile and knitted goods; sale of textile and knitted materials and raw materials; retail of arts, crafts, and collectibles (excluding ivory and its products); wholesale of arts, crafts, and collectibles (excluding ivory and its products); and sale of a","JIAXING QUANHUI IMPORT&EXPORT TRADE CO., LTD.",,dana@cohesiongarment.com,+8615257290082,https://md.expodat.com/companies/company/40489-quanhui.html,40489,"JIAXING QUANHUI IMPORT&EXPORT TRADE CO., LTD. | Китай | 14D83 | Jiaxing QuanHui Import and Export Trade Co., Ltd. was established on July 29, 2024. The company's business scope includes general projects: import and export of goods; wholesale of clothing and apparel; sale of garment accessories; online sales (excluding products requiring licensing); sale of textile and knitted goods; sale of textile and knitted materials and raw materials; retail of arts, crafts, and collectibles (excluding ivory and its products); wholesale of arts, crafts, and collectibles (excluding ivory and its products); and sale of a | dana@cohesiongarment.com",parsed_detail,,2026-08-24T05:45:15Z,cpm-moscow-autumn-2026-expodat-signo-v1.0.1,expodat_cpm_2026_autumn_public_catalog,9224b15853d3689bf7be348cbdfa4ae7cc6cd2d3f42ad32e6886d3930dc59ade,
CPM – Collection Première Moscow Осень 2026,1–4 сентября 2026,"Jiaxing Rantong Garment Co., Ltd.","Jiaxing Rantong Garment Co., Ltd.",одежда,Китай,,,15C80,,"Мода и стиль; женская, мужская и детская одежда; аксессуары; текстиль","Предприятие оснащено полным комплексом производственных линий и системой быстрого реагирования, предоставляем услуги OEM/ODM и гибкой индивидуальной кастомизации. Наши основные принципы – безупречное качество изготовления и своевременная поставка. Мы стремимся стать надежным партнером по цепочке поставок одежды для вас.","Jiaxing Rantong Garment Co., Ltd.",,rantong99zhr@163.com,+7 495 955 91 99,https://md.expodat.com/companies/company/40894-jiaxing-rantong-garment-co-ltd.html,40894,"Jiaxing Rantong Garment Co., Ltd. | Китай | 15C80 | Предприятие оснащено полным комплексом производственных линий и системой быстрого реагирования, предоставляем услуги OEM/ODM и гибкой индивидуальной кастомизации. Наши основные принципы – безупречное качество изготовления и своевременная поставка. Мы стремимся стать надежным партнером по цепочке поставок одежды для вас. | rantong99zhr@163.com",parsed_detail,,2026-08-24T05:45:15Z,cpm-moscow-autumn-2026-expodat-signo-v1.0.1,expodat_cpm_2026_autumn_public_catalog,05a60ee2ea0d724c718b65a22faa7fc380141bf9b235d28aabaebe74f1c88c7e,
CPM – Collection Première Moscow Осень 2026,1–4 сентября 2026,"JIAXING SHENRAN TRADING CO., LTD.","Jiaxing Shenran Trading Co., Ltd.","одежда, аксессуары",Китай,,,15E35,,"Мода и стиль; женская, мужская и детская одежда; аксессуары; текстиль","JIAXING SHENRAN TRADING CO., LTD.","JIAXING SHENRAN TRADING CO., LTD.",,,+7 495 955 91 99,https://md.expodat.com/companies/company/41182-jiaxing-shenran-trading-co-ltd.html,41182,"JIAXING SHENRAN TRADING CO., LTD. | Китай | 15E35 | JIAXING SHENRAN TRADING CO., LTD.",parsed_detail,,2026-08-24T05:45:15Z,cpm-moscow-autumn-2026-expodat-signo-v1.0.1,expodat_cpm_2026_autumn_public_catalog,9491c6493c51b530cd483cc1b1567361d64d58b24aba49a873194ace86b01a76,
CPM – Collection Première Moscow Осень 2026,1–4 сентября 2026,Jiaxing Shuhu Garment,Jiaxing Shuhu Garment,одежда,Китай,,,14D82,,"Мода и стиль; женская, мужская и детская одежда; аксессуары; текстиль","Jiaxing Shuhu Garment Co.,Ltd",Jiaxing Shuhu Garment,,,+7 495 955 91 99,https://md.expodat.com/companies/company/40852-jiaxing-shuhu-garment.html,40852,"Jiaxing Shuhu Garment | Китай | 14D82 | Jiaxing Shuhu Garment Co.,Ltd",parsed_detail,,2026-08-24T05:45:15Z,cpm-moscow-autumn-2026-expodat-signo-v1.0.1,expodat_cpm_2026_autumn_public_catalog,3ffa5a873b639279b690a387a5a8770caa05bb7552cc5a66f7a12ef117a33b24,
CPM – Collection Première Moscow Осень 2026,1–4 сентября 2026,"JIAXING SKY FASHION CO., LTD.","Jiaxing Sky Fashion Co., Ltd.","текстиль и трикотаж, одежда",Китай,,,15D71,,"Мода и стиль; женская, мужская и детская одежда; аксессуары; текстиль","Jiaxing Sky Fashion Co.,Ltd is established in 1994. Located at JIAXING city. Which has a professional design team which include new fabric design department, fabric inspection department, washing inspection department, finished garment inspection department to ensure the novelty and quality . The principle of our design is creative, improve and new.","JIAXING SKY FASHION CO., LTD.",,toni@skyfashion-jx.com,008618257391008,https://md.expodat.com/companies/company/40636-sky-fashion.html,40636,"JIAXING SKY FASHION CO., LTD. | Китай | 15D71 | Jiaxing Sky Fashion Co.,Ltd is established in 1994. Located at JIAXING city. Which has a professional design team which include new fabric design department, fabric inspection department, washing inspection department, finished garment inspection department to ensure the novelty and quality . The principle of our design is creative, improve and new. | toni@skyfashion-jx.com",parsed_detail,,2026-08-24T05:45:15Z,cpm-moscow-autumn-2026-expodat-signo-v1.0.1,expodat_cpm_2026_autumn_public_catalog,27387bb4a9bc524e0418e183bf2f69592b45cfc882c9822dfe90032c88a10ade,
CPM – Collection Première Moscow Осень 2026,1–4 сентября 2026,"JIAXING TIMFORT TRADING CO.,LTD","Jiaxing Timfort Trading Co.,Ltd","одежда, аксессуары",Китай,,,15F45,,"Мода и стиль; женская, мужская и детская одежда; аксессуары; текстиль","JIAXING TIMFORT TRADING CO.,LTD","JIAXING TIMFORT TRADING CO.,LTD",,,+7 495 955 91 99,https://md.expodat.com/companies/company/41347-jiaxing-timfort-trading-co-ltd.html,41347,"JIAXING TIMFORT TRADING CO.,LTD | Китай | 15F45 | JIAXING TIMFORT TRADING CO.,LTD",parsed_detail,,2026-08-24T05:45:15Z,cpm-moscow-autumn-2026-expodat-signo-v1.0.1,expodat_cpm_2026_autumn_public_catalog,944a2eff54b8e5e8a0b083bc5230d03bfc62f5f3a344069fdecf5b1054e71691,
CPM – Collection Première Moscow Осень 2026,1–4 сентября 2026,"JIAXING WELLDONE TRADE CO.,LTD","Jiaxing Welldone Trade Co.,Ltd","одежда, аксессуары",Китай,,,15F39,,"Мода и стиль; женская, мужская и детская одежда; аксессуары; текстиль","JIAXING WELLDONE TRADE CO.,LTD","JIAXING WELLDONE TRADE CO.,LTD",,,+7 495 955 91 99,https://md.expodat.com/companies/company/41329-jiaxing-welldone-trade-co-ltd.html,41329,"JIAXING WELLDONE TRADE CO.,LTD | Китай | 15F39 | JIAXING WELLDONE TRADE CO.,LTD",parsed_detail,,2026-08-24T05:45:15Z,cpm-moscow-autumn-2026-expodat-signo-v1.0.1,expodat_cpm_2026_autumn_public_catalog,41942f307734a92e37328747139cbe71c65d16acd064c0d879d547054d058868,
CPM – Collection Première Moscow Осень 2026,1–4 сентября 2026,"JIAXING XIEJIA APPAREL CO., LTD.","Jiaxing Xiejia Apparel Co., Ltd.",одежда,Китай,,,15E41,,"Мода и стиль; женская, мужская и детская одежда; аксессуары; текстиль","JIAXING XIEJIA APPAREL CO., LTD.","JIAXING XIEJIA APPAREL CO., LTD.",,,+7 495 955 91 99,https://md.expodat.com/companies/company/41200-jiaxing-xiejia-apparel-co-ltd.html,41200,"JIAXING XIEJIA APPAREL CO., LTD. | Китай | 15E41 | JIAXING XIEJIA APPAREL CO., LTD.",parsed_detail,,2026-08-24T05:45:15Z,cpm-moscow-autumn-2026-expodat-signo-v1.0.1,expodat_cpm_2026_autumn_public_catalog,02a98da4e1ffbd2e29864cec0191204ec09a5e3df1858b71e0ea62b1b802a746,
CPM – Collection Première Moscow Осень 2026,1–4 сентября 2026,"JIAXING XIUZHOU YUJIA INTERNATIONAL TRADING CO., LTD","Jiaxing Xiuzhou Yujia International Trading Co., Ltd","одежда, аксессуары",Китай,,,14E79,,"Мода и стиль; женская, мужская и детская одежда; аксессуары; текстиль",,"JIAXING XIUZHOU YUJIA INTERNATIONAL TRADING CO., LTD",,514178749@qq.com,008618605106565,https://md.expodat.com/companies/company/40495-xizhou.html,40495,"JIAXING XIUZHOU YUJIA INTERNATIONAL TRADING CO., LTD | Китай | 14E79 | 514178749@qq.com",parsed_detail,,2026-08-24T05:45:15Z,cpm-moscow-autumn-2026-expodat-signo-v1.0.1,expodat_cpm_2026_autumn_public_catalog,06d8e970b6b875ade4a6533e1920f09d9a4e88a314471f583aa5b8569cb35d41,
CPM – Collection Première Moscow Осень 2026,1–4 сентября 2026,"JIAXING ZHIYUAN IMP&EXP CO., LTD","Jiaxing Zhiyuan Imp&Exp Co., Ltd","одежда, аксессуары",Китай,,,15C65,,"Мода и стиль; женская, мужская и детская одежда; аксессуары; текстиль","JIAXING ZHIYUAN IMP&EXP CO., LTD","JIAXING ZHIYUAN IMP&EXP CO., LTD",,,+7 495 955 91 99,https://md.expodat.com/companies/company/41062-jiaxing-zhiyuan-imp-exp-co-ltd.html,41062,"JIAXING ZHIYUAN IMP&EXP CO., LTD | Китай | 15C65 | JIAXING ZHIYUAN IMP&EXP CO., LTD",parsed_detail,,2026-08-24T05:45:15Z,cpm-moscow-autumn-2026-expodat-signo-v1.0.1,expodat_cpm_2026_autumn_public_catalog,a0544af460262760694b1cd7b4d1529646678fa0da79644a2a69c84465e8bc51,
CPM – Collection Première Moscow Осень 2026,1–4 сентября 2026,"Jiaxing Zuoqi Apparel Technology Co., Ltd.","Jiaxing Zuoqi Apparel Technology Co., Ltd.","текстиль и трикотаж, одежда",Китай,,,15E88,,"Мода и стиль; женская, мужская и детская одежда; аксессуары; текстиль","Основная линейка нашей продукции включает женские шерстяные пальто, кашемировые верхние пальто и модные утепленные куртки на вате. Мы осуществляем полный комплекс услуг: самостоятельная разработка дизайна, создание образцов, массовое производство и индивидуальное обслуживание по схемам OEM/ODM. Основная линейка нашей продукции включает женские шерстяные пальто, кашемировые верхние пальто и модные утепленные куртки на вате. Мы осуществляем полный комплекс услуг: самостоятельная разработка дизайна, создание образцов, массовое производство и индивидуальное обслуживание по схемам OEM/ODM. Мы досконально знаем особенности российского рынка: стандартные размеры, требования к теплоизоляции тканей и предпочтения покупателей по фасонам. Мы предлагаем гибкие условия оформления заказов: небольшие пробные партии для тестирования новых моделей и крупные оптовые поставки для оптовиков и розничных продавцов. .Благодаря полному производственному циклу и строгой системе контроля качества мы гарантируем нашим российским партнерам стабильные сроки отгрузки и неизменно высокое качество готовой продукции. Мы искренне надеемся на установление долгосрочного взаимовыгодного сотрудничества с российскими дистрибьюторами одежды, владельцами бутиков и сетевых магазинов.","Jiaxing Zuoqi Apparel Technology Co., Ltd.",,jxzxfskjlv@yandex.com,+7 495 955 91 99,https://md.expodat.com/companies/company/40927-jiaxing-zuoqi-apparel-technology-co-ltd.html,40927,"Jiaxing Zuoqi Apparel Technology Co., Ltd. | Китай | 15E88 | Основная линейка нашей продукции включает женские шерстяные пальто, кашемировые верхние пальто и модные утепленные куртки на вате. Мы осуществляем полный комплекс услуг: самостоятельная разработка дизайна, создание образцов, массовое производство и индивидуальное обслуживание по схемам OEM/ODM. Основная линейка нашей продукции включает женские шерстяные пальто, кашемировые верхние пальто и модные утепленные куртки на вате. Мы осуществляем полный комплекс услуг: самостоятельная разработка дизайна, создание образцов, массовое производство и индивидуальное обслуживание по схемам OEM/ODM. Мы досконально знаем особенности российского рынка: стандартные размеры, требования к теплоизоляции тканей и предпочтения покупателей по фасонам. Мы предлагаем гибкие условия оформления заказов: небольшие пробные партии для тестирования новых моделей и крупные оптовые поставки для оптовиков и розничных продавцов. .Благодаря полному производственному циклу и строгой системе контроля качества мы гарантируем нашим российским партнерам стабильные сроки отгрузки и неизменно высокое качество готовой продукции. Мы искренне надеемся на установление ",parsed_detail,,2026-08-24T05:45:15Z,cpm-moscow-autumn-2026-expodat-signo-v1.0.1,expodat_cpm_2026_autumn_public_catalog,fc1232a7c4e9779805413793006d58829309bc15062ef6ecc567c445ac810b1b,
CPM – Collection Première Moscow Осень 2026,1–4 сентября 2026,JIAYE GARMENT ACCESSORIES,Jiaye Garment Accessories,"аксессуары, одежда",Китай,,,14F61,,"Мода и стиль; женская, мужская и детская одежда; аксессуары; текстиль","Компания Jiaye является профессиональным поставщиком бумажных и матерчатых бирок для одежды, упаковочных мешков, 21 - летний опыт работы в печати, имеет свою собственную фабрику бирок и упаковочных мешков. ✅ Этикетки ✅ Коробки ✅ Бирки ✅ Пакеты ✅ Зип пакеты ✅ Упаковка",JIAYE GARMENT ACCESSORIES,https://jiayelabel.ru/,jiaye_label@163.com; dunyushkinvv@yandex.ru,+79680019819,https://md.expodat.com/companies/company/27568-jiaye-garment-accessories.html,27568,"JIAYE GARMENT ACCESSORIES | Китай | 14F61 | Компания Jiaye является профессиональным поставщиком бумажных и матерчатых бирок для одежды, упаковочных мешков, 21 - летний опыт работы в печати, имеет свою собственную фабрику бирок и упаковочных мешков. ✅ Этикетки ✅ Коробки ✅ Бирки ✅ Пакеты ✅ Зип пакеты ✅ Упаковка | https://jiayelabel.ru/ | jiaye_label@163.com; dunyushkinvv@yandex.ru",parsed_detail,,2026-08-24T05:45:15Z,cpm-moscow-autumn-2026-expodat-signo-v1.0.1,expodat_cpm_2026_autumn_public_catalog,644e7187cf330accc37eab29a2a0accfbc8f29877fe855d3b2b42b27ecc27a8d,
CPM – Collection Première Moscow Осень 2026,1–4 сентября 2026,JIAYE LABEL,Jiaye Label,"одежда, аксессуары",Китай,,,14F61,,"Мода и стиль; женская, мужская и детская одежда; аксессуары; текстиль",,JIAYE LABEL,,,+7 495 955 91 99,https://md.expodat.com/companies/company/40432-jiaye-label.html,40432,JIAYE LABEL | Китай | 14F61,parsed_detail,,2026-08-24T05:45:15Z,cpm-moscow-autumn-2026-expodat-signo-v1.0.1,expodat_cpm_2026_autumn_public_catalog,6a5b2c684ecbbe385cbee7dc6db3d67dbe3314ba0dd685668200210d352fb8e3,
CPM – Collection Première Moscow Осень 2026,1–4 сентября 2026,JINJIANG CHAOYU TEXTILE TECHNOLOGY CO.，LTD.,Jinjiang Chaoyu Textile Technology Co.，Ltd.,"одежда, аксессуары",Китай,,,13F50,,"Мода и стиль; женская, мужская и детская одежда; аксессуары; текстиль",JINJIANG CHAOYU TEXTILE TECHNOLOGY CO.LTD,JINJIANG CHAOYU TEXTILE TECHNOLOGY CO.，LTD.,,,+7 495 955 91 99,https://md.expodat.com/companies/company/40945-jinjiang-chaoyu-textile-technology-co-ltd.html,40945,JINJIANG CHAOYU TEXTILE TECHNOLOGY CO.，LTD. | Китай | 13F50 | JINJIANG CHAOYU TEXTILE TECHNOLOGY CO.LTD,parsed_detail,,2026-08-24T05:45:15Z,cpm-moscow-autumn-2026-expodat-signo-v1.0.1,expodat_cpm_2026_autumn_public_catalog,1d82e4bb2f8a51132c65137b57771666b4083cbbea3691220e92cc3fdfb1a698,
CPM – Collection Première Moscow Осень 2026,1–4 сентября 2026,"JINJIANG FANMI INTERNATIONAL TRADE CO.,LTD.","Jinjiang Fanmi International Trade Co.,Ltd.","одежда, аксессуары",Китай,,,13E59,,"Мода и стиль; женская, мужская и детская одежда; аксессуары; текстиль","JINJIANG FANMI INTERNATIONAL TRADE CO.,LTD.","JINJIANG FANMI INTERNATIONAL TRADE CO.,LTD.",,,+7 495 955 91 99,https://md.expodat.com/companies/company/40939-jinjiang-fanmi-international-trade-co-ltd.html,40939,"JINJIANG FANMI INTERNATIONAL TRADE CO.,LTD. | Китай | 13E59 | JINJIANG FANMI INTERNATIONAL TRADE CO.,LTD.",parsed_detail,,2026-08-24T05:45:15Z,cpm-moscow-autumn-2026-expodat-signo-v1.0.1,expodat_cpm_2026_autumn_public_catalog,97d875af5c59b275d3b9b17fe13a27f828648a0b497fcd83329dd3b9127e20de,
CPM – Collection Première Moscow Осень 2026,1–4 сентября 2026,"JINJIANG JIAYUAN GARMENTURE KNIT CO.,LTD.","Jinjiang Jiayuan Garmenture Knit Co.,Ltd.","текстиль и трикотаж, одежда",Китай,,,15F10,,"Мода и стиль; женская, мужская и детская одежда; аксессуары; текстиль","JINJIANG JIAYUAN GARMENTURE KNIT CO.,LTD.","JINJIANG JIAYUAN GARMENTURE KNIT CO.,LTD.",,,+7 495 955 91 99,https://md.expodat.com/companies/company/41263-jinjiang-jiayuan-garmenture-knit-co-ltd.html,41263,"JINJIANG JIAYUAN GARMENTURE KNIT CO.,LTD. | Китай | 15F10 | JINJIANG JIAYUAN GARMENTURE KNIT CO.,LTD.",parsed_detail,,2026-08-24T05:45:15Z,cpm-moscow-autumn-2026-expodat-signo-v1.0.1,expodat_cpm_2026_autumn_public_catalog,ca402d059b01eafe71d9444426956e112e800f613e06e7c8d05d17f7aa0c22c2,
CPM – Collection Première Moscow Осень 2026,1–4 сентября 2026,"JINJIANG SHENHU HONGREN KNITTING GARMENT CO., LTD","Jinjiang Shenhu Hongren Knitting Garment Co., Ltd","нижнее белье и пляжная одежда, текстиль и трикотаж, одежда",,,,13B62,,"Мода и стиль; женская, мужская и детская одежда; аксессуары; текстиль","Наша компания была основана в 1989 году и более тридцати лет успешно работает в индустрии нижнего белья. На предприятии сформирована стабильная команда опытных рабочих, что позволяет эффективно выполнять разнообразные заказы. Сочетание опытных техников и команды молодых дизайнеров позволяет нам предоставлять двойные услуги: OEM‑производство под чужой маркой и ODM‑разработку и изготовление продукции по индивидуальному заказу. Компания обладает научно‑техническим потенциалом в области разработки тканей и способна самостоятельно создавать нов","JINJIANG SHENHU HONGREN KNITTING GARMENT CO., LTD",http://www.hongrenwear.com,jaycai@chinahongren.com.cn,0086 13599103366,https://md.expodat.com/companies/company/40708-shenhu.html,40708,"JINJIANG SHENHU HONGREN KNITTING GARMENT CO., LTD | 13B62 | Наша компания была основана в 1989 году и более тридцати лет успешно работает в индустрии нижнего белья. На предприятии сформирована стабильная команда опытных рабочих, что позволяет эффективно выполнять разнообразные заказы. Сочетание опытных техников и команды молодых дизайнеров позволяет нам предоставлять двойные услуги: OEM‑производство под чужой маркой и ODM‑разработку и изготовление продукции по индивидуальному заказу. Компания обладает научно‑техническим потенциалом в области разработки тканей и способна самостоятельно создавать нов | http://www.hongrenwear.com | jaycai@chinahongren.com.cn",parsed_detail,,2026-08-24T05:45:15Z,cpm-moscow-autumn-2026-expodat-signo-v1.0.1,expodat_cpm_2026_autumn_public_catalog,99a635dfd40109dcc53e9c3a5e89e2a248dac56c5d0ec64c87ac61610ff755b6,
CPM – Collection Première Moscow Осень 2026,1–4 сентября 2026,Jinjiang Wancheng Garments Co. Ltd,Jinjiang Wancheng Garments Co. Ltd,одежда,Китай,,,15D81,,"Мода и стиль; женская, мужская и детская одежда; аксессуары; текстиль","2.JJWC has nearly 25 years of professional garment manufacturing experience. Our factory covers 26,000 square meters and is equipped with 2 workshops, 8 production lines, and over 300 multi-functional machines. We have a stable workforce of more than 280 employees, most of whom are highly skilled workers with extensive production experience. Their expertise in diverse garment styles and complex craftsmanship ensures consistent quality and efficient production.",Jinjiang Wancheng Garments Co. Ltd,,miloli@jjwancheng.com,+7 495 955 91 99,https://md.expodat.com/companies/company/40900-jinjiang-wancheng-garments-co-ltd.html,40900,"Jinjiang Wancheng Garments Co. Ltd | Китай | 15D81 | 2.JJWC has nearly 25 years of professional garment manufacturing experience. Our factory covers 26,000 square meters and is equipped with 2 workshops, 8 production lines, and over 300 multi-functional machines. We have a stable workforce of more than 280 employees, most of whom are highly skilled workers with extensive production experience. Their expertise in diverse garment styles and complex craftsmanship ensures consistent quality and efficient production. | miloli@jjwancheng.com",parsed_detail,,2026-08-24T05:45:15Z,cpm-moscow-autumn-2026-expodat-signo-v1.0.1,expodat_cpm_2026_autumn_public_catalog,b45596c26b7158f5b92e0cca5b9fc69dda169e1536ff98c2005d7de86c0ab94b,
CPM – Collection Première Moscow Осень 2026,1–4 сентября 2026,"JINJIANG YU HAO DUDS WEAVING CO.,LTD","Jinjiang Yu Hao Duds Weaving Co.,Ltd","одежда, аксессуары",Китай,,,14C60,,"Мода и стиль; женская, мужская и детская одежда; аксессуары; текстиль","JINJIANG YU HAO DUDS WEAVING CO.,LTD","JINJIANG YU HAO DUDS WEAVING CO.,LTD",,,+7 495 955 91 99,https://md.expodat.com/companies/company/40948-jinjiang-yu-hao-duds-weaving-co-ltd.html,40948,"JINJIANG YU HAO DUDS WEAVING CO.,LTD | Китай | 14C60 | JINJIANG YU HAO DUDS WEAVING CO.,LTD",parsed_detail,,2026-08-24T05:45:15Z,cpm-moscow-autumn-2026-expodat-signo-v1.0.1,expodat_cpm_2026_autumn_public_catalog,5a86e3649915a85f979b7897a54d11ea0d683eb778cc66dc6095a9e4116e2354,
CPM – Collection Première Moscow Осень 2026,1–4 сентября 2026,"JIUHE CLOTHING CO., LTD.","Jiuhe Clothing Co., Ltd.",одежда,Китай,,,"15A86, 15A88",,"Мода и стиль; женская, мужская и детская одежда; аксессуары; текстиль","JIUHE CLOTHING, est.2008 in Zhongshan, China. BSCI, OCS, RCS certified. 9,800+ m² factory (sewing & washing). 150K units/month. Denim & woven: jeans, jackets, shirts, skirts, dresses, corduroy, workwear. OEM/ODM: pattern to packaging. Markets: Europe, Americas, Australia, Russia. Denim Made Better.","JIUHE CLOTHING CO., LTD.",http://www.jiuhedenim.com,yancie@jiuhegarment.com,+8615150576095,https://md.expodat.com/companies/company/40531-jiuhe.html,40531,"JIUHE CLOTHING CO., LTD. | Китай | 15A86, 15A88 | JIUHE CLOTHING, est.2008 in Zhongshan, China. BSCI, OCS, RCS certified. 9,800+ m² factory (sewing & washing). 150K units/month. Denim & woven: jeans, jackets, shirts, skirts, dresses, corduroy, workwear. OEM/ODM: pattern to packaging. Markets: Europe, Americas, Australia, Russia. Denim Made Better. | http://www.jiuhedenim.com | yancie@jiuhegarment.com",parsed_detail,,2026-08-24T05:45:15Z,cpm-moscow-autumn-2026-expodat-signo-v1.0.1,expodat_cpm_2026_autumn_public_catalog,f366ab01976fe9ae0178dc9e783bb92580d1efa9827688b5301e21e20b85a314,
CPM – Collection Première Moscow Осень 2026,1–4 сентября 2026,JOLIDON,Jolidon,"одежда, аксессуары",,,,13C62,,"Мода и стиль; женская, мужская и детская одежда; аксессуары; текстиль",,JOLIDON,,,+7 495 955 91 99,https://md.expodat.com/companies/company/39851-jolidon.html,39851,JOLIDON | 13C62,parsed_detail,,2026-08-24T05:45:15Z,cpm-moscow-autumn-2026-expodat-signo-v1.0.1,expodat_cpm_2026_autumn_public_catalog,dff350fb8bd5d369afba8df3198bd9d03d09d7767376e897bb73a8e11cbe7ba3,
CPM – Collection Première Moscow Осень 2026,1–4 сентября 2026,JULIAKISELEVA,Juliakiseleva,"одежда, аксессуары",Россия,,,15B63,,"Мода и стиль; женская, мужская и детская одежда; аксессуары; текстиль","JULIAKISELEVA — модный дом об индивидуальном стиле. Мы создаём изделия, которые подстраиваются под человека, а не наоборот. Модный дом JULIAKISELEVA работает с идеей «удобной моды» — гардероба, в котором классика и актуальные тенденции органично сосуществуют. JULIAKISELEVA — модный дом об индивидуальном стиле. Мы создаём изделия, которые подстраиваются под человека, а не наоборот. Модный дом JULIAKISELEVA работает с идеей «удобной моды» — гардероба, в котором классика и актуальные тенденции органично сосуществуют. Для нас важно, чтобы изделия жили дольше одного сезона. Мы думаем не только о первом впечатлении, но и о том, как вам будет в них через год и позже. Поэтому в основе — качественные материалы, продуманная конструкция и внимательная работа с посадкой. Мы верим, что стиль начинается с внутреннего состояния. Уникальность, любовь к себе, принятие и вера в себя — фундамент нашего подхода. Изделия JULIAKISELEVA помогают подчеркнуть характер, а не спрятать его.",JULIAKISELEVA,https://juliakiseleva.com/,info@juliakiseleva.com,+79779952135,https://md.expodat.com/companies/company/40275-juliakiseleva.html,40275,"JULIAKISELEVA | Россия | 15B63 | JULIAKISELEVA — модный дом об индивидуальном стиле. Мы создаём изделия, которые подстраиваются под человека, а не наоборот. Модный дом JULIAKISELEVA работает с идеей «удобной моды» — гардероба, в котором классика и актуальные тенденции органично сосуществуют. JULIAKISELEVA — модный дом об индивидуальном стиле. Мы создаём изделия, которые подстраиваются под человека, а не наоборот. Модный дом JULIAKISELEVA работает с идеей «удобной моды» — гардероба, в котором классика и актуальные тенденции органично сосуществуют. Для нас важно, чтобы изделия жили дольше одного сезона. Мы думаем не только о первом впечатлении, но и о том, как вам будет в них через год и позже. Поэтому в основе — качественные материалы, продуманная конструкция и внимательная работа с посадкой. Мы верим, что стиль начинается с внутреннего состояния. Уникальность, любовь к себе, принятие и вера в себя — фундамент нашего подхода. Изделия JULIAKISELEVA помогают подчеркнуть характер, а не спрятать его. | https://juliakiseleva.com/ | info@juliakiseleva.com",parsed_detail,,2026-08-24T05:45:15Z,cpm-moscow-autumn-2026-expodat-signo-v1.0.1,expodat_cpm_2026_autumn_public_catalog,6b4ace9c9cb2ed4af5552d6d9aabb90b20e6b6eda4f6fd95bf4175c4f585770d,
CPM – Collection Première Moscow Осень 2026,1–4 сентября 2026,KARL BOLT,Karl Bolt,аксессуары,Россия,,,15B77,,"Мода и стиль; женская, мужская и детская одежда; аксессуары; текстиль","Креативный технолог ЕВА MATE представляет коллекцию бренда KARL BOLT, созданную под девизом: Вдохновляй! Люби! Восхищайся! Вдохновлённая ЭКО-эстетикой, модой и философией наслаждения LAGOM, неповторимой красотой, магией души и глубиной внутреннего мира русской женщины, в творческой лаборатории с командой лучших технологов Ева разработала передовые косметические ОРГАНИК-формулы, коллекции аксессуаров и нарядов, в которых хотела отразить ПРЕДНАЗНАЧЕНИЕ каждой женщины через её уникальный образ, стиль и макияж, подарить возможность ежедневно наряжаться, модничать, проводить РИТУАЛЫ КРАСОТЫ по уходу за лицом и телом = раскрывать многогранность души и женскую энергию через НАПОЛНЕНИЕ СЕБЯ ФИЛОСОФИЕЙ и СТИЛЕМ KARL BOLT, ощущать тотальное удовольствие и счастье, наслаждаться собой и жизнью в любых обстоятельствах и ТРАНСЛИРОВАТЬ ЭТО МИРУ! Креативный технолог ЕВА MATE представляет коллекцию бренда KARL BOLT, созданную под девизом: Вдохновляй! Люби! Восхищайся! Вдохновлённая ЭКО-эстетикой, модой и философией наслаждения LAGOM, неповторимой красотой, магией души и глубиной внутреннего мира русской женщины, в творческой лаборатории с командой лучших технологов Ева разработала передовые косметические ОРГАНИК-формулы, коллекции аксессуаров и нарядов, в которых хотела отразить ПРЕДНАЗНАЧЕНИЕ каждой женщины через её уникальный образ, стиль и макияж, подарить возможность ежедневно наряжаться, модничать, проводить РИТУАЛЫ КРАСОТЫ по уходу за лицом и телом = раскрывать многогранность души и женскую энергию через НАПОЛНЕНИЕ СЕБЯ ФИЛОСОФИЕЙ и СТИЛЕМ KARL BOLT, ощущать тотальное удовольствие и счастье, наслаждаться собой и жизнью в любых обстоятельствах и ТРАНСЛИРОВАТЬ ЭТО МИРУ! Макияж KARL BOLT – это ваша бьюти-терапия, которая даёт 100% РЕЗУЛЬТАТ+МАКСИМАЛЬНЫЙ УХОД и Счастье, Удовольствие, Гармонию, Любовь к себе и всему миру!",KARL BOLT,https://karlbolt.com/,poshnail@mail.ru,+7 926 402-18-77,https://md.expodat.com/companies/company/30274-karl-bolt.html,30274,"KARL BOLT | Россия | 15B77 | Креативный технолог ЕВА MATE представляет коллекцию бренда KARL BOLT, созданную под девизом: Вдохновляй! Люби! Восхищайся! Вдохновлённая ЭКО-эстетикой, модой и философией наслаждения LAGOM, неповторимой красотой, магией души и глубиной внутреннего мира русской женщины, в творческой лаборатории с командой лучших технологов Ева разработала передовые косметические ОРГАНИК-формулы, коллекции аксессуаров и нарядов, в которых хотела отразить ПРЕДНАЗНАЧЕНИЕ каждой женщины через её уникальный образ, стиль и макияж, подарить возможность ежедневно наряжаться, модничать, проводить РИТУАЛЫ КРАСОТЫ по уходу за лицом и телом = раскрывать многогранность души и женскую энергию через НАПОЛНЕНИЕ СЕБЯ ФИЛОСОФИЕЙ и СТИЛЕМ KARL BOLT, ощущать тотальное удовольствие и счастье, наслаждаться собой и жизнью в любых обстоятельствах и ТРАНСЛИРОВАТЬ ЭТО МИРУ! Креативный технолог ЕВА MATE представляет коллекцию бренда KARL BOLT, созданную под девизом: Вдохновляй! Люби! Восхищайся! Вдохновлённая ЭКО-эстетикой, модой и философией наслаждения LAGOM, неповторимой красотой, магией души и глубиной внутреннего мира русской женщины, в творческой лаборатории с командой лучших технологов Ева ",parsed_detail,,2026-08-24T05:45:15Z,cpm-moscow-autumn-2026-expodat-signo-v1.0.1,expodat_cpm_2026_autumn_public_catalog,f2d3b09b923e5cc40a193acc93d09e25f4cb8c1016984804bdf392f9f1189d0e,
CPM – Collection Première Moscow Осень 2026,1–4 сентября 2026,KARYA DERI ÜRÜNLERI,Karya Deri Ürünleri,"одежда, аксессуары",Турция,,,14B41,,"Мода и стиль; женская, мужская и детская одежда; аксессуары; текстиль",,KARYA DERI ÜRÜNLERI,,,+7 495 955 91 99,https://md.expodat.com/companies/company/28795-karya-deri-r-nleri.html,28795,KARYA DERI ÜRÜNLERI | Турция | 14B41,parsed_detail,,2026-08-24T05:45:15Z,cpm-moscow-autumn-2026-expodat-signo-v1.0.1,expodat_cpm_2026_autumn_public_catalog,f3c43ae7e51b2999cb15f701eecf938c00bb99041127dd46971c7b11c2aed000,
CPM – Collection Première Moscow Осень 2026,1–4 сентября 2026,KATRIN GOLD,Katrin Gold,"одежда, аксессуары",Россия,,,15B75,,"Мода и стиль; женская, мужская и детская одежда; аксессуары; текстиль",,KATRIN GOLD,https://t.me/+qQ2cFQ79j9ozZDYy,katrin.gold01@mail.ru,+7 495 955 91 99,https://md.expodat.com/companies/company/23072-katrin-gold.html,23072,KATRIN GOLD | Россия | 15B75 | https://t.me/+qQ2cFQ79j9ozZDYy | katrin.gold01@mail.ru,parsed_detail,,2026-08-24T05:45:15Z,cpm-moscow-autumn-2026-expodat-signo-v1.0.1,expodat_cpm_2026_autumn_public_catalog,63e92903c3a1dff23f069d04392878c425cca3b90b64d96387b8343eb07b3ea5,
CPM – Collection Première Moscow Осень 2026,1–4 сентября 2026,KENBEY,Kenbey,одежда,Турция,,,13E30,,"Мода и стиль; женская, мужская и детская одежда; аксессуары; текстиль","KENBEY стремится к глобальному росту и успеху с момента своего основания в 2003 году, уделяя особое внимание высококачественной одежде и удовлетворению потребностей клиентов. Сегодня, благодаря усилиям более 50 опытных сотрудников нашего производственного предприятия площадью 1000 м², наши уникальные коллекции роскошной мужской одежды, изготовленные из высококачественных материалов и с высокой точностью обработки, экспортируются в 40 стран, включая Азию, встречая пользователей, которые предпочитают качество.",KENBEY,https://kenbey.com.tr/,info@kenbey.com.tr,+90 532 131 71 37,https://md.expodat.com/companies/company/28993-kenbey.html,28993,"KENBEY | Турция | 13E30 | KENBEY стремится к глобальному росту и успеху с момента своего основания в 2003 году, уделяя особое внимание высококачественной одежде и удовлетворению потребностей клиентов. Сегодня, благодаря усилиям более 50 опытных сотрудников нашего производственного предприятия площадью 1000 м², наши уникальные коллекции роскошной мужской одежды, изготовленные из высококачественных материалов и с высокой точностью обработки, экспортируются в 40 стран, включая Азию, встречая пользователей, которые предпочитают качество. | https://kenbey.com.tr/ | info@kenbey.com.tr",parsed_detail,,2026-08-24T05:45:15Z,cpm-moscow-autumn-2026-expodat-signo-v1.0.1,expodat_cpm_2026_autumn_public_catalog,16aaa6acdee48642194d5bdae2c7f9acea0563afa4c1aee6fb017465edfd97c7,
CPM – Collection Première Moscow Осень 2026,1–4 сентября 2026,KETROY,Ketroy,"одежда, аксессуары",Турция,,,13D38,,"Мода и стиль; женская, мужская и детская одежда; аксессуары; текстиль","Our journey began in Istanbul in 1974 as a family business. Today, we have evolved into a premium men’s clothing brand that enjoys widespread popularity and high regard in international markets due to our exceptional quality. What sets us apart are the unique features we bring to the table. We take pride in our ability to create the best designs, our unwavering commitment to maintaining the highest standards of quality, and our openness to embrace new technologies and trends. We understand the needs and expectations of every country we serve and strive to meet them in the best way possible",KETROY,http://www.ketroy.com,info@ketroy.com,+905354874577,https://md.expodat.com/companies/company/25360-ketroy.html,25360,"KETROY | Турция | 13D38 | Our journey began in Istanbul in 1974 as a family business. Today, we have evolved into a premium men’s clothing brand that enjoys widespread popularity and high regard in international markets due to our exceptional quality. What sets us apart are the unique features we bring to the table. We take pride in our ability to create the best designs, our unwavering commitment to maintaining the highest standards of quality, and our openness to embrace new technologies and trends. We understand the needs and expectations of every country we serve and strive to meet them in the best way possible | http://www.ketroy.com | info@ketroy.com",parsed_detail,,2026-08-24T05:45:15Z,cpm-moscow-autumn-2026-expodat-signo-v1.0.1,expodat_cpm_2026_autumn_public_catalog,b4eb3fc40ae1eb0efe598e1d459219401ef6f38d867923df1793b3462618e612,
CPM – Collection Première Moscow Осень 2026,1–4 сентября 2026,KEZZ,KEZZ,"одежда, аксессуары",Турция,,,13D31,,"Мода и стиль; женская, мужская и детская одежда; аксессуары; текстиль",,KEZZ,http://www.kezzbrand.com,mettas@mettas.com,+905334358375,https://md.expodat.com/companies/company/19179-kezz.html,19179,KEZZ | Турция | 13D31 | http://www.kezzbrand.com | mettas@mettas.com,parsed_detail,,2026-08-24T05:45:15Z,cpm-moscow-autumn-2026-expodat-signo-v1.0.1,expodat_cpm_2026_autumn_public_catalog,33d40e6733812958dbe5d490322ef041c02c3de11d416750ca8c57238abac919,
CPM – Collection Première Moscow Осень 2026,1–4 сентября 2026,"KLOTHO FASHION TECHNOLOGY (NINGBO) CO., LTD.","Klotho Fashion Technology (Ningbo) Co., Ltd.","текстиль и трикотаж, одежда",Китай,,,15D46,,"Мода и стиль; женская, мужская и детская одежда; аксессуары; текстиль","KLOTHO distributes world well-renowned suiting fabric brand Scabal and Huddersfield Fine Worsteds in mainland China. Our self-operated warehouse maintains a local stock of over 50,000 meters of popular fabrics, which enables us to offer not only superior quality but also remarkably fast delivery—most orders are ready in just two days.","KLOTHO FASHION TECHNOLOGY (NINGBO) CO., LTD.",https://www.klotho.ltd/,watson.xie@greyhound.ltd,18310260508,https://md.expodat.com/companies/company/41101-klotho-fashion-technology-ningbo-co-ltd.html,41101,"KLOTHO FASHION TECHNOLOGY (NINGBO) CO., LTD. | Китай | 15D46 | KLOTHO distributes world well-renowned suiting fabric brand Scabal and Huddersfield Fine Worsteds in mainland China. Our self-operated warehouse maintains a local stock of over 50,000 meters of popular fabrics, which enables us to offer not only superior quality but also remarkably fast delivery—most orders are ready in just two days. | https://www.klotho.ltd/ | watson.xie@greyhound.ltd",parsed_detail,,2026-08-24T05:45:15Z,cpm-moscow-autumn-2026-expodat-signo-v1.0.1,expodat_cpm_2026_autumn_public_catalog,62e9ddcf9c61e129ae8bb0cf06a8f20202a3570a12291df51adbfa75164bc145,
CPM – Collection Première Moscow Осень 2026,1–4 сентября 2026,KOMOVA,Komova,"аксессуары, одежда",Россия,,,15B57,,"Мода и стиль; женская, мужская и детская одежда; аксессуары; текстиль","Головные уборы, аксессуары, одежда",KOMOVA,http://komova.ru/,komova-design@mail.ru,+7(903)799-92-69,https://md.expodat.com/companies/company/21306-komova.html,21306,"KOMOVA | Россия | 15B57 | Головные уборы, аксессуары, одежда | http://komova.ru/ | komova-design@mail.ru",parsed_detail,,2026-08-24T05:45:15Z,cpm-moscow-autumn-2026-expodat-signo-v1.0.1,expodat_cpm_2026_autumn_public_catalog,c6a550f9e50459c2b5597539b6ffcd970668257a5145c739215460c77e828bcc,
CPM – Collection Première Moscow Осень 2026,1–4 сентября 2026,KOROLEVA XL,Koroleva Xl,"одежда, аксессуары",Россия,,,15A21,,"Мода и стиль; женская, мужская и детская одежда; аксессуары; текстиль",,KOROLEVA XL,,,+7 495 955 91 99,https://md.expodat.com/companies/company/23123-koroleva-xl.html,23123,KOROLEVA XL | Россия | 15A21,parsed_detail,,2026-08-24T05:45:15Z,cpm-moscow-autumn-2026-expodat-signo-v1.0.1,expodat_cpm_2026_autumn_public_catalog,5d5ee4fb93d6439bfd52b53d987d67635bb773f19e431a1fbb9995d9c1393c26,
CPM – Collection Première Moscow Осень 2026,1–4 сентября 2026,KORSAL,Korsal,"одежда, аксессуары",,,,14Е25,,"Мода и стиль; женская, мужская и детская одежда; аксессуары; текстиль",,KORSAL,,,+7 495 955 91 99,https://md.expodat.com/companies/company/40795-korsal.html,40795,KORSAL | 14Е25,parsed_detail,,2026-08-24T05:45:15Z,cpm-moscow-autumn-2026-expodat-signo-v1.0.1,expodat_cpm_2026_autumn_public_catalog,ff5ee7edc32e9497bd9d044a8c55a66d48f5ffcf6ac0322e45d6559ad979a92d,
CPM – Collection Première Moscow Осень 2026,1–4 сентября 2026,KRAFT AFFAIR,Kraft Affair,одежда,,,,15B31,,"Мода и стиль; женская, мужская и детская одежда; аксессуары; текстиль","-Компания «ShengZhou Knt Sweater & Garment Co., Ltd» была основана в 2014 году и является одним из ведущих международных производителей мужских свитеров в Китае. В компании работает более 100 сотрудников, а годовая производственная мощность по выпуску свитеров составляет 500 000 штук. Свитеры компании продаются более чем в 20 странах и регионах, включая Россию, Нидерланды, Великобританию, Германию, Италию и Австралию. Продукция компании пользуется очень высокой репутацией в отрасли. Работники с более чем 10-летним опытом строго контролируют кач",KRAFT AFFAIR,https://ntgarment.en.alibaba.com/,knitwear@mail.ru,+7 495 955 91 99,https://md.expodat.com/companies/company/34713-kraft-affair.html,34713,"KRAFT AFFAIR | 15B31 | -Компания «ShengZhou Knt Sweater & Garment Co., Ltd» была основана в 2014 году и является одним из ведущих международных производителей мужских свитеров в Китае. В компании работает более 100 сотрудников, а годовая производственная мощность по выпуску свитеров составляет 500 000 штук. Свитеры компании продаются более чем в 20 странах и регионах, включая Россию, Нидерланды, Великобританию, Германию, Италию и Австралию. Продукция компании пользуется очень высокой репутацией в отрасли. Работники с более чем 10-летним опытом строго контролируют кач | https://ntgarment.en.alibaba.com/ | knitwear@mail.ru",parsed_detail,,2026-08-24T05:45:15Z,cpm-moscow-autumn-2026-expodat-signo-v1.0.1,expodat_cpm_2026_autumn_public_catalog,d98c163776540f077311972e97e9bc5a44628c74cd8882d4f098ba8d8c6daf2a,
CPM – Collection Première Moscow Осень 2026,1–4 сентября 2026,KRIKOS,Krikos,"одежда, аксессуары",Россия,,,15B56,,"Мода и стиль; женская, мужская и детская одежда; аксессуары; текстиль",,KRIKOS,http://www.krikos.ru/,,+7 495 955 91 99,https://md.expodat.com/companies/company/19623-krikos.html,19623,KRIKOS | Россия | 15B56 | http://www.krikos.ru/,parsed_detail,,2026-08-24T05:45:15Z,cpm-moscow-autumn-2026-expodat-signo-v1.0.1,expodat_cpm_2026_autumn_public_catalog,ab56534a713e6609568d90d6e16d75631e43d3f4375527d8bbb8704b9b75401c,
CPM – Collection Première Moscow Осень 2026,1–4 сентября 2026,KROYYORK,Kroyyork,одежда,Россия,,,14Е09,,"Мода и стиль; женская, мужская и детская одежда; аксессуары; текстиль",Российский бренд женских пальто из альпака и кашемира.,KROYYORK,https://kroyyork.ru/,info@kroyyork.ru,+7 495 955 91 99,https://md.expodat.com/companies/company/18858-kroyyork.html,18858,KROYYORK | Россия | 14Е09 | Российский бренд женских пальто из альпака и кашемира. | https://kroyyork.ru/ | info@kroyyork.ru,parsed_detail,,2026-08-24T05:45:15Z,cpm-moscow-autumn-2026-expodat-signo-v1.0.1,expodat_cpm_2026_autumn_public_catalog,4a5e323cb20fa49c8024edc0d2b2d4a6369709a271600c85b169968703ae0752,
CPM – Collection Première Moscow Осень 2026,1–4 сентября 2026,L&R,L&R,"одежда, аксессуары",Китай,,,14E51,,"Мода и стиль; женская, мужская и детская одежда; аксессуары; текстиль",,L&R,,13911218976@139.com,+8613911218976,https://md.expodat.com/companies/company/31928-l-r.html,31928,L&R | Китай | 14E51 | 13911218976@139.com,parsed_detail,,2026-08-24T05:45:15Z,cpm-moscow-autumn-2026-expodat-signo-v1.0.1,expodat_cpm_2026_autumn_public_catalog,fd86bfa72c130168871299293f812e5bf2979fd9680b504247f7f98b24cb02d7,
CPM – Collection Première Moscow Осень 2026,1–4 сентября 2026,L'AMIR,L'Amir,текстиль и трикотаж,Россия,,,14F38,,"Мода и стиль; женская, мужская и детская одежда; аксессуары; текстиль","L’AMIR – это молодая, но довольно перспективная, амбициозная, динамично развивающаяся компания по производству шапок и других головных уборов. Мы создаем эксклюзивные модели вязаных и трикотажных шапок для мужчин, женщин и детей по демократичным ценам. L’AMIR – это молодая, но довольно перспективная, амбициозная, динамично развивающаяся компания по производству шапок и других головных уборов. Мы создаем эксклюзивные модели вязаных и трикотажных шапок для мужчин, женщин и детей по демократичным ценам. Используем только немецкое оборудование, итальянскую пряжу и новые технологии. У нас работают профессионалы, которые искренне любят свое дело: дизайнеры, технологи, поэтому каждая шапка – почти произведение искусства: эксклюзивная, уникальная, особенная. Мы привыкли заботиться о своих покупателях, поэтому стараемся производить изделия, которые дарят людям тепло и уют. Еще одно направление нашей компании – летние головные уборы (бейсболки, шляпки, косынки, банданы) для всей семьи. Максимальный комфорт – вот то, что мы дарим каждому клиенту. Делаем поставки по всей России.",L'AMIR,http://lamir-caps.ru,op@lamir-caps.ru,+79283895056,https://md.expodat.com/companies/company/18864-l-amir.html,18864,"L'AMIR | Россия | 14F38 | L’AMIR – это молодая, но довольно перспективная, амбициозная, динамично развивающаяся компания по производству шапок и других головных уборов. Мы создаем эксклюзивные модели вязаных и трикотажных шапок для мужчин, женщин и детей по демократичным ценам. L’AMIR – это молодая, но довольно перспективная, амбициозная, динамично развивающаяся компания по производству шапок и других головных уборов. Мы создаем эксклюзивные модели вязаных и трикотажных шапок для мужчин, женщин и детей по демократичным ценам. Используем только немецкое оборудование, итальянскую пряжу и новые технологии. У нас работают профессионалы, которые искренне любят свое дело: дизайнеры, технологи, поэтому каждая шапка – почти произведение искусства: эксклюзивная, уникальная, особенная. Мы привыкли заботиться о своих покупателях, поэтому стараемся производить изделия, которые дарят людям тепло и уют. Еще одно направление нашей компании – летние головные уборы (бейсболки, шляпки, косынки, банданы) для всей семьи. Максимальный комфорт – вот то, что мы дарим каждому клиенту. Делаем поставки по всей России. | http://lamir-caps.ru | op@lamir-caps.ru",parsed_detail,,2026-08-24T05:45:15Z,cpm-moscow-autumn-2026-expodat-signo-v1.0.1,expodat_cpm_2026_autumn_public_catalog,82b7cbf0031806665df1b4a890cd657a7eb2aac2b0d45f1206a0807451e8afbd,
CPM – Collection Première Moscow Осень 2026,1–4 сентября 2026,LA CHERE,La Chere,"одежда, аксессуары",Турция,,,14B21,,"Мода и стиль; женская, мужская и детская одежда; аксессуары; текстиль",KARMA KONFEKSİYON TEKSTİL TURİZM SAN. VE DIŞ TİC. LTD.ŞTİ 2005 YILINDAN BERİ SEKTÖRDE FAALİYET VERMEKTEDİR. BAYAN GİYİM TEKSTİLİNDE ÖNCÜLÜK YAPAN FİRMAMIZIN HEDEFİ FUAR ORGANİZASYONLARINDA KALİTENİN ASLA TESADÜF OLMADIĞINI GÖSTERMEKTİR.,LA CHERE,http://www.lachere.net,,+7 495 955 91 99,https://md.expodat.com/companies/company/19224-la-chere.html,19224,LA CHERE | Турция | 14B21 | KARMA KONFEKSİYON TEKSTİL TURİZM SAN. VE DIŞ TİC. LTD.ŞTİ 2005 YILINDAN BERİ SEKTÖRDE FAALİYET VERMEKTEDİR. BAYAN GİYİM TEKSTİLİNDE ÖNCÜLÜK YAPAN FİRMAMIZIN HEDEFİ FUAR ORGANİZASYONLARINDA KALİTENİN ASLA TESADÜF OLMADIĞINI GÖSTERMEKTİR. | http://www.lachere.net,parsed_detail,,2026-08-24T05:45:15Z,cpm-moscow-autumn-2026-expodat-signo-v1.0.1,expodat_cpm_2026_autumn_public_catalog,8116660e5fbfd66c7ec53327b050e820db24b37ad2b97dddf5e8c3d43591e04a,
CPM – Collection Première Moscow Осень 2026,1–4 сентября 2026,LA VACA LOCA,La Vaca Loca,одежда,Греция,,,13C20 / 13D21,,"Мода и стиль; женская, мужская и детская одежда; аксессуары; текстиль","La Vaca Loca — это популярный греческий бренд одежды, известный своим уникальным дизайном. Бренд основанный в 2007 году греческими дизайнерами Параскеви Спиропулу и Розой Целиу возник из желания создавать одежду, которая отражает внутреннюю борьбу и противоречия между практичностью и креативностью.",LA VACA LOCA,,,+7 495 955 91 99,https://md.expodat.com/companies/company/25522-la-vaca-loca.html,25522,"LA VACA LOCA | Греция | 13C20 / 13D21 | La Vaca Loca — это популярный греческий бренд одежды, известный своим уникальным дизайном. Бренд основанный в 2007 году греческими дизайнерами Параскеви Спиропулу и Розой Целиу возник из желания создавать одежду, которая отражает внутреннюю борьбу и противоречия между практичностью и креативностью.",parsed_detail,,2026-08-24T05:45:15Z,cpm-moscow-autumn-2026-expodat-signo-v1.0.1,expodat_cpm_2026_autumn_public_catalog,55ab98dbbdd2b17d9c80b33499d1c4d9fe2d25159f3179b0af2710edb2f47134,
CPM – Collection Première Moscow Осень 2026,1–4 сентября 2026,LACIANTA,Lacianta,текстиль и трикотаж,Италия,,,14Е08,,"Мода и стиль; женская, мужская и детская одежда; аксессуары; текстиль","Премиальный женский трикотажный бренд Lacianta. Сотрудничающий с ведущими российскими дизайнерами, модными домами, монобрендами и крупнейшими розничными ритейлерами. Наши коллекции являются отражением модных трендов сезона.",LACIANTA,https://lacianta.ru/,lacianta@yandex.ru,+79775270000,https://md.expodat.com/companies/company/23995-navella.html,23995,"LACIANTA | Италия | 14Е08 | Премиальный женский трикотажный бренд Lacianta. Сотрудничающий с ведущими российскими дизайнерами, модными домами, монобрендами и крупнейшими розничными ритейлерами. Наши коллекции являются отражением модных трендов сезона. | https://lacianta.ru/ | lacianta@yandex.ru",parsed_detail,,2026-08-24T05:45:15Z,cpm-moscow-autumn-2026-expodat-signo-v1.0.1,expodat_cpm_2026_autumn_public_catalog,75ae2323d9729042f62cb17ee779d73623567b9ab16cf1c69054908c509e4581,
CPM – Collection Première Moscow Осень 2026,1–4 сентября 2026,LADY SHARM,Lady Sharm,одежда,Россия,,,14G20,,"Мода и стиль; женская, мужская и детская одежда; аксессуары; текстиль","Модный дом Lady Sharm - элегантная женская одежда для больших и нестандартных размеров (48-76) более 30 лет на рынке больших размеров. Lady Sharm сегодня - это: - Lady Sharm Classic - повседневный и деловой имидж современной элегантной женщины. Модный дом Lady Sharm - элегантная женская одежда для больших и нестандартных размеров (48-76) более 30 лет на рынке больших размеров. Lady Sharm сегодня - это: - Lady Sharm Classic - повседневный и деловой имидж современной элегантной женщины. Комфорт и стиль в деловом формате. от 50+ лет, от 48 до 76 размера; - Бренд VIX&VOX - новое прочтение активного ритма жизни для зрелой самодостаточной женщины. Расслабленные женственные и благородные образы для работы, на прогулке, за городом. от 45+ лет, от 48 до 64 размера. Учитывая последние тенденции и особенности фигуры, наша марка разрабатывает одежду, оптимизированную под размеры 48-76 с учетом продуманной конструкции и выверенной посадки. Наличие собственного производства, швейных цехов, конструкторского дизайн- бюро обеспечивают создание моделей для различных типов фигур и дают преимущественную возможность оказывать услуги индивидуального пошива и мерки по фигуре. Одежда Lady Sharm собрана в сезонные капсулы, которые комплементарно сочетаются друг с другом и легко интегрируются в текущий гардероб. Мы ценим каждого покупателя и предлагаем высокий уровень обслуживания: заказ с примеркой онлайн, экспресс - доставку в любую точку мира или подбор гардероба в одном из 34 магазинов по всей России с подробной консультацией по запросу и пожеланиям. Наша программа лояльности позволяет новым и постоянным клиентам наслаждаться приятными покупками, стать друзьями бренда и доверить нам свой имидж как успешную инвестицию в будущее. Lady Sharm – история одежды, рассказывающая о женщинах, их желаниях и стремлениях быть собой.",LADY SHARM,https://ledisharm.com/,info@ledisharm.com,+7 495 955 91 99,https://md.expodat.com/companies/company/21336-lady-sharm.html,21336,"LADY SHARM | Россия | 14G20 | Модный дом Lady Sharm - элегантная женская одежда для больших и нестандартных размеров (48-76) более 30 лет на рынке больших размеров. Lady Sharm сегодня - это: - Lady Sharm Classic - повседневный и деловой имидж современной элегантной женщины. Модный дом Lady Sharm - элегантная женская одежда для больших и нестандартных размеров (48-76) более 30 лет на рынке больших размеров. Lady Sharm сегодня - это: - Lady Sharm Classic - повседневный и деловой имидж современной элегантной женщины. Комфорт и стиль в деловом формате. от 50+ лет, от 48 до 76 размера; - Бренд VIX&VOX - новое прочтение активного ритма жизни для зрелой самодостаточной женщины. Расслабленные женственные и благородные образы для работы, на прогулке, за городом. от 45+ лет, от 48 до 64 размера. Учитывая последние тенденции и особенности фигуры, наша марка разрабатывает одежду, оптимизированную под размеры 48-76 с учетом продуманной конструкции и выверенной посадки. Наличие собственного производства, швейных цехов, конструкторского дизайн- бюро обеспечивают создание моделей для различных типов фигур и дают преимущественную возможность оказывать услуги индивидуального пошива и мерки по фигуре",parsed_detail,,2026-08-24T05:45:15Z,cpm-moscow-autumn-2026-expodat-signo-v1.0.1,expodat_cpm_2026_autumn_public_catalog,cc0e937f99d7571b10135a88d57e4c1c457a08780c36aef61e36b12dad3672a0,
CPM – Collection Première Moscow Осень 2026,1–4 сентября 2026,LANCASTER,Lancaster,"сумки, аксессуары, изделия из кожи и меха",Италия,,,13B15,,"Мода и стиль; женская, мужская и детская одежда; аксессуары; текстиль","Lancaster французский бренд кожаных аксессуаров, основанный в 1990 году в самом сердце Парижа. Известный своим премиальными сумками и аксессуарами, Lancaster сочетает современный дизайн, высококачественные изысканные материалы и безупречное мастерство. Lancaster французский бренд кожаных аксессуаров, основанный в 1990 году в самом сердце Парижа. Известный своим премиальными сумками и аксессуарами, Lancaster сочетает современный дизайн, высококачественные изысканные материалы и безупречное мастерство. Каждая женщина уникальна, и бренд помогает ей выразить свою индивидуальность со стилем, будь то для ежедневного образа или особых случаев. Продуманные детали, практичные решения и вечная элегантность делают Lancaster доступной роскошью на каждый день. Стильный, современный и неповторимый, Lancaster объединяет моду со свободой быть собой. В коллекции представлены городские сумки, элегантные вечерние модели, практичные дорожные аксессуары.",LANCASTER,http://www.refixnet.com,damiano@refixnet.com,+39 348 6415180,https://md.expodat.com/companies/company/29494-lancaster.html,29494,"LANCASTER | Италия | 13B15 | Lancaster французский бренд кожаных аксессуаров, основанный в 1990 году в самом сердце Парижа. Известный своим премиальными сумками и аксессуарами, Lancaster сочетает современный дизайн, высококачественные изысканные материалы и безупречное мастерство. Lancaster французский бренд кожаных аксессуаров, основанный в 1990 году в самом сердце Парижа. Известный своим премиальными сумками и аксессуарами, Lancaster сочетает современный дизайн, высококачественные изысканные материалы и безупречное мастерство. Каждая женщина уникальна, и бренд помогает ей выразить свою индивидуальность со стилем, будь то для ежедневного образа или особых случаев. Продуманные детали, практичные решения и вечная элегантность делают Lancaster доступной роскошью на каждый день. Стильный, современный и неповторимый, Lancaster объединяет моду со свободой быть собой. В коллекции представлены городские сумки, элегантные вечерние модели, практичные дорожные аксессуары. | http://www.refixnet.com | damiano@refixnet.com",parsed_detail,,2026-08-24T05:45:15Z,cpm-moscow-autumn-2026-expodat-signo-v1.0.1,expodat_cpm_2026_autumn_public_catalog,61548200255402ed61ed0f9342fe2f48900c761a8bb75a681004f2fe7ce0b864,
CPM – Collection Première Moscow Осень 2026,1–4 сентября 2026,LANGERY,Langery,"одежда, аксессуары",Россия,,,15A66,,"Мода и стиль; женская, мужская и детская одежда; аксессуары; текстиль",,LANGERY,,,+7 495 955 91 99,https://md.expodat.com/companies/company/37217-langery.html,37217,LANGERY | Россия | 15A66,parsed_detail,,2026-08-24T05:45:15Z,cpm-moscow-autumn-2026-expodat-signo-v1.0.1,expodat_cpm_2026_autumn_public_catalog,038ee849770179ffe7af577480def8dec8f538b6f0d5c191b34aaeaf9a021a45,
CPM – Collection Première Moscow Осень 2026,1–4 сентября 2026,LANGJI,Langji,"одежда, аксессуары",,,,14E71,,"Мода и стиль; женская, мужская и детская одежда; аксессуары; текстиль",,LANGJI,,,+7 495 955 91 99,https://md.expodat.com/companies/company/41392-langji.html,41392,LANGJI | 14E71,parsed_detail,,2026-08-24T05:45:15Z,cpm-moscow-autumn-2026-expodat-signo-v1.0.1,expodat_cpm_2026_autumn_public_catalog,c645978de1f8ba2144087d25081e96251c9189911ea3e42245c95e73d28a6ad7,
CPM – Collection Première Moscow Осень 2026,1–4 сентября 2026,LAPLANGER,Laplanger,одежда,Россия,,,15B39,,"Мода и стиль; женская, мужская и детская одежда; аксессуары; текстиль","LAPLANGER — производственная компания, расположенная в Санкт-Петербурге. Мы производим очень тёплую верхнюю городскую одежду. Основу коллекции Laplanger составляют арктические парки — теплые пуховые куртки, рассчитанные на использование при очень низких температурах (до -60 градусов С). LAPLANGER — производственная компания, расположенная в Санкт-Петербурге. Мы производим очень тёплую верхнюю городскую одежду. Основу коллекции Laplanger составляют арктические парки — теплые пуховые куртки, рассчитанные на использование при очень низких температурах (до -60 градусов С). Они подходят как для крайнего севера, так и для холодной зимы в городах средней полосы России. С 1991 года компания Laplanger производит верхнюю одежду для очень низких температур на своем производстве в г. Санкт-Петербург. Продукция компании — это синтез двух направлений — городской верхней одежды и снаряжения для экстремального туризма. Вся одежда Laplanger производится в г. Санкт-Петербург на собственных производственных мощностях. Здесь производится весь цикл изготовления продукции — начиная от дизайна, проектирования и заканчивая пошивом и контролем качества. Благодаря этому нам удалось добиться приемлемой цены, сочетания высоких технологий и качества на уровне лучших импортных производителей. Высокотехнологичные материалы и стильный городской дизайн выгодно отличают наши модели.",LAPLANGER,https://laplanger.ru/,laplanger@laplanger.ru,"+7 (812) 309-42-07 9:00-17:30, сб, вс — выходной",https://md.expodat.com/companies/company/19656-laplanger.html,19656,"LAPLANGER | Россия | 15B39 | LAPLANGER — производственная компания, расположенная в Санкт-Петербурге. Мы производим очень тёплую верхнюю городскую одежду. Основу коллекции Laplanger составляют арктические парки — теплые пуховые куртки, рассчитанные на использование при очень низких температурах (до -60 градусов С). LAPLANGER — производственная компания, расположенная в Санкт-Петербурге. Мы производим очень тёплую верхнюю городскую одежду. Основу коллекции Laplanger составляют арктические парки — теплые пуховые куртки, рассчитанные на использование при очень низких температурах (до -60 градусов С). Они подходят как для крайнего севера, так и для холодной зимы в городах средней полосы России. С 1991 года компания Laplanger производит верхнюю одежду для очень низких температур на своем производстве в г. Санкт-Петербург. Продукция компании — это синтез двух направлений — городской верхней одежды и снаряжения для экстремального туризма. Вся одежда Laplanger производится в г. Санкт-Петербург на собственных производственных мощностях. Здесь производится весь цикл изготовления продукции — начиная от дизайна, проектирования и заканчивая пошивом и контролем качества. Благодаря этому нам удал",parsed_detail,,2026-08-24T05:45:15Z,cpm-moscow-autumn-2026-expodat-signo-v1.0.1,expodat_cpm_2026_autumn_public_catalog,814e81ce87a371649d9c874bcef0558459ebb807de353eb1e37dd38a8fa38ba4,
CPM – Collection Première Moscow Осень 2026,1–4 сентября 2026,LCMT,LCMT,"одежда, аксессуары",Германия,,,13C10,,"Мода и стиль; женская, мужская и детская одежда; аксессуары; текстиль",,LCMT,https://rabefashion.com/de-de/,irina.wagner@ceder-gmbh.de,+49 1737450040,https://md.expodat.com/companies/company/40296-lcmt.html,40296,LCMT | Германия | 13C10 | https://rabefashion.com/de-de/ | irina.wagner@ceder-gmbh.de,parsed_detail,,2026-08-24T05:45:15Z,cpm-moscow-autumn-2026-expodat-signo-v1.0.1,expodat_cpm_2026_autumn_public_catalog,38c29e49cf2a18b22c42d15253f93db28f31dba4ab48e4909b98b3a9b1d2ebc9,
CPM – Collection Première Moscow Осень 2026,1–4 сентября 2026,LE MOTIF COUTURE,Le Motif Couture,"обувь, текстиль и трикотаж",Россия,,,15А43,,"Мода и стиль; женская, мужская и детская одежда; аксессуары; текстиль","Наша компания является производителем, официальным дистрибьютором и оптовым поставщиком стильных платков, палантинов, обуви и носков фабрик Le Motif Couture. Преимущества наших платков и палантинов заключаются в высоком качестве и натуральных материалах в совокупности с невысокими, относительно конкурентов, ценами. Наша компания является производителем, официальным дистрибьютором и оптовым поставщиком стильных платков, палантинов, обуви и носков фабрик Le Motif Couture. Преимущества наших платков и палантинов заключаются в высоком качестве и натуральных материалах в совокупности с невысокими, относительно конкурентов, ценами. Технология шитья, плетения нитей и окраски балансирует на создании изделий при помощи ручного производства и самых последних технических решений на рынке. Только так можно добиться невероятных результатов в работе с натуральными материалами: с шелком, хлопком, шерстью, льном и модалом. Наша фабрика открыта к предложениям по сотрудничеству в формате OEM (полный цикл производства изделий под вашим брендом, от изделия до упаковки товаров в фирменные коробки, пакеты и тд). Работаем со всеми ТК, но Доставка до Терминалов ДЛ и СДЭК по Москве бесплатно.",LE MOTIF COUTURE,http://lemotifcouture.com,info@le-motif.com,+74956646693,https://md.expodat.com/companies/company/24704-le-motif-couture.html,24704,"LE MOTIF COUTURE | Россия | 15А43 | Наша компания является производителем, официальным дистрибьютором и оптовым поставщиком стильных платков, палантинов, обуви и носков фабрик Le Motif Couture. Преимущества наших платков и палантинов заключаются в высоком качестве и натуральных материалах в совокупности с невысокими, относительно конкурентов, ценами. Наша компания является производителем, официальным дистрибьютором и оптовым поставщиком стильных платков, палантинов, обуви и носков фабрик Le Motif Couture. Преимущества наших платков и палантинов заключаются в высоком качестве и натуральных материалах в совокупности с невысокими, относительно конкурентов, ценами. Технология шитья, плетения нитей и окраски балансирует на создании изделий при помощи ручного производства и самых последних технических решений на рынке. Только так можно добиться невероятных результатов в работе с натуральными материалами: с шелком, хлопком, шерстью, льном и модалом. Наша фабрика открыта к предложениям по сотрудничеству в формате OEM (полный цикл производства изделий под вашим брендом, от изделия до упаковки товаров в фирменные коробки, пакеты и тд). Работаем со всеми ТК, но Доставка до Терминалов ДЛ и СДЭ",parsed_detail,,2026-08-24T05:45:15Z,cpm-moscow-autumn-2026-expodat-signo-v1.0.1,expodat_cpm_2026_autumn_public_catalog,7d394f050187ceca25345322bd0eb78c0e7feea0361c310ea3192a43caecc31d,
CPM – Collection Première Moscow Осень 2026,1–4 сентября 2026,LE PETITTE,Le Petitte,"одежда, аксессуары",Россия,,,14E02 / 15A44,,"Мода и стиль; женская, мужская и детская одежда; аксессуары; текстиль",,LE PETITTE,,,+7 495 955 91 99,https://md.expodat.com/companies/company/35259-petitte.html,35259,LE PETITTE | Россия | 14E02 / 15A44,parsed_detail,,2026-08-24T05:45:15Z,cpm-moscow-autumn-2026-expodat-signo-v1.0.1,expodat_cpm_2026_autumn_public_catalog,9b9c7965d110730c6b59fa5ec71641d9bb588e962758764d434da93c795a4152,
CPM – Collection Première Moscow Осень 2026,1–4 сентября 2026,LE RUEMARCEL,Le Ruemarcel,"одежда, аксессуары",Италия,,,13С25,,"Мода и стиль; женская, мужская и детская одежда; аксессуары; текстиль",,LE RUEMARCEL,,,+7 495 955 91 99,https://md.expodat.com/companies/company/38675-le-luemarcel.html,38675,LE RUEMARCEL | Италия | 13С25,parsed_detail,,2026-08-24T05:45:15Z,cpm-moscow-autumn-2026-expodat-signo-v1.0.1,expodat_cpm_2026_autumn_public_catalog,799c094f5e5dca1fc45bdb8a49af84af74fbe757157a47990a7565dd02eb8006,
CPM – Collection Première Moscow Осень 2026,1–4 сентября 2026,LEALEA,Lealea,"аксессуары, одежда",Беларусь,,,14F28,,"Мода и стиль; женская, мужская и детская одежда; аксессуары; текстиль","Lea Lea – бренд с яркой индивидуальностью, специализирующийся на производстве креативной и качественной женской одежды. В основу создания бренда легла идея разработки casual моделей с яркими дизайнерскими акцентами. Дух свободы и творчества, креативное мышление, внимание к деталям и неиссякаемая любовь к своему делу – лежат в основе ДНК бренда. Lea Lea – бренд с яркой индивидуальностью, специализирующийся на производстве креативной и качественной женской одежды. В основу создания бренда легла идея разработки casual моделей с яркими дизайнерскими акцентами. Дух свободы и творчества, креативное мышление, внимание к деталям и неиссякаемая любовь к своему делу – лежат в основе ДНК бренда. Lea Lea предлагает своим клиентам современный и комфортный гардероб, авторские аксессуары, качественный пошив, идеальную посадку, гармоничную и всегда самую актуальную цветовую гамму, стилистические решения, авторскую графику и декор ручной работы. И всё это, конечно же, выполнено из качественных европейских тканей и фурнитуры. Все коллекции бренда выпускаются на собственном высокотехнологичном производстве, где осуществляется контроль качества на всех этапах создания коллекции. Каждая модель коллекции – это синтез высококачественных материалов, безупречного исполнения и великолепного дизайна. Синтез качества и креативности – залог растущей популярности и успеха бренда. Если вы внимательно присмотритесь к изделиям, то заметите, что они идеально продуманы и филигранно исполнены. В каждой модели вы обязательно найдете уникальной авторский почерк, душевность и теплоту наших сердец.",LEALEA,http://lealea.by,lealea.studio@mail.ru,+375162551855,https://md.expodat.com/companies/company/21339-lealea.html,21339,"LEALEA | Беларусь | 14F28 | Lea Lea – бренд с яркой индивидуальностью, специализирующийся на производстве креативной и качественной женской одежды. В основу создания бренда легла идея разработки casual моделей с яркими дизайнерскими акцентами. Дух свободы и творчества, креативное мышление, внимание к деталям и неиссякаемая любовь к своему делу – лежат в основе ДНК бренда. Lea Lea – бренд с яркой индивидуальностью, специализирующийся на производстве креативной и качественной женской одежды. В основу создания бренда легла идея разработки casual моделей с яркими дизайнерскими акцентами. Дух свободы и творчества, креативное мышление, внимание к деталям и неиссякаемая любовь к своему делу – лежат в основе ДНК бренда. Lea Lea предлагает своим клиентам современный и комфортный гардероб, авторские аксессуары, качественный пошив, идеальную посадку, гармоничную и всегда самую актуальную цветовую гамму, стилистические решения, авторскую графику и декор ручной работы. И всё это, конечно же, выполнено из качественных европейских тканей и фурнитуры. Все коллекции бренда выпускаются на собственном высокотехнологичном производстве, где осуществляется контроль качества на всех этапах создания колле",parsed_detail,,2026-08-24T05:45:15Z,cpm-moscow-autumn-2026-expodat-signo-v1.0.1,expodat_cpm_2026_autumn_public_catalog,123a5dc9a5139fef732b8c8421c496f5b088a843ad59df45d68f07b11a8cb914,
CPM – Collection Première Moscow Осень 2026,1–4 сентября 2026,Leather TOP MASTER,Leather TOP MASTER,изделия из кожи и меха,Россия,,,15A50,,"Мода и стиль; женская, мужская и детская одежда; аксессуары; текстиль",,Leather TOP MASTER,,,+7 495 955 91 99,https://md.expodat.com/companies/company/35370-leather-top-master.html,35370,Leather TOP MASTER | Россия | 15A50,parsed_detail,,2026-08-24T05:45:15Z,cpm-moscow-autumn-2026-expodat-signo-v1.0.1,expodat_cpm_2026_autumn_public_catalog,c91b502ed889234449816dc1cc35672ea8e4f2f78bce320a523200b6b62ee6ae,
CPM – Collection Première Moscow Осень 2026,1–4 сентября 2026,LEDINIKA,Ledinika,одежда,Россия,,,15A14,,"Мода и стиль; женская, мужская и детская одежда; аксессуары; текстиль","""Ledinika"" это - женственность, комфорт, натуральные ткани, благородное исполнение. В коллекциях представлены брючные костюмы, платья, блузки, кардиганы, брюки, спортивная одежда и многое другое. Модели выходят сезонными коллекциями осень-зима и весна-лето. ""Ledinika"" это - женственность, комфорт, натуральные ткани, благородное исполнение. В коллекциях представлены брючные костюмы, платья, блузки, кардиганы, брюки, спортивная одежда и многое другое. Модели выходят сезонными коллекциями осень-зима и весна-лето. Бренд создан на базе швейной фабрики с 25 летним стажем работы. Это современное производство с сотрудниками высокой квалификации. Находится в г. Рассказово, Тамбовская область.",LEDINIKA,https://ledinika.ru/,info@ledinika.ru,+7 495 955 91 99,https://md.expodat.com/companies/company/18870-ledinika.html,18870,"LEDINIKA | Россия | 15A14 | ""Ledinika"" это - женственность, комфорт, натуральные ткани, благородное исполнение. В коллекциях представлены брючные костюмы, платья, блузки, кардиганы, брюки, спортивная одежда и многое другое. Модели выходят сезонными коллекциями осень-зима и весна-лето. ""Ledinika"" это - женственность, комфорт, натуральные ткани, благородное исполнение. В коллекциях представлены брючные костюмы, платья, блузки, кардиганы, брюки, спортивная одежда и многое другое. Модели выходят сезонными коллекциями осень-зима и весна-лето. Бренд создан на базе швейной фабрики с 25 летним стажем работы. Это современное производство с сотрудниками высокой квалификации. Находится в г. Рассказово, Тамбовская область. | https://ledinika.ru/ | info@ledinika.ru",parsed_detail,,2026-08-24T05:45:15Z,cpm-moscow-autumn-2026-expodat-signo-v1.0.1,expodat_cpm_2026_autumn_public_catalog,6f871a0361f3db96f5caf1b92e7033a94cef54fe171d9d753b975d4ea44b65bb,
CPM – Collection Première Moscow Осень 2026,1–4 сентября 2026,LEO ET UGO,Leo Et Ugo,"одежда, аксессуары",Франция,,,13C18/13D19,,"Мода и стиль; женская, мужская и детская одежда; аксессуары; текстиль",,LEO ET UGO,,,+7 495 955 91 99,https://md.expodat.com/companies/company/22110-leo-et-ugo.html,22110,LEO ET UGO | Франция | 13C18/13D19,parsed_detail,,2026-08-24T05:45:15Z,cpm-moscow-autumn-2026-expodat-signo-v1.0.1,expodat_cpm_2026_autumn_public_catalog,e30cc13a6a234f0b406a20504175ce4d99613f575510cfd438f0801b7a2428a9,
CPM – Collection Première Moscow Осень 2026,1–4 сентября 2026,LESIA LISUN,Lesia Lisun,"аксессуары, одежда",Россия,,,14G08,,"Мода и стиль; женская, мужская и детская одежда; аксессуары; текстиль","Бренд LESIA LISUN - это артезональный бренд одежды и аксессуаров, одежда с особой философией интеллектуального гедонизма и эстетического удовольствия. . Уникальные вещи с концепцией транслирующей возможность почувствовать свое новое «Я» в бесконечном стремлении совершенствования себя ! Бренд LESIA LISUN - это артезональный бренд одежды и аксессуаров, одежда с особой философией интеллектуального гедонизма и эстетического удовольствия. . Уникальные вещи с концепцией транслирующей возможность почувствовать свое новое «Я» в бесконечном стремлении совершенствования себя ! ДНК бренда - сложные оттенки деконструктивных форм для гедонистического образа жизни, наполненные энергией автора. Выверенные и гармоничные силуэты в сочетании с нестандартным кроем. Каждая деталь, от отлитых в ручную оловянных пуговиц до исключительно натуральных полотен, фактура которых совершенствуется посредством ручного окрашивания и стирки, является результатом тонкой исследовательской работы и исключает какую либо массовость. Ткани подбираются исключительно дизайнером и основателем бренда Лесей Лисун, это натуральные ткани. Отличительной чертой придающей уникальность бренду, служат пуговицы ручной работы отлитые из олова ! Эстетика и стиль бренда - Деконструктивный авангард . Интеллектуальная мода, не стандартная одежда со смыслом.",LESIA LISUN,https://lesialisun.ru/,leslisun@gmail.com,+79183316831,https://md.expodat.com/companies/company/39412-lesia-lisun.html,39412,"LESIA LISUN | Россия | 14G08 | Бренд LESIA LISUN - это артезональный бренд одежды и аксессуаров, одежда с особой философией интеллектуального гедонизма и эстетического удовольствия. . Уникальные вещи с концепцией транслирующей возможность почувствовать свое новое «Я» в бесконечном стремлении совершенствования себя ! Бренд LESIA LISUN - это артезональный бренд одежды и аксессуаров, одежда с особой философией интеллектуального гедонизма и эстетического удовольствия. . Уникальные вещи с концепцией транслирующей возможность почувствовать свое новое «Я» в бесконечном стремлении совершенствования себя ! ДНК бренда - сложные оттенки деконструктивных форм для гедонистического образа жизни, наполненные энергией автора. Выверенные и гармоничные силуэты в сочетании с нестандартным кроем. Каждая деталь, от отлитых в ручную оловянных пуговиц до исключительно натуральных полотен, фактура которых совершенствуется посредством ручного окрашивания и стирки, является результатом тонкой исследовательской работы и исключает какую либо массовость. Ткани подбираются исключительно дизайнером и основателем бренда Лесей Лисун, это натуральные ткани. Отличительной чертой придающей уникальность бренду, служат",parsed_detail,,2026-08-24T05:45:15Z,cpm-moscow-autumn-2026-expodat-signo-v1.0.1,expodat_cpm_2026_autumn_public_catalog,923b875f36b2f667e5ccca853b78692368a28019d8a103a95f425cf2fe4ef0b2,
CPM – Collection Première Moscow Осень 2026,1–4 сентября 2026,LEVELPRO,Levelpro,"детская одежда, нижнее белье и пляжная одежда, аксессуары, изделия из кожи и меха, одежда",Россия,,,14Е40,,"Мода и стиль; женская, мужская и детская одежда; аксессуары; текстиль","Компания ООО «Левел-Про» — российский производитель головных уборов, аксессуаров, пляжной и домашней одежды высокого качества с уникальным дизайном. История компании и брендов LevelPro и LevelPro.kids началась в 1983 году с малого семейного бизнеса по пошиву головных уборов из меха домашних кроликов. Компания ООО «Левел-Про» — российский производитель головных уборов, аксессуаров, пляжной и домашней одежды высокого качества с уникальным дизайном. История компании и брендов LevelPro и LevelPro.kids началась в 1983 году с малого семейного бизнеса по пошиву головных уборов из меха домашних кроликов. Семейные традиции передавались из поколения в поколение и постепенно воплотились в успешный бизнес с высокими производственными мощностями. Со временем, в коллекциях появлялись новые модели головных уборов, которые отличались от масс-маркета индивидуальностью, высоким качеством, натуральными и экоматериалами. При изготовлении некоторых изделий до сих пор используется полностью ручной труд. Уникальность и качественное исполнение привлекли многочисленных клиентов, которые по достоинству оценили преимущества компании. Компания расширяла свои горизонты и стала постоянным участником международных выставок, получила многочисленные награды и отмечена знаком качества. Сегодня бренд LevelPro знают не только в России, но и за рубежом. Наши головные уборы с удовольствием носят более 3 000 000 женщин, в их числе звезды шоу бизнеса и популярные инфлюенсеры. Основа философии бренда — уникальный дизайн, высокое качество и комфорт. Каждая модель разрабатывается нашими дизайнерами с учетом последних трендовых тенденций, не теряя при этом уникальности. На этапе производства все изделия проходят тщательную экспертизу, а после тестируются на предмет удобства и качества. Нам очень важно, чтобы головные уборы LevelPro не только украшали гардероб, но и стали самыми любимыми у нашего покупателя, благодаря комфорту и высокому качеству. Компания ООО «Левел-Про» не только отличный производитель, но и надежный партнер. Мы успешно сотрудничаем с оптовыми клиентами, расширяя свое присутствие на рынке. Мы заботимся о своих партнерах, поэтому предлагаем выгодные условия с гибкой системой скидок и уникальными предложениями. Мы гарантируем высокое качество своей продукции и своевременное выполнение всех обязательств. С LevelPro комфортно, выгодно и надежно!",LEVELPRO,http://www.levelpro68.ru/,office@levelpro68.ru,+79537241722,https://md.expodat.com/companies/company/18966-levelpro.html,18966,"LEVELPRO | Россия | 14Е40 | Компания ООО «Левел-Про» — российский производитель головных уборов, аксессуаров, пляжной и домашней одежды высокого качества с уникальным дизайном. История компании и брендов LevelPro и LevelPro.kids началась в 1983 году с малого семейного бизнеса по пошиву головных уборов из меха домашних кроликов. Компания ООО «Левел-Про» — российский производитель головных уборов, аксессуаров, пляжной и домашней одежды высокого качества с уникальным дизайном. История компании и брендов LevelPro и LevelPro.kids началась в 1983 году с малого семейного бизнеса по пошиву головных уборов из меха домашних кроликов. Семейные традиции передавались из поколения в поколение и постепенно воплотились в успешный бизнес с высокими производственными мощностями. Со временем, в коллекциях появлялись новые модели головных уборов, которые отличались от масс-маркета индивидуальностью, высоким качеством, натуральными и экоматериалами. При изготовлении некоторых изделий до сих пор используется полностью ручной труд. Уникальность и качественное исполнение привлекли многочисленных клиентов, которые по достоинству оценили преимущества компании. Компания расширяла свои горизонты и стала посто",parsed_detail,,2026-08-24T05:45:15Z,cpm-moscow-autumn-2026-expodat-signo-v1.0.1,expodat_cpm_2026_autumn_public_catalog,dae133f22e6dfcd8de01986f9b3bb2f31707ae8b3dda0ebb111143b507db5d4d,
CPM – Collection Première Moscow Осень 2026,1–4 сентября 2026,LEVELPROKIDS,Levelprokids,детская одежда,Россия,,,14Е40,,"Мода и стиль; женская, мужская и детская одежда; аксессуары; текстиль",,LEVELPROKIDS,,,+7 495 955 91 99,https://md.expodat.com/companies/company/34229-levelprokids.html,34229,LEVELPROKIDS | Россия | 14Е40,parsed_detail,,2026-08-24T05:45:15Z,cpm-moscow-autumn-2026-expodat-signo-v1.0.1,expodat_cpm_2026_autumn_public_catalog,39b8503e28ea4db8848ef111550717d8fa724dbc55824bfcd13c68701ab3f9e1,
CPM – Collection Première Moscow Осень 2026,1–4 сентября 2026,LINDI WEST,Lindi West,"одежда, аксессуары",Турция,,,14C49,,"Мода и стиль; женская, мужская и детская одежда; аксессуары; текстиль",,LINDI WEST,http://www.lindiwest.com.tr,,+7 495 955 91 99,https://md.expodat.com/companies/company/21720-lindi-west.html,21720,LINDI WEST | Турция | 14C49 | http://www.lindiwest.com.tr,parsed_detail,,2026-08-24T05:45:15Z,cpm-moscow-autumn-2026-expodat-signo-v1.0.1,expodat_cpm_2026_autumn_public_catalog,84a010093c6fed3b9147d1bd8e9305c79829d0bef7fe9c50ee507e6a8f2b19f0,
CPM – Collection Première Moscow Осень 2026,1–4 сентября 2026,LINE,LINE,"одежда, аксессуары",Беларусь,,,14G42,,"Мода и стиль; женская, мужская и детская одежда; аксессуары; текстиль",,LINE,,,+7 495 955 91 99,https://md.expodat.com/companies/company/40278-line.html,40278,LINE | Беларусь | 14G42,parsed_detail,,2026-08-24T05:45:15Z,cpm-moscow-autumn-2026-expodat-signo-v1.0.1,expodat_cpm_2026_autumn_public_catalog,b357f4350b9f8beb651399e1e4d038165b4b93270c1dcefc17eb39a856e8af34,
CPM – Collection Première Moscow Осень 2026,1–4 сентября 2026,Lingerie Magazine,Lingerie Magazine,,Россия,,,13C68,,"Мода и стиль; женская, мужская и детская одежда; аксессуары; текстиль","Журнал Lingerie — одно из самых читаемых российских изданий о белье и бельевом бизнесе, издается с 2004 года, выходит 5 раз в год, приурочено к ведущим международным бельевым выставкам. Все эти годы мы освещаем коллекции, тенденции,выставки и события бельевого бизнеса, а также представляем своим читателям полезную информацию для ведения бизнеса, об истории моды и технологиях производства. Журнал Lingerie — одно из самых читаемых российских изданий о белье и бельевом бизнесе, издается с 2004 года, выходит 5 раз в год, приурочено к ведущим международным бельевым выставкам. Все эти годы мы освещаем коллекции, тенденции,выставки и события бельевого бизнеса, а также представляем своим читателям полезную информацию для ведения бизнеса, об истории моды и технологиях производства. Lingerie поддерживает бренды нижнего белья, пляжной и домашней одежды, а также чулочно-носочной продукции среднего и высокого классов. Издание служит ориентиром для байеров, крупных ритейлеров, профессионалов бельевого бизнеса и конечных потребителей при осуществлении заказов.",Lingerie Magazine,https://lingerie-magazin.ru/,info@lingerie-magazin.ru; marketing@lingerie-magazin.ru,+7 985 9771308,https://md.expodat.com/companies/company/24126-lingerie-magazine.html,24126,"Lingerie Magazine | Россия | 13C68 | Журнал Lingerie — одно из самых читаемых российских изданий о белье и бельевом бизнесе, издается с 2004 года, выходит 5 раз в год, приурочено к ведущим международным бельевым выставкам. Все эти годы мы освещаем коллекции, тенденции,выставки и события бельевого бизнеса, а также представляем своим читателям полезную информацию для ведения бизнеса, об истории моды и технологиях производства. Журнал Lingerie — одно из самых читаемых российских изданий о белье и бельевом бизнесе, издается с 2004 года, выходит 5 раз в год, приурочено к ведущим международным бельевым выставкам. Все эти годы мы освещаем коллекции, тенденции,выставки и события бельевого бизнеса, а также представляем своим читателям полезную информацию для ведения бизнеса, об истории моды и технологиях производства. Lingerie поддерживает бренды нижнего белья, пляжной и домашней одежды, а также чулочно-носочной продукции среднего и высокого классов. Издание служит ориентиром для байеров, крупных ритейлеров, профессионалов бельевого бизнеса и конечных потребителей при осуществлении заказов. | https://lingerie-magazin.ru/ | info@lingerie-magazin.ru; marketing@lingerie-magazin.ru",parsed_detail,products,2026-08-24T05:45:15Z,cpm-moscow-autumn-2026-expodat-signo-v1.0.1,expodat_cpm_2026_autumn_public_catalog,2aabef9f9fea93d578d2af121e79466f98e9ed54ca6192442e9543b79eb80f01,
CPM – Collection Première Moscow Осень 2026,1–4 сентября 2026,LIU JO SHOES,Liu Jo Shoes,обувь,Италия,,,13A27,,"Мода и стиль; женская, мужская и детская одежда; аксессуары; текстиль","Liu Jo Shoes-это обширная коллекция обуви, которая захватывает самые модные силуэты этого времени, изобретая обнадеживающие, неизменно соблазнительные женские формы. Каждый стиль в коллекции обуви идеально закончен и уникален в своих деталях, он был разработан для максимальной универсальности, чтобы сочетаться с любым внешним видом.",LIU JO SHOES,https://www.liujo.com/,marco.beltrami@liujoshoes.it,+39 351 2465988,https://md.expodat.com/companies/company/21534-liu-jo-shoes.html,21534,"LIU JO SHOES | Италия | 13A27 | Liu Jo Shoes-это обширная коллекция обуви, которая захватывает самые модные силуэты этого времени, изобретая обнадеживающие, неизменно соблазнительные женские формы. Каждый стиль в коллекции обуви идеально закончен и уникален в своих деталях, он был разработан для максимальной универсальности, чтобы сочетаться с любым внешним видом. | https://www.liujo.com/ | marco.beltrami@liujoshoes.it",parsed_detail,,2026-08-24T05:45:15Z,cpm-moscow-autumn-2026-expodat-signo-v1.0.1,expodat_cpm_2026_autumn_public_catalog,3840eee42795626f572da644823ed574e81d8aad5ea19e9bbaa24df23d97b44b,
CPM – Collection Première Moscow Осень 2026,1–4 сентября 2026,"LIYANG HUALIAN GARMENT CO., LTD","Liyang Hualian Garment Co., Ltd","текстиль и трикотаж, одежда",Китай,,,"15A90, 15A92",,"Мода и стиль; женская, мужская и детская одежда; аксессуары; текстиль","Liyang Hualian Garment Co., Ltd. was established in 2014 and specializes in high-quality knitted garments. With professional expertise in sweater manufacturing, the company provides OEM/ODM services for global brands and retailers. Hualian focuses on sweaters, cardigans, and various knitwear products, with strong capabilities in wool, cotton, recycled yarns, and natural fiber blends. With complete production processes, strict quality control, and sustainable practices, Hualian delivers reliable knitwear solutions for customers in Russia, Easter","LIYANG HUALIAN GARMENT CO., LTD",http://www.hualianwear.com,aida@hualianwear.com,+86 18251223816,https://md.expodat.com/companies/company/40504-wantuo.html,40504,"LIYANG HUALIAN GARMENT CO., LTD | Китай | 15A90, 15A92 | Liyang Hualian Garment Co., Ltd. was established in 2014 and specializes in high-quality knitted garments. With professional expertise in sweater manufacturing, the company provides OEM/ODM services for global brands and retailers. Hualian focuses on sweaters, cardigans, and various knitwear products, with strong capabilities in wool, cotton, recycled yarns, and natural fiber blends. With complete production processes, strict quality control, and sustainable practices, Hualian delivers reliable knitwear solutions for customers in Russia, Easter | http://www.hualianwear.com | aida@hualianwear.com",parsed_detail,,2026-08-24T05:45:15Z,cpm-moscow-autumn-2026-expodat-signo-v1.0.1,expodat_cpm_2026_autumn_public_catalog,c943a4dc83fc38cd2787f0801ad723be0c22381702646020228c69f2ff9beaba,
CPM – Collection Première Moscow Осень 2026,1–4 сентября 2026,LIZALU',Lizalu',одежда,Италия,,,13A19,,"Мода и стиль; женская, мужская и детская одежда; аксессуары; текстиль","Lizalu' - это бренд для женщин с пышными формами, которого ищет каждая женщина, он для тех, кто не боится показывать себя такой, какая она есть. это бренд с несколькими душами, с Lizalu' одежда покупается не просто из необходимости одеваться, а из желания это делать, компания, в центре внимания которой находятся ее клиентки и их запрози. Lizalu' является синонимом инклюзивной моды, все его любят, все его хотят.",LIZALU',https://lizalu.it/,p.buglione@hotmail.it,+39 338 9448370,https://md.expodat.com/companies/company/39191-lizalu.html,39191,"LIZALU' | Италия | 13A19 | Lizalu' - это бренд для женщин с пышными формами, которого ищет каждая женщина, он для тех, кто не боится показывать себя такой, какая она есть. это бренд с несколькими душами, с Lizalu' одежда покупается не просто из необходимости одеваться, а из желания это делать, компания, в центре внимания которой находятся ее клиентки и их запрози. Lizalu' является синонимом инклюзивной моды, все его любят, все его хотят. | https://lizalu.it/ | p.buglione@hotmail.it",parsed_detail,,2026-08-24T05:45:15Z,cpm-moscow-autumn-2026-expodat-signo-v1.0.1,expodat_cpm_2026_autumn_public_catalog,c86085b61e3d89da312dbed7ad0781a908ca0044ba8cea71ddb2991b737846a3,
CPM – Collection Première Moscow Осень 2026,1–4 сентября 2026,LONG RIVER,Long River,"сумки, аксессуары, изделия из кожи и меха",Россия,,,14F04,,"Мода и стиль; женская, мужская и детская одежда; аксессуары; текстиль","Long River — это независимый российский бренд кожаных изделий, основанный на уважении к ремеслу, материалу и человеку. Мы создаём рюкзаки, сумки и аксессуары, которые сочетают в себе продуманный дизайн, надёжную конструкцию и тактильную выразительность натуральной кожи. Каждое изделие Long River разрабатывается и собирается вручную в нашей мастерской. Мы работаем медленно и честно, чтобы вещь служила годами, а не сезонами. Нам важны не тренды, а характер — в изделиях, в людях, в деталях.",LONG RIVER,https://longriver.ru/,,+7 993 624-36-54,https://md.expodat.com/companies/company/39845-long-river.html,39845,"LONG RIVER | Россия | 14F04 | Long River — это независимый российский бренд кожаных изделий, основанный на уважении к ремеслу, материалу и человеку. Мы создаём рюкзаки, сумки и аксессуары, которые сочетают в себе продуманный дизайн, надёжную конструкцию и тактильную выразительность натуральной кожи. Каждое изделие Long River разрабатывается и собирается вручную в нашей мастерской. Мы работаем медленно и честно, чтобы вещь служила годами, а не сезонами. Нам важны не тренды, а характер — в изделиях, в людях, в деталях. | https://longriver.ru/",parsed_detail,,2026-08-24T05:45:15Z,cpm-moscow-autumn-2026-expodat-signo-v1.0.1,expodat_cpm_2026_autumn_public_catalog,a29f140fdc77d8880691f8b60912e946893c2f116fd9fbdd34164369d5cbb435,
CPM – Collection Première Moscow Осень 2026,1–4 сентября 2026,LORENTINO,Lorentino,"нижнее белье и пляжная одежда, сумки, аксессуары, одежда",Россия,,,15B30,,"Мода и стиль; женская, мужская и детская одежда; аксессуары; текстиль","Lorentino – бренд стильных, качественных и модных аксессуаров, рожденных в собственном дизайн-бюро. Мы работаем только с оптом и создаём коллекции, которых нет на массовых онлайн платформах — ваши полки будут отличаться от конкурентов. Lorentino – бренд стильных, качественных и модных аксессуаров, рожденных в собственном дизайн-бюро. Мы работаем только с оптом и создаём коллекции, которых нет на массовых онлайн платформах — ваши полки будут отличаться от конкурентов. Свободный склад и отсутствие розницы гарантируют наличие и быстрые отгрузки. Бизнес полного цикла: от разработки дизайна до логистики – мы берем на себя все заботы о производстве и доставке. Готовы расти вместе? Свяжитесь с нами — подберём решение под ваши задачи. Наш ассортимент: • Шарфы, платки и палантины с авторским дизайном • Перчатки и варежки • Головные уборы • Сумки • Кошельки и визитницы • Зонты • Ремни • Пляжная одежда • Подарочная упаковка для магазинов",LORENTINO,https://lorentino.ru/,lorentino@inbox.ru; vitalik.shirokov.72@bk.ru,+74956321330; +79037221364,https://md.expodat.com/companies/company/21351-lorentino.html,21351,"LORENTINO | Россия | 15B30 | Lorentino – бренд стильных, качественных и модных аксессуаров, рожденных в собственном дизайн-бюро. Мы работаем только с оптом и создаём коллекции, которых нет на массовых онлайн платформах — ваши полки будут отличаться от конкурентов. Lorentino – бренд стильных, качественных и модных аксессуаров, рожденных в собственном дизайн-бюро. Мы работаем только с оптом и создаём коллекции, которых нет на массовых онлайн платформах — ваши полки будут отличаться от конкурентов. Свободный склад и отсутствие розницы гарантируют наличие и быстрые отгрузки. Бизнес полного цикла: от разработки дизайна до логистики – мы берем на себя все заботы о производстве и доставке. Готовы расти вместе? Свяжитесь с нами — подберём решение под ваши задачи. Наш ассортимент: • Шарфы, платки и палантины с авторским дизайном • Перчатки и варежки • Головные уборы • Сумки • Кошельки и визитницы • Зонты • Ремни • Пляжная одежда • Подарочная упаковка для магазинов | https://lorentino.ru/ | lorentino@inbox.ru; vitalik.shirokov.72@bk.ru",parsed_detail,,2026-08-24T05:45:15Z,cpm-moscow-autumn-2026-expodat-signo-v1.0.1,expodat_cpm_2026_autumn_public_catalog,edfe38d1d3ab10e68f9c7531a97b847dbf16b96e2e19859bcbbea329dd9b8a96,
CPM – Collection Première Moscow Осень 2026,1–4 сентября 2026,LORY,LORY,"текстиль и трикотаж, одежда",Россия,,,14E38-14F39,,"Мода и стиль; женская, мужская и детская одежда; аксессуары; текстиль","- мы имеем современное дизайнерское бюро и конструкторский отдел. - выпускаем продукцию своих оригинальных разработок, соответствующую текущим модным тенденциям; - разрабатываем уникальные принты для полотен; - сотрудничаем с лучшими поставщиками трикотажных полотен из Турции и Европы; - используем преимущественно натуральные трикотажные полотна, соответствующие всем экологическим и медицинским требованиям; - мы предлагаем для продажи более 1500 моделей женской одежды; - каждый месяц пополняем ассортимент новыми моделями; - наш лозунг: «КАЧЕСТВО ВЫШЕ ЦЕНЫ».",LORY,http://www.lorynait.ru,info@lorynait.ru,+7 495 955 91 99,https://md.expodat.com/companies/company/22559-lory-nait.html,22559,"LORY | Россия | 14E38-14F39 | - мы имеем современное дизайнерское бюро и конструкторский отдел. - выпускаем продукцию своих оригинальных разработок, соответствующую текущим модным тенденциям; - разрабатываем уникальные принты для полотен; - сотрудничаем с лучшими поставщиками трикотажных полотен из Турции и Европы; - используем преимущественно натуральные трикотажные полотна, соответствующие всем экологическим и медицинским требованиям; - мы предлагаем для продажи более 1500 моделей женской одежды; - каждый месяц пополняем ассортимент новыми моделями; - наш лозунг: «КАЧЕСТВО ВЫШЕ ЦЕНЫ». | http://www.lorynait.ru | info@lorynait.ru",parsed_detail,,2026-08-24T05:45:15Z,cpm-moscow-autumn-2026-expodat-signo-v1.0.1,expodat_cpm_2026_autumn_public_catalog,cba7fbfcb5b4400c1bb68f961f80167fa6ed375704beb4c015ef68e5d954331b,
CPM – Collection Première Moscow Осень 2026,1–4 сентября 2026,LUDOR,LUDOR,"детская одежда, сумки, изделия из кожи и меха",Россия,,,15A10,,"Мода и стиль; женская, мужская и детская одежда; аксессуары; текстиль","LUDOR | DE-GOSA | DE-GOSA KIDS — кожгалантерея, которой доверяют ⠀ 20 лет на рынке. Производим на собственной фабрике - контролируем качество на всех этапах. Мы предлагаем: ✔ Широкий ассортимент: сумки, рюкзаки, ремни, кошельки, перчатки, чемоданы ✔ Продукцию, адаптированную под российский рынок ✔ Первая доставка до ТК в вашем городе за наш счет ✔ Быстрые отгрузки и стабильные поставки ✔ Маржинальный товар, который быстро оборачивается ⠀ С нами удобно, выгодно и надёжно.",LUDOR,https://ludor66.ru/,nn@ludor66.ru,+79221780698,https://md.expodat.com/companies/company/34205-ludor.html,34205,"LUDOR | Россия | 15A10 | LUDOR | DE-GOSA | DE-GOSA KIDS — кожгалантерея, которой доверяют ⠀ 20 лет на рынке. Производим на собственной фабрике - контролируем качество на всех этапах. Мы предлагаем: ✔ Широкий ассортимент: сумки, рюкзаки, ремни, кошельки, перчатки, чемоданы ✔ Продукцию, адаптированную под российский рынок ✔ Первая доставка до ТК в вашем городе за наш счет ✔ Быстрые отгрузки и стабильные поставки ✔ Маржинальный товар, который быстро оборачивается ⠀ С нами удобно, выгодно и надёжно. | https://ludor66.ru/ | nn@ludor66.ru",parsed_detail,,2026-08-24T05:45:15Z,cpm-moscow-autumn-2026-expodat-signo-v1.0.1,expodat_cpm_2026_autumn_public_catalog,c4de181f7c8547fdd7da67fd737f30e505cea85b8c3aae5cceb4e6547a99322d,
CPM – Collection Première Moscow Осень 2026,1–4 сентября 2026,LUISA WANG,Luisa Wang,"одежда, аксессуары",,,,14D28,,"Мода и стиль; женская, мужская и детская одежда; аксессуары; текстиль",,LUISA WANG,,,+7 495 955 91 99,https://md.expodat.com/companies/company/40399-luisa-wang.html,40399,LUISA WANG | 14D28,parsed_detail,,2026-08-24T05:45:15Z,cpm-moscow-autumn-2026-expodat-signo-v1.0.1,expodat_cpm_2026_autumn_public_catalog,8e955c2154b3ad2830b199383b3d98a62ed4f2b84e3f0230bcd17fbe82b5bebc,
CPM – Collection Première Moscow Осень 2026,1–4 сентября 2026,LUMIERE MAGIQUE,Lumiere Magique,"одежда, аксессуары",Россия,,,14A85,,"Мода и стиль; женская, мужская и детская одежда; аксессуары; текстиль",,LUMIERE MAGIQUE,,,+7 495 955 91 99,https://md.expodat.com/companies/company/41470-lumiere-magique.html,41470,LUMIERE MAGIQUE | Россия | 14A85,parsed_detail,,2026-08-24T05:45:15Z,cpm-moscow-autumn-2026-expodat-signo-v1.0.1,expodat_cpm_2026_autumn_public_catalog,b5c806458e56999a6c168951b992ae7776a1ffade54b204c24c3155baf56bdb4,
CPM – Collection Première Moscow Осень 2026,1–4 сентября 2026,LUUKAA,Luukaa,"одежда, аксессуары",Германия,,,13C29,,"Мода и стиль; женская, мужская и детская одежда; аксессуары; текстиль",,LUUKAA,,,+7 495 955 91 99,https://md.expodat.com/companies/company/25885-luukaa.html,25885,LUUKAA | Германия | 13C29,parsed_detail,,2026-08-24T05:45:15Z,cpm-moscow-autumn-2026-expodat-signo-v1.0.1,expodat_cpm_2026_autumn_public_catalog,9064e407ca39b20931badf347e1a04f803c121088279a1e800357b1acbaa07fa,
CPM – Collection Première Moscow Осень 2026,1–4 сентября 2026,LUVBURKINI,Luvburkini,"одежда, аксессуары",,,,13C39,,"Мода и стиль; женская, мужская и детская одежда; аксессуары; текстиль",,LUVBURKINI,,,+7 495 955 91 99,https://md.expodat.com/companies/company/41452-luvburkini.html,41452,LUVBURKINI | 13C39,parsed_detail,,2026-08-24T05:45:15Z,cpm-moscow-autumn-2026-expodat-signo-v1.0.1,expodat_cpm_2026_autumn_public_catalog,041401780872c2ce57b11220296ce3e15dc4d24701d5c9aa7a286f318e927002,
CPM – Collection Première Moscow Осень 2026,1–4 сентября 2026,L’ALLEE,L’Allee,"одежда, аксессуары",,,,13C39,,"Мода и стиль; женская, мужская и детская одежда; аксессуары; текстиль",,L’ALLEE,,,+7 495 955 91 99,https://md.expodat.com/companies/company/41455-l-allee.html,41455,L’ALLEE | 13C39,parsed_detail,,2026-08-24T05:45:15Z,cpm-moscow-autumn-2026-expodat-signo-v1.0.1,expodat_cpm_2026_autumn_public_catalog,683538b6d3059293b80f25fbdf00921f4ddae77994c9f967abc9500c6b72fd05,
CPM – Collection Première Moscow Осень 2026,1–4 сентября 2026,"M AND L GUANGZHOU TEXTILE AND GARMENT CO., LTD.","M And L Guangzhou Textile And Garment Co., Ltd.",одежда,Китай,,,15E51,,"Мода и стиль; женская, мужская и детская одежда; аксессуары; текстиль","M AND L GUANGZHOU TEXTILE AND GARMENT CO., LTD.","M AND L GUANGZHOU TEXTILE AND GARMENT CO., LTD.",,,+7 495 955 91 99,https://md.expodat.com/companies/company/41218-m-and-l-guangzhou-textile-and-garment-co-ltd.html,41218,"M AND L GUANGZHOU TEXTILE AND GARMENT CO., LTD. | Китай | 15E51 | M AND L GUANGZHOU TEXTILE AND GARMENT CO., LTD.",parsed_detail,,2026-08-24T05:45:15Z,cpm-moscow-autumn-2026-expodat-signo-v1.0.1,expodat_cpm_2026_autumn_public_catalog,915d23da6113f87e953e751bd5667d1a6a46be148016c76f093f8f7d4e47e675,
CPM – Collection Première Moscow Осень 2026,1–4 сентября 2026,M*BRC,M*BRC,"сумки, изделия из кожи и меха",Россия,,,14Е20 / 14F21,,"Мода и стиль; женская, мужская и детская одежда; аксессуары; текстиль","Массимо Браччалини – сын искусства. С юных лет он участвовал в семейном бизнесе и на протяжении многих лет тесно сотрудничал со своей матерью Карлой Браччиалини, сначала в качестве стилиста, а затем в качестве арт-директора, способствуя тому, чтобы сумки Braccialini стали известны и ценились во всем мире как символ оригинальности и эксклюзивности. Массимо Браччалини – сын искусства. С юных лет он участвовал в семейном бизнесе и на протяжении многих лет тесно сотрудничал со своей матерью Карлой Браччиалини, сначала в качестве стилиста, а затем в качестве арт-директора, способствуя тому, чтобы сумки Braccialini стали известны и ценились во всем мире как символ оригинальности и эксклюзивности. . Своей страстью и творчеством она оставила неизгладимый след в истории итальянских изделий из кожи. Создание чего-то из ничего — это задача, которая заставляет его выходить за рамки ограничений. Сегодня, с еще большим импульсом, он создал новую линию сумок под торговой маркой M★BRC, которая, сохраняя свою творческую ДНК, ориентирована на публику с современным вкусом. Амбициозный проект, рожденный потребностью в переменах, в котором Массимо выражает свою чувствительность к вселенной моды на 360 градусов. Продукт находится в центре его творений и является отличительной чертой Дома, полностью выражая видение бренда. Для Массимо ощущение успеха продукта лежит в основе каждого проекта. Коллекции кожи M★BRC отличаются вниманием к деталям, они современные, свежие и актуальные. Создаваемые таким образом продукты выражают сильную идентичность, но в то же время привлекают разнородный рынок. Исследования, эксперименты и опыт являются их сильными сторонами и сочетаются с удовлетворением от создания и интерпретации потребностей постоянно развивающегося мира.",M*BRC,,,+7 495 955 91 99,https://md.expodat.com/companies/company/27577-m-brc.html,27577,"M*BRC | Россия | 14Е20 / 14F21 | Массимо Браччалини – сын искусства. С юных лет он участвовал в семейном бизнесе и на протяжении многих лет тесно сотрудничал со своей матерью Карлой Браччиалини, сначала в качестве стилиста, а затем в качестве арт-директора, способствуя тому, чтобы сумки Braccialini стали известны и ценились во всем мире как символ оригинальности и эксклюзивности. Массимо Браччалини – сын искусства. С юных лет он участвовал в семейном бизнесе и на протяжении многих лет тесно сотрудничал со своей матерью Карлой Браччиалини, сначала в качестве стилиста, а затем в качестве арт-директора, способствуя тому, чтобы сумки Braccialini стали известны и ценились во всем мире как символ оригинальности и эксклюзивности. . Своей страстью и творчеством она оставила неизгладимый след в истории итальянских изделий из кожи. Создание чего-то из ничего — это задача, которая заставляет его выходить за рамки ограничений. Сегодня, с еще большим импульсом, он создал новую линию сумок под торговой маркой M★BRC, которая, сохраняя свою творческую ДНК, ориентирована на публику с современным вкусом. Амбициозный проект, рожденный потребностью в переменах, в котором Массимо выражает свою чувствит",parsed_detail,,2026-08-24T05:45:15Z,cpm-moscow-autumn-2026-expodat-signo-v1.0.1,expodat_cpm_2026_autumn_public_catalog,27cb0fb803b3153f08ff6cc5e9046b63000cd951d1295099d2a44c7316ae1951,
CPM – Collection Première Moscow Осень 2026,1–4 сентября 2026,M.Y. CASHMERE,M.Y. Cashmere,текстиль и трикотаж,Китай,,,14F85,,"Мода и стиль; женская, мужская и детская одежда; аксессуары; текстиль",SHANGHAI JINGSHENG GROUP LTD,M.Y. CASHMERE,,,+7 495 955 91 99,https://md.expodat.com/companies/company/40873-m-y-cashmere.html,40873,M.Y. CASHMERE | Китай | 14F85 | SHANGHAI JINGSHENG GROUP LTD,parsed_detail,,2026-08-24T05:45:15Z,cpm-moscow-autumn-2026-expodat-signo-v1.0.1,expodat_cpm_2026_autumn_public_catalog,ff479e73fabafba280be2724a3d7a595790518d8f0911ad9025588461e196372,
CPM – Collection Première Moscow Осень 2026,1–4 сентября 2026,MADZERINI,Madzerini,"одежда, аксессуары",Молдавия,,,15A38,,"Мода и стиль; женская, мужская и детская одежда; аксессуары; текстиль",,MADZERINI,http://www.madzerini.it,,+7 495 955 91 99,https://md.expodat.com/companies/company/23507-madzerini.html,23507,MADZERINI | Молдавия | 15A38 | http://www.madzerini.it,parsed_detail,,2026-08-24T05:45:15Z,cpm-moscow-autumn-2026-expodat-signo-v1.0.1,expodat_cpm_2026_autumn_public_catalog,07f61316d518c509e7447c55ca11e72ca2a4f6e9bb7e6b1d3921d1d44ff0f81a,
CPM – Collection Première Moscow Осень 2026,1–4 сентября 2026,MAESTA,Maesta,"одежда, аксессуары",Италия,,,13B35,,"Мода и стиль; женская, мужская и детская одежда; аксессуары; текстиль","Изысканный выбор комфортных высококачественных тканей воплощается в гламурных и женственных моделях, дополненных интригующими и неожиданными сочетаниями, всегда эксклюзивными и неповторимыми. MAESTA создана для женщин, которые стремятся к оригинальности и современной элегантности в своей повседневной жизни.",MAESTA,http://www.ma-esta.it/,commerciale@confabi.com,+39 0377 56018,https://md.expodat.com/companies/company/28675-maesta.html,28675,"MAESTA | Италия | 13B35 | Изысканный выбор комфортных высококачественных тканей воплощается в гламурных и женственных моделях, дополненных интригующими и неожиданными сочетаниями, всегда эксклюзивными и неповторимыми. MAESTA создана для женщин, которые стремятся к оригинальности и современной элегантности в своей повседневной жизни. | http://www.ma-esta.it/ | commerciale@confabi.com",parsed_detail,,2026-08-24T05:45:15Z,cpm-moscow-autumn-2026-expodat-signo-v1.0.1,expodat_cpm_2026_autumn_public_catalog,8da71554b592d988484a1f482dec30cd62196ab9fec1dd6badee930e991cc5c6,
CPM – Collection Première Moscow Осень 2026,1–4 сентября 2026,MAGLIFICIO DA-NI,Maglificio Da-Ni,текстиль и трикотаж,Италия,,,13B31,,"Мода и стиль; женская, мужская и детская одежда; аксессуары; текстиль","She's So появилась на свет не случайно. Никола и Даниэла Николини буквально выросли на принадлежавшей их матери фабрике, которая уже в шестидесятые годы производила трикотаж высочайшего уровня, и занимались семейным делом с детства. В 2000‐ом году Никола решил самостоятельно создать новую линию и вместе с Даниэлой основал She's So. Каждая вещь этой линии несет в себе индивидуальность бренда.",MAGLIFICIO DA-NI,http://www.shesso.com,info@shesso.com,+39 0541 945768,https://md.expodat.com/companies/company/19590-maglificio-da-ni.html,19590,"MAGLIFICIO DA-NI | Италия | 13B31 | She's So появилась на свет не случайно. Никола и Даниэла Николини буквально выросли на принадлежавшей их матери фабрике, которая уже в шестидесятые годы производила трикотаж высочайшего уровня, и занимались семейным делом с детства. В 2000‐ом году Никола решил самостоятельно создать новую линию и вместе с Даниэлой основал She's So. Каждая вещь этой линии несет в себе индивидуальность бренда. | http://www.shesso.com | info@shesso.com",parsed_detail,,2026-08-24T05:45:15Z,cpm-moscow-autumn-2026-expodat-signo-v1.0.1,expodat_cpm_2026_autumn_public_catalog,cfc7b46949b80ec677bca4314a16854de1667ff7145fe59c2f797c50d920c3f4,
CPM – Collection Première Moscow Осень 2026,1–4 сентября 2026,MAGNUM,Magnum,одежда,Россия,,,15B44,,"Мода и стиль; женская, мужская и детская одежда; аксессуары; текстиль","MAGNUM - это бренд для тех, кто не боится быть в центре внимания. За 15 лет на рынке мы переосмыслили мужской гардероб, добавив в него драйв уличной моды и эстетику концепт- сторов. Наша компания специализируется на ярких авторских принтах и уникальных дизайнерских решениях. MAGNUM - это бренд для тех, кто не боится быть в центре внимания. За 15 лет на рынке мы переосмыслили мужской гардероб, добавив в него драйв уличной моды и эстетику концепт- сторов. Наша компания специализируется на ярких авторских принтах и уникальных дизайнерских решениях. Особое место в коллекциях занимает линейка одежды в стиле Korean style: футуристические мантии и джоггеры уже стали бестселлерами. Мы открыты для сотрудничесва и осуществляем оптовые поставки по всей России и в республику Беларусь.",MAGNUM,,magnum.sad.19.90@gmail.com; magnum19.79.25@gmail.com,+79168007201,https://md.expodat.com/companies/company/40284-magnum.html,40284,"MAGNUM | Россия | 15B44 | MAGNUM - это бренд для тех, кто не боится быть в центре внимания. За 15 лет на рынке мы переосмыслили мужской гардероб, добавив в него драйв уличной моды и эстетику концепт- сторов. Наша компания специализируется на ярких авторских принтах и уникальных дизайнерских решениях. MAGNUM - это бренд для тех, кто не боится быть в центре внимания. За 15 лет на рынке мы переосмыслили мужской гардероб, добавив в него драйв уличной моды и эстетику концепт- сторов. Наша компания специализируется на ярких авторских принтах и уникальных дизайнерских решениях. Особое место в коллекциях занимает линейка одежды в стиле Korean style: футуристические мантии и джоггеры уже стали бестселлерами. Мы открыты для сотрудничесва и осуществляем оптовые поставки по всей России и в республику Беларусь. | magnum.sad.19.90@gmail.com; magnum19.79.25@gmail.com",parsed_detail,,2026-08-24T05:45:15Z,cpm-moscow-autumn-2026-expodat-signo-v1.0.1,expodat_cpm_2026_autumn_public_catalog,e778c4f670fe6daeac5b311837d42ec8e9ae5e7e81aedb334c2d1223b3cf2ef5,
CPM – Collection Première Moscow Осень 2026,1–4 сентября 2026,MAGRO,MAGRO,"одежда, аксессуары",Турция,,,,,"Мода и стиль; женская, мужская и детская одежда; аксессуары; текстиль",,MAGRO,,,+7 495 955 91 99,https://md.expodat.com/companies/company/40326-magro.html,40326,MAGRO | Турция,parsed_detail,,2026-08-24T05:45:15Z,cpm-moscow-autumn-2026-expodat-signo-v1.0.1,expodat_cpm_2026_autumn_public_catalog,25a034ab26dd917025fd3106aeb4961f0a2739955f9ce75d27b098553e120f21,
CPM – Collection Première Moscow Осень 2026,1–4 сентября 2026,MALAGRIDA,Malagrida,"текстиль и трикотаж, одежда",Италия,,,13B29,,"Мода и стиль; женская, мужская и детская одежда; аксессуары; текстиль","Предложение стиля Malagrida - это total look для мужчин с особым вниманием к трикотажу, брюкам и рубашкам. Для трикотажа предлагаются две линии: одна более классическая, и одна спортивно-городская. Каждая коллекция является результатом постоянного стилистического исследования, тщательного выбора тканей и сырья, а также качества производства, которое проверяется и контролируется на каждом этапе.",MALAGRIDA,http://www.malagrida.it,info@malagrida.it,+39 0733 966413,https://md.expodat.com/companies/company/19503-malagrida.html,19503,"MALAGRIDA | Италия | 13B29 | Предложение стиля Malagrida - это total look для мужчин с особым вниманием к трикотажу, брюкам и рубашкам. Для трикотажа предлагаются две линии: одна более классическая, и одна спортивно-городская. Каждая коллекция является результатом постоянного стилистического исследования, тщательного выбора тканей и сырья, а также качества производства, которое проверяется и контролируется на каждом этапе. | http://www.malagrida.it | info@malagrida.it",parsed_detail,,2026-08-24T05:45:15Z,cpm-moscow-autumn-2026-expodat-signo-v1.0.1,expodat_cpm_2026_autumn_public_catalog,033b07886036f55ea2d2ed93a6237cf60bd3753a08308f46438cd0e0bf0b121c,
CPM – Collection Première Moscow Осень 2026,1–4 сентября 2026,MALAGRIDA MANIFATTURE,Malagrida Manifatture,"текстиль и трикотаж, одежда",Италия,,,13B29,,"Мода и стиль; женская, мужская и детская одежда; аксессуары; текстиль","Предложение стиля Malagrida - это total look для мужчин с особым вниманием к трикотажу, брюкам и рубашкам. Для трикотажа предлагаются две линии: одна более классическая, и одна спортивно-городская. Каждая коллекция является результатом постоянного стилистического исследования, тщательного выбора тканей и сырья, а также качества производства, которое проверяется и контролируется на каждом этапе.",MALAGRIDA MANIFATTURE,http://www.malagrida.it,info@malagrida.it,+39 0733 966413,https://md.expodat.com/companies/company/19593-malagrida-manifatture.html,19593,"MALAGRIDA MANIFATTURE | Италия | 13B29 | Предложение стиля Malagrida - это total look для мужчин с особым вниманием к трикотажу, брюкам и рубашкам. Для трикотажа предлагаются две линии: одна более классическая, и одна спортивно-городская. Каждая коллекция является результатом постоянного стилистического исследования, тщательного выбора тканей и сырья, а также качества производства, которое проверяется и контролируется на каждом этапе. | http://www.malagrida.it | info@malagrida.it",parsed_detail,,2026-08-24T05:45:15Z,cpm-moscow-autumn-2026-expodat-signo-v1.0.1,expodat_cpm_2026_autumn_public_catalog,7d3d151bfe2d51c51993fb5d80cb1b9d6276562285db0e403cc4c85efbe53cb9,
CPM – Collection Première Moscow Осень 2026,1–4 сентября 2026,MANTEKS VOSTOK,Manteks Vostok,"одежда, аксессуары",,,,15В40,,"Мода и стиль; женская, мужская и детская одежда; аксессуары; текстиль",,MANTEKS VOSTOK,,,+7 495 955 91 99,https://md.expodat.com/companies/company/40396-manteks-vostok.html,40396,MANTEKS VOSTOK | 15В40,parsed_detail,,2026-08-24T05:45:15Z,cpm-moscow-autumn-2026-expodat-signo-v1.0.1,expodat_cpm_2026_autumn_public_catalog,5f2dd9cf339dc972468339a62a4c227f97384fa7e9b3549e8a26323608f89842,
CPM – Collection Première Moscow Осень 2026,1–4 сентября 2026,MARATON,Maraton,,Турция,,,14A11,,"Мода и стиль; женская, мужская и детская одежда; аксессуары; текстиль","OUR VISION with the team spirit we have and the organization we manage a. with our unique designs and quality products that are open to developments to new markets and to future, our Vision is to be among the leading Sportswear Company in the World. OUR MISSION Producing service that is adding value to our shareholders primarily to our employees and customers and that is appreciated by them on Sportswear. OUR VISION with the team spirit we have and the organization we manage a. with our unique designs and quality products that are open to developments to new markets and to future, our Vision is to be among the leading Sportswear Company in the World. OUR MISSION Producing service that is adding value to our shareholders primarily to our employees and customers and that is appreciated by them on Sportswear. Four brothers leaded by Celal Kaya in 1992 establish Cebir Textile. The process that started in a small cutting Workshop in Laleli, started manufacture of sweat suit in a modest workshop. Cebir Textile selling sweat suits that are sewed with top care to all boutique enterprises in this process established its first showroom in ‘Laleli in 1997 by taking one more step beyond. It strengthened its relations with Eastern Europe market by this time, arranged wholesale of the products it manufactured and reached remarkable place in the market. Cebir Textile improving itself with the change in the World acquired Maraton Sport brand in 2000, followed more genuine, and focused way together. In order to signalize its own line in 2001, Male Design Team is established and appreciated by customers with its activities focused on Maraton Sports Collection and genuine works. Cebir Textile maintained its keen development by accelerating its investments despite of global crisis. Within this frame, it expanded its target customers by giving importance on technological investments in 2011 in order to maintain its success. It accelerated corporate development works by getting Professional consultancy assistance by 2012, renewing human resource, work processes and organizational structure together with re-structuring. Cebir Textile is currently providing the best service to its customers in its own segment in its new premises in Istanbul / Mahmutbey having 10000-m2 area, employees more than one hundred and increasing market share. It’s currently started to launch in new markets. So, it both enables employment for the region and foreign currency in flow for our country with the export. Cebir Textile has accepted to make activities pursuant to expectations of neighbourhood and employees, social and ethical rules as one of its main activity rules. Cebir Giyim Textile shows respect to rights and freedoms of its employees and ensures all legal rights of its employees. Employees in our company are represented by the syndicate. Cebir Textile, having the experience on all sections of Sport Wear World from design, packing to transport with its 24-year history, explains its perfectionist concept with ‘’Golden Ratio’’ philosophy. Golden Ratio for Cebir Textile; is located on the top of Sport Wear by meeting manufacture with design on absolute quality pot. Within this philosophy, Cebir Textile relies on a teamwork including the customer. High technology is benefited on each stage of manufacture. It closely follows all global trends about the sector: from design to fabric. The company having a figure that has increased for 24 years in a sector where appreciations and manufacture quality always changes enables this with its design excitement it always protects, team work strengthening collective awareness and professionalism reflecting on all stages of manufacture. Cebir Textile, detecting the needs of customer with top care, reflects new fabric qualities on its collections renewed each 3 months by combining them with latest trend washings. Moreover, it keeps new fabric types newly developed fabric types that are believed to be trend and widely used in the stock in order to shorten manufacture date. Cebir Textile, using advanced technology in its manufacture facilities and giving importance on human resources, is one of the leading companies in its sector. MODEL SHOP It transforms models coming from customers to patterns ready for cutting with its experienced team according to fabric specifications by using digital technology it has. It perfectly manufactures samples within shortest period on production line allocated to model shop by using computer technology both on pattern and cost stage. CUTTING On the cutting requiring sensitivity and speed, fully-automatic computerized cutting systems, all stages from preparing the pattern, designing cloth, laying the fabric and cutting it are performed under the control of computer. PRINT/EMBROIDERY CLASSIFICATION Ornamentations such as print, embroidery are produced with top care and only perfect panels are transferred to sewing by checking all parts. SEWING Talented, discipline machine operators of Cebir Textile create the most important advantage about competitiveness. It is a leading outfit facility standardized high manufacture quality as a result of periodical personnel trainings. QUALITY CONTROL In addition to in-band process controls and end-band quality controls, top care controls are performed in order to deliver perfect products to our customers under the rules determined by our customers. IRONING PACKING Ironing and packing department employees arranges special packing for the orders for various countries by meeting their all special labelling requests, without any need for additional work in the showroom.",MARATON,http://maratonsw.com/,ykaya@maratonsport.com.tr,+902124476060,https://md.expodat.com/companies/company/19296-maraton.html,19296,"MARATON | Турция | 14A11 | OUR VISION with the team spirit we have and the organization we manage a. with our unique designs and quality products that are open to developments to new markets and to future, our Vision is to be among the leading Sportswear Company in the World. OUR MISSION Producing service that is adding value to our shareholders primarily to our employees and customers and that is appreciated by them on Sportswear. OUR VISION with the team spirit we have and the organization we manage a. with our unique designs and quality products that are open to developments to new markets and to future, our Vision is to be among the leading Sportswear Company in the World. OUR MISSION Producing service that is adding value to our shareholders primarily to our employees and customers and that is appreciated by them on Sportswear. Four brothers leaded by Celal Kaya in 1992 establish Cebir Textile. The process that started in a small cutting Workshop in Laleli, started manufacture of sweat suit in a modest workshop. Cebir Textile selling sweat suits that are sewed with top care to all boutique enterprises in this process established its first showroom in ‘Laleli in 1997 by taking ",parsed_detail,products,2026-08-24T05:45:15Z,cpm-moscow-autumn-2026-expodat-signo-v1.0.1,expodat_cpm_2026_autumn_public_catalog,9d92677be7cbe2a8adf84a8163de0fe23719effe099b50b0cf50542ec9063c61,
CPM – Collection Première Moscow Осень 2026,1–4 сентября 2026,MARCO ZANETTI,Marco Zanetti,"одежда, аксессуары",Турция,,,13E40,,"Мода и стиль; женская, мужская и детская одежда; аксессуары; текстиль",,MARCO ZANETTI,http://www.bugoos.com/,,+7 495 955 91 99,https://md.expodat.com/companies/company/21150-marco-zanetti.html,21150,MARCO ZANETTI | Турция | 13E40 | http://www.bugoos.com/,parsed_detail,,2026-08-24T05:45:15Z,cpm-moscow-autumn-2026-expodat-signo-v1.0.1,expodat_cpm_2026_autumn_public_catalog,2f361c388691d51282bb5716c7df5eb1a60b9d8f9be58c3dd2fb40662c0140b9,
CPM – Collection Première Moscow Осень 2026,1–4 сентября 2026,MARGARITA PETKEVICH,Margarita Petkevich,"одежда, аксессуары",Россия,,,15А84,,"Мода и стиль; женская, мужская и детская одежда; аксессуары; текстиль",,MARGARITA PETKEVICH,,,+7 495 955 91 99,https://md.expodat.com/companies/company/36010-margarita-petkevich.html,36010,MARGARITA PETKEVICH | Россия | 15А84,parsed_detail,,2026-08-24T05:45:15Z,cpm-moscow-autumn-2026-expodat-signo-v1.0.1,expodat_cpm_2026_autumn_public_catalog,b25a0c486bd3a04873baf78ddd706cb7fea33d9826bcec6e53954f7368424da1,
CPM – Collection Première Moscow Осень 2026,1–4 сентября 2026,Marhatter,Marhatter,"аксессуары, текстиль и трикотаж, одежда",Россия,,,14Е34,,"Мода и стиль; женская, мужская и детская одежда; аксессуары; текстиль","- Компания MARHATTER - российский производитель трикотажной одежды, головных уборов и аксессуаров для всей семьи. Для производства используется пряжа лучших итальянских, турецких и китайских поставщиков.",Marhatter,https://www.marhatter.ru/,office_mos@marhatter.ru,+7(495)241-19-68,https://md.expodat.com/companies/company/31028-marhatter.html,31028,"Marhatter | Россия | 14Е34 | - Компания MARHATTER - российский производитель трикотажной одежды, головных уборов и аксессуаров для всей семьи. Для производства используется пряжа лучших итальянских, турецких и китайских поставщиков. | https://www.marhatter.ru/ | office_mos@marhatter.ru",parsed_detail,,2026-08-24T05:45:15Z,cpm-moscow-autumn-2026-expodat-signo-v1.0.1,expodat_cpm_2026_autumn_public_catalog,d2eb6e3cb666947fe6b46068ab978cb23572634ceaa5a93276a496cce59458c2,
CPM – Collection Première Moscow Осень 2026,1–4 сентября 2026,MARIAM,Mariam,"одежда, аксессуары",,,,15B61,,"Мода и стиль; женская, мужская и детская одежда; аксессуары; текстиль",,MARIAM,,,+7 495 955 91 99,https://md.expodat.com/companies/company/40786-mariam.html,40786,MARIAM | 15B61,parsed_detail,,2026-08-24T05:45:15Z,cpm-moscow-autumn-2026-expodat-signo-v1.0.1,expodat_cpm_2026_autumn_public_catalog,9428b44a48380cfdbb66f86d63d09014568d9cb0bb7b05795c464577f2949a55,
CPM – Collection Première Moscow Осень 2026,1–4 сентября 2026,MARINA_LUTSKY,Marina_Lutsky,"одежда, аксессуары",Россия,,,15A58,,"Мода и стиль; женская, мужская и детская одежда; аксессуары; текстиль",,MARINA_LUTSKY,,marinalutsky@ocloud.com; marinalutsky@icloud.com,+7 495 955 91 99,https://md.expodat.com/companies/company/25963-marina-lutsky.html,25963,MARINA_LUTSKY | Россия | 15A58 | marinalutsky@ocloud.com; marinalutsky@icloud.com,parsed_detail,,2026-08-24T05:45:15Z,cpm-moscow-autumn-2026-expodat-signo-v1.0.1,expodat_cpm_2026_autumn_public_catalog,dd21c22ba0d6692579c9f914e741c1b439ce28ae909d8bfd9e41a0fdd84c6a02,
CPM – Collection Première Moscow Осень 2026,1–4 сентября 2026,MARISIS,Marisis,"одежда, аксессуары",Турция,,,14A08,,"Мода и стиль; женская, мужская и детская одежда; аксессуары; текстиль",KOZ TEKSTİL SANAYİ VE DIŞ TİC. LTD. ŞTİ,MARISIS,http://www.marisis.com.tr,marisis@hotmail.com,+7 495 955 91 99,https://md.expodat.com/companies/company/19323-marisis.html,19323,MARISIS | Турция | 14A08 | KOZ TEKSTİL SANAYİ VE DIŞ TİC. LTD. ŞTİ | http://www.marisis.com.tr | marisis@hotmail.com,parsed_detail,,2026-08-24T05:45:15Z,cpm-moscow-autumn-2026-expodat-signo-v1.0.1,expodat_cpm_2026_autumn_public_catalog,a4d5508170da4b1a3522b24ab4a83b27cf54ef22b3d1274e2caf4299a4a1b5d5,
CPM – Collection Première Moscow Осень 2026,1–4 сентября 2026,MARKOVA,Markova,"одежда, аксессуары",Турция,,,13F28,,"Мода и стиль; женская, мужская и детская одежда; аксессуары; текстиль","Firmamız 1988 yılından bu yana erkek hazır giyim sektöründe faaliyet göstermektedir. Kuruluşundan itibaren moda sektöründe öncü olmak hedefimizdir. Markova tasarımlarında şıklığı ve rahatlığı buluşturmayı, modern dünyanın ihtiyaçlarına karşılık gelen günün her anına uyan, konforun ön planda olduğu bir stil sunar. 1988 yılından beri sürdürülebilirliğe önem vermektedir.",MARKOVA,http://www.markovastore.com.tr,info@markova.com.tr,+905426422089,https://md.expodat.com/companies/company/31139-markova.html,31139,"MARKOVA | Турция | 13F28 | Firmamız 1988 yılından bu yana erkek hazır giyim sektöründe faaliyet göstermektedir. Kuruluşundan itibaren moda sektöründe öncü olmak hedefimizdir. Markova tasarımlarında şıklığı ve rahatlığı buluşturmayı, modern dünyanın ihtiyaçlarına karşılık gelen günün her anına uyan, konforun ön planda olduğu bir stil sunar. 1988 yılından beri sürdürülebilirliğe önem vermektedir. | http://www.markovastore.com.tr | info@markova.com.tr",parsed_detail,,2026-08-24T05:45:15Z,cpm-moscow-autumn-2026-expodat-signo-v1.0.1,expodat_cpm_2026_autumn_public_catalog,f3fda42df9956a08f150d716f4db3adfc074d052a220ae2dff9244de0ecd6ca1,
CPM – Collection Première Moscow Осень 2026,1–4 сентября 2026,MARLEN,Marlen,одежда,Россия,,,14F45,,"Мода и стиль; женская, мужская и детская одежда; аксессуары; текстиль","Продукция Marlen – это широкий ассортимент женской одежды от производителя: платьев, юбок, блузок, брюк и жакетов. Как и многообразие романтических образов коллекции Marlen разнообразны: от нежного стиля мягких, струящихся тканей приглушенных тонов до эмоционального и сильного образа ярких и насыщенных красок.",MARLEN,https://marlen-dress.ru/,sales@a-mtr.com,+7 495 955 91 99,https://md.expodat.com/companies/company/24909-marlen.html,24909,"MARLEN | Россия | 14F45 | Продукция Marlen – это широкий ассортимент женской одежды от производителя: платьев, юбок, блузок, брюк и жакетов. Как и многообразие романтических образов коллекции Marlen разнообразны: от нежного стиля мягких, струящихся тканей приглушенных тонов до эмоционального и сильного образа ярких и насыщенных красок. | https://marlen-dress.ru/ | sales@a-mtr.com",parsed_detail,,2026-08-24T05:45:15Z,cpm-moscow-autumn-2026-expodat-signo-v1.0.1,expodat_cpm_2026_autumn_public_catalog,cf28b8d102a78dde621222348ff3b11707ab5d895cbe700786ae6bdbb5cdcd89,
CPM – Collection Première Moscow Осень 2026,1–4 сентября 2026,MAT,MAT,одежда,Греция,,,13C26,,"Мода и стиль; женская, мужская и детская одежда; аксессуары; текстиль","MAT Fashion - ведущий греческий бренд женской одежды, предлагающий актуальные тренды и выразительный стиль в размерах plus size (42–58). Основанный в Афинах, бренд уже более 30 лет вдохновляет женщин по всему миру быть уверенными в себе и свободно выражать свою индивидуальность через моду. MAT Fashion - ведущий греческий бренд женской одежды, предлагающий актуальные тренды и выразительный стиль в размерах plus size (42–58). Основанный в Афинах, бренд уже более 30 лет вдохновляет женщин по всему миру быть уверенными в себе и свободно выражать свою индивидуальность через моду. Коллекции MAT Fashion сочетают в себе элегантность, комфорт и креативность. Каждая модель отличается продуманным кроем, качественными материалами и вниманием к деталям - от повседневных образов до вечернего гардероба. С MAT Fashion каждая женщина может чувствовать себя современной, стильной и красивой - независимо от размера.",MAT,https://b2b.matfashion.com/ru/,info@matfashion.com; george@matfashion.com,+306984140075,https://md.expodat.com/companies/company/34172-mat.html,34172,"MAT | Греция | 13C26 | MAT Fashion - ведущий греческий бренд женской одежды, предлагающий актуальные тренды и выразительный стиль в размерах plus size (42–58). Основанный в Афинах, бренд уже более 30 лет вдохновляет женщин по всему миру быть уверенными в себе и свободно выражать свою индивидуальность через моду. MAT Fashion - ведущий греческий бренд женской одежды, предлагающий актуальные тренды и выразительный стиль в размерах plus size (42–58). Основанный в Афинах, бренд уже более 30 лет вдохновляет женщин по всему миру быть уверенными в себе и свободно выражать свою индивидуальность через моду. Коллекции MAT Fashion сочетают в себе элегантность, комфорт и креативность. Каждая модель отличается продуманным кроем, качественными материалами и вниманием к деталям - от повседневных образов до вечернего гардероба. С MAT Fashion каждая женщина может чувствовать себя современной, стильной и красивой - независимо от размера. | https://b2b.matfashion.com/ru/ | info@matfashion.com; george@matfashion.com",parsed_detail,,2026-08-24T05:45:15Z,cpm-moscow-autumn-2026-expodat-signo-v1.0.1,expodat_cpm_2026_autumn_public_catalog,795a6a7dd4ce2bd316102c66174c9b971d34a2415ed8c76d2de7c1b9dcc26b39,
CPM – Collection Première Moscow Осень 2026,1–4 сентября 2026,MAT DE MISAINE,Mat De Misaine,"одежда, аксессуары",Франция,,,13C19,,"Мода и стиль; женская, мужская и детская одежда; аксессуары; текстиль",,MAT DE MISAINE,,dimakop67@mail.ru,+79857841139,https://md.expodat.com/companies/company/31178-mat-de-misaine.html,31178,MAT DE MISAINE | Франция | 13C19 | dimakop67@mail.ru,parsed_detail,,2026-08-24T05:45:15Z,cpm-moscow-autumn-2026-expodat-signo-v1.0.1,expodat_cpm_2026_autumn_public_catalog,da0091a09b876309c573b76ad02be16eed4dbd9bc28e1ab840710817d9f92315,
CPM – Collection Première Moscow Осень 2026,1–4 сентября 2026,MAXEXPROMT,Maxexpromt,одежда,Россия,,,15А18,,"Мода и стиль; женская, мужская и детская одежда; аксессуары; текстиль",ОПТОВАЯ ПРОДАЖА МОДНОЙ ЖЕНСКОЙ ОДЕЖДЫ ИЗ НАТУРАЛЬНЫХ ТКАНЕЙ АВТОРСКИХ ПРИНТОВ,MAXEXPROMT,http://www.maxexpromt.ru,maxexpromt.sale@gmail.com,+7 495 955 91 99,https://md.expodat.com/companies/company/20052-maxexpromt.html,20052,MAXEXPROMT | Россия | 15А18 | ОПТОВАЯ ПРОДАЖА МОДНОЙ ЖЕНСКОЙ ОДЕЖДЫ ИЗ НАТУРАЛЬНЫХ ТКАНЕЙ АВТОРСКИХ ПРИНТОВ | http://www.maxexpromt.ru | maxexpromt.sale@gmail.com,parsed_detail,,2026-08-24T05:45:15Z,cpm-moscow-autumn-2026-expodat-signo-v1.0.1,expodat_cpm_2026_autumn_public_catalog,10a793da2dba1acf482e9d8aadb4493f9a4cfce92d1a465f156cd90628d49fd3,
CPM – Collection Première Moscow Осень 2026,1–4 сентября 2026,MAYER,MAYER,изделия из кожи и меха,Россия,,,15А48,,"Мода и стиль; женская, мужская и детская одежда; аксессуары; текстиль","Компания ""Кожаные ремни"" Mayer на сегодняшний день - ведущий производитель ремней из натуральной кожи на постсоветском пространстве. История компания ведет свой отчет с 1991 года, когда в Москве было основано наше собственное производство.Динамично развиваясь, наша фирма оснастила производство передовыми образцами итальянского оборудования, способного воплотить в жизнь любую дизайнерскую фантазию.",MAYER,,,+7 495 955 91 99,https://md.expodat.com/companies/company/36012-mayer.html,36012,"MAYER | Россия | 15А48 | Компания ""Кожаные ремни"" Mayer на сегодняшний день - ведущий производитель ремней из натуральной кожи на постсоветском пространстве. История компания ведет свой отчет с 1991 года, когда в Москве было основано наше собственное производство.Динамично развиваясь, наша фирма оснастила производство передовыми образцами итальянского оборудования, способного воплотить в жизнь любую дизайнерскую фантазию.",parsed_detail,,2026-08-24T05:45:15Z,cpm-moscow-autumn-2026-expodat-signo-v1.0.1,expodat_cpm_2026_autumn_public_catalog,b40069fc5cb4c1d5cc4158d017b0087126373e61a4cbda1fe8874ae6cbd8e681,
CPM – Collection Première Moscow Осень 2026,1–4 сентября 2026,MCR MODA CRISE,Mcr Moda Crise,"текстиль и трикотаж, одежда",Турция,,,13D20,,"Мода и стиль; женская, мужская и детская одежда; аксессуары; текстиль","Men’s clothing sector of Turkey is one of the first manufacturers of casual clothing style MCR was established in 1989.sensitivity to quality, thanks to modern lines that capture the attention of fabric choices and design has become Turkey’s most respected menswear brand in a short time. Mission By contributing to the style of the modern city man, he has adopted a high quality and innovative understanding in all its products to be a complementary element in every moment of life. Men’s clothing sector of Turkey is one of the first manufacturers of casual clothing style MCR was established in 1989.sensitivity to quality, thanks to modern lines that capture the attention of fabric choices and design has become Turkey’s most respected menswear brand in a short time. Mission By contributing to the style of the modern city man, he has adopted a high quality and innovative understanding in all its products to be a complementary element in every moment of life.All employees’ opinions are becoming a participatory, dynamic and reliable corporate brand taking into consideration the desires and opinions of the customers. Vision It is our most important vision to try to introduce MCR, a quality and trustworthy brand, in a world without borders in the near future, by investing and researching to meet all of our customers’ needs and to make them enjoy shopping.",MCR MODA CRISE,http://www.mcr.com.tr,kaan@modacrise.com,+7 495 955 91 99,https://md.expodat.com/companies/company/21054-mcr-moda-crise.html,21054,"MCR MODA CRISE | Турция | 13D20 | Men’s clothing sector of Turkey is one of the first manufacturers of casual clothing style MCR was established in 1989.sensitivity to quality, thanks to modern lines that capture the attention of fabric choices and design has become Turkey’s most respected menswear brand in a short time. Mission By contributing to the style of the modern city man, he has adopted a high quality and innovative understanding in all its products to be a complementary element in every moment of life. Men’s clothing sector of Turkey is one of the first manufacturers of casual clothing style MCR was established in 1989.sensitivity to quality, thanks to modern lines that capture the attention of fabric choices and design has become Turkey’s most respected menswear brand in a short time. Mission By contributing to the style of the modern city man, he has adopted a high quality and innovative understanding in all its products to be a complementary element in every moment of life.All employees’ opinions are becoming a participatory, dynamic and reliable corporate brand taking into consideration the desires and opinions of the customers. Vision It is our most important vision ",parsed_detail,,2026-08-24T05:45:15Z,cpm-moscow-autumn-2026-expodat-signo-v1.0.1,expodat_cpm_2026_autumn_public_catalog,67afb4477ff331aaaf5f35a1996591784085ecd30b872654d9842948bf009e05,
CPM – Collection Première Moscow Осень 2026,1–4 сентября 2026,MEHOVIK MAGAZINE,Mehovik Magazine,,Россия,,,14А73,,"Мода и стиль; женская, мужская и детская одежда; аксессуары; текстиль",,MEHOVIK MAGAZINE,,aldwin@mail.ru,+7 495 955 91 99,https://md.expodat.com/companies/company/26448-mehovik-magazine.html,26448,MEHOVIK MAGAZINE | Россия | 14А73 | aldwin@mail.ru,parsed_detail,products,2026-08-24T05:45:15Z,cpm-moscow-autumn-2026-expodat-signo-v1.0.1,expodat_cpm_2026_autumn_public_catalog,518641e784500f67e00e9c7385ab57f5dcc6a8ee19976d05346ada96a4f3d8f2,
CPM – Collection Première Moscow Осень 2026,1–4 сентября 2026,MEIMEIJ,Meimeij,"одежда, аксессуары",Италия,,,13B38,,"Мода и стиль; женская, мужская и детская одежда; аксессуары; текстиль","Коллекция SS27 строится вокруг более уверенной в себе и сдержанной женственности, выраженной через контролируемую прозрачность тканей, мягкие объемы и изысканные детали. Результатом становится цельный эстетический язык, который создает гармоничный диалог между легкостью и структурой, определяя новую, естественную и непринужденную элегантность.",MEIMEIJ,https://meimeij.it/,info@meimeij.it,+39 059 8635328,https://md.expodat.com/companies/company/19407-meimeij.html,19407,"MEIMEIJ | Италия | 13B38 | Коллекция SS27 строится вокруг более уверенной в себе и сдержанной женственности, выраженной через контролируемую прозрачность тканей, мягкие объемы и изысканные детали. Результатом становится цельный эстетический язык, который создает гармоничный диалог между легкостью и структурой, определяя новую, естественную и непринужденную элегантность. | https://meimeij.it/ | info@meimeij.it",parsed_detail,,2026-08-24T05:45:15Z,cpm-moscow-autumn-2026-expodat-signo-v1.0.1,expodat_cpm_2026_autumn_public_catalog,b8157358fbcf813aebc66bf6c93bfc179216f36d78815b9972eae6d4199bc206,
CPM – Collection Première Moscow Осень 2026,1–4 сентября 2026,MELISA CITI,Melisa Citi,"одежда, аксессуары",Китай,,,14D49,,"Мода и стиль; женская, мужская и детская одежда; аксессуары; текстиль",,MELISA CITI,,melisa_citi@163.com,+8613811555775,https://md.expodat.com/companies/company/36818-melisa-citi.html,36818,MELISA CITI | Китай | 14D49 | melisa_citi@163.com,parsed_detail,,2026-08-24T05:45:15Z,cpm-moscow-autumn-2026-expodat-signo-v1.0.1,expodat_cpm_2026_autumn_public_catalog,9568bd1a575b715cfc581d5b459fca9a6457d648e68096092b3b3d673bf1a1a8,
CPM – Collection Première Moscow Осень 2026,1–4 сентября 2026,MEYLIM,Meylim,"одежда, аксессуары",Россия,,,14D39,,"Мода и стиль; женская, мужская и детская одежда; аксессуары; текстиль",,MEYLIM,http://www.meylim.ru,farajovilgar64@gmail.com,+7 495 955 91 99,https://md.expodat.com/companies/company/20061-meylim.html,20061,MEYLIM | Россия | 14D39 | http://www.meylim.ru | farajovilgar64@gmail.com,parsed_detail,,2026-08-24T05:45:15Z,cpm-moscow-autumn-2026-expodat-signo-v1.0.1,expodat_cpm_2026_autumn_public_catalog,f5538cb6ae3616bf218a3d36eb7a1b4321254ebec0a0aa8e4c8949cca7af201c,
CPM – Collection Première Moscow Осень 2026,1–4 сентября 2026,MIA BLANCA,Mia Blanca,одежда,Россия,,,13C02,,"Мода и стиль; женская, мужская и детская одежда; аксессуары; текстиль","Бренд женской одежды. Собственное производство пуховиков, пальто, плащей. Выгодные условия сотрудничества.",MIA BLANCA,http://miablanca.com,opt@miablanca.com,+7(911)9700007,https://md.expodat.com/companies/company/31490-mia-blanca.html,31490,"MIA BLANCA | Россия | 13C02 | Бренд женской одежды. Собственное производство пуховиков, пальто, плащей. Выгодные условия сотрудничества. | http://miablanca.com | opt@miablanca.com",parsed_detail,,2026-08-24T05:45:15Z,cpm-moscow-autumn-2026-expodat-signo-v1.0.1,expodat_cpm_2026_autumn_public_catalog,cc9c9ad7c80b237b7bbc73542493708c68e6d959b54dd56e49dc5cf0f0845c3f,
CPM – Collection Première Moscow Осень 2026,1–4 сентября 2026,MIAGRANDE,Miagrande,"одежда, аксессуары",,,,14E54,,"Мода и стиль; женская, мужская и детская одежда; аксессуары; текстиль",,MIAGRANDE,,,+7 495 955 91 99,https://md.expodat.com/companies/company/40735-miagrande.html,40735,MIAGRANDE | 14E54,parsed_detail,,2026-08-24T05:45:15Z,cpm-moscow-autumn-2026-expodat-signo-v1.0.1,expodat_cpm_2026_autumn_public_catalog,172dc94f6b4669124adab9a168ce3c6b27d9666a0f9da2576ffcdaf1144f0204,
CPM – Collection Première Moscow Осень 2026,1–4 сентября 2026,MILA PALOMA,Mila Paloma,"одежда, аксессуары",Франция,,,13C18/13D19,,"Мода и стиль; женская, мужская и детская одежда; аксессуары; текстиль",,MILA PALOMA,,,+7 495 955 91 99,https://md.expodat.com/companies/company/22113-mila-paloma.html,22113,MILA PALOMA | Франция | 13C18/13D19,parsed_detail,,2026-08-24T05:45:15Z,cpm-moscow-autumn-2026-expodat-signo-v1.0.1,expodat_cpm_2026_autumn_public_catalog,7ff1c5ddd0a88c79fbf4f1e2b9510e382a0b845ba5a4856e0a40da89873d114c,
CPM – Collection Première Moscow Осень 2026,1–4 сентября 2026,MILVA MI,Milva Mi,одежда,Италия,,,13A36,,"Мода и стиль; женская, мужская и детская одежда; аксессуары; текстиль","Видение бренда заключается в создании элегантного и женственного продукта, в котором сохранено итальянское внимание к деталям. Мильва хочет передать в своей коллекции SS26 ощущение современного романтизма. Коллекция Весна-Лето характеризуется использованием натуральных тканей и предлагает уникальную и аутентичную одежду в итальянском стиле.",MILVA MI,http://www.milva.mi.it,info@milvap.it,+39 349 1859836,https://md.expodat.com/companies/company/24957-milva-mi.html,24957,"MILVA MI | Италия | 13A36 | Видение бренда заключается в создании элегантного и женственного продукта, в котором сохранено итальянское внимание к деталям. Мильва хочет передать в своей коллекции SS26 ощущение современного романтизма. Коллекция Весна-Лето характеризуется использованием натуральных тканей и предлагает уникальную и аутентичную одежду в итальянском стиле. | http://www.milva.mi.it | info@milvap.it",parsed_detail,,2026-08-24T05:45:15Z,cpm-moscow-autumn-2026-expodat-signo-v1.0.1,expodat_cpm_2026_autumn_public_catalog,1778b34b6f0941ac4f55002d25581d37d9218ca67b6c60819d61a3bc7aa47304,
CPM – Collection Première Moscow Осень 2026,1–4 сентября 2026,MILVA P.,Milva P.,одежда,Италия,,,13A36,,"Мода и стиль; женская, мужская и детская одежда; аксессуары; текстиль","Видение бренда заключается в создании элегантного и женственного продукта, в котором сохранено итальянское внимание к деталям. Мильва хочет передать в своей коллекции SS26 ощущение современного романтизма. Коллекция Весна-Лето характеризуется использованием натуральных тканей и предлагает уникальную и аутентичную одежду в итальянском стиле.",MILVA P.,http://www.milva.mi.it,info@milvap.it,+39 349 1859836,https://md.expodat.com/companies/company/24954-milva-p.html,24954,"MILVA P. | Италия | 13A36 | Видение бренда заключается в создании элегантного и женственного продукта, в котором сохранено итальянское внимание к деталям. Мильва хочет передать в своей коллекции SS26 ощущение современного романтизма. Коллекция Весна-Лето характеризуется использованием натуральных тканей и предлагает уникальную и аутентичную одежду в итальянском стиле. | http://www.milva.mi.it | info@milvap.it",parsed_detail,,2026-08-24T05:45:15Z,cpm-moscow-autumn-2026-expodat-signo-v1.0.1,expodat_cpm_2026_autumn_public_catalog,c9d7f770dd90f8e40b45ee5725116fb86ed27c02dc7d39e4ec6424d563cadeb1,
CPM – Collection Première Moscow Осень 2026,1–4 сентября 2026,MIN HENG APPAREL LTD,Min Heng Apparel Ltd,одежда,Китай,,,15D80-D88,,"Мода и стиль; женская, мужская и детская одежда; аксессуары; текстиль",cap/helmet/clothing,MIN HENG APPAREL LTD,,minheng@163.com,+7 495 955 91 99,https://md.expodat.com/companies/company/37547-min-heng-apparel-ltd.html,37547,MIN HENG APPAREL LTD | Китай | 15D80-D88 | cap/helmet/clothing | minheng@163.com,parsed_detail,,2026-08-24T05:45:15Z,cpm-moscow-autumn-2026-expodat-signo-v1.0.1,expodat_cpm_2026_autumn_public_catalog,16b9652771396d8c59f57a70b9fd4a2d7584e1c3bda45aebe3ea64594c13586a,
CPM – Collection Première Moscow Осень 2026,1–4 сентября 2026,MIR CASHMERE,Mir Cashmere,текстиль и трикотаж,Россия,,,14Е04,,"Мода и стиль; женская, мужская и детская одежда; аксессуары; текстиль","Фабрика по производству изделий из 100% кашемира и кашемира с шелком. Более 17 лет на рынке. Собственное производство в Москве без посредников. Вся пряжа сертифицирована по Швейцарской системе OEKO-TEX, позволяющая гарантировать, что в составе действительно 100% органический кашемир.",MIR CASHMERE,http://www.mir-kashemira.ru,kashemir-office@yandex.ru,+79850403456,https://md.expodat.com/companies/company/18888-mir-cashmere.html,18888,"MIR CASHMERE | Россия | 14Е04 | Фабрика по производству изделий из 100% кашемира и кашемира с шелком. Более 17 лет на рынке. Собственное производство в Москве без посредников. Вся пряжа сертифицирована по Швейцарской системе OEKO-TEX, позволяющая гарантировать, что в составе действительно 100% органический кашемир. | http://www.mir-kashemira.ru | kashemir-office@yandex.ru",parsed_detail,,2026-08-24T05:45:15Z,cpm-moscow-autumn-2026-expodat-signo-v1.0.1,expodat_cpm_2026_autumn_public_catalog,2065f31cd2ded332ad868fafd328e03ceb8fc925edfd808f55a2948e004d84ad,
CPM – Collection Première Moscow Осень 2026,1–4 сентября 2026,MISSLYNX,Misslynx,"изделия из кожи и меха, текстиль и трикотаж, одежда",Китай,,,15D01,,"Мода и стиль; женская, мужская и детская одежда; аксессуары; текстиль","омпания“BEIJING COPENHADER TRADING CO.LTD.” была образована в 2009 году в Пекине. В том же году была запущена собственная торговая марка компании «COPENHADER», чуть позже запустили марку «MISS LYNX». Бизнес-модель компании: Специализируется на разработке, производстве и внешней торговле крупным и мелким оптом качественной и модной одежды для женщин. Основная продукция - женские трикотажные изделия, кашемировые пальто, кожаные куртки и искусственные дублёнки т.д В 2014 году компания вышла на международный рынок, разработав продукцию , соответств",MISSLYNX,,,+7 495 955 91 99,https://md.expodat.com/companies/company/28846-misslynx.html,28846,"MISSLYNX | Китай | 15D01 | омпания“BEIJING COPENHADER TRADING CO.LTD.” была образована в 2009 году в Пекине. В том же году была запущена собственная торговая марка компании «COPENHADER», чуть позже запустили марку «MISS LYNX». Бизнес-модель компании: Специализируется на разработке, производстве и внешней торговле крупным и мелким оптом качественной и модной одежды для женщин. Основная продукция - женские трикотажные изделия, кашемировые пальто, кожаные куртки и искусственные дублёнки т.д В 2014 году компания вышла на международный рынок, разработав продукцию , соответств",parsed_detail,,2026-08-24T05:45:15Z,cpm-moscow-autumn-2026-expodat-signo-v1.0.1,expodat_cpm_2026_autumn_public_catalog,c33e11c7be4aae21d56c52f4525570a41f3ffa31794e5e02f65e0fc6cf1e76b4,
CPM – Collection Première Moscow Осень 2026,1–4 сентября 2026,Modalinda,Modalinda,"одежда, аксессуары",Турция,,,14B38,,"Мода и стиль; женская, мужская и детская одежда; аксессуары; текстиль",,Modalinda,,,+7 495 955 91 99,https://md.expodat.com/companies/company/30349-modalinda.html,30349,Modalinda | Турция | 14B38,parsed_detail,,2026-08-24T05:45:15Z,cpm-moscow-autumn-2026-expodat-signo-v1.0.1,expodat_cpm_2026_autumn_public_catalog,9c14385c5f7ed53a646757bd967cca5830f22c676ca003af4c7c5fd1d25ff8df,
CPM – Collection Première Moscow Осень 2026,1–4 сентября 2026,ModaNews.ru + «Мода 24/7» (moda247.ru),ModaNews.ru + «Мода 24/7» (moda247.ru),,Россия,,,14А71,,"Мода и стиль; женская, мужская и детская одежда; аксессуары; текстиль","«Мода 24/7»+ModaNews – рекламное агентство и медиа о моде и красоте, красивой жизни и путешествиях представленное на всех социальных площадках. ModaNews.ru – ежедневный B2B портал индустрии моды (рег. СМИ ЭЛ № ФС 77-77367), созданный в 2005 году. «Мода 24/7»+ModaNews – рекламное агентство и медиа о моде и красоте, красивой жизни и путешествиях представленное на всех социальных площадках. ModaNews.ru – ежедневный B2B портал индустрии моды (рег. СМИ ЭЛ № ФС 77-77367), созданный в 2005 году. ModaNews имеет постоянную аудиторию сотрудников отрасли текстильной индустрии и лёгкой промышленности вообще и базируется на двадцатилетнем опыте в отрасли главного редактора Ильи Тихонова. На страницах портала публикуются новости, освещающие события в национальной и мировой индустрии моды, регулярно выходят аналитические и обзорные статьи и интервью. ModaNews предоставляет информацию профессионалам идустрии моды по трём основным направлениям: технологии, бизнес-новости, отраслевые события. «Мода 24/7» (moda247.ru) – федеральное СМИ о моде, красоте и стиле жизни, представленное на всех социальных площадках. «Мода 24/7» (Эл № ФС77-77361) – культурно-просветительское онлайн медиа о красоте, моде, стиле жизни и путешествиях, представленное на всех актуальных социальных площадках. Moda247.ru рассказывает о модных трендах современного общества. Здесь вы найдете актуальную информацию о дизайнерах и коллекциях, светских событиях и знаменитостях, выставках и кинопремьерах, путешествиях, шоппинге и развлечениях. Главные разделы проекта: «Мода», «Красота», «Жизнь» и «Искусство». Новости моды и красоты, фото и видео с модных показов, актуальные тенденции и гаджеты.",ModaNews.ru + «Мода 24/7» (moda247.ru),https://moda247.ru/,moda@moda247.ru,+79104720179,https://md.expodat.com/companies/company/32441-ob-edinjonnaya-redaktsiya-modanews-i-moda-24-7.html,32441,"ModaNews.ru + «Мода 24/7» (moda247.ru) | Россия | 14А71 | «Мода 24/7»+ModaNews – рекламное агентство и медиа о моде и красоте, красивой жизни и путешествиях представленное на всех социальных площадках. ModaNews.ru – ежедневный B2B портал индустрии моды (рег. СМИ ЭЛ № ФС 77-77367), созданный в 2005 году. «Мода 24/7»+ModaNews – рекламное агентство и медиа о моде и красоте, красивой жизни и путешествиях представленное на всех социальных площадках. ModaNews.ru – ежедневный B2B портал индустрии моды (рег. СМИ ЭЛ № ФС 77-77367), созданный в 2005 году. ModaNews имеет постоянную аудиторию сотрудников отрасли текстильной индустрии и лёгкой промышленности вообще и базируется на двадцатилетнем опыте в отрасли главного редактора Ильи Тихонова. На страницах портала публикуются новости, освещающие события в национальной и мировой индустрии моды, регулярно выходят аналитические и обзорные статьи и интервью. ModaNews предоставляет информацию профессионалам идустрии моды по трём основным направлениям: технологии, бизнес-новости, отраслевые события. «Мода 24/7» (moda247.ru) – федеральное СМИ о моде, красоте и стиле жизни, представленное на всех социальных площадках. «Мода 24/7» (Эл № ФС77-77361) – к",parsed_detail,products,2026-08-24T05:45:15Z,cpm-moscow-autumn-2026-expodat-signo-v1.0.1,expodat_cpm_2026_autumn_public_catalog,94c25a60e929e08eb888f00f98a2dd8dba9f4621b57036561ef22f8a9acf5085,
CPM – Collection Première Moscow Осень 2026,1–4 сентября 2026,MODESSAN GLR,Modessan Glr,"одежда, аксессуары",Турция,,,14A40,,"Мода и стиль; женская, мужская и детская одежда; аксессуары; текстиль","Our company started manufacturing in 1990, believing that there is no end to the quality. We prepare detailed lines by keeping ourselves in the forefront of our conditioned design. We offer collections with Europe's classic line and Russia's colorful and detailed style at the forefront. We continue to serve our customers with new designs to ensure our place in the European and Russian market.",MODESSAN GLR,http://www.modessan.com,muhasebe@modessan.com; info@modessan.com,+7 495 955 91 99,https://md.expodat.com/companies/company/19131-modessan-glr.html,19131,"MODESSAN GLR | Турция | 14A40 | Our company started manufacturing in 1990, believing that there is no end to the quality. We prepare detailed lines by keeping ourselves in the forefront of our conditioned design. We offer collections with Europe's classic line and Russia's colorful and detailed style at the forefront. We continue to serve our customers with new designs to ensure our place in the European and Russian market. | http://www.modessan.com | muhasebe@modessan.com; info@modessan.com",parsed_detail,,2026-08-24T05:45:15Z,cpm-moscow-autumn-2026-expodat-signo-v1.0.1,expodat_cpm_2026_autumn_public_catalog,e7789acc5b30770011972b9c8455ae577464f60185f8e6a4261ad927e3c6e50c,
CPM – Collection Première Moscow Осень 2026,1–4 сентября 2026,MODEXL,Modexl,"текстиль и трикотаж, одежда",Турция,,,,,"Мода и стиль; женская, мужская и детская одежда; аксессуары; текстиль","ModeXL — турецкий бренд и производитель мужской одежды, специализирующийся на одежде больших размеров. Компания разрабатывает коллекции специально для мужчин крупного телосложения, уделяя особое внимание правильной посадке, комфорту, качеству тканей и современному дизайну. ModeXL — турецкий бренд и производитель мужской одежды, специализирующийся на одежде больших размеров. Компания разрабатывает коллекции специально для мужчин крупного телосложения, уделяя особое внимание правильной посадке, комфорту, качеству тканей и современному дизайну. Ассортимент ModeXL включает костюмы, пиджаки, рубашки, брюки, джинсы, футболки, поло, трикотаж, спортивную и повседневную одежду в размерах от 3XL до 10XL и от 56 до 84. Благодаря многолетнему опыту в производстве, розничной и оптовой торговле ModeXL обслуживает клиентов в Турции и сотрудничает с международными деловыми партнёрами на различных рынках. Миссия ModeXL — предлагать качественную, современную и правильно сконструированную мужскую одежду для повседневной жизни, работы и особых случаев. Позиционирование бренда отражено в его слогане: «Больше, чем просто большие размеры».",MODEXL,https://www.modexl.com.tr,order@superbattal.com,+905302386409,https://md.expodat.com/companies/company/40335-modexl.html,40335,"MODEXL | Турция | ModeXL — турецкий бренд и производитель мужской одежды, специализирующийся на одежде больших размеров. Компания разрабатывает коллекции специально для мужчин крупного телосложения, уделяя особое внимание правильной посадке, комфорту, качеству тканей и современному дизайну. ModeXL — турецкий бренд и производитель мужской одежды, специализирующийся на одежде больших размеров. Компания разрабатывает коллекции специально для мужчин крупного телосложения, уделяя особое внимание правильной посадке, комфорту, качеству тканей и современному дизайну. Ассортимент ModeXL включает костюмы, пиджаки, рубашки, брюки, джинсы, футболки, поло, трикотаж, спортивную и повседневную одежду в размерах от 3XL до 10XL и от 56 до 84. Благодаря многолетнему опыту в производстве, розничной и оптовой торговле ModeXL обслуживает клиентов в Турции и сотрудничает с международными деловыми партнёрами на различных рынках. Миссия ModeXL — предлагать качественную, современную и правильно сконструированную мужскую одежду для повседневной жизни, работы и особых случаев. Позиционирование бренда отражено в его слогане: «Больше, чем просто большие размеры». | https://www.modexl.com.tr | order@superbattal",parsed_detail,,2026-08-24T05:45:15Z,cpm-moscow-autumn-2026-expodat-signo-v1.0.1,expodat_cpm_2026_autumn_public_catalog,53698a7abcc27715be9f904f3c2044805e5d8377570ee9b5e4e753f58daef95a,
CPM – Collection Première Moscow Осень 2026,1–4 сентября 2026,MONCHALIEU,Monchalieu,"одежда, аксессуары",Россия,,,15A69,,"Мода и стиль; женская, мужская и детская одежда; аксессуары; текстиль",,MONCHALIEU,,battista-sales@yandex.ru,+7 495 955 91 99,https://md.expodat.com/companies/company/24719-monchalieu.html,24719,MONCHALIEU | Россия | 15A69 | battista-sales@yandex.ru,parsed_detail,,2026-08-24T05:45:15Z,cpm-moscow-autumn-2026-expodat-signo-v1.0.1,expodat_cpm_2026_autumn_public_catalog,bb31352a53cc60c23d12d843627a5a80350202fbb720431bad32da57c96e6a43,
CPM – Collection Première Moscow Осень 2026,1–4 сентября 2026,Monte Carlo Fashions Limited,Monte Carlo Fashions Limited,одежда,Индия,,,14B70/14B72,,"Мода и стиль; женская, мужская и детская одежда; аксессуары; текстиль",,Monte Carlo Fashions Limited,,,+7 495 955 91 99,https://md.expodat.com/companies/company/41422-monte-carlo-fashions-limited.html,41422,Monte Carlo Fashions Limited | Индия | 14B70/14B72,parsed_detail,,2026-08-24T05:45:15Z,cpm-moscow-autumn-2026-expodat-signo-v1.0.1,expodat_cpm_2026_autumn_public_catalog,94bc39c931c68bed4d5c75f435d36248b17c479e60b9e812aa4f31a433eeeb78,
CPM – Collection Première Moscow Осень 2026,1–4 сентября 2026,MONTEGRO,Montegro,"одежда, аксессуары",Турция,,,14A69,,"Мода и стиль; женская, мужская и детская одежда; аксессуары; текстиль",,MONTEGRO,,,+7 495 955 91 99,https://md.expodat.com/companies/company/36046-montegro.html,36046,MONTEGRO | Турция | 14A69,parsed_detail,,2026-08-24T05:45:15Z,cpm-moscow-autumn-2026-expodat-signo-v1.0.1,expodat_cpm_2026_autumn_public_catalog,8d27c409f5ae573f278fc301c0e25d0ef8f1808111437a51c3d60027197fec92,
CPM – Collection Première Moscow Осень 2026,1–4 сентября 2026,MORETTI MODA,Moretti Moda,"одежда, аксессуары",Италия,,,13B02-B08,,"Мода и стиль; женская, мужская и детская одежда; аксессуары; текстиль","100% MADE IN ITALY Коллекции Piero Moretti, созданные и произведенные полностью в Италии, пользуются успехом во всем мире. Они олицетворяют истинную традицию MADE IN ITALY, мастерство искусного портного и любовь к женственности. Безупречное обслуживание клиентов, жизнерадостный подход к работе и пристальное внимание к модным тенденциям являются основными принципами Moretti Moda.",MORETTI MODA,http://www.pieromoretti.it,info@pieromoretti.it,+39 0541 386148,https://md.expodat.com/companies/company/19596-moretti-moda.html,19596,"MORETTI MODA | Италия | 13B02-B08 | 100% MADE IN ITALY Коллекции Piero Moretti, созданные и произведенные полностью в Италии, пользуются успехом во всем мире. Они олицетворяют истинную традицию MADE IN ITALY, мастерство искусного портного и любовь к женственности. Безупречное обслуживание клиентов, жизнерадостный подход к работе и пристальное внимание к модным тенденциям являются основными принципами Moretti Moda. | http://www.pieromoretti.it | info@pieromoretti.it",parsed_detail,,2026-08-24T05:45:15Z,cpm-moscow-autumn-2026-expodat-signo-v1.0.1,expodat_cpm_2026_autumn_public_catalog,f8eb3af5a3293b323b4a5cddc117507326adf2a5ee8027393e55263218541280,
CPM – Collection Première Moscow Осень 2026,1–4 сентября 2026,MP DI ROSANNA PELLEGRINI,Mp Di Rosanna Pellegrini,текстиль и трикотаж,Италия,,,13B19,,"Мода и стиль; женская, мужская и детская одежда; аксессуары; текстиль","Линия Rosanna Pellegrini предназначена для женщин, которые любят выделяться и предпочитают носить утонченный и элегантный образ. В дополнение к настоящему трикотажу из тонкой пряжи, коллекция весна-лето 2027 в основном представлена роскошным трикотажем и жоржетом из вискозы и хлопкового муслина.",MP DI ROSANNA PELLEGRINI,http://www.rosannapellegrini.it,mp@rosannapellegrini.it,+39 0541 629717,https://md.expodat.com/companies/company/19605-mp-di-rosanna-pellegrini.html,19605,"MP DI ROSANNA PELLEGRINI | Италия | 13B19 | Линия Rosanna Pellegrini предназначена для женщин, которые любят выделяться и предпочитают носить утонченный и элегантный образ. В дополнение к настоящему трикотажу из тонкой пряжи, коллекция весна-лето 2027 в основном представлена роскошным трикотажем и жоржетом из вискозы и хлопкового муслина. | http://www.rosannapellegrini.it | mp@rosannapellegrini.it",parsed_detail,,2026-08-24T05:45:15Z,cpm-moscow-autumn-2026-expodat-signo-v1.0.1,expodat_cpm_2026_autumn_public_catalog,13b793592691ae385710982c45b89be8ae8cf4f79c5f0047bc90a635eedea751,
CPM – Collection Première Moscow Осень 2026,1–4 сентября 2026,MPC,MPC,"одежда, аксессуары",Франция,,,13C01,,"Мода и стиль; женская, мужская и детская одежда; аксессуары; текстиль",,MPC,,,+7 495 955 91 99,https://md.expodat.com/companies/company/35337-mpc.html,35337,MPC | Франция | 13C01,parsed_detail,,2026-08-24T05:45:15Z,cpm-moscow-autumn-2026-expodat-signo-v1.0.1,expodat_cpm_2026_autumn_public_catalog,c5c2fe8c78ede523c7eaa25ca640c1d06dd1c10500aba4b5125a801878ba1589,
CPM – Collection Première Moscow Осень 2026,1–4 сентября 2026,NAGRADA,Nagrada,"одежда, аксессуары",Турция,,,14A51,,"Мода и стиль; женская, мужская и детская одежда; аксессуары; текстиль",,NAGRADA,,,+7 495 955 91 99,https://md.expodat.com/companies/company/31112-nagrada.html,31112,NAGRADA | Турция | 14A51,parsed_detail,,2026-08-24T05:45:15Z,cpm-moscow-autumn-2026-expodat-signo-v1.0.1,expodat_cpm_2026_autumn_public_catalog,c15d7f37484633e0e9f65cf0c9fa31b39c76232c9c01ecd319d55df3f37e3d64,
CPM – Collection Première Moscow Осень 2026,1–4 сентября 2026,"NAMY GARMENTS CO.,LTD.","Namy Garments Co.,Ltd.",одежда,Китай,,,15F58,,"Мода и стиль; женская, мужская и детская одежда; аксессуары; текстиль","NAMY GARMENTS CO,LTD","NAMY GARMENTS CO.,LTD.",,,+7 495 955 91 99,https://md.expodat.com/companies/company/41377-namy-garments-co-ltd.html,41377,"NAMY GARMENTS CO.,LTD. | Китай | 15F58 | NAMY GARMENTS CO,LTD",parsed_detail,,2026-08-24T05:45:15Z,cpm-moscow-autumn-2026-expodat-signo-v1.0.1,expodat_cpm_2026_autumn_public_catalog,7533dd2129a06757d3635bb79ae6fb09c4fe6aff5e473d6ca5c6ef2339c28762,
CPM – Collection Première Moscow Осень 2026,1–4 сентября 2026,"NANCHANG KAIYUE GARMENT CO., LTD.","Nanchang Kaiyue Garment Co., Ltd.","изделия из кожи и меха, одежда",Китай,,,15E53,,"Мода и стиль; женская, мужская и детская одежда; аксессуары; текстиль","Компания Kaibliss Garment уже 20 лет работает в сфере производства одежды по моделям и под брендами заказчиков (OEM/ODM). Мы располагаем собственным производственным комплексом площадью 10 000 квадратных метров, на котором трудятся 500 сотрудников. Компания Kaibliss Garment уже 20 лет работает в сфере производства одежды по моделям и под брендами заказчиков (OEM/ODM). Мы располагаем собственным производственным комплексом площадью 10 000 квадратных метров, на котором трудятся 500 сотрудников. Наш ассортимент включает рубашки поло, футболки, худи, изделия из искусственного меха и многое другое; ежегодный объем производства составляет 5 миллионов единиц продукции. Мы обладаем мощной производственной базой и надежной системой контроля качества, а также имеем сертификаты BSCI, ISO 9001, SGS и TUV. Будем рады сотрудничеству с вашим брендом.","NANCHANG KAIYUE GARMENT CO., LTD.",http://www.kaibliss.cn,stephen@kaiyugarment.com,18870878883,https://md.expodat.com/companies/company/41224-nanchang-kaiyue-garment-co-ltd.html,41224,"NANCHANG KAIYUE GARMENT CO., LTD. | Китай | 15E53 | Компания Kaibliss Garment уже 20 лет работает в сфере производства одежды по моделям и под брендами заказчиков (OEM/ODM). Мы располагаем собственным производственным комплексом площадью 10 000 квадратных метров, на котором трудятся 500 сотрудников. Компания Kaibliss Garment уже 20 лет работает в сфере производства одежды по моделям и под брендами заказчиков (OEM/ODM). Мы располагаем собственным производственным комплексом площадью 10 000 квадратных метров, на котором трудятся 500 сотрудников. Наш ассортимент включает рубашки поло, футболки, худи, изделия из искусственного меха и многое другое; ежегодный объем производства составляет 5 миллионов единиц продукции. Мы обладаем мощной производственной базой и надежной системой контроля качества, а также имеем сертификаты BSCI, ISO 9001, SGS и TUV. Будем рады сотрудничеству с вашим брендом. | http://www.kaibliss.cn | stephen@kaiyugarment.com",parsed_detail,,2026-08-24T05:45:15Z,cpm-moscow-autumn-2026-expodat-signo-v1.0.1,expodat_cpm_2026_autumn_public_catalog,6d25e3a68fb2cf08a6bf424e7a0e327a8da7f1fa8149d5d0102565c4632f378e,
CPM – Collection Première Moscow Осень 2026,1–4 сентября 2026,Nanjing Beleo International Limited,Nanjing Beleo International Limited,"детская одежда, нижнее белье и пляжная одежда, одежда",Китай,,,15D98,,"Мода и стиль; женская, мужская и детская одежда; аксессуары; текстиль","**ООО «Нанкин Белео Интернэшнл»** * Ваш стратегический партнер в сфере одежды из Китая* Компания Nanjing Beleo International Limited — профессиональный производитель и экспортер одежды, базирующаяся в Нанкине, Китай. У нас более 11 лет глубокого опыта в мировой индустрии моды. Мы специализируемся на верхней одежде, детской одежде, термобелье и функциональной одежде, обслуживая клиентов по всей Европе, Северной Америке и странам СНГ.",Nanjing Beleo International Limited,,bella.ye@bella.com.cn,+7 495 955 91 99,https://md.expodat.com/companies/company/40912-nanjing-beleo-international-limited.html,40912,"Nanjing Beleo International Limited | Китай | 15D98 | **ООО «Нанкин Белео Интернэшнл»** * Ваш стратегический партнер в сфере одежды из Китая* Компания Nanjing Beleo International Limited — профессиональный производитель и экспортер одежды, базирующаяся в Нанкине, Китай. У нас более 11 лет глубокого опыта в мировой индустрии моды. Мы специализируемся на верхней одежде, детской одежде, термобелье и функциональной одежде, обслуживая клиентов по всей Европе, Северной Америке и странам СНГ. | bella.ye@bella.com.cn",parsed_detail,,2026-08-24T05:45:15Z,cpm-moscow-autumn-2026-expodat-signo-v1.0.1,expodat_cpm_2026_autumn_public_catalog,ebb17e115af917b8d78c3f1c9ad198020fafd12acef6c1bd726ce39e72828d49,
CPM – Collection Première Moscow Осень 2026,1–4 сентября 2026,"NANJING JOYO CO.,LTD","Nanjing Joyo Co.,Ltd",одежда,Китай,,,15C98,,"Мода и стиль; женская, мужская и детская одежда; аксессуары; текстиль","We are Nanjing city based direct manufacturer with our ownfactories cerfified with BSCl, SMETA and DISNEY certifications.We are located near by Zhushan lu metro station. We accepOEM/ODM, We have CAD/CAM facility,designing & samplingroom with nice collection show- rooms in office. Our productsrange includes Quterwears for all 3 seasons, $chool collectionDresses, Set garments etc; & We are exporting to Chile,PolandPortugal,Spain, Turkey,Finland, Germany,Russia & France.","NANJING JOYO CO.,LTD",http://www.njjoyo.com,belindajiang@njjoyo.com,+8613809046869,https://md.expodat.com/companies/company/36208-gudda-guddi.html,36208,"NANJING JOYO CO.,LTD | Китай | 15C98 | We are Nanjing city based direct manufacturer with our ownfactories cerfified with BSCl, SMETA and DISNEY certifications.We are located near by Zhushan lu metro station. We accepOEM/ODM, We have CAD/CAM facility,designing & samplingroom with nice collection show- rooms in office. Our productsrange includes Quterwears for all 3 seasons, $chool collectionDresses, Set garments etc; & We are exporting to Chile,PolandPortugal,Spain, Turkey,Finland, Germany,Russia & France. | http://www.njjoyo.com | belindajiang@njjoyo.com",parsed_detail,,2026-08-24T05:45:15Z,cpm-moscow-autumn-2026-expodat-signo-v1.0.1,expodat_cpm_2026_autumn_public_catalog,c10057a45a2e33aacdd6dff9b41e003a4584cb1ca9dcafc674a9f42e0bda00e0,
CPM – Collection Première Moscow Осень 2026,1–4 сентября 2026,"Nanjing Socean Impand Exp.Co., Ltd","Nanjing Socean Impand Exp.Co., Ltd","детская одежда, текстиль и трикотаж, одежда",Китай,,,15A106,,"Мода и стиль; женская, мужская и детская одежда; аксессуары; текстиль","NANJING SOCEAN IMP. AND EXP. CO.,LTD devotes itself to the production and sales of all kinds of woven fabric garments for kids, men and women... It owns the advanced production equipment , satisfied supply chain, professional talents, excellent designers and complete management system to provide high-quality products and solutions for the market. The company is projecting at the fashion pioneer in the clothing industry. Now the products have been exported to many countries: Europe, Russia, Brazil. Middle East ect... welcomed world -wide","Nanjing Socean Impand Exp.Co., Ltd",,malin@socean.com.cn,008613305158596,https://md.expodat.com/companies/company/40525-socean.html,40525,"Nanjing Socean Impand Exp.Co., Ltd | Китай | 15A106 | NANJING SOCEAN IMP. AND EXP. CO.,LTD devotes itself to the production and sales of all kinds of woven fabric garments for kids, men and women... It owns the advanced production equipment , satisfied supply chain, professional talents, excellent designers and complete management system to provide high-quality products and solutions for the market. The company is projecting at the fashion pioneer in the clothing industry. Now the products have been exported to many countries: Europe, Russia, Brazil. Middle East ect... welcomed world -wide | malin@socean.com.cn",parsed_detail,,2026-08-24T05:45:15Z,cpm-moscow-autumn-2026-expodat-signo-v1.0.1,expodat_cpm_2026_autumn_public_catalog,feb33337e4d97d216a3445cec3f45742b414079d02b501451d127e731de91881,
CPM – Collection Première Moscow Осень 2026,1–4 сентября 2026,"NANJING SUNMAY TRADING CO., LTD.","Nanjing Sunmay Trading Co., Ltd.",одежда,Китай,,,15D28,,"Мода и стиль; женская, мужская и детская одежда; аксессуары; текстиль","Nanjing Sunmay Trading Co., Ltd. was established in 2007, specializing in garment foreign trade and operating large-scale production facilities both domestically and internationally. Through nearly two decades of relentless dedication from our team, we have built a long-term and stable customer network, with sales volume growing steadily and production capacity continuously expanding. We connect global markets through expertise and craft excellence in every product. Shunmei is poised to become your trusted partner in the textile and apparel supply chain.","NANJING SUNMAY TRADING CO., LTD.",,,+7 495 955 91 99,https://md.expodat.com/companies/company/41074-nanjing-sunmay-trading-co-ltd.html,41074,"NANJING SUNMAY TRADING CO., LTD. | Китай | 15D28 | Nanjing Sunmay Trading Co., Ltd. was established in 2007, specializing in garment foreign trade and operating large-scale production facilities both domestically and internationally. Through nearly two decades of relentless dedication from our team, we have built a long-term and stable customer network, with sales volume growing steadily and production capacity continuously expanding. We connect global markets through expertise and craft excellence in every product. Shunmei is poised to become your trusted partner in the textile and apparel supply chain.",parsed_detail,,2026-08-24T05:45:15Z,cpm-moscow-autumn-2026-expodat-signo-v1.0.1,expodat_cpm_2026_autumn_public_catalog,82c08d3eed0b328dfd1b740e0bd1c73812c86bf9798e119e2f8a06910831bc36,
CPM – Collection Première Moscow Осень 2026,1–4 сентября 2026,"NANJING TRENDI LEATHER CO., LTD","Nanjing Trendi Leather Co., Ltd",изделия из кожи и меха,Китай,,,15C42,,"Мода и стиль; женская, мужская и детская одежда; аксессуары; текстиль","NANJING TRENDI LEATHER CO., LTD","NANJING TRENDI LEATHER CO., LTD",,,+7 495 955 91 99,https://md.expodat.com/companies/company/41026-nanjing-trendi-leather-co-ltd.html,41026,"NANJING TRENDI LEATHER CO., LTD | Китай | 15C42 | NANJING TRENDI LEATHER CO., LTD",parsed_detail,,2026-08-24T05:45:15Z,cpm-moscow-autumn-2026-expodat-signo-v1.0.1,expodat_cpm_2026_autumn_public_catalog,e2ca2d67c8bc5aecaa3ae6590f62d75848402c974ec79d7bf21d440fd903229a,
CPM – Collection Première Moscow Осень 2026,1–4 сентября 2026,"NANJING YINHUAN INTERNATIONAL TRADE CO., LTD","Nanjing Yinhuan International Trade Co., Ltd",одежда,Китай,,,15D70,,"Мода и стиль; женская, мужская и детская одежда; аксессуары; текстиль","2.Nanjing Yinhuan International Trade Co., Ltd is a professional apparel foreign trade company integrating product research and development, sales and service. Located in the central hub of Nanjing City, Jiangsu Province, the transportation is convenient. The employees are experienced and have been working in this field for more than 10 years. They are committed to strict quality inspection and considerate service, and can provide customized services according to customer needs at any time to ensure customer satisfaction. At the same time also","NANJING YINHUAN INTERNATIONAL TRADE CO., LTD",https://www.nj-yinhuan.com/,jocelyn.jiang@nj-yinhuan.com,008617388078401,https://md.expodat.com/companies/company/40633-jumping-jiang.html,40633,"NANJING YINHUAN INTERNATIONAL TRADE CO., LTD | Китай | 15D70 | 2.Nanjing Yinhuan International Trade Co., Ltd is a professional apparel foreign trade company integrating product research and development, sales and service. Located in the central hub of Nanjing City, Jiangsu Province, the transportation is convenient. The employees are experienced and have been working in this field for more than 10 years. They are committed to strict quality inspection and considerate service, and can provide customized services according to customer needs at any time to ensure customer satisfaction. At the same time also | https://www.nj-yinhuan.com/ | jocelyn.jiang@nj-yinhuan.com",parsed_detail,,2026-08-24T05:45:15Z,cpm-moscow-autumn-2026-expodat-signo-v1.0.1,expodat_cpm_2026_autumn_public_catalog,4a3ba5531cc7d6fa202341f168a46549c9557cf11d1126fc368c4340d0141e80,
CPM – Collection Première Moscow Осень 2026,1–4 сентября 2026,NAONAMAZOTTI,Naonamazotti,"одежда, аксессуары",Турция,,,14B50,,"Мода и стиль; женская, мужская и детская одежда; аксессуары; текстиль",,NAONAMAZOTTI,,,+7 495 955 91 99,https://md.expodat.com/companies/company/34487-naonamazotti.html,34487,NAONAMAZOTTI | Турция | 14B50,parsed_detail,,2026-08-24T05:45:15Z,cpm-moscow-autumn-2026-expodat-signo-v1.0.1,expodat_cpm_2026_autumn_public_catalog,8736200e7460ece77c4dcad5886893e60407a2afc17b958e668067e933bfca9a,
CPM – Collection Première Moscow Осень 2026,1–4 сентября 2026,NATMALL,Natmall,"одежда, аксессуары",Россия,,,14F57,,"Мода и стиль; женская, мужская и детская одежда; аксессуары; текстиль","NATMALL - выставка по развитию коммерческой недвижимости и масштабированию ритейла, точек питания, индустрии развлечений и сферы услуг. Retail Hub - специализированная выставка технологий, оборудования и решений для ритейла и сферы HoReCa. NATMALL - выставка по развитию коммерческой недвижимости и масштабированию ритейла, точек питания, индустрии развлечений и сферы услуг. Retail Hub - специализированная выставка технологий, оборудования и решений для ритейла и сферы HoReCa. Retail Hub - это доступ к тысячам новых контактов в сфере ритейла, индустрии развлечений , коммерческой недвижимости и общественного питания. 6500+ профессионалов рынка объединяются на выставке Выставка охватывает 70+ регионов России, а также Азербайджан, Беларусь, Казахстан, Китай, Турция Что дает выставка: найти ТЦ, найти арендатора, найти инвестора, встретиться с партнерами и найти клиентов для своих технологий и сервисов. Синергия крупнейшего события в сфере коммерческой недвижимости и ритейла NATMALL и Retail Hub позволяет компаниям не только масштабировать свой бизнес, но и найти современные эффективные технологичные решения для увеличения прибыли.",NATMALL,https://natmall.ru/,elena.gorbunova@expovr.ru,+79250863425,https://md.expodat.com/companies/company/40266-natmall.html,40266,"NATMALL | Россия | 14F57 | NATMALL - выставка по развитию коммерческой недвижимости и масштабированию ритейла, точек питания, индустрии развлечений и сферы услуг. Retail Hub - специализированная выставка технологий, оборудования и решений для ритейла и сферы HoReCa. NATMALL - выставка по развитию коммерческой недвижимости и масштабированию ритейла, точек питания, индустрии развлечений и сферы услуг. Retail Hub - специализированная выставка технологий, оборудования и решений для ритейла и сферы HoReCa. Retail Hub - это доступ к тысячам новых контактов в сфере ритейла, индустрии развлечений , коммерческой недвижимости и общественного питания. 6500+ профессионалов рынка объединяются на выставке Выставка охватывает 70+ регионов России, а также Азербайджан, Беларусь, Казахстан, Китай, Турция Что дает выставка: найти ТЦ, найти арендатора, найти инвестора, встретиться с партнерами и найти клиентов для своих технологий и сервисов. Синергия крупнейшего события в сфере коммерческой недвижимости и ритейла NATMALL и Retail Hub позволяет компаниям не только масштабировать свой бизнес, но и найти современные эффективные технологичные решения для увеличения прибыли. | https://natmall.ru/ | elena.",parsed_detail,,2026-08-24T05:45:15Z,cpm-moscow-autumn-2026-expodat-signo-v1.0.1,expodat_cpm_2026_autumn_public_catalog,b01a24f907ce6e590a103339cbef0f1834a7d9b0e9b870de85571de90a4dc807,
CPM – Collection Première Moscow Осень 2026,1–4 сентября 2026,NCS,NCS,"одежда, аксессуары",Турция,,,13E20,,"Мода и стиль; женская, мужская и детская одежда; аксессуары; текстиль",,NCS,http://www.ncsjeans.com,ademircan@ncsjeans.com,00905324605875,https://md.expodat.com/companies/company/34460-ncs.html,34460,NCS | Турция | 13E20 | http://www.ncsjeans.com | ademircan@ncsjeans.com,parsed_detail,,2026-08-24T05:45:15Z,cpm-moscow-autumn-2026-expodat-signo-v1.0.1,expodat_cpm_2026_autumn_public_catalog,b5f054f05b0a1de890109c8f9eaad68df55f8ab49217b20d0ab6a450bda108d8,
CPM – Collection Première Moscow Осень 2026,1–4 сентября 2026,NEIRAMI,Neirami,"одежда, аксессуары",,,,13C20 / 13D21,,"Мода и стиль; женская, мужская и детская одежда; аксессуары; текстиль",,NEIRAMI,,,+7 495 955 91 99,https://md.expodat.com/companies/company/40402-neirami.html,40402,NEIRAMI | 13C20 / 13D21,parsed_detail,,2026-08-24T05:45:15Z,cpm-moscow-autumn-2026-expodat-signo-v1.0.1,expodat_cpm_2026_autumn_public_catalog,a6d17433bd7bf7a49d02b9d5cfa1fee746b39a0da9d0e0c9a163b22047ee4985,
CPM – Collection Première Moscow Осень 2026,1–4 сентября 2026,NELVA,NELVA,"одежда, аксессуары",Беларусь,,,15C10,,"Мода и стиль; женская, мужская и детская одежда; аксессуары; текстиль",,NELVA,http://www.nelva.by,,+7 495 955 91 99,https://md.expodat.com/companies/company/23312-nelva.html,23312,NELVA | Беларусь | 15C10 | http://www.nelva.by,parsed_detail,,2026-08-24T05:45:15Z,cpm-moscow-autumn-2026-expodat-signo-v1.0.1,expodat_cpm_2026_autumn_public_catalog,9ac5a6307693fb8d74d7c29763c479a57491fae605e3de24d47c7506e74d28c6,
CPM – Collection Première Moscow Осень 2026,1–4 сентября 2026,NESIL,NESIL,"одежда, аксессуары",,,,14B68,,"Мода и стиль; женская, мужская и детская одежда; аксессуары; текстиль",,NESIL,,,+7 495 955 91 99,https://md.expodat.com/companies/company/34797-nesil.html,34797,NESIL | 14B68,parsed_detail,,2026-08-24T05:45:15Z,cpm-moscow-autumn-2026-expodat-signo-v1.0.1,expodat_cpm_2026_autumn_public_catalog,d0b6762731a9ace13fc10ea874b5e484c846971c8b227d4ca37ac3e7ed74c309,
CPM – Collection Première Moscow Осень 2026,1–4 сентября 2026,NEXT LINE,Next Line,одежда,Россия,,,15B11,,"Мода и стиль; женская, мужская и детская одежда; аксессуары; текстиль","Next Line— Российская компания производитель и поставщик. Производство курток основано в 1999 году в городе Северодвинск. Под брендом Next Line, представлена коллекция повседневной верхней одежды. Направление Sport Casual. Наша основная специализация — производство курток утепленных натуральным гусиным пухом.",NEXT LINE,http://www.nextline.su,ab@nextline.su,+79210714141,https://md.expodat.com/companies/company/37247-next-line.html,37247,"NEXT LINE | Россия | 15B11 | Next Line— Российская компания производитель и поставщик. Производство курток основано в 1999 году в городе Северодвинск. Под брендом Next Line, представлена коллекция повседневной верхней одежды. Направление Sport Casual. Наша основная специализация — производство курток утепленных натуральным гусиным пухом. | http://www.nextline.su | ab@nextline.su",parsed_detail,,2026-08-24T05:45:15Z,cpm-moscow-autumn-2026-expodat-signo-v1.0.1,expodat_cpm_2026_autumn_public_catalog,83eb1293a2601193012f96cc1f64789612a30894806c6da36486400fec8dbc31,
CPM – Collection Première Moscow Осень 2026,1–4 сентября 2026,"NICEWEAR CLOTHING CO., LTD.","Nicewear Clothing Co., Ltd.",одежда,Китай,,,15F98,,"Мода и стиль; женская, мужская и детская одежда; аксессуары; текстиль","Our company was approved by the Hunan Administration for Industry and Commerce on November 12, 2004 and was established as a joint-stock limited company. The company's registered capital is 5 million RMB. Our company is a private enterprise in Hunan specializing in foreign trade and import and export business. It has a nearly 20-year operating history. The company has always adhered to the corporate spirit of ""treating others with sincerity, providing high-quality and efficient services, pursuing practicality, and continuous innovation&quo","NICEWEAR CLOTHING CO., LTD.",,lisa-p@nicewear.com.cn,008613808451779,https://md.expodat.com/companies/company/40705-nicewear.html,40705,"NICEWEAR CLOTHING CO., LTD. | Китай | 15F98 | Our company was approved by the Hunan Administration for Industry and Commerce on November 12, 2004 and was established as a joint-stock limited company. The company's registered capital is 5 million RMB. Our company is a private enterprise in Hunan specializing in foreign trade and import and export business. It has a nearly 20-year operating history. The company has always adhered to the corporate spirit of ""treating others with sincerity, providing high-quality and efficient services, pursuing practicality, and continuous innovation&quo | lisa-p@nicewear.com.cn",parsed_detail,,2026-08-24T05:45:15Z,cpm-moscow-autumn-2026-expodat-signo-v1.0.1,expodat_cpm_2026_autumn_public_catalog,69062a666c79f6153088f32312cb598e2f3d58dd38737973ccf1b1155fca5ce7,
CPM – Collection Première Moscow Осень 2026,1–4 сентября 2026,NICOLE LEE,Nicole Lee,"одежда, аксессуары",Россия,,,15A11,,"Мода и стиль; женская, мужская и детская одежда; аксессуары; текстиль",,NICOLE LEE,,,+7 495 955 91 99,https://md.expodat.com/companies/company/35990-nicole-lee.html,35990,NICOLE LEE | Россия | 15A11,parsed_detail,,2026-08-24T05:45:15Z,cpm-moscow-autumn-2026-expodat-signo-v1.0.1,expodat_cpm_2026_autumn_public_catalog,53b45fa1ae1b86a61f0f7cfc082c45a91f4e6512bfcba68ff45fd228704197b6,
CPM – Collection Première Moscow Осень 2026,1–4 сентября 2026,NIKA FASHION,Nika Fashion,одежда,Беларусь,,,15B20 / 15C21,,"Мода и стиль; женская, мужская и детская одежда; аксессуары; текстиль",,NIKA FASHION,http://www.nikafashion.ru,,+7 495 955 91 99,https://md.expodat.com/companies/company/20748-nika-fashion.html,20748,NIKA FASHION | Беларусь | 15B20 / 15C21 | http://www.nikafashion.ru,parsed_detail,,2026-08-24T05:45:15Z,cpm-moscow-autumn-2026-expodat-signo-v1.0.1,expodat_cpm_2026_autumn_public_catalog,de2312b88034069c5fb615a75cdd784fc78731ca8d9867efdf7a76b76a72343e,
CPM – Collection Première Moscow Осень 2026,1–4 сентября 2026,NINA VIKONT,Nina Vikont,"одежда, аксессуары",Россия,,,15А19,,"Мода и стиль; женская, мужская и детская одежда; аксессуары; текстиль","С 2015 года бренд NINA VIKONT начал работать под собственным производством.Бренд уже успел зарекомендовать себя на рынке России, Беларуси и других странах СНГ. Широкий ассортимент женских, мужских, перчаток в классическом и дизайнерском исполнении. Наша команда участвует в полном цикле: от создания дизайна до производства готовой продукции, тщательно подходя к выбору материалов, создания новых моделей, лекал.",NINA VIKONT,http://ninavikont.ru,glovesvikont@mail.ru,+79267929668,https://md.expodat.com/companies/company/25408-nina-vikont.html,25408,"NINA VIKONT | Россия | 15А19 | С 2015 года бренд NINA VIKONT начал работать под собственным производством.Бренд уже успел зарекомендовать себя на рынке России, Беларуси и других странах СНГ. Широкий ассортимент женских, мужских, перчаток в классическом и дизайнерском исполнении. Наша команда участвует в полном цикле: от создания дизайна до производства готовой продукции, тщательно подходя к выбору материалов, создания новых моделей, лекал. | http://ninavikont.ru | glovesvikont@mail.ru",parsed_detail,,2026-08-24T05:45:15Z,cpm-moscow-autumn-2026-expodat-signo-v1.0.1,expodat_cpm_2026_autumn_public_catalog,4f346ffcafcec06f1b89523da4829abeb2f0766bc0a95f5db8facd537ce76fda,
CPM – Collection Première Moscow Осень 2026,1–4 сентября 2026,"NINGBO ADWIN GARMENTS CO., LTD.","Ningbo Adwin Garments Co., Ltd.",одежда,Китай,,,15F11,,"Мода и стиль; женская, мужская и детская одежда; аксессуары; текстиль","NINGBO ADWIN GARMENTS CO., LTD.","NINGBO ADWIN GARMENTS CO., LTD.",,sandra@adwin-nb.com,+86-19045865360,https://md.expodat.com/companies/company/41266-ningbo-adwin-garments-co-ltd.html,41266,"NINGBO ADWIN GARMENTS CO., LTD. | Китай | 15F11 | NINGBO ADWIN GARMENTS CO., LTD. | sandra@adwin-nb.com",parsed_detail,,2026-08-24T05:45:15Z,cpm-moscow-autumn-2026-expodat-signo-v1.0.1,expodat_cpm_2026_autumn_public_catalog,77e19fba2af56cab1662ad76dd23291485b429db452af958c04ae8bf9b7ed10b,
CPM – Collection Première Moscow Осень 2026,1–4 сентября 2026,"NINGBO BAINA FASHION CO.,LTD","Ningbo Baina Fashion Co.,Ltd",одежда,Китай,,,15D58-15E59,,"Мода и стиль; женская, мужская и детская одежда; аксессуары; текстиль","NINGBO BAINA FASHION CO.,LTD","NINGBO BAINA FASHION CO.,LTD",http://www.bainatex.com,rita@bainatex.com,+8615867493040,https://md.expodat.com/companies/company/41125-ningbo-baina-fashion-co-ltd.html,41125,"NINGBO BAINA FASHION CO.,LTD | Китай | 15D58-15E59 | NINGBO BAINA FASHION CO.,LTD | http://www.bainatex.com | rita@bainatex.com",parsed_detail,,2026-08-24T05:45:15Z,cpm-moscow-autumn-2026-expodat-signo-v1.0.1,expodat_cpm_2026_autumn_public_catalog,8cbefd98079c875db6c6060ab02f149ae3435482b4dfab467a64c4cddbc8c22e,
CPM – Collection Première Moscow Осень 2026,1–4 сентября 2026,"NINGBO BAOXIANG CLOTHING CO., LTD.","Ningbo Baoxiang Clothing Co., Ltd.","одежда, аксессуары",Китай,,,15F09,,"Мода и стиль; женская, мужская и детская одежда; аксессуары; текстиль","NINGBO BAOXIANG CLOTHING CO., LTD.","NINGBO BAOXIANG CLOTHING CO., LTD.",,,+7 495 955 91 99,https://md.expodat.com/companies/company/41260-ningbo-baoxiang-clothing-co-ltd.html,41260,"NINGBO BAOXIANG CLOTHING CO., LTD. | Китай | 15F09 | NINGBO BAOXIANG CLOTHING CO., LTD.",parsed_detail,,2026-08-24T05:45:15Z,cpm-moscow-autumn-2026-expodat-signo-v1.0.1,expodat_cpm_2026_autumn_public_catalog,6f832b6aa1a8ececa9558014f681b337cf1077301d7ec057b5908454225b7462,
CPM – Collection Première Moscow Осень 2026,1–4 сентября 2026,"NINGBO BRIDGE IMP.&EXP.CO.,LTD.","Ningbo Bridge Imp.&Exp.Co.,Ltd.",текстиль и трикотаж,Китай,,,15F34,,"Мода и стиль; женская, мужская и детская одежда; аксессуары; текстиль","Bridge Group является ведущим производителем трикотажных и тканых курток. Компания стремится стать самым конкурентоспособным поставщиком трикотажных решений на мировом рынке. Мы производим свитера, трикотаж и отдельные модели тканых курток, предлагая надёжное производство, гибкий минимальный заказ и своевременные поставки для брендов по всему миру. Bridge Group является ведущим производителем трикотажных и тканых курток. Компания стремится стать самым конкурентоспособным поставщиком трикотажных решений на мировом рынке. Мы производим свитера, трикотаж и отдельные модели тканых курток, предлагая надёжное производство, гибкий минимальный заказ и своевременные поставки для брендов по всему миру. Наша цепочка поставок объединяет экологические стандарты, социальную ответственность и высокое качество. На выставке мы представляем новую коллекцию, сочетающую комфорт, функциональность и стиль. Ждём сотрудничества с вами.","NINGBO BRIDGE IMP.&EXP.CO.,LTD.",https://www.zjbridgegroup.com/,dept8@bridgegroup.cn,+86 13245616120,https://md.expodat.com/companies/company/41314-ningbo-bridge-imp-exp-co-ltd.html,41314,"NINGBO BRIDGE IMP.&EXP.CO.,LTD. | Китай | 15F34 | Bridge Group является ведущим производителем трикотажных и тканых курток. Компания стремится стать самым конкурентоспособным поставщиком трикотажных решений на мировом рынке. Мы производим свитера, трикотаж и отдельные модели тканых курток, предлагая надёжное производство, гибкий минимальный заказ и своевременные поставки для брендов по всему миру. Bridge Group является ведущим производителем трикотажных и тканых курток. Компания стремится стать самым конкурентоспособным поставщиком трикотажных решений на мировом рынке. Мы производим свитера, трикотаж и отдельные модели тканых курток, предлагая надёжное производство, гибкий минимальный заказ и своевременные поставки для брендов по всему миру. Наша цепочка поставок объединяет экологические стандарты, социальную ответственность и высокое качество. На выставке мы представляем новую коллекцию, сочетающую комфорт, функциональность и стиль. Ждём сотрудничества с вами. | https://www.zjbridgegroup.com/ | dept8@bridgegroup.cn",parsed_detail,,2026-08-24T05:45:15Z,cpm-moscow-autumn-2026-expodat-signo-v1.0.1,expodat_cpm_2026_autumn_public_catalog,a40634d50c8a92040630e7b038441d629dcdd3361df936d534a72f7c5e874926,
CPM – Collection Première Moscow Осень 2026,1–4 сентября 2026,"NINGBO BRIGHT-BLUE FASHION CO.,LTD.","Ningbo Bright-Blue Fashion Co.,Ltd.",одежда,Китай,,,15E52,,"Мода и стиль; женская, мужская и детская одежда; аксессуары; текстиль","NINGBO BRIGHT-BLUE FASHION CO.,LTD.","NINGBO BRIGHT-BLUE FASHION CO.,LTD.",http://www.china-blue.cn,sherry@china-blue.cn,0574-87425252,https://md.expodat.com/companies/company/41221-ningbo-bright-blue-fashion-co-ltd.html,41221,"NINGBO BRIGHT-BLUE FASHION CO.,LTD. | Китай | 15E52 | NINGBO BRIGHT-BLUE FASHION CO.,LTD. | http://www.china-blue.cn | sherry@china-blue.cn",parsed_detail,,2026-08-24T05:45:15Z,cpm-moscow-autumn-2026-expodat-signo-v1.0.1,expodat_cpm_2026_autumn_public_catalog,5c5ed740f519ba8bd783763705183098cf2194c3e649134c3b8c22d616da1623,
CPM – Collection Première Moscow Осень 2026,1–4 сентября 2026,"NINGBO EVEGREEN IMPORT AND EXPORT CO.,LTD.","Ningbo Evegreen Import And Export Co.,Ltd.","одежда, аксессуары",Китай,,,15E18,,"Мода и стиль; женская, мужская и детская одежда; аксессуары; текстиль","NINGBO EVEGREEN IMPORT AND EXPORT CO.,LTD.","NINGBO EVEGREEN IMPORT AND EXPORT CO.,LTD.",,,+7 495 955 91 99,https://md.expodat.com/companies/company/41149-ningbo-evegreen-import-and-export-co-ltd.html,41149,"NINGBO EVEGREEN IMPORT AND EXPORT CO.,LTD. | Китай | 15E18 | NINGBO EVEGREEN IMPORT AND EXPORT CO.,LTD.",parsed_detail,,2026-08-24T05:45:15Z,cpm-moscow-autumn-2026-expodat-signo-v1.0.1,expodat_cpm_2026_autumn_public_catalog,16905edba4a3ab0328f8efb06ffbc76da19786b417f764cf0d7fcae97a7f152d,
CPM – Collection Première Moscow Осень 2026,1–4 сентября 2026,"NINGBO FULL FAITH FOREVER GARMENTS CO.,LTD","Ningbo Full Faith Forever Garments Co.,Ltd",одежда,Китай,,,15F36,,"Мода и стиль; женская, мужская и детская одежда; аксессуары; текстиль","NINGBO FULL FAITH FOREVER GARMENTS CO.,LTD","NINGBO FULL FAITH FOREVER GARMENTS CO.,LTD",http://www.ffaith.com,lingling@ffaith.com,057427703111,https://md.expodat.com/companies/company/41320-ningbo-full-faith-forever-garments-co-ltd.html,41320,"NINGBO FULL FAITH FOREVER GARMENTS CO.,LTD | Китай | 15F36 | NINGBO FULL FAITH FOREVER GARMENTS CO.,LTD | http://www.ffaith.com | lingling@ffaith.com",parsed_detail,,2026-08-24T05:45:15Z,cpm-moscow-autumn-2026-expodat-signo-v1.0.1,expodat_cpm_2026_autumn_public_catalog,f8cdb374d708cbb2d6c275336f087a4e57aacb17685481882901e8c512bfa7d2,
CPM – Collection Première Moscow Осень 2026,1–4 сентября 2026,"NINGBO GRIEG BAICHUAN TEXTILE CO., LTD","Ningbo Grieg Baichuan Textile Co., Ltd","текстиль и трикотаж, одежда",Китай,,,14F70,,"Мода и стиль; женская, мужская и детская одежда; аксессуары; текстиль","Наша компания является текстильным предприятием, объединяющим разработку, производство и продажу тканей одежды, с собственным ткацким цехом. У нас более 200 ткацких станков высокого качества, отличного сервиса и эффективной работы.","NINGBO GRIEG BAICHUAN TEXTILE CO., LTD",http://www.nbbch.com,flora@nbbch.com,0086-13857861002,https://md.expodat.com/companies/company/40993-ningbo-grieg-baichuan-textile-co-ltd.html,40993,"NINGBO GRIEG BAICHUAN TEXTILE CO., LTD | Китай | 14F70 | Наша компания является текстильным предприятием, объединяющим разработку, производство и продажу тканей одежды, с собственным ткацким цехом. У нас более 200 ткацких станков высокого качества, отличного сервиса и эффективной работы. | http://www.nbbch.com | flora@nbbch.com",parsed_detail,,2026-08-24T05:45:15Z,cpm-moscow-autumn-2026-expodat-signo-v1.0.1,expodat_cpm_2026_autumn_public_catalog,e823d008e35f81c58190eca2e8b7ece4e538ed1eab421751194b63e82c693869,
CPM – Collection Première Moscow Осень 2026,1–4 сентября 2026,"NINGBO HUAZE INTERNATIONAL TRADING CO., LTD","Ningbo Huaze International Trading Co., Ltd","детская одежда, нижнее белье и пляжная одежда, текстиль и трикотаж, одежда",Китай,,,14E75,,"Мода и стиль; женская, мужская и детская одежда; аксессуары; текстиль","We are professional and experienced garment manufacturer in pajamas industry over than 15 years. We are specialized on sleepwear,gowns,robes,babydoll sets and sexy lace lingerie in both woven and knit fabric.We keep the belief of competitive price, best quality and on time delivery that enable us to build long relationships with our brand customers.","NINGBO HUAZE INTERNATIONAL TRADING CO., LTD",,goodwill@cnool.net,008615990588161,https://md.expodat.com/companies/company/40486-huaze.html,40486,"NINGBO HUAZE INTERNATIONAL TRADING CO., LTD | Китай | 14E75 | We are professional and experienced garment manufacturer in pajamas industry over than 15 years. We are specialized on sleepwear,gowns,robes,babydoll sets and sexy lace lingerie in both woven and knit fabric.We keep the belief of competitive price, best quality and on time delivery that enable us to build long relationships with our brand customers. | goodwill@cnool.net",parsed_detail,,2026-08-24T05:45:15Z,cpm-moscow-autumn-2026-expodat-signo-v1.0.1,expodat_cpm_2026_autumn_public_catalog,4a8813c311c979113f44269548ee839c8d411a51011756608e7252b23adad16f,
CPM – Collection Première Moscow Осень 2026,1–4 сентября 2026,"NINGBO MEAN YOUNG APPAREL CO., LTD","Ningbo Mean Young Apparel Co., Ltd",одежда,Китай,,,15E10,,"Мода и стиль; женская, мужская и детская одежда; аксессуары; текстиль","Ningbo Mean Young Apparel Co., Ltd","NINGBO MEAN YOUNG APPAREL CO., LTD",,dyllanwu@cncmyapparel.com,+86-13566027241,https://md.expodat.com/companies/company/39551-ningbo-mean-young-apparel-co-ltd.html,39551,"NINGBO MEAN YOUNG APPAREL CO., LTD | Китай | 15E10 | Ningbo Mean Young Apparel Co., Ltd | dyllanwu@cncmyapparel.com",parsed_detail,,2026-08-24T05:45:15Z,cpm-moscow-autumn-2026-expodat-signo-v1.0.1,expodat_cpm_2026_autumn_public_catalog,4620189537f89b210281f83e7a72d1c27c88e707e97cb9309229f96ef1c8ace5,
CPM – Collection Première Moscow Осень 2026,1–4 сентября 2026,"NINGBO MID2 FASHION CO., LTD","Ningbo Mid2 Fashion Co., Ltd",одежда,Китай,,,15E08,,"Мода и стиль; женская, мужская и детская одежда; аксессуары; текстиль","NINGBO MID2 FASHION CO., LTD is a professional, creative and energetic NINGBO based trading and manufacturing company. Scope of our business includes clothing design, merchandising and manufacturing. We supply high quality and diversified products to different international renown brands,such as CAVALLO,SQUESTO,QUESTO,","NINGBO MID2 FASHION CO., LTD",http://www.mid2fashion.com,wendy@mid2fashion.com,13906614306,https://md.expodat.com/companies/company/36863-ningbo-mid2-fashion-co-ltd.html,36863,"NINGBO MID2 FASHION CO., LTD | Китай | 15E08 | NINGBO MID2 FASHION CO., LTD is a professional, creative and energetic NINGBO based trading and manufacturing company. Scope of our business includes clothing design, merchandising and manufacturing. We supply high quality and diversified products to different international renown brands,such as CAVALLO,SQUESTO,QUESTO, | http://www.mid2fashion.com | wendy@mid2fashion.com",parsed_detail,,2026-08-24T05:45:15Z,cpm-moscow-autumn-2026-expodat-signo-v1.0.1,expodat_cpm_2026_autumn_public_catalog,ee170596ce97bdeaf76d5efe822dbe955818312ea12ea52cf2d3b0110a8d3236,
CPM – Collection Première Moscow Осень 2026,1–4 сентября 2026,NINGBO MINT FASHION CO.，LTD,Ningbo Mint Fashion Co.，Ltd,одежда,Китай,,,15B62,,"Мода и стиль; женская, мужская и детская одежда; аксессуары; текстиль",NINGBO MINT FASHION CO.LTD,NINGBO MINT FASHION CO.，LTD,http://www.mintfashion.cn,frakka81@hotmail.it,+86-15990590006,https://md.expodat.com/companies/company/41005-ningbo-mint-fashion-co-ltd.html,41005,NINGBO MINT FASHION CO.，LTD | Китай | 15B62 | NINGBO MINT FASHION CO.LTD | http://www.mintfashion.cn | frakka81@hotmail.it,parsed_detail,,2026-08-24T05:45:15Z,cpm-moscow-autumn-2026-expodat-signo-v1.0.1,expodat_cpm_2026_autumn_public_catalog,7d3793bb223a44ec829cca70e2d866a3eeab2dea54bdbdec793d00cc0c221a61,
CPM – Collection Première Moscow Осень 2026,1–4 сентября 2026,"NINGBO MINTEX CREATIVE I&E CO., LTD","Ningbo Mintex Creative I&E Co., Ltd","одежда, аксессуары",Китай,,,15E02,,"Мода и стиль; женская, мужская и детская одежда; аксессуары; текстиль","NINGBO MINTEX CREATIVE I&E CO., LTD","NINGBO MINTEX CREATIVE I&E CO., LTD",,,+7 495 955 91 99,https://md.expodat.com/companies/company/41143-ningbo-mintex-creative-i-e-co-ltd.html,41143,"NINGBO MINTEX CREATIVE I&E CO., LTD | Китай | 15E02 | NINGBO MINTEX CREATIVE I&E CO., LTD",parsed_detail,,2026-08-24T05:45:15Z,cpm-moscow-autumn-2026-expodat-signo-v1.0.1,expodat_cpm_2026_autumn_public_catalog,674e842348f3f02685399de900a2c5093734a3bd5fbdd71e294c797c190a87af,
CPM – Collection Première Moscow Осень 2026,1–4 сентября 2026,NINGBO NINGSHING TRADING GROUP INC.,Ningbo Ningshing Trading Group Inc.,"одежда, аксессуары",Китай,,,15C50,,"Мода и стиль; женская, мужская и детская одежда; аксессуары; текстиль",NINGBO NINGSHING TRADING GROUP INC.,NINGBO NINGSHING TRADING GROUP INC.,http://ww.apparel product.com,susieyang@ningshing.com,057481858285,https://md.expodat.com/companies/company/41035-ningbo-ningshing-trading-group-inc.html,41035,NINGBO NINGSHING TRADING GROUP INC. | Китай | 15C50 | NINGBO NINGSHING TRADING GROUP INC. | http://ww.apparel product.com | susieyang@ningshing.com,parsed_detail,,2026-08-24T05:45:15Z,cpm-moscow-autumn-2026-expodat-signo-v1.0.1,expodat_cpm_2026_autumn_public_catalog,40f880fe1595d77a9894e300427d38360e6086c6484c0187add4606223030a3a,
CPM – Collection Première Moscow Осень 2026,1–4 сентября 2026,"NINGBO ROYAL GARMENTS CO.,LTD","Ningbo Royal Garments Co.,Ltd",одежда,Китай,,,15F30,,"Мода и стиль; женская, мужская и детская одежда; аксессуары; текстиль","NINGBO ROYAL GARMENTS CO.,LTD","NINGBO ROYAL GARMENTS CO.,LTD",http://www.cnnbbeyond.com,sale15@cnnbbeyond.com,0574-86812703,https://md.expodat.com/companies/company/41302-ningbo-royal-garments-co-ltd.html,41302,"NINGBO ROYAL GARMENTS CO.,LTD | Китай | 15F30 | NINGBO ROYAL GARMENTS CO.,LTD | http://www.cnnbbeyond.com | sale15@cnnbbeyond.com",parsed_detail,,2026-08-24T05:45:15Z,cpm-moscow-autumn-2026-expodat-signo-v1.0.1,expodat_cpm_2026_autumn_public_catalog,932c7c013252c23c4274ca82bf4e89c2ffddb5acdb2a10186742d3364ac2f86e,
CPM – Collection Première Moscow Осень 2026,1–4 сентября 2026,NINGBO SKYSWALLOW CLOTHING LTD,Ningbo Skyswallow Clothing Ltd,"одежда, аксессуары",Китай,,,14D60,,"Мода и стиль; женская, мужская и детская одежда; аксессуары; текстиль",NINGBO SKYSWALLOW CLOTHING LTD,NINGBO SKYSWALLOW CLOTHING LTD,http://www.swallowtextile.com,frank@swallowtextile.com,0574-87878577,https://md.expodat.com/companies/company/40954-ningbo-skyswallow-clothing-ltd.html,40954,NINGBO SKYSWALLOW CLOTHING LTD | Китай | 14D60 | NINGBO SKYSWALLOW CLOTHING LTD | http://www.swallowtextile.com | frank@swallowtextile.com,parsed_detail,,2026-08-24T05:45:15Z,cpm-moscow-autumn-2026-expodat-signo-v1.0.1,expodat_cpm_2026_autumn_public_catalog,11a30316eb5c55cd352210f76e3b0f697949d8ec32156d6c6c78a913ee481779,
CPM – Collection Première Moscow Осень 2026,1–4 сентября 2026,"NINGBO UNION VISION IMP&EXP CO., LTD.","Ningbo Union Vision Imp&Exp Co., Ltd.","обувь, текстиль и трикотаж, одежда",Китай,,,15B84,,"Мода и стиль; женская, мужская и детская одежда; аксессуары; текстиль","Ningbo Union Vision Imp. & Exp. Co., Ltd. Established in 2011, Ningbo Union Vision is a professional footwear sourcing and supply chain partner serving retailers, importers and discount chains worldwide. Our footwear range includes casual shoes, knit sneakers, lifestyle footwear, injection footwear and home slippers. Combining market-driven product development, competitive pricing and dependable quality, we help customers respond quickly to evolving consumer trends. With a strong network of manufacturing partners across China, we provide com","NINGBO UNION VISION IMP&EXP CO., LTD.",http://www.unionvision.com.cn,best-b2@unionvision.com.cn,0086 15957490527,https://md.expodat.com/companies/company/40549-union-vision.html,40549,"NINGBO UNION VISION IMP&EXP CO., LTD. | Китай | 15B84 | Ningbo Union Vision Imp. & Exp. Co., Ltd. Established in 2011, Ningbo Union Vision is a professional footwear sourcing and supply chain partner serving retailers, importers and discount chains worldwide. Our footwear range includes casual shoes, knit sneakers, lifestyle footwear, injection footwear and home slippers. Combining market-driven product development, competitive pricing and dependable quality, we help customers respond quickly to evolving consumer trends. With a strong network of manufacturing partners across China, we provide com | http://www.unionvision.com.cn | best-b2@unionvision.com.cn",parsed_detail,,2026-08-24T05:45:15Z,cpm-moscow-autumn-2026-expodat-signo-v1.0.1,expodat_cpm_2026_autumn_public_catalog,b5b135b40b7acb48c556959a3e9305e059e1fa3569265a3259e7c31f69a86f6c,
CPM – Collection Première Moscow Осень 2026,1–4 сентября 2026,NOBBY,NOBBY,"одежда, аксессуары",Россия,,,14Е35,,"Мода и стиль; женская, мужская и детская одежда; аксессуары; текстиль",,NOBBY,http://www.nobbycon.ru,,+7 495 955 91 99,https://md.expodat.com/companies/company/21636-nobby.html,21636,NOBBY | Россия | 14Е35 | http://www.nobbycon.ru,parsed_detail,,2026-08-24T05:45:15Z,cpm-moscow-autumn-2026-expodat-signo-v1.0.1,expodat_cpm_2026_autumn_public_catalog,40575d1fb43450749c5dab340336f258d4dfa754f5d73bbd12e159e9fecd003b,
CPM – Collection Première Moscow Осень 2026,1–4 сентября 2026,NORPPA,Norppa,одежда,Россия,,,15B37,,"Мода и стиль; женская, мужская и детская одежда; аксессуары; текстиль","Верхняя одежда NORPPA - это качественные и функциональные модели для самых неблагоприятных погодных условий. Благодаря прочным материалам и современным технологиям производства, наши куртки и парки защитят от ветра, дождя и холода. Верхняя одежда NORPPA - это качественные и функциональные модели для самых неблагоприятных погодных условий. Благодаря прочным материалам и современным технологиям производства, наши куртки и парки защитят от ветра, дождя и холода. Непромокаемые и непродуваемые мембранные ткани, проклеенные швы, водоотталкивающая пропитка и невесомый утеплитель обеспечивают максимальную защиту от ветра, дождя и холода. Ничто не сможет ограничить вашу свободу открытий!",NORPPA,https://norppa.ru/,office@norppa.ru,+78123368777,https://md.expodat.com/companies/company/30526-norppa.html,30526,"NORPPA | Россия | 15B37 | Верхняя одежда NORPPA - это качественные и функциональные модели для самых неблагоприятных погодных условий. Благодаря прочным материалам и современным технологиям производства, наши куртки и парки защитят от ветра, дождя и холода. Верхняя одежда NORPPA - это качественные и функциональные модели для самых неблагоприятных погодных условий. Благодаря прочным материалам и современным технологиям производства, наши куртки и парки защитят от ветра, дождя и холода. Непромокаемые и непродуваемые мембранные ткани, проклеенные швы, водоотталкивающая пропитка и невесомый утеплитель обеспечивают максимальную защиту от ветра, дождя и холода. Ничто не сможет ограничить вашу свободу открытий! | https://norppa.ru/ | office@norppa.ru",parsed_detail,,2026-08-24T05:45:15Z,cpm-moscow-autumn-2026-expodat-signo-v1.0.1,expodat_cpm_2026_autumn_public_catalog,92ac8ff98f50953f8b0867372bda2b38901482fb7cc944b8dc6a7d67e1c0c815,
CPM – Collection Première Moscow Осень 2026,1–4 сентября 2026,NORTFOLK,Nortfolk,"одежда, аксессуары",Россия,,,15C49,,"Мода и стиль; женская, мужская и детская одежда; аксессуары; текстиль",,NORTFOLK,,,+7 495 955 91 99,https://md.expodat.com/companies/company/20160-nortfolk.html,20160,NORTFOLK | Россия | 15C49,parsed_detail,,2026-08-24T05:45:15Z,cpm-moscow-autumn-2026-expodat-signo-v1.0.1,expodat_cpm_2026_autumn_public_catalog,ddd19e2dbf7653c64f0f71f33cac16161e16b2dc2889446c20c394d761d60f93,
CPM – Collection Première Moscow Осень 2026,1–4 сентября 2026,ODU-VAN,Odu-Van,"одежда, аксессуары",Россия,,,14F24,,"Мода и стиль; женская, мужская и детская одежда; аксессуары; текстиль",,ODU-VAN,,,+7 495 955 91 99,https://md.expodat.com/companies/company/41464-odu-van.html,41464,ODU-VAN | Россия | 14F24,parsed_detail,,2026-08-24T05:45:15Z,cpm-moscow-autumn-2026-expodat-signo-v1.0.1,expodat_cpm_2026_autumn_public_catalog,41c58018a2141dccf851a75fbc4d0ddf48ee14160972678819cb061b7ef9d08b,
CPM – Collection Première Moscow Осень 2026,1–4 сентября 2026,OLIVIK JEANS,Olivik Jeans,одежда,Россия,,,15В34,,"Мода и стиль; женская, мужская и детская одежда; аксессуары; текстиль","«Olivic Jeans» — молодой российский производитель и прямой продавец джинсовой одежды, основанный в 2025 году. Мы не гонимся за трендами каждую неделю. Наша философия — создать джинсы, которые станут вашей любимой парой на несколько сезонов. Простые, честные, сделанные с вниманием к деталям. Присоединяйтесь к «Olivic Jeans» с самого старта — носите качество",OLIVIK JEANS,,olpanina@inbox.ru,+79031199177,https://md.expodat.com/companies/company/40299-olivik-jeans.html,40299,"OLIVIK JEANS | Россия | 15В34 | «Olivic Jeans» — молодой российский производитель и прямой продавец джинсовой одежды, основанный в 2025 году. Мы не гонимся за трендами каждую неделю. Наша философия — создать джинсы, которые станут вашей любимой парой на несколько сезонов. Простые, честные, сделанные с вниманием к деталям. Присоединяйтесь к «Olivic Jeans» с самого старта — носите качество | olpanina@inbox.ru",parsed_detail,,2026-08-24T05:45:15Z,cpm-moscow-autumn-2026-expodat-signo-v1.0.1,expodat_cpm_2026_autumn_public_catalog,6e2de76a3eb485529fcdee6bee68a6fcd4f685c0d919a6537487559d9657ad10,
CPM – Collection Première Moscow Осень 2026,1–4 сентября 2026,ONNO,ONNO,"одежда, аксессуары",,,,14C21,,"Мода и стиль; женская, мужская и детская одежда; аксессуары; текстиль",,ONNO,,,+7 495 955 91 99,https://md.expodat.com/companies/company/40348-onno.html,40348,ONNO | 14C21,parsed_detail,,2026-08-24T05:45:15Z,cpm-moscow-autumn-2026-expodat-signo-v1.0.1,expodat_cpm_2026_autumn_public_catalog,236c3b3020c557fa5327d9ca7303d72ff0b0a5df64ff46910ee03013868ad05a,
CPM – Collection Première Moscow Осень 2026,1–4 сентября 2026,OPEN FASHION,Open Fashion,одежда,Россия,,,14F10 / 14G11,,"Мода и стиль; женская, мужская и детская одежда; аксессуары; текстиль","Если вы хотите добиться успеха в бизнесе и стремитесь предложить клиенткам вашего магазина актуальную и модную женскую одежду отличного качества, производственная компания «Open-Fashion» готова стать для вас надежным партнером и ответственным поставщиком женской одежды. Open Fashion premium — российский бренд премиальной женской одежды",OPEN FASHION,http://www.open-fashion.ru/,info@open-fashion.ru,+7 (383) 317-58-93,https://md.expodat.com/companies/company/18903-open-fashion.html,18903,"OPEN FASHION | Россия | 14F10 / 14G11 | Если вы хотите добиться успеха в бизнесе и стремитесь предложить клиенткам вашего магазина актуальную и модную женскую одежду отличного качества, производственная компания «Open-Fashion» готова стать для вас надежным партнером и ответственным поставщиком женской одежды. Open Fashion premium — российский бренд премиальной женской одежды | http://www.open-fashion.ru/ | info@open-fashion.ru",parsed_detail,,2026-08-24T05:45:15Z,cpm-moscow-autumn-2026-expodat-signo-v1.0.1,expodat_cpm_2026_autumn_public_catalog,dcd89d5f522b2e513294e884cbc258718c9f601062adcff1ff96cf16b2c85f2a,
CPM – Collection Première Moscow Осень 2026,1–4 сентября 2026,OSTRAYA ROZA,Ostraya Roza,"текстиль и трикотаж, одежда",Россия,,,14Е48,,"Мода и стиль; женская, мужская и детская одежда; аксессуары; текстиль","С 1997 года «Острая Роза» занимается производством женской верхней одежды, и вот как уже 5 лет выпускаем летнюю текстильную продукцию. Ассортимент одежды для женщин достаточно широк благодаря собственному дизайнерскому бюро. С 1997 года «Острая Роза» занимается производством женской верхней одежды, и вот как уже 5 лет выпускаем летнюю текстильную продукцию. Ассортимент одежды для женщин достаточно широк благодаря собственному дизайнерскому бюро. Наше предложение оптовой продажи включает демисезонные и утепленные пальто, жакеты, бомберы и полупальто, в текстиле: платья, костюмы, брюки, юбки, шорты, сарафаны преимущественно из льняного полотна. Каждый сезон коллекции нашей фабрики пополняются новыми моделями, сшитыми от начала до конца ПОРТНЫМИ высокой квалификации.",OSTRAYA ROZA,http://www.roza21.ru,or21@inbox.ru,89176500051,https://md.expodat.com/companies/company/21642-ostraya-roza.html,21642,"OSTRAYA ROZA | Россия | 14Е48 | С 1997 года «Острая Роза» занимается производством женской верхней одежды, и вот как уже 5 лет выпускаем летнюю текстильную продукцию. Ассортимент одежды для женщин достаточно широк благодаря собственному дизайнерскому бюро. С 1997 года «Острая Роза» занимается производством женской верхней одежды, и вот как уже 5 лет выпускаем летнюю текстильную продукцию. Ассортимент одежды для женщин достаточно широк благодаря собственному дизайнерскому бюро. Наше предложение оптовой продажи включает демисезонные и утепленные пальто, жакеты, бомберы и полупальто, в текстиле: платья, костюмы, брюки, юбки, шорты, сарафаны преимущественно из льняного полотна. Каждый сезон коллекции нашей фабрики пополняются новыми моделями, сшитыми от начала до конца ПОРТНЫМИ высокой квалификации. | http://www.roza21.ru | or21@inbox.ru",parsed_detail,,2026-08-24T05:45:15Z,cpm-moscow-autumn-2026-expodat-signo-v1.0.1,expodat_cpm_2026_autumn_public_catalog,589b78faeef417f6a850a1137c93eb9bab3bdf92c794f5200f7cc71ec2c23a0e,
CPM – Collection Première Moscow Осень 2026,1–4 сентября 2026,OVER/D,Over/D,"одежда, аксессуары",Италия,,,13A21-A23,,"Мода и стиль; женская, мужская и детская одежда; аксессуары; текстиль","Kомпания Over/D была основана в 2015 году как настоящая лаборатория для креативных бизнес-идей, Постоянные исследования и способность прогнозировать тенденции, а также превосходная коммерческая и коммуникационная стратегия позволили за несколько лет вывести бренд с национального рынка на европейские рынки, такие как Испания, Греция и Португалия, в 2017 году. Kомпания Over/D была основана в 2015 году как настоящая лаборатория для креативных бизнес-идей, Постоянные исследования и способность прогнозировать тенденции, а также превосходная коммерческая и коммуникационная стратегия позволили за несколько лет вывести бренд с национального рынка на европейские рынки, такие как Испания, Греция и Португалия, в 2017 году.000 Задача бренда - создавать мужские коллекции отражающие потребности своего клиента, отталкиваясь от его жизненных ценностей и глобальных тенденций. Многочисленные сочетания моделей, принтов и фактур тканей в коллекции позволяют с легкостью переходить из мира Street в мир Classic и стремительно расширять свою аудиторию, в то время как смешение стилей дают возможность подчеркнуть индивидуальность и самовыражение каждого.",OVER/D,http://www.refixnet.com,damiano@refixnet.com,+39 348 6415180,https://md.expodat.com/companies/company/36116-over-d.html,36116,"OVER/D | Италия | 13A21-A23 | Kомпания Over/D была основана в 2015 году как настоящая лаборатория для креативных бизнес-идей, Постоянные исследования и способность прогнозировать тенденции, а также превосходная коммерческая и коммуникационная стратегия позволили за несколько лет вывести бренд с национального рынка на европейские рынки, такие как Испания, Греция и Португалия, в 2017 году. Kомпания Over/D была основана в 2015 году как настоящая лаборатория для креативных бизнес-идей, Постоянные исследования и способность прогнозировать тенденции, а также превосходная коммерческая и коммуникационная стратегия позволили за несколько лет вывести бренд с национального рынка на европейские рынки, такие как Испания, Греция и Португалия, в 2017 году.000 Задача бренда - создавать мужские коллекции отражающие потребности своего клиента, отталкиваясь от его жизненных ценностей и глобальных тенденций. Многочисленные сочетания моделей, принтов и фактур тканей в коллекции позволяют с легкостью переходить из мира Street в мир Classic и стремительно расширять свою аудиторию, в то время как смешение стилей дают возможность подчеркнуть индивидуальность и самовыражение каждого. | http://www.refixnet.c",parsed_detail,,2026-08-24T05:45:15Z,cpm-moscow-autumn-2026-expodat-signo-v1.0.1,expodat_cpm_2026_autumn_public_catalog,414a66db69167e315542b5a3a783b77aa01cace92a14aecbdc15d0a37acc5dc5,
CPM – Collection Première Moscow Осень 2026,1–4 сентября 2026,OZON БАНК,Ozon Банк,,Россия,,,14G69,,"Мода и стиль; женская, мужская и детская одежда; аксессуары; текстиль","- Ozon Банк - российский банк, который развивает финансовые и платежные сервисы для B2C и B2B-клиентов: дебетовую Ozon Карту, накопительные счета и вклады, удобный daily banking, факторинговые и кредитные продукты, РКО, онлайн-бухгалтерию и др. У Банка более 30 млн активных клиентов.",OZON БАНК,https://finance.ozon.ru/business,business@finance.ozon.ru,8 800 555 89 91,https://md.expodat.com/companies/company/35963-ozon-bank.html,35963,"OZON БАНК | Россия | 14G69 | - Ozon Банк - российский банк, который развивает финансовые и платежные сервисы для B2C и B2B-клиентов: дебетовую Ozon Карту, накопительные счета и вклады, удобный daily banking, факторинговые и кредитные продукты, РКО, онлайн-бухгалтерию и др. У Банка более 30 млн активных клиентов. | https://finance.ozon.ru/business | business@finance.ozon.ru",parsed_detail,products,2026-08-24T05:45:15Z,cpm-moscow-autumn-2026-expodat-signo-v1.0.1,expodat_cpm_2026_autumn_public_catalog,54726716e00ae9b6d868ba31154d3b9c4d64ccb91fe2ab4319ffafbe2fd92b45,
CPM – Collection Première Moscow Осень 2026,1–4 сентября 2026,P.F.C.M.N.A.,P.F.C.M.N.A.,"одежда, аксессуары",Италия,,,13A31-A37,,"Мода и стиль; женская, мужская и детская одежда; аксессуары; текстиль","Коллекция Fracomina SS27 подчеркивает женскую утонченность в любой момент дня, сопровождая женщину с утра и до самого вечера. Эта коллекция отличается яркой палитрой, вдохновленной насыщенными красками Соррентийского побережья и элегантностью итальянского дизайна.",P.F.C.M.N.A.,http://www.fracomina.com,info@pfcmna.it,+39 081 8269592,https://md.expodat.com/companies/company/19599-p-f-c-m-n-a.html,19599,"P.F.C.M.N.A. | Италия | 13A31-A37 | Коллекция Fracomina SS27 подчеркивает женскую утонченность в любой момент дня, сопровождая женщину с утра и до самого вечера. Эта коллекция отличается яркой палитрой, вдохновленной насыщенными красками Соррентийского побережья и элегантностью итальянского дизайна. | http://www.fracomina.com | info@pfcmna.it",parsed_detail,,2026-08-24T05:45:15Z,cpm-moscow-autumn-2026-expodat-signo-v1.0.1,expodat_cpm_2026_autumn_public_catalog,e658dab0ab09c8eafcda55d745a4c2d25af2a576d294c903b746a5e023560fc5,
CPM – Collection Première Moscow Осень 2026,1–4 сентября 2026,PACK-SMART,Pack-Smart,"одежда, аксессуары",Россия,,,14G60,,"Мода и стиль; женская, мужская и детская одежда; аксессуары; текстиль",,PACK-SMART,,,+7 495 955 91 99,https://md.expodat.com/companies/company/40420-smart-pack.html,40420,PACK-SMART | Россия | 14G60,parsed_detail,,2026-08-24T05:45:15Z,cpm-moscow-autumn-2026-expodat-signo-v1.0.1,expodat_cpm_2026_autumn_public_catalog,b39284d47ed2497c07df12dfe2ba14fdac120a4ed22ab559b1c464d1012a2f89,
CPM – Collection Première Moscow Осень 2026,1–4 сентября 2026,PALLA,PALLA,одежда,Россия,,,14F49,,"Мода и стиль; женская, мужская и детская одежда; аксессуары; текстиль","Фабрика «PALLA» — российский производитель женской одежды. Продукция фабрики многократно отмечена профессиональными наградами в номинации «Лучший товар России». Мы стали профессионалами в разработке, пошиве и реализации женской одежды. Фабрика «PALLA» — российский производитель женской одежды. Продукция фабрики многократно отмечена профессиональными наградами в номинации «Лучший товар России». Мы стали профессионалами в разработке, пошиве и реализации женской одежды. PALLA готова предложить богатый ассортимент (более 1000 моделей) брюк, юбок, блуз, туник, платьев, джемперов, кардиганов, бриджей, шорт в широкой цветовой палитре. А большой размерный ряд от 40 до 70 размера позволяет удовлетворить запросы самого требовательного клиента. Женские изделия фирмы PALLA олицетворяют современную интерпретацию классического стиля. Российские женщины хотят одеваться эффектно, удобно и недорого. При разработке моделей главными критериями становятся качество, комфорт, эстетика, актуальные тенденции моды и цена.",PALLA,https://palla.su/,info@palla.su,+7 495 955 91 99,https://md.expodat.com/companies/company/19725-palla.html,19725,"PALLA | Россия | 14F49 | Фабрика «PALLA» — российский производитель женской одежды. Продукция фабрики многократно отмечена профессиональными наградами в номинации «Лучший товар России». Мы стали профессионалами в разработке, пошиве и реализации женской одежды. Фабрика «PALLA» — российский производитель женской одежды. Продукция фабрики многократно отмечена профессиональными наградами в номинации «Лучший товар России». Мы стали профессионалами в разработке, пошиве и реализации женской одежды. PALLA готова предложить богатый ассортимент (более 1000 моделей) брюк, юбок, блуз, туник, платьев, джемперов, кардиганов, бриджей, шорт в широкой цветовой палитре. А большой размерный ряд от 40 до 70 размера позволяет удовлетворить запросы самого требовательного клиента. Женские изделия фирмы PALLA олицетворяют современную интерпретацию классического стиля. Российские женщины хотят одеваться эффектно, удобно и недорого. При разработке моделей главными критериями становятся качество, комфорт, эстетика, актуальные тенденции моды и цена. | https://palla.su/ | info@palla.su",parsed_detail,,2026-08-24T05:45:15Z,cpm-moscow-autumn-2026-expodat-signo-v1.0.1,expodat_cpm_2026_autumn_public_catalog,4f64ebbfd185ebb5e2cc96d073e5aeafb6bef3cc6a8b7979a0b134dfc021c66a,
CPM – Collection Première Moscow Осень 2026,1–4 сентября 2026,PALMIRO ROSSI,Palmiro Rossi,"одежда, аксессуары",,,,14D38,,"Мода и стиль; женская, мужская и детская одежда; аксессуары; текстиль",,PALMIRO ROSSI,,,+7 495 955 91 99,https://md.expodat.com/companies/company/39878-palmiro-rossi.html,39878,PALMIRO ROSSI | 14D38,parsed_detail,,2026-08-24T05:45:15Z,cpm-moscow-autumn-2026-expodat-signo-v1.0.1,expodat_cpm_2026_autumn_public_catalog,c268245206492535b7ae53cd0a1ad1e35169aef89663d334c8f363f659030b71,
CPM – Collection Première Moscow Осень 2026,1–4 сентября 2026,PAQUITO,Paquito,одежда,Италия,,,13B20,,"Мода и стиль; женская, мужская и детская одежда; аксессуары; текстиль","Paquito — итальянский бренд женской одежды, создающий современные коллекции, где качественные ткани сочетаются с изысканными силуэтами. Вневременной стиль для современной женщины.",PAQUITO,http://www.paquitoprontomoda.com,info@paquitoprontomoda.com,+39 051 862430,https://md.expodat.com/companies/company/24951-paquito.html,24951,"PAQUITO | Италия | 13B20 | Paquito — итальянский бренд женской одежды, создающий современные коллекции, где качественные ткани сочетаются с изысканными силуэтами. Вневременной стиль для современной женщины. | http://www.paquitoprontomoda.com | info@paquitoprontomoda.com",parsed_detail,,2026-08-24T05:45:15Z,cpm-moscow-autumn-2026-expodat-signo-v1.0.1,expodat_cpm_2026_autumn_public_catalog,8d023420381766edd727f09344de5a5ac2c4cd4f266a373343746e79dc2e402f,
CPM – Collection Première Moscow Осень 2026,1–4 сентября 2026,PASHAMOD,Pashamod,"одежда, аксессуары",,,,13E48,,"Мода и стиль; женская, мужская и детская одежда; аксессуары; текстиль",,PASHAMOD,,,+7 495 955 91 99,https://md.expodat.com/companies/company/41398-pashamod.html,41398,PASHAMOD | 13E48,parsed_detail,,2026-08-24T05:45:15Z,cpm-moscow-autumn-2026-expodat-signo-v1.0.1,expodat_cpm_2026_autumn_public_catalog,e1643d4c4f838a208953b6100235a8c77718c2b17d9d2aef2f9009d102017c77,
CPM – Collection Première Moscow Осень 2026,1–4 сентября 2026,PATATI,Patati,"одежда, аксессуары",,,,15A35,,"Мода и стиль; женская, мужская и детская одежда; аксессуары; текстиль",,PATATI,,,+7 495 955 91 99,https://md.expodat.com/companies/company/40369-patati.html,40369,PATATI | 15A35,parsed_detail,,2026-08-24T05:45:15Z,cpm-moscow-autumn-2026-expodat-signo-v1.0.1,expodat_cpm_2026_autumn_public_catalog,bef5894ca3f27629162386ddd42ab6342f0376a79c7c79e1f3459b78ad4712c0,
CPM – Collection Première Moscow Осень 2026,1–4 сентября 2026,PERA PELLE,Pera Pelle,одежда,Турция,,,13F38,,"Мода и стиль; женская, мужская и детская одежда; аксессуары; текстиль","Наша компания была основана в 1995 году. В основном мы занимаемся производством мужской верхней одежды и экспортируем наш товар в 12 стран,расположенных по всему миру. В весенние и зимние сезоны мы предлагаем нашим покупателям полностью обновленную коллекцию,которая включает в себя свыше 300 моделей, полностью соответствующих последним тенденциям моды и стиля.",PERA PELLE,http://www.adalideri.com.tr,info@adalideri.com.tr,+7 495 955 91 99,https://md.expodat.com/companies/company/22814-pera-pelle.html,22814,"PERA PELLE | Турция | 13F38 | Наша компания была основана в 1995 году. В основном мы занимаемся производством мужской верхней одежды и экспортируем наш товар в 12 стран,расположенных по всему миру. В весенние и зимние сезоны мы предлагаем нашим покупателям полностью обновленную коллекцию,которая включает в себя свыше 300 моделей, полностью соответствующих последним тенденциям моды и стиля. | http://www.adalideri.com.tr | info@adalideri.com.tr",parsed_detail,,2026-08-24T05:45:15Z,cpm-moscow-autumn-2026-expodat-signo-v1.0.1,expodat_cpm_2026_autumn_public_catalog,3bec3e5f8d2318af5be00b4a0ba2d8c94d51696622217370e31964a881dc9da6,
CPM – Collection Première Moscow Осень 2026,1–4 сентября 2026,PERSON,Person,"одежда, аксессуары",Беларусь,,,14C24,,"Мода и стиль; женская, мужская и детская одежда; аксессуары; текстиль",,PERSON,,,+7 495 955 91 99,https://md.expodat.com/companies/company/34548-person.html,34548,PERSON | Беларусь | 14C24,parsed_detail,,2026-08-24T05:45:15Z,cpm-moscow-autumn-2026-expodat-signo-v1.0.1,expodat_cpm_2026_autumn_public_catalog,ea98a8be4e307f49ca7cb91a8ffb483c5a966203ee2f7536b870ae9fc007c005,
CPM – Collection Première Moscow Осень 2026,1–4 сентября 2026,PHARDI,Phardi,"одежда, аксессуары",Турция,,,14C09,,"Мода и стиль; женская, мужская и детская одежда; аксессуары; текстиль",,PHARDI,http://www.phardi.com,,+7 495 955 91 99,https://md.expodat.com/companies/company/22700-phardi.html,22700,PHARDI | Турция | 14C09 | http://www.phardi.com,parsed_detail,,2026-08-24T05:45:15Z,cpm-moscow-autumn-2026-expodat-signo-v1.0.1,expodat_cpm_2026_autumn_public_catalog,34eeca7dcc894dbdb99ba8098b8e34c93ae822a618adcdea3063a6fe0ce9265d,
CPM – Collection Première Moscow Осень 2026,1–4 сентября 2026,PIENA,PIENA,"одежда, аксессуары",Турция,,,14C01,,"Мода и стиль; женская, мужская и детская одежда; аксессуары; текстиль",,PIENA,http://www.piena.com.tr,,+7 495 955 91 99,https://md.expodat.com/companies/company/22733-piena.html,22733,PIENA | Турция | 14C01 | http://www.piena.com.tr,parsed_detail,,2026-08-24T05:45:15Z,cpm-moscow-autumn-2026-expodat-signo-v1.0.1,expodat_cpm_2026_autumn_public_catalog,2731685ebc72d1cbb7b2495b5e752547664f83d9934a123e20ca8c7aac5ea753,
CPM – Collection Première Moscow Осень 2026,1–4 сентября 2026,PIERO MORETTI,Piero Moretti,"одежда, аксессуары",Италия,,,13B02-B08,,"Мода и стиль; женская, мужская и детская одежда; аксессуары; текстиль","100% MADE IN ITALY Коллекции Piero Moretti, созданные и произведенные полностью в Италии, пользуются успехом во всем мире. Они олицетворяют истинную традицию MADE IN ITALY, мастерство искусного портного и любовь к женственности. Безупречное обслуживание клиентов, жизнерадостный подход к работе и пристальное внимание к модным тенденциям являются основными принципами Moretti Moda.",PIERO MORETTI,http://www.pieromoretti.it,info@pieromoretti.it,+39 0541 386148,https://md.expodat.com/companies/company/19506-piero-moretti.html,19506,"PIERO MORETTI | Италия | 13B02-B08 | 100% MADE IN ITALY Коллекции Piero Moretti, созданные и произведенные полностью в Италии, пользуются успехом во всем мире. Они олицетворяют истинную традицию MADE IN ITALY, мастерство искусного портного и любовь к женственности. Безупречное обслуживание клиентов, жизнерадостный подход к работе и пристальное внимание к модным тенденциям являются основными принципами Moretti Moda. | http://www.pieromoretti.it | info@pieromoretti.it",parsed_detail,,2026-08-24T05:45:15Z,cpm-moscow-autumn-2026-expodat-signo-v1.0.1,expodat_cpm_2026_autumn_public_catalog,c4236ed0d0376157c4b1a3a30bdf42fb1ec06aa65dd2cfdc0707dbbb811d7547,
CPM – Collection Première Moscow Осень 2026,1–4 сентября 2026,PIKANTO,Pikanto,одежда,Россия,,,15А25,,"Мода и стиль; женская, мужская и детская одежда; аксессуары; текстиль","Бренд PIKANTO появился благодаря стремлению определить успех по-своему. Создать линию одежды, которая поддерживает экологичность и качество во всех смыслах - в материалах, процессе производства, дизайне и образе жизни. Благодаря дизайну, вдохновленному внимательностью, путешествиями и ощущением ""дома"", бренд транслирует идею безвременья и оригинального стиля. Бренд PIKANTO появился благодаря стремлению определить успех по-своему. Создать линию одежды, которая поддерживает экологичность и качество во всех смыслах - в материалах, процессе производства, дизайне и образе жизни. Благодаря дизайну, вдохновленному внимательностью, путешествиями и ощущением ""дома"", бренд транслирует идею безвременья и оригинального стиля. Продукция производится в России на локальном производстве лимитированными партиями с 2005 года – года основания бренда. PIKANTO - это коллекции об удовольствии от жизни и творчестве, о внутренней свободе и комфорте наедине с собой. Бренд для самых ярких путешествий по жизни! О каком путешествии мечтаете Вы вместе с PIKANTO...",PIKANTO,http://www.pikantobrand.ru,zhanna_nassonova@mail.ru,+79192016771,https://md.expodat.com/companies/company/39068-picanto.html,39068,"PIKANTO | Россия | 15А25 | Бренд PIKANTO появился благодаря стремлению определить успех по-своему. Создать линию одежды, которая поддерживает экологичность и качество во всех смыслах - в материалах, процессе производства, дизайне и образе жизни. Благодаря дизайну, вдохновленному внимательностью, путешествиями и ощущением ""дома"", бренд транслирует идею безвременья и оригинального стиля. Бренд PIKANTO появился благодаря стремлению определить успех по-своему. Создать линию одежды, которая поддерживает экологичность и качество во всех смыслах - в материалах, процессе производства, дизайне и образе жизни. Благодаря дизайну, вдохновленному внимательностью, путешествиями и ощущением ""дома"", бренд транслирует идею безвременья и оригинального стиля. Продукция производится в России на локальном производстве лимитированными партиями с 2005 года – года основания бренда. PIKANTO - это коллекции об удовольствии от жизни и творчестве, о внутренней свободе и комфорте наедине с собой. Бренд для самых ярких путешествий по жизни! О каком путешествии мечтаете Вы вместе с PIKANTO... | http://www.pikantobrand.ru | zhanna_nassonova@mail.ru",parsed_detail,,2026-08-24T05:45:15Z,cpm-moscow-autumn-2026-expodat-signo-v1.0.1,expodat_cpm_2026_autumn_public_catalog,d01cb6e22b65305ec48e74d98ca1472b29b6a4a5958ae81898d81f57a5f90aa4,
CPM – Collection Première Moscow Осень 2026,1–4 сентября 2026,"PINGHU YUROU SUPPLY CHAIN CO., LTD.","Pinghu Yurou Supply Chain Co., Ltd.",одежда,Китай,,,14C80,,"Мода и стиль; женская, мужская и детская одежда; аксессуары; текстиль","A Global Down Jacket Supply Chain Leader. PINGHU YUROU SUPPLY CHAIN CO.,LTD.is a digital infrastructure builder of the RMB 100-billion down jacket industrial belt in Pinghu, Zhejiang. The company brings together over 2,000 high-quality upstream suppliers, covering the full range of down outerwear categories and forming a complete and efficient supply chain system within the industry. With the “Yucang” Industrial Internet Platform and the YURO Cross-Border Supply Chain Hub as its core engines, YURO integrates industrial resources and boosts the","PINGHU YUROU SUPPLY CHAIN CO., LTD.",https://www.downcoatmall.com/,260319493@qq.com,0086139 6722 5473,https://md.expodat.com/companies/company/40453-yurou.html,40453,"PINGHU YUROU SUPPLY CHAIN CO., LTD. | Китай | 14C80 | A Global Down Jacket Supply Chain Leader. PINGHU YUROU SUPPLY CHAIN CO.,LTD.is a digital infrastructure builder of the RMB 100-billion down jacket industrial belt in Pinghu, Zhejiang. The company brings together over 2,000 high-quality upstream suppliers, covering the full range of down outerwear categories and forming a complete and efficient supply chain system within the industry. With the “Yucang” Industrial Internet Platform and the YURO Cross-Border Supply Chain Hub as its core engines, YURO integrates industrial resources and boosts the | https://www.downcoatmall.com/ | 260319493@qq.com",parsed_detail,,2026-08-24T05:45:15Z,cpm-moscow-autumn-2026-expodat-signo-v1.0.1,expodat_cpm_2026_autumn_public_catalog,1410e6344e008a6ce4fd8ccb23c5293aa353ae66dfa67acc59bf2ebe90a56d00,
CPM – Collection Première Moscow Осень 2026,1–4 сентября 2026,Piserro-PSR,Piserro-PSR,одежда,Турция,,,14B30,,"Мода и стиль; женская, мужская и детская одежда; аксессуары; текстиль",PİSERRO является производителем и оптовым поставщиком мужской одежды.,Piserro-PSR,"http://piserro.com,piserro.ru",akillihakan@hotmail.com; piserronn@hotmail.com; akillibera@gmail.com,+79647228833,https://md.expodat.com/companies/company/25363-piserro.html,25363,"Piserro-PSR | Турция | 14B30 | PİSERRO является производителем и оптовым поставщиком мужской одежды. | http://piserro.com,piserro.ru | akillihakan@hotmail.com; piserronn@hotmail.com; akillibera@gmail.com",parsed_detail,,2026-08-24T05:45:15Z,cpm-moscow-autumn-2026-expodat-signo-v1.0.1,expodat_cpm_2026_autumn_public_catalog,19dda4ef7a5d08358ec381d1c00ee8b2ea5ff98c2542b79d71fd6672acf61d19,
CPM – Collection Première Moscow Осень 2026,1–4 сентября 2026,Pitas,Pitas,"одежда, аксессуары",Россия,,,15C35,,"Мода и стиль; женская, мужская и детская одежда; аксессуары; текстиль",,Pitas,,,+7 495 955 91 99,https://md.expodat.com/companies/company/37178-pitas.html,37178,Pitas | Россия | 15C35,parsed_detail,,2026-08-24T05:45:15Z,cpm-moscow-autumn-2026-expodat-signo-v1.0.1,expodat_cpm_2026_autumn_public_catalog,62265438b97bbba0e0338f818b631109e107b955af1b9bb2d2470eec1846b1a7,
CPM – Collection Première Moscow Осень 2026,1–4 сентября 2026,PORATO BASKO,Porato Basko,"одежда, аксессуары",Россия,,,15А41,,"Мода и стиль; женская, мужская и детская одежда; аксессуары; текстиль",,PORATO BASKO,,,+7 495 955 91 99,https://md.expodat.com/companies/company/25438-porato-basko.html,25438,PORATO BASKO | Россия | 15А41,parsed_detail,,2026-08-24T05:45:15Z,cpm-moscow-autumn-2026-expodat-signo-v1.0.1,expodat_cpm_2026_autumn_public_catalog,40ad8a4beaf435df045f8e143d78f2f5cc13990a6c033db46f438518daa0a997,
CPM – Collection Première Moscow Осень 2026,1–4 сентября 2026,PRAECHTIG BERLIN,Praechtig Berlin,одежда,Германия,,,13C20 / 13D21,,"Мода и стиль; женская, мужская и детская одежда; аксессуары; текстиль","Praechtig Berlin – молодой бренд из Германии, выпускающий женскую одежду. Компания основана в 2005 году в Гамбурге. Дизайнер – Кристиан Нойбауэр, работающий в сфере моды с 1989 года. В ассортименте бренда представлены сезонные коллекции шелковых, хлопковых и льняных повседневных изделий: платья, брюки, джемпера, ветровки и многое другое.",PRAECHTIG BERLIN,,,+7 495 955 91 99,https://md.expodat.com/companies/company/25528-praechtig-berlin.html,25528,"PRAECHTIG BERLIN | Германия | 13C20 / 13D21 | Praechtig Berlin – молодой бренд из Германии, выпускающий женскую одежду. Компания основана в 2005 году в Гамбурге. Дизайнер – Кристиан Нойбауэр, работающий в сфере моды с 1989 года. В ассортименте бренда представлены сезонные коллекции шелковых, хлопковых и льняных повседневных изделий: платья, брюки, джемпера, ветровки и многое другое.",parsed_detail,,2026-08-24T05:45:15Z,cpm-moscow-autumn-2026-expodat-signo-v1.0.1,expodat_cpm_2026_autumn_public_catalog,3fcfa6a406c36f4353fea9129c143c2e0abedb528339a8c8b3480f582ae35e4e,
CPM – Collection Première Moscow Осень 2026,1–4 сентября 2026,PRELUDE,Prelude,"одежда, аксессуары",,,,13C62,,"Мода и стиль; женская, мужская и детская одежда; аксессуары; текстиль",,PRELUDE,,,+7 495 955 91 99,https://md.expodat.com/companies/company/40819-prelude.html,40819,PRELUDE | 13C62,parsed_detail,,2026-08-24T05:45:15Z,cpm-moscow-autumn-2026-expodat-signo-v1.0.1,expodat_cpm_2026_autumn_public_catalog,8cf90d6e026a9fcddb3584742881082bd1da7bab7e242cd95821f89f1168d851,
CPM – Collection Première Moscow Осень 2026,1–4 сентября 2026,PRIMM,PRIMM,"одежда, аксессуары",Россия,,,15A30,,"Мода и стиль; женская, мужская и детская одежда; аксессуары; текстиль",,PRIMM,https://www.azbukamoda.ru/,,+7 495 955 91 99,https://md.expodat.com/companies/company/20862-primm.html,20862,PRIMM | Россия | 15A30 | https://www.azbukamoda.ru/,parsed_detail,,2026-08-24T05:45:15Z,cpm-moscow-autumn-2026-expodat-signo-v1.0.1,expodat_cpm_2026_autumn_public_catalog,4926fe4d6df6fabd70a1416e430b2c0a2f3941d18130405e80ce0cff1d24c1d0,
CPM – Collection Première Moscow Осень 2026,1–4 сентября 2026,PRINTTECH,Printtech,"одежда, аксессуары",Индия,,,14C71,,"Мода и стиль; женская, мужская и детская одежда; аксессуары; текстиль",,PRINTTECH,,,+7 495 955 91 99,https://md.expodat.com/companies/company/41431-printtech.html,41431,PRINTTECH | Индия | 14C71,parsed_detail,,2026-08-24T05:45:15Z,cpm-moscow-autumn-2026-expodat-signo-v1.0.1,expodat_cpm_2026_autumn_public_catalog,3e0f414f51c340c2e8ac0076d291f615fc247a292e5ab69b593d1f2fc82cd3cc,
CPM – Collection Première Moscow Осень 2026,1–4 сентября 2026,"PUNING SANDE CLOTHING CO., LTD.","Puning Sande Clothing Co., Ltd.","одежда, аксессуары",Китай,,,13E78,,"Мода и стиль; женская, мужская и детская одежда; аксессуары; текстиль","PUNING SANDE CLOTHING CO., LTD.","PUNING SANDE CLOTHING CO., LTD.",https://pnsande.en.alibaba.com,ceo@sandecloting.com,+7 495 955 91 99,https://md.expodat.com/companies/company/40882-puning-sande-clothing-co-ltd.html,40882,"PUNING SANDE CLOTHING CO., LTD. | Китай | 13E78 | PUNING SANDE CLOTHING CO., LTD. | https://pnsande.en.alibaba.com | ceo@sandecloting.com",parsed_detail,,2026-08-24T05:45:15Z,cpm-moscow-autumn-2026-expodat-signo-v1.0.1,expodat_cpm_2026_autumn_public_catalog,e56de4b664f6893159d5508bb3462ae0578b1ddd5a8cc51389cfe064d506aa41,
CPM – Collection Première Moscow Осень 2026,1–4 сентября 2026,PUNK QUEEN,Punk Queen,"одежда, аксессуары",Турция,,,14A02,,"Мода и стиль; женская, мужская и детская одежда; аксессуары; текстиль",,PUNK QUEEN,,,+7 495 955 91 99,https://md.expodat.com/companies/company/22763-punkqueen.html,22763,PUNK QUEEN | Турция | 14A02,parsed_detail,,2026-08-24T05:45:15Z,cpm-moscow-autumn-2026-expodat-signo-v1.0.1,expodat_cpm_2026_autumn_public_catalog,4045f36bcff2b77d1c89a070e642aa0d5cab8c564b193d68d38551a676dfbff4,
CPM – Collection Première Moscow Осень 2026,1–4 сентября 2026,"Puxing Technology Co., Ltd.","Puxing Technology Co., Ltd.","одежда, аксессуары",Китай,,,15C78,,"Мода и стиль; женская, мужская и детская одежда; аксессуары; текстиль","Puxing Technology Co., Ltd., jointly established by Xingyun Group and the Puyuan Town Government, is the official global gateway for Puyuan’s textile cluster. Rooted in Zhejiang, we provide sustainable premium textiles, OEM/ODM services, digital supply chains, and flexible global solutions.","Puxing Technology Co., Ltd.",http://www.puxingtechnology.com,iris.wong@pxglobal.com.cn,008615618887331,https://md.expodat.com/companies/company/40609-puxing.html,40609,"Puxing Technology Co., Ltd. | Китай | 15C78 | Puxing Technology Co., Ltd., jointly established by Xingyun Group and the Puyuan Town Government, is the official global gateway for Puyuan’s textile cluster. Rooted in Zhejiang, we provide sustainable premium textiles, OEM/ODM services, digital supply chains, and flexible global solutions. | http://www.puxingtechnology.com | iris.wong@pxglobal.com.cn",parsed_detail,,2026-08-24T05:45:15Z,cpm-moscow-autumn-2026-expodat-signo-v1.0.1,expodat_cpm_2026_autumn_public_catalog,bac85a83926ed29703214f7e16904f8a437e8e7442459cd53e8d8de38c79a9e9,
CPM – Collection Première Moscow Осень 2026,1–4 сентября 2026,"Qinghe Weigu Cashmere Products Co., Ltd.","Qinghe Weigu Cashmere Products Co., Ltd.",текстиль и трикотаж,Китай,,,15E80,,"Мода и стиль; женская, мужская и детская одежда; аксессуары; текстиль","Qinghe Weigu Cashmere Products Co., Ltd.","Qinghe Weigu Cashmere Products Co., Ltd.",,905176722@qq.com,+7 495 955 91 99,https://md.expodat.com/companies/company/40924-qinghe-weigu-cashmere-products-co-ltd.html,40924,"Qinghe Weigu Cashmere Products Co., Ltd. | Китай | 15E80 | Qinghe Weigu Cashmere Products Co., Ltd. | 905176722@qq.com",parsed_detail,,2026-08-24T05:45:15Z,cpm-moscow-autumn-2026-expodat-signo-v1.0.1,expodat_cpm_2026_autumn_public_catalog,e7b74f092f3258ecb47ddc8496b5810f728173710f8aa43f8407f58faa459493,
CPM – Collection Première Moscow Осень 2026,1–4 сентября 2026,"QUANZHOU ABNER IMPORT AND EXPORT TRADING CO., LTD.","Quanzhou Abner Import And Export Trading Co., Ltd.","одежда, аксессуары",Китай,,,14E67,,"Мода и стиль; женская, мужская и детская одежда; аксессуары; текстиль","QUANZHOU ABNER IMPORT AND EXPORT TRADING CO., LTD.","QUANZHOU ABNER IMPORT AND EXPORT TRADING CO., LTD.",,enya@abnerqz.com,86-0595-18960407099,https://md.expodat.com/companies/company/40984-quanzhou-abner-import-and-export-trading-co-ltd.html,40984,"QUANZHOU ABNER IMPORT AND EXPORT TRADING CO., LTD. | Китай | 14E67 | QUANZHOU ABNER IMPORT AND EXPORT TRADING CO., LTD. | enya@abnerqz.com",parsed_detail,,2026-08-24T05:45:15Z,cpm-moscow-autumn-2026-expodat-signo-v1.0.1,expodat_cpm_2026_autumn_public_catalog,2cc8cc38f6576e30d2b707cb7001e452691c2a3211d32d04d29e1f7f37ccaa9f,
CPM – Collection Première Moscow Осень 2026,1–4 сентября 2026,"QUANZHOU AOLIANBIAO GARMENT CO., LTD.","Quanzhou Aolianbiao Garment Co., Ltd.",одежда,Китай,,,14E69,,"Мода и стиль; женская, мужская и детская одежда; аксессуары; текстиль","QUANZHOU AOLIANBIAO GARMENT CO., LTD.","QUANZHOU AOLIANBIAO GARMENT CO., LTD.",,pine@qzblcn.com,+86 13906019599,https://md.expodat.com/companies/company/40987-quanzhou-aolianbiao-garment-co-ltd.html,40987,"QUANZHOU AOLIANBIAO GARMENT CO., LTD. | Китай | 14E69 | QUANZHOU AOLIANBIAO GARMENT CO., LTD. | pine@qzblcn.com",parsed_detail,,2026-08-24T05:45:15Z,cpm-moscow-autumn-2026-expodat-signo-v1.0.1,expodat_cpm_2026_autumn_public_catalog,b2beb1dfe505caaa0eca006a76c11faeb7c46c1a596e51368632d99db87226d0,
CPM – Collection Première Moscow Осень 2026,1–4 сентября 2026,"QUANZHOU DINGZHEN TRADING CO.,LTD","Quanzhou Dingzhen Trading Co.,Ltd","одежда, аксессуары",Китай,,,14C62,,"Мода и стиль; женская, мужская и детская одежда; аксессуары; текстиль","QUANZHOU DINGZHEN TRADING CO.,LTD","QUANZHOU DINGZHEN TRADING CO.,LTD",,,+7 495 955 91 99,https://md.expodat.com/companies/company/40951-quanzhou-dingzhen-trading-co-ltd.html,40951,"QUANZHOU DINGZHEN TRADING CO.,LTD | Китай | 14C62 | QUANZHOU DINGZHEN TRADING CO.,LTD",parsed_detail,,2026-08-24T05:45:15Z,cpm-moscow-autumn-2026-expodat-signo-v1.0.1,expodat_cpm_2026_autumn_public_catalog,cb5de3402956c5af1eef3c953f4e7621193ce7d43ec46e1b761999767290c233,
CPM – Collection Première Moscow Осень 2026,1–4 сентября 2026,"QUANZHOU HEYDONE SPORTS GOODS CO., LTD.","Quanzhou Heydone Sports Goods Co., Ltd.","одежда, аксессуары",Китай,,,15F12,,"Мода и стиль; женская, мужская и детская одежда; аксессуары; текстиль","QUANZHOU HEYDONE SPORTS GOODS CO., LTD.","QUANZHOU HEYDONE SPORTS GOODS CO., LTD.",,,+7 495 955 91 99,https://md.expodat.com/companies/company/41269-quanzhou-heydone-sports-goods-co-ltd.html,41269,"QUANZHOU HEYDONE SPORTS GOODS CO., LTD. | Китай | 15F12 | QUANZHOU HEYDONE SPORTS GOODS CO., LTD.",parsed_detail,,2026-08-24T05:45:15Z,cpm-moscow-autumn-2026-expodat-signo-v1.0.1,expodat_cpm_2026_autumn_public_catalog,b9931866189e6bf9c162eb59faa3ad7b0a7349f96281798ef3e6a4cb19b51ac4,
CPM – Collection Première Moscow Осень 2026,1–4 сентября 2026,"QUANZHOU JINZHUANG CLOTHING CO.,LTD","Quanzhou Jinzhuang Clothing Co.,Ltd",одежда,Китай,,,15F40,,"Мода и стиль; женская, мужская и детская одежда; аксессуары; текстиль","Компания Quanzhou Jinzhuang Garment Co., Ltd., расположенная в Цюаньчжоу, столице швейной промышленности, является первоклассной фабрикой по производству свитеров, пользующейся доверием своих клиентов. Мы производим свитера для многочисленных брендов, и наша продукция продается по всему миру. Компания Quanzhou Jinzhuang Garment Co., Ltd., расположенная в Цюаньчжоу, столице швейной промышленности, является первоклассной фабрикой по производству свитеров, пользующейся доверием своих клиентов. Мы производим свитера для многочисленных брендов, и наша продукция продается по всему миру. Мы гордимся 15-летним опытом производства свитеров, опытом OEM-производства для многих брендов, современным производственным оборудованием и профессиональной командой дизайнеров.","QUANZHOU JINZHUANG CLOTHING CO.,LTD",https://cnjinzhuang.en.alibaba.com/,chloeh@qzjinzhuang.com,+86-15695905051,https://md.expodat.com/companies/company/41332-quanzhou-jinzhuang-clothing-co-ltd.html,41332,"QUANZHOU JINZHUANG CLOTHING CO.,LTD | Китай | 15F40 | Компания Quanzhou Jinzhuang Garment Co., Ltd., расположенная в Цюаньчжоу, столице швейной промышленности, является первоклассной фабрикой по производству свитеров, пользующейся доверием своих клиентов. Мы производим свитера для многочисленных брендов, и наша продукция продается по всему миру. Компания Quanzhou Jinzhuang Garment Co., Ltd., расположенная в Цюаньчжоу, столице швейной промышленности, является первоклассной фабрикой по производству свитеров, пользующейся доверием своих клиентов. Мы производим свитера для многочисленных брендов, и наша продукция продается по всему миру. Мы гордимся 15-летним опытом производства свитеров, опытом OEM-производства для многих брендов, современным производственным оборудованием и профессиональной командой дизайнеров. | https://cnjinzhuang.en.alibaba.com/ | chloeh@qzjinzhuang.com",parsed_detail,,2026-08-24T05:45:15Z,cpm-moscow-autumn-2026-expodat-signo-v1.0.1,expodat_cpm_2026_autumn_public_catalog,7fcf0db8d3849962741eefb95c9a12482904f89b80777f4798ac9b89246d59d2,
CPM – Collection Première Moscow Осень 2026,1–4 сентября 2026,"QUANZHOU RIGORER TECHNOLOGY CO., LTD","Quanzhou Rigorer Technology Co., Ltd","одежда, аксессуары",Китай,,,14D69,,"Мода и стиль; женская, мужская и детская одежда; аксессуары; текстиль","XIAMEN RIGORER SPORTING GOODS CO., LTD.","QUANZHOU RIGORER TECHNOLOGY CO., LTD",http://www.zhunzhe.cn,limingxing@rigorer.com,+7 495 955 91 99,https://md.expodat.com/companies/company/40972-xiamen-rigorer-sporting-goods-co-ltd.html,40972,"QUANZHOU RIGORER TECHNOLOGY CO., LTD | Китай | 14D69 | XIAMEN RIGORER SPORTING GOODS CO., LTD. | http://www.zhunzhe.cn | limingxing@rigorer.com",parsed_detail,,2026-08-24T05:45:15Z,cpm-moscow-autumn-2026-expodat-signo-v1.0.1,expodat_cpm_2026_autumn_public_catalog,0b0d8d80d8828f0e1218af78d2c776bbbb012476f7157e677623d5f13d0efabd,
CPM – Collection Première Moscow Осень 2026,1–4 сентября 2026,RABE,RABE,"одежда, аксессуары",Германия,,,13C10,,"Мода и стиль; женская, мужская и детская одежда; аксессуары; текстиль","Каждый сезон дизайнерская команда разрабатывает не просто отдельные модели, а законченные капсульные темы, где цвет, материалы и силуэты гармонично дополняют друг друга. Такой подход позволяет легко формировать современный ассортимент и помогает партнерам создавать коммерчески успешные предложения для своих покупателей.",RABE,https://rabefashion.com/de-de/,irina.wagner@ceder-gmbh.de,+49 1737450040,https://md.expodat.com/companies/company/40290-rabe.html,40290,"RABE | Германия | 13C10 | Каждый сезон дизайнерская команда разрабатывает не просто отдельные модели, а законченные капсульные темы, где цвет, материалы и силуэты гармонично дополняют друг друга. Такой подход позволяет легко формировать современный ассортимент и помогает партнерам создавать коммерчески успешные предложения для своих покупателей. | https://rabefashion.com/de-de/ | irina.wagner@ceder-gmbh.de",parsed_detail,,2026-08-24T05:45:15Z,cpm-moscow-autumn-2026-expodat-signo-v1.0.1,expodat_cpm_2026_autumn_public_catalog,3103368a91bcd4d551048fa32616b1b03385672e9dad88f1a18c3ba063a6bb3d,
CPM – Collection Première Moscow Осень 2026,1–4 сентября 2026,RACHELLFABRI,Rachellfabri,одежда,Россия,,,14D18,,"Мода и стиль; женская, мужская и детская одежда; аксессуары; текстиль","Российский бренд Рашельфабри, рожденный в 2012 году – результат творческого взаимодействия молодого и талантливого дизайнерского дуэта. Это новая fashion-история от двух девушек, решивших раздвинуть границы понимания стиля и создать современный женский образ без шаблонных решений.",RACHELLFABRI,http://www.rachellfabri.ru,,+7 495 955 91 99,https://md.expodat.com/companies/company/18912-rachell-fabri.html,18912,"RACHELLFABRI | Россия | 14D18 | Российский бренд Рашельфабри, рожденный в 2012 году – результат творческого взаимодействия молодого и талантливого дизайнерского дуэта. Это новая fashion-история от двух девушек, решивших раздвинуть границы понимания стиля и создать современный женский образ без шаблонных решений. | http://www.rachellfabri.ru",parsed_detail,,2026-08-24T05:45:15Z,cpm-moscow-autumn-2026-expodat-signo-v1.0.1,expodat_cpm_2026_autumn_public_catalog,b3682dc6cb02697d2ca8a67ac614a76e0189972232824590a1f42b82b161bc58,
CPM – Collection Première Moscow Осень 2026,1–4 сентября 2026,RADICAL CHIC,Radical Chic,"одежда, аксессуары",,,,14A84,,"Мода и стиль; женская, мужская и детская одежда; аксессуары; текстиль",,RADICAL CHIC,,,+7 495 955 91 99,https://md.expodat.com/companies/company/40756-radical-chic.html,40756,RADICAL CHIC | 14A84,parsed_detail,,2026-08-24T05:45:15Z,cpm-moscow-autumn-2026-expodat-signo-v1.0.1,expodat_cpm_2026_autumn_public_catalog,b265059984c907390435f3c36d867596f6e7f9f3203211ba7e6b69bf2624f377,
CPM – Collection Première Moscow Осень 2026,1–4 сентября 2026,RAFAELLO,Rafaello,"одежда, аксессуары",Турция,,,14C21,,"Мода и стиль; женская, мужская и детская одежда; аксессуары; текстиль",RAFAELLO TEKSTİL ÜRÜNLERİ SANAYİ VE DIŞ TİCARET LİMİTED ŞİRKETİ,RAFAELLO,http://www.rafaello.com.tr,,+7 495 955 91 99,https://md.expodat.com/companies/company/20985-rafaello.html,20985,RAFAELLO | Турция | 14C21 | RAFAELLO TEKSTİL ÜRÜNLERİ SANAYİ VE DIŞ TİCARET LİMİTED ŞİRKETİ | http://www.rafaello.com.tr,parsed_detail,,2026-08-24T05:45:15Z,cpm-moscow-autumn-2026-expodat-signo-v1.0.1,expodat_cpm_2026_autumn_public_catalog,f972370ca12ea7874ade44d26562ad3ea25815f3260ed8046f86277c8b9ee246,
CPM – Collection Première Moscow Осень 2026,1–4 сентября 2026,RAFI,RAFI,"одежда, аксессуары",Россия,,,14G38,,"Мода и стиль; женская, мужская и детская одежда; аксессуары; текстиль",,RAFI,,,+7 495 955 91 99,https://md.expodat.com/companies/company/26445-rafi.html,26445,RAFI | Россия | 14G38,parsed_detail,,2026-08-24T05:45:15Z,cpm-moscow-autumn-2026-expodat-signo-v1.0.1,expodat_cpm_2026_autumn_public_catalog,8710876f2ac3f2c32e552106425e60b66b334b496b9ba2d44e07821055c9f6ff,
CPM – Collection Première Moscow Осень 2026,1–4 сентября 2026,RAGANELLA PRINCESS,Raganella Princess,аксессуары,Италия,,,15A54 / 15B55,,"Мода и стиль; женская, мужская и детская одежда; аксессуары; текстиль","Каждое изделие марки Raganella Princess – это эксклюзивное творение, где ручная работа высококлассных мастеров сочетается с высочайшим качеством материала. Все украшения Raganella Princess созданы из гипоаллергенного сплава, с различным гальваническим покрытием. Каждое изделие марки Raganella Princess – это эксклюзивное творение, где ручная работа высококлассных мастеров сочетается с высочайшим качеством материала. Все украшения Raganella Princess созданы из гипоаллергенного сплава, с различным гальваническим покрытием. Большую часть коллекций составляют изделия с натуральными камнями, выполненные вручную. Штаб-квартира бренда и мастерская находится в живописном местечке Варезе на Севере Италии. Изделия марки Raganella Princess выпускаются ограниченным тиражом по уникальным проектам. Их объединяет общая стилистика, что делает бренд узнаваемым, но каждая новая коллекция несет в себе тот самый неповторимый итальянский шик, элегантность форм, разнообразие фактур и безупречное сочетание материалов. Каждое украшение снабжено фирменным клеймом, что исключает недобросовестное копирование. Структура изделий Raganella Princess делает их универсальными – кольца, браслеты и колье регулируются по размеру и длине. Как правило, каждая коллекция содержит как гарнитуры из украшений, так и одиночные элементы. Все они прекрасно компонуются между собой, оставляя простор для творческого создания собственного уникального образа. Дизайнерские украшения Raganella Princess могут стать ценными объектами коллекционирования, потому как с течением времени приобретают благородный винтажный оттенок, сохраняя неповторимую эстетику Италии.",RAGANELLA PRINCESS,http://raganellaprincess.com,,+7 495 955 91 99,https://md.expodat.com/companies/company/21393-raganella-princess.html,21393,"RAGANELLA PRINCESS | Италия | 15A54 / 15B55 | Каждое изделие марки Raganella Princess – это эксклюзивное творение, где ручная работа высококлассных мастеров сочетается с высочайшим качеством материала. Все украшения Raganella Princess созданы из гипоаллергенного сплава, с различным гальваническим покрытием. Каждое изделие марки Raganella Princess – это эксклюзивное творение, где ручная работа высококлассных мастеров сочетается с высочайшим качеством материала. Все украшения Raganella Princess созданы из гипоаллергенного сплава, с различным гальваническим покрытием. Большую часть коллекций составляют изделия с натуральными камнями, выполненные вручную. Штаб-квартира бренда и мастерская находится в живописном местечке Варезе на Севере Италии. Изделия марки Raganella Princess выпускаются ограниченным тиражом по уникальным проектам. Их объединяет общая стилистика, что делает бренд узнаваемым, но каждая новая коллекция несет в себе тот самый неповторимый итальянский шик, элегантность форм, разнообразие фактур и безупречное сочетание материалов. Каждое украшение снабжено фирменным клеймом, что исключает недобросовестное копирование. Структура изделий Raganella Princess делает их универса",parsed_detail,,2026-08-24T05:45:15Z,cpm-moscow-autumn-2026-expodat-signo-v1.0.1,expodat_cpm_2026_autumn_public_catalog,211b4686cc9d73164aef61e53f77dbd8730c7e4679dab3c4e42c32e3b8c0e39d,
CPM – Collection Première Moscow Осень 2026,1–4 сентября 2026,RAGUBA,Raguba,"одежда, аксессуары",Турция,,,13F18,,"Мода и стиль; женская, мужская и детская одежда; аксессуары; текстиль",,RAGUBA,,,+7 495 955 91 99,https://md.expodat.com/companies/company/39298-raguba.html,39298,RAGUBA | Турция | 13F18,parsed_detail,,2026-08-24T05:45:15Z,cpm-moscow-autumn-2026-expodat-signo-v1.0.1,expodat_cpm_2026_autumn_public_catalog,108e78154e396cde1121b7738184d2fc96eb1fefb185e8d24337e71c51c4a0bf,
CPM – Collection Première Moscow Осень 2026,1–4 сентября 2026,RAW,RAW,"одежда, аксессуары",Турция,,,14A39,,"Мода и стиль; женская, мужская и детская одежда; аксессуары; текстиль",,RAW,http://www.rawdenimlife.com,,+7 495 955 91 99,https://md.expodat.com/companies/company/22766-raw.html,22766,RAW | Турция | 14A39 | http://www.rawdenimlife.com,parsed_detail,,2026-08-24T05:45:15Z,cpm-moscow-autumn-2026-expodat-signo-v1.0.1,expodat_cpm_2026_autumn_public_catalog,5b188b2cfa4f77c7668c59e64aa59f2f56de26c0c1ac0ac31226691b7a2a343c,
CPM – Collection Première Moscow Осень 2026,1–4 сентября 2026,REFIXNET DI DAMIANO CASSI,Refixnet Di Damiano Cassi,"одежда, аксессуары",Италия,,,"13A21-A23, 13B15",,"Мода и стиль; женская, мужская и детская одежда; аксессуары; текстиль","Представитель в России брендов LANCASTER, VALENTINO, GAS, OVER/D, J.B4",REFIXNET DI DAMIANO CASSI,http://www.refixnet.com,damiano@refixnet.com,+39 348 6415180,https://md.expodat.com/companies/company/19533-refixnet-di-damiano-cassi.html,19533,"REFIXNET DI DAMIANO CASSI | Италия | 13A21-A23, 13B15 | Представитель в России брендов LANCASTER, VALENTINO, GAS, OVER/D, J.B4 | http://www.refixnet.com | damiano@refixnet.com",parsed_detail,,2026-08-24T05:45:15Z,cpm-moscow-autumn-2026-expodat-signo-v1.0.1,expodat_cpm_2026_autumn_public_catalog,0c989721b36a77ac8a8bd9cdea70c47271a162a4824bb4df21f49044bdcd5f37,
CPM – Collection Première Moscow Осень 2026,1–4 сентября 2026,Riccomen,Riccomen,одежда,Турция,,,13F31,,"Мода и стиль; женская, мужская и детская одежда; аксессуары; текстиль","RICCOMEN — это премиальный бренд мужской одежды, где сила современного мужчины сочетается с сдержанной роскошью. Вневременной дизайн, высококачественные ткани и безупречный крой формируют уверенный и статусный стиль.",Riccomen,https://riccomen.com/,laleli@riccomen.com,+905355674289,https://md.expodat.com/companies/company/39301-riccomen.html,39301,"Riccomen | Турция | 13F31 | RICCOMEN — это премиальный бренд мужской одежды, где сила современного мужчины сочетается с сдержанной роскошью. Вневременной дизайн, высококачественные ткани и безупречный крой формируют уверенный и статусный стиль. | https://riccomen.com/ | laleli@riccomen.com",parsed_detail,,2026-08-24T05:45:15Z,cpm-moscow-autumn-2026-expodat-signo-v1.0.1,expodat_cpm_2026_autumn_public_catalog,60f243335d706341349b311cba050dd9ffee226fb40ff51206ecce8bf902ded0,
CPM – Collection Première Moscow Осень 2026,1–4 сентября 2026,RINASCIMENTO,Rinascimento,одежда,Италия,,,13B39,,"Мода и стиль; женская, мужская и детская одежда; аксессуары; текстиль","Бренд Rinascimento являющийся частью Группы Teddy относится к категории Fast Fashion и отличается своим современным и изысканным стилем. Предлагаемый ассортимент, полностью производимый в Италии, соответствует последним тенденциям моды и включает в себя все необходимое для создания элегантного, современного иуниверсального total-look. Каждая коллекция Rinascimento это дань сущности женственности и уникальной индивидуальности каждой женщины.",RINASCIMENTO,,gberni@teddy.it,+39 338 5703987,https://md.expodat.com/companies/company/19560-rinascimento.html,19560,"RINASCIMENTO | Италия | 13B39 | Бренд Rinascimento являющийся частью Группы Teddy относится к категории Fast Fashion и отличается своим современным и изысканным стилем. Предлагаемый ассортимент, полностью производимый в Италии, соответствует последним тенденциям моды и включает в себя все необходимое для создания элегантного, современного иуниверсального total-look. Каждая коллекция Rinascimento это дань сущности женственности и уникальной индивидуальности каждой женщины. | gberni@teddy.it",parsed_detail,,2026-08-24T05:45:15Z,cpm-moscow-autumn-2026-expodat-signo-v1.0.1,expodat_cpm_2026_autumn_public_catalog,680cdbacc1f33cb9a261ba858e07e6a51e3681d9a6c84e35422982f456a3215b,
CPM – Collection Première Moscow Осень 2026,1–4 сентября 2026,RN OUTDOOR,Rn Outdoor,"одежда, аксессуары",,,,15D76,,"Мода и стиль; женская, мужская и детская одежда; аксессуары; текстиль",,RN OUTDOOR,,,+7 495 955 91 99,https://md.expodat.com/companies/company/40639-rn-outdoor.html,40639,RN OUTDOOR | 15D76,parsed_detail,,2026-08-24T05:45:15Z,cpm-moscow-autumn-2026-expodat-signo-v1.0.1,expodat_cpm_2026_autumn_public_catalog,5892259c8c6abf44457a610a65df01145f9fde3c7c3420e2a0fa0c87553d2059,
CPM – Collection Première Moscow Осень 2026,1–4 сентября 2026,ROBERTO CORNELLI,Roberto Cornelli,"одежда, аксессуары",Россия,,,15A59,,"Мода и стиль; женская, мужская и детская одежда; аксессуары; текстиль",ROBERTO CORNELLI,ROBERTO CORNELLI,http://www.accessories-111.ru,akceccuar@mail.ru,+7 495 955 91 99,https://md.expodat.com/companies/company/19917-roberto-cornelli.html,19917,ROBERTO CORNELLI | Россия | 15A59 | ROBERTO CORNELLI | http://www.accessories-111.ru | akceccuar@mail.ru,parsed_detail,,2026-08-24T05:45:15Z,cpm-moscow-autumn-2026-expodat-signo-v1.0.1,expodat_cpm_2026_autumn_public_catalog,1d2c2bb89536dcc9818d255b58c792eb30fdcf059b2bfd539a1bcbb81010a7f0,
CPM – Collection Première Moscow Осень 2026,1–4 сентября 2026,RODNIK,Rodnik,"одежда, аксессуары",Турция,,,14A38,,"Мода и стиль; женская, мужская и детская одежда; аксессуары; текстиль",,RODNIK,,,+7 495 955 91 99,https://md.expodat.com/companies/company/39286-rodnik.html,39286,RODNIK | Турция | 14A38,parsed_detail,,2026-08-24T05:45:15Z,cpm-moscow-autumn-2026-expodat-signo-v1.0.1,expodat_cpm_2026_autumn_public_catalog,943d66dd47d141f122fd47561a2276c787ab2622c94ec68334e227dccec41b9a,
CPM – Collection Première Moscow Осень 2026,1–4 сентября 2026,ROIDAL,Roidal,"нижнее белье и пляжная одежда, аксессуары, одежда",Испания,,,13C52,,"Мода и стиль; женская, мужская и детская одежда; аксессуары; текстиль","ROIDAL, S.L. - это каталонская компания, которая специализируется на дизайне и производстве купальников, пляжной одежды и аксессуаров в сегменте LUX. Рисунки для каждой коллекции разрабатываются художниками высокой моды, а затем переносятся на изысканные полотна лучших итальянских производителей. Особое искусство – добиться одинаковой цветопередачи на разных фактурах тканей: на тончайшем шелке, воздушном тюле или на плотном эластичном мериловом полотне.",ROIDAL,,,+7 495 955 91 99,https://md.expodat.com/companies/company/25047-roidal.html,25047,"ROIDAL | Испания | 13C52 | ROIDAL, S.L. - это каталонская компания, которая специализируется на дизайне и производстве купальников, пляжной одежды и аксессуаров в сегменте LUX. Рисунки для каждой коллекции разрабатываются художниками высокой моды, а затем переносятся на изысканные полотна лучших итальянских производителей. Особое искусство – добиться одинаковой цветопередачи на разных фактурах тканей: на тончайшем шелке, воздушном тюле или на плотном эластичном мериловом полотне.",parsed_detail,,2026-08-24T05:45:15Z,cpm-moscow-autumn-2026-expodat-signo-v1.0.1,expodat_cpm_2026_autumn_public_catalog,12e3c287578b6be7d0f07120e2399f18d57d0efcb6ee6ffa5cd5095b398690d8,
CPM – Collection Première Moscow Осень 2026,1–4 сентября 2026,ROMANTIC,Romantic,"одежда, аксессуары",Россия,,,15C30,,"Мода и стиль; женская, мужская и детская одежда; аксессуары; текстиль",,ROMANTIC,,,+7 495 955 91 99,https://md.expodat.com/companies/company/24680-romantic.html,24680,ROMANTIC | Россия | 15C30,parsed_detail,,2026-08-24T05:45:15Z,cpm-moscow-autumn-2026-expodat-signo-v1.0.1,expodat_cpm_2026_autumn_public_catalog,fad45252e5d278001e82dd0b722563f7be4262b8e3ee08c5663b8bc99ae052f7,
CPM – Collection Première Moscow Осень 2026,1–4 сентября 2026,RONIN FASHION,Ronin Fashion,одежда,Турция,,,14A37,,"Мода и стиль; женская, мужская и детская одежда; аксессуары; текстиль",RONIN TEKSTIL URUNLERI SANAYI VE DIS TICARET LIMITED SIRKETI,RONIN FASHION,http://www.ronintekstil.com,ronintekstil@hotmail.com,+905323361809,https://md.expodat.com/companies/company/22796-ronin.html,22796,RONIN FASHION | Турция | 14A37 | RONIN TEKSTIL URUNLERI SANAYI VE DIS TICARET LIMITED SIRKETI | http://www.ronintekstil.com | ronintekstil@hotmail.com,parsed_detail,,2026-08-24T05:45:15Z,cpm-moscow-autumn-2026-expodat-signo-v1.0.1,expodat_cpm_2026_autumn_public_catalog,4b8726e25ac3b9180cb7b309a44e910f13657f0d942dda197069e96ad111fe90,
CPM – Collection Première Moscow Осень 2026,1–4 сентября 2026,ROSANNA PELLEGRINI,Rosanna Pellegrini,текстиль и трикотаж,Италия,,,13B19,,"Мода и стиль; женская, мужская и детская одежда; аксессуары; текстиль","Линия Rosanna Pellegrini предназначена для женщин, которые любят выделяться и предпочитают носить утонченный и элегантный образ. В дополнение к настоящему трикотажу из тонкой пряжи, коллекция весна-лето 2027 в основном представлена роскошным трикотажем и жоржетом из вискозы и хлопкового муслина.",ROSANNA PELLEGRINI,http://www.rosannapellegrini.it,mp@rosannapellegrini.it,+39 0541 629717,https://md.expodat.com/companies/company/19518-rosanna-pellegrini.html,19518,"ROSANNA PELLEGRINI | Италия | 13B19 | Линия Rosanna Pellegrini предназначена для женщин, которые любят выделяться и предпочитают носить утонченный и элегантный образ. В дополнение к настоящему трикотажу из тонкой пряжи, коллекция весна-лето 2027 в основном представлена роскошным трикотажем и жоржетом из вискозы и хлопкового муслина. | http://www.rosannapellegrini.it | mp@rosannapellegrini.it",parsed_detail,,2026-08-24T05:45:15Z,cpm-moscow-autumn-2026-expodat-signo-v1.0.1,expodat_cpm_2026_autumn_public_catalog,edcab933c67dcf57c14b15b955d49cd98f88bbfd850404ff4e57a81897f52866,
CPM – Collection Première Moscow Осень 2026,1–4 сентября 2026,S-SPECT,S-Spect,"одежда, аксессуары",Россия,,,14G58,,"Мода и стиль; женская, мужская и детская одежда; аксессуары; текстиль","Компания S-SPECT занимается разработкой, производством и установкой мультимедийных решений под ключ. Мы беремся за самые смелые проекты, предоставляем техническую поддержку и гарантию на работы и оборудование. Наши клиенты - государственные и частные организации, которым требуется светодиодное или интерактивное оборудование, а также обычные люди, которые готовы добавить в жизнь яркие, современные технологии",S-SPECT,https://s-spect.com/,info@s-spect.com,+79344773635,https://md.expodat.com/companies/company/40414-s-spect.html,40414,"S-SPECT | Россия | 14G58 | Компания S-SPECT занимается разработкой, производством и установкой мультимедийных решений под ключ. Мы беремся за самые смелые проекты, предоставляем техническую поддержку и гарантию на работы и оборудование. Наши клиенты - государственные и частные организации, которым требуется светодиодное или интерактивное оборудование, а также обычные люди, которые готовы добавить в жизнь яркие, современные технологии | https://s-spect.com/ | info@s-spect.com",parsed_detail,,2026-08-24T05:45:15Z,cpm-moscow-autumn-2026-expodat-signo-v1.0.1,expodat_cpm_2026_autumn_public_catalog,628336533604a0e64957f03842f90b3acb37485d07199b6cbcbe359293f0d1b7,
CPM – Collection Première Moscow Осень 2026,1–4 сентября 2026,SAMSARA,Samsara,"одежда, аксессуары",Турция,,,14C31,,"Мода и стиль; женская, мужская и детская одежда; аксессуары; текстиль",,SAMSARA,,,+7 495 955 91 99,https://md.expodat.com/companies/company/25372-samsara.html,25372,SAMSARA | Турция | 14C31,parsed_detail,,2026-08-24T05:45:15Z,cpm-moscow-autumn-2026-expodat-signo-v1.0.1,expodat_cpm_2026_autumn_public_catalog,172db699781479076580cbc09d0432fce901dff3f772f4c64ea1d86137716c00,
CPM – Collection Première Moscow Осень 2026,1–4 сентября 2026,Sanctamuerte,Sanctamuerte,"одежда, аксессуары",Италия,,,13C20 / 13D21,,"Мода и стиль; женская, мужская и детская одежда; аксессуары; текстиль",,Sanctamuerte,,,+7 495 955 91 99,https://md.expodat.com/companies/company/32402-sanctamuerte.html,32402,Sanctamuerte | Италия | 13C20 / 13D21,parsed_detail,,2026-08-24T05:45:15Z,cpm-moscow-autumn-2026-expodat-signo-v1.0.1,expodat_cpm_2026_autumn_public_catalog,fefa7fe0863b1401e69dac8839b346f8a635e7284badbf620761e821dd5c2cc2,
CPM – Collection Première Moscow Осень 2026,1–4 сентября 2026,SANDRO FERRONE,Sandro Ferrone,"одежда, аксессуары",Италия,,,13A10,,"Мода и стиль; женская, мужская и детская одежда; аксессуары; текстиль","Sandro Ferrone - это бренд, который сопровождает женщину на каждом этапе дня, с его вечными костюмами для работы, переходя к более повседневным образам для п повседневной жизни, и наконец, к самым элегантным вещам для самых важных вечеров. Совершенно итальянский вкусъ, с особым вниманием к посадке и подходящим материалам. Sandro Ferrone для всех, и однажды попробовав, вы больше не захотите с ним расставаться.",SANDRO FERRONE,http://www.sandroferrone.it/,p.buglione@hotmail.it,+39 338 9448370,https://md.expodat.com/companies/company/39209-sandro-ferrone.html,39209,"SANDRO FERRONE | Италия | 13A10 | Sandro Ferrone - это бренд, который сопровождает женщину на каждом этапе дня, с его вечными костюмами для работы, переходя к более повседневным образам для п повседневной жизни, и наконец, к самым элегантным вещам для самых важных вечеров. Совершенно итальянский вкусъ, с особым вниманием к посадке и подходящим материалам. Sandro Ferrone для всех, и однажды попробовав, вы больше не захотите с ним расставаться. | http://www.sandroferrone.it/ | p.buglione@hotmail.it",parsed_detail,,2026-08-24T05:45:15Z,cpm-moscow-autumn-2026-expodat-signo-v1.0.1,expodat_cpm_2026_autumn_public_catalog,dd5e1fb869fdd60696b9675cb376116a5a2731069ae26faeb15f687146c1597e,
CPM – Collection Première Moscow Осень 2026,1–4 сентября 2026,SARKISOVA,Sarkisova,"одежда, аксессуары",Россия,,,15A45 / 15A47,,"Мода и стиль; женская, мужская и детская одежда; аксессуары; текстиль",,SARKISOVA,,,+7 495 955 91 99,https://md.expodat.com/companies/company/31514-sarkisova.html,31514,SARKISOVA | Россия | 15A45 / 15A47,parsed_detail,,2026-08-24T05:45:15Z,cpm-moscow-autumn-2026-expodat-signo-v1.0.1,expodat_cpm_2026_autumn_public_catalog,b5bb7195448c02ffe5196ebc502aeaf91c7869e8e3f413c57d4cb39b61512ae5,
CPM – Collection Première Moscow Осень 2026,1–4 сентября 2026,SARTORIA MARENERO,Sartoria Marenero,"детская одежда, текстиль и трикотаж, одежда",Турция,,,14B48,,"Мода и стиль; женская, мужская и детская одежда; аксессуары; текстиль","MARENERO начала выпускать верхнюю одежду в 1982 году на мастерской площадью 60 м² в Бейоглу, Стамбул. Сегодня, с его прошлым опытом и качественным мастерством; Компания разрабатывает и производит прочную и высококачественную одежду для мужчин и женщин на своей фабрике площадью 6000 м², расположенной в Бомонти, Стамбул. MARENERO начала выпускать верхнюю одежду в 1982 году на мастерской площадью 60 м² в Бейоглу, Стамбул. Сегодня, с его прошлым опытом и качественным мастерством; Компания разрабатывает и производит прочную и высококачественную одежду для мужчин и женщин на своей фабрике площадью 6000 м², расположенной в Бомонти, Стамбул. Для тех, кто не идет на компромисс в отношении качества и элегантности, MARENERO сочетает в себе дизайн с превосходным качеством исполнения; Он посвящен сочетанию новейших материалов с передовыми технологиями и индивидуальной работой. Основываясь на этом принципе, наши продукты; Мы создаем 100% шерсть, 100% кашемир, детскую альпаку и другие натуральные ткани, разработанные и произведенные в Италии.",SARTORIA MARENERO,http://www.mapata.com,helinaksu@mapata.com.tr,+7 495 955 91 99,https://md.expodat.com/companies/company/19086-sartoria-marenero.html,19086,"SARTORIA MARENERO | Турция | 14B48 | MARENERO начала выпускать верхнюю одежду в 1982 году на мастерской площадью 60 м² в Бейоглу, Стамбул. Сегодня, с его прошлым опытом и качественным мастерством; Компания разрабатывает и производит прочную и высококачественную одежду для мужчин и женщин на своей фабрике площадью 6000 м², расположенной в Бомонти, Стамбул. MARENERO начала выпускать верхнюю одежду в 1982 году на мастерской площадью 60 м² в Бейоглу, Стамбул. Сегодня, с его прошлым опытом и качественным мастерством; Компания разрабатывает и производит прочную и высококачественную одежду для мужчин и женщин на своей фабрике площадью 6000 м², расположенной в Бомонти, Стамбул. Для тех, кто не идет на компромисс в отношении качества и элегантности, MARENERO сочетает в себе дизайн с превосходным качеством исполнения; Он посвящен сочетанию новейших материалов с передовыми технологиями и индивидуальной работой. Основываясь на этом принципе, наши продукты; Мы создаем 100% шерсть, 100% кашемир, детскую альпаку и другие натуральные ткани, разработанные и произведенные в Италии. | http://www.mapata.com | helinaksu@mapata.com.tr",parsed_detail,,2026-08-24T05:45:15Z,cpm-moscow-autumn-2026-expodat-signo-v1.0.1,expodat_cpm_2026_autumn_public_catalog,043eed0610ac6e3c49513ef90caa67e0f21c07636d2d5c534d7742fb61b060cd,
CPM – Collection Première Moscow Осень 2026,1–4 сентября 2026,SAVAGE,Savage,"обувь, аксессуары, одежда",Россия,,,14Е18 / 14F19,,"Мода и стиль; женская, мужская и детская одежда; аксессуары; текстиль","Бренд женской одежды SAVAGE – один из ведущих российских производителей современной, стильной и комфортной женской одежды и обуви, созданный в 2000 году. SAVAGE предлагает широкий ассортимент легкой одежды, обуви и аксессуаров, представленный в коллекциях по принципу total look. Бренд женской одежды SAVAGE – один из ведущих российских производителей современной, стильной и комфортной женской одежды и обуви, созданный в 2000 году. SAVAGE предлагает широкий ассортимент легкой одежды, обуви и аксессуаров, представленный в коллекциях по принципу total look. Каждая из таких коллекций – это мини-гардероб со своим настроением и стилистикой, который позволяет создать законченный образ в едином стиле. SAVAGE – это одежда на все случаи: офис, досуг, универсальные smart casual комплекты, одежда для особого случая, а также комфортные спортивные костюмы. Куртки, пальто и пуховики SAVAGE являются визитной карточкой бренда.",SAVAGE,http://www.savage.ru,info@savage.ru,+7 495 955 91 99,https://md.expodat.com/companies/company/22149-savage.html,22149,"SAVAGE | Россия | 14Е18 / 14F19 | Бренд женской одежды SAVAGE – один из ведущих российских производителей современной, стильной и комфортной женской одежды и обуви, созданный в 2000 году. SAVAGE предлагает широкий ассортимент легкой одежды, обуви и аксессуаров, представленный в коллекциях по принципу total look. Бренд женской одежды SAVAGE – один из ведущих российских производителей современной, стильной и комфортной женской одежды и обуви, созданный в 2000 году. SAVAGE предлагает широкий ассортимент легкой одежды, обуви и аксессуаров, представленный в коллекциях по принципу total look. Каждая из таких коллекций – это мини-гардероб со своим настроением и стилистикой, который позволяет создать законченный образ в едином стиле. SAVAGE – это одежда на все случаи: офис, досуг, универсальные smart casual комплекты, одежда для особого случая, а также комфортные спортивные костюмы. Куртки, пальто и пуховики SAVAGE являются визитной карточкой бренда. | http://www.savage.ru | info@savage.ru",parsed_detail,,2026-08-24T05:45:15Z,cpm-moscow-autumn-2026-expodat-signo-v1.0.1,expodat_cpm_2026_autumn_public_catalog,9e32b96f1b09f9c2b5cba8326a892d18477332a471b56b910816ca05176d61f0,
CPM – Collection Première Moscow Осень 2026,1–4 сентября 2026,SCANNDI,Scanndi,"одежда, аксессуары",Финляндия,,,15C39,,"Мода и стиль; женская, мужская и детская одежда; аксессуары; текстиль",,SCANNDI,http://www.scanndi.com,,+7 495 955 91 99,https://md.expodat.com/companies/company/20103-scanndi-finland.html,20103,SCANNDI | Финляндия | 15C39 | http://www.scanndi.com,parsed_detail,,2026-08-24T05:45:15Z,cpm-moscow-autumn-2026-expodat-signo-v1.0.1,expodat_cpm_2026_autumn_public_catalog,569af24d9886da4a456b0a70cfea85fc8dab11b131c2be56777e6e9c300743d3,
CPM – Collection Première Moscow Осень 2026,1–4 сентября 2026,SCUDRERA,Scudrera,"аксессуары, текстиль и трикотаж, одежда",Италия,,,13B28,,"Мода и стиль; женская, мужская и детская одежда; аксессуары; текстиль","Мы являемся компанией, расположенной на северо-востоке Италии между Тревизо и Венецией. Наша компания работает в сфере моды. Мы занимаемся разработкой дизайна и производством продукции, а также руководим дистрибуцией бренда BIANCALANCIA, специализирующегося на производстве женской одежды. Концепцией бренда BIANCALANCIA является total-look, состоящий преимущественно из трикотажных изделий. Брюки, блузки, жакеты и аксессуары создают узнаваемый образ и отображают сущность бренда BIANCALANCIA - элегантный, комфортный, роскошный.",SCUDRERA,http://www.biancalancia.it,info@scudrera.it,+39 0422 825113,https://md.expodat.com/companies/company/21519-scudrera.html,21519,"SCUDRERA | Италия | 13B28 | Мы являемся компанией, расположенной на северо-востоке Италии между Тревизо и Венецией. Наша компания работает в сфере моды. Мы занимаемся разработкой дизайна и производством продукции, а также руководим дистрибуцией бренда BIANCALANCIA, специализирующегося на производстве женской одежды. Концепцией бренда BIANCALANCIA является total-look, состоящий преимущественно из трикотажных изделий. Брюки, блузки, жакеты и аксессуары создают узнаваемый образ и отображают сущность бренда BIANCALANCIA - элегантный, комфортный, роскошный. | http://www.biancalancia.it | info@scudrera.it",parsed_detail,,2026-08-24T05:45:15Z,cpm-moscow-autumn-2026-expodat-signo-v1.0.1,expodat_cpm_2026_autumn_public_catalog,6e55371ce87fc99465a541bb8989dd6d6f2039ffce3238c41d3978081b79e3bd,
CPM – Collection Première Moscow Осень 2026,1–4 сентября 2026,Sergey Sysoev Fashion School,Sergey Sysoev Fashion School,,Россия,,,15A02,,"Мода и стиль; женская, мужская и детская одежда; аксессуары; текстиль",Sergei Sysoev Fashion School,Sergey Sysoev Fashion School,,,+7 495 955 91 99,https://md.expodat.com/companies/company/32519-sergei-sysoev-fashion-school.html,32519,Sergey Sysoev Fashion School | Россия | 15A02 | Sergei Sysoev Fashion School,parsed_detail,products,2026-08-24T05:45:15Z,cpm-moscow-autumn-2026-expodat-signo-v1.0.1,expodat_cpm_2026_autumn_public_catalog,31980185554720b6ffe536e9a93cbacb3fd70a7ba2842f5e326b512bc74ccda6,
CPM – Collection Première Moscow Осень 2026,1–4 сентября 2026,SERİANNO,Seri̇anno,"одежда, аксессуары",Турция,,,14B10,,"Мода и стиль; женская, мужская и детская одежда; аксессуары; текстиль",SEİR ÖRME SANAYİ VE TİC.LTD.ŞTİ.,SERİANNO,http://www.serianno.com,info@serianno.com.tr,+7 495 955 91 99,https://md.expodat.com/companies/company/19194-seri-anno.html,19194,SERİANNO | Турция | 14B10 | SEİR ÖRME SANAYİ VE TİC.LTD.ŞTİ. | http://www.serianno.com | info@serianno.com.tr,parsed_detail,,2026-08-24T05:45:15Z,cpm-moscow-autumn-2026-expodat-signo-v1.0.1,expodat_cpm_2026_autumn_public_catalog,e3012b52ebdfb5187e905ae3adcf6eb2cc1d1df34fa1c19ea521dd6d98798b83,
CPM – Collection Première Moscow Осень 2026,1–4 сентября 2026,SETRE,SETRE,"одежда, аксессуары",Турция,,,14D01,,"Мода и стиль; женская, мужская и детская одежда; аксессуары; текстиль","SETRE — это бренд r-t-w 21-го века, предлагающий сильное чувство гламура и игривый дерзкий дух. SETRE включает в себя полный бренд «Доступной моды», что противоречит его правильному положению на мировой арене. Этот сверкающий бренд обслуживает следящих за модой и уверенных в себе потребителей в 80 разных странах мира.",SETRE,http://www.setrestore.com,info@setre.com,+7 495 955 91 99,https://md.expodat.com/companies/company/21231-setre.html,21231,"SETRE | Турция | 14D01 | SETRE — это бренд r-t-w 21-го века, предлагающий сильное чувство гламура и игривый дерзкий дух. SETRE включает в себя полный бренд «Доступной моды», что противоречит его правильному положению на мировой арене. Этот сверкающий бренд обслуживает следящих за модой и уверенных в себе потребителей в 80 разных странах мира. | http://www.setrestore.com | info@setre.com",parsed_detail,,2026-08-24T05:45:15Z,cpm-moscow-autumn-2026-expodat-signo-v1.0.1,expodat_cpm_2026_autumn_public_catalog,96feb07728836064c784cb21ea6d6b16830417dd5cd4ef8de4a50058c1e0c35b,
CPM – Collection Première Moscow Осень 2026,1–4 сентября 2026,SHADIS,Shadis,"одежда, аксессуары",Россия,,,15A56,,"Мода и стиль; женская, мужская и детская одежда; аксессуары; текстиль",,SHADIS,,,+7 495 955 91 99,https://md.expodat.com/companies/company/21405-shadis.html,21405,SHADIS | Россия | 15A56,parsed_detail,,2026-08-24T05:45:15Z,cpm-moscow-autumn-2026-expodat-signo-v1.0.1,expodat_cpm_2026_autumn_public_catalog,89d84a2364edf27ad611c59c80c6947cfb0c629a89dce78e0421bce417fbe597,
CPM – Collection Première Moscow Осень 2026,1–4 сентября 2026,SHALLE,Shalle,"одежда, аксессуары",Россия,,,15A21,,"Мода и стиль; женская, мужская и детская одежда; аксессуары; текстиль",,SHALLE,,,+7 495 955 91 99,https://md.expodat.com/companies/company/31058-shalle.html,31058,SHALLE | Россия | 15A21,parsed_detail,,2026-08-24T05:45:15Z,cpm-moscow-autumn-2026-expodat-signo-v1.0.1,expodat_cpm_2026_autumn_public_catalog,3712c5ea3ab8b7c2df34a7c1f3e3f081f7d5786b0cb2db14ff8db1f421cdcbb2,
CPM – Collection Première Moscow Осень 2026,1–4 сентября 2026,"SHANDONG DAIYIN TEXTILE GROUP SHARE CO.,LTD","Shandong Daiyin Textile Group Share Co.,Ltd","одежда, аксессуары",Китай,,,15F08,,"Мода и стиль; женская, мужская и детская одежда; аксессуары; текстиль","SHANDONG DAIYIN TEXTILE GROUP SHARE CO.,LTD","SHANDONG DAIYIN TEXTILE GROUP SHARE CO.,LTD",,,+7 495 955 91 99,https://md.expodat.com/companies/company/41257-shandong-daiyin-textile-group-share-co-ltd.html,41257,"SHANDONG DAIYIN TEXTILE GROUP SHARE CO.,LTD | Китай | 15F08 | SHANDONG DAIYIN TEXTILE GROUP SHARE CO.,LTD",parsed_detail,,2026-08-24T05:45:15Z,cpm-moscow-autumn-2026-expodat-signo-v1.0.1,expodat_cpm_2026_autumn_public_catalog,325b026994452c912bfaf37df0b7bec810a341eda869caf35d1914d692ea66b5,
CPM – Collection Première Moscow Осень 2026,1–4 сентября 2026,"SHANDONG YIWEI APPAREL CO., LTD","Shandong Yiwei Apparel Co., Ltd",одежда,Китай,,,15F19,,"Мода и стиль; женская, мужская и детская одежда; аксессуары; текстиль","Shandong Yiwei Apparel Co.,Ltd was founded in 2019, was a branch company of Daiyin Group that combines both sales and manufacturing, The products we produce include uniforms, hunting clothings and various types of everyday casual wear, one technical department and five main manufacturing facilities. The business and technical team consists of 200 people serves as the foundation of our service to our customers, expanding brand image and Maintain a solid reputation Consistent product quality and excellent service are guarantees, we proudly provid","SHANDONG YIWEI APPAREL CO., LTD",http://www.daiyin.com,wangpeng421214@163.com,0538-6135681,https://md.expodat.com/companies/company/39656-shandong-yiwei-apparel-co-ltd.html,39656,"SHANDONG YIWEI APPAREL CO., LTD | Китай | 15F19 | Shandong Yiwei Apparel Co.,Ltd was founded in 2019, was a branch company of Daiyin Group that combines both sales and manufacturing, The products we produce include uniforms, hunting clothings and various types of everyday casual wear, one technical department and five main manufacturing facilities. The business and technical team consists of 200 people serves as the foundation of our service to our customers, expanding brand image and Maintain a solid reputation Consistent product quality and excellent service are guarantees, we proudly provid | http://www.daiyin.com | wangpeng421214@163.com",parsed_detail,,2026-08-24T05:45:15Z,cpm-moscow-autumn-2026-expodat-signo-v1.0.1,expodat_cpm_2026_autumn_public_catalog,295ff9628250a2c9e62f12508ef37c396f82797532b2d042abd17b742fb124d3,
CPM – Collection Première Moscow Осень 2026,1–4 сентября 2026,"SHANDONG YIWEI APPAREL CO.,LTD","Shandong Yiwei Apparel Co.,Ltd",одежда,Китай,,,15F59,,"Мода и стиль; женская, мужская и детская одежда; аксессуары; текстиль","SHANDONG YIWEI APPAREL CO.,LTD","SHANDONG YIWEI APPAREL CO.,LTD",,,+7 495 955 91 99,https://md.expodat.com/companies/company/41380-shandong-yiwei-apparel-co-ltd.html,41380,"SHANDONG YIWEI APPAREL CO.,LTD | Китай | 15F59 | SHANDONG YIWEI APPAREL CO.,LTD",parsed_detail,,2026-08-24T05:45:15Z,cpm-moscow-autumn-2026-expodat-signo-v1.0.1,expodat_cpm_2026_autumn_public_catalog,c9753c25e9fc354d357f479ce61eac73c1ba1b57586ea0be38bb95b363dee944,
CPM – Collection Première Moscow Осень 2026,1–4 сентября 2026,"Shanghai Claudia Technology Co., Ltd.","Shanghai Claudia Technology Co., Ltd.","одежда, аксессуары",Китай,,,15C85,,"Мода и стиль; женская, мужская и детская одежда; аксессуары; текстиль","Shanghai Claudia Technology Co., Ltd. specializes in manufacturing: outdoor hats, running vests, T-shirts, professional running shorts, family outdoor sets for humans and pets, pet jackets, and human-pet matching sports jerseys etc. After years of focusing on seamless technology, it has been recognized by many domestic and international customers. The factory holds a BSCI certificate and has over 100 workers on site. We sincerely welcome all business partners to visit our factory for on-site inspection, communication and guidance!","Shanghai Claudia Technology Co., Ltd.",,april.li@topspeedheadwear.com.cn,0086132 5350 2299,https://md.expodat.com/companies/company/40612-top-baby.html,40612,"Shanghai Claudia Technology Co., Ltd. | Китай | 15C85 | Shanghai Claudia Technology Co., Ltd. specializes in manufacturing: outdoor hats, running vests, T-shirts, professional running shorts, family outdoor sets for humans and pets, pet jackets, and human-pet matching sports jerseys etc. After years of focusing on seamless technology, it has been recognized by many domestic and international customers. The factory holds a BSCI certificate and has over 100 workers on site. We sincerely welcome all business partners to visit our factory for on-site inspection, communication and guidance! | april.li@topspeedheadwear.com.cn",parsed_detail,,2026-08-24T05:45:15Z,cpm-moscow-autumn-2026-expodat-signo-v1.0.1,expodat_cpm_2026_autumn_public_catalog,48dbd7a38209e297979c1d7641738cd45405849dde219d402222b8a6fb16c020,
CPM – Collection Première Moscow Осень 2026,1–4 сентября 2026,"Shanghai Free Fashion Trading Co., Ltd","Shanghai Free Fashion Trading Co., Ltd",одежда,Китай,,,15E68,,"Мода и стиль; женская, мужская и детская одежда; аксессуары; текстиль","Shanghai Freefashion Trading Co.,Ltd is a trading company with an experienced management team and high quality&competitive factories. ● High-end brand design team ● High-end brand production line ● High quality,superior craftsmanship ● Rapid delivery schedules ● 3D service: 3D design,3D sample,rendeting pic, video","Shanghai Free Fashion Trading Co., Ltd",http://www.freefashion.com.cn,holly@freefashion.cn,008613917057290,https://md.expodat.com/companies/company/40648-free-fashion.html,40648,"Shanghai Free Fashion Trading Co., Ltd | Китай | 15E68 | Shanghai Freefashion Trading Co.,Ltd is a trading company with an experienced management team and high quality&competitive factories. ● High-end brand design team ● High-end brand production line ● High quality,superior craftsmanship ● Rapid delivery schedules ● 3D service: 3D design,3D sample,rendeting pic, video | http://www.freefashion.com.cn | holly@freefashion.cn",parsed_detail,,2026-08-24T05:45:15Z,cpm-moscow-autumn-2026-expodat-signo-v1.0.1,expodat_cpm_2026_autumn_public_catalog,69315c41449b52b2a8d1d43fc1b1c26818e6cece9dc9a5f7a24a575aa3ce45a3,
CPM – Collection Première Moscow Осень 2026,1–4 сентября 2026,"Shanghai Guanghuichang Import & Export Co., Ltd","Shanghai Guanghuichang Import & Export Co., Ltd",одежда,Китай,,,15B83-15B89,,"Мода и стиль; женская, мужская и детская одежда; аксессуары; текстиль","Founded in 2022, Shanghai Guanghui changexports women’ s apparel to Europe and NorthAmerica with annual sales above USD 1OM.Reliable supply chains enable ample,diversified products. Guided by ""IntegrityFirst, Win-Win Cooperation"", we serve as","Shanghai Guanghuichang Import & Export Co., Ltd",,grace@ghc-sh.net,008613331994131,https://md.expodat.com/companies/company/40591-ghc.html,40591,"Shanghai Guanghuichang Import & Export Co., Ltd | Китай | 15B83-15B89 | Founded in 2022, Shanghai Guanghui changexports women’ s apparel to Europe and NorthAmerica with annual sales above USD 1OM.Reliable supply chains enable ample,diversified products. Guided by ""IntegrityFirst, Win-Win Cooperation"", we serve as | grace@ghc-sh.net",parsed_detail,,2026-08-24T05:45:15Z,cpm-moscow-autumn-2026-expodat-signo-v1.0.1,expodat_cpm_2026_autumn_public_catalog,a66184e18f4898cae1cd64b65eb53a3f6d72a59c0516164029e49afaee6974e4,
CPM – Collection Première Moscow Осень 2026,1–4 сентября 2026,"Shanghai Huilinhe Trading Co., Ltd","Shanghai Huilinhe Trading Co., Ltd","одежда, аксессуары",Китай,,,15D75,,"Мода и стиль; женская, мужская и детская одежда; аксессуары; текстиль","Shanghai Huilinhe CO., LTD. is a professional and experienced producer,which is located in famous city Shanghai.We have more than 20+ years production experience. We can make various kinds of jackets and clothes, such as sports jacket ,puffer jacket,hoodies,t-shirts, Sport suit etc.We offer the customized service,there are professional designers to help you make design,so you can provide your design idea and we can make it come true. All staff of our company welcome people from home and abroad to visit our factory, negotiate business with us.","Shanghai Huilinhe Trading Co., Ltd",,daniel.wang@huilinhe.com,0086-13761066022,https://md.expodat.com/companies/company/40843-huilinhe.html,40843,"Shanghai Huilinhe Trading Co., Ltd | Китай | 15D75 | Shanghai Huilinhe CO., LTD. is a professional and experienced producer,which is located in famous city Shanghai.We have more than 20+ years production experience. We can make various kinds of jackets and clothes, such as sports jacket ,puffer jacket,hoodies,t-shirts, Sport suit etc.We offer the customized service,there are professional designers to help you make design,so you can provide your design idea and we can make it come true. All staff of our company welcome people from home and abroad to visit our factory, negotiate business with us. | daniel.wang@huilinhe.com",parsed_detail,,2026-08-24T05:45:15Z,cpm-moscow-autumn-2026-expodat-signo-v1.0.1,expodat_cpm_2026_autumn_public_catalog,6298bc90fab066ac044dc8ae6e46e059aa9dc8acfeb7b4f8ccc881d1dba0906c,
CPM – Collection Première Moscow Осень 2026,1–4 сентября 2026,"SHANGHAI MOREFASHION GARMENT CO.,LTD","Shanghai Morefashion Garment Co.,Ltd","аксессуары, текстиль и трикотаж, одежда",Китай,,,15D78,,"Мода и стиль; женская, мужская и детская одежда; аксессуары; текстиль","2.Shanghai MoreFashion was established on 2010, mainly export garments and accessories to different countries around the world. Our own factory is located in Yancheng, Jiangsu province with over 100 workers and 100 sewing machines, 20 top stitching machines and others facilities whose area is about 3,000 square meters. Our main products are all varieties of knitting and woven garments. Our company is also equipped with senior designers and technicists who are able to provide satisfying designs & nice patterns & excellent workmanship to clients.","SHANGHAI MOREFASHION GARMENT CO.,LTD",http://www.morefashion.cn,eric@morefashion.cn,+86 13918864866,https://md.expodat.com/companies/company/39785-morefashion.html,39785,"SHANGHAI MOREFASHION GARMENT CO.,LTD | Китай | 15D78 | 2.Shanghai MoreFashion was established on 2010, mainly export garments and accessories to different countries around the world. Our own factory is located in Yancheng, Jiangsu province with over 100 workers and 100 sewing machines, 20 top stitching machines and others facilities whose area is about 3,000 square meters. Our main products are all varieties of knitting and woven garments. Our company is also equipped with senior designers and technicists who are able to provide satisfying designs & nice patterns & excellent workmanship to clients. | http://www.morefashion.cn | eric@morefashion.cn",parsed_detail,,2026-08-24T05:45:15Z,cpm-moscow-autumn-2026-expodat-signo-v1.0.1,expodat_cpm_2026_autumn_public_catalog,0d06cd6459eadeea46aa69a2f04b58cd290afa517cf0f84d196f547c83e3c864,
CPM – Collection Première Moscow Осень 2026,1–4 сентября 2026,Shanghai UUP Apparel,Shanghai UUP Apparel,одежда,Китай,,,14E81,,"Мода и стиль; женская, мужская и детская одежда; аксессуары; текстиль","Shanghai UUPApparel Co.,Ltd",Shanghai UUP Apparel,,,+7 495 955 91 99,https://md.expodat.com/companies/company/40867-shanghai-uup-apparel.html,40867,"Shanghai UUP Apparel | Китай | 14E81 | Shanghai UUPApparel Co.,Ltd",parsed_detail,,2026-08-24T05:45:15Z,cpm-moscow-autumn-2026-expodat-signo-v1.0.1,expodat_cpm_2026_autumn_public_catalog,dc5aa16dfa0fd980c638282aedbcca0a58d177f2cfe3cbaf51a76e841938c29d,
CPM – Collection Première Moscow Осень 2026,1–4 сентября 2026,"Shanghai Yonglee Textile Co.,Ltd","Shanghai Yonglee Textile Co.,Ltd","аксессуары, одежда",Китай,,,15E78,,"Мода и стиль; женская, мужская и детская одежда; аксессуары; текстиль","Shanghai Yonglee was established in 1995, is a professional supplier of outdoor apparel, sportswear, seamless wear, merino base layer and accessories. The products are mainly exported to the European and American markets. In recent years, our own brands have focused on seamless underwear, outdoor sports wear, and indoor yoga wear. We have a professional design and development team, research and design hundreds of models every year, to meet the needs of different customer groups.","Shanghai Yonglee Textile Co.,Ltd",http://www.yonglee.com,sally.hu@yonglee.com,+86 18501723327,https://md.expodat.com/companies/company/40657-cubic-mont.html,40657,"Shanghai Yonglee Textile Co.,Ltd | Китай | 15E78 | Shanghai Yonglee was established in 1995, is a professional supplier of outdoor apparel, sportswear, seamless wear, merino base layer and accessories. The products are mainly exported to the European and American markets. In recent years, our own brands have focused on seamless underwear, outdoor sports wear, and indoor yoga wear. We have a professional design and development team, research and design hundreds of models every year, to meet the needs of different customer groups. | http://www.yonglee.com | sally.hu@yonglee.com",parsed_detail,,2026-08-24T05:45:15Z,cpm-moscow-autumn-2026-expodat-signo-v1.0.1,expodat_cpm_2026_autumn_public_catalog,ff2ec7505ed793c47419d956a62c4cef733a9f4b04f6aa3dd1022273264bae86,
CPM – Collection Première Moscow Осень 2026,1–4 сентября 2026,"SHANTOU HENGLIDA FASHION CO.,LTD","Shantou Henglida Fashion Co.,Ltd",одежда,Китай,,,15D29,,"Мода и стиль; женская, мужская и детская одежда; аксессуары; текстиль","SHANTOU HENGLIDA FASHION CO.,LTD","SHANTOU HENGLIDA FASHION CO.,LTD",,,+7 495 955 91 99,https://md.expodat.com/companies/company/41077-shantou-henglida-fashion-co-ltd.html,41077,"SHANTOU HENGLIDA FASHION CO.,LTD | Китай | 15D29 | SHANTOU HENGLIDA FASHION CO.,LTD",parsed_detail,,2026-08-24T05:45:15Z,cpm-moscow-autumn-2026-expodat-signo-v1.0.1,expodat_cpm_2026_autumn_public_catalog,fc86cf0c42f71d699029914f29375393b85ba8666579918499483f800cd7cc8e,
CPM – Collection Première Moscow Осень 2026,1–4 сентября 2026,"SHANTOU HY-LINGERIE CO.,LTD.","Shantou Hy-Lingerie Co.,Ltd.",нижнее белье и пляжная одежда,Китай,,,13F79,,"Мода и стиль; женская, мужская и детская одежда; аксессуары; текстиль","Our company is located in Gurao Town,Shantou City,with convenient transportation,just about 10 minutes from theChaoyang high-speed railway station.We occupy a facility covering 28000 square meters and employ over 300 staffmembers,supported by more than 200 production machines,enabling us to achieve a strong production capacity ofover 300,000 pieces per day. We have established a highly experienced sales team,R&D department,and technical team to ensure the delivery ofhigh-quality products and services to our customers. Our company is located in Gurao Town,Shantou City,with convenient transportation,just about 10 minutes from theChaoyang high-speed railway station.We occupy a facility covering 28000 square meters and employ over 300 staffmembers,supported by more than 200 production machines,enabling us to achieve a strong production capacity ofover 300,000 pieces per day. We have established a highly experienced sales team,R&D department,and technical team to ensure the delivery ofhigh-quality products and services to our customers.Additionally,our factory has implemented a professional ERPsystem to rigorously control our raw materials and finished products.We have obtained various certifications,includingBSCI,Sedex,Disney,SGS,Reach,Social Responsibility,Brand Authorization,as well as product quality certifications suchas GOTS,OEKO-TEX,and FDA.Our products are primarily exported to Europe,North America,Australia,and otherregions,earning us a strong reputation among customers worldwide. Our mission is to foster a company culture centered on consumer focus and social responsibility.We warmly invitecustomers from both domestic and international markets to visit our factory and explore potential cooperation in thenear future.","SHANTOU HY-LINGERIE CO.,LTD.",,julie@hy-lingerie.com,+7 495 955 91 99,https://md.expodat.com/companies/company/40891-shantou-hy-lingerie-co-ltd.html,40891,"SHANTOU HY-LINGERIE CO.,LTD. | Китай | 13F79 | Our company is located in Gurao Town,Shantou City,with convenient transportation,just about 10 minutes from theChaoyang high-speed railway station.We occupy a facility covering 28000 square meters and employ over 300 staffmembers,supported by more than 200 production machines,enabling us to achieve a strong production capacity ofover 300,000 pieces per day. We have established a highly experienced sales team,R&D department,and technical team to ensure the delivery ofhigh-quality products and services to our customers. Our company is located in Gurao Town,Shantou City,with convenient transportation,just about 10 minutes from theChaoyang high-speed railway station.We occupy a facility covering 28000 square meters and employ over 300 staffmembers,supported by more than 200 production machines,enabling us to achieve a strong production capacity ofover 300,000 pieces per day. We have established a highly experienced sales team,R&D department,and technical team to ensure the delivery ofhigh-quality products and services to our customers.Additionally,our factory has implemented a professional ERPsystem to rigorously control our raw materials ",parsed_detail,,2026-08-24T05:45:15Z,cpm-moscow-autumn-2026-expodat-signo-v1.0.1,expodat_cpm_2026_autumn_public_catalog,36ab02fc45666a8a6be3509e1a96b8e3ccbafd6ff00aa94135ae63febc96b08c,
CPM – Collection Première Moscow Осень 2026,1–4 сентября 2026,"SHANXI BEYOND CO., LTD","Shanxi Beyond Co., Ltd","одежда, аксессуары",Китай,,,15B72,,"Мода и стиль; женская, мужская и детская одежда; аксессуары; текстиль","SHANXI BEYOND CO., LTD","SHANXI BEYOND CO., LTD",http://unitexgrp.com,natalie@unitexchina.com,+86 150 6247 6683,https://md.expodat.com/companies/company/41014-shanxi-beyond-co-ltd.html,41014,"SHANXI BEYOND CO., LTD | Китай | 15B72 | SHANXI BEYOND CO., LTD | http://unitexgrp.com | natalie@unitexchina.com",parsed_detail,,2026-08-24T05:45:15Z,cpm-moscow-autumn-2026-expodat-signo-v1.0.1,expodat_cpm_2026_autumn_public_catalog,3a78ffdcfc2e1abd83a3bcb79156226195cefc8b426a71aa2aa961f7d80f5597,
CPM – Collection Première Moscow Осень 2026,1–4 сентября 2026,"SHAOXING BESTEX IMP. & EXP. CO., LTD","Shaoxing Bestex Imp. & Exp. Co., Ltd",одежда,Китай,,,15A82,,"Мода и стиль; женская, мужская и детская одежда; аксессуары; текстиль","SHAOXING BESTEX IMP. & EXP. CO., LTD. is a professional foreign trade enterprise integrating clothing design, production and export. We mainly deal in men's wear, with a rich variety of styles and complete product ranges.","SHAOXING BESTEX IMP. & EXP. CO., LTD",,ghosping@marcodonateli.cn,008613606756479,https://md.expodat.com/companies/company/40834-bestex.html,40834,"SHAOXING BESTEX IMP. & EXP. CO., LTD | Китай | 15A82 | SHAOXING BESTEX IMP. & EXP. CO., LTD. is a professional foreign trade enterprise integrating clothing design, production and export. We mainly deal in men's wear, with a rich variety of styles and complete product ranges. | ghosping@marcodonateli.cn",parsed_detail,,2026-08-24T05:45:15Z,cpm-moscow-autumn-2026-expodat-signo-v1.0.1,expodat_cpm_2026_autumn_public_catalog,e78be8c09a2aa8f86c73b602e80ac0d70e6c5ff86fa0b8bce055fe383d3905e9,
CPM – Collection Première Moscow Осень 2026,1–4 сентября 2026,"SHAOXING GOLDSON DOWN GARMENT CO., LTD","Shaoxing Goldson Down Garment Co., Ltd",одежда,Китай,,,14C70-14D71,,"Мода и стиль; женская, мужская и детская одежда; аксессуары; текстиль","Goldson, a premium down jacket maker. 27 years of expertise, luxury brand partner, nationally certified. 60%+ craftsmen with 12+ years' experience ensure quality and timely delivery. Multiple awards prove our R&D and production strength. Customer-centric, we spot trends, source quality materials, and manufacture professionally to boost your designs' competitiveness.","SHAOXING GOLDSON DOWN GARMENT CO., LTD",http://www.goldson.cn,jason@goldson.cn,008613754338860,https://md.expodat.com/companies/company/40441-orine-mode.html,40441,"SHAOXING GOLDSON DOWN GARMENT CO., LTD | Китай | 14C70-14D71 | Goldson, a premium down jacket maker. 27 years of expertise, luxury brand partner, nationally certified. 60%+ craftsmen with 12+ years' experience ensure quality and timely delivery. Multiple awards prove our R&D and production strength. Customer-centric, we spot trends, source quality materials, and manufacture professionally to boost your designs' competitiveness. | http://www.goldson.cn | jason@goldson.cn",parsed_detail,,2026-08-24T05:45:15Z,cpm-moscow-autumn-2026-expodat-signo-v1.0.1,expodat_cpm_2026_autumn_public_catalog,f93182927440b059d900340582469d0dde766742fc25c58cdac325b2736258d3,
CPM – Collection Première Moscow Осень 2026,1–4 сентября 2026,"SHAOXING JIFENG APPAREL CO., LTD","Shaoxing Jifeng Apparel Co., Ltd","текстиль и трикотаж, одежда",Китай,,,15A100,,"Мода и стиль; женская, мужская и детская одежда; аксессуары; текстиль","-Shaoxing Jifeng Garments Co., Ltd. was established in May 2004 as a professional knitwear production and export enterprise. The company possesses advanced garment production equipment and specializes in manufacturing T-shirts, hoodies, polo shirts, and other apparel primarily made from materials such as 100% cotton, polyester-cotton blends, and rayon. Its products are mainly exported to countries including the United States, Australia, Uruguay, and Europe.","SHAOXING JIFENG APPAREL CO., LTD",,zjsxyifeng@126.com,008618857545666,https://md.expodat.com/companies/company/40516-jifeng.html,40516,"SHAOXING JIFENG APPAREL CO., LTD | Китай | 15A100 | -Shaoxing Jifeng Garments Co., Ltd. was established in May 2004 as a professional knitwear production and export enterprise. The company possesses advanced garment production equipment and specializes in manufacturing T-shirts, hoodies, polo shirts, and other apparel primarily made from materials such as 100% cotton, polyester-cotton blends, and rayon. Its products are mainly exported to countries including the United States, Australia, Uruguay, and Europe. | zjsxyifeng@126.com",parsed_detail,,2026-08-24T05:45:15Z,cpm-moscow-autumn-2026-expodat-signo-v1.0.1,expodat_cpm_2026_autumn_public_catalog,67b910eb30941413d8846188a102410b4962a634900db1d571ec853adc9afd35,
CPM – Collection Première Moscow Осень 2026,1–4 сентября 2026,"SHAOXING JILI TEXTILE CO.,LTD","Shaoxing Jili Textile Co.,Ltd","одежда, аксессуары",Китай,,,15B64,,"Мода и стиль; женская, мужская и детская одежда; аксессуары; текстиль","SHAOXING JILI TEXTILE CO.,LTD","SHAOXING JILI TEXTILE CO.,LTD",,,+7 495 955 91 99,https://md.expodat.com/companies/company/41008-shaoxing-jili-textile-co-ltd.html,41008,"SHAOXING JILI TEXTILE CO.,LTD | Китай | 15B64 | SHAOXING JILI TEXTILE CO.,LTD",parsed_detail,,2026-08-24T05:45:15Z,cpm-moscow-autumn-2026-expodat-signo-v1.0.1,expodat_cpm_2026_autumn_public_catalog,fcb644b2fbaa68d6a72a467d44b4e29cb88143a10d36a9bd260a494b60d8bd8d,
CPM – Collection Première Moscow Осень 2026,1–4 сентября 2026,"SHAOXING JIZHOU TEXTILE CO.,LTD","Shaoxing Jizhou Textile Co.,Ltd","одежда, аксессуары",Китай,,,15C53,,"Мода и стиль; женская, мужская и детская одежда; аксессуары; текстиль","SHAOXING JIZHOU TEXTILE CO.,LTD","SHAOXING JIZHOU TEXTILE CO.,LTD",,,+7 495 955 91 99,https://md.expodat.com/companies/company/41044-shaoxing-jizhou-textile-co-ltd.html,41044,"SHAOXING JIZHOU TEXTILE CO.,LTD | Китай | 15C53 | SHAOXING JIZHOU TEXTILE CO.,LTD",parsed_detail,,2026-08-24T05:45:15Z,cpm-moscow-autumn-2026-expodat-signo-v1.0.1,expodat_cpm_2026_autumn_public_catalog,52227d447e2bc0e2ea1aee2fe443fc0e26d07c9595ae4937acc837e00b75caa9,
CPM – Collection Première Moscow Осень 2026,1–4 сентября 2026,"SHAOXING JUNAN APPAREL CO., LTD","Shaoxing Junan Apparel Co., Ltd",одежда,Китай,,,15E37,,"Мода и стиль; женская, мужская и детская одежда; аксессуары; текстиль","SHAOXING JUNAN APPAREL CO., LTD","SHAOXING JUNAN APPAREL CO., LTD",,,+7 495 955 91 99,https://md.expodat.com/companies/company/41188-shaoxing-junan-apparel-co-ltd.html,41188,"SHAOXING JUNAN APPAREL CO., LTD | Китай | 15E37 | SHAOXING JUNAN APPAREL CO., LTD",parsed_detail,,2026-08-24T05:45:15Z,cpm-moscow-autumn-2026-expodat-signo-v1.0.1,expodat_cpm_2026_autumn_public_catalog,8b14f4f810fef03352c75e890c51a655d8d41ff2974451ca9ff9c282ed06c4fb,
CPM – Collection Première Moscow Осень 2026,1–4 сентября 2026,"shaoxing kangjia textile technology co., ltd","shaoxing kangjia textile technology co., ltd","одежда, аксессуары",Китай,,,15F81,,"Мода и стиль; женская, мужская и детская одежда; аксессуары; текстиль","shaoxing kangjia textile technology co., ltd","shaoxing kangjia textile technology co., ltd",,472273278@qq.com,+7 495 955 91 99,https://md.expodat.com/companies/company/40930-shaoxing-kangjia-textile-technology-co-ltd.html,40930,"shaoxing kangjia textile technology co., ltd | Китай | 15F81 | shaoxing kangjia textile technology co., ltd | 472273278@qq.com",parsed_detail,,2026-08-24T05:45:15Z,cpm-moscow-autumn-2026-expodat-signo-v1.0.1,expodat_cpm_2026_autumn_public_catalog,b91f0b73bb54b9503582c861673d7ca6a7154f211ce60441dff4c579111dfd1e,
CPM – Collection Première Moscow Осень 2026,1–4 сентября 2026,"SHAOXING MEIMAN TEXTILES CO., LTD","Shaoxing Meiman Textiles Co., Ltd",,Китай,,,14C94,,"Мода и стиль; женская, мужская и детская одежда; аксессуары; текстиль",We are a company specliazing in women fashion fabrics and clothes. Our customer including leading garment buyers from Europe and Russia market.,"SHAOXING MEIMAN TEXTILES CO., LTD",,arthursuntex@126.com,008613857514080,https://md.expodat.com/companies/company/40468-meiman.html,40468,"SHAOXING MEIMAN TEXTILES CO., LTD | Китай | 14C94 | We are a company specliazing in women fashion fabrics and clothes. Our customer including leading garment buyers from Europe and Russia market. | arthursuntex@126.com",parsed_detail,products,2026-08-24T05:45:15Z,cpm-moscow-autumn-2026-expodat-signo-v1.0.1,expodat_cpm_2026_autumn_public_catalog,8ef1ce6a70d862523bfa69779ba9a2c8aafaafb8a7561e895d381f7320a4995f,
CPM – Collection Première Moscow Осень 2026,1–4 сентября 2026,"SHAOXING MIMAI TEXTILE CO., LTD.","Shaoxing Mimai Textile Co., Ltd.","одежда, аксессуары",Китай,,,14C82,,"Мода и стиль; женская, мужская и детская одежда; аксессуары; текстиль","We get a high requlation from customers,and we sell well our own productis,which are expoted to Euro,America,South America and other countries. Quality is the survival of the enterprise,innovation is the soul of the development of the enterprise.","SHAOXING MIMAI TEXTILE CO., LTD.",http://www.mibotex.com,ella@mibotex.com,008615967558752,https://md.expodat.com/companies/company/40471-mimai.html,40471,"SHAOXING MIMAI TEXTILE CO., LTD. | Китай | 14C82 | We get a high requlation from customers,and we sell well our own productis,which are expoted to Euro,America,South America and other countries. Quality is the survival of the enterprise,innovation is the soul of the development of the enterprise. | http://www.mibotex.com | ella@mibotex.com",parsed_detail,,2026-08-24T05:45:15Z,cpm-moscow-autumn-2026-expodat-signo-v1.0.1,expodat_cpm_2026_autumn_public_catalog,2c713c431f0b8f4cf653e0b9a79bd5435b1ec285b113964e7abc42729eab8950,
CPM – Collection Première Moscow Осень 2026,1–4 сентября 2026,"SHAOXING NANSHU FASHION CO., LTD","Shaoxing Nanshu Fashion Co., Ltd",одежда,Китай,,,15E95,,"Мода и стиль; женская, мужская и детская одежда; аксессуары; текстиль","SHAOXING NANSHU FASHION Co.,LTD","SHAOXING NANSHU FASHION CO., LTD",,hannah@mingyuan-shaoyu.com,+7 495 955 91 99,https://md.expodat.com/companies/company/40921-shaoxing-nanshu-fashion-co-ltd.html,40921,"SHAOXING NANSHU FASHION CO., LTD | Китай | 15E95 | SHAOXING NANSHU FASHION Co.,LTD | hannah@mingyuan-shaoyu.com",parsed_detail,,2026-08-24T05:45:15Z,cpm-moscow-autumn-2026-expodat-signo-v1.0.1,expodat_cpm_2026_autumn_public_catalog,1f904f2d763bc191a7eda7cebd256784445f53180a170f5c3a98d58a80349eb9,
CPM – Collection Première Moscow Осень 2026,1–4 сентября 2026,"SHAOXING NEW LIFE TEXTILE & GARMENT CO., LTD","Shaoxing New Life Textile & Garment Co., Ltd","детская одежда, текстиль и трикотаж, одежда",Китай,,,15D68,,"Мода и стиль; женская, мужская и детская одежда; аксессуары; текстиль","Shaoxing New Life Textile & Garment Co., Ltd was invested and founded by HongKong Yeeyeung Trading Limited in Shaoxing City, Zhejiang Province, in 2003. We specialize in producing and selling woven and knitted clothing for men, women, and children. In recent years, as awareness of issues such as overconsumption of natural resources and pollution has grown, we have gradually transformed ourselves to produce some clothing and fabrics in a sustainable manner.","SHAOXING NEW LIFE TEXTILE & GARMENT CO., LTD",,wangwg@tianyultd.com,008613306756727,https://md.expodat.com/companies/company/40627-new-life.html,40627,"SHAOXING NEW LIFE TEXTILE & GARMENT CO., LTD | Китай | 15D68 | Shaoxing New Life Textile & Garment Co., Ltd was invested and founded by HongKong Yeeyeung Trading Limited in Shaoxing City, Zhejiang Province, in 2003. We specialize in producing and selling woven and knitted clothing for men, women, and children. In recent years, as awareness of issues such as overconsumption of natural resources and pollution has grown, we have gradually transformed ourselves to produce some clothing and fabrics in a sustainable manner. | wangwg@tianyultd.com",parsed_detail,,2026-08-24T05:45:15Z,cpm-moscow-autumn-2026-expodat-signo-v1.0.1,expodat_cpm_2026_autumn_public_catalog,5e4b6be9ecc2c83e5b79b3aee87e6cc6d2b36c833904d12c6afa2fb8ed577f94,
CPM – Collection Première Moscow Осень 2026,1–4 сентября 2026,"SHAOXING RUIZI IMPORT & EXPORT CO., LTD","Shaoxing Ruizi Import & Export Co., Ltd","текстиль и трикотаж, одежда",Китай,,,15A91,,"Мода и стиль; женская, мужская и детская одежда; аксессуары; текстиль","Shaoxing Ruizi Import & Export Co., Ltd., founded in 2018, is located in Shaoxing. We specialize in printed fabrics, garments and home textiles for export. Backed by Keqiao’s complete textile supply chain, we offer customized patterned fabrics. We serve South America and Central Asian Russian-speaking markets with full import & export qualifications, professional QC teams and one-stop textile supply service.","SHAOXING RUIZI IMPORT & EXPORT CO., LTD",,donny@sxruizi.com,008618258009958,https://md.expodat.com/companies/company/40684-ruizi.html,40684,"SHAOXING RUIZI IMPORT & EXPORT CO., LTD | Китай | 15A91 | Shaoxing Ruizi Import & Export Co., Ltd., founded in 2018, is located in Shaoxing. We specialize in printed fabrics, garments and home textiles for export. Backed by Keqiao’s complete textile supply chain, we offer customized patterned fabrics. We serve South America and Central Asian Russian-speaking markets with full import & export qualifications, professional QC teams and one-stop textile supply service. | donny@sxruizi.com",parsed_detail,,2026-08-24T05:45:15Z,cpm-moscow-autumn-2026-expodat-signo-v1.0.1,expodat_cpm_2026_autumn_public_catalog,9e964304a641322efe9b56e4ddbe729398f4d8321416432e65e32d79f4fa0e5b,
CPM – Collection Première Moscow Осень 2026,1–4 сентября 2026,"SHAOXING SAMPSON TRADING CO., LTD","Shaoxing Sampson Trading Co., Ltd","одежда, аксессуары",,,,15A99,,"Мода и стиль; женская, мужская и детская одежда; аксессуары; текстиль",,"SHAOXING SAMPSON TRADING CO., LTD",,sampson@sxsampson.com,008613867576994,https://md.expodat.com/companies/company/40513-sampson.html,40513,"SHAOXING SAMPSON TRADING CO., LTD | 15A99 | sampson@sxsampson.com",parsed_detail,,2026-08-24T05:45:15Z,cpm-moscow-autumn-2026-expodat-signo-v1.0.1,expodat_cpm_2026_autumn_public_catalog,d82aea7daa39578ce6c2b6bcde971bb1e1e18f848d8be42a272f541816bcdf13,
CPM – Collection Première Moscow Осень 2026,1–4 сентября 2026,"SHAOXING SHENGTENG TRADING CO., LTD","Shaoxing Shengteng Trading Co., Ltd","детская одежда, одежда",Китай,,,14D77,,"Мода и стиль; женская, мужская и детская одежда; аксессуары; текстиль","Our company established in 2017 and in ShaoXing City. We produce ladies’fashion wear & kids wear mainly and men’s styles too.We exported more than 4 million pcs per year to all our customers. And we had worked with many Russian customers well and with long time. Such as Melon group/ concept club/incity/ zolla and so on, hope we have chance to work with new customers too.","SHAOXING SHENGTENG TRADING CO., LTD",,danielwenzhou@suntopfashion.com,+8618267791313,https://md.expodat.com/companies/company/31331-pincool.html,31331,"SHAOXING SHENGTENG TRADING CO., LTD | Китай | 14D77 | Our company established in 2017 and in ShaoXing City. We produce ladies’fashion wear & kids wear mainly and men’s styles too.We exported more than 4 million pcs per year to all our customers. And we had worked with many Russian customers well and with long time. Such as Melon group/ concept club/incity/ zolla and so on, hope we have chance to work with new customers too. | danielwenzhou@suntopfashion.com",parsed_detail,,2026-08-24T05:45:15Z,cpm-moscow-autumn-2026-expodat-signo-v1.0.1,expodat_cpm_2026_autumn_public_catalog,7fd3a8c162a58fa883faa05430a9f70fc3da4f5e50b080be43ad8e496d0882c1,
CPM – Collection Première Moscow Осень 2026,1–4 сентября 2026,SHAOXING YIFUDA INTERNATIONAL TRADING CO.，LTD,Shaoxing Yifuda International Trading Co.，Ltd,"одежда, аксессуары",Китай,,,15A104,,"Мода и стиль; женская, мужская и детская одежда; аксессуары; текстиль",,SHAOXING YIFUDA INTERNATIONAL TRADING CO.，LTD,,nothawen@vip.163.com,008615925888778,https://md.expodat.com/companies/company/40522-yifuda.html,40522,SHAOXING YIFUDA INTERNATIONAL TRADING CO.，LTD | Китай | 15A104 | nothawen@vip.163.com,parsed_detail,,2026-08-24T05:45:15Z,cpm-moscow-autumn-2026-expodat-signo-v1.0.1,expodat_cpm_2026_autumn_public_catalog,353794a325cb9531c06229a8003034da928dd2af3ad7d1625ec58824622cc702,
CPM – Collection Première Moscow Осень 2026,1–4 сентября 2026,SHARM COLLECTION,Sharm Collection,"одежда, аксессуары",Россия,,,14Е39,,"Мода и стиль; женская, мужская и детская одежда; аксессуары; текстиль",,SHARM COLLECTION,,sharm-palto@mail.ru,+7 495 955 91 99,https://md.expodat.com/companies/company/24677-sharm-collection.html,24677,SHARM COLLECTION | Россия | 14Е39 | sharm-palto@mail.ru,parsed_detail,,2026-08-24T05:45:15Z,cpm-moscow-autumn-2026-expodat-signo-v1.0.1,expodat_cpm_2026_autumn_public_catalog,781d0d29399fc58d70698a1419033437c621c83d2433761546c8774d6228d1af,
CPM – Collection Première Moscow Осень 2026,1–4 сентября 2026,SHE'S SO,She'S So,текстиль и трикотаж,Италия,,,13B31,,"Мода и стиль; женская, мужская и детская одежда; аксессуары; текстиль","She's So появилась на свет не случайно. Никола и Даниэла Николини буквально выросли на принадлежавшей их матери фабрике, которая уже в шестидесятые годы производила трикотаж высочайшего уровня, и занимались семейным делом с детства. В 2000‐ом году Никола решил самостоятельно создать новую линию и вместе с Даниэлой основал She's So. Каждая вещь этой линии несет в себе индивидуальность бренда.",SHE'S SO,http://www.shesso.com,info@shesso.com,+39 0541 945768,https://md.expodat.com/companies/company/19500-she-s-so.html,19500,"SHE'S SO | Италия | 13B31 | She's So появилась на свет не случайно. Никола и Даниэла Николини буквально выросли на принадлежавшей их матери фабрике, которая уже в шестидесятые годы производила трикотаж высочайшего уровня, и занимались семейным делом с детства. В 2000‐ом году Никола решил самостоятельно создать новую линию и вместе с Даниэлой основал She's So. Каждая вещь этой линии несет в себе индивидуальность бренда. | http://www.shesso.com | info@shesso.com",parsed_detail,,2026-08-24T05:45:15Z,cpm-moscow-autumn-2026-expodat-signo-v1.0.1,expodat_cpm_2026_autumn_public_catalog,febc823cc11d5612060d76fae9e48e69770f098be6560ab9068c925845dad225,
CPM – Collection Première Moscow Осень 2026,1–4 сентября 2026,"SHENYANG JINCHEN WEIYE COOLING&HEATING EQUIPMENT CO., LTD.","Shenyang Jinchen Weiye Cooling&Heating Equipment Co., Ltd.","одежда, аксессуары",Китай,,,15D62,,"Мода и стиль; женская, мужская и детская одежда; аксессуары; текстиль","SHENYANG JINCHEN WEIYE COOLING&HEATING EQUIPMENT CO., LTD.","SHENYANG JINCHEN WEIYE COOLING&HEATING EQUIPMENT CO., LTD.",,,+7 495 955 91 99,https://md.expodat.com/companies/company/41137-shenyang-jinchen-weiye-cooling-heating-equipment-co-ltd.html,41137,"SHENYANG JINCHEN WEIYE COOLING&HEATING EQUIPMENT CO., LTD. | Китай | 15D62 | SHENYANG JINCHEN WEIYE COOLING&HEATING EQUIPMENT CO., LTD.",parsed_detail,,2026-08-24T05:45:15Z,cpm-moscow-autumn-2026-expodat-signo-v1.0.1,expodat_cpm_2026_autumn_public_catalog,bc47dd79a11c8d0d325c5c9c525d0cd63a7a9c4487e07b281a3a470aa1b47f2e,
CPM – Collection Première Moscow Осень 2026,1–4 сентября 2026,"SHENZHEN BIGFUN INDUSTRIAL CO.,LTD","Shenzhen Bigfun Industrial Co.,Ltd","текстиль и трикотаж, одежда",Китай,,,14D72,,"Мода и стиль; женская, мужская и детская одежда; аксессуары; текстиль","Focus on knitwear for 20+ years. Various styles, patterns & stitches (3–18GG). Yarn options: Wool, Cashmere, Silk, Cotton, Linen, Lyocell, Synthetics. Offer In-house designs & custom OEM per client sketches. Flexible MOQ and Steady delivery. With VTB account for smooth Russian payments.","SHENZHEN BIGFUN INDUSTRIAL CO.,LTD",http://www.cnbigfun.com,ava@cnbigfun.com,+86 13632727989,https://md.expodat.com/companies/company/40465-bigfun.html,40465,"SHENZHEN BIGFUN INDUSTRIAL CO.,LTD | Китай | 14D72 | Focus on knitwear for 20+ years. Various styles, patterns & stitches (3–18GG). Yarn options: Wool, Cashmere, Silk, Cotton, Linen, Lyocell, Synthetics. Offer In-house designs & custom OEM per client sketches. Flexible MOQ and Steady delivery. With VTB account for smooth Russian payments. | http://www.cnbigfun.com | ava@cnbigfun.com",parsed_detail,,2026-08-24T05:45:15Z,cpm-moscow-autumn-2026-expodat-signo-v1.0.1,expodat_cpm_2026_autumn_public_catalog,68381f665aa2216e8252ca631ba13978df2c831bfd86d121dcf083e18f7ad926,
CPM – Collection Première Moscow Осень 2026,1–4 сентября 2026,"SHENZHEN HUIZEYUAN GARMENT CO., LTD","Shenzhen Huizeyuan Garment Co., Ltd",одежда,Китай,,,15F53,,"Мода и стиль; женская, мужская и детская одежда; аксессуары; текстиль","SHENZHEN HUIZEYUAN GARMENT CO., LTD","SHENZHEN HUIZEYUAN GARMENT CO., LTD",,,+7 495 955 91 99,https://md.expodat.com/companies/company/41368-shenzhen-huizeyuan-garment-co-ltd.html,41368,"SHENZHEN HUIZEYUAN GARMENT CO., LTD | Китай | 15F53 | SHENZHEN HUIZEYUAN GARMENT CO., LTD",parsed_detail,,2026-08-24T05:45:15Z,cpm-moscow-autumn-2026-expodat-signo-v1.0.1,expodat_cpm_2026_autumn_public_catalog,0418c6bc471c03e63cd3c66e88d39b9f2103f328c23652f5133b71ea4e2e52ef,
CPM – Collection Première Moscow Осень 2026,1–4 сентября 2026,SHIJIAZHUANG JOINTFUN,Shijiazhuang Jointfun,"одежда, аксессуары",Китай,,,14F81,,"Мода и стиль; женская, мужская и детская одежда; аксессуары; текстиль",SHIJIAZHUANG JOINTFUN,SHIJIAZHUANG JOINTFUN,,,+7 495 955 91 99,https://md.expodat.com/companies/company/40879-shijiazhuang-jointfun.html,40879,SHIJIAZHUANG JOINTFUN | Китай | 14F81 | SHIJIAZHUANG JOINTFUN,parsed_detail,,2026-08-24T05:45:15Z,cpm-moscow-autumn-2026-expodat-signo-v1.0.1,expodat_cpm_2026_autumn_public_catalog,34018bcebc22f4d9ffb40c21934c9d619749209cff79fa5961793baa49b9208c,
CPM – Collection Première Moscow Осень 2026,1–4 сентября 2026,"Shijiazhuang V-Sheng Trading Co., Ltd.","Shijiazhuang V-Sheng Trading Co., Ltd.","детская одежда, одежда",Китай,,,15E79,,"Мода и стиль; женская, мужская и детская одежда; аксессуары; текстиль","Shijiazhuang V-sheng Trading Co., Ltd. established in 1996 years, located in the capital city named Shijiazhuang of Hebei Province, north of China, near Beijing city and Tianjin seaport, Till now we have the ISO9001, Oekotex -100 , BSCI certificated, specialized in manufacturing all kinds of outdoor functional wear for kids and adults full size range, such as: PU rainwear; Woven rainwear; Ski wear & gloves; leisure, fashion wear, kids wear, workwear & safety wear. The main market will be European and north American.","Shijiazhuang V-Sheng Trading Co., Ltd.",http://www.tickettofamily.com,wxd@v-sheng.com,008613473750797,https://md.expodat.com/companies/company/40660-weather-trend.html,40660,"Shijiazhuang V-Sheng Trading Co., Ltd. | Китай | 15E79 | Shijiazhuang V-sheng Trading Co., Ltd. established in 1996 years, located in the capital city named Shijiazhuang of Hebei Province, north of China, near Beijing city and Tianjin seaport, Till now we have the ISO9001, Oekotex -100 , BSCI certificated, specialized in manufacturing all kinds of outdoor functional wear for kids and adults full size range, such as: PU rainwear; Woven rainwear; Ski wear & gloves; leisure, fashion wear, kids wear, workwear & safety wear. The main market will be European and north American. | http://www.tickettofamily.com | wxd@v-sheng.com",parsed_detail,,2026-08-24T05:45:15Z,cpm-moscow-autumn-2026-expodat-signo-v1.0.1,expodat_cpm_2026_autumn_public_catalog,78ddc6ccc25844e969aaaeb36f448e80d3d5d8f3dd9f2dbd1899fd0dac33c96b,
CPM – Collection Première Moscow Осень 2026,1–4 сентября 2026,"SHISHI CHALLENGE WOLVES SPORTS CO., LTD.","Shishi Challenge Wolves Sports Co., Ltd.","сумки, текстиль и трикотаж, одежда",Китай,,,14D66,,"Мода и стиль; женская, мужская и детская одежда; аксессуары; текстиль","Shishi Challenge Wolf Sporting Goods Co., Ltd. Was founded on August 31st, 2007, with a registered capital of 10 million RMB. It is a large - scale enterprise integrating design, development and production, mainly engaged in the processing and manufacturing of knitted and woven sportswear, labels, paper - plastic packaging bags, etc. It is an OEM partner of well - known brands at home and abroad such as Playboy and Disney. Upholding the business philosophy of ""Integrity, Unity, Dedication, Innovation"", we adhere to the tenet of ""Seeking development through innovation, survival through quality, and efficiency through management"" to keep growing.","SHISHI CHALLENGE WOLVES SPORTS CO., LTD.",http://www.tzwolves.com,sale3@tzwolves.com,86+ 15920362774,https://md.expodat.com/companies/company/40966-shishi-challenge-wolves-sports-co-ltd.html,40966,"SHISHI CHALLENGE WOLVES SPORTS CO., LTD. | Китай | 14D66 | Shishi Challenge Wolf Sporting Goods Co., Ltd. Was founded on August 31st, 2007, with a registered capital of 10 million RMB. It is a large - scale enterprise integrating design, development and production, mainly engaged in the processing and manufacturing of knitted and woven sportswear, labels, paper - plastic packaging bags, etc. It is an OEM partner of well - known brands at home and abroad such as Playboy and Disney. Upholding the business philosophy of ""Integrity, Unity, Dedication, Innovation"", we adhere to the tenet of ""Seeking development through innovation, survival through quality, and efficiency through management"" to keep growing. | http://www.tzwolves.com | sale3@tzwolves.com",parsed_detail,,2026-08-24T05:45:15Z,cpm-moscow-autumn-2026-expodat-signo-v1.0.1,expodat_cpm_2026_autumn_public_catalog,596e5cf6d6597434cd9d2ecba498b90787d6a97c0b19bcc284213e66a4775002,
CPM – Collection Première Moscow Осень 2026,1–4 сентября 2026,"SHISHI FIVETHIRTY IMP & EXP CO., LTD","Shishi Fivethirty Imp & Exp Co., Ltd","текстиль и трикотаж, одежда",Китай,,,15C88,,"Мода и стиль; женская, мужская и детская одежда; аксессуары; текстиль","Founded in 2012, the company specializes in sportswear, activewear and outdoor functional apparel and fabric. It is certified to GRS and OEKOTEX Standard 100.We offer one-step service from fabric to garment making.","SHISHI FIVETHIRTY IMP & EXP CO., LTD",,yangtianzeng@668fz.com,+7 495 955 91 99,https://md.expodat.com/companies/company/41434-shishi-fivethirty-imp-exp-co-ltd.html,41434,"SHISHI FIVETHIRTY IMP & EXP CO., LTD | Китай | 15C88 | Founded in 2012, the company specializes in sportswear, activewear and outdoor functional apparel and fabric. It is certified to GRS and OEKOTEX Standard 100.We offer one-step service from fabric to garment making. | yangtianzeng@668fz.com",parsed_detail,,2026-08-24T05:45:15Z,cpm-moscow-autumn-2026-expodat-signo-v1.0.1,expodat_cpm_2026_autumn_public_catalog,30a531ae264aaee76ba123dc6daffe22345a8205c70997cc65e518bcacefc552,
CPM – Collection Première Moscow Осень 2026,1–4 сентября 2026,"SHISHI GOOD SCM CO.,LTD.","Shishi Good Scm Co.,Ltd.","одежда, аксессуары",Китай,,,14D61,,"Мода и стиль; женская, мужская и детская одежда; аксессуары; текстиль","SHISHI GOOD SCM CO.,LTD.","SHISHI GOOD SCM CO.,LTD.",,jiang@qzjuntour.com,+86-18965782888,https://md.expodat.com/companies/company/40957-shishi-good-scm-co-ltd.html,40957,"SHISHI GOOD SCM CO.,LTD. | Китай | 14D61 | SHISHI GOOD SCM CO.,LTD. | jiang@qzjuntour.com",parsed_detail,,2026-08-24T05:45:15Z,cpm-moscow-autumn-2026-expodat-signo-v1.0.1,expodat_cpm_2026_autumn_public_catalog,a54252a22b9935d7e801d40c0261d36d949d098fa9d0fb7e507901f5bd9adc9e,
CPM – Collection Première Moscow Осень 2026,1–4 сентября 2026,"SHISHI PINGCHUANG RUIEN TRADING CO.,LTD","Shishi Pingchuang Ruien Trading Co.,Ltd","одежда, аксессуары",Китай,,,15E11,,"Мода и стиль; женская, мужская и детская одежда; аксессуары; текстиль","SHISHI PINGCHUANG RUIEN TRADING CO.,LTD","SHISHI PINGCHUANG RUIEN TRADING CO.,LTD",,,+7 495 955 91 99,https://md.expodat.com/companies/company/41146-shishi-pingchuang-ruien-trading-co-ltd.html,41146,"SHISHI PINGCHUANG RUIEN TRADING CO.,LTD | Китай | 15E11 | SHISHI PINGCHUANG RUIEN TRADING CO.,LTD",parsed_detail,,2026-08-24T05:45:15Z,cpm-moscow-autumn-2026-expodat-signo-v1.0.1,expodat_cpm_2026_autumn_public_catalog,93451bfd3eaf965ba9283a3db5f63ff617a5d7ce6e69560129e654bb7162d642,
CPM – Collection Première Moscow Осень 2026,1–4 сентября 2026,"SHISHI XIONGFEI TRADING CO.,LTD.","Shishi Xiongfei Trading Co.,Ltd.","одежда, аксессуары",Китай,,,15D12,,"Мода и стиль; женская, мужская и детская одежда; аксессуары; текстиль","SHISHI XIONGFEI TRADING CO.,LTD.","SHISHI XIONGFEI TRADING CO.,LTD.",,,+7 495 955 91 99,https://md.expodat.com/companies/company/41071-shishi-xiongfei-trading-co-ltd.html,41071,"SHISHI XIONGFEI TRADING CO.,LTD. | Китай | 15D12 | SHISHI XIONGFEI TRADING CO.,LTD.",parsed_detail,,2026-08-24T05:45:15Z,cpm-moscow-autumn-2026-expodat-signo-v1.0.1,expodat_cpm_2026_autumn_public_catalog,2cc00355c3bdc69f8a8113c28d44abdeaf2039228905843bc1aa69e6ca689b88,
CPM – Collection Première Moscow Осень 2026,1–4 сентября 2026,"SHISHI YONGFUHAO FASHION CO., LTD","Shishi Yongfuhao Fashion Co., Ltd","текстиль и трикотаж, одежда",Китай,,,15E69,,"Мода и стиль; женская, мужская и детская одежда; аксессуары; текстиль","We specialize in the R&D, design and production of professional outdoor apparel. Focusing on hiking, camping, mountaineering and daily outdoor scenarios, we adopt premium functional fabrics featuring waterproof, windproof, breathable and wear-resistant properties. With ergonomic tailoring and strict quality control, our clothing balances professional performance and casual aesthetics. We deliver cost-effective, durable outdoor wear to support enthusiasts in exploring nature comfortably and safely.","SHISHI YONGFUHAO FASHION CO., LTD",,sales5@sld978.com.cn,008618950049978,https://md.expodat.com/companies/company/40651-sld.html,40651,"SHISHI YONGFUHAO FASHION CO., LTD | Китай | 15E69 | We specialize in the R&D, design and production of professional outdoor apparel. Focusing on hiking, camping, mountaineering and daily outdoor scenarios, we adopt premium functional fabrics featuring waterproof, windproof, breathable and wear-resistant properties. With ergonomic tailoring and strict quality control, our clothing balances professional performance and casual aesthetics. We deliver cost-effective, durable outdoor wear to support enthusiasts in exploring nature comfortably and safely. | sales5@sld978.com.cn",parsed_detail,,2026-08-24T05:45:15Z,cpm-moscow-autumn-2026-expodat-signo-v1.0.1,expodat_cpm_2026_autumn_public_catalog,dfe6ba1e7a86c9eeea30298c87017109591ee9a569d2c6f72264c3471a425fd8,
CPM – Collection Première Moscow Осень 2026,1–4 сентября 2026,"SHISHI YOUNGPAGE FASHION GROUP CO.,LTD.","Shishi Youngpage Fashion Group Co.,Ltd.",одежда,Китай,,,15E83-E85,,"Мода и стиль; женская, мужская и детская одежда; аксессуары; текстиль","SHISHI YOUNGPAGE FASHION GROUP CO.,LTD.","SHISHI YOUNGPAGE FASHION GROUP CO.,LTD.",,jessie@youngpage.net,+7 495 955 91 99,https://md.expodat.com/companies/company/40915-shishi-youngpage-fashion-group-co-ltd.html,40915,"SHISHI YOUNGPAGE FASHION GROUP CO.,LTD. | Китай | 15E83-E85 | SHISHI YOUNGPAGE FASHION GROUP CO.,LTD. | jessie@youngpage.net",parsed_detail,,2026-08-24T05:45:15Z,cpm-moscow-autumn-2026-expodat-signo-v1.0.1,expodat_cpm_2026_autumn_public_catalog,247cef5421e2868be9f569e4ac6be9e1ea4433950c6a8744b9b399988c6b1993,
CPM – Collection Première Moscow Осень 2026,1–4 сентября 2026,Shopping Centers Russia,Shopping Centers Russia,"одежда, аксессуары",,,,14A79,,"Мода и стиль; женская, мужская и детская одежда; аксессуары; текстиль",,Shopping Centers Russia,,,+7 495 955 91 99,https://md.expodat.com/companies/company/40828-shopping-centers-russia.html,40828,Shopping Centers Russia | 14A79,parsed_detail,,2026-08-24T05:45:15Z,cpm-moscow-autumn-2026-expodat-signo-v1.0.1,expodat_cpm_2026_autumn_public_catalog,208a7a15c1d621355820f21a1b4701ab52b3b83d31e81d8479eb6c04eae00994,
CPM – Collection Première Moscow Осень 2026,1–4 сентября 2026,"SICHUAN H&S FASHION CO., LTD","Sichuan H&S Fashion Co., Ltd",одежда,Китай,,,15B99,,"Мода и стиль; женская, мужская и детская одежда; аксессуары; текстиль","We’re specialized at outwears for sports, such as Jackets, multifunction jackets, Parkas, Down-filled and quilted garments, and Fleece clothing.","SICHUAN H&S FASHION CO., LTD",https://www.hansifs.com/,apparel08@hansifs.com,+86 18621659119,https://md.expodat.com/companies/company/40570-niaparka.html,40570,"SICHUAN H&S FASHION CO., LTD | Китай | 15B99 | We’re specialized at outwears for sports, such as Jackets, multifunction jackets, Parkas, Down-filled and quilted garments, and Fleece clothing. | https://www.hansifs.com/ | apparel08@hansifs.com",parsed_detail,,2026-08-24T05:45:15Z,cpm-moscow-autumn-2026-expodat-signo-v1.0.1,expodat_cpm_2026_autumn_public_catalog,819461c3954f0398e5200558cb82d741aeb4207aa01a69b25935cff232279997,
CPM – Collection Première Moscow Осень 2026,1–4 сентября 2026,SINTA,SINTA,"одежда, аксессуары",Россия,,,14Е19,,"Мода и стиль; женская, мужская и детская одежда; аксессуары; текстиль",,SINTA,,nbzhbakova@sinta.ru,+7 495 955 91 99,https://md.expodat.com/companies/company/27814-sinta.html,27814,SINTA | Россия | 14Е19 | nbzhbakova@sinta.ru,parsed_detail,,2026-08-24T05:45:15Z,cpm-moscow-autumn-2026-expodat-signo-v1.0.1,expodat_cpm_2026_autumn_public_catalog,9dea86031dc2fa9d35da1a6be5026a729ea857f7ae4df0b5221d2104e47586ce,
CPM – Collection Première Moscow Осень 2026,1–4 сентября 2026,SIRINGA,Siringa,одежда,Россия,,,15B45,,"Мода и стиль; женская, мужская и детская одежда; аксессуары; текстиль","Компания ""Сиринга-стиль"", российский производитель шляп и шапочек для прекрасной половины человечества. С 1993 года мы делаем любимое дело: исполняем мечту о красоте и безупречном стиле. В прошлом году мы начали осваивать новые направления деятельности и создали коллекцию эксклюзивных женских пальто, платьев, туник и юбок. В наши планы входит дальнейшее развитие линии модной одежды под собственным брендом.",SIRINGA,https://www.hats.msk.ru/,sales@hats.msk.ru,+7 495 955 91 99,https://md.expodat.com/companies/company/24016-siringa.html,24016,"SIRINGA | Россия | 15B45 | Компания ""Сиринга-стиль"", российский производитель шляп и шапочек для прекрасной половины человечества. С 1993 года мы делаем любимое дело: исполняем мечту о красоте и безупречном стиле. В прошлом году мы начали осваивать новые направления деятельности и создали коллекцию эксклюзивных женских пальто, платьев, туник и юбок. В наши планы входит дальнейшее развитие линии модной одежды под собственным брендом. | https://www.hats.msk.ru/ | sales@hats.msk.ru",parsed_detail,,2026-08-24T05:45:15Z,cpm-moscow-autumn-2026-expodat-signo-v1.0.1,expodat_cpm_2026_autumn_public_catalog,84ea751944df6329f48a57a647eb7028d7524c1be0dee778cadb5c2d671f6d2e,
CPM – Collection Première Moscow Осень 2026,1–4 сентября 2026,SMART DI PADOVANI GIOVANNA,Smart Di Padovani Giovanna,"текстиль и трикотаж, одежда",Италия,,,13A30,,"Мода и стиль; женская, мужская и детская одежда; аксессуары; текстиль","Одежда DANIELA DREI предназначена для коктейльного дня и отдыха. Наши продукты состоят из скоординированного трикотажа, платья, свитера с добавлением деталей или брюк, жакета, футболки, юбки, рубахи и блузы строго из ткани и трикотажа. Размерный план DANIELA DREI варьируется от 40 до 56 размера.",SMART DI PADOVANI GIOVANNA,http://www.danieladrei.it,admin@danieladrei.it,+39 051 6241860,https://md.expodat.com/companies/company/19602-smart-di-padovani-giovanna.html,19602,"SMART DI PADOVANI GIOVANNA | Италия | 13A30 | Одежда DANIELA DREI предназначена для коктейльного дня и отдыха. Наши продукты состоят из скоординированного трикотажа, платья, свитера с добавлением деталей или брюк, жакета, футболки, юбки, рубахи и блузы строго из ткани и трикотажа. Размерный план DANIELA DREI варьируется от 40 до 56 размера. | http://www.danieladrei.it | admin@danieladrei.it",parsed_detail,,2026-08-24T05:45:15Z,cpm-moscow-autumn-2026-expodat-signo-v1.0.1,expodat_cpm_2026_autumn_public_catalog,9f253dbc98be29bb5dc5518e0431c5b4a0414da478bce17769eee6c760f5b4c2,
CPM – Collection Première Moscow Осень 2026,1–4 сентября 2026,SO BEAUTIFUL AND WILD,So Beautiful And Wild,текстиль и трикотаж,Россия,,,15A27,,"Мода и стиль; женская, мужская и детская одежда; аксессуары; текстиль","Гордостью бренда SO BEAUTIFUL & WILD являются используемые в коллекциях на натуральные материалы: мерсиризированный хлопок, лен, шерсть мерино, вискоза. Все ткани для производства наших коллекций Eco-friendly. Они изготавливаются по нашему индивидуальному заказу на одной из лучших в мире фабрик во Франции, работающей на рынке с 18 века и имеющей сертификат Oeko-Tex Standard 100, говорящий о самом высоком качестве ЭКО продукции, абсолютно безопасной для здоровья человека. Гордостью бренда SO BEAUTIFUL & WILD являются используемые в коллекциях на натуральные материалы: мерсиризированный хлопок, лен, шерсть мерино, вискоза. Все ткани для производства наших коллекций Eco-friendly. Они изготавливаются по нашему индивидуальному заказу на одной из лучших в мире фабрик во Франции, работающей на рынке с 18 века и имеющей сертификат Oeko-Tex Standard 100, говорящий о самом высоком качестве ЭКО продукции, абсолютно безопасной для здоровья человека. Уникальные дизайнерские принты создаются командой SO BEAUTIFUL & WILD и являются визитной карточкой бренда. Поскольку мир меняется, мы участвуем в становлении моды, ответственной и уважающей людей и окружающую среду. Поэтому большая часть коллекции составляют логичные модели из категории Carry over. Мы производим всю нашу продукцию только на своей фабрике. Само оборудование подобрано так, что не прибегая к услугам сторонних производств можно получить готовый продукт на японском оборудовании высочайшего качества с помощью квалифицированных сотрудников.",SO BEAUTIFUL AND WILD,,smolinova@yandex.ru,+7 495 955 91 99,https://md.expodat.com/companies/company/24022-so-beautiful-and-wild.html,24022,"SO BEAUTIFUL AND WILD | Россия | 15A27 | Гордостью бренда SO BEAUTIFUL & WILD являются используемые в коллекциях на натуральные материалы: мерсиризированный хлопок, лен, шерсть мерино, вискоза. Все ткани для производства наших коллекций Eco-friendly. Они изготавливаются по нашему индивидуальному заказу на одной из лучших в мире фабрик во Франции, работающей на рынке с 18 века и имеющей сертификат Oeko-Tex Standard 100, говорящий о самом высоком качестве ЭКО продукции, абсолютно безопасной для здоровья человека. Гордостью бренда SO BEAUTIFUL & WILD являются используемые в коллекциях на натуральные материалы: мерсиризированный хлопок, лен, шерсть мерино, вискоза. Все ткани для производства наших коллекций Eco-friendly. Они изготавливаются по нашему индивидуальному заказу на одной из лучших в мире фабрик во Франции, работающей на рынке с 18 века и имеющей сертификат Oeko-Tex Standard 100, говорящий о самом высоком качестве ЭКО продукции, абсолютно безопасной для здоровья человека. Уникальные дизайнерские принты создаются командой SO BEAUTIFUL & WILD и являются визитной карточкой бренда. Поскольку мир меняется, мы участвуем в становлении моды, ответственной и уважающей людей и окружающ",parsed_detail,,2026-08-24T05:45:15Z,cpm-moscow-autumn-2026-expodat-signo-v1.0.1,expodat_cpm_2026_autumn_public_catalog,df0e18e3fafe1efe7af865ec9e3c6434fc053b89cb61b6c16ff3a4c8aca188a1,
CPM – Collection Première Moscow Осень 2026,1–4 сентября 2026,SO CUTE,So Cute,"одежда, аксессуары",Турция,,,14B28,,"Мода и стиль; женская, мужская и детская одежда; аксессуары; текстиль",,SO CUTE,http://socuteistanbul.com h,,+7 495 955 91 99,https://md.expodat.com/companies/company/20181-so-cute.html,20181,SO CUTE | Турция | 14B28 | http://socuteistanbul.com h,parsed_detail,,2026-08-24T05:45:15Z,cpm-moscow-autumn-2026-expodat-signo-v1.0.1,expodat_cpm_2026_autumn_public_catalog,46f9826105ff7fabbf53cb07613c36110fcda706de590de5ff3e133b8a13869d,
CPM – Collection Première Moscow Осень 2026,1–4 сентября 2026,SOLLERY,Sollery,"нижнее белье и пляжная одежда, обувь, одежда",Италия,,,13C20 / 13D21,,"Мода и стиль; женская, мужская и детская одежда; аксессуары; текстиль","Ключевой дистрибьютор модных европейских брендов одежды, белья и обуви в России.",SOLLERY,https://sollery.fashion/,info@sollery.fashion,88005115195,https://md.expodat.com/companies/company/23777-sollery.html,23777,"SOLLERY | Италия | 13C20 / 13D21 | Ключевой дистрибьютор модных европейских брендов одежды, белья и обуви в России. | https://sollery.fashion/ | info@sollery.fashion",parsed_detail,,2026-08-24T05:45:15Z,cpm-moscow-autumn-2026-expodat-signo-v1.0.1,expodat_cpm_2026_autumn_public_catalog,ccc7b23d98d7edd9c35ce6d970b8004fa303d54a980f0ff57bcb24af2b9ccedd,
CPM – Collection Première Moscow Осень 2026,1–4 сентября 2026,SPARK KARGO,Spark Kargo,"одежда, аксессуары",Турция,,,14E64,,"Мода и стиль; женская, мужская и детская одежда; аксессуары; текстиль",,SPARK KARGO,https://www.instagram.com/sparkkargoofficial?utm_source=ig_web_button_share_sheet&igsh=ZDNlZDc0MzIxNw==,,+7 495 955 91 99,https://md.expodat.com/companies/company/36377-spark-kargo.html,36377,SPARK KARGO | Турция | 14E64 | https://www.instagram.com/sparkkargoofficial?utm_source=ig_web_button_share_sheet&igsh=ZDNlZDc0MzIxNw==,parsed_detail,,2026-08-24T05:45:15Z,cpm-moscow-autumn-2026-expodat-signo-v1.0.1,expodat_cpm_2026_autumn_public_catalog,fa8e49fe1a534dae7fc2c34ea1d1bd132d826bebb31e65cf8db1caddd691f8de,
CPM – Collection Première Moscow Осень 2026,1–4 сентября 2026,STELLA ROSSA,Stella Rossa,"изделия из кожи и меха, одежда",Китай,,,15C68,,"Мода и стиль; женская, мужская и детская одежда; аксессуары; текстиль","Компания STELLA ROSSA вот уже больше 20 лет радует своих клиентов по всему миру своим безупречным кроем и современным дизайном. Мы занимаемся дизайном, разработкой лекал, производством и экспортом верхней одежды в Россию, страны СНГ, Европы, Америки и центральной Азии. Компания STELLA ROSSA вот уже больше 20 лет радует своих клиентов по всему миру своим безупречным кроем и современным дизайном. Мы занимаемся дизайном, разработкой лекал, производством и экспортом верхней одежды в Россию, страны СНГ, Европы, Америки и центральной Азии. В своих изделиях мы используем только высококачественное сырье: роскошные меха, благородный кашемир, отборный пух и изысканные ткани из Европы. Наша фабрика в г. Пекине оснащена современным оборудованием. Высокий контроль производства, позволяет выпускать качественную и красивую продукцию по европейским стандартам. Мы уверены, что выбрав нас, Вы будете чувствовать себя по-настоящему комфортно и выглядеть безупречно!",STELLA ROSSA,,valery.satyrova@yandex.com,+7 495 955 91 99,https://md.expodat.com/companies/company/24834-stella-rossa.html,24834,"STELLA ROSSA | Китай | 15C68 | Компания STELLA ROSSA вот уже больше 20 лет радует своих клиентов по всему миру своим безупречным кроем и современным дизайном. Мы занимаемся дизайном, разработкой лекал, производством и экспортом верхней одежды в Россию, страны СНГ, Европы, Америки и центральной Азии. Компания STELLA ROSSA вот уже больше 20 лет радует своих клиентов по всему миру своим безупречным кроем и современным дизайном. Мы занимаемся дизайном, разработкой лекал, производством и экспортом верхней одежды в Россию, страны СНГ, Европы, Америки и центральной Азии. В своих изделиях мы используем только высококачественное сырье: роскошные меха, благородный кашемир, отборный пух и изысканные ткани из Европы. Наша фабрика в г. Пекине оснащена современным оборудованием. Высокий контроль производства, позволяет выпускать качественную и красивую продукцию по европейским стандартам. Мы уверены, что выбрав нас, Вы будете чувствовать себя по-настоящему комфортно и выглядеть безупречно! | valery.satyrova@yandex.com",parsed_detail,,2026-08-24T05:45:15Z,cpm-moscow-autumn-2026-expodat-signo-v1.0.1,expodat_cpm_2026_autumn_public_catalog,2bcfce031a9e741fef1458a6805d3df4ce1845df9113e6b57b40e009e6b72def,
CPM – Collection Première Moscow Осень 2026,1–4 сентября 2026,STERN,STERN,"текстиль и трикотаж, одежда",Россия,,,15B28,,"Мода и стиль; женская, мужская и детская одежда; аксессуары; текстиль","STERN — российский бренд женской одежды европейского качества с более чем 35-летней историей. Мы создаём элегантную и комфортную одежду для женщин, которые ценят безупречную посадку, качественные материалы и современный стиль. STERN — российский бренд женской одежды европейского качества с более чем 35-летней историей. Мы создаём элегантную и комфортную одежду для женщин, которые ценят безупречную посадку, качественные материалы и современный стиль. В основе каждой коллекции — актуальные тенденции, европейские стандарты качества и лекала, проверенные многолетним опытом. Дизайнеры STERN бережно соединяют классику и современность, создавая продуманные модели для работы, отдыха, встреч и особенных событий. Сдержанная женственность, выразительные детали и комфортные силуэты позволяют легко составлять гармоничные образы и чувствовать себя уверенно в любой ситуации. Особое внимание мы уделяем выбору тканей и фурнитуры. В коллекциях представлены изделия из шерсти, кашемира, хлопка, льна и других материалов, приятных к телу и комфортных в повседневной жизни. Для нас одежда — это не просто часть гардероба. Это настроение, уверенность в себе и возможность каждый день оставаться собой.",STERN,https://opt.stern.moda/,stern.opt@gmail.com,8 800 200-84-57,https://md.expodat.com/companies/company/21414-stern.html,21414,"STERN | Россия | 15B28 | STERN — российский бренд женской одежды европейского качества с более чем 35-летней историей. Мы создаём элегантную и комфортную одежду для женщин, которые ценят безупречную посадку, качественные материалы и современный стиль. STERN — российский бренд женской одежды европейского качества с более чем 35-летней историей. Мы создаём элегантную и комфортную одежду для женщин, которые ценят безупречную посадку, качественные материалы и современный стиль. В основе каждой коллекции — актуальные тенденции, европейские стандарты качества и лекала, проверенные многолетним опытом. Дизайнеры STERN бережно соединяют классику и современность, создавая продуманные модели для работы, отдыха, встреч и особенных событий. Сдержанная женственность, выразительные детали и комфортные силуэты позволяют легко составлять гармоничные образы и чувствовать себя уверенно в любой ситуации. Особое внимание мы уделяем выбору тканей и фурнитуры. В коллекциях представлены изделия из шерсти, кашемира, хлопка, льна и других материалов, приятных к телу и комфортных в повседневной жизни. Для нас одежда — это не просто часть гардероба. Это настроение, уверенность в себе и возможность каждый день",parsed_detail,,2026-08-24T05:45:15Z,cpm-moscow-autumn-2026-expodat-signo-v1.0.1,expodat_cpm_2026_autumn_public_catalog,789ba067d3cc0548e6bacf45aa29e01f0dfdf4557b516cb1d2ce091a3a738a01,
CPM – Collection Première Moscow Осень 2026,1–4 сентября 2026,STYLEX®,Stylex®,одежда,Россия,,,14E49,,"Мода и стиль; женская, мужская и детская одежда; аксессуары; текстиль",Верхняя женская одежда премиум-класса,STYLEX®,https://stylex.group/,md_stylex@mail.ru,+7 495 955 91 99,https://md.expodat.com/companies/company/20832-stylex.html,20832,STYLEX® | Россия | 14E49 | Верхняя женская одежда премиум-класса | https://stylex.group/ | md_stylex@mail.ru,parsed_detail,,2026-08-24T05:45:15Z,cpm-moscow-autumn-2026-expodat-signo-v1.0.1,expodat_cpm_2026_autumn_public_catalog,902c064eb1c246677ed28f24532ad92b7390f38d214532eb3699e0465e400cad,
CPM – Collection Première Moscow Осень 2026,1–4 сентября 2026,Suning Mingqi Garment Factory,Suning Mingqi Garment Factory,одежда,Китай,,,15A76,,"Мода и стиль; женская, мужская и детская одежда; аксессуары; текстиль",Suning Mingqi Garment Factory,Suning Mingqi Garment Factory,,2733876967@qq.com,008615733777077,https://md.expodat.com/companies/company/40846-mingqi.html,40846,Suning Mingqi Garment Factory | Китай | 15A76 | Suning Mingqi Garment Factory | 2733876967@qq.com,parsed_detail,,2026-08-24T05:45:15Z,cpm-moscow-autumn-2026-expodat-signo-v1.0.1,expodat_cpm_2026_autumn_public_catalog,76d34842e3a944238fe0131c04fbf9ea4efe67a902ffce44092e98d2de2a1a1c,
CPM – Collection Première Moscow Осень 2026,1–4 сентября 2026,"Suzhou Reunion Fashion Co., Ltd","Suzhou Reunion Fashion Co., Ltd","текстиль и трикотаж, одежда",Китай,,,15A80,,"Мода и стиль; женская, мужская и детская одежда; аксессуары; текстиль","Suzhou Reunion Fashion Co., Ltd. specializes in quality knitted apparel for all ages. Since 2015, we've exported to Europe, the Americas, and Central Asia. Guided by ""Integrity and Quality,"" we focus on green production and smart manufacturing to elevate China's garment industry globally.","Suzhou Reunion Fashion Co., Ltd",,jason@szreunion.com,008613862236528,https://md.expodat.com/companies/company/40534-reunion.html,40534,"Suzhou Reunion Fashion Co., Ltd | Китай | 15A80 | Suzhou Reunion Fashion Co., Ltd. specializes in quality knitted apparel for all ages. Since 2015, we've exported to Europe, the Americas, and Central Asia. Guided by ""Integrity and Quality,"" we focus on green production and smart manufacturing to elevate China's garment industry globally. | jason@szreunion.com",parsed_detail,,2026-08-24T05:45:15Z,cpm-moscow-autumn-2026-expodat-signo-v1.0.1,expodat_cpm_2026_autumn_public_catalog,ef9a033e2c25bf70eb0e9c472b897a2e377dd1738fd5b7f8ac192191bfccb4c3,
CPM – Collection Première Moscow Осень 2026,1–4 сентября 2026,SVELTO STELLA,Svelto Stella,"одежда, аксессуары",Турция,,,14B60,,"Мода и стиль; женская, мужская и детская одежда; аксессуары; текстиль",,SVELTO STELLA,,,+7 495 955 91 99,https://md.expodat.com/companies/company/39668-svelto-stella.html,39668,SVELTO STELLA | Турция | 14B60,parsed_detail,,2026-08-24T05:45:15Z,cpm-moscow-autumn-2026-expodat-signo-v1.0.1,expodat_cpm_2026_autumn_public_catalog,a1ed6cd94c92b0eff15f8a379ec0e6720f6fe05fcc54af5945933df6de43d469,
CPM – Collection Première Moscow Осень 2026,1–4 сентября 2026,SYNSHOO,Synshoo,"одежда, аксессуары",Китай,,,15C95,,"Мода и стиль; женская, мужская и детская одежда; аксессуары; текстиль",THE SYNSHOO GROUP,SYNSHOO,,,+7 495 955 91 99,https://md.expodat.com/companies/company/40837-synshoo.html,40837,SYNSHOO | Китай | 15C95 | THE SYNSHOO GROUP,parsed_detail,,2026-08-24T05:45:15Z,cpm-moscow-autumn-2026-expodat-signo-v1.0.1,expodat_cpm_2026_autumn_public_catalog,0268eaebc0ad2d99969227f35b1c084591e06fc752da37ff1a0c6e0af262f97c,
CPM – Collection Première Moscow Осень 2026,1–4 сентября 2026,TEAMTAIBAGS,Teamtaibags,сумки,Россия,,,15B69,,"Мода и стиль; женская, мужская и детская одежда; аксессуары; текстиль",,TEAMTAIBAGS,,,+7 495 955 91 99,https://md.expodat.com/companies/company/40281-teamtaibags.html,40281,TEAMTAIBAGS | Россия | 15B69,parsed_detail,,2026-08-24T05:45:15Z,cpm-moscow-autumn-2026-expodat-signo-v1.0.1,expodat_cpm_2026_autumn_public_catalog,584308ea490d0fe198f1deeb52ab30f41f281f13706cb7c00f071a3b325b98b1,
CPM – Collection Première Moscow Осень 2026,1–4 сентября 2026,TEDDY,TEDDY,одежда,Италия,,,13B39,,"Мода и стиль; женская, мужская и детская одежда; аксессуары; текстиль","Бренд Rinascimento являющийся частью Группы Teddy относится к категории Fast Fashion и отличается своим современным и изысканным стилем. Предлагаемый ассортимент, полностью производимый в Италии, соответствует последним тенденциям моды и включает в себя все необходимое для создания элегантного, современного иуниверсального total-look. Каждая коллекция Rinascimento это дань сущности женственности и уникальной индивидуальности каждой женщины.",TEDDY,,gberni@teddy.it,+39 338 5703987,https://md.expodat.com/companies/company/34638-teddy.html,34638,"TEDDY | Италия | 13B39 | Бренд Rinascimento являющийся частью Группы Teddy относится к категории Fast Fashion и отличается своим современным и изысканным стилем. Предлагаемый ассортимент, полностью производимый в Италии, соответствует последним тенденциям моды и включает в себя все необходимое для создания элегантного, современного иуниверсального total-look. Каждая коллекция Rinascimento это дань сущности женственности и уникальной индивидуальности каждой женщины. | gberni@teddy.it",parsed_detail,,2026-08-24T05:45:15Z,cpm-moscow-autumn-2026-expodat-signo-v1.0.1,expodat_cpm_2026_autumn_public_catalog,c9d699749642944d6660aef336948702113dab0e9fde062e001d66620c852649,
CPM – Collection Première Moscow Осень 2026,1–4 сентября 2026,TELLO JNS,Tello Jns,одежда,Турция,,,14A61,,"Мода и стиль; женская, мужская и детская одежда; аксессуары; текстиль","Мы бренд мужской одежды, который сочетает в себе элегантность и качество. Мы производим повседневную и премиальную продукцию различных фасонов и цветов, от повседневной одежды до особых событий. Мы отдаем предпочтение прочности и долговечности, используя качественные ткани. Мы бренд мужской одежды, который сочетает в себе элегантность и качество. Мы производим повседневную и премиальную продукцию различных фасонов и цветов, от повседневной одежды до особых событий. Мы отдаем предпочтение прочности и долговечности, используя качественные ткани. Мы предлагаем уникальный стиль, уделяя внимание деталям в наших проектах. Tello Jeans, мы отправляем нашу продукцию более 40 стран мира и представляем ее нашим клиентам.",TELLO JNS,http://www.tellojeans.com,info@tellojeans.com,+7 495 955 91 99,https://md.expodat.com/companies/company/25399-tello-jeans.html,25399,"TELLO JNS | Турция | 14A61 | Мы бренд мужской одежды, который сочетает в себе элегантность и качество. Мы производим повседневную и премиальную продукцию различных фасонов и цветов, от повседневной одежды до особых событий. Мы отдаем предпочтение прочности и долговечности, используя качественные ткани. Мы бренд мужской одежды, который сочетает в себе элегантность и качество. Мы производим повседневную и премиальную продукцию различных фасонов и цветов, от повседневной одежды до особых событий. Мы отдаем предпочтение прочности и долговечности, используя качественные ткани. Мы предлагаем уникальный стиль, уделяя внимание деталям в наших проектах. Tello Jeans, мы отправляем нашу продукцию более 40 стран мира и представляем ее нашим клиентам. | http://www.tellojeans.com | info@tellojeans.com",parsed_detail,,2026-08-24T05:45:15Z,cpm-moscow-autumn-2026-expodat-signo-v1.0.1,expodat_cpm_2026_autumn_public_catalog,6d3796931e743d3ce22398bac6c02ba741a2ece3b07d5db1335adbfdcc70a7e1,
CPM – Collection Première Moscow Осень 2026,1–4 сентября 2026,TESSY,TESSY,"одежда, аксессуары",Испания,,,13C52,,"Мода и стиль; женская, мужская и детская одежда; аксессуары; текстиль",,TESSY,,,+7 495 955 91 99,https://md.expodat.com/companies/company/35994-tessy.html,35994,TESSY | Испания | 13C52,parsed_detail,,2026-08-24T05:45:15Z,cpm-moscow-autumn-2026-expodat-signo-v1.0.1,expodat_cpm_2026_autumn_public_catalog,c7dcc7d0fc199c8c61d4ab5dedcbd3c63a4c4562a620a489d053719a1f5f0b8b,
CPM – Collection Première Moscow Осень 2026,1–4 сентября 2026,TEZIDO,Tezido,"одежда, аксессуары",Россия,,,13D61,,"Мода и стиль; женская, мужская и детская одежда; аксессуары; текстиль",,TEZIDO,,,+7 495 955 91 99,https://md.expodat.com/companies/company/22089-tezido.html,22089,TEZIDO | Россия | 13D61,parsed_detail,,2026-08-24T05:45:15Z,cpm-moscow-autumn-2026-expodat-signo-v1.0.1,expodat_cpm_2026_autumn_public_catalog,45b86a1b48626cd902e883448e462554579716b40d0681afac384d1b59b51d6a,
CPM – Collection Première Moscow Осень 2026,1–4 сентября 2026,THE SYNSHOO GROUP,The Synshoo Group,"одежда, аксессуары",,,,15C95,,"Мода и стиль; женская, мужская и детская одежда; аксессуары; текстиль",,THE SYNSHOO GROUP,,jason@synshoo.com,008613757381892,https://md.expodat.com/companies/company/40615-rongyutang.html,40615,THE SYNSHOO GROUP | 15C95 | jason@synshoo.com,parsed_detail,,2026-08-24T05:45:15Z,cpm-moscow-autumn-2026-expodat-signo-v1.0.1,expodat_cpm_2026_autumn_public_catalog,1ad209495d6f8dd9338a8cd4f37da460ef2d7bdadbda1f584fb715c854583417,
CPM – Collection Première Moscow Осень 2026,1–4 сентября 2026,THOMAS BIEBER,Thomas Bieber,"одежда, аксессуары",Китай,,,15D21,,"Мода и стиль; женская, мужская и детская одежда; аксессуары; текстиль",,THOMAS BIEBER,,,+7 495 955 91 99,https://md.expodat.com/companies/company/28825-thomas-bieber.html,28825,THOMAS BIEBER | Китай | 15D21,parsed_detail,,2026-08-24T05:45:15Z,cpm-moscow-autumn-2026-expodat-signo-v1.0.1,expodat_cpm_2026_autumn_public_catalog,1fe298f2d99179aa92bb8a4166563338287ba8bfc971cb22848d20739369200a,
CPM – Collection Première Moscow Осень 2026,1–4 сентября 2026,TINO ARETTY,Tino Aretty,"одежда, аксессуары",Беларусь,,,14C24,,"Мода и стиль; женская, мужская и детская одежда; аксессуары; текстиль",,TINO ARETTY,,,+7 495 955 91 99,https://md.expodat.com/companies/company/34545-tino-aretty.html,34545,TINO ARETTY | Беларусь | 14C24,parsed_detail,,2026-08-24T05:45:15Z,cpm-moscow-autumn-2026-expodat-signo-v1.0.1,expodat_cpm_2026_autumn_public_catalog,2308d981ea14d3587ea47a84c11f77a2cecfdc4c95b2096626b631fa4ffbfe02,
CPM – Collection Première Moscow Осень 2026,1–4 сентября 2026,TOMO,TOMO,"текстиль и трикотаж, одежда",Германия,,,13С25,,"Мода и стиль; женская, мужская и детская одежда; аксессуары; текстиль","ТОМО Fashion (Германия) - Это сочетания классики и авангарда. Максимально комфортно и просто, с налетом непринужденности. Свобода от лишних элементов, дает простор для фантазии и позволяет подчеркнуть индивидуальность. ТОМО Fashion (Германия) - Это сочетания классики и авангарда. Максимально комфортно и просто, с налетом непринужденности. Свобода от лишних элементов, дает простор для фантазии и позволяет подчеркнуть индивидуальность. Модели имеют лаконичный крой, не слишком официальные, способные сделать ваш образ более интересным. Они легко сочетаются между собой и с другими моделями. ТКАНИ ИСПОЛЬЗУЮТ НАТУРАЛЬНЫЕ: ЛЕН, ХЛОПОК, ВИСКОЗА. Для повышения качества, к натуральному текстилю добавлен ЭЛАСТАН. Размерный ряд с 40 по 52 (+6) немецкие размеры.",TOMO,http://www.21moda.ru,moda21vek2005@yandex.ru,+7 495 955 91 99,https://md.expodat.com/companies/company/21819-tomo.html,21819,"TOMO | Германия | 13С25 | ТОМО Fashion (Германия) - Это сочетания классики и авангарда. Максимально комфортно и просто, с налетом непринужденности. Свобода от лишних элементов, дает простор для фантазии и позволяет подчеркнуть индивидуальность. ТОМО Fashion (Германия) - Это сочетания классики и авангарда. Максимально комфортно и просто, с налетом непринужденности. Свобода от лишних элементов, дает простор для фантазии и позволяет подчеркнуть индивидуальность. Модели имеют лаконичный крой, не слишком официальные, способные сделать ваш образ более интересным. Они легко сочетаются между собой и с другими моделями. ТКАНИ ИСПОЛЬЗУЮТ НАТУРАЛЬНЫЕ: ЛЕН, ХЛОПОК, ВИСКОЗА. Для повышения качества, к натуральному текстилю добавлен ЭЛАСТАН. Размерный ряд с 40 по 52 (+6) немецкие размеры. | http://www.21moda.ru | moda21vek2005@yandex.ru",parsed_detail,,2026-08-24T05:45:15Z,cpm-moscow-autumn-2026-expodat-signo-v1.0.1,expodat_cpm_2026_autumn_public_catalog,4a02d91ed4e234ec07cdd3bc5b53d5a7b4c87673761b4ee5cc6e2216c3f7f4d8,
CPM – Collection Première Moscow Осень 2026,1–4 сентября 2026,"TONG JUE(BEIJING) TECHNOLOGY CO.,LTD.","Tong Jue(Beijing) Technology Co.,Ltd.","одежда, аксессуары",Китай,,,15E58,,"Мода и стиль; женская, мужская и детская одежда; аксессуары; текстиль","TONG JUE(BEIJING) TECHNOLOGY CO.,LTD.","TONG JUE(BEIJING) TECHNOLOGY CO.,LTD.",,,+7 495 955 91 99,https://md.expodat.com/companies/company/41227-tong-jue-beijing-technology-co-ltd.html,41227,"TONG JUE(BEIJING) TECHNOLOGY CO.,LTD. | Китай | 15E58 | TONG JUE(BEIJING) TECHNOLOGY CO.,LTD.",parsed_detail,,2026-08-24T05:45:15Z,cpm-moscow-autumn-2026-expodat-signo-v1.0.1,expodat_cpm_2026_autumn_public_catalog,5eb1cdfd09bea7a1d56721d40528f9f612314514f85610dd2f36343c62170c6b,
CPM – Collection Première Moscow Осень 2026,1–4 сентября 2026,"TONGXIANG GEO FUR CLOTHING CO., LTD","Tongxiang Geo Fur Clothing Co., Ltd","изделия из кожи и меха, одежда",Китай,,,15C56,,"Мода и стиль; женская, мужская и детская одежда; аксессуары; текстиль","Компания «Гэао» была основана 20 апреля 2011 года в городе Чунфу, Тунсян, провинция Чжэцзян — так называемой «столице меха». Это профессиональное предприятие по производству меховой одежды, объединяющее дизайн, производство и продажи. Компания «Гэао» была основана 20 апреля 2011 года в городе Чунфу, Тунсян, провинция Чжэцзян — так называемой «столице меха». Это профессиональное предприятие по производству меховой одежды, объединяющее дизайн, производство и продажи.Более десяти лет мы специализируемся на высококлассной меховой продукции, опираясь на безупречное мастерство и премиальное сырьё как на ключевые конкурентные преимущества. Ассортимент включает кожаные куртки, шубы, вязаную одежду, изделия из ПУ, овчину и другие виды продукции. Также мы занимаемся тонкой обработкой натуральных меховых отделок из лисы, енотовидной собаки и норки, предоставляя клиентам комплексные решения в области меха.","TONGXIANG GEO FUR CLOTHING CO., LTD",,,+7 495 955 91 99,https://md.expodat.com/companies/company/41050-tongxiang-geo-fur-clothing-co-ltd.html,41050,"TONGXIANG GEO FUR CLOTHING CO., LTD | Китай | 15C56 | Компания «Гэао» была основана 20 апреля 2011 года в городе Чунфу, Тунсян, провинция Чжэцзян — так называемой «столице меха». Это профессиональное предприятие по производству меховой одежды, объединяющее дизайн, производство и продажи. Компания «Гэао» была основана 20 апреля 2011 года в городе Чунфу, Тунсян, провинция Чжэцзян — так называемой «столице меха». Это профессиональное предприятие по производству меховой одежды, объединяющее дизайн, производство и продажи.Более десяти лет мы специализируемся на высококлассной меховой продукции, опираясь на безупречное мастерство и премиальное сырьё как на ключевые конкурентные преимущества. Ассортимент включает кожаные куртки, шубы, вязаную одежду, изделия из ПУ, овчину и другие виды продукции. Также мы занимаемся тонкой обработкой натуральных меховых отделок из лисы, енотовидной собаки и норки, предоставляя клиентам комплексные решения в области меха.",parsed_detail,,2026-08-24T05:45:15Z,cpm-moscow-autumn-2026-expodat-signo-v1.0.1,expodat_cpm_2026_autumn_public_catalog,60b79d246cf81aaa8f534b15cd0e3e3867295659c52c7c673a09e7bb9cc4db68,
CPM – Collection Première Moscow Осень 2026,1–4 сентября 2026,"TONGXIANG HONGBO GARMENT CO., LTD.","Tongxiang Hongbo Garment Co., Ltd.",одежда,Китай,,,15E43,,"Мода и стиль; женская, мужская и детская одежда; аксессуары; текстиль","TONGXIANG HONGBO GARMENT CO., LTD.","TONGXIANG HONGBO GARMENT CO., LTD.",,,+7 495 955 91 99,https://md.expodat.com/companies/company/41206-tongxiang-hongbo-garment-co-ltd.html,41206,"TONGXIANG HONGBO GARMENT CO., LTD. | Китай | 15E43 | TONGXIANG HONGBO GARMENT CO., LTD.",parsed_detail,,2026-08-24T05:45:15Z,cpm-moscow-autumn-2026-expodat-signo-v1.0.1,expodat_cpm_2026_autumn_public_catalog,ffc8179eb4700ea8428cdd0db7b1e9fb1834599ef8c8c8bc1afc5f99109b94b2,
CPM – Collection Première Moscow Осень 2026,1–4 сентября 2026,"TONGXIANG HONGQI TEXTILE CO.,LTD","Tongxiang Hongqi Textile Co.,Ltd","одежда, аксессуары",Китай,,,14F80,,"Мода и стиль; женская, мужская и детская одежда; аксессуары; текстиль","TONGXIANG HONGQI TEXTILE CO.,LTD","TONGXIANG HONGQI TEXTILE CO.,LTD",http://www.china-dqqy.com,ashley@china-dqqy.com,+86-13867365421,https://md.expodat.com/companies/company/40990-tongxiang-hongqi-textile-co-ltd.html,40990,"TONGXIANG HONGQI TEXTILE CO.,LTD | Китай | 14F80 | TONGXIANG HONGQI TEXTILE CO.,LTD | http://www.china-dqqy.com | ashley@china-dqqy.com",parsed_detail,,2026-08-24T05:45:15Z,cpm-moscow-autumn-2026-expodat-signo-v1.0.1,expodat_cpm_2026_autumn_public_catalog,0a5ef93dd7e90682bcc272ae55b5500cd54efa1f3b3652232079cd03f600a6de,
CPM – Collection Première Moscow Осень 2026,1–4 сентября 2026,"TONGXIANG JIAYU FASHION CO.,LTD.","Tongxiang Jiayu Fashion Co.,Ltd.","текстиль и трикотаж, одежда",Китай,,,15D34,,"Мода и стиль; женская, мужская и детская одежда; аксессуары; текстиль",2.TONGXIANG JIAYU was established in the year 2003. Our main products are knitwear and cut and sew tops. For knitwear we are specilized in Cotton linen wool etc from 3 gauge to 18 gauge. For cut and sew .we are specilized in various kinds of jersey fabric which can make T-shirt dress sweater etc. The production capacity of our factory are 150000 units per month,"TONGXIANG JIAYU FASHION CO.,LTD.",,amanda.zhang@txjiayu.com,+8613867316105,https://md.expodat.com/companies/company/39635-tongxiang-jiayu-fashion-co-ltd.html,39635,"TONGXIANG JIAYU FASHION CO.,LTD. | Китай | 15D34 | 2.TONGXIANG JIAYU was established in the year 2003. Our main products are knitwear and cut and sew tops. For knitwear we are specilized in Cotton linen wool etc from 3 gauge to 18 gauge. For cut and sew .we are specilized in various kinds of jersey fabric which can make T-shirt dress sweater etc. The production capacity of our factory are 150000 units per month | amanda.zhang@txjiayu.com",parsed_detail,,2026-08-24T05:45:15Z,cpm-moscow-autumn-2026-expodat-signo-v1.0.1,expodat_cpm_2026_autumn_public_catalog,9ab5b25aba83e6046d2e6c636b16d592296dcff21afc5d8fbc007b406faac9fc,
CPM – Collection Première Moscow Осень 2026,1–4 сентября 2026,"TONGXIANG LUCHANG TEXTILE CO.,LTD","Tongxiang Luchang Textile Co.,Ltd","текстиль и трикотаж, одежда",Китай,,,15F50,,"Мода и стиль; женская, мужская и детская одежда; аксессуары; текстиль","We specialize in premium fashion knitwear for women and men, with wool coats as a complementary line.","TONGXIANG LUCHANG TEXTILE CO.,LTD",,linzanyi@126.com,18957307796,https://md.expodat.com/companies/company/41359-tongxiang-luchang-textile-co-ltd.html,41359,"TONGXIANG LUCHANG TEXTILE CO.,LTD | Китай | 15F50 | We specialize in premium fashion knitwear for women and men, with wool coats as a complementary line. | linzanyi@126.com",parsed_detail,,2026-08-24T05:45:15Z,cpm-moscow-autumn-2026-expodat-signo-v1.0.1,expodat_cpm_2026_autumn_public_catalog,597f8a209078a297dc3549a046f5e56bf219c8503949dda63aa7cb240dc472f9,
CPM – Collection Première Moscow Осень 2026,1–4 сентября 2026,"Tongxiang Pirun Trading Co., Ltd.","Tongxiang Pirun Trading Co., Ltd.",текстиль и трикотаж,Китай,,,15F71,,"Мода и стиль; женская, мужская и детская одежда; аксессуары; текстиль","-Tongxiang Pirun Trading Co., Ltd. Located in Puyuan, China—renowned as the ""World’s Famous Sweater Town""—Tongxiang Pirun Trading Co., Ltd. leverages the local complete knitting industry chain and specializes in high-end cashmere and wool products. We mainly offer cashmere sweaters, wool sweaters, wool pants, wool socks, cashmere hats and scarves. Integrating design, production and sales, we strictly control quality from raw material sourcing to finished products, using premium pure cashmere and fine-spun wool, featuring a natural, mi","Tongxiang Pirun Trading Co., Ltd.",,251983419@qq.com,008613653331019,https://md.expodat.com/companies/company/40699-pirun.html,40699,"Tongxiang Pirun Trading Co., Ltd. | Китай | 15F71 | -Tongxiang Pirun Trading Co., Ltd. Located in Puyuan, China—renowned as the ""World’s Famous Sweater Town""—Tongxiang Pirun Trading Co., Ltd. leverages the local complete knitting industry chain and specializes in high-end cashmere and wool products. We mainly offer cashmere sweaters, wool sweaters, wool pants, wool socks, cashmere hats and scarves. Integrating design, production and sales, we strictly control quality from raw material sourcing to finished products, using premium pure cashmere and fine-spun wool, featuring a natural, mi | 251983419@qq.com",parsed_detail,,2026-08-24T05:45:15Z,cpm-moscow-autumn-2026-expodat-signo-v1.0.1,expodat_cpm_2026_autumn_public_catalog,4a06968eca2fb44a06680c4e9b4ebd0044fe2426f20b15b3aa701cb4a60eb9b8,
CPM – Collection Première Moscow Осень 2026,1–4 сентября 2026,"TONGXIANG PUFENG INTERNATIONAL TRADE CO.,LTD.","Tongxiang Pufeng International Trade Co.,Ltd.","одежда, аксессуары",Китай,,,15F32,,"Мода и стиль; женская, мужская и детская одежда; аксессуары; текстиль","TONGXIANG PUFENG INTERNATIONAL TRADE CO.,LTD.","TONGXIANG PUFENG INTERNATIONAL TRADE CO.,LTD.",,,+7 495 955 91 99,https://md.expodat.com/companies/company/41308-tongxiang-pufeng-international-trade-co-ltd.html,41308,"TONGXIANG PUFENG INTERNATIONAL TRADE CO.,LTD. | Китай | 15F32 | TONGXIANG PUFENG INTERNATIONAL TRADE CO.,LTD.",parsed_detail,,2026-08-24T05:45:15Z,cpm-moscow-autumn-2026-expodat-signo-v1.0.1,expodat_cpm_2026_autumn_public_catalog,c1c1a22f40ff385b647e84c3a04b41e36a2d34ec86547b35f5492a593d70f0e2,
CPM – Collection Première Moscow Осень 2026,1–4 сентября 2026,"TONGXIANG SHENGYI TEXTILE CO.,LTD.","Tongxiang Shengyi Textile Co.,Ltd.","одежда, аксессуары",Китай,,,15E87,,"Мода и стиль; женская, мужская и детская одежда; аксессуары; текстиль","TONGXIANG SHENGYI TEXTILE CO.,LTD.","TONGXIANG SHENGYI TEXTILE CO.,LTD.",,jeay0216@126.com,+7 495 955 91 99,https://md.expodat.com/companies/company/40918-tongxiang-shengyi-textile-co-ltd.html,40918,"TONGXIANG SHENGYI TEXTILE CO.,LTD. | Китай | 15E87 | TONGXIANG SHENGYI TEXTILE CO.,LTD. | jeay0216@126.com",parsed_detail,,2026-08-24T05:45:15Z,cpm-moscow-autumn-2026-expodat-signo-v1.0.1,expodat_cpm_2026_autumn_public_catalog,80e8ef5d0362a1981a882c010525d11b4e73f6b50dcad626046df77b83deccef,
CPM – Collection Première Moscow Осень 2026,1–4 сентября 2026,TORGKOMPLEKT,Torgkomplekt,,Россия,,,14G61,,"Мода и стиль; женская, мужская и детская одежда; аксессуары; текстиль","Дорогие партнеры! Мы рады стать участниками выставки CPM — Collection Première Moscow 2026. Ждем вас на нашем стенде 14G61 Торгкомплект - производственная компания была основана в 1989 году. Мы разрабатываем современный дизайн для магазинов, проектируем и изготавливаем торговое оборудование на собственном производстве. Дорогие партнеры! Мы рады стать участниками выставки CPM — Collection Première Moscow 2026. Ждем вас на нашем стенде 14G61 Торгкомплект - производственная компания была основана в 1989 году. Мы разрабатываем современный дизайн для магазинов, проектируем и изготавливаем торговое оборудование на собственном производстве. Товары сайта torgkomplekt.ru имеются в наличии на нашем складе в Подмосковье, это более 100 тысяч наименований торгового оборудования: модульные системы, вешала, рейлы, кассовые модули, столы для выкладки, зеркала, витрины, вешалки для одежды и многие другие товары. Шоурум 2000 кв. м в Москве. У нас вы можете заказать: - дизайн проект магазина; - изготовление торгового оборудования по вашему проекту; - проектирование магазина, расстановку оборудования из нашего ассортимента готового торгового оборудования (каталог складской программы есть на сайте); -доставку и монтаж; Адрес офиса и шоу-рума: г. Москва, Рублевское шоссе, д.28, корп 2 Время работы: пн-пт с 9:00 до 18:00 Контакты: n.gurtikova@torgkomplekt.ru 8 (800) 302-44-01 +7 (495) 413-74-15",TORGKOMPLEKT,https://torgkomplekt.ru,n.gurtikova@torgkomplekt.ru,8 (800) 302-44-01,https://md.expodat.com/companies/company/24894-torgkomplekt.html,24894,"TORGKOMPLEKT | Россия | 14G61 | Дорогие партнеры! Мы рады стать участниками выставки CPM — Collection Première Moscow 2026. Ждем вас на нашем стенде 14G61 Торгкомплект - производственная компания была основана в 1989 году. Мы разрабатываем современный дизайн для магазинов, проектируем и изготавливаем торговое оборудование на собственном производстве. Дорогие партнеры! Мы рады стать участниками выставки CPM — Collection Première Moscow 2026. Ждем вас на нашем стенде 14G61 Торгкомплект - производственная компания была основана в 1989 году. Мы разрабатываем современный дизайн для магазинов, проектируем и изготавливаем торговое оборудование на собственном производстве. Товары сайта torgkomplekt.ru имеются в наличии на нашем складе в Подмосковье, это более 100 тысяч наименований торгового оборудования: модульные системы, вешала, рейлы, кассовые модули, столы для выкладки, зеркала, витрины, вешалки для одежды и многие другие товары. Шоурум 2000 кв. м в Москве. У нас вы можете заказать: - дизайн проект магазина; - изготовление торгового оборудования по вашему проекту; - проектирование магазина, расстановку оборудования из нашего ассортимента готового торгового оборудования (каталог складс",parsed_detail,products,2026-08-24T05:45:15Z,cpm-moscow-autumn-2026-expodat-signo-v1.0.1,expodat_cpm_2026_autumn_public_catalog,8961ee47048b83195cf5c36541cd45e45d08223562f01f1770381f8e51f42b1b,
CPM – Collection Première Moscow Осень 2026,1–4 сентября 2026,TORRISS,Torriss,"одежда, аксессуары",Китай,,,14C50 / 14D51,,"Мода и стиль; женская, мужская и детская одежда; аксессуары; текстиль",,TORRISS,,,+7 495 955 91 99,https://md.expodat.com/companies/company/24046-torriss.html,24046,TORRISS | Китай | 14C50 / 14D51,parsed_detail,,2026-08-24T05:45:15Z,cpm-moscow-autumn-2026-expodat-signo-v1.0.1,expodat_cpm_2026_autumn_public_catalog,aef10d855b2aba9ad8d333afffe00dcb1876eeeb97595e0254b8b658e065f8aa,
CPM – Collection Première Moscow Осень 2026,1–4 сентября 2026,TRASPARENZ,Trasparenz,"одежда, аксессуары",,,,13C62,,"Мода и стиль; женская, мужская и детская одежда; аксессуары; текстиль",,TRASPARENZ,,,+7 495 955 91 99,https://md.expodat.com/companies/company/40822-trasparenz.html,40822,TRASPARENZ | 13C62,parsed_detail,,2026-08-24T05:45:15Z,cpm-moscow-autumn-2026-expodat-signo-v1.0.1,expodat_cpm_2026_autumn_public_catalog,17398da39c2c8776e02e49727880ec4d76731eefff670fda0bdfe91781be9b1c,
CPM – Collection Première Moscow Осень 2026,1–4 сентября 2026,TREND-LAB,Trend-Lab,"одежда, аксессуары",,,,14G10,,"Мода и стиль; женская, мужская и детская одежда; аксессуары; текстиль",,TREND-LAB,,,+7 495 955 91 99,https://md.expodat.com/companies/company/40366-trend-lab.html,40366,TREND-LAB | 14G10,parsed_detail,,2026-08-24T05:45:15Z,cpm-moscow-autumn-2026-expodat-signo-v1.0.1,expodat_cpm_2026_autumn_public_catalog,f45f113aea7832b4e09fa02699c74621592aa8b0defb70069e42345a04a63317,
CPM – Collection Première Moscow Осень 2026,1–4 сентября 2026,TRICOTIER,Tricotier,текстиль и трикотаж,Россия,,,14F30,,"Мода и стиль; женская, мужская и детская одежда; аксессуары; текстиль",Трикотажное производство,TRICOTIER,http://www.shapkaopt.ru,,+7 495 955 91 99,https://md.expodat.com/companies/company/23525-tricotier.html,23525,TRICOTIER | Россия | 14F30 | Трикотажное производство | http://www.shapkaopt.ru,parsed_detail,,2026-08-24T05:45:15Z,cpm-moscow-autumn-2026-expodat-signo-v1.0.1,expodat_cpm_2026_autumn_public_catalog,445f7cbaf86cfcb7417293882571a3e93ab79311cf678ca771370dff6b912e20,
CPM – Collection Première Moscow Осень 2026,1–4 сентября 2026,TRIKOTTO,Trikotto,одежда,Турция,,,14A01,,"Мода и стиль; женская, мужская и детская одежда; аксессуары; текстиль","-TRIKOTTO — турецкий бренд женской одежды с более чем 8-летним опытом производства и работы на международном B2B-рынке. Мы создаём современные коммерческие коллекции в эстетике умного минимализма, сочетая актуальный дизайн, качество и высокий потенциал продаж. Наша цель — помогать партнёрам формировать сильный ассортимент, который востребован покупателями и работает на прибыль бизнеса.",TRIKOTTO,https://trikotto.com/,info@trikotto.com,+905398195151,https://md.expodat.com/companies/company/40320-trikotto.html,40320,"TRIKOTTO | Турция | 14A01 | -TRIKOTTO — турецкий бренд женской одежды с более чем 8-летним опытом производства и работы на международном B2B-рынке. Мы создаём современные коммерческие коллекции в эстетике умного минимализма, сочетая актуальный дизайн, качество и высокий потенциал продаж. Наша цель — помогать партнёрам формировать сильный ассортимент, который востребован покупателями и работает на прибыль бизнеса. | https://trikotto.com/ | info@trikotto.com",parsed_detail,,2026-08-24T05:45:15Z,cpm-moscow-autumn-2026-expodat-signo-v1.0.1,expodat_cpm_2026_autumn_public_catalog,65d928d6811b83ef77f81be70b901fd82aedf547983272c7cef073d045ea13a7,
CPM – Collection Première Moscow Осень 2026,1–4 сентября 2026,TRIPPEN,Trippen,"одежда, аксессуары",Италия,,,13C20 / 13D21,,"Мода и стиль; женская, мужская и детская одежда; аксессуары; текстиль",,TRIPPEN,,,+7 495 955 91 99,https://md.expodat.com/companies/company/29050-trippen.html,29050,TRIPPEN | Италия | 13C20 / 13D21,parsed_detail,,2026-08-24T05:45:15Z,cpm-moscow-autumn-2026-expodat-signo-v1.0.1,expodat_cpm_2026_autumn_public_catalog,9b139113e4e681e76bded56edca8a60e8e1891cf980924523cf1e89231a5b028,
CPM – Collection Première Moscow Осень 2026,1–4 сентября 2026,TRUVOR,Truvor,"текстиль и трикотаж, одежда",Россия,,,14D21,,"Мода и стиль; женская, мужская и детская одежда; аксессуары; текстиль","ЗАО «Псковская швейная фабрика «СЛАВЯНКА» ( 1945год основания) сегодня является крупнейшим и стабильно работающим предприятием швейной промышленности России Продукция выпускается под запатентованными торговыми марками TRUVOR, DOVMONT, FASTI DONICI, RODERICK. ЗАО «Псковская швейная фабрика «СЛАВЯНКА» ( 1945год основания) сегодня является крупнейшим и стабильно работающим предприятием швейной промышленности России Продукция выпускается под запатентованными торговыми марками TRUVOR, DOVMONT, FASTI DONICI, RODERICK. На предприятии производятся мужские костюмы, пиджаки, брюки, пальто, а также школьная форма для мальчиков и девочек. Продукция фабрики выпускается на специализированных, высокопроизводительных потоках с использованием современного оборудования ведущих мировых фирм «Durkopp», «Pfaff», «Rimoldi», «Juki». На предприятии создана и совершенствуется система автоматизированного проектирования, внедрены компьютерные технологии, оборудование для влажно-тепловой обработки фирмы «Brisay», оборудование для проектирования, четыре настилочно-раскройных комплекса фирмы «Gerber». Разработаны направления коллекции изделий с различными посадками по фигуре и модельными особенностями: REGULAR FIT (комфортный объем), TAILORED FIT (умеренно уменьшенный объем), SLIM FIT (значительно уменьшенный объем), KING SIZE (модели увеличенной полноты), NAPOLI (пиджак с «естественным плечом»). При создании новых коллекций используется многолетний опыт работы, знание современной типологии мужских фигур и точность базовых конструкций, что гарантирует отличную посадку на фигуре.. Гибкое производство, возможность изготовления изделий с различными посадками по фигуре и модельными особенностями, из различных по составу и структуре тканей. Продукция ЗАО «Славянка» соответствует высшему уровню качества, что подтверждается многочисленными дипломами, свидетельствами, званиями, призами и другими наградами. В 2002 г. система качества предприятия сертифицирована на соответствие требованиям международных стандартов серии ISO 9001:2000. В 2019 году ЗАО Славянка успешно прошла международную сертификацию IAF и Trigon Select и включена в международную базу производителей International Apparel Federation - мировую федерацию текстильной промышленности, которая имеет более 60 национальных ассоциаций, производителей одежды, поставщиков и модных брендов по всему миру. В ноябре 2020 года предприятие получила сертификаты Эр Си Эс (RCS Recycled Claim Standard ) и О Си Эс (OCS Organic Content Standard ) Костюмы марки «TRUVOR» имеют отличную репутацию у клиентов и потребителей благодаря высокому качеству и идеальной посадке по фигуре и выгодно подчеркивают индивидуальность каждого мужчины.",TRUVOR,https://www.truvor.ru/,truvor@truvor.ru,+7 495 955 91 99,https://md.expodat.com/companies/company/19767-truvor.html,19767,"TRUVOR | Россия | 14D21 | ЗАО «Псковская швейная фабрика «СЛАВЯНКА» ( 1945год основания) сегодня является крупнейшим и стабильно работающим предприятием швейной промышленности России Продукция выпускается под запатентованными торговыми марками TRUVOR, DOVMONT, FASTI DONICI, RODERICK. ЗАО «Псковская швейная фабрика «СЛАВЯНКА» ( 1945год основания) сегодня является крупнейшим и стабильно работающим предприятием швейной промышленности России Продукция выпускается под запатентованными торговыми марками TRUVOR, DOVMONT, FASTI DONICI, RODERICK. На предприятии производятся мужские костюмы, пиджаки, брюки, пальто, а также школьная форма для мальчиков и девочек. Продукция фабрики выпускается на специализированных, высокопроизводительных потоках с использованием современного оборудования ведущих мировых фирм «Durkopp», «Pfaff», «Rimoldi», «Juki». На предприятии создана и совершенствуется система автоматизированного проектирования, внедрены компьютерные технологии, оборудование для влажно-тепловой обработки фирмы «Brisay», оборудование для проектирования, четыре настилочно-раскройных комплекса фирмы «Gerber». Разработаны направления коллекции изделий с различными посадками по фигуре и модельны",parsed_detail,,2026-08-24T05:45:15Z,cpm-moscow-autumn-2026-expodat-signo-v1.0.1,expodat_cpm_2026_autumn_public_catalog,6a19e7b7430c57fc19d69a107df24da95ed2eef50cb12623996fe6d274488ca4,
CPM – Collection Première Moscow Осень 2026,1–4 сентября 2026,TUFFONI,Tuffoni,"одежда, аксессуары",Россия,,,14F48 / 14G49,,"Мода и стиль; женская, мужская и детская одежда; аксессуары; текстиль",,TUFFONI,http://www.tuffoni.com,info@tuffoni.com,+79776715144,https://md.expodat.com/companies/company/25231-tuffoni.html,25231,TUFFONI | Россия | 14F48 / 14G49 | http://www.tuffoni.com | info@tuffoni.com,parsed_detail,,2026-08-24T05:45:15Z,cpm-moscow-autumn-2026-expodat-signo-v1.0.1,expodat_cpm_2026_autumn_public_catalog,a8f59b798b0b0d3725581f8ab81012bbe4f9881b44d24f89dc468d4cab702178,
CPM – Collection Première Moscow Осень 2026,1–4 сентября 2026,TULSI,TULSI,"одежда, аксессуары",Италия,,,15B61,,"Мода и стиль; женская, мужская и детская одежда; аксессуары; текстиль",,TULSI,,,+7 495 955 91 99,https://md.expodat.com/companies/company/37208-tulsi.html,37208,TULSI | Италия | 15B61,parsed_detail,,2026-08-24T05:45:15Z,cpm-moscow-autumn-2026-expodat-signo-v1.0.1,expodat_cpm_2026_autumn_public_catalog,d64208bd7885c382aa68b68db6d3cf05133a67f04243ba99a4c303695dffa695,
CPM – Collection Première Moscow Осень 2026,1–4 сентября 2026,TURKAN,Turkan,"одежда, аксессуары",,,,13D69,,"Мода и стиль; женская, мужская и детская одежда; аксессуары; текстиль",,TURKAN,,,+7 495 955 91 99,https://md.expodat.com/companies/company/40804-turkan.html,40804,TURKAN | 13D69,parsed_detail,,2026-08-24T05:45:15Z,cpm-moscow-autumn-2026-expodat-signo-v1.0.1,expodat_cpm_2026_autumn_public_catalog,4573d14a6eae3991a2effdcc837167c77cdcb8fcbd3f1ee1a57953c846479090,
CPM – Collection Première Moscow Осень 2026,1–4 сентября 2026,Ultra leks,Ultra leks,"одежда, аксессуары",Россия,,,15C35,,"Мода и стиль; женская, мужская и детская одежда; аксессуары; текстиль",,Ultra leks,,,+7 495 955 91 99,https://md.expodat.com/companies/company/37187-ultra-leks.html,37187,Ultra leks | Россия | 15C35,parsed_detail,,2026-08-24T05:45:15Z,cpm-moscow-autumn-2026-expodat-signo-v1.0.1,expodat_cpm_2026_autumn_public_catalog,3444165d370b9caebd6e791123c5cb873551501a270af566cded6e7107dc165a,
CPM – Collection Première Moscow Осень 2026,1–4 сентября 2026,USHIRO,Ushiro,"одежда, аксессуары",,,,14G02,,"Мода и стиль; женская, мужская и детская одежда; аксессуары; текстиль",,USHIRO,,,+7 495 955 91 99,https://md.expodat.com/companies/company/40765-ushiro.html,40765,USHIRO | 14G02,parsed_detail,,2026-08-24T05:45:15Z,cpm-moscow-autumn-2026-expodat-signo-v1.0.1,expodat_cpm_2026_autumn_public_catalog,82315004f42638f5bd1b7cb86183cb139cfa5a3b56bb5c3701f6cbe211be21e7,
CPM – Collection Première Moscow Осень 2026,1–4 сентября 2026,UVELINA,Uvelina,аксессуары,Россия,,,15A52,,"Мода и стиль; женская, мужская и детская одежда; аксессуары; текстиль","Украшения в нашей жизни составляют главную роль, а ювелирная бижутерия особенно! Это, как прекрасный подарок, так и чудесный способ поднять себе настроение! Наш интернет магазин ювелирной бижутерии подарит Вам такую возможность не выходя из дома. Украшения в нашей жизни составляют главную роль, а ювелирная бижутерия особенно! Это, как прекрасный подарок, так и чудесный способ поднять себе настроение! Наш интернет магазин ювелирной бижутерии подарит Вам такую возможность не выходя из дома. Компания UVELINA предоставляет широкий ассортимент красивых и изысканных украшений. Наш интернет магазин представляет в различных вариантах популярные кристаллы сваровски как неотъемлемый элемент в бижутерии. Здесь вы сможете найти серьги, кольца, браслеты, украшения для волос и многие другие аксессуары, которые изысканно дополняют кристаллы сваровски. Наша компания была основана 6 августа 2006 года в г. Новосибирске. Знакомство с ювелирной бижутерией для нас началось с сотрудничества с компанией «ЭТАЛОН-ЖЕНАВИ» — самым крупным производителем ювелирной бижутерии в Европе. На сегодняшний день мы реализуем бижутерию от лучших азиатских и европейских производителей. Наша цель изначально состоит в том, чтобы наши клиенты получали большой доход, поэтому мы предоставляем Вам бизнес под «ключ»",UVELINA,http://ювелина.рф,uvelinam@mail.ru; shevan@bk.ru,+7 495 955 91 99,https://md.expodat.com/companies/company/18942-uvelina.html,18942,"UVELINA | Россия | 15A52 | Украшения в нашей жизни составляют главную роль, а ювелирная бижутерия особенно! Это, как прекрасный подарок, так и чудесный способ поднять себе настроение! Наш интернет магазин ювелирной бижутерии подарит Вам такую возможность не выходя из дома. Украшения в нашей жизни составляют главную роль, а ювелирная бижутерия особенно! Это, как прекрасный подарок, так и чудесный способ поднять себе настроение! Наш интернет магазин ювелирной бижутерии подарит Вам такую возможность не выходя из дома. Компания UVELINA предоставляет широкий ассортимент красивых и изысканных украшений. Наш интернет магазин представляет в различных вариантах популярные кристаллы сваровски как неотъемлемый элемент в бижутерии. Здесь вы сможете найти серьги, кольца, браслеты, украшения для волос и многие другие аксессуары, которые изысканно дополняют кристаллы сваровски. Наша компания была основана 6 августа 2006 года в г. Новосибирске. Знакомство с ювелирной бижутерией для нас началось с сотрудничества с компанией «ЭТАЛОН-ЖЕНАВИ» — самым крупным производителем ювелирной бижутерии в Европе. На сегодняшний день мы реализуем бижутерию от лучших азиатских и европейских производителей. Наша це",parsed_detail,,2026-08-24T05:45:15Z,cpm-moscow-autumn-2026-expodat-signo-v1.0.1,expodat_cpm_2026_autumn_public_catalog,1035bdff0176af73296cbdacd702c80d01b7184bed796cc8f0cf170dc03225ed,
CPM – Collection Première Moscow Осень 2026,1–4 сентября 2026,VALENTINO,Valentino,аксессуары,Италия,,,13B15,,"Мода и стиль; женская, мужская и детская одежда; аксессуары; текстиль","Компания Mario Valentino была основана Марио Валентино в 1952 году в Неаполе. С момента своего основания бренд ставит своей целью подчеркнуть красоту каждой женщины с помощью аксессуаров, сочетающих гламур, функциональность и идеально подходящих для динамичного образа жизни. Компания Mario Valentino была основана Марио Валентино в 1952 году в Неаполе. С момента своего основания бренд ставит своей целью подчеркнуть красоту каждой женщины с помощью аксессуаров, сочетающих гламур, функциональность и идеально подходящих для динамичного образа жизни. Для современных, стильных и следящих за модой женщин, Valentino воплощает элегантность и утонченность, превращая аксессуары в инструмент самовыражения. В коллекциях сочетаются чистые линии, смелые текстуры, выразительные цветовые решения и изысканные детали. Бренд уверенно занимает свое место в мире доступной моды, объединяя итальянский дизайн, утонченность и современность, предлагая продукцию как для повседневной жизни, так и гламурных событий.",VALENTINO,http://www.refixnet.com,damiano@refixnet.com,+39 348 6415180,https://md.expodat.com/companies/company/39212-valentino.html,39212,"VALENTINO | Италия | 13B15 | Компания Mario Valentino была основана Марио Валентино в 1952 году в Неаполе. С момента своего основания бренд ставит своей целью подчеркнуть красоту каждой женщины с помощью аксессуаров, сочетающих гламур, функциональность и идеально подходящих для динамичного образа жизни. Компания Mario Valentino была основана Марио Валентино в 1952 году в Неаполе. С момента своего основания бренд ставит своей целью подчеркнуть красоту каждой женщины с помощью аксессуаров, сочетающих гламур, функциональность и идеально подходящих для динамичного образа жизни. Для современных, стильных и следящих за модой женщин, Valentino воплощает элегантность и утонченность, превращая аксессуары в инструмент самовыражения. В коллекциях сочетаются чистые линии, смелые текстуры, выразительные цветовые решения и изысканные детали. Бренд уверенно занимает свое место в мире доступной моды, объединяя итальянский дизайн, утонченность и современность, предлагая продукцию как для повседневной жизни, так и гламурных событий. | http://www.refixnet.com | damiano@refixnet.com",parsed_detail,,2026-08-24T05:45:15Z,cpm-moscow-autumn-2026-expodat-signo-v1.0.1,expodat_cpm_2026_autumn_public_catalog,1d220b3ab432a0a07b8578b1326ac93c14ee7c033cf584a06dd8a45ee1b6e001,
CPM – Collection Première Moscow Осень 2026,1–4 сентября 2026,VANDELDEN,Vandelden,"одежда, аксессуары",,,,14G10,,"Мода и стиль; женская, мужская и детская одежда; аксессуары; текстиль",,VANDELDEN,,,+7 495 955 91 99,https://md.expodat.com/companies/company/40363-vandelden.html,40363,VANDELDEN | 14G10,parsed_detail,,2026-08-24T05:45:15Z,cpm-moscow-autumn-2026-expodat-signo-v1.0.1,expodat_cpm_2026_autumn_public_catalog,a8f7c77d62f07360a5b0acdcf1a8041e2301458d1f5eb1894be1d2638f879c07,
CPM – Collection Première Moscow Осень 2026,1–4 сентября 2026,VANVION,Vanvion,"одежда, аксессуары",,,,14D38,,"Мода и стиль; женская, мужская и детская одежда; аксессуары; текстиль",,VANVION,,,+7 495 955 91 99,https://md.expodat.com/companies/company/39875-van-vion.html,39875,VANVION | 14D38,parsed_detail,,2026-08-24T05:45:15Z,cpm-moscow-autumn-2026-expodat-signo-v1.0.1,expodat_cpm_2026_autumn_public_catalog,5bf9eba4b461a185179d1479a8b4e0ef59093235227ab2d0c06e34ae9fb5aad3,
CPM – Collection Première Moscow Осень 2026,1–4 сентября 2026,VELINA FABBIANO,Velina Fabbiano,"одежда, аксессуары",Китай,,,15A39,,"Мода и стиль; женская, мужская и детская одежда; аксессуары; текстиль",,VELINA FABBIANO,,,+7 495 955 91 99,https://md.expodat.com/companies/company/40305-velina-fabbiano.html,40305,VELINA FABBIANO | Китай | 15A39,parsed_detail,,2026-08-24T05:45:15Z,cpm-moscow-autumn-2026-expodat-signo-v1.0.1,expodat_cpm_2026_autumn_public_catalog,028d960dd33cfc1308fe4bed566edc1daf2f592de01bbc673a43cc898b18f0d9,
CPM – Collection Première Moscow Осень 2026,1–4 сентября 2026,VELOCITY,Velocity,"детская одежда, текстиль и трикотаж, одежда",Россия,,,14C38,,"Мода и стиль; женская, мужская и детская одежда; аксессуары; текстиль","VELOCITY – российский бренд одежды, созданный в 2003 г. Основа бренда – качественная одежда в стиле Casual для мужчин. В коллекциях бренда можно составить полноценный образ, в котором будет комфортно в офисе и в кругу семьи и друзей. VELOCITY – российский бренд одежды, созданный в 2003 г. Основа бренда – качественная одежда в стиле Casual для мужчин. В коллекциях бренда можно составить полноценный образ, в котором будет комфортно в офисе и в кругу семьи и друзей. VELOCITY – больше, чем одежда Мы создаём стиль для мужчин, которые ценят качество, комфорт и уверенность в каждом дне. Наши коллекции сочетают актуальный дизайн, натуральные по составу изделия и идеальную посадку. Velocity — это уникальные модели собственной разработки, которые соответствуют последним трендам и отражают актуальный стиль мужской моды. Факты, которые говорят сами за себя: - Более 1000 оптовых клиентов по всей России и СНГ; - Присутствие более чем в 250 городах на полках ведущих мультибрендовых магазинов; - Представлены в крупнейших ТЦ премиального класса; - Ассортимент, закрывающий ключевые потребности мужского гардероба: верхняя одежда, трикотаж, рубашки, джинсы, брюки (линейка уникальных изделий Polyring). Двадцать лет назад, в 2003 году, основатели VELOCITY задались целью создать идеальные по цене и качеству джинсы. Тщательные поиски привели к работе с полирингом — джинсовой тканью с вискозной нитью. Благодаря мягкости и прочности вещи быстро стали хитом: за пять лет стартап превратился в бренд с широким ассортиментом и преданными покупателями. VELOCITY не только производит стильные и комфортные вещи, позволяющие оставаться в тренде, но и берет на себя корпоративную социальную ответственность — помогает детским домам, беженцам и людям, оказавшимся в трудной ситуации. Исповедовать вечные ценности и держать руку на пульсе последних модных тенденций компании удается в рамках своей миссии. VELOCITY переводится как «скорость» — бренд спешит жить, брать от жизни как можно больше нового опыта и эмоций, — и делиться ими с окружающими. Выдерживать такой темп позволяет удобная и комфортная одежда, которая, благодаря своему классическому крою, всегда будет к месту. Вещи VELOCITY занимают достойное место в гардеробе на долгие годы — ведь они изготовлены из натуральных тканей по лекалам, обеспечивающим идеальную посадку на любой тип фигуры. Джинсы, рубашки, юбки, платья — из сезонных коллекций бренда можно составить прочную базу для гардероба на много лет. VELOCITY придерживается политики устойчивого развития и разумного потребления. Пусть наша жизнь наполнена новыми впечатлениями и планами, которые ежесекундно меняются, — в ней всегда будет место неизменным вещам и верой в завтрашний день. Время идет, мода совершенствуется, но качественные джинсы VELOCITY остаются всегда.",VELOCITY,https://velocityopt.ru/,sale@velocity.ru,+7 495 955 91 99,https://md.expodat.com/companies/company/21426-velocity.html,21426,"VELOCITY | Россия | 14C38 | VELOCITY – российский бренд одежды, созданный в 2003 г. Основа бренда – качественная одежда в стиле Casual для мужчин. В коллекциях бренда можно составить полноценный образ, в котором будет комфортно в офисе и в кругу семьи и друзей. VELOCITY – российский бренд одежды, созданный в 2003 г. Основа бренда – качественная одежда в стиле Casual для мужчин. В коллекциях бренда можно составить полноценный образ, в котором будет комфортно в офисе и в кругу семьи и друзей. VELOCITY – больше, чем одежда Мы создаём стиль для мужчин, которые ценят качество, комфорт и уверенность в каждом дне. Наши коллекции сочетают актуальный дизайн, натуральные по составу изделия и идеальную посадку. Velocity — это уникальные модели собственной разработки, которые соответствуют последним трендам и отражают актуальный стиль мужской моды. Факты, которые говорят сами за себя: - Более 1000 оптовых клиентов по всей России и СНГ; - Присутствие более чем в 250 городах на полках ведущих мультибрендовых магазинов; - Представлены в крупнейших ТЦ премиального класса; - Ассортимент, закрывающий ключевые потребности мужского гардероба: верхняя одежда, трикотаж, рубашки, джинсы, брюки (линейка у",parsed_detail,,2026-08-24T05:45:15Z,cpm-moscow-autumn-2026-expodat-signo-v1.0.1,expodat_cpm_2026_autumn_public_catalog,c5c59142a85b20c669ad1626561f16f189d4f4de37635f4a55349c2963aad5f6,
CPM – Collection Première Moscow Осень 2026,1–4 сентября 2026,Ventura Garments,Ventura Garments,одежда,Индия,,,14C77,,"Мода и стиль; женская, мужская и детская одежда; аксессуары; текстиль",,Ventura Garments,,,+7 495 955 91 99,https://md.expodat.com/companies/company/41428-ventura-garments.html,41428,Ventura Garments | Индия | 14C77,parsed_detail,,2026-08-24T05:45:15Z,cpm-moscow-autumn-2026-expodat-signo-v1.0.1,expodat_cpm_2026_autumn_public_catalog,97f9681bc0d1e4a226ee88a70b8311245918ba0b08e04ff38a6c63ab229aa865,
CPM – Collection Première Moscow Осень 2026,1–4 сентября 2026,VERETENO,Vereteno,"аксессуары, текстиль и трикотаж, одежда",Россия,,,15A64,,"Мода и стиль; женская, мужская и детская одежда; аксессуары; текстиль","VERETENO - это: - легко комплектуемая одежда для женщин, свободных от диктата возраста, для тех, кому нужна одежда с элементами продуманного дизайнерского сумасшествия; - имиджевые коллекции и мелкосерийное производство авторских женских коллекций класса pret-a-porter; - качественная одежда, удачно соединяющая авторский стиль и тенденции моды; - эксклюзивная, малотиражная одежда; - совмещение промышленных технологий с ручными приёмами (имитация ручного стежка, необработанный край, авторские аппликации, вышивки); - ткани из натуральных и комбинированных волокон; - эксклюзивная линия трикотажа и аксессуаров. VERETENO - это: - легко комплектуемая одежда для женщин, свободных от диктата возраста, для тех, кому нужна одежда с элементами продуманного дизайнерского сумасшествия; - имиджевые коллекции и мелкосерийное производство авторских женских коллекций класса pret-a-porter; - качественная одежда, удачно соединяющая авторский стиль и тенденции моды; - эксклюзивная, малотиражная одежда; - совмещение промышленных технологий с ручными приёмами (имитация ручного стежка, необработанный край, авторские аппликации, вышивки); - ткани из натуральных и комбинированных волокон; - эксклюзивная линия трикотажа и аксессуаров. ПРЕИМУЩЕСТВА бренда: - необычный ассортимент: жакеты-палантины, накидки-трансформеры, юбки-брюки и т.д. - отличная посадка на весь размерный ряд от 42 до 52-го, так как все модели отшиваются на реальную женщину, а не манекенщицу. Хороший крой - минус 5 кг, удачный фасон - минус 5 лет; - художники марки тщательно продумывают стилистическую и цветовую преемственность коллекций, что позволяет комбинировать вещи из разных сезонов; - демократичные цены, скидки, акции, подарки и лотереи.",VERETENO,http://www.vereteno-fashion.ru,vereteno@vereteno.biz,+7 495 955 91 99,https://md.expodat.com/companies/company/24099-vereteno.html,24099,"VERETENO | Россия | 15A64 | VERETENO - это: - легко комплектуемая одежда для женщин, свободных от диктата возраста, для тех, кому нужна одежда с элементами продуманного дизайнерского сумасшествия; - имиджевые коллекции и мелкосерийное производство авторских женских коллекций класса pret-a-porter; - качественная одежда, удачно соединяющая авторский стиль и тенденции моды; - эксклюзивная, малотиражная одежда; - совмещение промышленных технологий с ручными приёмами (имитация ручного стежка, необработанный край, авторские аппликации, вышивки); - ткани из натуральных и комбинированных волокон; - эксклюзивная линия трикотажа и аксессуаров. VERETENO - это: - легко комплектуемая одежда для женщин, свободных от диктата возраста, для тех, кому нужна одежда с элементами продуманного дизайнерского сумасшествия; - имиджевые коллекции и мелкосерийное производство авторских женских коллекций класса pret-a-porter; - качественная одежда, удачно соединяющая авторский стиль и тенденции моды; - эксклюзивная, малотиражная одежда; - совмещение промышленных технологий с ручными приёмами (имитация ручного стежка, необработанный край, авторские аппликации, вышивки); - ткани из натуральных и комбинированных",parsed_detail,,2026-08-24T05:45:15Z,cpm-moscow-autumn-2026-expodat-signo-v1.0.1,expodat_cpm_2026_autumn_public_catalog,1208333daa533a53a0e4ac49b9ea1bbcfe9ca7e4a53a3e1add5b87246676dc17,
CPM – Collection Première Moscow Осень 2026,1–4 сентября 2026,VESCHI,Veschi,"одежда, аксессуары",,,,15A24,,"Мода и стиль; женская, мужская и детская одежда; аксессуары; текстиль",,VESCHI,,,+7 495 955 91 99,https://md.expodat.com/companies/company/40780-veschi.html,40780,VESCHI | 15A24,parsed_detail,,2026-08-24T05:45:15Z,cpm-moscow-autumn-2026-expodat-signo-v1.0.1,expodat_cpm_2026_autumn_public_catalog,b09d582083c1c0cce4464709585f76c05d371921ab1c888c9189f2758ffec7ff,
CPM – Collection Première Moscow Осень 2026,1–4 сентября 2026,VETONO,Vetono,одежда,Германия,,,13C20 / 13D21,,"Мода и стиль; женская, мужская и детская одежда; аксессуары; текстиль","VETONO — немецкий бренд, соблюдающий строгие стандарты качества при производстве своей одежды. Немецкое мастерство славится своей точностью и вниманием к деталям, и это видно по одежде марки. Бренд гарантирует, что каждое изделие изготовлено с особой тщательностью и соответствует самым высоким стандартам качества.",VETONO,,,+7 495 955 91 99,https://md.expodat.com/companies/company/25888-vetono.html,25888,"VETONO | Германия | 13C20 / 13D21 | VETONO — немецкий бренд, соблюдающий строгие стандарты качества при производстве своей одежды. Немецкое мастерство славится своей точностью и вниманием к деталям, и это видно по одежде марки. Бренд гарантирует, что каждое изделие изготовлено с особой тщательностью и соответствует самым высоким стандартам качества.",parsed_detail,,2026-08-24T05:45:15Z,cpm-moscow-autumn-2026-expodat-signo-v1.0.1,expodat_cpm_2026_autumn_public_catalog,91427932d9e8f73f00e5979abe0516a08ac9ddb4434b5d8f6dc0956cda986ac4,
CPM – Collection Première Moscow Осень 2026,1–4 сентября 2026,VILATTE,Vilatte,"текстиль и трикотаж, одежда",Россия,,,15C20,,"Мода и стиль; женская, мужская и детская одежда; аксессуары; текстиль","Одежда VILATTE – это европейский уровень по российской цене. Наша миссия – создавать дорогой образ, который может себе позволить каждый без переплат! Натуральные материалы используются в 85% нашей продукции: премиальный хлопок, лен,шерсть, кашемир, а также высокотехнологичные материалы: вискоза и лиоцелл. Одежда VILATTE – это европейский уровень по российской цене. Наша миссия – создавать дорогой образ, который может себе позволить каждый без переплат! Натуральные материалы используются в 85% нашей продукции: премиальный хлопок, лен,шерсть, кашемир, а также высокотехнологичные материалы: вискоза и лиоцелл. Мы знаем вкусы и типы фигур российского потребителя, и создаем модели, тщательно продумывая посадку. Поэтому наша размерная шкала одна их самых широких среди брендов! Наши дизайнеры постоянно следят за новейшими модными трендами. Ассортимент наших коллекций закрывает потребности любого гардероба.",VILATTE,https://opt.vilatte.ru/,info@vilatte.ru,8-804-700-20-66,https://md.expodat.com/companies/company/29281-vilatte.html,29281,"VILATTE | Россия | 15C20 | Одежда VILATTE – это европейский уровень по российской цене. Наша миссия – создавать дорогой образ, который может себе позволить каждый без переплат! Натуральные материалы используются в 85% нашей продукции: премиальный хлопок, лен,шерсть, кашемир, а также высокотехнологичные материалы: вискоза и лиоцелл. Одежда VILATTE – это европейский уровень по российской цене. Наша миссия – создавать дорогой образ, который может себе позволить каждый без переплат! Натуральные материалы используются в 85% нашей продукции: премиальный хлопок, лен,шерсть, кашемир, а также высокотехнологичные материалы: вискоза и лиоцелл. Мы знаем вкусы и типы фигур российского потребителя, и создаем модели, тщательно продумывая посадку. Поэтому наша размерная шкала одна их самых широких среди брендов! Наши дизайнеры постоянно следят за новейшими модными трендами. Ассортимент наших коллекций закрывает потребности любого гардероба. | https://opt.vilatte.ru/ | info@vilatte.ru",parsed_detail,,2026-08-24T05:45:15Z,cpm-moscow-autumn-2026-expodat-signo-v1.0.1,expodat_cpm_2026_autumn_public_catalog,eea0a487baa4b0ec7cb65c2b740722484e2d1b3b653815821443839188052839,
CPM – Collection Première Moscow Осень 2026,1–4 сентября 2026,VINCENTE,Vincente,изделия из кожи и меха,Россия,,,14E50,,"Мода и стиль; женская, мужская и детская одежда; аксессуары; текстиль","Наше производство более 10 лет занимается пошивом меховых изделий используя мех - куницы, соболя, норки и бобра. А так же отшиваем варежки, пледы и головные уборы.",VINCENTE,,lgoop.69@mail.ru,8 918 441 22 83,https://md.expodat.com/companies/company/39089-vincente.html,39089,"VINCENTE | Россия | 14E50 | Наше производство более 10 лет занимается пошивом меховых изделий используя мех - куницы, соболя, норки и бобра. А так же отшиваем варежки, пледы и головные уборы. | lgoop.69@mail.ru",parsed_detail,,2026-08-24T05:45:15Z,cpm-moscow-autumn-2026-expodat-signo-v1.0.1,expodat_cpm_2026_autumn_public_catalog,4b0cbf4422db818df72e97221af6050e46988296170b7dce63f6e34619f28112,
CPM – Collection Première Moscow Осень 2026,1–4 сентября 2026,VINTAGE PLUS,Vintage Plus,"одежда, аксессуары",Россия,,,15B38,,"Мода и стиль; женская, мужская и детская одежда; аксессуары; текстиль",,VINTAGE PLUS,http://www.vintageplus.ru,,+7 495 955 91 99,https://md.expodat.com/companies/company/20844-vintage-plus.html,20844,VINTAGE PLUS | Россия | 15B38 | http://www.vintageplus.ru,parsed_detail,,2026-08-24T05:45:15Z,cpm-moscow-autumn-2026-expodat-signo-v1.0.1,expodat_cpm_2026_autumn_public_catalog,d06c3bf803be5e20ed6a307864e1d131b4a6e6336894c997d132a0e2fd4c9d0a,
CPM – Collection Première Moscow Осень 2026,1–4 сентября 2026,VIP STENDO,Vip Stendo,одежда,Турция,,,14A41,,"Мода и стиль; женская, мужская и детская одежда; аксессуары; текстиль","Vip Stendo Который как известно, начал свою деятельность в 1985 году, первоначально представляла услуги под названием Öztaşlar Triko, в 2014 году сменила названия на нынешнию. С самого начала Компания Vip Stendo, предоставляет качественную и доступную услугу, а ещё объединила концепцию, спорта и элегантность в мужской одежде. Vip Stendo Который как известно, начал свою деятельность в 1985 году, первоначально представляла услуги под названием Öztaşlar Triko, в 2014 году сменила названия на нынешнию. С самого начала Компания Vip Stendo, предоставляет качественную и доступную услугу, а ещё объединила концепцию, спорта и элегантность в мужской одежде. Vip Stendo Которая сумела стать, одним из ведущих имён в секторе мужской уличной и спортивной стильной одежды, предлагает услуги своих физических магазинах, на Лалели в Стамбуле, также начала предоставлять услуги на своём Веб-сайте Электронной коммерции, где она предлагает хороший вариант для доставки и оплаты. Vip Stendo Осуществляет доставку по всему миру в кратчайшие сроки, и имеет производственную мощность 1 200 000 единиц, в основном предлагает: Рубашки, Футболки, Джемперы, Спортивные костюмы, Кардиганы, Шорты, Брюки, и Джинсы, как женские, так и мужские коллекции..",VIP STENDO,https://www.vipstendo.com,info@vipstendo.com; nkarabulut@nacikarabulut.com,+905324086505,https://md.expodat.com/companies/company/31106-vip-stendo.html,31106,"VIP STENDO | Турция | 14A41 | Vip Stendo Который как известно, начал свою деятельность в 1985 году, первоначально представляла услуги под названием Öztaşlar Triko, в 2014 году сменила названия на нынешнию. С самого начала Компания Vip Stendo, предоставляет качественную и доступную услугу, а ещё объединила концепцию, спорта и элегантность в мужской одежде. Vip Stendo Который как известно, начал свою деятельность в 1985 году, первоначально представляла услуги под названием Öztaşlar Triko, в 2014 году сменила названия на нынешнию. С самого начала Компания Vip Stendo, предоставляет качественную и доступную услугу, а ещё объединила концепцию, спорта и элегантность в мужской одежде. Vip Stendo Которая сумела стать, одним из ведущих имён в секторе мужской уличной и спортивной стильной одежды, предлагает услуги своих физических магазинах, на Лалели в Стамбуле, также начала предоставлять услуги на своём Веб-сайте Электронной коммерции, где она предлагает хороший вариант для доставки и оплаты. Vip Stendo Осуществляет доставку по всему миру в кратчайшие сроки, и имеет производственную мощность 1 200 000 единиц, в основном предлагает: Рубашки, Футболки, Джемперы, Спортивные костюмы, Кардиганы,",parsed_detail,,2026-08-24T05:45:15Z,cpm-moscow-autumn-2026-expodat-signo-v1.0.1,expodat_cpm_2026_autumn_public_catalog,ac7573887aac205c3960c9e9366fc511158490557c949cd94120e5e003b1577e,
CPM – Collection Première Moscow Осень 2026,1–4 сентября 2026,VIRA PLOTNIKOVA,Vira Plotnikova,"изделия из кожи и меха, текстиль и трикотаж",Россия,,,14D10,,"Мода и стиль; женская, мужская и детская одежда; аксессуары; текстиль","Vira Potnikova — шубки Teddy не имеющие аналогов в России по уровню качества пошива и сырья. Фабрика работает под девизом: ""Если вы видите идеальную шубку Teddy, значит, её сделали мы!"" OEM / ODM Vira Plotnikova выпускает собственные коллекции и много работает в рамках контрактного производства. Vira Potnikova — шубки Teddy не имеющие аналогов в России по уровню качества пошива и сырья. Фабрика работает под девизом: ""Если вы видите идеальную шубку Teddy, значит, её сделали мы!"" OEM / ODM Vira Plotnikova выпускает собственные коллекции и много работает в рамках контрактного производства. Коллекции под брендом Vira Plotnikova постоянно пополняются, плавно перетекая одна в другую, сохраняя бестселлеры и вводя новинки. К сезону 2025-2026 - это 150 новых цветомоделей в товарной категории PREMIUM и 30 цветомоделей в товарной категории PROMO. А также новая категория бестселлеров - объёмная капсула шуб из люкс-полиэстера. Vira Plotnikova - единственная в стране фабрика, специализирующаяся на Merino WoolFur, премиальном четырёхслойном шерстяном мехе, состав ворса которого 100% шерсть мериноса. Более 25-ти фактур и 45-ти цветов шерстяного меха формируют крайне разнообразный ассортимент и широчайшее поле для дизайнерской мысли. Условия сотрудничества: - минимальная партия по каталогу Vira Plotnikova - от 20 единиц min по 3 шт на цветомодель; - минимальная партия моделей индивидуальной разработки - от 30 единиц на цветомодель; - выполнение заказа на модели индивидуальной разработки в зависимости от величины партии, очерёдности и сезона - от 1 до 6 месяцев с момента внесения предоплаты и утверждения образца-эталона; - разработка образца-эталона от 14 дней; - размер предоплаты - от 50%, на изделия с открытого склада - 100%. Фабрика готова предоставить собственные проверенные конструкции, построить лекала по техническому заданию заказчика, внести правки в лекала. Высококлассный конструктор с огромным опытом работы обеспечит идеальную посадку изделия. Шубки Teddy - высокомаржинальный и востребованный товар, который позволяет зарабатывать больше! ​​​​​​​",VIRA PLOTNIKOVA,https://viraplotnikova.com,info@viraplotnikova.com,+79221033466,https://md.expodat.com/companies/company/20847-vira-plotnikova.html,20847,"VIRA PLOTNIKOVA | Россия | 14D10 | Vira Potnikova — шубки Teddy не имеющие аналогов в России по уровню качества пошива и сырья. Фабрика работает под девизом: ""Если вы видите идеальную шубку Teddy, значит, её сделали мы!"" OEM / ODM Vira Plotnikova выпускает собственные коллекции и много работает в рамках контрактного производства. Vira Potnikova — шубки Teddy не имеющие аналогов в России по уровню качества пошива и сырья. Фабрика работает под девизом: ""Если вы видите идеальную шубку Teddy, значит, её сделали мы!"" OEM / ODM Vira Plotnikova выпускает собственные коллекции и много работает в рамках контрактного производства. Коллекции под брендом Vira Plotnikova постоянно пополняются, плавно перетекая одна в другую, сохраняя бестселлеры и вводя новинки. К сезону 2025-2026 - это 150 новых цветомоделей в товарной категории PREMIUM и 30 цветомоделей в товарной категории PROMO. А также новая категория бестселлеров - объёмная капсула шуб из люкс-полиэстера. Vira Plotnikova - единственная в стране фабрика, специализирующаяся на Merino WoolFur, премиальном четырёхслойном шерстяном мехе, состав ворса которого 100% шерсть мериноса. Более 25-ти фактур и 45-ти цветов шерстяного меха формируют кра",parsed_detail,,2026-08-24T05:45:15Z,cpm-moscow-autumn-2026-expodat-signo-v1.0.1,expodat_cpm_2026_autumn_public_catalog,65e89d42cf927afac43ebb5b779c6e9f65064b801f8e7a8680f7938119bf2edc,
CPM – Collection Première Moscow Осень 2026,1–4 сентября 2026,VIRGI STYLE,Virgi Style,одежда,Россия,,,14G48,,"Мода и стиль; женская, мужская и детская одежда; аксессуары; текстиль","Российское предприятие — производитель современной женской одежды — компания “Virgi-style” с 2002 года успешно разрабатывает и изготавливает каждый сезон несколько новых коллекций одежды. Мы предлагаем широкий ассортимент моделей высокого качества, оптовые конкурентоспособные цены, свободную комплектацию размерных линеек и фирменные лекала, ориентированные на потребности российских покупательниц. Российское предприятие — производитель современной женской одежды — компания “Virgi-style” с 2002 года успешно разрабатывает и изготавливает каждый сезон несколько новых коллекций одежды. Мы предлагаем широкий ассортимент моделей высокого качества, оптовые конкурентоспособные цены, свободную комплектацию размерных линеек и фирменные лекала, ориентированные на потребности российских покупательниц. Экспериментальный цех, существующий на предприятии, отслеживает модные тенденции и изменения покупательского спроса, что позволяет компании быстро реагировать на изменения рынка и учитывать все потребности покупателей, чтобы повысить продажи и сократить несезонные периоды. На предприятии внедрена система автоматизированного проектирования, что позволяет ускорить обновление модельного ряда и получить идеально точные лекала и крой. Вся лекальная база разработана в соответствии с Российскими стандартами и размерами. Высокое качество, современные технологии производства, модный дизайн изделий и постоянное обновление коллекций позволяет нашим партнерам — розничным продавцам занимать устойчивое положение на рынке женской одежды. На предприятии разработаны фирменные нашивки и этикетки, что делает продукцию узнаваемой и выделяет наши изделия из ассортимента, представленного на рынке. Индивидуальная упаковка каждого изделия облегчает учет и транспортировку. Для удобства покупателей, более четкого и детального представления о нашей продукции мы проводим профессиональные студийные фотосессии. Мы уделяем большое внимание технологическому процессу, что позволяет изделиям не только привлекательно выглядеть, но и сохранять потребительские свойства на протяжении всего периода эксплуатации. Обратная связь с нашими оптовыми заказчиками дает возможность учесть их предложения и пожелания при разработке новых коллекций. Наши коллекции женской одежды — хорошая возможность для развития и продвижения вашего бизнеса.",VIRGI STYLE,https://www.virgi-style.ru/,virgi-style@mail.ru,+7 495 955 91 99,https://md.expodat.com/companies/company/18951-virgi-style.html,18951,"VIRGI STYLE | Россия | 14G48 | Российское предприятие — производитель современной женской одежды — компания “Virgi-style” с 2002 года успешно разрабатывает и изготавливает каждый сезон несколько новых коллекций одежды. Мы предлагаем широкий ассортимент моделей высокого качества, оптовые конкурентоспособные цены, свободную комплектацию размерных линеек и фирменные лекала, ориентированные на потребности российских покупательниц. Российское предприятие — производитель современной женской одежды — компания “Virgi-style” с 2002 года успешно разрабатывает и изготавливает каждый сезон несколько новых коллекций одежды. Мы предлагаем широкий ассортимент моделей высокого качества, оптовые конкурентоспособные цены, свободную комплектацию размерных линеек и фирменные лекала, ориентированные на потребности российских покупательниц. Экспериментальный цех, существующий на предприятии, отслеживает модные тенденции и изменения покупательского спроса, что позволяет компании быстро реагировать на изменения рынка и учитывать все потребности покупателей, чтобы повысить продажи и сократить несезонные периоды. На предприятии внедрена система автоматизированного проектирования, что позволяет ускорить обно",parsed_detail,,2026-08-24T05:45:15Z,cpm-moscow-autumn-2026-expodat-signo-v1.0.1,expodat_cpm_2026_autumn_public_catalog,31f36d586db7eaf4d1595b6138ea1f64cf0aef6083d5a871b2d2cf1a710fa860,
CPM – Collection Première Moscow Осень 2026,1–4 сентября 2026,"VISION RISE (SHENZHEN) IMPORT AND EXPORT CO., LTD.","Vision Rise (Shenzhen) Import And Export Co., Ltd.","одежда, аксессуары",Китай,,,15C58,,"Мода и стиль; женская, мужская и детская одежда; аксессуары; текстиль","VISION RISE (SHENZHEN) IMPORT AND EXPORT CO., LTD.","VISION RISE (SHENZHEN) IMPORT AND EXPORT CO., LTD.",,morris@mcegroup.com,+ 86-755-8670 3010,https://md.expodat.com/companies/company/41053-vision-rise-shenzhen-import-and-export-co-ltd.html,41053,"VISION RISE (SHENZHEN) IMPORT AND EXPORT CO., LTD. | Китай | 15C58 | VISION RISE (SHENZHEN) IMPORT AND EXPORT CO., LTD. | morris@mcegroup.com",parsed_detail,,2026-08-24T05:45:15Z,cpm-moscow-autumn-2026-expodat-signo-v1.0.1,expodat_cpm_2026_autumn_public_catalog,7f6f1cee38f3ab5b655c16b62cdaedb6b2e939ad941dcee2517098ced332eddb,
CPM – Collection Première Moscow Осень 2026,1–4 сентября 2026,"VISION RISE (SHENZHEN) IMPORT AND EXPORT CO., LTD.","Vision Rise (Shenzhen) Import And Export Co., Ltd.","одежда, аксессуары",Китай,,,15C60,,"Мода и стиль; женская, мужская и детская одежда; аксессуары; текстиль","VISION RISE (SHENZHEN) IMPORT AND EXPORT CO., LTD.","VISION RISE (SHENZHEN) IMPORT AND EXPORT CO., LTD.",,morris@mcegroup.com,+ 86-755-8670 3010,https://md.expodat.com/companies/company/41056-vision-rise-shenzhen-import-and-export-co-ltd.html,41056,"VISION RISE (SHENZHEN) IMPORT AND EXPORT CO., LTD. | Китай | 15C60 | VISION RISE (SHENZHEN) IMPORT AND EXPORT CO., LTD. | morris@mcegroup.com",parsed_detail,,2026-08-24T05:45:15Z,cpm-moscow-autumn-2026-expodat-signo-v1.0.1,expodat_cpm_2026_autumn_public_catalog,16aac293d22ee96ab6dbc88bb1b2104fb27e9b70d0931d6f308a48a2709fe8ac,
CPM – Collection Première Moscow Осень 2026,1–4 сентября 2026,"VISION RISE (SHENZHEN) IMPORT AND EXPORT CO., LTD.","Vision Rise (Shenzhen) Import And Export Co., Ltd.","одежда, аксессуары",Китай,,,15C61,,"Мода и стиль; женская, мужская и детская одежда; аксессуары; текстиль","VISION RISE (SHENZHEN) IMPORT AND EXPORT CO., LTD.","VISION RISE (SHENZHEN) IMPORT AND EXPORT CO., LTD.",,morris@mcegroup.com,+ 86-755-8670 3010,https://md.expodat.com/companies/company/41059-vision-rise-shenzhen-import-and-export-co-ltd.html,41059,"VISION RISE (SHENZHEN) IMPORT AND EXPORT CO., LTD. | Китай | 15C61 | VISION RISE (SHENZHEN) IMPORT AND EXPORT CO., LTD. | morris@mcegroup.com",parsed_detail,,2026-08-24T05:45:15Z,cpm-moscow-autumn-2026-expodat-signo-v1.0.1,expodat_cpm_2026_autumn_public_catalog,1c084d059c133e25706893513817dfa760560b8e1a944548591e29d01cc4b181,
CPM – Collection Première Moscow Осень 2026,1–4 сентября 2026,VISION TECHNOLOGY,Vision Technology,"аксессуары, изделия из кожи и меха, текстиль и трикотаж",Россия,,,15C35,,"Мода и стиль; женская, мужская и детская одежда; аксессуары; текстиль","- Основное направление деятельности компании - оптовая торговля аксессуарами: кожаные и трикотажные перчатки, головные уборы, солнцезащитные очки.",VISION TECHNOLOGY,,s7773344@gmail.com; ooosuncity.62@gmail.com,+9037773344,https://md.expodat.com/companies/company/37175-havvs.html,37175,"VISION TECHNOLOGY | Россия | 15C35 | - Основное направление деятельности компании - оптовая торговля аксессуарами: кожаные и трикотажные перчатки, головные уборы, солнцезащитные очки. | s7773344@gmail.com; ooosuncity.62@gmail.com",parsed_detail,,2026-08-24T05:45:15Z,cpm-moscow-autumn-2026-expodat-signo-v1.0.1,expodat_cpm_2026_autumn_public_catalog,2128d39852d07f28a3f0f54b160bec60c228ce88e85c83075bcc9089d8d4624a,
CPM – Collection Première Moscow Осень 2026,1–4 сентября 2026,VIVA DOLCE VITA,Viva Dolce Vita,"одежда, аксессуары",,,,13E48,,"Мода и стиль; женская, мужская и детская одежда; аксессуары; текстиль",,VIVA DOLCE VITA,,,+7 495 955 91 99,https://md.expodat.com/companies/company/41407-viva-dolce-vita.html,41407,VIVA DOLCE VITA | 13E48,parsed_detail,,2026-08-24T05:45:15Z,cpm-moscow-autumn-2026-expodat-signo-v1.0.1,expodat_cpm_2026_autumn_public_catalog,4eaffe7d1e05084765c3b8ed4a49a2a264eb1dc4dad4d10a2b426d4101bfb178,
CPM – Collection Première Moscow Осень 2026,1–4 сентября 2026,VİVENTO,Vi̇vento,"одежда, аксессуары",Турция,,,14B39,,"Мода и стиль; женская, мужская и детская одежда; аксессуары; текстиль",,VİVENTO,http://www.viventotextile.com,,+7 495 955 91 99,https://md.expodat.com/companies/company/19356-vi-vento.html,19356,VİVENTO | Турция | 14B39 | http://www.viventotextile.com,parsed_detail,,2026-08-24T05:45:15Z,cpm-moscow-autumn-2026-expodat-signo-v1.0.1,expodat_cpm_2026_autumn_public_catalog,5bf839ae994e047984f09025af394717a14dd494f2c20d68de6aa808a8ecfc49,
CPM – Collection Première Moscow Осень 2026,1–4 сентября 2026,Vloes,Vloes,"одежда, аксессуары",Россия,,,15B79,,"Мода и стиль; женская, мужская и детская одежда; аксессуары; текстиль",,Vloes,http://www.vloes.ru,,+7 495 955 91 99,https://md.expodat.com/companies/company/21828-vloes.html,21828,Vloes | Россия | 15B79 | http://www.vloes.ru,parsed_detail,,2026-08-24T05:45:15Z,cpm-moscow-autumn-2026-expodat-signo-v1.0.1,expodat_cpm_2026_autumn_public_catalog,a66e4ae151eddc61b93528d797e4f9b028e4448a7dc44cafeca4aee313e94823,
CPM – Collection Première Moscow Осень 2026,1–4 сентября 2026,VOMILOV,Vomilov,"одежда, аксессуары",Китай,,,15D41,,"Мода и стиль; женская, мужская и детская одежда; аксессуары; текстиль",VOMILOV,VOMILOV,,,+7 495 955 91 99,https://md.expodat.com/companies/company/41098-vomilov.html,41098,VOMILOV | Китай | 15D41 | VOMILOV,parsed_detail,,2026-08-24T05:45:15Z,cpm-moscow-autumn-2026-expodat-signo-v1.0.1,expodat_cpm_2026_autumn_public_catalog,d08b44c096a3e17980981bdfd59d39597e5727d278197ad441fa4908821fed96,
CPM – Collection Première Moscow Осень 2026,1–4 сентября 2026,VЭSS,VЭSS,"одежда, аксессуары",Россия,,,15B61,,"Мода и стиль; женская, мужская и детская одежда; аксессуары; текстиль",,VЭSS,,,+7 495 955 91 99,https://md.expodat.com/companies/company/37205-vess.html,37205,VЭSS | Россия | 15B61,parsed_detail,,2026-08-24T05:45:15Z,cpm-moscow-autumn-2026-expodat-signo-v1.0.1,expodat_cpm_2026_autumn_public_catalog,4fd0547ef6e40410b6bbc4f67384d60597cd72690c3369d0cbcb3ac27e4b48cb,
CPM – Collection Première Moscow Осень 2026,1–4 сентября 2026,"WEBEST INTERLINING (NANTONG) CO.,LTD","Webest Interlining (Nantong) Co.,Ltd","одежда, аксессуары",Китай,,,15E63,,"Мода и стиль; женская, мужская и детская одежда; аксессуары; текстиль","WEBEST INTERLINING (NANTONG) CO.,LTD","WEBEST INTERLINING (NANTONG) CO.,LTD",,,+7 495 955 91 99,https://md.expodat.com/companies/company/41236-webest-interlining-nantong-co-ltd.html,41236,"WEBEST INTERLINING (NANTONG) CO.,LTD | Китай | 15E63 | WEBEST INTERLINING (NANTONG) CO.,LTD",parsed_detail,,2026-08-24T05:45:15Z,cpm-moscow-autumn-2026-expodat-signo-v1.0.1,expodat_cpm_2026_autumn_public_catalog,8fdf759efbbc39fd8aecfd84cd93a4eb42086a023f46313c020a034430d8250b,
CPM – Collection Première Moscow Осень 2026,1–4 сентября 2026,"WEIFANG MISHANG TECHNOLOGY CO., LTD (MISHANG)","Weifang Mishang Technology Co., Ltd (Mishang)","одежда, аксессуары",Китай,,,15D49,,"Мода и стиль; женская, мужская и детская одежда; аксессуары; текстиль","WEIFANG MISHANG TECHNOLOGY CO., LTD (MISHANG)","WEIFANG MISHANG TECHNOLOGY CO., LTD (MISHANG)",,mishangfashion@163.com,+86-15668119813,https://md.expodat.com/companies/company/41110-weifang-mishang-technology-co-ltd-mishang.html,41110,"WEIFANG MISHANG TECHNOLOGY CO., LTD (MISHANG) | Китай | 15D49 | WEIFANG MISHANG TECHNOLOGY CO., LTD (MISHANG) | mishangfashion@163.com",parsed_detail,,2026-08-24T05:45:15Z,cpm-moscow-autumn-2026-expodat-signo-v1.0.1,expodat_cpm_2026_autumn_public_catalog,35f25e1ad8708e94b5b4e0641a545a4f91804eb2c4a59646cfb94ce605752e2c,
CPM – Collection Première Moscow Осень 2026,1–4 сентября 2026,"WEIHAI BURGEON GARMENT CO.,LTD","Weihai Burgeon Garment Co.,Ltd",одежда,Китай,,,13D52,,"Мода и стиль; женская, мужская и детская одежда; аксессуары; текстиль",WEIHAI BOZHEN GARMENT CO.LTD,"WEIHAI BURGEON GARMENT CO.,LTD",,,+7 495 955 91 99,https://md.expodat.com/companies/company/40936-weihai-bozhen-garment-co-ltd.html,40936,"WEIHAI BURGEON GARMENT CO.,LTD | Китай | 13D52 | WEIHAI BOZHEN GARMENT CO.LTD",parsed_detail,,2026-08-24T05:45:15Z,cpm-moscow-autumn-2026-expodat-signo-v1.0.1,expodat_cpm_2026_autumn_public_catalog,df9cd568b090e931611c5c61dd542afe520279d0f67e9ff8ef1afd5225364964,
CPM – Collection Première Moscow Осень 2026,1–4 сентября 2026,"WENZHOU BRIGHTSUN IMPORT&EXPORT CORP.,LTD","Wenzhou Brightsun Import&Export Corp.,Ltd","одежда, аксессуары",Китай,,,15F49,,"Мода и стиль; женская, мужская и детская одежда; аксессуары; текстиль","WENZHOU BRIGHTSUN IMPORT&EXPORT CORP.,LTD","WENZHOU BRIGHTSUN IMPORT&EXPORT CORP.,LTD",,,+7 495 955 91 99,https://md.expodat.com/companies/company/41356-wenzhou-brightsun-import-export-corp-ltd.html,41356,"WENZHOU BRIGHTSUN IMPORT&EXPORT CORP.,LTD | Китай | 15F49 | WENZHOU BRIGHTSUN IMPORT&EXPORT CORP.,LTD",parsed_detail,,2026-08-24T05:45:15Z,cpm-moscow-autumn-2026-expodat-signo-v1.0.1,expodat_cpm_2026_autumn_public_catalog,023b3ad3ecfec7cd92e37d3bd01a3831e2fedab53d76591ea8dead19f5ba4ad0,
CPM – Collection Première Moscow Осень 2026,1–4 сентября 2026,"WENZHOU CEYADI GARMENTS CO., LTD","Wenzhou Ceyadi Garments Co., Ltd",одежда,Китай,,,15D39,,"Мода и стиль; женская, мужская и детская одежда; аксессуары; текстиль","WENZHOU CEYADI GARMENTS CO., LTD","WENZHOU CEYADI GARMENTS CO., LTD",,,+7 495 955 91 99,https://md.expodat.com/companies/company/41092-wenzhou-ceyadi-garments-co-ltd.html,41092,"WENZHOU CEYADI GARMENTS CO., LTD | Китай | 15D39 | WENZHOU CEYADI GARMENTS CO., LTD",parsed_detail,,2026-08-24T05:45:15Z,cpm-moscow-autumn-2026-expodat-signo-v1.0.1,expodat_cpm_2026_autumn_public_catalog,1513dd9fbf3f332025299d9a1ba22ec90a6812314c20f1be7135fde1b767a128,
CPM – Collection Première Moscow Осень 2026,1–4 сентября 2026,"WENZHOU FEIKE GARMENT CO.,LTD","Wenzhou Feike Garment Co.,Ltd",одежда,Китай,,,15F42,,"Мода и стиль; женская, мужская и детская одежда; аксессуары; текстиль","WENZHOU FEIKE GARMENT CO.,LTD","WENZHOU FEIKE GARMENT CO.,LTD",,christina@meldanvip.com,+86-18367055730,https://md.expodat.com/companies/company/41338-wenzhou-feike-garment-co-ltd.html,41338,"WENZHOU FEIKE GARMENT CO.,LTD | Китай | 15F42 | WENZHOU FEIKE GARMENT CO.,LTD | christina@meldanvip.com",parsed_detail,,2026-08-24T05:45:15Z,cpm-moscow-autumn-2026-expodat-signo-v1.0.1,expodat_cpm_2026_autumn_public_catalog,93632827d779d826baf53c7371cd6393b6cb479e10181018adf6650dd997fdc1,
CPM – Collection Première Moscow Осень 2026,1–4 сентября 2026,"Wenzhou Kingstar Leather Products Co., Ltd","Wenzhou Kingstar Leather Products Co., Ltd","изделия из кожи и меха, одежда",Китай,,,15C91,,"Мода и стиль; женская, мужская и детская одежда; аксессуары; текстиль","Kingstar Leather Products Co., Ltd was founded in April 2006 and is located in Xianyang Industrial Zone, Ouhai District, Wenzhou City, with beautiful scenery. We are an 8,500-square-meter belt factory. The company covers a building area of 8,500 square meters, with a registered capital of RMB 2.8 million and 110 employees. The company is a private enterprise specializing in the development, design, and manufacturing of medium and high-grade belts. The company mainly produces fashion belts, leather belts, and clothing products.","Wenzhou Kingstar Leather Products Co., Ltd",,taixing126@wzkingstar.com,008615355926981,https://md.expodat.com/companies/company/40555-kingstar.html,40555,"Wenzhou Kingstar Leather Products Co., Ltd | Китай | 15C91 | Kingstar Leather Products Co., Ltd was founded in April 2006 and is located in Xianyang Industrial Zone, Ouhai District, Wenzhou City, with beautiful scenery. We are an 8,500-square-meter belt factory. The company covers a building area of 8,500 square meters, with a registered capital of RMB 2.8 million and 110 employees. The company is a private enterprise specializing in the development, design, and manufacturing of medium and high-grade belts. The company mainly produces fashion belts, leather belts, and clothing products. | taixing126@wzkingstar.com",parsed_detail,,2026-08-24T05:45:15Z,cpm-moscow-autumn-2026-expodat-signo-v1.0.1,expodat_cpm_2026_autumn_public_catalog,18566d3a353df334b90c4b72c5d768f1b4f671ffc9bf8b9245e62858e8cae1fb,
CPM – Collection Première Moscow Осень 2026,1–4 сентября 2026,"Wenzhou Qichen Garments Co., Ltd","Wenzhou Qichen Garments Co., Ltd","детская одежда, одежда",Китай,,,15F79,,"Мода и стиль; женская, мужская и детская одежда; аксессуары; текстиль","Wenzhou Qichen Garments Co.Ltd is located in Wenzhou, Zhejiang,China, is a fashion company integrating industry and trade. The main business is fashion garments for men, women and children，good at making jackets,coats，pants and leggings. The products are sold to Europe，America，Asia, and other regions. As a professional garment international trading&manufacturing company, we have more than 20 years of experience in garment design, development and production. Both OEM and ODM orders can be operated. We can produce over 800,000 pcs garments per","Wenzhou Qichen Garments Co., Ltd",,yvanne@truyeo.com,008613649876425,https://md.expodat.com/companies/company/40687-qichen.html,40687,"Wenzhou Qichen Garments Co., Ltd | Китай | 15F79 | Wenzhou Qichen Garments Co.Ltd is located in Wenzhou, Zhejiang,China, is a fashion company integrating industry and trade. The main business is fashion garments for men, women and children，good at making jackets,coats，pants and leggings. The products are sold to Europe，America，Asia, and other regions. As a professional garment international trading&manufacturing company, we have more than 20 years of experience in garment design, development and production. Both OEM and ODM orders can be operated. We can produce over 800,000 pcs garments per | yvanne@truyeo.com",parsed_detail,,2026-08-24T05:45:15Z,cpm-moscow-autumn-2026-expodat-signo-v1.0.1,expodat_cpm_2026_autumn_public_catalog,70730d7e4546f5cff9bd4525ff6508ebbd32b7d2aeb3df7869934f3f88a229b5,
CPM – Collection Première Moscow Осень 2026,1–4 сентября 2026,"WENZHOU SUJIN TRADING CO.,LTD","Wenzhou Sujin Trading Co.,Ltd","одежда, аксессуары",Китай,,,15F41,,"Мода и стиль; женская, мужская и детская одежда; аксессуары; текстиль","WENZHOU SUJIN TRADING CO.,LTD","WENZHOU SUJIN TRADING CO.,LTD",,,+7 495 955 91 99,https://md.expodat.com/companies/company/41335-wenzhou-sujin-trading-co-ltd.html,41335,"WENZHOU SUJIN TRADING CO.,LTD | Китай | 15F41 | WENZHOU SUJIN TRADING CO.,LTD",parsed_detail,,2026-08-24T05:45:15Z,cpm-moscow-autumn-2026-expodat-signo-v1.0.1,expodat_cpm_2026_autumn_public_catalog,c2d49cb2c8de3c5ab7a1df64117adaf99b50ee23c5c12f0eef2a7f3a227c5da4,
CPM – Collection Première Moscow Осень 2026,1–4 сентября 2026,"Wenzhou Unitone Leather Products Co., Ltd.","Wenzhou Unitone Leather Products Co., Ltd.",изделия из кожи и меха,Китай,,,15A102,,"Мода и стиль; женская, мужская и детская одежда; аксессуары; текстиль","Wenzhou Unitone Leather Products Co., Ltd.","Wenzhou Unitone Leather Products Co., Ltd.",,,+7 495 955 91 99,https://md.expodat.com/companies/company/37403-wenzhou-unitone-leather-products-co-ltd.html,37403,"Wenzhou Unitone Leather Products Co., Ltd. | Китай | 15A102 | Wenzhou Unitone Leather Products Co., Ltd.",parsed_detail,,2026-08-24T05:45:15Z,cpm-moscow-autumn-2026-expodat-signo-v1.0.1,expodat_cpm_2026_autumn_public_catalog,3a294bcaad027b36e4d00cea312c252aa777558bcdf75f412d8c53932f2e5f6a,
CPM – Collection Première Moscow Осень 2026,1–4 сентября 2026,"WENZHOU UNITONE LEATHER PRODUCTS CO.,LTD","Wenzhou Unitone Leather Products Co.,Ltd","сумки, изделия из кожи и меха, одежда",Китай,,,15A102,,"Мода и стиль; женская, мужская и детская одежда; аксессуары; текстиль","UNITONE has been focusing on the fashion bags and belts for 15 years. Since our establishment, we have dedicated ourselves to combining craftsmanship with innovation, serving clients worldwide with reliable products and exceptional service. we have full control over production processes—from material sourcing and quality control to packaging and shipment. Our longstanding expertise allows us to offer customized solutions, competitive pricing, and consistent quality. Whether for fashion brands, wholesalers, or retailers, we are committed to deli","WENZHOU UNITONE LEATHER PRODUCTS CO.,LTD",http://WWW.UNITONE-ACC.COM,,08615957780632,https://md.expodat.com/companies/company/40519-madigro.html,40519,"WENZHOU UNITONE LEATHER PRODUCTS CO.,LTD | Китай | 15A102 | UNITONE has been focusing on the fashion bags and belts for 15 years. Since our establishment, we have dedicated ourselves to combining craftsmanship with innovation, serving clients worldwide with reliable products and exceptional service. we have full control over production processes—from material sourcing and quality control to packaging and shipment. Our longstanding expertise allows us to offer customized solutions, competitive pricing, and consistent quality. Whether for fashion brands, wholesalers, or retailers, we are committed to deli | http://WWW.UNITONE-ACC.COM",parsed_detail,,2026-08-24T05:45:15Z,cpm-moscow-autumn-2026-expodat-signo-v1.0.1,expodat_cpm_2026_autumn_public_catalog,8ba8cb6b1ca4e1c411da06958ad455c2e720b215e7203b98be2330fcb842ccf5,
CPM – Collection Première Moscow Осень 2026,1–4 сентября 2026,"WENZHOU XITE GARMENT CO.,LTD","Wenzhou Xite Garment Co.,Ltd",одежда,Китай,,,15D48,,"Мода и стиль; женская, мужская и детская одежда; аксессуары; текстиль","WENZHOU XITE GARMENT CO.,LTD","WENZHOU XITE GARMENT CO.,LTD",,lsy@wzxite.com,0577-86806691,https://md.expodat.com/companies/company/41107-wenzhou-xite-garment-co-ltd.html,41107,"WENZHOU XITE GARMENT CO.,LTD | Китай | 15D48 | WENZHOU XITE GARMENT CO.,LTD | lsy@wzxite.com",parsed_detail,,2026-08-24T05:45:15Z,cpm-moscow-autumn-2026-expodat-signo-v1.0.1,expodat_cpm_2026_autumn_public_catalog,3313b88059203250826622da1793ce13bc9a0491884c7f69ee135276761c1509,
CPM – Collection Première Moscow Осень 2026,1–4 сентября 2026,"WENZHOU YAGUAN GARMENTS CO., LTD.","Wenzhou Yaguan Garments Co., Ltd.",одежда,Китай,,,15E50,,"Мода и стиль; женская, мужская и детская одежда; аксессуары; текстиль","WENZHOU YAGUAN GARMENTS CO., LTD.","WENZHOU YAGUAN GARMENTS CO., LTD.",,,+7 495 955 91 99,https://md.expodat.com/companies/company/41215-wenzhou-yaguan-garments-co-ltd.html,41215,"WENZHOU YAGUAN GARMENTS CO., LTD. | Китай | 15E50 | WENZHOU YAGUAN GARMENTS CO., LTD.",parsed_detail,,2026-08-24T05:45:15Z,cpm-moscow-autumn-2026-expodat-signo-v1.0.1,expodat_cpm_2026_autumn_public_catalog,a42fe494b195a5ac4a36f2763a5d329fde711bf0be5c5e7d55aba95d5425af18,
CPM – Collection Première Moscow Осень 2026,1–4 сентября 2026,"WENZHOUSHI HAOWEIDUN GARMENT CO., LTD","Wenzhoushi Haoweidun Garment Co., Ltd",одежда,Китай,,,15F48,,"Мода и стиль; женская, мужская и детская одежда; аксессуары; текстиль","WENZHOUSHI HAOWEIDUN GARMENT CO., LTD","WENZHOUSHI HAOWEIDUN GARMENT CO., LTD",,,+7 495 955 91 99,https://md.expodat.com/companies/company/41353-wenzhoushi-haoweidun-garment-co-ltd.html,41353,"WENZHOUSHI HAOWEIDUN GARMENT CO., LTD | Китай | 15F48 | WENZHOUSHI HAOWEIDUN GARMENT CO., LTD",parsed_detail,,2026-08-24T05:45:15Z,cpm-moscow-autumn-2026-expodat-signo-v1.0.1,expodat_cpm_2026_autumn_public_catalog,86a3b4ede99fc3b66ca9c07fb221e48a579246cee2b12859d84decc07355a275,
CPM – Collection Première Moscow Осень 2026,1–4 сентября 2026,Weshine Label,Weshine Label,изделия из кожи и меха,Китай,,,14F51,,"Мода и стиль; женская, мужская и детская одежда; аксессуары; текстиль","Печатные этикетки и жаккардовые, картонные бирки, биркодержатели, влагозащитные молнии, светоотражающие этикетки, кожаные нашивки, металлическая фурнитура (шильдики, пуллеры, бегунки), ПВХ этикетки и нашивки, пломбы с логотипом и без, на полиэстере и силиконе, курточные ткани, мембрана, печать на сатине, нейлоне, хлопке,",Weshine Label,http://weshinelabel.ru,weshinelabel@ya.ru,+79031013084,https://md.expodat.com/companies/company/31019-weshine-label.html,31019,"Weshine Label | Китай | 14F51 | Печатные этикетки и жаккардовые, картонные бирки, биркодержатели, влагозащитные молнии, светоотражающие этикетки, кожаные нашивки, металлическая фурнитура (шильдики, пуллеры, бегунки), ПВХ этикетки и нашивки, пломбы с логотипом и без, на полиэстере и силиконе, курточные ткани, мембрана, печать на сатине, нейлоне, хлопке, | http://weshinelabel.ru | weshinelabel@ya.ru",parsed_detail,,2026-08-24T05:45:15Z,cpm-moscow-autumn-2026-expodat-signo-v1.0.1,expodat_cpm_2026_autumn_public_catalog,77dc8c93641a5ace8524c04d0847fe75812ea95e3af1f05359032c03a0da4264,
CPM – Collection Première Moscow Осень 2026,1–4 сентября 2026,WHİTNEY,Whi̇tney,"одежда, аксессуары",Турция,,,14A18,,"Мода и стиль; женская, мужская и детская одежда; аксессуары; текстиль","Tasarım felsefesini özgürlük ve limitsiz düşünce üzerine temellendiren firmamız denenmemişi denemek yeniyi keşfetmek, trend takip eden yerine trend oluşturan bir marka olma hedefi ile 20 den fazla ülkede yer almaktadır.Koleksiyonumuz jean ağırlıklı olmak üzere bay bayan karmadan oluşmaktadır. Üretim kapasitesinde yıllık 600.000 adet jeans ve 400.000 adet örme, penye grubu olan firmamız global pazarlarda hem üretici hem de marka sahibi olarak yer almaktadır. Uluslararası arenada alanında uzman şirketler ile partnerlik yapmakta ve bu ağı geliştirmek için yeni yatırımcılar ile görüşmelerine devam etmektedir.",WHİTNEY,http://www.whitney.com.tr,info@whitney.com.tr,+905326905628,https://md.expodat.com/companies/company/19185-whi-tney.html,19185,"WHİTNEY | Турция | 14A18 | Tasarım felsefesini özgürlük ve limitsiz düşünce üzerine temellendiren firmamız denenmemişi denemek yeniyi keşfetmek, trend takip eden yerine trend oluşturan bir marka olma hedefi ile 20 den fazla ülkede yer almaktadır.Koleksiyonumuz jean ağırlıklı olmak üzere bay bayan karmadan oluşmaktadır. Üretim kapasitesinde yıllık 600.000 adet jeans ve 400.000 adet örme, penye grubu olan firmamız global pazarlarda hem üretici hem de marka sahibi olarak yer almaktadır. Uluslararası arenada alanında uzman şirketler ile partnerlik yapmakta ve bu ağı geliştirmek için yeni yatırımcılar ile görüşmelerine devam etmektedir. | http://www.whitney.com.tr | info@whitney.com.tr",parsed_detail,,2026-08-24T05:45:15Z,cpm-moscow-autumn-2026-expodat-signo-v1.0.1,expodat_cpm_2026_autumn_public_catalog,5286a56a379dec4c619f0145b5399063a0a624d68cb7649d7d0efcd3c049bf8f,
CPM – Collection Première Moscow Осень 2026,1–4 сентября 2026,"Wuxi Lizan Apparel Co., Ltd.","Wuxi Lizan Apparel Co., Ltd.","детская одежда, текстиль и трикотаж, одежда",Китай,,,15F90,,"Мода и стиль; женская, мужская и детская одежда; аксессуары; текстиль","We are a professional manufacturer of knitted and woven garments, specializing in Men's, Women's and kids' apparel. With mature production processes and strict quality control, we deliver high-quality, trendy and cost-effective clothing products to serve global market needs. We have our own independent design team & capacity. Keeping pace with the latest fashion trends, we can recommend customized new styles based on clients’ requirements to support their product innovation and business growth. To enable flexible cooperation, we support a low","Wuxi Lizan Apparel Co., Ltd.",,bruce@wxsunflower.com,+86 18961621555,https://md.expodat.com/companies/company/40693-lizan.html,40693,"Wuxi Lizan Apparel Co., Ltd. | Китай | 15F90 | We are a professional manufacturer of knitted and woven garments, specializing in Men's, Women's and kids' apparel. With mature production processes and strict quality control, we deliver high-quality, trendy and cost-effective clothing products to serve global market needs. We have our own independent design team & capacity. Keeping pace with the latest fashion trends, we can recommend customized new styles based on clients’ requirements to support their product innovation and business growth. To enable flexible cooperation, we support a low | bruce@wxsunflower.com",parsed_detail,,2026-08-24T05:45:15Z,cpm-moscow-autumn-2026-expodat-signo-v1.0.1,expodat_cpm_2026_autumn_public_catalog,b86d7118bc0f14e55d288fe7f5734295882adc19d9ab4db49be73305cd016cab,
CPM – Collection Première Moscow Осень 2026,1–4 сентября 2026,XBOREE,Xboree,"одежда, аксессуары",Китай,,,14E84,,"Мода и стиль; женская, мужская и детская одежда; аксессуары; текстиль",FUZHOU XBOREE TRADING CO.，LTD,XBOREE,,,+7 495 955 91 99,https://md.expodat.com/companies/company/40861-xboree.html,40861,XBOREE | Китай | 14E84 | FUZHOU XBOREE TRADING CO.，LTD,parsed_detail,,2026-08-24T05:45:15Z,cpm-moscow-autumn-2026-expodat-signo-v1.0.1,expodat_cpm_2026_autumn_public_catalog,6dee8558b5317ddb7a683b8dd704bd9cdf895244a054b887f834d1f10365a883,
CPM – Collection Première Moscow Осень 2026,1–4 сентября 2026,XD XENIA DESIGN,Xd Xenia Design,одежда,Хорватия,,,13С31,,"Мода и стиль; женская, мужская и детская одежда; аксессуары; текстиль","«Европейская мода - XXI век» - динамично развивающаяся компания со сложившимися традициями и опытом работы в сфере индустрии моды женской одежды.Мы работаем с клиентами по России, Белоруссии, Украины, Молдавии, Казахстана, Армении и Грузии. Для нас важно создавать лучшие условия в работе с нашими партнерами и клиентами, именно это помогает нам развиваться в индустрии моды более 25 лет.",XD XENIA DESIGN,https://www.xenia-design.hr/,moda21vek2005@yandex.ru,+7 495 955 91 99,https://md.expodat.com/companies/company/21834-xd-xenia-design.html,21834,"XD XENIA DESIGN | Хорватия | 13С31 | «Европейская мода - XXI век» - динамично развивающаяся компания со сложившимися традициями и опытом работы в сфере индустрии моды женской одежды.Мы работаем с клиентами по России, Белоруссии, Украины, Молдавии, Казахстана, Армении и Грузии. Для нас важно создавать лучшие условия в работе с нашими партнерами и клиентами, именно это помогает нам развиваться в индустрии моды более 25 лет. | https://www.xenia-design.hr/ | moda21vek2005@yandex.ru",parsed_detail,,2026-08-24T05:45:15Z,cpm-moscow-autumn-2026-expodat-signo-v1.0.1,expodat_cpm_2026_autumn_public_catalog,d13e210e5a2e9c00b8e0ac6246505bdc1820928d8015400a11e2b4010b6bdfc0,
CPM – Collection Première Moscow Осень 2026,1–4 сентября 2026,"XIAMEN CIS INDUSTRIAL CO.,LTD.","Xiamen Cis Industrial Co.,Ltd.",текстиль и трикотаж,Китай,,,15C100,,"Мода и стиль; женская, мужская и детская одежда; аксессуары; текстиль","Xiamen Cis was founded in 2013 and is a professional clothing production supplier, specializing in washed shorts, jackets, cotton jackets, outdoor clothing, and more. Self operated fabric store, 200+workers production line, 3000+square meters warehouse workshop. We provide you with a one-stop solution from raw materials, style design and development, production, to shipping. A dedicated team deeply involved in the clothing industry, always fully committed to providing customers with high-quality, beautiful, and cost-effective products.","XIAMEN CIS INDUSTRIAL CO.,LTD.",,info804@zgcis.com,+7 495 955 91 99,https://md.expodat.com/companies/company/40897-xiamen-cis-industrial-co-ltd.html,40897,"XIAMEN CIS INDUSTRIAL CO.,LTD. | Китай | 15C100 | Xiamen Cis was founded in 2013 and is a professional clothing production supplier, specializing in washed shorts, jackets, cotton jackets, outdoor clothing, and more. Self operated fabric store, 200+workers production line, 3000+square meters warehouse workshop. We provide you with a one-stop solution from raw materials, style design and development, production, to shipping. A dedicated team deeply involved in the clothing industry, always fully committed to providing customers with high-quality, beautiful, and cost-effective products. | info804@zgcis.com",parsed_detail,,2026-08-24T05:45:15Z,cpm-moscow-autumn-2026-expodat-signo-v1.0.1,expodat_cpm_2026_autumn_public_catalog,5e1c173912af845705caf5e2b08c2bb3aeb4423171d5b9218dc4161081085e8f,
CPM – Collection Première Moscow Осень 2026,1–4 сентября 2026,"XINJI KAIJING GARMENT CO., LTD.","Xinji Kaijing Garment Co., Ltd.","текстиль и трикотаж, одежда",,,,14C48,,"Мода и стиль; женская, мужская и детская одежда; аксессуары; текстиль","Xinji Kaijing Garment Co., Ltd. owns the brand Baiying, specializing in the production of down jackets, cotton-padded coats and cashmere products. Focusing on winter warm clothing, we strictly control quality from design to production With exquisite craftsmanship, we create comfortable, practical and fashionable ready-lo-wear garments, providing customers with reliable products and considerate servic. ADD:Kaijing Company Middle Section of Anding Avenue, Xinji City, Hebei Province, China","XINJI KAIJING GARMENT CO., LTD.",,,+7 495 955 91 99,https://md.expodat.com/companies/company/41416-xinji-kaijing-garment-co-ltd.html,41416,"XINJI KAIJING GARMENT CO., LTD. | 14C48 | Xinji Kaijing Garment Co., Ltd. owns the brand Baiying, specializing in the production of down jackets, cotton-padded coats and cashmere products. Focusing on winter warm clothing, we strictly control quality from design to production With exquisite craftsmanship, we create comfortable, practical and fashionable ready-lo-wear garments, providing customers with reliable products and considerate servic. ADD:Kaijing Company Middle Section of Anding Avenue, Xinji City, Hebei Province, China",parsed_detail,,2026-08-24T05:45:15Z,cpm-moscow-autumn-2026-expodat-signo-v1.0.1,expodat_cpm_2026_autumn_public_catalog,f6980bd8ddb49cfcf3dd506a8417f77018c3a04084f7ec25de18bd3df8b52ac9,
CPM – Collection Première Moscow Осень 2026,1–4 сентября 2026,YABAO,YABAO,"одежда, аксессуары",Китай,,,14G80,,"Мода и стиль; женская, мужская и детская одежда; аксессуары; текстиль",,YABAO,,,+7 495 955 91 99,https://md.expodat.com/companies/company/39842-yabao.html,39842,YABAO | Китай | 14G80,parsed_detail,,2026-08-24T05:45:15Z,cpm-moscow-autumn-2026-expodat-signo-v1.0.1,expodat_cpm_2026_autumn_public_catalog,09ee1b183904fcd67e37d30261c5bd2bf304d4debd04ed7e783ade4576eafd9e,
CPM – Collection Première Moscow Осень 2026,1–4 сентября 2026,YAMAK,YAMAK,текстиль и трикотаж,Турция,,,14B69,,"Мода и стиль; женская, мужская и детская одежда; аксессуары; текстиль","YAMAK — это турецкий бренд мужского трикотажа с почти 50-летней историей, создающий изделия, неподвластные времени. Каждая коллекция разрабатывается и производится на нашем собственном полностью интегрированном производстве, где современные технологии вязания сочетаются с высоким мастерством исполнения. Используя тщательно отобранную пряжу премиального качества и контролируя каждый этап производства, YAMAK создает трикотаж, воплощающий качество, аутентичность и неподвластный времени стиль.",YAMAK,http://www.yamaktriko.com/,denizhan@yamaktriko.com,+905303073308,https://md.expodat.com/companies/company/40317-yamak.html,40317,"YAMAK | Турция | 14B69 | YAMAK — это турецкий бренд мужского трикотажа с почти 50-летней историей, создающий изделия, неподвластные времени. Каждая коллекция разрабатывается и производится на нашем собственном полностью интегрированном производстве, где современные технологии вязания сочетаются с высоким мастерством исполнения. Используя тщательно отобранную пряжу премиального качества и контролируя каждый этап производства, YAMAK создает трикотаж, воплощающий качество, аутентичность и неподвластный времени стиль. | http://www.yamaktriko.com/ | denizhan@yamaktriko.com",parsed_detail,,2026-08-24T05:45:15Z,cpm-moscow-autumn-2026-expodat-signo-v1.0.1,expodat_cpm_2026_autumn_public_catalog,ea18628731b8e1b2d7832de5b31d54944dd2f629e1a3af0bed432df08f91521d,
CPM – Collection Première Moscow Осень 2026,1–4 сентября 2026,"YANGZHOU CM OUTDOOR PRODUCTS CO.,LTD","Yangzhou Cm Outdoor Products Co.,Ltd",одежда,Китай,,,15C81,,"Мода и стиль; женская, мужская и детская одежда; аксессуары; текстиль","CM Outdoor is one of the best outdoor garments factories in China. With our professional knowledge of products and international standards, CM Outdoor has also been advanced in sourcing, production capacity, design and management, we guaranteed good quality and competitive prices as well. CM Outdoor has earned trust and reputation from our clients by products quality and service.","YANGZHOU CM OUTDOOR PRODUCTS CO.,LTD",http://www.cm-outdoor.com,rain@cm-outdoor.com; office@cm-outdoor.com,13605275400,https://md.expodat.com/companies/company/41065-yangzhou-cm-outdoor-products-co-ltd.html,41065,"YANGZHOU CM OUTDOOR PRODUCTS CO.,LTD | Китай | 15C81 | CM Outdoor is one of the best outdoor garments factories in China. With our professional knowledge of products and international standards, CM Outdoor has also been advanced in sourcing, production capacity, design and management, we guaranteed good quality and competitive prices as well. CM Outdoor has earned trust and reputation from our clients by products quality and service. | http://www.cm-outdoor.com | rain@cm-outdoor.com; office@cm-outdoor.com",parsed_detail,,2026-08-24T05:45:15Z,cpm-moscow-autumn-2026-expodat-signo-v1.0.1,expodat_cpm_2026_autumn_public_catalog,7aadcb8ea77bacf90b5f0b98f788f4f96b851f9ffcb3ecc755271d6fb71256a1,
CPM – Collection Première Moscow Осень 2026,1–4 сентября 2026,YAROSLAVNA,Yaroslavna,аксессуары,Россия,,,15B65,,"Мода и стиль; женская, мужская и детская одежда; аксессуары; текстиль","Российский бренд украшений авторского дизайна из натуральных камней. Работаем с 2004г. Более тысячи оптовых клиентов, более четырех тысяч наименований в ассортименте. Обновляем коллекции к каждому сезону, динамично развиваемся, следуя моде и тенденциям.",YAROSLAVNA,http://www.yaroslavna.com,hello@yaroslavna.com,+79057852099,https://md.expodat.com/companies/company/22586-yaroslavna.html,22586,"YAROSLAVNA | Россия | 15B65 | Российский бренд украшений авторского дизайна из натуральных камней. Работаем с 2004г. Более тысячи оптовых клиентов, более четырех тысяч наименований в ассортименте. Обновляем коллекции к каждому сезону, динамично развиваемся, следуя моде и тенденциям. | http://www.yaroslavna.com | hello@yaroslavna.com",parsed_detail,,2026-08-24T05:45:15Z,cpm-moscow-autumn-2026-expodat-signo-v1.0.1,expodat_cpm_2026_autumn_public_catalog,773fc360fa738c4abd5e100a5e0c9c38da7deb2039c35a5d76d5d85280b236d1,
CPM – Collection Première Moscow Осень 2026,1–4 сентября 2026,"YiChun Pluscool Sports Co.,Ltd","YiChun Pluscool Sports Co.,Ltd","одежда, аксессуары",Китай,,,15D90,,"Мода и стиль; женская, мужская и детская одежда; аксессуары; текстиль","2.""We Know We Have"" a lot of raw material sources to keep our cost price very competitiveAny enquiry, Welcome !","YiChun Pluscool Sports Co.,Ltd",,simba@pluscool-sports.com,+7 495 955 91 99,https://md.expodat.com/companies/company/37523-yichun-pluscool-sports-co-ltd.html,37523,"YiChun Pluscool Sports Co.,Ltd | Китай | 15D90 | 2.""We Know We Have"" a lot of raw material sources to keep our cost price very competitiveAny enquiry, Welcome ! | simba@pluscool-sports.com",parsed_detail,,2026-08-24T05:45:15Z,cpm-moscow-autumn-2026-expodat-signo-v1.0.1,expodat_cpm_2026_autumn_public_catalog,ff2b94f86afedd9082dc250120070580c09fa7bf07dc2f6b73073ca3c2ff2a6e,
CPM – Collection Première Moscow Осень 2026,1–4 сентября 2026,"YINGTAN DONGJIN KNITTING CO.,LTD.","Yingtan Dongjin Knitting Co.,Ltd.","текстиль и трикотаж, одежда",Китай,,,15B68,,"Мода и стиль; женская, мужская и детская одежда; аксессуары; текстиль","Yingtan Dongjin Knitting Co., Ltd. is located in the Micro-component Industrial Park, Jinjiang Town, Yujiang District, Yingtan City, Jiangxi Province. Officially registered and incorporated in March 2022, it is a modern integrated knitting manufacturer integrating R&D, weaving, deep processing, domestic sales and export of knitted products. Its business scope covers the full industrial chain including the production and processing of knitted fabrics, knitted apparel and hosiery products, as well as domestic and international import and export t","YINGTAN DONGJIN KNITTING CO.,LTD.",,world-ocean-hosiery@vip.163.com,+86 18070180777,https://md.expodat.com/companies/company/40543-dongjin.html,40543,"YINGTAN DONGJIN KNITTING CO.,LTD. | Китай | 15B68 | Yingtan Dongjin Knitting Co., Ltd. is located in the Micro-component Industrial Park, Jinjiang Town, Yujiang District, Yingtan City, Jiangxi Province. Officially registered and incorporated in March 2022, it is a modern integrated knitting manufacturer integrating R&D, weaving, deep processing, domestic sales and export of knitted products. Its business scope covers the full industrial chain including the production and processing of knitted fabrics, knitted apparel and hosiery products, as well as domestic and international import and export t | world-ocean-hosiery@vip.163.com",parsed_detail,,2026-08-24T05:45:15Z,cpm-moscow-autumn-2026-expodat-signo-v1.0.1,expodat_cpm_2026_autumn_public_catalog,7b23cd08691e8d71454377725054127a8f0bfb5adf251bb928cf3feda6276ee4,
CPM – Collection Première Moscow Осень 2026,1–4 сентября 2026,"YIWU CHUNXING GARMENTS CO.,LTD","Yiwu Chunxing Garments Co.,Ltd",одежда,Китай,,,15F31,,"Мода и стиль; женская, мужская и детская одежда; аксессуары; текстиль","YIWU CHUNXING GARMENTS CO.,LTD","YIWU CHUNXING GARMENTS CO.,LTD",,,+7 495 955 91 99,https://md.expodat.com/companies/company/41305-yiwu-chunxing-garments-co-ltd.html,41305,"YIWU CHUNXING GARMENTS CO.,LTD | Китай | 15F31 | YIWU CHUNXING GARMENTS CO.,LTD",parsed_detail,,2026-08-24T05:45:15Z,cpm-moscow-autumn-2026-expodat-signo-v1.0.1,expodat_cpm_2026_autumn_public_catalog,4331ee74fd15479007e256b6dff4c946bb3d433551b60b688fc2a8c7442983af,
CPM – Collection Première Moscow Осень 2026,1–4 сентября 2026,"Yiwu Liling CLothing Co., Ltd.","Yiwu Liling CLothing Co., Ltd.",,Китай,,,15A93,,"Мода и стиль; женская, мужская и детская одежда; аксессуары; текстиль","We're a factory with 21 years of production experience and BSCI and GRS certifications. We're an integrated manufacturer and trader specializing in down jackets, men's and women's children's clothing, wool sweaters, and windbreakers. We accept custom orders for foreign trade, make products to samples, and have won bids for school uniforms and workwear orders. We have large stock of finished products available for supply to chain stores and supermarkets.","Yiwu Liling CLothing Co., Ltd.",,rosy@lilingclothings.com,+8618057977105,https://md.expodat.com/companies/company/40507-akcn.html,40507,"Yiwu Liling CLothing Co., Ltd. | Китай | 15A93 | We're a factory with 21 years of production experience and BSCI and GRS certifications. We're an integrated manufacturer and trader specializing in down jackets, men's and women's children's clothing, wool sweaters, and windbreakers. We accept custom orders for foreign trade, make products to samples, and have won bids for school uniforms and workwear orders. We have large stock of finished products available for supply to chain stores and supermarkets. | rosy@lilingclothings.com",parsed_detail,products,2026-08-24T05:45:15Z,cpm-moscow-autumn-2026-expodat-signo-v1.0.1,expodat_cpm_2026_autumn_public_catalog,1775cd691ca6aaac23c34b363114edb397f0f25c2138b289e2af99818a726402,
CPM – Collection Première Moscow Осень 2026,1–4 сентября 2026,"Yiwu Pinyi Garment Co., Ltd.","Yiwu Pinyi Garment Co., Ltd.",одежда,,,,15E71,,"Мода и стиль; женская, мужская и детская одежда; аксессуары; текстиль",,"Yiwu Pinyi Garment Co., Ltd.",,wang@pycreations.cn,008618967488899,https://md.expodat.com/companies/company/40654-shu-shou.html,40654,"Yiwu Pinyi Garment Co., Ltd. | 15E71 | wang@pycreations.cn",parsed_detail,,2026-08-24T05:45:15Z,cpm-moscow-autumn-2026-expodat-signo-v1.0.1,expodat_cpm_2026_autumn_public_catalog,8908fb48960eb8ad26e0650a2ea198d30322f92da00f56edb2ea200ae87b1d6f,
CPM – Collection Première Moscow Осень 2026,1–4 сентября 2026,"YIWU SUNSHINE GARMENTS CO., LTD","Yiwu Sunshine Garments Co., Ltd",одежда,Китай,,,15A84,,"Мода и стиль; женская, мужская и детская одежда; аксессуары; текстиль","1) Direct VTB CNY Payment Settlement Enabled. 2) 20 Years experience, 4000 ㎡ factory area, 300+ professional team, 50+ Global service. 3) Factory Audit: Our factories are BSCI audited and qualifed to make production for diferent kinds of customers such as importers,wholesalers, chain stores, supermarkets, retailers, etc. 4) Design team: New designs come monthly from our professional design team. Besides, we are offering free prints to all customers working with us. 5) Sampling room: 5-10 days for sampling by own sampling room. 6) Production team: Our 5+ years experienced & stable workers can assure the quality more consistent than others.","YIWU SUNSHINE GARMENTS CO., LTD",http://www.sscloth.com,gs49@gs1689.com,+8613757900620,https://md.expodat.com/companies/company/40582-al-alimi.html,40582,"YIWU SUNSHINE GARMENTS CO., LTD | Китай | 15A84 | 1) Direct VTB CNY Payment Settlement Enabled. 2) 20 Years experience, 4000 ㎡ factory area, 300+ professional team, 50+ Global service. 3) Factory Audit: Our factories are BSCI audited and qualifed to make production for diferent kinds of customers such as importers,wholesalers, chain stores, supermarkets, retailers, etc. 4) Design team: New designs come monthly from our professional design team. Besides, we are offering free prints to all customers working with us. 5) Sampling room: 5-10 days for sampling by own sampling room. 6) Production team: Our 5+ years experienced & stable workers can assure the quality more consistent than others. | http://www.sscloth.com | gs49@gs1689.com",parsed_detail,,2026-08-24T05:45:15Z,cpm-moscow-autumn-2026-expodat-signo-v1.0.1,expodat_cpm_2026_autumn_public_catalog,cb8808c31616e42ed5cf53709b8a137871ab9ca3983c2dd6de508dfb33c7b4e0,
CPM – Collection Première Moscow Осень 2026,1–4 сентября 2026,"YIWU WENXING GARMENT MAKING CO., LTD","Yiwu Wenxing Garment Making Co., Ltd",одежда,Китай,,,14D73,,"Мода и стиль; женская, мужская и детская одежда; аксессуары; текстиль","Yiwu Wenxing Garment Making Co., Ltd. was established in 1998, has specialzied in making shirts for nearly 30 years. The factory is located in Dachen Town, Yiwu, Zhejiang Province, China. Our company have 2000 square meters workshop and 100 employees. Both OEM & ODM orders are acceptable.","YIWU WENXING GARMENT MAKING CO., LTD",,sales@zjwenxing.com,+86 15088286978,https://md.expodat.com/companies/company/40450-wen-xing.html,40450,"YIWU WENXING GARMENT MAKING CO., LTD | Китай | 14D73 | Yiwu Wenxing Garment Making Co., Ltd. was established in 1998, has specialzied in making shirts for nearly 30 years. The factory is located in Dachen Town, Yiwu, Zhejiang Province, China. Our company have 2000 square meters workshop and 100 employees. Both OEM & ODM orders are acceptable. | sales@zjwenxing.com",parsed_detail,,2026-08-24T05:45:15Z,cpm-moscow-autumn-2026-expodat-signo-v1.0.1,expodat_cpm_2026_autumn_public_catalog,915504057e4351f956894c5c478d1cde06cc3bd7e472736c21f76d5a0a96bca6,
CPM – Collection Première Moscow Осень 2026,1–4 сентября 2026,"YIWU XUANHONG IMP&EXP CO.,LTD","Yiwu Xuanhong Imp&Exp Co.,Ltd","одежда, аксессуары",Китай,,,15E30,,"Мода и стиль; женская, мужская и детская одежда; аксессуары; текстиль","YIWU XUANHONG IMP&EXP CO.,LTD","YIWU XUANHONG IMP&EXP CO.,LTD",,,+7 495 955 91 99,https://md.expodat.com/companies/company/41167-yiwu-xuanhong-imp-exp-co-ltd.html,41167,"YIWU XUANHONG IMP&EXP CO.,LTD | Китай | 15E30 | YIWU XUANHONG IMP&EXP CO.,LTD",parsed_detail,,2026-08-24T05:45:15Z,cpm-moscow-autumn-2026-expodat-signo-v1.0.1,expodat_cpm_2026_autumn_public_catalog,4e043535af4d3daa7148a9a8cedc59c97e5bf8fd3d109d6e5577866d9bdc4321,
CPM – Collection Première Moscow Осень 2026,1–4 сентября 2026,"YIWU YITUO GARMENT CO., LTD","Yiwu Yituo Garment Co., Ltd",одежда,Китай,,,15D40,,"Мода и стиль; женская, мужская и детская одежда; аксессуары; текстиль","YIWU YITUO GARMENT CO., LTD","YIWU YITUO GARMENT CO., LTD",,,+7 495 955 91 99,https://md.expodat.com/companies/company/41095-yiwu-yituo-garment-co-ltd.html,41095,"YIWU YITUO GARMENT CO., LTD | Китай | 15D40 | YIWU YITUO GARMENT CO., LTD",parsed_detail,,2026-08-24T05:45:15Z,cpm-moscow-autumn-2026-expodat-signo-v1.0.1,expodat_cpm_2026_autumn_public_catalog,6534c75ecac3679226693b17e6babd339e18b7b52dabc8d9d1018d79f1057143,
CPM – Collection Première Moscow Осень 2026,1–4 сентября 2026,Your Size!,Your Size!,"одежда, аксессуары",,,,15F05,,"Мода и стиль; женская, мужская и детская одежда; аксессуары; текстиль",,Your Size!,,,+7 495 955 91 99,https://md.expodat.com/companies/company/40792-your-size.html,40792,Your Size! | 15F05,parsed_detail,,2026-08-24T05:45:15Z,cpm-moscow-autumn-2026-expodat-signo-v1.0.1,expodat_cpm_2026_autumn_public_catalog,4724658e8e5575ea9e496a73f6c0f68d653419e6887b16142f8e58dee5c7b473,
CPM – Collection Première Moscow Осень 2026,1–4 сентября 2026,YSG,YSG,"одежда, аксессуары",Россия,,,15A70,,"Мода и стиль; женская, мужская и детская одежда; аксессуары; текстиль",,YSG,http://www.ysg.ru,info@ysg.ru,+7 495 955 91 99,https://md.expodat.com/companies/company/24758-ysg.html,24758,YSG | Россия | 15A70 | http://www.ysg.ru | info@ysg.ru,parsed_detail,,2026-08-24T05:45:15Z,cpm-moscow-autumn-2026-expodat-signo-v1.0.1,expodat_cpm_2026_autumn_public_catalog,dd600dad43957187b6ee1753e55313785b0260578cd1121ee74f97ba66f006c7,
CPM – Collection Première Moscow Осень 2026,1–4 сентября 2026,"YUBAO(G.Z)INDUSTRIAL CO.,LTD","Yubao(G.Z)Industrial Co.,Ltd","одежда, аксессуары",Китай,,,15D31,,"Мода и стиль; женская, мужская и детская одежда; аксессуары; текстиль","YUBAO(G.Z)INDUSTRIAL CO.,LTD","YUBAO(G.Z)INDUSTRIAL CO.,LTD",,,+7 495 955 91 99,https://md.expodat.com/companies/company/41080-yubao-g-z-industrial-co-ltd.html,41080,"YUBAO(G.Z)INDUSTRIAL CO.,LTD | Китай | 15D31 | YUBAO(G.Z)INDUSTRIAL CO.,LTD",parsed_detail,,2026-08-24T05:45:15Z,cpm-moscow-autumn-2026-expodat-signo-v1.0.1,expodat_cpm_2026_autumn_public_catalog,5ad1c0c7b2419a5bfca9045a1c7d5da21b8450eb08c09014adab3f449a6c40b0,
CPM – Collection Première Moscow Осень 2026,1–4 сентября 2026,"YUGO ACTIVEWEAR NINGBO Co.,LTD,","YUGO ACTIVEWEAR NINGBO Co.,LTD,",одежда,Китай,,,15F38,,"Мода и стиль; женская, мужская и детская одежда; аксессуары; текстиль","YUGO ACTIVEWEAR NINGBO Co.,LTD,","YUGO ACTIVEWEAR NINGBO Co.,LTD,",http://www.yugoactive.com,joyce@yugoactive.com,+86-13805888571,https://md.expodat.com/companies/company/41326-yugo-activewear-ningbo-co-ltd.html,41326,"YUGO ACTIVEWEAR NINGBO Co.,LTD, | Китай | 15F38 | YUGO ACTIVEWEAR NINGBO Co.,LTD, | http://www.yugoactive.com | joyce@yugoactive.com",parsed_detail,,2026-08-24T05:45:15Z,cpm-moscow-autumn-2026-expodat-signo-v1.0.1,expodat_cpm_2026_autumn_public_catalog,ee26a0596a4055de1eaa00648c0f737b81013abcf69ffa198b52f1e429b55d73,
CPM – Collection Première Moscow Осень 2026,1–4 сентября 2026,YUVITA,Yuvita,одежда,Беларусь,,,15В10,,"Мода и стиль; женская, мужская и детская одежда; аксессуары; текстиль","Женская одежда изо льна оптом от производителя Бренд YUVITA – это современная стильная женская одежда из белорусского льна с энзимным умягчением, которое придает изделиям неповторимое ощущение мягкости и комфортности. Женская одежда изо льна оптом от производителя Бренд YUVITA – это современная стильная женская одежда из белорусского льна с энзимным умягчением, которое придает изделиям неповторимое ощущение мягкости и комфортности. Созданный в 2005 году бренд широко известен как в Беларуси, так и в России, Казахстане и Америке. География продаж охватывает более 150 городов по всему миру. Широкий ассортимент продукции, все размеры и цвета на любой вкус дают возможность даже самому искушенному покупателю найти именно то, что соответствует его образу и настроению. Приглашаем к сотрудничеству деловых людей, успешно развивающих свой бизнес. Компания ведет свою деятельность в сегменте оптовых продаж, сотрудничая как с магазинами, так и индивидуальными предпринимателями.",YUVITA,http://yuvita.by/,f_f_yuvita@mail.ru,+375297809061,https://md.expodat.com/companies/company/24990-yuvita.html,24990,"YUVITA | Беларусь | 15В10 | Женская одежда изо льна оптом от производителя Бренд YUVITA – это современная стильная женская одежда из белорусского льна с энзимным умягчением, которое придает изделиям неповторимое ощущение мягкости и комфортности. Женская одежда изо льна оптом от производителя Бренд YUVITA – это современная стильная женская одежда из белорусского льна с энзимным умягчением, которое придает изделиям неповторимое ощущение мягкости и комфортности. Созданный в 2005 году бренд широко известен как в Беларуси, так и в России, Казахстане и Америке. География продаж охватывает более 150 городов по всему миру. Широкий ассортимент продукции, все размеры и цвета на любой вкус дают возможность даже самому искушенному покупателю найти именно то, что соответствует его образу и настроению. Приглашаем к сотрудничеству деловых людей, успешно развивающих свой бизнес. Компания ведет свою деятельность в сегменте оптовых продаж, сотрудничая как с магазинами, так и индивидуальными предпринимателями. | http://yuvita.by/ | f_f_yuvita@mail.ru",parsed_detail,,2026-08-24T05:45:15Z,cpm-moscow-autumn-2026-expodat-signo-v1.0.1,expodat_cpm_2026_autumn_public_catalog,4cf2a78686e38689c1ed426d369c974ec2aaeb5b7079c2f04abd7df89d55f47a,
CPM – Collection Première Moscow Осень 2026,1–4 сентября 2026,YXL COLLECTION,Yxl Collection,"одежда, аксессуары",Турция,,,14B49,,"Мода и стиль; женская, мужская и детская одежда; аксессуары; текстиль",,YXL COLLECTION,http://WWW.YUKSELGRUP.COM,serdar@yukselgrup.com,+7 495 955 91 99,https://md.expodat.com/companies/company/19365-yxl-collection.html,19365,YXL COLLECTION | Турция | 14B49 | http://WWW.YUKSELGRUP.COM | serdar@yukselgrup.com,parsed_detail,,2026-08-24T05:45:15Z,cpm-moscow-autumn-2026-expodat-signo-v1.0.1,expodat_cpm_2026_autumn_public_catalog,9fe1e180a6fb37687c0a455a2b38c4ba06405883c9b46a1571c0823384befc9f,
CPM – Collection Première Moscow Осень 2026,1–4 сентября 2026,Z.O.E.,Z.O.E.,"одежда, аксессуары",Италия,,,13A20,,"Мода и стиль; женская, мужская и детская одежда; аксессуары; текстиль","Рождённый в сердце итальянской моды, ZOE создан для женщины, которая хочет быть главной героиней своей истории. Свежие цвета, вышивка и игривые дизайны делают каждый образ неповторимым. Fun & fearless — как ты.",Z.O.E.,https://www.zoefashion.it/,commerciale@fantasiecolori.it,+39 059 6550502,https://md.expodat.com/companies/company/40357-z-o-e.html,40357,"Z.O.E. | Италия | 13A20 | Рождённый в сердце итальянской моды, ZOE создан для женщины, которая хочет быть главной героиней своей истории. Свежие цвета, вышивка и игривые дизайны делают каждый образ неповторимым. Fun & fearless — как ты. | https://www.zoefashion.it/ | commerciale@fantasiecolori.it",parsed_detail,,2026-08-24T05:45:15Z,cpm-moscow-autumn-2026-expodat-signo-v1.0.1,expodat_cpm_2026_autumn_public_catalog,6b2e7db23a67d770826161f3247ee7d2b3b35f12ff63be566456100d80efc610,
CPM – Collection Première Moscow Осень 2026,1–4 сентября 2026,ZENG ZENG,Zeng Zeng,"текстиль и трикотаж, одежда",Китай,,,14C98,,"Мода и стиль; женская, мужская и детская одежда; аксессуары; текстиль","Zeng Zeng is located in China, the world's famous clothing town. The company has a professional development technical team, the main production of knit and woven fashion women's wear.",ZENG ZENG,,1182799889@qq.com,008618038372962,https://md.expodat.com/companies/company/40474-zeng-zeng.html,40474,"ZENG ZENG | Китай | 14C98 | Zeng Zeng is located in China, the world's famous clothing town. The company has a professional development technical team, the main production of knit and woven fashion women's wear. | 1182799889@qq.com",parsed_detail,,2026-08-24T05:45:15Z,cpm-moscow-autumn-2026-expodat-signo-v1.0.1,expodat_cpm_2026_autumn_public_catalog,148633f0267f5bc0ed3eaae6b773869571684b52b095be6f65e32034f1fa9f47,
CPM – Collection Première Moscow Осень 2026,1–4 сентября 2026,ZEYNO,ZEYNO,одежда,Россия,,,14D25,,"Мода и стиль; женская, мужская и детская одежда; аксессуары; текстиль","Бренд ""ZEYNO"" премиум-класса с более чем 20-летней историей. Мы представляем изделия, не только модные, но и качественные: из натуральных материалов, в которых мужчина чувствует себя максимально комфортно. В каждую коллекцию входят универсальные повседневные модели для базового гардероба. Одежда пользуется большой популярностью среди покупателей и владельцев магазинов различных форматов.",ZEYNO,,info@avva-msk.ru,+79261557778,https://md.expodat.com/companies/company/32447-zeyno.html,32447,"ZEYNO | Россия | 14D25 | Бренд ""ZEYNO"" премиум-класса с более чем 20-летней историей. Мы представляем изделия, не только модные, но и качественные: из натуральных материалов, в которых мужчина чувствует себя максимально комфортно. В каждую коллекцию входят универсальные повседневные модели для базового гардероба. Одежда пользуется большой популярностью среди покупателей и владельцев магазинов различных форматов. | info@avva-msk.ru",parsed_detail,,2026-08-24T05:45:15Z,cpm-moscow-autumn-2026-expodat-signo-v1.0.1,expodat_cpm_2026_autumn_public_catalog,6b95310f454a188694b361772eac430bdf906cf17c2b10b9651cb63a9c6ea865,
CPM – Collection Première Moscow Осень 2026,1–4 сентября 2026,"ZHEJIANG AIDA KNITTING TECHNOLOGY CO.,LTD.","Zhejiang Aida Knitting Technology Co.,Ltd.",текстиль и трикотаж,Китай,,,15C52,,"Мода и стиль; женская, мужская и детская одежда; аксессуары; текстиль","ZHEJIANG AIDA KNITTING TECHNOLOGY CO.,LTD.","ZHEJIANG AIDA KNITTING TECHNOLOGY CO.,LTD.",,,+7 495 955 91 99,https://md.expodat.com/companies/company/41041-zhejiang-aida-knitting-technology-co-ltd.html,41041,"ZHEJIANG AIDA KNITTING TECHNOLOGY CO.,LTD. | Китай | 15C52 | ZHEJIANG AIDA KNITTING TECHNOLOGY CO.,LTD.",parsed_detail,,2026-08-24T05:45:15Z,cpm-moscow-autumn-2026-expodat-signo-v1.0.1,expodat_cpm_2026_autumn_public_catalog,7b53017ee0079f3a45e95f3c659307612a166392d3b115a1db9639d57e7686d8,
CPM – Collection Première Moscow Осень 2026,1–4 сентября 2026,"ZHEJIANG AUMERRY TEXTILE TECHNOLOGY CO.,LTD","Zhejiang Aumerry Textile Technology Co.,Ltd","одежда, аксессуары",Китай,,,15D38,,"Мода и стиль; женская, мужская и детская одежда; аксессуары; текстиль","ZHEJIANG AUMERRY TEXTILE TECHNOLOGY CO.,LTD","ZHEJIANG AUMERRY TEXTILE TECHNOLOGY CO.,LTD",,,+7 495 955 91 99,https://md.expodat.com/companies/company/41089-zhejiang-aumerry-textile-technology-co-ltd.html,41089,"ZHEJIANG AUMERRY TEXTILE TECHNOLOGY CO.,LTD | Китай | 15D38 | ZHEJIANG AUMERRY TEXTILE TECHNOLOGY CO.,LTD",parsed_detail,,2026-08-24T05:45:15Z,cpm-moscow-autumn-2026-expodat-signo-v1.0.1,expodat_cpm_2026_autumn_public_catalog,adefe2999e14779bfb469fd327175d85f4c577bab66d23539c61ded00db15588,
CPM – Collection Première Moscow Осень 2026,1–4 сентября 2026,"ZHEJIANG CHANGZHI GARMENTS CO., LTD","Zhejiang Changzhi Garments Co., Ltd",одежда,Китай,,,14D70,,"Мода и стиль; женская, мужская и детская одежда; аксессуары; текстиль","Our factory is located in Zhejiang province, and another branch factory in Anhui province, and area is over 10,000 square meters. We have a total of 10 production lines and 300 workers, produce 1 million pieces of garments annually. We also have a R&D team of over 20 people, with an annual investment of over $500,000 in design, resulting in 300 new styles each year. Changzhi is committed to innovation, environmental sustainability, and customer satisfaction, aiming to make a positive impact on the lives of our customers.","ZHEJIANG CHANGZHI GARMENTS CO., LTD",,allan@yldown.com,+8613600631541,https://md.expodat.com/companies/company/31229-goldson.html,31229,"ZHEJIANG CHANGZHI GARMENTS CO., LTD | Китай | 14D70 | Our factory is located in Zhejiang province, and another branch factory in Anhui province, and area is over 10,000 square meters. We have a total of 10 production lines and 300 workers, produce 1 million pieces of garments annually. We also have a R&D team of over 20 people, with an annual investment of over $500,000 in design, resulting in 300 new styles each year. Changzhi is committed to innovation, environmental sustainability, and customer satisfaction, aiming to make a positive impact on the lives of our customers. | allan@yldown.com",parsed_detail,,2026-08-24T05:45:15Z,cpm-moscow-autumn-2026-expodat-signo-v1.0.1,expodat_cpm_2026_autumn_public_catalog,864a21f20f3ffaa2c69f32a89c093fbfec192590471f259e4ab010283719fb67,
CPM – Collection Première Moscow Осень 2026,1–4 сентября 2026,"Zhejiang Fuyao Clothes Co., Ltd.","Zhejiang Fuyao Clothes Co., Ltd.","аксессуары, одежда",Китай,,,"15F68, 15F66",,"Мода и стиль; женская, мужская и детская одежда; аксессуары; текстиль","Zhejiang Fuyao Textile Technology Co., Ltd. was established on August 3, 2015, with its registered address located at Building 3, 4th Floor, No. 1566, Liu Qing Road, Houzhai Industrial Zone, Houzhai Street, Yiwu City, Zhejiang Province (self-declared). The company’s legal representative is Tan Yonghong. The company’s business scope includes general projects: clothing research and development; garment manufacturing; clothing and accessory manufacturing; clothing and accessory wholesale; clothing and accessory retail; internet sales (except for t","Zhejiang Fuyao Clothes Co., Ltd.",,zhejiangfuyao2015@163.com,008613157950788,https://md.expodat.com/companies/company/40666-fuyao.html,40666,"Zhejiang Fuyao Clothes Co., Ltd. | Китай | 15F68, 15F66 | Zhejiang Fuyao Textile Technology Co., Ltd. was established on August 3, 2015, with its registered address located at Building 3, 4th Floor, No. 1566, Liu Qing Road, Houzhai Industrial Zone, Houzhai Street, Yiwu City, Zhejiang Province (self-declared). The company’s legal representative is Tan Yonghong. The company’s business scope includes general projects: clothing research and development; garment manufacturing; clothing and accessory manufacturing; clothing and accessory wholesale; clothing and accessory retail; internet sales (except for t | zhejiangfuyao2015@163.com",parsed_detail,,2026-08-24T05:45:15Z,cpm-moscow-autumn-2026-expodat-signo-v1.0.1,expodat_cpm_2026_autumn_public_catalog,af001f841eec7a53701bfac83c5b7e2541c995a99393e3a3b5b8de663ec96c55,
CPM – Collection Première Moscow Осень 2026,1–4 сентября 2026,"ZHEJIANG GANGSHA KNITTING PRODUCTS CO.,LTD","Zhejiang Gangsha Knitting Products Co.,Ltd",текстиль и трикотаж,Китай,,,15E46,,"Мода и стиль; женская, мужская и детская одежда; аксессуары; текстиль","ZHEJIANG GANGSHA KNITTING PRODUCTS CO.,LTD","ZHEJIANG GANGSHA KNITTING PRODUCTS CO.,LTD",,,+7 495 955 91 99,https://md.expodat.com/companies/company/41209-zhejiang-gangsha-knitting-products-co-ltd.html,41209,"ZHEJIANG GANGSHA KNITTING PRODUCTS CO.,LTD | Китай | 15E46 | ZHEJIANG GANGSHA KNITTING PRODUCTS CO.,LTD",parsed_detail,,2026-08-24T05:45:15Z,cpm-moscow-autumn-2026-expodat-signo-v1.0.1,expodat_cpm_2026_autumn_public_catalog,6d4b61159dec17e8fee904285b801c587487162f4e085738f76b498473f060d3,
CPM – Collection Première Moscow Осень 2026,1–4 сентября 2026,"ZHEJIANG HAOYUCHENG IMPORT AND EXPORT CO.,LTD.","Zhejiang Haoyucheng Import And Export Co.,Ltd.",одежда,Китай,,,14D79,,"Мода и стиль; женская, мужская и детская одежда; аксессуары; текстиль","Since its establishment in 2019, with a “customer-focused” company culture ZHEJIANG HAOYUCHENG Import and Export Co., Ltd.has worked with many branding apparel companies and developed solid relationship with many partners.Our company established at July 8, 2019,and locaten at No. 501, Building 2, Haowang Plaza, Yuecheng District, Shaoxing, Zhejiang, China.Our company invest in several factories directly. This is one of own factories has 150 workers , mainly for blouse / blazer /suit.We also have long- term cooperation with experienced single","ZHEJIANG HAOYUCHENG IMPORT AND EXPORT CO.,LTD.",http://www.hyctxgroup.com,frank@hycgarment.com,+8613676885181,https://md.expodat.com/companies/company/40438-brloote.html,40438,"ZHEJIANG HAOYUCHENG IMPORT AND EXPORT CO.,LTD. | Китай | 14D79 | Since its establishment in 2019, with a “customer-focused” company culture ZHEJIANG HAOYUCHENG Import and Export Co., Ltd.has worked with many branding apparel companies and developed solid relationship with many partners.Our company established at July 8, 2019,and locaten at No. 501, Building 2, Haowang Plaza, Yuecheng District, Shaoxing, Zhejiang, China.Our company invest in several factories directly. This is one of own factories has 150 workers , mainly for blouse / blazer /suit.We also have long- term cooperation with experienced single | http://www.hyctxgroup.com | frank@hycgarment.com",parsed_detail,,2026-08-24T05:45:15Z,cpm-moscow-autumn-2026-expodat-signo-v1.0.1,expodat_cpm_2026_autumn_public_catalog,c34b4fc5a5d2616346fcaa54fdca667d26f71087ec8616ea1e5ae01839edbd57,
CPM – Collection Première Moscow Осень 2026,1–4 сентября 2026,ZHEJIANG JIAXIN SILK CORP LTD,Zhejiang Jiaxin Silk Corp Ltd,"одежда, аксессуары",Китай,,,14G81,,"Мода и стиль; женская, мужская и детская одежда; аксессуары; текстиль",ZHEJIANG JIAXIN SILK CORP LTD,ZHEJIANG JIAXIN SILK CORP LTD,http://WWW.CHINESESILK.COM,,+7 495 955 91 99,https://md.expodat.com/companies/company/40996-zhejiang-jiaxin-silk-corp-ltd.html,40996,ZHEJIANG JIAXIN SILK CORP LTD | Китай | 14G81 | ZHEJIANG JIAXIN SILK CORP LTD | http://WWW.CHINESESILK.COM,parsed_detail,,2026-08-24T05:45:15Z,cpm-moscow-autumn-2026-expodat-signo-v1.0.1,expodat_cpm_2026_autumn_public_catalog,c70940984ff200becbb936e274fa37c41c17e1e94157cc59d4f014866af3bb8f,
CPM – Collection Première Moscow Осень 2026,1–4 сентября 2026,"ZHEJIANG KAFUTE TEXTILE CO., LTD","Zhejiang Kafute Textile Co., Ltd","одежда, аксессуары",Китай,,,15F33,,"Мода и стиль; женская, мужская и детская одежда; аксессуары; текстиль","ZHEJIANG KAFUTE TEXTILE CO., LTD","ZHEJIANG KAFUTE TEXTILE CO., LTD",,,+7 495 955 91 99,https://md.expodat.com/companies/company/41311-zhejiang-kafute-textile-co-ltd.html,41311,"ZHEJIANG KAFUTE TEXTILE CO., LTD | Китай | 15F33 | ZHEJIANG KAFUTE TEXTILE CO., LTD",parsed_detail,,2026-08-24T05:45:15Z,cpm-moscow-autumn-2026-expodat-signo-v1.0.1,expodat_cpm_2026_autumn_public_catalog,ffc3a9665ad931b9b8dbf8048d598795214e4876ca311ba97bb67876b2415ab7,
CPM – Collection Première Moscow Осень 2026,1–4 сентября 2026,"Zhejiang Lanmengting Clothing Co., Ltd","Zhejiang Lanmengting Clothing Co., Ltd","одежда, аксессуары",Китай,,,15A81,,"Мода и стиль; женская, мужская и детская одежда; аксессуары; текстиль",,"Zhejiang Lanmengting Clothing Co., Ltd",http://www.lanmengting.com,fergus@lanmengting.com,008615067058115,https://md.expodat.com/companies/company/40528-lanmengting.html,40528,"Zhejiang Lanmengting Clothing Co., Ltd | Китай | 15A81 | http://www.lanmengting.com | fergus@lanmengting.com",parsed_detail,,2026-08-24T05:45:15Z,cpm-moscow-autumn-2026-expodat-signo-v1.0.1,expodat_cpm_2026_autumn_public_catalog,4d4dc9ba150343ff15785977dae71d5a4629491c825913cdf1908909399287d9,
CPM – Collection Première Moscow Осень 2026,1–4 сентября 2026,"ZHEJIANG LIZOOM IMPORT & EXPORT CO.,LTD","Zhejiang Lizoom Import & Export Co.,Ltd","одежда, аксессуары",Китай,,,15C48,,"Мода и стиль; женская, мужская и детская одежда; аксессуары; текстиль","ZHEJIANG LIZOOM IMPORT & EXPORT CO.,LTD","ZHEJIANG LIZOOM IMPORT & EXPORT CO.,LTD",,,+7 495 955 91 99,https://md.expodat.com/companies/company/41032-zhejiang-lizoom-import-export-co-ltd.html,41032,"ZHEJIANG LIZOOM IMPORT & EXPORT CO.,LTD | Китай | 15C48 | ZHEJIANG LIZOOM IMPORT & EXPORT CO.,LTD",parsed_detail,,2026-08-24T05:45:15Z,cpm-moscow-autumn-2026-expodat-signo-v1.0.1,expodat_cpm_2026_autumn_public_catalog,0dae116eb92f948e3e656a8cc28065b1d571ce711fa7e4fcc5cc8b4b9163fbec,
CPM – Collection Première Moscow Осень 2026,1–4 сентября 2026,"ZHEJIANG MEIKAN GARMENT & ACCESSORIES CO., LTD.","Zhejiang Meikan Garment & Accessories Co., Ltd.","аксессуары, одежда",Китай,,,15D36,,"Мода и стиль; женская, мужская и детская одежда; аксессуары; текстиль","ZHEJIANG MEIKAN GARMENT & ACCESSORIES CO., LTD.","ZHEJIANG MEIKAN GARMENT & ACCESSORIES CO., LTD.",,,+7 495 955 91 99,https://md.expodat.com/companies/company/41086-zhejiang-meikan-garment-accessories-co-ltd.html,41086,"ZHEJIANG MEIKAN GARMENT & ACCESSORIES CO., LTD. | Китай | 15D36 | ZHEJIANG MEIKAN GARMENT & ACCESSORIES CO., LTD.",parsed_detail,,2026-08-24T05:45:15Z,cpm-moscow-autumn-2026-expodat-signo-v1.0.1,expodat_cpm_2026_autumn_public_catalog,053331acd9550ee5ae9e17dd7ec1583c8d216d4abc96b24ad132d16a992d8ff8,
CPM – Collection Première Moscow Осень 2026,1–4 сентября 2026,"ZHEJIANG ORANGE D'OR GARMENTS CO.,LTD","Zhejiang Orange D'Or Garments Co.,Ltd",одежда,Китай,,,15B66,,"Мода и стиль; женская, мужская и детская одежда; аксессуары; текстиль","ZHEJIANG ORANGE D'OR GARMENTS CO.,LTD","ZHEJIANG ORANGE D'OR GARMENTS CO.,LTD",http://:http://www.orangedor.net,lindawang@orangedor.cn,+86-13957736722,https://md.expodat.com/companies/company/41011-zhejiang-orange-d-or-garments-co-ltd.html,41011,"ZHEJIANG ORANGE D'OR GARMENTS CO.,LTD | Китай | 15B66 | ZHEJIANG ORANGE D'OR GARMENTS CO.,LTD | http://:http://www.orangedor.net | lindawang@orangedor.cn",parsed_detail,,2026-08-24T05:45:15Z,cpm-moscow-autumn-2026-expodat-signo-v1.0.1,expodat_cpm_2026_autumn_public_catalog,021481eef4f9b69203499dcdb57eaac08bbbddba669ccd6c075cada81537a861,
CPM – Collection Première Moscow Осень 2026,1–4 сентября 2026,"ZHEJIANG RAREBONE GARMENT CO., LTD.","Zhejiang Rarebone Garment Co., Ltd.",одежда,Китай,,,14D68,,"Мода и стиль; женская, мужская и детская одежда; аксессуары; текстиль","Zhejiang Sancyu Apparel Co., Ltd. was registered and established in Zhejiang Province on January 12, 2011. It has been operating for 12 years, 4 months and 11 days. Under the operation of legal representative Yang Huixun, the company is currently in existence. It belongs to the manufacturing industry, with manufacturing as its main business sector and a registered capital of RMB 18 million. The office address of Zhejiang Sancyu Apparel Co., Ltd. is No. 309 Qianfang Avenue, Pujiang County. If you are interested in our products, technologies or services, you are welcome to contact us by phone or visit us at any time.","ZHEJIANG RAREBONE GARMENT CO., LTD.",http://www.rarebone.com,cn.rarebone@gmail.com,+7 495 955 91 99,https://md.expodat.com/companies/company/40969-zhejiang-rarebone-garment-co-ltd.html,40969,"ZHEJIANG RAREBONE GARMENT CO., LTD. | Китай | 14D68 | Zhejiang Sancyu Apparel Co., Ltd. was registered and established in Zhejiang Province on January 12, 2011. It has been operating for 12 years, 4 months and 11 days. Under the operation of legal representative Yang Huixun, the company is currently in existence. It belongs to the manufacturing industry, with manufacturing as its main business sector and a registered capital of RMB 18 million. The office address of Zhejiang Sancyu Apparel Co., Ltd. is No. 309 Qianfang Avenue, Pujiang County. If you are interested in our products, technologies or services, you are welcome to contact us by phone or visit us at any time. | http://www.rarebone.com | cn.rarebone@gmail.com",parsed_detail,,2026-08-24T05:45:15Z,cpm-moscow-autumn-2026-expodat-signo-v1.0.1,expodat_cpm_2026_autumn_public_catalog,68a1deda94f985cd2f7edf9c995e2a8c8b796b28f0891e771f6907731c22aeb0,
CPM – Collection Première Moscow Осень 2026,1–4 сентября 2026,"ZHEJIANG SANTELON GARMENT CO.,LTD","Zhejiang Santelon Garment Co.,Ltd",одежда,Китай,,,15F46,,"Мода и стиль; женская, мужская и детская одежда; аксессуары; текстиль","ZHEJIANG SANTELON GARMENT CO.,LTD","ZHEJIANG SANTELON GARMENT CO.,LTD",,,+7 495 955 91 99,https://md.expodat.com/companies/company/41350-zhejiang-santelon-garment-co-ltd.html,41350,"ZHEJIANG SANTELON GARMENT CO.,LTD | Китай | 15F46 | ZHEJIANG SANTELON GARMENT CO.,LTD",parsed_detail,,2026-08-24T05:45:15Z,cpm-moscow-autumn-2026-expodat-signo-v1.0.1,expodat_cpm_2026_autumn_public_catalog,12bed54ad8876f32455030f10341de59446892ac8e1f3907ea2ca3cd75a63810,
CPM – Collection Première Moscow Осень 2026,1–4 сентября 2026,"ZHEJIANG SPRINGAIR SUNSHINE GARMENTS CO., LTD","Zhejiang Springair Sunshine Garments Co., Ltd",одежда,Китай,,,15F35,,"Мода и стиль; женская, мужская и детская одежда; аксессуары; текстиль","ZHEJIANG SPRINGAIR SUNSHINE GARMENTS CO., LTD","ZHEJIANG SPRINGAIR SUNSHINE GARMENTS CO., LTD",,,+7 495 955 91 99,https://md.expodat.com/companies/company/41317-zhejiang-springair-sunshine-garments-co-ltd.html,41317,"ZHEJIANG SPRINGAIR SUNSHINE GARMENTS CO., LTD | Китай | 15F35 | ZHEJIANG SPRINGAIR SUNSHINE GARMENTS CO., LTD",parsed_detail,,2026-08-24T05:45:15Z,cpm-moscow-autumn-2026-expodat-signo-v1.0.1,expodat_cpm_2026_autumn_public_catalog,8b2e625e92d885311c79b7ad380cfdfcac0a5ba9cc4dab95f359306a29db692c,
CPM – Collection Première Moscow Осень 2026,1–4 сентября 2026,"ZHEJIANG SUNZENTEX TECHNOLOGY CO., LTD.","Zhejiang Sunzentex Technology Co., Ltd.","одежда, аксессуары",Китай,,,15E36,,"Мода и стиль; женская, мужская и детская одежда; аксессуары; текстиль","ZHEJIANG SUNZENTEX TECHNOLOGY CO., LTD.","ZHEJIANG SUNZENTEX TECHNOLOGY CO., LTD.",,,+7 495 955 91 99,https://md.expodat.com/companies/company/41185-zhejiang-sunzentex-technology-co-ltd.html,41185,"ZHEJIANG SUNZENTEX TECHNOLOGY CO., LTD. | Китай | 15E36 | ZHEJIANG SUNZENTEX TECHNOLOGY CO., LTD.",parsed_detail,,2026-08-24T05:45:15Z,cpm-moscow-autumn-2026-expodat-signo-v1.0.1,expodat_cpm_2026_autumn_public_catalog,ae85f9441ac0d92e93a57322dc134d47603cfb573c6a4077891c9670c2952e03,
CPM – Collection Première Moscow Осень 2026,1–4 сентября 2026,"ZHEJIANG VANQIAN GARMENTS CO., LTD","Zhejiang Vanqian Garments Co., Ltd",одежда,Китай,,,15E65,,"Мода и стиль; женская, мужская и детская одежда; аксессуары; текстиль","2.Vanqian is a trusted manufacturing partner specializing in seamless activewear, shapewear, underwear, sports bras, and performance apparel. We proudly serve leading global brands and retailers across North America, Europe, Australia, and Asia with innovative products, reliable quality, and flexible manufacturing solutions. 3.With production facilities in China and Cambodia, we offer diversified sourcing, competitive costs, and stable supply chain support. Our U.S. branch provides local customer service and DDP logistics solutions, ensuring","ZHEJIANG VANQIAN GARMENTS CO., LTD",http://WWW.VANQIAN.COM,kemp@vanqian.com,0086180 5711 1111,https://md.expodat.com/companies/company/40696-pink-cornor.html,40696,"ZHEJIANG VANQIAN GARMENTS CO., LTD | Китай | 15E65 | 2.Vanqian is a trusted manufacturing partner specializing in seamless activewear, shapewear, underwear, sports bras, and performance apparel. We proudly serve leading global brands and retailers across North America, Europe, Australia, and Asia with innovative products, reliable quality, and flexible manufacturing solutions. 3.With production facilities in China and Cambodia, we offer diversified sourcing, competitive costs, and stable supply chain support. Our U.S. branch provides local customer service and DDP logistics solutions, ensuring | http://WWW.VANQIAN.COM | kemp@vanqian.com",parsed_detail,,2026-08-24T05:45:15Z,cpm-moscow-autumn-2026-expodat-signo-v1.0.1,expodat_cpm_2026_autumn_public_catalog,1399ba1e9000321d001009fb20f391780b709cb5dbc503769d346a254476a69e,
CPM – Collection Première Moscow Осень 2026,1–4 сентября 2026,"ZHEJIANG XINYICHENG GARMENT CO.,LTD","Zhejiang Xinyicheng Garment Co.,Ltd","текстиль и трикотаж, одежда",Китай,,,15E60,,"Мода и стиль; женская, мужская и детская одежда; аксессуары; текстиль","Zhejiang Xinyicheng Garment Co.,ltd.was founded in 2010. As a National High-tech Enterprise, it is located in Dongyang City, Zhejiang Province, China. We are a professional apparel manufacturer specializing in the R&D, production and sales of seamless knitted underwear, bras, sports bras, sportswear sets and other related products. We are equipped with hundreds of Santoni circular knitting machines imported from Italy, ranging from 11-inch to 20-inch models, which endows us with strong production capacity and competitive pricing advantages. The company has obtained multiple authoritative certifications, including WRAP, PVH, BSCI, GRS, ISO9001, Costco Supplier Certification and OEKO-TEX Standard 100.","ZHEJIANG XINYICHENG GARMENT CO.,LTD",http://kevin@xyc-garment.com,kevin@xyc-garment.com,17323931332,https://md.expodat.com/companies/company/41230-zhejiang-xinyicheng-garment-co-ltd.html,41230,"ZHEJIANG XINYICHENG GARMENT CO.,LTD | Китай | 15E60 | Zhejiang Xinyicheng Garment Co.,ltd.was founded in 2010. As a National High-tech Enterprise, it is located in Dongyang City, Zhejiang Province, China. We are a professional apparel manufacturer specializing in the R&D, production and sales of seamless knitted underwear, bras, sports bras, sportswear sets and other related products. We are equipped with hundreds of Santoni circular knitting machines imported from Italy, ranging from 11-inch to 20-inch models, which endows us with strong production capacity and competitive pricing advantages. The company has obtained multiple authoritative certifications, including WRAP, PVH, BSCI, GRS, ISO9001, Costco Supplier Certification and OEKO-TEX Standard 100. | http://kevin@xyc-garment.com | kevin@xyc-garment.com",parsed_detail,,2026-08-24T05:45:15Z,cpm-moscow-autumn-2026-expodat-signo-v1.0.1,expodat_cpm_2026_autumn_public_catalog,b5b94c8c16325c1c9b95b858175d0547a7a8a0488d107d87c2467fdb0c35608d,
CPM – Collection Première Moscow Осень 2026,1–4 сентября 2026,"ZHEJIANG YUROU TECHNOLOGY CO., LTD.","Zhejiang Yurou Technology Co., Ltd.",одежда,Китай,,,14D81,,"Мода и стиль; женская, мужская и детская одежда; аксессуары; текстиль","Zhejiang Yurou Technology Co., Ltd. (YURO) – A Global Down Jacket Supply Chain Leader.Zhejiang YuRou Technology Co., Ltd. (or YURO) is a digital infrastructure builder of the RMB 100-billion down jacket industrial belt in Pinghu, Zhejiang. The company brings together over 2,000 high-quality upstream suppliers, covering the full range of down outerwear categories and forming a complete and efficient supply chain system within the industry. With the “Yucang” Industrial Internet Platform and the YURO Cross-Border Supply Chain Hub as its core engines, YURO integrates industrial resources and boosts the efficiency of the global down jacket supply chain.","ZHEJIANG YUROU TECHNOLOGY CO., LTD.",https://www.downcoatmall.com/,260319493@qq.com,0086139 6722 5473,https://md.expodat.com/companies/company/40498-yurou.html,40498,"ZHEJIANG YUROU TECHNOLOGY CO., LTD. | Китай | 14D81 | Zhejiang Yurou Technology Co., Ltd. (YURO) – A Global Down Jacket Supply Chain Leader.Zhejiang YuRou Technology Co., Ltd. (or YURO) is a digital infrastructure builder of the RMB 100-billion down jacket industrial belt in Pinghu, Zhejiang. The company brings together over 2,000 high-quality upstream suppliers, covering the full range of down outerwear categories and forming a complete and efficient supply chain system within the industry. With the “Yucang” Industrial Internet Platform and the YURO Cross-Border Supply Chain Hub as its core engines, YURO integrates industrial resources and boosts the efficiency of the global down jacket supply chain. | https://www.downcoatmall.com/ | 260319493@qq.com",parsed_detail,,2026-08-24T05:45:15Z,cpm-moscow-autumn-2026-expodat-signo-v1.0.1,expodat_cpm_2026_autumn_public_catalog,73e9c6030cb94cfc2167d9eada9e591cd89c03b0420eea0be49b8726cfe2b61d,
CPM – Collection Première Moscow Осень 2026,1–4 сентября 2026,"ZHEJIANG ZHONGDA NOVOTEX CO.,LTD","Zhejiang Zhongda Novotex Co.,Ltd","одежда, аксессуары",Китай,,,15E49,,"Мода и стиль; женская, мужская и детская одежда; аксессуары; текстиль","ZHEJIANG ZHONGDA NOVOTEX CO.,LTD","ZHEJIANG ZHONGDA NOVOTEX CO.,LTD",,,+7 495 955 91 99,https://md.expodat.com/companies/company/41212-zhejiang-zhongda-novotex-co-ltd.html,41212,"ZHEJIANG ZHONGDA NOVOTEX CO.,LTD | Китай | 15E49 | ZHEJIANG ZHONGDA NOVOTEX CO.,LTD",parsed_detail,,2026-08-24T05:45:15Z,cpm-moscow-autumn-2026-expodat-signo-v1.0.1,expodat_cpm_2026_autumn_public_catalog,2cde0bca14cf325a78f8498ebcf7c52353cb85af0a710dd1a452ef694885e15a,
CPM – Collection Première Moscow Осень 2026,1–4 сентября 2026,"ZHEJIANG ZHONGDA SHINETEX IMPORT AND EXPORT CO., LTD.","Zhejiang Zhongda Shinetex Import And Export Co., Ltd.","аксессуары, текстиль и трикотаж, одежда",Китай,,,14D75,,"Мода и стиль; женская, мужская и детская одежда; аксессуары; текстиль","As a subsidiary of WZ GROUP-a Zhejiang-based listed company that ranked 120th on the 2022 Fortune Global 500- ZHEJIANG ZHONGDA SHINETEX IMP. & EXP CO.,LTD specializes in the export of woven garments and also developed accessories line.To better serve global clients, SHINETEX established our own factory in Huzhou,Zhejiang,since 2003. Now we have an annual capacity of 600,000 pcs garments per year. Backed by professional sales, order follow-up and QC teams, together with robust manufacturing capabilities, we deliver premium products at competitive prices and provide thoughtful services. As a subsidiary of WZ GROUP-a Zhejiang-based listed company that ranked 120th on the 2022 Fortune Global 500- ZHEJIANG ZHONGDA SHINETEX IMP. & EXP CO.,LTD specializes in the export of woven garments and also developed accessories line.To better serve global clients, SHINETEX established our own factory in Huzhou,Zhejiang,since 2003. Now we have an annual capacity of 600,000 pcs garments per year. Backed by professional sales, order follow-up and QC teams, together with robust manufacturing capabilities, we deliver premium products at competitive prices and provide thoughtful services.Leveraging integrated fabric resources, standardized production workflows and stringent quality control, we support one-stop services ranging from design, sample development to bulk production,to meet diverse OEM & ODM market demands.","ZHEJIANG ZHONGDA SHINETEX IMPORT AND EXPORT CO., LTD.",,shinetex1@shinetex.com.cn,+86 18368388289,https://md.expodat.com/companies/company/40444-zhongda.html,40444,"ZHEJIANG ZHONGDA SHINETEX IMPORT AND EXPORT CO., LTD. | Китай | 14D75 | As a subsidiary of WZ GROUP-a Zhejiang-based listed company that ranked 120th on the 2022 Fortune Global 500- ZHEJIANG ZHONGDA SHINETEX IMP. & EXP CO.,LTD specializes in the export of woven garments and also developed accessories line.To better serve global clients, SHINETEX established our own factory in Huzhou,Zhejiang,since 2003. Now we have an annual capacity of 600,000 pcs garments per year. Backed by professional sales, order follow-up and QC teams, together with robust manufacturing capabilities, we deliver premium products at competitive prices and provide thoughtful services. As a subsidiary of WZ GROUP-a Zhejiang-based listed company that ranked 120th on the 2022 Fortune Global 500- ZHEJIANG ZHONGDA SHINETEX IMP. & EXP CO.,LTD specializes in the export of woven garments and also developed accessories line.To better serve global clients, SHINETEX established our own factory in Huzhou,Zhejiang,since 2003. Now we have an annual capacity of 600,000 pcs garments per year. Backed by professional sales, order follow-up and QC teams, together with robust manufacturing capabilities, we deliver premium products",parsed_detail,,2026-08-24T05:45:15Z,cpm-moscow-autumn-2026-expodat-signo-v1.0.1,expodat_cpm_2026_autumn_public_catalog,df8875619e8540ebdd6b92cb394d3170e441c729598866cbc21871f68ea10ad8,
CPM – Collection Première Moscow Осень 2026,1–4 сентября 2026,"Zhongshan Xiaolan Lailisi Garment Co., Ltd.","Zhongshan Xiaolan Lailisi Garment Co., Ltd.","текстиль и трикотаж, одежда",Китай,,,13C61,,"Мода и стиль; женская, мужская и детская одежда; аксессуары; текстиль","Founded 2002 in Guangdong, Lailisi Garment Co., Ltd. researches, designs, produces and sells knitwear, certified by authorities as a large tech-leading enterprise. We value integrity and talents with intelligent streamlined production systems. Digital pre-production and computerized process allocation secure stable quality and high efficiency. Intelligent hanging gear realizes digital standardized management. Data-driven flexible production lets us fast deliver varied small-batch products for steady market development.","Zhongshan Xiaolan Lailisi Garment Co., Ltd.",,tianea@163.com,+86 13320369655,https://md.expodat.com/companies/company/40711-xiaolan.html,40711,"Zhongshan Xiaolan Lailisi Garment Co., Ltd. | Китай | 13C61 | Founded 2002 in Guangdong, Lailisi Garment Co., Ltd. researches, designs, produces and sells knitwear, certified by authorities as a large tech-leading enterprise. We value integrity and talents with intelligent streamlined production systems. Digital pre-production and computerized process allocation secure stable quality and high efficiency. Intelligent hanging gear realizes digital standardized management. Data-driven flexible production lets us fast deliver varied small-batch products for steady market development. | tianea@163.com",parsed_detail,,2026-08-24T05:45:15Z,cpm-moscow-autumn-2026-expodat-signo-v1.0.1,expodat_cpm_2026_autumn_public_catalog,6760a4c87d8102875c3aeeb325efc4db623ae71991bc82ecb8576ee94fb56441,
CPM – Collection Première Moscow Осень 2026,1–4 сентября 2026,"ZHUJI DETEX GARMENT CO., LTD","Zhuji Detex Garment Co., Ltd",одежда,Китай,,,15E33,,"Мода и стиль; женская, мужская и детская одежда; аксессуары; текстиль","ZHUJI DETEX GARMENT CO., LTD","ZHUJI DETEX GARMENT CO., LTD",,,+7 495 955 91 99,https://md.expodat.com/companies/company/41176-zhuji-detex-garment-co-ltd.html,41176,"ZHUJI DETEX GARMENT CO., LTD | Китай | 15E33 | ZHUJI DETEX GARMENT CO., LTD",parsed_detail,,2026-08-24T05:45:15Z,cpm-moscow-autumn-2026-expodat-signo-v1.0.1,expodat_cpm_2026_autumn_public_catalog,9622dbcebcffc8423f5587d9c536b5b575a2cf1ea0af6db661c345436bd62bf2,
CPM – Collection Première Moscow Осень 2026,1–4 сентября 2026,АЗЪГАРД,Азъгард,"аксессуары, одежда",Россия,,,14G25,,"Мода и стиль; женская, мужская и детская одежда; аксессуары; текстиль","Фундаментом нашего производства является уникальная школа «Ессентукского Золотошитья». Это самобытный стиль, сформировавшийся на стыке культур Северного Кавказа. • Исторический код: Мы восстанавливаем утраченные орнаменты и техники, характерные для парадной одежды терского казачества и знати XIX века. Фундаментом нашего производства является уникальная школа «Ессентукского Золотошитья». Это самобытный стиль, сформировавшийся на стыке культур Северного Кавказа. • Исторический код: Мы восстанавливаем утраченные орнаменты и техники, характерные для парадной одежды терского казачества и знати XIX века. • Ручная вышивка: Наши мастера владеют сложнейшими техниками золотного шитья (в прикреп, по карте, канителью), создавая эксклюзивные изделия музейного уровня. Каждая такая работа несет тепло рук мастера и является произведением искусства. Сохраняя традиции, ООО «Азъгард» является передовым индустриальным партнером. Мы объединили ручной труд с высокотехнологичным оборудованием. Наши возможности: • Парк оборудования: Цеха оснащены современными промышленными вышивальными машинами (российского производства класса Tajima/Barudan/Velles), позволяющими выполнять многоцветную вышивку высокой плотности. • Сложные техники: Мы используем машины для вышивки пайетками, шнуром, создания 3D-объема (пуфф), а также лазерную резку для аппликаций. • Масштабируемость: От создания единичного эксклюзивного подарка до многотысячных тиражей шевронов, униформы и сувенирной продукции в кратчайшие сроки. • Программное обеспечение: Собственный отдел дизайна разрабатывает программы для вышивки любой сложности, адаптируя исторические узоры под современные форматы. Мы предлагаем широкий спектр изделий, сочетающих эстетику и практичность: • Эксклюзив: Иконы, панно, предметы интерьера ручной работы, vip-подарки. • Одежда и аксессуары: Коллекции одежды с этническими элементами, сценические костюмы, платки, шали. • Корпоративный сегмент: Брендирование одежды, изготовление шевронов, вымпелов и флагов с государственной и корпоративной символикой. ООО «Азъгард» — где нити истории сплетаются в узоры будущего.",АЗЪГАРД,http://www.азъгард.рф,,+7 (918) 788-71-19,https://md.expodat.com/companies/company/41482-azgard.html,41482,"АЗЪГАРД | Россия | 14G25 | Фундаментом нашего производства является уникальная школа «Ессентукского Золотошитья». Это самобытный стиль, сформировавшийся на стыке культур Северного Кавказа. • Исторический код: Мы восстанавливаем утраченные орнаменты и техники, характерные для парадной одежды терского казачества и знати XIX века. Фундаментом нашего производства является уникальная школа «Ессентукского Золотошитья». Это самобытный стиль, сформировавшийся на стыке культур Северного Кавказа. • Исторический код: Мы восстанавливаем утраченные орнаменты и техники, характерные для парадной одежды терского казачества и знати XIX века. • Ручная вышивка: Наши мастера владеют сложнейшими техниками золотного шитья (в прикреп, по карте, канителью), создавая эксклюзивные изделия музейного уровня. Каждая такая работа несет тепло рук мастера и является произведением искусства. Сохраняя традиции, ООО «Азъгард» является передовым индустриальным партнером. Мы объединили ручной труд с высокотехнологичным оборудованием. Наши возможности: • Парк оборудования: Цеха оснащены современными промышленными вышивальными машинами (российского производства класса Tajima/Barudan/Velles), позволяющими выполнять много",parsed_detail,,2026-08-24T05:45:15Z,cpm-moscow-autumn-2026-expodat-signo-v1.0.1,expodat_cpm_2026_autumn_public_catalog,d3459f3871b1fb0f023d19efe4d95a36d25348439809f907bfe393e6d3e323ce,
CPM – Collection Première Moscow Осень 2026,1–4 сентября 2026,Акцент,Акцент,"изделия из кожи и меха, текстиль и трикотаж",Беларусь,,,15B50,,"Мода и стиль; женская, мужская и детская одежда; аксессуары; текстиль","Более 50 лет мы производим перчатки, варежки и рукавицы высокого качества из натуральных кож и трикотажных полотен. Наши перчатки создаются вручную на всех этапах - от раскроя до пошива.",Акцент,https://www.accentgloves.ru/,accent-gloves@mail.ru,+375 (33) 655-47-07,https://md.expodat.com/companies/company/38672-accent.html,38672,"Акцент | Беларусь | 15B50 | Более 50 лет мы производим перчатки, варежки и рукавицы высокого качества из натуральных кож и трикотажных полотен. Наши перчатки создаются вручную на всех этапах - от раскроя до пошива. | https://www.accentgloves.ru/ | accent-gloves@mail.ru",parsed_detail,,2026-08-24T05:45:15Z,cpm-moscow-autumn-2026-expodat-signo-v1.0.1,expodat_cpm_2026_autumn_public_catalog,0948998cbbbf0449a8c38f71165252b0aea07e971e2dc419c4310d0fff3c0b5c,
CPM – Collection Première Moscow Осень 2026,1–4 сентября 2026,Арт Мех,Арт Мех,"изделия из кожи и меха, одежда",Россия,,,15A27,,"Мода и стиль; женская, мужская и детская одежда; аксессуары; текстиль","Производство ""Арт Мех"" полностью оснащено высококлассным европейским оборудованием. Сегодня это большая редкость не только для России. Процесс производства меховых пальто из натурального меха традиционно включает в себя кропотливую ручную работу, заботливо выполняемую высококвалифицированными мастерами. Производство ""Арт Мех"" полностью оснащено высококлассным европейским оборудованием. Сегодня это большая редкость не только для России. Процесс производства меховых пальто из натурального меха традиционно включает в себя кропотливую ручную работу, заботливо выполняемую высококвалифицированными мастерами. Использование в технологическом цикле предприятия современного оборудования и специального инструмента в сочетании с передовой скорняжной технологией позволяет производить меховые пальто, которые удовлетворяют самым взыскательным требованиям клиентов, соответствуют российским стандартам качества и мировой моде. Приглашаем к сотрудничеству с меховой компанией ""АРТель МЕХовая"" ДЛЯ ВАС: Ø Производство и поставка коллекций моделей малых и больших партий; Ø Модели от лучших европейских дизайнеров; Ø Коллекция моделей больших и нестандартных размеров (от 60 и выше); Ø Пошив по вашим лекалам и с вашим логотипом; Ø Пошив по индивидуальным заказам эксклюзивных изделий; Наш многолетний опыт производства, высококвалифицированный персонал и новаторская скорняжная технология – гарантия качества и высокопрофессионального изготовления меховых изделий. Наши специалисты всегда готовы оказать Вам профессиональную консультацию и помочь в выборе товара",Арт Мех,,art-mex@mail.ru,8 910 660 83 92,https://md.expodat.com/companies/company/29137-art-mex.html,29137,"Арт Мех | Россия | 15A27 | Производство ""Арт Мех"" полностью оснащено высококлассным европейским оборудованием. Сегодня это большая редкость не только для России. Процесс производства меховых пальто из натурального меха традиционно включает в себя кропотливую ручную работу, заботливо выполняемую высококвалифицированными мастерами. Производство ""Арт Мех"" полностью оснащено высококлассным европейским оборудованием. Сегодня это большая редкость не только для России. Процесс производства меховых пальто из натурального меха традиционно включает в себя кропотливую ручную работу, заботливо выполняемую высококвалифицированными мастерами. Использование в технологическом цикле предприятия современного оборудования и специального инструмента в сочетании с передовой скорняжной технологией позволяет производить меховые пальто, которые удовлетворяют самым взыскательным требованиям клиентов, соответствуют российским стандартам качества и мировой моде. Приглашаем к сотрудничеству с меховой компанией ""АРТель МЕХовая"" ДЛЯ ВАС: Ø Производство и поставка коллекций моделей малых и больших партий; Ø Модели от лучших европейских дизайнеров; Ø Коллекция моделей больших и нестандартных размеров (от 60 и выш",parsed_detail,,2026-08-24T05:45:15Z,cpm-moscow-autumn-2026-expodat-signo-v1.0.1,expodat_cpm_2026_autumn_public_catalog,4780e1071fa6d43ea5ef683bc5ba2083e7a54038bb6798905189e0ae32140b1c,
CPM – Collection Première Moscow Осень 2026,1–4 сентября 2026,АРТ ПАТИНА,Арт Патина,"одежда, аксессуары",Россия,,,15B43,,"Мода и стиль; женская, мужская и детская одежда; аксессуары; текстиль",АРТ ПАТИНА-живое искусство. Создано мастером.,АРТ ПАТИНА,http://artpatina.ru,evrotrastop@mail.ru,+79031608138,https://md.expodat.com/companies/company/40753-art-patina.html,40753,АРТ ПАТИНА | Россия | 15B43 | АРТ ПАТИНА-живое искусство. Создано мастером. | http://artpatina.ru | evrotrastop@mail.ru,parsed_detail,,2026-08-24T05:45:15Z,cpm-moscow-autumn-2026-expodat-signo-v1.0.1,expodat_cpm_2026_autumn_public_catalog,22c96afcf749be02bca5c54815334c020b09eecaeb2cc406b5ea8c401f7c9d8a,
CPM – Collection Première Moscow Осень 2026,1–4 сентября 2026,АССОЦИАЦИЯ ТЕКСТИЛЬЩИКОВ РОССИИ,Ассоциация Текстильщиков России,,Россия,,,14G34,,"Мода и стиль; женская, мужская и детская одежда; аксессуары; текстиль",,АССОЦИАЦИЯ ТЕКСТИЛЬЩИКОВ РОССИИ,,,+7 495 955 91 99,https://md.expodat.com/companies/company/37316-assotsiatsiya-tekstilshchikov-rossii.html,37316,АССОЦИАЦИЯ ТЕКСТИЛЬЩИКОВ РОССИИ | Россия | 14G34,parsed_detail,products,2026-08-24T05:45:15Z,cpm-moscow-autumn-2026-expodat-signo-v1.0.1,expodat_cpm_2026_autumn_public_catalog,1fda78b5b78ae919bb4a276d2508f46ddf41f50e0ea135b686f50a9b3e1bf020,
CPM – Collection Première Moscow Осень 2026,1–4 сентября 2026,"ГАУ ""Агентство инвестиций и развития предпринимательства Костромской области""","ГАУ ""Агентство инвестиций и развития предпринимательства Костромской области""",,Россия,,,15A27,,"Мода и стиль; женская, мужская и детская одежда; аксессуары; текстиль","Центр ""Мой бизнес"" (ГАУ ""Агентство инвестиций и развития предпринимательства Костромской области"") - многофункциональная площадка, на которой предприниматели и те, кто планирует начать свое дело, могут получить комплексную поддержку","ГАУ ""Агентство инвестиций и развития предпринимательства Костромской области""",https://moybusiness44.ru/,eikc-ko@mail.ru; cpp_arpko@der.kostroma.gov.ru,+7 495 955 91 99,https://md.expodat.com/companies/company/23962-kostroma-region.html,23962,"ГАУ ""Агентство инвестиций и развития предпринимательства Костромской области"" | Россия | 15A27 | Центр ""Мой бизнес"" (ГАУ ""Агентство инвестиций и развития предпринимательства Костромской области"") - многофункциональная площадка, на которой предприниматели и те, кто планирует начать свое дело, могут получить комплексную поддержку | https://moybusiness44.ru/ | eikc-ko@mail.ru; cpp_arpko@der.kostroma.gov.ru",parsed_detail,products,2026-08-24T05:45:15Z,cpm-moscow-autumn-2026-expodat-signo-v1.0.1,expodat_cpm_2026_autumn_public_catalog,b8815f9f924e2d5f5df2b847b0455dc26f054eca7511971eb430be20e67ed891,
CPM – Collection Première Moscow Осень 2026,1–4 сентября 2026,ДИГИДОН,Дигидон,,Россия,,,15B71,,"Мода и стиль; женская, мужская и детская одежда; аксессуары; текстиль","ООО «Дигидон» — официальный дистрибьютор косметики, парфюмерии и бытовой химии из 25 стран мира. На протяжении 33 лет мы заслужили репутацию надежного бизнес-партнера благодаря широкому ассортименту, эффективной логистике, безупречному сервису и бесперебойным поставкам. ООО «Дигидон» — официальный дистрибьютор косметики, парфюмерии и бытовой химии из 25 стран мира. На протяжении 33 лет мы заслужили репутацию надежного бизнес-партнера благодаря широкому ассортименту, эффективной логистике, безупречному сервису и бесперебойным поставкам. Мы ценим доверие наших клиентов и придерживаемся двух основных принципов работы: глубокий анализ мировых трендов и возможность удовлетворить ожидания целевой аудитории раньше других. Эти принципы позволили нам стать крупным мультибрендовым торговым холдингом и официальным представителем более 40 брендов mass и middle-market из стран Европы и Азии. Мы представляем более 40 брендов: Al Fares ATAK BEA Beauty collection BEAUTYDERM Beliso Belita Bio World BradoLine Charme Cj Lion Corania Creation Lamis DEBA Dilis Dorall Collection Dr.Sante Dream World Emper Eveline Family Forever Factory Florex-Super NEW КЕРАТИН FRESH JUICE GLOBAL CHEMICAL HAIR TREND HiGeen HighGenic Inter-vion Irida Iris JACGUES BATTINI KITCHEN! LaQ LeNOARe LILO LINOM Luxvisage MACROCARE MARVEL Mellor&Russell MERTZ Mirada MODUM NATURELLE NORMAL Clinic OXFORD AYUREX OXFORD HERBEXTRA PAX MOLY Petrova RAYYAN GRAND CRYSTAL Relouis Romax Rubella SESSIO TREET Trendy VIPERA VITEX VO7 Белита Витэкс ГРИН ПРОМ МАША и МЕДВЕДЬ СВОЙ-ЧУЖОЙ СУПЕРМАШ Элитан Мы сотрудничаем с производителями косметики, парфюмерии и бытовой химии из более чем 25 стран мира: Беларусь Иордания Россия Азербайджан Южная Корея Болгария ОАЭ Франция Китай Польша Хорватия Италия Турция Сербия Венгрия Более 100 топовых розничных сетей и интернет-магазинов России, Казахстана и Белоруссии выбрали «Дигидон» ключевым поставщиком косметики, парфюмерии и бытовой химии. Мы первыми представили в Российской Федерации эти бренды: Biolita Bitэкс BradaLine Elfa Pharm Brado Bond Rubella HighGenic HiGreen LaQ Intervion Dorall Collection Jean Paul Dupont KAYAN ADOS CJ LION Iris Creation Lamis V07 Quiz Cosmetics GLORIS Floralis Beliso CREDO LABUTE MARKELL LINOM Saif Al Fares Mirada Perfumes Jack Collins MontWood Petrova HiGeen Anfords Важным событием ноября 2023 для нашей компании стал старт продаж эксклюзивного бренда Александра Розенбаума «Свой-Чужой».",ДИГИДОН,https://digidon.ru/,pr@digidon.org,+7 (903) 167-41-48,https://md.expodat.com/companies/company/39848-digidon-cosmetics.html,39848,"ДИГИДОН | Россия | 15B71 | ООО «Дигидон» — официальный дистрибьютор косметики, парфюмерии и бытовой химии из 25 стран мира. На протяжении 33 лет мы заслужили репутацию надежного бизнес-партнера благодаря широкому ассортименту, эффективной логистике, безупречному сервису и бесперебойным поставкам. ООО «Дигидон» — официальный дистрибьютор косметики, парфюмерии и бытовой химии из 25 стран мира. На протяжении 33 лет мы заслужили репутацию надежного бизнес-партнера благодаря широкому ассортименту, эффективной логистике, безупречному сервису и бесперебойным поставкам. Мы ценим доверие наших клиентов и придерживаемся двух основных принципов работы: глубокий анализ мировых трендов и возможность удовлетворить ожидания целевой аудитории раньше других. Эти принципы позволили нам стать крупным мультибрендовым торговым холдингом и официальным представителем более 40 брендов mass и middle-market из стран Европы и Азии. Мы представляем более 40 брендов: Al Fares ATAK BEA Beauty collection BEAUTYDERM Beliso Belita Bio World BradoLine Charme Cj Lion Corania Creation Lamis DEBA Dilis Dorall Collection Dr.Sante Dream World Emper Eveline Family Forever Factory Florex-Super NEW КЕРАТИН FRESH JUICE GLOB",parsed_detail,products,2026-08-24T05:45:15Z,cpm-moscow-autumn-2026-expodat-signo-v1.0.1,expodat_cpm_2026_autumn_public_catalog,397444d88d9a945ea492a8eb8f51d3a9205f040b504d6c767d678b0a648c3a07,
CPM – Collection Première Moscow Осень 2026,1–4 сентября 2026,Дизайн-студия Манекен,Дизайн-студия Манекен,,Россия,,,14G61,,"Мода и стиль; женская, мужская и детская одежда; аксессуары; текстиль","Дорогие партнеры! Мы рады стать участниками выставки CPM — Collection Première Moscow 2026. Ждем вас на нашем стенде 14G61! Дизайн-студия «Манекен» - магазин манекенов. Мы предлагаем максимально широкий ассортимент манекенов, и демонстрационных форм , актуальный дизайн, качественный товар и высокий уровень послепродажного сервиса. Дорогие партнеры! Мы рады стать участниками выставки CPM — Collection Première Moscow 2026. Ждем вас на нашем стенде 14G61! Дизайн-студия «Манекен» - магазин манекенов. Мы предлагаем максимально широкий ассортимент манекенов, и демонстрационных форм , актуальный дизайн, качественный товар и высокий уровень послепродажного сервиса. Все товары нашего сайта manekens.ru имеются в наличии на наших складах -более 40 тысяч наименований товаров. Доставку в регионы осуществляем транспортными компаниями, по Москве, Московской области и ближайшим регионам собственным транспортом. Шоу-рум 2000 кв.м в Москве. Адрес офиса и шоу-рума: г. Москва, Рублевское шоссе, д.28, корп 2 Время работы: пн-пт с 9:00 до 18:00 Контакты: maneken1@manekens.ru 8 (800) 302-02-37",Дизайн-студия Манекен,https://manekens.ru/,maneken1@manekens.ru,8 (800) 302-02-37,https://md.expodat.com/companies/company/30178-dizajn-studiya-maneken.html,30178,"Дизайн-студия Манекен | Россия | 14G61 | Дорогие партнеры! Мы рады стать участниками выставки CPM — Collection Première Moscow 2026. Ждем вас на нашем стенде 14G61! Дизайн-студия «Манекен» - магазин манекенов. Мы предлагаем максимально широкий ассортимент манекенов, и демонстрационных форм , актуальный дизайн, качественный товар и высокий уровень послепродажного сервиса. Дорогие партнеры! Мы рады стать участниками выставки CPM — Collection Première Moscow 2026. Ждем вас на нашем стенде 14G61! Дизайн-студия «Манекен» - магазин манекенов. Мы предлагаем максимально широкий ассортимент манекенов, и демонстрационных форм , актуальный дизайн, качественный товар и высокий уровень послепродажного сервиса. Все товары нашего сайта manekens.ru имеются в наличии на наших складах -более 40 тысяч наименований товаров. Доставку в регионы осуществляем транспортными компаниями, по Москве, Московской области и ближайшим регионам собственным транспортом. Шоу-рум 2000 кв.м в Москве. Адрес офиса и шоу-рума: г. Москва, Рублевское шоссе, д.28, корп 2 Время работы: пн-пт с 9:00 до 18:00 Контакты: maneken1@manekens.ru 8 (800) 302-02-37 | https://manekens.ru/ | maneken1@manekens.ru",parsed_detail,products,2026-08-24T05:45:15Z,cpm-moscow-autumn-2026-expodat-signo-v1.0.1,expodat_cpm_2026_autumn_public_catalog,05a4e4ae4c07dd707ef43f0602b9acda5efa09c18f93d2416cc8dd8188d4cc1d,
CPM – Collection Première Moscow Осень 2026,1–4 сентября 2026,Жан и Параскева,Жан и Параскева,"изделия из кожи и меха, текстиль и трикотаж, одежда",Россия,,,14E21,,"Мода и стиль; женская, мужская и детская одежда; аксессуары; текстиль","Особенности торговой марки Жан и Параскева/ JAN&PARASKEVA: cложный крой, деконструктивные элементы и разнообразие форм. Готовая продукция проходит финишную обработку по умягчению льна, что гарантирует сохранение размера при последующих стирках и тактильно приятные ощущения при контакте с кожей. Особенности торговой марки Жан и Параскева/ JAN&PARASKEVA: cложный крой, деконструктивные элементы и разнообразие форм. Готовая продукция проходит финишную обработку по умягчению льна, что гарантирует сохранение размера при последующих стирках и тактильно приятные ощущения при контакте с кожей. Ткани: Лён. Хлопок. Cotton. Трикотажное полотно: кулирная гладь, футер 2-х и 3-х нитка. Размерный ряд -от 42-го до 64-го. Ассортимент: платья, сарафаны, блузы, жакеты, брюки, жилеты, комбинезоны, тренчи.",Жан и Параскева,http://www.rl-v.ru,janparaskeva@gmail.com,+7 495 955 91 99,https://md.expodat.com/companies/company/20736-jan-paraskeva.html,20736,"Жан и Параскева | Россия | 14E21 | Особенности торговой марки Жан и Параскева/ JAN&PARASKEVA: cложный крой, деконструктивные элементы и разнообразие форм. Готовая продукция проходит финишную обработку по умягчению льна, что гарантирует сохранение размера при последующих стирках и тактильно приятные ощущения при контакте с кожей. Особенности торговой марки Жан и Параскева/ JAN&PARASKEVA: cложный крой, деконструктивные элементы и разнообразие форм. Готовая продукция проходит финишную обработку по умягчению льна, что гарантирует сохранение размера при последующих стирках и тактильно приятные ощущения при контакте с кожей. Ткани: Лён. Хлопок. Cotton. Трикотажное полотно: кулирная гладь, футер 2-х и 3-х нитка. Размерный ряд -от 42-го до 64-го. Ассортимент: платья, сарафаны, блузы, жакеты, брюки, жилеты, комбинезоны, тренчи. | http://www.rl-v.ru | janparaskeva@gmail.com",parsed_detail,,2026-08-24T05:45:15Z,cpm-moscow-autumn-2026-expodat-signo-v1.0.1,expodat_cpm_2026_autumn_public_catalog,7936c2ddde839f8b0c575df07a969dfeefee4f8c1847e6e02cc9f2b1370e51dc,
CPM – Collection Première Moscow Осень 2026,1–4 сентября 2026,Журнал Дорогое удовольствие,Журнал Дорогое удовольствие,,Россия,,,14А81,,"Мода и стиль; женская, мужская и детская одежда; аксессуары; текстиль","«Дорогое удовольствие» - это семья журналов, существующая более 20-ти лет. Наши журналы выходят под одним названием в 20-ти крупнейших городах России от Сочи до Владивостока. Все годы своего существования мы работаем для премиальной аудитории этих городов – владельцев бизнесов, модных бутиков, ресторанов, для лидеров мнений, активных покупателей, ориентированных на высокие стандарты потребления. «Дорогое удовольствие» - это семья журналов, существующая более 20-ти лет. Наши журналы выходят под одним названием в 20-ти крупнейших городах России от Сочи до Владивостока. Все годы своего существования мы работаем для премиальной аудитории этих городов – владельцев бизнесов, модных бутиков, ресторанов, для лидеров мнений, активных покупателей, ориентированных на высокие стандарты потребления. Пишем для них и о них. Это не просто читатели, это наши друзья. Ежемесячная аудитория бренда «Дорогое удовольствие в России» составляет более 250 тысяч человек! Сегодня мы общаемся с нашими читателями не только через страницы журнала, но и через сайты, Инстаграм, на мероприятиях, и на встречах членов наших клубов. И по-прежнему каждый месяц мы доставляем наш журнал в руки самой состоятельной аудитории городов России.",Журнал Дорогое удовольствие,https://dorogoe.ru,welcome@dorogoe.ru,+7 495 955 91 99,https://md.expodat.com/companies/company/21942-zhurnal-dorogoe-udovolstvie.html,21942,"Журнал Дорогое удовольствие | Россия | 14А81 | «Дорогое удовольствие» - это семья журналов, существующая более 20-ти лет. Наши журналы выходят под одним названием в 20-ти крупнейших городах России от Сочи до Владивостока. Все годы своего существования мы работаем для премиальной аудитории этих городов – владельцев бизнесов, модных бутиков, ресторанов, для лидеров мнений, активных покупателей, ориентированных на высокие стандарты потребления. «Дорогое удовольствие» - это семья журналов, существующая более 20-ти лет. Наши журналы выходят под одним названием в 20-ти крупнейших городах России от Сочи до Владивостока. Все годы своего существования мы работаем для премиальной аудитории этих городов – владельцев бизнесов, модных бутиков, ресторанов, для лидеров мнений, активных покупателей, ориентированных на высокие стандарты потребления. Пишем для них и о них. Это не просто читатели, это наши друзья. Ежемесячная аудитория бренда «Дорогое удовольствие в России» составляет более 250 тысяч человек! Сегодня мы общаемся с нашими читателями не только через страницы журнала, но и через сайты, Инстаграм, на мероприятиях, и на встречах членов наших клубов. И по-прежнему каждый месяц мы доставляе",parsed_detail,products,2026-08-24T05:45:15Z,cpm-moscow-autumn-2026-expodat-signo-v1.0.1,expodat_cpm_2026_autumn_public_catalog,2b327458732791621335a0d44c0e8e6be54b1e4b5d50c01aec50b4b9a97dedd8,
CPM – Collection Première Moscow Осень 2026,1–4 сентября 2026,Ивановский политех,Ивановский политех,,Россия,,,15A09,,"Мода и стиль; женская, мужская и детская одежда; аксессуары; текстиль",,Ивановский политех,,,+7 495 955 91 99,https://md.expodat.com/companies/company/35373-ivanovskij-politekh.html,35373,Ивановский политех | Россия | 15A09,parsed_detail,products,2026-08-24T05:45:15Z,cpm-moscow-autumn-2026-expodat-signo-v1.0.1,expodat_cpm_2026_autumn_public_catalog,48d049814351d8d35150bc6be707ec48bdc3b7660c9d96ccf6febd0389744445,
CPM – Collection Première Moscow Осень 2026,1–4 сентября 2026,Институт Искусств РГУ им. А.Н. Косыгина,Институт Искусств РГУ им. А.Н. Косыгина,,Россия,,,15A09,,"Мода и стиль; женская, мужская и детская одежда; аксессуары; текстиль",,Институт Искусств РГУ им. А.Н. Косыгина,,,+7 495 955 91 99,https://md.expodat.com/companies/company/35394-institut-iskusstv-rgu-im-a-n-kosygina.html,35394,Институт Искусств РГУ им. А.Н. Косыгина | Россия | 15A09,parsed_detail,products,2026-08-24T05:45:15Z,cpm-moscow-autumn-2026-expodat-signo-v1.0.1,expodat_cpm_2026_autumn_public_catalog,a4993110fd0bd41efd52a4986e1469be1199a07cc3b32b61ac5ba4df7cac4be8,
CPM – Collection Première Moscow Осень 2026,1–4 сентября 2026,ИСКУШЕНИЕ СТИЛЕМ,Искушение Стилем,"одежда, аксессуары",Россия,,,15A57,,"Мода и стиль; женская, мужская и детская одежда; аксессуары; текстиль",,ИСКУШЕНИЕ СТИЛЕМ,http://шерстянки.рф,,+7 495 955 91 99,https://md.expodat.com/companies/company/22607-iskushenie-stilem.html,22607,ИСКУШЕНИЕ СТИЛЕМ | Россия | 15A57 | http://шерстянки.рф,parsed_detail,,2026-08-24T05:45:15Z,cpm-moscow-autumn-2026-expodat-signo-v1.0.1,expodat_cpm_2026_autumn_public_catalog,2542a4eb3cb39e5b94084f61fdde8a00b4b89e7c61a074800dea0c999c26ea83,
CPM – Collection Première Moscow Осень 2026,1–4 сентября 2026,КИФА,КИФА,,Россия,,,14F63,,"Мода и стиль; женская, мужская и детская одежда; аксессуары; текстиль","Платформа КИФА - полный цикл поставок из Китая в одном окне от документов до финансовой поддержки. - Импорт с ваших фабрик из КНР - Фэшен оптом со склада в РФ - Выкуп и доставка с 1688 - Разные каналы перевода на фабрики - Поиск товаров и поставщиков под запрос - Калькулятор импорта СМАРТ ПОСТАВКА - исполнение трансграничных сделок под ключ: - Полное сопровождение сделки - Сертификация и маркировка - Прозрачное ценообразование - Таможенное оформление с собственным брокером - Договор купли-продажи с гарантией поставки - Персональный менеджер - Финансирование поставок - Бизнес-туры на фабрики в Китай СМАРТ МАРКЕТ - B2B-маркетплейс с ценами DDP: - Финальные цены с доставкой и растаможкой, без последующих пересчётов - 1000+ производителей Китая - Большой каталог товаров: от одежды и обуви до промышленного оборудования - Каталоги производителей по отраслям товарным категориям - Товары, адаптированные под требования российского рынка - Гарантия качества и соблюдения сроков - Доставка из Китая с сопровождением под ключ Контакты: www.qifa.ru 8 (800) 555-07-62 support@qifa.ru",КИФА,https://www.qifa.ru/,support@qifa.ru,+78005550762,https://md.expodat.com/companies/company/40429-qifa.html,40429,"КИФА | Россия | 14F63 | Платформа КИФА - полный цикл поставок из Китая в одном окне от документов до финансовой поддержки. - Импорт с ваших фабрик из КНР - Фэшен оптом со склада в РФ - Выкуп и доставка с 1688 - Разные каналы перевода на фабрики - Поиск товаров и поставщиков под запрос - Калькулятор импорта СМАРТ ПОСТАВКА - исполнение трансграничных сделок под ключ: - Полное сопровождение сделки - Сертификация и маркировка - Прозрачное ценообразование - Таможенное оформление с собственным брокером - Договор купли-продажи с гарантией поставки - Персональный менеджер - Финансирование поставок - Бизнес-туры на фабрики в Китай СМАРТ МАРКЕТ - B2B-маркетплейс с ценами DDP: - Финальные цены с доставкой и растаможкой, без последующих пересчётов - 1000+ производителей Китая - Большой каталог товаров: от одежды и обуви до промышленного оборудования - Каталоги производителей по отраслям товарным категориям - Товары, адаптированные под требования российского рынка - Гарантия качества и соблюдения сроков - Доставка из Китая с сопровождением под ключ Контакты: www.qifa.ru 8 (800) 555-07-62 support@qifa.ru | https://www.qifa.ru/ | support@qifa.ru",parsed_detail,products,2026-08-24T05:45:15Z,cpm-moscow-autumn-2026-expodat-signo-v1.0.1,expodat_cpm_2026_autumn_public_catalog,2d562ba2a8a594202597934f4758a60e5f6bd6090fa7db96bf42006806e0d5b9,
CPM – Collection Première Moscow Осень 2026,1–4 сентября 2026,Легпром Ревю,Легпром Ревю,текстиль и трикотаж,Россия,,,,,"Мода и стиль; женская, мужская и детская одежда; аксессуары; текстиль","Профессиональное мультиформатное отраслевое издание деловой и технологической информации о текстильной и легкой промышленности, моде, дизайне, производстве и торговле. сайт журнала: https://legprom.review/ новости: https://t.me/legprom_review свежий номер доступен по ссылке: https://legprom.review/legprom-revyu-2026-n2/",Легпром Ревю,,,+7 495 955 91 99,https://md.expodat.com/companies/company/24389-legprom-review.html,24389,"Легпром Ревю | Россия | Профессиональное мультиформатное отраслевое издание деловой и технологической информации о текстильной и легкой промышленности, моде, дизайне, производстве и торговле. сайт журнала: https://legprom.review/ новости: https://t.me/legprom_review свежий номер доступен по ссылке: https://legprom.review/legprom-revyu-2026-n2/",parsed_detail,,2026-08-24T05:45:15Z,cpm-moscow-autumn-2026-expodat-signo-v1.0.1,expodat_cpm_2026_autumn_public_catalog,e216d2c87ab08132ebf382701bf5c1e0d3b720bff9164891498d3f07800a64cc,
CPM – Collection Première Moscow Осень 2026,1–4 сентября 2026,МХПИ,МХПИ,,,,,15A09,,"Мода и стиль; женская, мужская и детская одежда; аксессуары; текстиль",,МХПИ,,,+7 495 955 91 99,https://md.expodat.com/companies/company/40774-mkhpi.html,40774,МХПИ | 15A09,parsed_detail,products,2026-08-24T05:45:15Z,cpm-moscow-autumn-2026-expodat-signo-v1.0.1,expodat_cpm_2026_autumn_public_catalog,6b60315e67f4648a2c269bae6d8961465e15e5e542166ed96ddc5d69bfe9c84b,
CPM – Collection Première Moscow Осень 2026,1–4 сентября 2026,НАдёнаШоп,НАдёнаШоп,"одежда, аксессуары",,,,15B11,,"Мода и стиль; женская, мужская и детская одежда; аксессуары; текстиль",,НАдёнаШоп,,,+7 495 955 91 99,https://md.expodat.com/companies/company/40810-nadjonashop.html,40810,НАдёнаШоп | 15B11,parsed_detail,,2026-08-24T05:45:15Z,cpm-moscow-autumn-2026-expodat-signo-v1.0.1,expodat_cpm_2026_autumn_public_catalog,0de70dcb93576f6d28e128783c9cd7dc49cd6a3e22bc9f4f252d8e6813a33de0,
CPM – Collection Première Moscow Осень 2026,1–4 сентября 2026,Радуга Льна,Радуга Льна,"одежда, аксессуары",,,,15A27,,"Мода и стиль; женская, мужская и детская одежда; аксессуары; текстиль",,Радуга Льна,,,+7 495 955 91 99,https://md.expodat.com/companies/company/40807-raduga-lna.html,40807,Радуга Льна | 15A27,parsed_detail,,2026-08-24T05:45:15Z,cpm-moscow-autumn-2026-expodat-signo-v1.0.1,expodat_cpm_2026_autumn_public_catalog,83443e84c0140969471582fb20b9414005d6845b4ff2510c4be922fdbb312781,
CPM – Collection Première Moscow Осень 2026,1–4 сентября 2026,СВОЙ HR,Свой Hr,одежда,Россия,,,14G66,,"Мода и стиль; женская, мужская и детская одежда; аксессуары; текстиль","СВОЙ HR — консалтинговая компания в области организационного развития, управления командами и поиска ключевых специалистов. Мы работаем с собственниками, CEO и HRD и помогаем решать кадровые и управленческие задачи, возникающие на разных этапах развития бизнеса: от поиска руководителей и усиления команды до пересмотра организационной структуры, распределения ответственности и развития HR-функции. СВОЙ HR — консалтинговая компания в области организационного развития, управления командами и поиска ключевых специалистов. Мы работаем с собственниками, CEO и HRD и помогаем решать кадровые и управленческие задачи, возникающие на разных этапах развития бизнеса: от поиска руководителей и усиления команды до пересмотра организационной структуры, распределения ответственности и развития HR-функции. Каждый проект начинается с понимания задач бизнеса и текущей ситуации в компании. Мы анализируем контекст, структуру, ключевые роли и управленческую команду, чтобы определить необходимый формат работы и решения, соответствующие конкретному этапу развития компании. Основные направления СВОЙ HR: поиск руководителей и ключевых специалистов, стратегическая диагностика, организационное проектирование, развитие HR-функции, управление изменениями и стратегическое сопровождение собственников и руководителей. Отдельное направление нашей экспертизы — fashion, beauty и retail. Мы понимаем специфику этих рынков, особенности управленческих команд и требования к ключевым ролям. Это позволяет быстрее погружаться в задачи компании и учитывать при работе как внутренний контекст бизнеса, так и ситуацию на рынке. СВОЙ HR сопровождает компании в вопросах, где результат бизнеса напрямую зависит от людей, качества управления и способности команды двигаться вместе с компанией.",СВОЙ HR,http://www.svoyhr.ru,n.bolmazova@gmail.com,+7 (926) 349-08-21,https://md.expodat.com/companies/company/40426-svoj-hr.html,40426,"СВОЙ HR | Россия | 14G66 | СВОЙ HR — консалтинговая компания в области организационного развития, управления командами и поиска ключевых специалистов. Мы работаем с собственниками, CEO и HRD и помогаем решать кадровые и управленческие задачи, возникающие на разных этапах развития бизнеса: от поиска руководителей и усиления команды до пересмотра организационной структуры, распределения ответственности и развития HR-функции. СВОЙ HR — консалтинговая компания в области организационного развития, управления командами и поиска ключевых специалистов. Мы работаем с собственниками, CEO и HRD и помогаем решать кадровые и управленческие задачи, возникающие на разных этапах развития бизнеса: от поиска руководителей и усиления команды до пересмотра организационной структуры, распределения ответственности и развития HR-функции. Каждый проект начинается с понимания задач бизнеса и текущей ситуации в компании. Мы анализируем контекст, структуру, ключевые роли и управленческую команду, чтобы определить необходимый формат работы и решения, соответствующие конкретному этапу развития компании. Основные направления СВОЙ HR: поиск руководителей и ключевых специалистов, стратегическая диагностика, орган",parsed_detail,,2026-08-24T05:45:15Z,cpm-moscow-autumn-2026-expodat-signo-v1.0.1,expodat_cpm_2026_autumn_public_catalog,e4dfaf168737ef651cc61a5074b03b8bc41d74d94d3f6006c869f28f05df2f4a,
CPM – Collection Première Moscow Осень 2026,1–4 сентября 2026,СИНИЙ ЛЕН,Синий Лен,одежда,Россия,,,15В67,,"Мода и стиль; женская, мужская и детская одежда; аксессуары; текстиль","Компания «СИНИЙ ЛЕН» успешно работает на рынке 20 лет. За это время нам удалось завоевать доверие покупателей благодаря неизменно высокому качеству пошива и оригинальным дизайнерским решениям. Наша продукция пользуется спросом не только в различных регионах России, но и за рубежом. Компания «СИНИЙ ЛЕН» успешно работает на рынке 20 лет. За это время нам удалось завоевать доверие покупателей благодаря неизменно высокому качеству пошива и оригинальным дизайнерским решениям. Наша продукция пользуется спросом не только в различных регионах России, но и за рубежом. Мы специализируемся на производстве одежды и носков из натурального льна. В ассортименте — модели для широкой аудитории: жакеты, мужские и женские джемпера, платья, жилеты, юбки и брюки. Все изделия создаются исключительно из природного сырья, что подчёркивает нашу приверженность экологичности и комфорту. Для удобства покупателей предусмотрен обширный размерный ряд — от 42 до 62. Каждая новая коллекция отражает гармоничное соединение классических традиций кроя с актуальными тенденциями современной моды.",СИНИЙ ЛЕН,https://www.siniylen.ru/,siniilen@mail.ru,+79038995600,https://md.expodat.com/companies/company/39406-siniy-len.html,39406,"СИНИЙ ЛЕН | Россия | 15В67 | Компания «СИНИЙ ЛЕН» успешно работает на рынке 20 лет. За это время нам удалось завоевать доверие покупателей благодаря неизменно высокому качеству пошива и оригинальным дизайнерским решениям. Наша продукция пользуется спросом не только в различных регионах России, но и за рубежом. Компания «СИНИЙ ЛЕН» успешно работает на рынке 20 лет. За это время нам удалось завоевать доверие покупателей благодаря неизменно высокому качеству пошива и оригинальным дизайнерским решениям. Наша продукция пользуется спросом не только в различных регионах России, но и за рубежом. Мы специализируемся на производстве одежды и носков из натурального льна. В ассортименте — модели для широкой аудитории: жакеты, мужские и женские джемпера, платья, жилеты, юбки и брюки. Все изделия создаются исключительно из природного сырья, что подчёркивает нашу приверженность экологичности и комфорту. Для удобства покупателей предусмотрен обширный размерный ряд — от 42 до 62. Каждая новая коллекция отражает гармоничное соединение классических традиций кроя с актуальными тенденциями современной моды. | https://www.siniylen.ru/ | siniilen@mail.ru",parsed_detail,,2026-08-24T05:45:15Z,cpm-moscow-autumn-2026-expodat-signo-v1.0.1,expodat_cpm_2026_autumn_public_catalog,4a2fba56044ca1ebddf4604118d8cce2de8c5290fa4af1b1bf8d3db4545a7d6b,
CPM – Collection Première Moscow Осень 2026,1–4 сентября 2026,СофиЛена,СофиЛена,одежда,Россия,,,15B32,,"Мода и стиль; женская, мужская и детская одежда; аксессуары; текстиль","Sofilena — это компания с двадцатилетней историей, посвятившая себя созданию одежды для женщин от 44 до 66 размера. На протяжении двух десятилетий бренд последовательно развивается, сочетая традиции качественного пошива с современными трендами, и заслуженно занимает место ведущего производителя женской одежды. Sofilena — это компания с двадцатилетней историей, посвятившая себя созданию одежды для женщин от 44 до 66 размера. На протяжении двух десятилетий бренд последовательно развивается, сочетая традиции качественного пошива с современными трендами, и заслуженно занимает место ведущего производителя женской одежды. За эти годы Компании Sofilena выработала собственный подход к производству: внимание к деталям, тщательный отбор материалов и строгий контроль качества на каждом этапе. Мастерство портных и технологическая дисциплина позволяют создавать вещи, которые служат долго, сохраняют форму и комфорт при ежедневной носке. Дизайн коллекций Компании ориентирован на широкий круг женщин — от тех, кто ценит классическую элегантность, до поклонниц современного городского стиля. В ассортименте представлены как базовые модели для повседневного гардероба, так и более выразительные вещи для особых случаев, что делает бренд универсальным и легко интегрируемым в разные образы. Компания SofiLena ценит своих клиентов и строит отношения на доверии: оперативная служба поддержки, прозрачные условия покупки и возврата, а также внимательное отношение к отзывам помогают бренду оставаться востребованным и соответствовать ожиданиям современной женщины. Благодаря последовательной работе и ориентации на качество, компания продолжает укреплять свои позиции на рынке и расширять присутствие. Если вы ищете надежную, стильную и продуманную одежду, созданную с опытом и заботой о потребителе, коллекции Компании Sofilena - отличный выбор.",СофиЛена,http://sofilena.ru,i.andriyanov@rusmooda.ru,+79627428787,https://md.expodat.com/companies/company/31052-sofilena.html,31052,"СофиЛена | Россия | 15B32 | Sofilena — это компания с двадцатилетней историей, посвятившая себя созданию одежды для женщин от 44 до 66 размера. На протяжении двух десятилетий бренд последовательно развивается, сочетая традиции качественного пошива с современными трендами, и заслуженно занимает место ведущего производителя женской одежды. Sofilena — это компания с двадцатилетней историей, посвятившая себя созданию одежды для женщин от 44 до 66 размера. На протяжении двух десятилетий бренд последовательно развивается, сочетая традиции качественного пошива с современными трендами, и заслуженно занимает место ведущего производителя женской одежды. За эти годы Компании Sofilena выработала собственный подход к производству: внимание к деталям, тщательный отбор материалов и строгий контроль качества на каждом этапе. Мастерство портных и технологическая дисциплина позволяют создавать вещи, которые служат долго, сохраняют форму и комфорт при ежедневной носке. Дизайн коллекций Компании ориентирован на широкий круг женщин — от тех, кто ценит классическую элегантность, до поклонниц современного городского стиля. В ассортименте представлены как базовые модели для повседневного гардероба, так и ",parsed_detail,,2026-08-24T05:45:15Z,cpm-moscow-autumn-2026-expodat-signo-v1.0.1,expodat_cpm_2026_autumn_public_catalog,776d9017423f0b47407585067b76301110d4ff7e18c9b942acc4530c2743e868,
CPM – Collection Première Moscow Осень 2026,1–4 сентября 2026,Технологический институт текстильной и легкой промышленности РГУ им. А.Н. Косыгина,Технологический институт текстильной и легкой промышленности РГУ им. А.Н. Косыгина,,Россия,,,15A09,,"Мода и стиль; женская, мужская и детская одежда; аксессуары; текстиль",,Технологический институт текстильной и легкой промышленности РГУ им. А.Н. Косыгина,,,+7 495 955 91 99,https://md.expodat.com/companies/company/32426-institut-iskusstv-rgu-im-a-n-kosygina.html,32426,Технологический институт текстильной и легкой промышленности РГУ им. А.Н. Косыгина | Россия | 15A09,parsed_detail,products,2026-08-24T05:45:15Z,cpm-moscow-autumn-2026-expodat-signo-v1.0.1,expodat_cpm_2026_autumn_public_catalog,cee4c07385820779fa433ca8dfc4dfb783938194d4885eefad5ad75696844d90,
CPM – Collection Première Moscow Осень 2026,1–4 сентября 2026,Третье Чувство,Третье Чувство,,Россия,,,14F68,,"Мода и стиль; женская, мужская и детская одежда; аксессуары; текстиль","Компания Третье Чувство основана в 2010 году и специализируется на профессиональной ароматизацией помещений. Является производственно-сервисной компанией с собственным контрактным производством . Эксклюзивный поставщик европейского оборудования. Компания Третье Чувство основана в 2010 году и специализируется на профессиональной ароматизацией помещений. Является производственно-сервисной компанией с собственным контрактным производством . Эксклюзивный поставщик европейского оборудования. В ассортименте свыше 10.000 ароматов из лучших парфюмерных домов Европы, Великобритании и США. Компания на регулярной основе принимает участие на различных выставках и конференциях в роли экспертов в области аромамаркетинга. На нашем счету десятки крупных компаний и тысячи клиентов, заказа",Третье Чувство,http://www.3sense.ru,sale@3sense.ru; s.kluyshin@3sense.ru,+7 (499) 653-61-25,https://md.expodat.com/companies/company/21960-trete-chuvstvo.html,21960,"Третье Чувство | Россия | 14F68 | Компания Третье Чувство основана в 2010 году и специализируется на профессиональной ароматизацией помещений. Является производственно-сервисной компанией с собственным контрактным производством . Эксклюзивный поставщик европейского оборудования. Компания Третье Чувство основана в 2010 году и специализируется на профессиональной ароматизацией помещений. Является производственно-сервисной компанией с собственным контрактным производством . Эксклюзивный поставщик европейского оборудования. В ассортименте свыше 10.000 ароматов из лучших парфюмерных домов Европы, Великобритании и США. Компания на регулярной основе принимает участие на различных выставках и конференциях в роли экспертов в области аромамаркетинга. На нашем счету десятки крупных компаний и тысячи клиентов, заказа | http://www.3sense.ru | sale@3sense.ru; s.kluyshin@3sense.ru",parsed_detail,products,2026-08-24T05:45:15Z,cpm-moscow-autumn-2026-expodat-signo-v1.0.1,expodat_cpm_2026_autumn_public_catalog,9b1c56ecb588da990c2864a2251056ef730212baa94b5115bc12b9d8b6f709cb,
CPM – Collection Première Moscow Осень 2026,1–4 сентября 2026,"УК ""САМПА""","Ук ""Сампа""","одежда, аксессуары",Россия,,,14G56,,"Мода и стиль; женская, мужская и детская одежда; аксессуары; текстиль",,"УК ""САМПА""",http://mcsampa.ru,imori@mcsampa.ru,+7 495 955 91 99,https://md.expodat.com/companies/company/40714-uk-sampa.html,40714,"УК ""САМПА"" | Россия | 14G56 | http://mcsampa.ru | imori@mcsampa.ru",parsed_detail,,2026-08-24T05:45:15Z,cpm-moscow-autumn-2026-expodat-signo-v1.0.1,expodat_cpm_2026_autumn_public_catalog,38f1ac4a0fbb2acd90272a4ae14fa96c45deb00e0d08e214835ac38bffcbb13a,
CPM – Collection Première Moscow Осень 2026,1–4 сентября 2026,ЦЕЛИКОВСКАЯ,Целиковская,одежда,Россия,,,14G25,,"Мода и стиль; женская, мужская и детская одежда; аксессуары; текстиль","Бренд «ЦЕЛИКОВСКАЯ-портной» — это статусная одежда, в которой мастерство кроя становится главным языком дизайна. Мы работаем в сегменте мидл и мидл+, где каждая линия выверена до миллиметра, а посадка превращает изделие в инвестицию в ваш стиль. Наш опыт — это годы практики и безупречное знание анатомии фигуры. Мы создаём лекала, которые не требуют компромиссов: идеальное прилегание там, где нужно, и благородный объём — там, где он уместен. Используем только натуральные ткани премиум-качества:что бы одежда не только выглядела достойно, но была",ЦЕЛИКОВСКАЯ,,,+7 495 955 91 99,https://md.expodat.com/companies/company/41479-selikovskaya.html,41479,"ЦЕЛИКОВСКАЯ | Россия | 14G25 | Бренд «ЦЕЛИКОВСКАЯ-портной» — это статусная одежда, в которой мастерство кроя становится главным языком дизайна. Мы работаем в сегменте мидл и мидл+, где каждая линия выверена до миллиметра, а посадка превращает изделие в инвестицию в ваш стиль. Наш опыт — это годы практики и безупречное знание анатомии фигуры. Мы создаём лекала, которые не требуют компромиссов: идеальное прилегание там, где нужно, и благородный объём — там, где он уместен. Используем только натуральные ткани премиум-качества:что бы одежда не только выглядела достойно, но была",parsed_detail,,2026-08-24T05:45:15Z,cpm-moscow-autumn-2026-expodat-signo-v1.0.1,expodat_cpm_2026_autumn_public_catalog,efaf87ab1ce14d64894c0bb4b3631ea9b0870d4261bd11161b32ced82174b43f,
