event_name,company_name,source_name,country,city,address,stand,pavilion,rubrics,product_notes,brands,website,public_email,public_phone,source_url,exhibitor_id,evidence_snippet,parse_status,missing_fields,scraped_at,parser_version
EcoGorodExpo / ZOZH-Expo 2026,АРИВЕРА,АРИВЕРА,,,,A02,,,"Компания «АРИВЕРА» - первый российский бренд органических продуктов. Более 15 лет работаем ТОЛЬКО по стандартам органик земледелия. Ассортимент органических продуктов включает всё необходимое для полноценного рациона: крупы, злаки, муку, зерновые и бобовые, семена льна, льняное и сафлоровое масла, мёд. Все продукты бренда «ARIVERA» произведены из качественного российского органического сырья, выращенного на полях собственного хозяйства в Мордовии.",,https://arivera.ru/,,,https://zozhexpo.ru/catalog/#li_title__2212226509810,2212226509810,"Компания «АРИВЕРА» - первый российский бренд органических продуктов. Более 15 лет работаем ТОЛЬКО по стандартам органик земледелия. Ассортимент органических продуктов включает всё необходимое для полноценного рациона: крупы, злаки, муку, зерновые и бобовые, семена льна, льняное и сафлоровое масла, мёд. Все продукты бренда «ARIVERA» произведены из качественного российского органического сырья, выращенного на полях собственного хозяйства в Мордовии.",ok,,2026-06-16T07:50:34Z,zozh-tilda-catalog-v1.0.0
EcoGorodExpo / ZOZH-Expo 2026,БАЙКАЛЬСКАЯ ЛЕГЕНДА,БАЙКАЛЬСКАЯ ЛЕГЕНДА,,,,B13,,,"Компания Байкальская Легенда – производитель высокотехнологичных БАД, с доказанной эффективностью и безопасностью. Базовые продукты компании – БиоЧага, БиоДигидрокверцетин и Амелан - нужны каждому, кто хочет оставаться здоровым не смотря на возраст. Продукты профилактируют болезни цивилизации и замедляют развитие возраст-ассоциированных заболеваний (сердечно-сосудистых, нейродегенеративных, онкологических, сахарного диабета и т д). Это истинные природные биохакеры, замедляющие биологический возраст. Для здоровых людей, препараты защитят в период вирусов и простуд, повысят тонус и работоспособность, улучшат память и когнитивные возможности.",,https://baikal-legend.ru/,,,https://zozhexpo.ru/catalog/#li_title__1759764700048,1759764700048,"Компания Байкальская Легенда – производитель высокотехнологичных БАД, с доказанной эффективностью и безопасностью. Базовые продукты компании – БиоЧага, БиоДигидрокверцетин и Амелан - нужны каждому, кто хочет оставаться здоровым не смотря на возраст. Продукты профилактируют болезни цивилизации и замедляют развитие возраст-ассоциированных заболеваний (сердечно-сосудистых, нейродегенеративных, онкологических, сахарного диабета и т д). Это истинные природные биохакеры, замедляющие биологический возраст. Для здоровых людей, препараты защитят в период вирусов и простуд, повысят тонус и работоспособность, улучшат память и когнитивные возможности.",ok,,2026-06-16T07:50:34Z,zozh-tilda-catalog-v1.0.0
EcoGorodExpo / ZOZH-Expo 2026,БАКТИК,БАКТИК,,,,C01,,,"Компания производит эффективные пробиотические продукты на основе живых бактерий и их метаболитов в виде БАДов, кормовых добавок и удобрений, положительно влияющих на здоровье и продуктивность жизни. БАД “Бактик” можно назвать флагманом направления: созданный на основе метаболитов сенной палочки, препарат оказывает выраженный профилактический, клинический и нормализующий микробиоценоз кишечника бифидостимулирующий эффект, позволяя влиять не только на факторы развития инфекции и патологии, но и на её причины. Максимально селекционированные защитные свойства пробиотика в сочетании с абсолютной безвредностью — редкие и ценные качества, позволяющие рекомендовать “Бактик” взрослым и детям с трех лет.",,http://www.bactik.ru/,,,https://zozhexpo.ru/catalog/#li_title__1774633896825,1774633896825,"Компания производит эффективные пробиотические продукты на основе живых бактерий и их метаболитов в виде БАДов, кормовых добавок и удобрений, положительно влияющих на здоровье и продуктивность жизни. БАД “Бактик” можно назвать флагманом направления: созданный на основе метаболитов сенной палочки, препарат оказывает выраженный профилактический, клинический и нормализующий микробиоценоз кишечника бифидостимулирующий эффект, позволяя влиять не только на факторы развития инфекции и патологии, но и на её причины. Максимально селекционированные защитные свойства пробиотика в сочетании с абсолютной безвредностью — редкие и ценные качества, позволяющие рекомендовать “Бактик” взрослым и детям с трех ",ok,,2026-06-16T07:50:34Z,zozh-tilda-catalog-v1.0.0
EcoGorodExpo / ZOZH-Expo 2026,Союз органического земледелия,Союз органического земледелия,,,,A02,,,"Сельскохозяйственный потребительский снабженческо-сбытовой кооператив ""Союз органического земледелия"". Миссия Кооператива – обеспечить потребителя высококачественной органической продукцией от надежных производителей, собранной на одном складе для вашего удобства. На данный момент в состав кооператива входят следующие сертифицированные органические сельхозтоваропроизводители: • ООО ""Агрофирма-Тик"" • КФХ ""Белые Луги"" • ИП КФХ Жгун • СППССК ""К1"" • ООО ""Курай Агро плюс"" • ИП Абаев Шавкят Шамильевич",,https://vk.com/belyelugi,,,https://zozhexpo.ru/catalog/#li_title__1758194290307,1758194290307,"Сельскохозяйственный потребительский снабженческо-сбытовой кооператив ""Союз органического земледелия"". Миссия Кооператива – обеспечить потребителя высококачественной органической продукцией от надежных производителей, собранной на одном складе для вашего удобства. На данный момент в состав кооператива входят следующие сертифицированные органические сельхозтоваропроизводители: • ООО ""Агрофирма-Тик"" • КФХ ""Белые Луги"" • ИП КФХ Жгун • СППССК ""К1"" • ООО ""Курай Агро плюс"" • ИП Абаев Шавкят Шамильевич",ok,,2026-06-16T07:50:34Z,zozh-tilda-catalog-v1.0.0
EcoGorodExpo / ZOZH-Expo 2026,Ботанический сад,Ботанический сад,,,,R06,,,"Бренд «Ботанический сад» — это натуральная косметика и аксессуары, созданные на основе гармонии с природой и вдохновлённые традициями аюрведы. В основе философии бренда лежит убеждение: на кожу стоит наносить только то, что теоретически можно съесть. Поэтому все средства производятся исключительно из природных компонентов — лекарственных трав, специй, злаков, растительных и эфирных масел. Продукция изготавливается небольшими партиями, что позволяет сохранять свежесть и насыщенность природных ароматов. Такой подход обеспечивает максимальную пользу для кожи и волос, поддерживая их здоровье и естественную красоту. Особое внимание уделяется чистоте составов: косметика бренда настолько натуральна, что её компоненты действительно съедобны. «Ботанический сад» выбирают те, кто ценит простоту, экологичность и верит в силу природы, способную бережно заботиться о красоте и гармонии.",,https://botanicgarden.ru/,,,https://zozhexpo.ru/catalog/#li_title__1774634170088,1774634170088,"Бренд «Ботанический сад» — это натуральная косметика и аксессуары, созданные на основе гармонии с природой и вдохновлённые традициями аюрведы. В основе философии бренда лежит убеждение: на кожу стоит наносить только то, что теоретически можно съесть. Поэтому все средства производятся исключительно из природных компонентов — лекарственных трав, специй, злаков, растительных и эфирных масел. Продукция изготавливается небольшими партиями, что позволяет сохранять свежесть и насыщенность природных ароматов. Такой подход обеспечивает максимальную пользу для кожи и волос, поддерживая их здоровье и естественную красоту. Особое внимание уделяется чистоте составов: косметика бренда настолько натуральна",ok,,2026-06-16T07:50:34Z,zozh-tilda-catalog-v1.0.0
EcoGorodExpo / ZOZH-Expo 2026,Verbena L'annima,Verbena L'annima,,,,D06,,,"Verbena L’annima – торговая марка, под которой мы собрали достойных изготовителей натуральных эфирных масел со всего мира. Эфирные масла от Verbena L’annima сделают жизнь более наполненной и осмысленной. Это приятный инструмент и источник ресурса в любой деятельности: от уборки до медитации. Через красоту ароматов вы вносите в свой дом гармонию, баланс и здоровье. Verbena L’annima также развивает лимитированные серии, коллаборации и мастер-классы.",,https://verbena-club.com/,,,https://zozhexpo.ru/catalog/#li_title__1759337627368,1759337627368,"Verbena L’annima – торговая марка, под которой мы собрали достойных изготовителей натуральных эфирных масел со всего мира. Эфирные масла от Verbena L’annima сделают жизнь более наполненной и осмысленной. Это приятный инструмент и источник ресурса в любой деятельности: от уборки до медитации. Через красоту ароматов вы вносите в свой дом гармонию, баланс и здоровье. Verbena L’annima также развивает лимитированные серии, коллаборации и мастер-классы.",ok,,2026-06-16T07:50:34Z,zozh-tilda-catalog-v1.0.0
EcoGorodExpo / ZOZH-Expo 2026,ВЕРА,ВЕРА,,,,B05,,,"Производство одежды и аксессуаров из конопли. Защита окружающей среды — тема очень близкая компании «Bepa». Поэтому мы решили использовать только экологически чистые натуральные волокна: для нас это конопля. Одежда, которая носится недолго, но долго загрязняет окружающую среду — это центральное противоречие быстрой моды, производственной модели, которая производит все новые и новые вещи по выгодным ценам, подпитывая порочный круг, состоящий из навязчивого потребления и неустойчивых отходов. Наша одежда — это изделия ручной работы, которые долговечны. Используемое волокно конопли не смешивается с другими волокнами. Все из 100% натурального волокна конопли. Прохладно летом и тепло зимой.",,https://xn--80aaejd7bon.xn--p1ai/,,,https://zozhexpo.ru/catalog/#li_title__1759476230315,1759476230315,"Производство одежды и аксессуаров из конопли. Защита окружающей среды — тема очень близкая компании «Bepa». Поэтому мы решили использовать только экологически чистые натуральные волокна: для нас это конопля. Одежда, которая носится недолго, но долго загрязняет окружающую среду — это центральное противоречие быстрой моды, производственной модели, которая производит все новые и новые вещи по выгодным ценам, подпитывая порочный круг, состоящий из навязчивого потребления и неустойчивых отходов. Наша одежда — это изделия ручной работы, которые долговечны. Используемое волокно конопли не смешивается с другими волокнами. Все из 100% натурального волокна конопли. Прохладно летом и тепло зимой.",ok,,2026-06-16T07:50:34Z,zozh-tilda-catalog-v1.0.0
EcoGorodExpo / ZOZH-Expo 2026,VILAVI,VILAVI,,,,A13,,,"Vilavi — бренд, где энергия жизни становится системой. В центре внимания — митохондриальное здоровье, наука долголетия и продукты, созданные на основе биотехнологий и природы. Решения для тех, кто не ищет волшебную таблетку, выбирает надежный ресурс: ясность ума, крепкий иммунитет, энергию и внутреннюю силу. Здесь ЗОЖ — не тренд, стиль жизни нового поколения.",,https://www.vilavi.com/,,,https://zozhexpo.ru/catalog/#li_title__1774634565112,1774634565112,"Vilavi — бренд, где энергия жизни становится системой. В центре внимания — митохондриальное здоровье, наука долголетия и продукты, созданные на основе биотехнологий и природы. Решения для тех, кто не ищет волшебную таблетку, выбирает надежный ресурс: ясность ума, крепкий иммунитет, энергию и внутреннюю силу. Здесь ЗОЖ — не тренд, стиль жизни нового поколения.",ok,,2026-06-16T07:50:34Z,zozh-tilda-catalog-v1.0.0
EcoGorodExpo / ZOZH-Expo 2026,Вкус благости,Вкус благости,,,,B03,,,"Компания Вкус Благости активно развивается на рынке с 2023 года. Продукт – топленое масло Гхи, как чистое, так и с разнообразными вкусами, - настолько полюбился россиянам, что в компании приняли решение увеличить мощность производства вдвое. На данное время масло Гхи представлено на маркетплейсе ОЗОН, активно появляется в сетевых магазинах. Фишка компании в том, что произведенное масло является натуральным продуктом, не содержит примесей, добавок и топится не на открытом огне, а в пароводяных котлах. Именно такой продукт очень полюбился потребителю, о чем говорят тысячные отзывы. Стоит отметить, что очень многие, попробовав масло Гхи от Вкус благости, начинают переходить на этот продукт. Оно полезнее аналогичных видов масел, подходит для приверженцев правильного питания, к тому же, в линейке – разнообразные вкусы. Бренд Вкус благости добавляет натуральные добавки для индивидуальности. Например, масло с солью, чесноком, розмарином, паприкой. Это такая продукция, на которой можно не только жарить, но и добавлять в качестве заправок и как самостоятельное блюдо. На данное представлено шоколадное масло сладкое, соленое, с арахисом. Данный продукт подойдет для людей, которые предпочитают правильное питание. Это полезнее, чем сливочное масло. Бренд Вкус благости, заявляет, что масло Гхи зимой и летом – разное по цвету и консистенции. Это зависит от сырья, как питаются коровы. Фишка в том, что продукт натуральный. Многие люди вообще не знали, что жарить на растительном масле гораздо более вредно, чем на топленом масле. Жареное вообще вредно, но если уж вы жарите, то делайте это на нашем масле. Потому что это высокая точка горения, не выделяются канцерогены. Иногда хочется призвать людей – не жарьте на растительном масле. Как, знаете, на сигаретах пишут «Курение убивает», так и в этой области – «Уходите от растительного масла - жарьте на масле Гхи», - девиз компании. На данное время компания «Вкус Благости» ведет работу над расширением географии, планируется выход в регионы, на более мелкие города. Также в планах – выход на экспортные рынки.",,https://vkusblagosti.ru/,,,https://zozhexpo.ru/catalog/#li_title__1759730163836,1759730163836,"Компания Вкус Благости активно развивается на рынке с 2023 года. Продукт – топленое масло Гхи, как чистое, так и с разнообразными вкусами, - настолько полюбился россиянам, что в компании приняли решение увеличить мощность производства вдвое. На данное время масло Гхи представлено на маркетплейсе ОЗОН, активно появляется в сетевых магазинах. Фишка компании в том, что произведенное масло является натуральным продуктом, не содержит примесей, добавок и топится не на открытом огне, а в пароводяных котлах. Именно такой продукт очень полюбился потребителю, о чем говорят тысячные отзывы. Стоит отметить, что очень многие, попробовав масло Гхи от Вкус благости, начинают переходить на этот продукт. Оно",ok,,2026-06-16T07:50:34Z,zozh-tilda-catalog-v1.0.0
EcoGorodExpo / ZOZH-Expo 2026,Грибы для мозга,Грибы для мозга,,,,A12,,,"Владимирская область Компания «Грибы для мозга» осуществляет деятельность по производству функционального фермерского питания быстрого приготовления: нейросуп и нейрокаша, а также натуральных грибных добавок на основе собственного сырья и сырья Владимирских сельхозпроизводителей. Компания «Грибы для мозга» занимается выращиванием, переработкой и хранением сырья: ягод, грибов, овощей, фруктов, а также дикорастущих грибов, ягод и растений. Компания «Грибы для мозга» имеет собственное производство, изготавливает широкий ассортимент качественных сушеных фруктов, ягод, овощей, грибов и растений. Компания «Грибы для мозга» принимает участие на регулярной основе в международных и российских выставках и ярмарках. Уникальность производства заключается в инновационном подходе к технологии переработки сырья: сбор сырья ведется вручную, что позволяет сохранить целостность продукта и в дальнейшей обработке обеспечить наиболее полное извлечение ценных компонентов при получении ягодных, грибных и овощных полуфабрикатов.",,https://bioprodukt.tech/,,,https://zozhexpo.ru/catalog/#li_title__1774635168138,1774635168138,"Владимирская область Компания «Грибы для мозга» осуществляет деятельность по производству функционального фермерского питания быстрого приготовления: нейросуп и нейрокаша, а также натуральных грибных добавок на основе собственного сырья и сырья Владимирских сельхозпроизводителей. Компания «Грибы для мозга» занимается выращиванием, переработкой и хранением сырья: ягод, грибов, овощей, фруктов, а также дикорастущих грибов, ягод и растений. Компания «Грибы для мозга» имеет собственное производство, изготавливает широкий ассортимент качественных сушеных фруктов, ягод, овощей, грибов и растений. Компания «Грибы для мозга» принимает участие на регулярной основе в международных и российских выставк",ok,,2026-06-16T07:50:34Z,zozh-tilda-catalog-v1.0.0
EcoGorodExpo / ZOZH-Expo 2026,Деликатес Дичь,Деликатес Дичь,,,,C10,,,Производители колбасной и мясной продукции из мяса диких животных,,https://delikatess-dich.ru/,,,https://zozhexpo.ru/catalog/#li_title__1758208659998,1758208659998,Производители колбасной и мясной продукции из мяса диких животных,ok,,2026-06-16T07:50:34Z,zozh-tilda-catalog-v1.0.0
EcoGorodExpo / ZOZH-Expo 2026,imbian,imbian,,,,A07,,,"IMBIAN – российский производитель БАД для красоты и здоровья, которым можно доверять. Это не просто витамины, а научно обоснованные формулы для коррекции дефицитов и поддержки организма. Качественное сырье от проверенных поставщиков, собственное производство по стандартам GMP, выверенные дозировки с учетом клинических исследований. IMBIAN делает доступной экспресс-диагностику для выявления заболеваний на ранней стадии, предлагая экспресс-тесты для широкого круга потребителей. Результат теста узнаете быстрее, чем успеете погуглить симптомы. Простота и легкость использования в домашних условиях.",,https://imbian.ru/,,,https://zozhexpo.ru/catalog/#li_title__1759731993718,1759731993718,"IMBIAN – российский производитель БАД для красоты и здоровья, которым можно доверять. Это не просто витамины, а научно обоснованные формулы для коррекции дефицитов и поддержки организма. Качественное сырье от проверенных поставщиков, собственное производство по стандартам GMP, выверенные дозировки с учетом клинических исследований. IMBIAN делает доступной экспресс-диагностику для выявления заболеваний на ранней стадии, предлагая экспресс-тесты для широкого круга потребителей. Результат теста узнаете быстрее, чем успеете погуглить симптомы. Простота и легкость использования в домашних условиях.",ok,,2026-06-16T07:50:34Z,zozh-tilda-catalog-v1.0.0
EcoGorodExpo / ZOZH-Expo 2026,Инитиум-Фарм,Инитиум-Фарм,,,,A06,,,"ООО «Инитиум-фарм» – прогрессивная и инновационная российская компания, занимающаяся изучением и разработкой препаратов на основе терпенов пихты сибирской. В портфеле компании субстанция, ЛС, БАДЫ и средства для гигиены полости рта на основе растительных компонентов. Состав препаратов соответствуют стандартам Халяль. Компания была создана с целью поиска новых фармацевтических композиций, которые могли бы оказывать высокий лечебный и профилактический эффект, и при этом обладать минимальным побочным действиям и токсичностью. С этой целью основное внимание в научных исследованиях было направлено на изучение терпенов, как наиболее перспективных соединений природного происхождения, обладающих широким спектром фармакологически значимых биологических активностей. Основные исследования по изучению свойств и действия терпенов пихты сибирской сфокусированы по таким ключевым направлениям в области медицины, как оториноларингология, дерматология, хирургия, стоматология, онкология, гастроэнтерология, геронтология. В настоящее время компания продолжает научные исследования в области гериатрии и антивозрастной медицины, с точки зрения профилактики и замедления процессов старения. Кроме того, ведет исследовательскую работу в таких перспективных терапевтических направлениях, как кардиология, эндокринология, гастроэнтерология, профилактическая и восстанавливающая медицина.",,https://initium-pharm.com/,,,https://zozhexpo.ru/catalog/#li_title__1758190941251,1758190941251,"ООО «Инитиум-фарм» – прогрессивная и инновационная российская компания, занимающаяся изучением и разработкой препаратов на основе терпенов пихты сибирской. В портфеле компании субстанция, ЛС, БАДЫ и средства для гигиены полости рта на основе растительных компонентов. Состав препаратов соответствуют стандартам Халяль. Компания была создана с целью поиска новых фармацевтических композиций, которые могли бы оказывать высокий лечебный и профилактический эффект, и при этом обладать минимальным побочным действиям и токсичностью. С этой целью основное внимание в научных исследованиях было направлено на изучение терпенов, как наиболее перспективных соединений природного происхождения, обладающих шир",ok,,2026-06-16T07:50:34Z,zozh-tilda-catalog-v1.0.0
EcoGorodExpo / ZOZH-Expo 2026,Концепция здоровья,Концепция здоровья,,,,B02,,,"«Концепция Здоровья» – единственная компания в России, создающая клеточное питание по уникальным патентам советских ученых, разработавших питание для космонавтов. Наши преимущества: 1. Витамины и нутриенты усваиваются на 99% 2. Эффект моментальный: продукты начинают действовать уже через 15 минут 3. Максимум полезных веществ из растительного сырья 4. Наночастицы 2–20 нм обеспечивают лёгкое проникновение в клетку без лишних затрат энергии 5. Удобная форма (порошок/вода) гарантирует быстрое усвоение, минуя этап расщепления капсул Больше не нужно принимать множество таблеток – наши экстракты автоматически заботятся о здоровье. «Концепция Здоровья» помогает организму исцелять себя на клеточном уровне.",,https://health-concept.ru/,,,https://zozhexpo.ru/catalog/#li_title__1759414748552,1759414748552,"«Концепция Здоровья» – единственная компания в России, создающая клеточное питание по уникальным патентам советских ученых, разработавших питание для космонавтов. Наши преимущества: 1. Витамины и нутриенты усваиваются на 99% 2. Эффект моментальный: продукты начинают действовать уже через 15 минут 3. Максимум полезных веществ из растительного сырья 4. Наночастицы 2–20 нм обеспечивают лёгкое проникновение в клетку без лишних затрат энергии 5. Удобная форма (порошок/вода) гарантирует быстрое усвоение, минуя этап расщепления капсул Больше не нужно принимать множество таблеток – наши экстракты автоматически заботятся о здоровье. «Концепция Здоровья» помогает организму исцелять себя на клеточном у",ok,,2026-06-16T07:50:34Z,zozh-tilda-catalog-v1.0.0
EcoGorodExpo / ZOZH-Expo 2026,ПЕРВЫЙ ЖИВОЙ КОЛЛАГЕН,ПЕРВЫЙ ЖИВОЙ КОЛЛАГЕН,,,,C05,,,"Инновационная компания ПЕРВЫЙ ЖИВОЙ КОЛЛАГЕН - лидер рынка коллагенсодержащих продуктов с собственным производством в Москве и экологически чистым сырьем от проверенных российских птицефабрик. Запатентованная природоподобная технология производства позволяет получать коллаген с большим комплексом аминокислот и других важных для организма нутриентов. Ключевой продукт компании – пищевой bio-комплекс с пептидами коллагена и эластином ЖИВОЙ КОЛЛАГЕН с доказанным антиэйдж-эффектом. Его действие направлено на оздоровление суставов, связок и сосудов, укрепление мышц, защиту ЖКТ, сохранение молодости и упругости кожи, поддержание качественного состояния волос и ногтей. Продукт не содержит красителей, консервантов, ГМО, сахара и глютена, подходит всем возрастам. ЖИВОЙ КОЛЛАГЕН удостоен множества наград, его эффективность подтверждена исследованиями в ведущих научных центрах России - ФБГНУ ФНЦ Пищевых Систем им. В.М. Горбатова РАН, ПМГМУ им. И.М. Сеченова, РНЦХ им. акад. Б.В. Петровского и других. Его активно используют в своей работе врачи хирурги, ортопеды, диетологи, стоматологи, косметологи. ПЕРВЫЙ ЖИВОЙ КОЛЛАГЕН — эликсир молодости, позволяющий сохранить свое здоровье, красоту и качество жизни на долгие годы.",,https://colla-gen.ru/,,,https://zozhexpo.ru/catalog/#li_title__1757604999783,1757604999783,"Инновационная компания ПЕРВЫЙ ЖИВОЙ КОЛЛАГЕН - лидер рынка коллагенсодержащих продуктов с собственным производством в Москве и экологически чистым сырьем от проверенных российских птицефабрик. Запатентованная природоподобная технология производства позволяет получать коллаген с большим комплексом аминокислот и других важных для организма нутриентов. Ключевой продукт компании – пищевой bio-комплекс с пептидами коллагена и эластином ЖИВОЙ КОЛЛАГЕН с доказанным антиэйдж-эффектом. Его действие направлено на оздоровление суставов, связок и сосудов, укрепление мышц, защиту ЖКТ, сохранение молодости и упругости кожи, поддержание качественного состояния волос и ногтей. Продукт не содержит красителей",ok,,2026-06-16T07:50:34Z,zozh-tilda-catalog-v1.0.0
EcoGorodExpo / ZOZH-Expo 2026,Керамический кактус,Керамический кактус,,,,D06,,,"Керамическая мастерская «Керамический кактус» превращает глину в живое искусство. Компания создает авторскую посуду и декор, вдохновленные эстетикой природы и лаконичным дизайном. Каждое изделие — от тактильных кружек до интерьерных ваз — проходит путь ручной формовки и обжига, обретая уникальный характер. Продукция бренда сочетает в себе домашний уют и безупречный стиль. Мастера используют только безопасные материалы, создавая вещи для тех, кто ценит самобытность в деталях. «Керамический кактус» наполняет пространство теплом ручного труда и атмосферой современного крафта.",,https://cactus-ceramica.ru/,,,https://zozhexpo.ru/catalog/#li_title__1774854756845,1774854756845,"Керамическая мастерская «Керамический кактус» превращает глину в живое искусство. Компания создает авторскую посуду и декор, вдохновленные эстетикой природы и лаконичным дизайном. Каждое изделие — от тактильных кружек до интерьерных ваз — проходит путь ручной формовки и обжига, обретая уникальный характер. Продукция бренда сочетает в себе домашний уют и безупречный стиль. Мастера используют только безопасные материалы, создавая вещи для тех, кто ценит самобытность в деталях. «Керамический кактус» наполняет пространство теплом ручного труда и атмосферой современного крафта.",ok,,2026-06-16T07:50:34Z,zozh-tilda-catalog-v1.0.0
EcoGorodExpo / ZOZH-Expo 2026,ООО Конамор,ООО Конамор,,,,D04,,,"Компания специализируется на продаже натуральных и экологически чистых продуктов, заботясь о здоровье клиентов и сохранении природы. Мы предлагаем только товары с «чистым» составом без ГМО, пестицидов и искусственных добавок. Наша компания является импортером и уникальным представителем продукции Bio Planet на территории Беларуси и Российской Федерации. В нашем ассортименте: бакалея, сухофрукты, сиропы, шоколад и масла.",,https://www.wildberries.ru/seller/350091,,,https://zozhexpo.ru/catalog/#li_title__1774961584917,1774961584917,"Компания специализируется на продаже натуральных и экологически чистых продуктов, заботясь о здоровье клиентов и сохранении природы. Мы предлагаем только товары с «чистым» составом без ГМО, пестицидов и искусственных добавок. Наша компания является импортером и уникальным представителем продукции Bio Planet на территории Беларуси и Российской Федерации. В нашем ассортименте: бакалея, сухофрукты, сиропы, шоколад и масла.",ok,,2026-06-16T07:50:34Z,zozh-tilda-catalog-v1.0.0
EcoGorodExpo / ZOZH-Expo 2026,Ladakioil,Ladakioil,,,,B08,,,"Семейная компания LADAKIOIL 8 лет привозит в Россию очень вкусное БИО сертифицированное оливковое масло, с высочайшими показателями качества из экологически чистого терруара на севере Пелопоннеса. Это небольшая семейная ферма, но с очень древней историей и глубокой философией бережного земледелия, которая позволяет создавать уникальное оливковое масло высшей категории ULTRA PREMIUM EXTRA VIRGIN А благодаря особому подходу транспортировки и реализации масло доставляется до потребителей, сохранив первозданную свежесть и все полезные свойства! Экологическая чистота и рощи и самого масла ежегодно подтверждается Службой Европейской Био сертификации. БИО сертификат урожая 2024:GR-BIO-01.300-0052579.2024.001 Оливковое масло от LАDAKIOIL - настоящее сокровище для гурманов, заботящихся о своём здоровье!",,https://www.ladakioil.ru/,,,https://zozhexpo.ru/catalog/#li_title__1757508659923,1757508659923,"Семейная компания LADAKIOIL 8 лет привозит в Россию очень вкусное БИО сертифицированное оливковое масло, с высочайшими показателями качества из экологически чистого терруара на севере Пелопоннеса. Это небольшая семейная ферма, но с очень древней историей и глубокой философией бережного земледелия, которая позволяет создавать уникальное оливковое масло высшей категории ULTRA PREMIUM EXTRA VIRGIN А благодаря особому подходу транспортировки и реализации масло доставляется до потребителей, сохранив первозданную свежесть и все полезные свойства! Экологическая чистота и рощи и самого масла ежегодно подтверждается Службой Европейской Био сертификации. БИО сертификат урожая 2024:GR-BIO-01.300-005257",ok,,2026-06-16T07:50:34Z,zozh-tilda-catalog-v1.0.0
EcoGorodExpo / ZOZH-Expo 2026,Лавка Деликатесов,Лавка Деликатесов,,,,B09,,,"Лавка Деликатесов создает то что превращает обычную трапезу в маленький праздник: домашние колбасы, мясные деликатесы и крафтовые сыры ручной работы. Каждое изделие - результат кропотливого ручного труда и бережного следование рецепта. Колбасы и деликатесы из отборного мяса, с ароматными специями без консервантов и усилителей вкуса. Копчение, вяление, созревание - каждый этап под чутким контролем мастеров. Крафтовые сыры, с душой и знанием дела. Только натуральное молоко традиционные технологии и немного творческого вдохновения. От нежных молодых до выдержанных с ярким характером.",,https://vk.com/lavkadelikatesow,,,https://zozhexpo.ru/catalog/#li_title__1774961940434,1774961940434,"Лавка Деликатесов создает то что превращает обычную трапезу в маленький праздник: домашние колбасы, мясные деликатесы и крафтовые сыры ручной работы. Каждое изделие - результат кропотливого ручного труда и бережного следование рецепта. Колбасы и деликатесы из отборного мяса, с ароматными специями без консервантов и усилителей вкуса. Копчение, вяление, созревание - каждый этап под чутким контролем мастеров. Крафтовые сыры, с душой и знанием дела. Только натуральное молоко традиционные технологии и немного творческого вдохновения. От нежных молодых до выдержанных с ярким характером.",ok,,2026-06-16T07:50:34Z,zozh-tilda-catalog-v1.0.0
EcoGorodExpo / ZOZH-Expo 2026,Топленое масло ГХИ,Топленое масло ГХИ,,,,R09,,,"Компания представляет масло ГХИ - натуральный продукт, в котором гармонично сочетаются насыщенный вкус и польза для здоровья. ГХИ - это особый вид топлёного масла, получаемый методом длительного бережного томления. В процессе полностью удаляются вода, казеин и лактоза, благодаря чему остаётся чистый, легко усваиваемый жир с мягким орехово-сливочным вкусом и высокой точкой дымления. Масло ГХИ универсально: идеально подходит для жарки, запекания, каш и соусов, а также раскрывается в простых сочетаниях - например, со свежим хлебом. Продукт ценится за свои свойства: он способствует снижению воспалений, поддерживает дыхательную систему, смягчая горло и уменьшая дискомфорт, укрепляет иммунитет благодаря витаминам A, D, E, K и обладает мягким согревающим эффектом, особенно в сочетании со специями. ГХИ используют не только в кулинарии, но и в напитках - добавляя в тёплое молоко с мёдом и куркумой, а также для наружного применения - в виде тёплого массажа для расслабления и улучшения самочувствия. Масло ГХИ - это универсальный продукт, который наполняет блюда вкусом и поддерживает естественный баланс организма.",,,,,https://zozhexpo.ru/catalog/#li_title__1774962222683,1774962222683,"Компания представляет масло ГХИ - натуральный продукт, в котором гармонично сочетаются насыщенный вкус и польза для здоровья. ГХИ - это особый вид топлёного масла, получаемый методом длительного бережного томления. В процессе полностью удаляются вода, казеин и лактоза, благодаря чему остаётся чистый, легко усваиваемый жир с мягким орехово-сливочным вкусом и высокой точкой дымления. Масло ГХИ универсально: идеально подходит для жарки, запекания, каш и соусов, а также раскрывается в простых сочетаниях - например, со свежим хлебом. Продукт ценится за свои свойства: он способствует снижению воспалений, поддерживает дыхательную систему, смягчая горло и уменьшая дискомфорт, укрепляет иммунитет бла",ok,,2026-06-16T07:50:34Z,zozh-tilda-catalog-v1.0.0
EcoGorodExpo / ZOZH-Expo 2026,Марьины Травы,Марьины Травы,,,,A05,,,"Мария Дьяченко — Калужская Травница 🌿 Живя в окружении первозданной природы, Мария посвятила жизнь сбору целебных трав и Иван-чая. Каждый листок она бережно сушит по старинным семейным рецептам, сохраняя максимум пользы и аромата. Родившись в Томске — городе, где студенческая энергия соседствует с таёжной мудростью — своё ""травное"" детство она провела в деревне. Бабушка Валя и прабабушка Стеша научили её не просто собирать растения, а чувствовать их характер и целебную силу. Особое мастерство — ферментация Иван-чая по уникальному рецепту, который делает каждый сбор неповторимым. С 2007 года Мария обустраивает жизнь в Родовом Поселении «Милёнки» на берегу чистейшей реки Угра в Калужской области. Здесь, среди лугов и лесов, она воспитывает пятерых детей, которые с детства учатся бережному отношению к природе. Мария проводит увлекательные мастер-классы, где раскрывает секреты: ✔️ Правильного сбора и сушки трав ✔️ Искусства ферментации Иван-чая ✔️ Приготовления витаминных сборов ✔️ Использования дикоросов в повседневной кухне Мария ведёт активную просветительскую работу, возрождая традиции травничества. Её философия проста: природа даёт всё необходимое для здоровья, важно научиться этим пользоваться.",,https://vk.com/moi_travy,,,https://zozhexpo.ru/catalog/#li_title__1758193926334,1758193926334,"Мария Дьяченко — Калужская Травница 🌿 Живя в окружении первозданной природы, Мария посвятила жизнь сбору целебных трав и Иван-чая. Каждый листок она бережно сушит по старинным семейным рецептам, сохраняя максимум пользы и аромата. Родившись в Томске — городе, где студенческая энергия соседствует с таёжной мудростью — своё ""травное"" детство она провела в деревне. Бабушка Валя и прабабушка Стеша научили её не просто собирать растения, а чувствовать их характер и целебную силу. Особое мастерство — ферментация Иван-чая по уникальному рецепту, который делает каждый сбор неповторимым. С 2007 года Мария обустраивает жизнь в Родовом Поселении «Милёнки» на берегу чистейшей реки Угра в Калужской облас",ok,,2026-06-16T07:50:34Z,zozh-tilda-catalog-v1.0.0
EcoGorodExpo / ZOZH-Expo 2026,MyGenetics,MyGenetics,,,,B11,,,"Компания MyGenetics работает на рынке генетических исследований с 2013 года. Панели тестов позволяют изучить ключевые показатели, связанные с активностью, энергией, психоэмоциональной сферой, оптимальной системой питания и физической активностью. MyGenetics имеет собственную лабораторию в новосибирском Академгородке, а также штат разработчиков-генетиков. Благодаря отлаженной логистике клиенты из любой точки мира комфортно взаимодействуют с компанией. Чтобы собрать генетический материал не нужно сдавать кровь, это безопасно и просто, а результаты актуальны на протяжении всей жизни. ДНК-исследования — это первая ступень биохакинга. То, с чего начинается путь к здоровью, познанию себя и активному долголетию. С компанией MyGenetics данные тестов легко расшифровать и начать применять в жизни — в каждое тестирование включена индивидуальная консультациям с практикующим экспертом.",,https://mygenetics.ru/,,,https://zozhexpo.ru/catalog/#li_title__1774964537543,1774964537543,"Компания MyGenetics работает на рынке генетических исследований с 2013 года. Панели тестов позволяют изучить ключевые показатели, связанные с активностью, энергией, психоэмоциональной сферой, оптимальной системой питания и физической активностью. MyGenetics имеет собственную лабораторию в новосибирском Академгородке, а также штат разработчиков-генетиков. Благодаря отлаженной логистике клиенты из любой точки мира комфортно взаимодействуют с компанией. Чтобы собрать генетический материал не нужно сдавать кровь, это безопасно и просто, а результаты актуальны на протяжении всей жизни. ДНК-исследования — это первая ступень биохакинга. То, с чего начинается путь к здоровью, познанию себя и активно",ok,,2026-06-16T07:50:34Z,zozh-tilda-catalog-v1.0.0
EcoGorodExpo / ZOZH-Expo 2026,MEDCRAFT MEDVIBE,MEDCRAFT MEDVIBE,,,,B14,,,"MedCraft - это высококачественные витамины, минералы, нутриенты, специально разработанные для женщин и женского здоровья. Наша задача - чтобы вы были уверены в результате и остались в восторге от эффекта после приема нутрицевтиков. 4 важных принципа, на которые мы опираемся в работе: Понятный состав, открытое производство и информация о месте происхождения сырья. Клиническая эффективность нутрицевтиков. Гарантия результата. Программа поддержки клиентов специалистами MedVibe 24/7. ! Наша миссия: чтобы счастливых и здоровых людей стало больше!",,http://medvibe.ru/; https://medcraft.ru/,,,https://zozhexpo.ru/catalog/#li_title__1774964700567,1774964700567,"MedCraft - это высококачественные витамины, минералы, нутриенты, специально разработанные для женщин и женского здоровья. Наша задача - чтобы вы были уверены в результате и остались в восторге от эффекта после приема нутрицевтиков. 4 важных принципа, на которые мы опираемся в работе: Понятный состав, открытое производство и информация о месте происхождения сырья. Клиническая эффективность нутрицевтиков. Гарантия результата. Программа поддержки клиентов специалистами MedVibe 24/7. ! Наша миссия: чтобы счастливых и здоровых людей стало больше!",ok,,2026-06-16T07:50:34Z,zozh-tilda-catalog-v1.0.0
EcoGorodExpo / ZOZH-Expo 2026,NATURA botanica,NATURA botanica,,,,B16,,,"NATURA botanica – это натуральная косметика, нацеленная на гармонию с природой, заботу о красоте и здоровье всех членов семьи, в том числе будущих и кормящих мам и детей с первых дней жизни. Наша особая гоhдость – это серия для беременных и кормящих мам. В самый важный период наши женщины подходят к выбору косметики более осознанно – делая выбор в пользу натуральных составов. Предметом восхищения так же по праву считается детская серия, разработанная с особой любовью и нежностью к самым важным людям на планете – нашим детям. Продукты из этой линейки уже успели покорить сердца молодых мам – они по достоинству оценили нашу детскую линейку. Все продукты бренда NATURA botanica не содержат силиконов, парабенов, синтетических красителей и отдушек.",,https://naturabotanica.su/,,,https://zozhexpo.ru/catalog/#li_title__1774965400021,1774965400021,"NATURA botanica – это натуральная косметика, нацеленная на гармонию с природой, заботу о красоте и здоровье всех членов семьи, в том числе будущих и кормящих мам и детей с первых дней жизни. Наша особая гоhдость – это серия для беременных и кормящих мам. В самый важный период наши женщины подходят к выбору косметики более осознанно – делая выбор в пользу натуральных составов. Предметом восхищения так же по праву считается детская серия, разработанная с особой любовью и нежностью к самым важным людям на планете – нашим детям. Продукты из этой линейки уже успели покорить сердца молодых мам – они по достоинству оценили нашу детскую линейку. Все продукты бренда NATURA botanica не содержат силико",ok,,2026-06-16T07:50:34Z,zozh-tilda-catalog-v1.0.0
EcoGorodExpo / ZOZH-Expo 2026,NEW WAVE,NEW WAVE,,,,C03,,,"Молодая международная компания, зарегистрированная в РФ, Казахстане и Узбекистане. Компания разрабатывает и выпускает собственные инновационные продукты, включая функциональные напитки, базы, средства для ухода за кожей и систему фильтрации воды. Разработки основаны на многолетнем опыте и последних научных достижениях. С Новой волной здоровье становится вкусным и стильным!",,https://newave.ru/,,,https://zozhexpo.ru/catalog/#li_title__1774965752134,1774965752134,"Молодая международная компания, зарегистрированная в РФ, Казахстане и Узбекистане. Компания разрабатывает и выпускает собственные инновационные продукты, включая функциональные напитки, базы, средства для ухода за кожей и систему фильтрации воды. Разработки основаны на многолетнем опыте и последних научных достижениях. С Новой волной здоровье становится вкусным и стильным!",ok,,2026-06-16T07:50:34Z,zozh-tilda-catalog-v1.0.0
EcoGorodExpo / ZOZH-Expo 2026,ROSTKI FOR YOU,ROSTKI FOR YOU,,,,D05,,,"Хлебцы из проростков – супер перекус, Получаешь с ними самый полезный хруст, Кладезь минералов, белков, жиров, клетчатки И залог здоровья для обретенья счастья. Достигайте новых высот вместе с ""ПроRostki""! (БЖУ – 24:38:19 г, клетчатки – 12 г, омега-3 – 10 г, магния – 364 мг)",,https://xn--h1adladgbjj.site/,,,https://zozhexpo.ru/catalog/#li_title__1774965999784,1774965999784,"Хлебцы из проростков – супер перекус, Получаешь с ними самый полезный хруст, Кладезь минералов, белков, жиров, клетчатки И залог здоровья для обретенья счастья. Достигайте новых высот вместе с ""ПроRostki""! (БЖУ – 24:38:19 г, клетчатки – 12 г, омега-3 – 10 г, магния – 364 мг)",ok,,2026-06-16T07:50:34Z,zozh-tilda-catalog-v1.0.0
EcoGorodExpo / ZOZH-Expo 2026,Путь Жизни,Путь Жизни,,,,A02,,,"За здоровье, за людей, за правду! «Путь Жизни» — это органическое предприятие полного цикла: от сельхозпроизводства до конечной переработки. Это результат труда и бережного отношения к дарам Земли. С 2012 года предприятие возделывает собственные поля в Орловской области, производя чистое, не отравленное зерно. В 2023 году начали перерабатывать зерно в органические крупы, муку, хлопья и постоянно расширяют ассортимент. Делятся своим опытом и знаниями с другими производителями и просто заинтересованными людьми, проводя встречи, стажировки и консультации. Ведь органическое производство — это не только качественные и полезные продукты, это формирование культуры здорового питания и бережного отношения к природе.",,https://vk.com/put_zhizni_organic,,,https://zozhexpo.ru/catalog/#li_title__1758193147679,1758193147679,"За здоровье, за людей, за правду! «Путь Жизни» — это органическое предприятие полного цикла: от сельхозпроизводства до конечной переработки. Это результат труда и бережного отношения к дарам Земли. С 2012 года предприятие возделывает собственные поля в Орловской области, производя чистое, не отравленное зерно. В 2023 году начали перерабатывать зерно в органические крупы, муку, хлопья и постоянно расширяют ассортимент. Делятся своим опытом и знаниями с другими производителями и просто заинтересованными людьми, проводя встречи, стажировки и консультации. Ведь органическое производство — это не только качественные и полезные продукты, это формирование культуры здорового питания и бережного отно",ok,,2026-06-16T07:50:34Z,zozh-tilda-catalog-v1.0.0
EcoGorodExpo / ZOZH-Expo 2026,SOMELOVE,SOMELOVE,,,,D08,,,"Somelove — это бережный натуральный уход для всей семьи. Нежную кожу новорождённых поддерживают и укрепляют продукты с пребиотиками из линейки for my baby. Яркие озорные средства для «уже больших» малышей for my kiddo превращают скучное купание в приключение. Уход для взрослых тоже очень деликатный, поэтому продукты для лица и тела линеек for my face и for my body подойдут мамам малышей. Продукты somelove протестированы дерматологами из немецкой лаборатории Dermatest. Результат — высшая оценка.",,https://somelove.ru/,,,https://zozhexpo.ru/catalog/#li_title__1774966253176,1774966253176,"Somelove — это бережный натуральный уход для всей семьи. Нежную кожу новорождённых поддерживают и укрепляют продукты с пребиотиками из линейки for my baby. Яркие озорные средства для «уже больших» малышей for my kiddo превращают скучное купание в приключение. Уход для взрослых тоже очень деликатный, поэтому продукты для лица и тела линеек for my face и for my body подойдут мамам малышей. Продукты somelove протестированы дерматологами из немецкой лаборатории Dermatest. Результат — высшая оценка.",ok,,2026-06-16T07:50:34Z,zozh-tilda-catalog-v1.0.0
EcoGorodExpo / ZOZH-Expo 2026,СВИТБИН,СВИТБИН,,,,C13,,,"Фабрика полезного шоколада СВИТБИН — это истинная находка для ценителей здорового питания и натуральных сладостей. Компания представляет уникальный шоколад SUPERFOOD, который не содержит сахара: его сладость достигается благодаря натуральным сиропам топинамбура и цикория. Изготавливая продукцию без добавления соевого лецитина, пальмового масла, искусственных добавок и красителей, СВИТБИН заботится о здоровье своих потребителей. Шоколад обогащен натуральными ингредиентами: семенами тыквы и конопли, порошком пророщенной пшеницы витграсс, а также ароматными сухофруктами, такими как абрикосы, чернослив, финики и клюква. Не забыты и орехи — миндаль, грецкий и кедровый. Каждый кусочек не только удивляет вкусом, но и приносит пользу организму. Свитбин - шоколадный восторг!",,https://sweetbean-chocolate.ru/,,,https://zozhexpo.ru/catalog/#li_title__1757604322058,1757604322058,"Фабрика полезного шоколада СВИТБИН — это истинная находка для ценителей здорового питания и натуральных сладостей. Компания представляет уникальный шоколад SUPERFOOD, который не содержит сахара: его сладость достигается благодаря натуральным сиропам топинамбура и цикория. Изготавливая продукцию без добавления соевого лецитина, пальмового масла, искусственных добавок и красителей, СВИТБИН заботится о здоровье своих потребителей. Шоколад обогащен натуральными ингредиентами: семенами тыквы и конопли, порошком пророщенной пшеницы витграсс, а также ароматными сухофруктами, такими как абрикосы, чернослив, финики и клюква. Не забыты и орехи — миндаль, грецкий и кедровый. Каждый кусочек не только уд",ok,,2026-06-16T07:50:34Z,zozh-tilda-catalog-v1.0.0
EcoGorodExpo / ZOZH-Expo 2026,Семилова Елена,Семилова Елена,,,,R01,,,"Уникальные натуральные живые уксусы из ягод, листьев, цветов. Непастеризованные и нефильтрованные. В линейке также представлены уксусные вытяжки на ягодах и пряных травах. Гидролаты - большой выбор из пищевых и лекарственных растений. Вся продукция производится в Ярославской области.",,https://vk.com/vinegar_i_hydrolate,,,https://zozhexpo.ru/catalog/#li_title__1758207441655,1758207441655,"Уникальные натуральные живые уксусы из ягод, листьев, цветов. Непастеризованные и нефильтрованные. В линейке также представлены уксусные вытяжки на ягодах и пряных травах. Гидролаты - большой выбор из пищевых и лекарственных растений. Вся продукция производится в Ярославской области.",ok,,2026-06-16T07:50:34Z,zozh-tilda-catalog-v1.0.0
EcoGorodExpo / ZOZH-Expo 2026,Углече поле,Углече поле,,,,A02,,,"Сохранившие первозданную природную чистоту земли и воды, существенное удаление от промышленных центров, самые передовые научные методы организации и ведения органического сельскохозяйственного производства, бережные технологии переработки и упаковки готовой продукции гарантируют продуктам бренда «Углече Поле» непревзойденный вкус и пользу для вашего здоровья. Продукты «Углече Поле» производятся в Угличском районе Ярославской области компанией «АгриВолга».",,https://ouglechepole.ru/,,,https://zozhexpo.ru/catalog/#li_title__1774966580631,1774966580631,"Сохранившие первозданную природную чистоту земли и воды, существенное удаление от промышленных центров, самые передовые научные методы организации и ведения органического сельскохозяйственного производства, бережные технологии переработки и упаковки готовой продукции гарантируют продуктам бренда «Углече Поле» непревзойденный вкус и пользу для вашего здоровья. Продукты «Углече Поле» производятся в Угличском районе Ярославской области компанией «АгриВолга».",ok,,2026-06-16T07:50:34Z,zozh-tilda-catalog-v1.0.0
EcoGorodExpo / ZOZH-Expo 2026,Фитасинтекс,Фитасинтекс,,,,A19,,,"Фитасинтекс — 25 лет безупречной репутации на рынке гомеопатии. Российская компания специализируется на производстве высокоэффективных комплексных и моно препаратов. Каждое средство — результат кропотливой работы фармацевтов и врачей-гомеопатов, которые лично тестируют рецептуры. В основе производства — проверенное сырье и собственные клинические исследования, подтверждающие безопасность и результативность. Ассортимент включает решения для всей семьи: от поддержки иммунитета до помощи при стрессах, нарушениях сна и сезонных недомоганиях. Узнайте больше о линейке на официальном сайте",,https://www.fitasyntex.ru,,,https://zozhexpo.ru/catalog/#li_title__1774970016477,1774970016477,"Фитасинтекс — 25 лет безупречной репутации на рынке гомеопатии. Российская компания специализируется на производстве высокоэффективных комплексных и моно препаратов. Каждое средство — результат кропотливой работы фармацевтов и врачей-гомеопатов, которые лично тестируют рецептуры. В основе производства — проверенное сырье и собственные клинические исследования, подтверждающие безопасность и результативность. Ассортимент включает решения для всей семьи: от поддержки иммунитета до помощи при стрессах, нарушениях сна и сезонных недомоганиях. Узнайте больше о линейке на официальном сайте",ok,,2026-06-16T07:50:34Z,zozh-tilda-catalog-v1.0.0
EcoGorodExpo / ZOZH-Expo 2026,Fitness Formula,Fitness Formula,,,,C08,,,"Fitness Formula - сеть магазинов для активного образа жизни, в ассортименте более 1000 позиций БАДов, Спортивного питания, снеков и других продуктов для активного образа жизни, красоты и здоровья. Ассортимент магазина представлен российскими и международными брендами, такими как: NOW FOODS, Life Extension, Trace Minerals. Fitness Formula предоставляет своим клиентам только лучшие цены на высококачественные продукты, это стало возможно благодаря прямым договорам с производителями из разных стран. Выбирая Fitness Formula - вы выбираете активную жизнь!",,https://moscow.24ff.ru/,,,https://zozhexpo.ru/catalog/#li_title__1774970148361,1774970148361,"Fitness Formula - сеть магазинов для активного образа жизни, в ассортименте более 1000 позиций БАДов, Спортивного питания, снеков и других продуктов для активного образа жизни, красоты и здоровья. Ассортимент магазина представлен российскими и международными брендами, такими как: NOW FOODS, Life Extension, Trace Minerals. Fitness Formula предоставляет своим клиентам только лучшие цены на высококачественные продукты, это стало возможно благодаря прямым договорам с производителями из разных стран. Выбирая Fitness Formula - вы выбираете активную жизнь!",ok,,2026-06-16T07:50:34Z,zozh-tilda-catalog-v1.0.0
EcoGorodExpo / ZOZH-Expo 2026,САХАДЖА ЙОГА,САХАДЖА ЙОГА,,,,B17,,,"Уникальный метод духовного возрождения человека путём пробуждения его собственной энергии Кундалини. Будучи пробуждённой, Кундалини устанавливает на тонком уровне связь человека со Всепроникающей Энергией Божественной Любви, то есть даёт ему Йогу. Регулярные медитации и очищение чакр необходимы для упрочения связи.",,https://sahajayoga.ru/,,,https://zozhexpo.ru/catalog/#li_title__1774970298277,1774970298277,"Уникальный метод духовного возрождения человека путём пробуждения его собственной энергии Кундалини. Будучи пробуждённой, Кундалини устанавливает на тонком уровне связь человека со Всепроникающей Энергией Божественной Любви, то есть даёт ему Йогу. Регулярные медитации и очищение чакр необходимы для упрочения связи.",ok,,2026-06-16T07:50:34Z,zozh-tilda-catalog-v1.0.0
EcoGorodExpo / ZOZH-Expo 2026,SHARE,SHARE,,,,D03,,,"Компания SHARE производит в Швейцарии уникальные ферментированные фрукты — это природные эликсиры для оздоровления и детокса. Мы превращаем отборные фрукты (японский абрикос и помело) в мощные концентраты полезных веществ с помощью долгой ферментации (36 месяцев). Наши продукты созданы, чтобы решать конкретные проблемы: · Очищают организм — выводят токсины, улучшают работу печени и кишечника. · Улучшают пищеварение — восстанавливают микрофлору за счёт живых пробиотиков и энзимов. · Повышают энергию и иммунитет — насыщают организм легкоусвояемыми витаминами и антиоксидантами. · Поддерживают молодость и тонус — борются со стрессом клеток и помогают метаболизму. Это 100% натуральные формулы без консервантов, подходящие даже для веганов и людей с пищевыми ограничениями. Швейцарское качество гарантирует чистоту и эффективность каждого продукта. SHARE — ваше ежедневное решение для очищения, укрепления здоровья и активного долголетия!",,https://sharerussia.ru/,,,https://zozhexpo.ru/catalog/#li_title__1774970453341,1774970453341,"Компания SHARE производит в Швейцарии уникальные ферментированные фрукты — это природные эликсиры для оздоровления и детокса. Мы превращаем отборные фрукты (японский абрикос и помело) в мощные концентраты полезных веществ с помощью долгой ферментации (36 месяцев). Наши продукты созданы, чтобы решать конкретные проблемы: · Очищают организм — выводят токсины, улучшают работу печени и кишечника. · Улучшают пищеварение — восстанавливают микрофлору за счёт живых пробиотиков и энзимов. · Повышают энергию и иммунитет — насыщают организм легкоусвояемыми витаминами и антиоксидантами. · Поддерживают молодость и тонус — борются со стрессом клеток и помогают метаболизму. Это 100% натуральные формулы без",ok,,2026-06-16T07:50:34Z,zozh-tilda-catalog-v1.0.0
EcoGorodExpo / ZOZH-Expo 2026,YARKOST,YARKOST,,,,A08,,,"Лаборатория сезонной косметики ""YARKOST"". В этом проекте главное - любовь к органическому стилю жизни. ""Яркость"" создает, разрабатывает, ищет сезонные косметические коллекции. Наборы необходимые и полезные каждому из нас в текущее время года. Природа не любит ни пустоты, ни переполненности. Она стремится к равновесию, непрестанно восполняя все, в чем возникает недостаточность, и зачищая излишки: _ Весной оживающая, уставшая от холода, морозного ветра и недостатка солнечного света наливает силой все вокруг, в каждом стебле и каждой почке текут силы возрождения. _ Летом в период цветения и созревания вырабатывает стабилизирующие и развивающие вещества. _ Осенью готовит к суровому периоду испытаний, создает элементы обертывания, защищающие и успокаивающие. _ В зимнее время согревает, тонизирует и тайно готовит к новому взлету, росту и обновлению. Каждый из продуктов ""YARKOST"" имеет нумерацию 1 _ 2 _ 3 _ 4. Что означает для какого из сезонов он наиболее эффективен - весны, зимы, осени или лета. В максимальной гармонии с природой.",,https://yarkostorganic.ru/,,,https://zozhexpo.ru/catalog/#li_title__1760452467683,1760452467683,"Лаборатория сезонной косметики ""YARKOST"". В этом проекте главное - любовь к органическому стилю жизни. ""Яркость"" создает, разрабатывает, ищет сезонные косметические коллекции. Наборы необходимые и полезные каждому из нас в текущее время года. Природа не любит ни пустоты, ни переполненности. Она стремится к равновесию, непрестанно восполняя все, в чем возникает недостаточность, и зачищая излишки: _ Весной оживающая, уставшая от холода, морозного ветра и недостатка солнечного света наливает силой все вокруг, в каждом стебле и каждой почке текут силы возрождения. _ Летом в период цветения и созревания вырабатывает стабилизирующие и развивающие вещества. _ Осенью готовит к суровому периоду испыт",ok,,2026-06-16T07:50:34Z,zozh-tilda-catalog-v1.0.0
EcoGorodExpo / ZOZH-Expo 2026,Сидродельня АБЛЪКО,Сидродельня АБЛЪКО,,,,A02,,,"Сидр Аблъко - первый в России сухой органический сидр! Производство сидра находится в Мещовском районе Калужской области. Слабоалкогольный напиток с мягкой натуральной газацией изготавливается из яблочного сока прямого отжима путем холодного брожения и ферментации в течении 10-ти месяцев. Собственные сады, чистый деревенский воздух и долгий процесс ферментации на осадке придают сидру утонченный яблочный вкус и аромат! На производстве так же проводятся экскурсии с дегустацией, есть возможность отдыха в комфортных сфера-домиках с панорамным остеклением и видом на поля.",,https://ablko.ru/,,,https://zozhexpo.ru/catalog/#li_title__1775632590660,1775632590660,"Сидр Аблъко - первый в России сухой органический сидр! Производство сидра находится в Мещовском районе Калужской области. Слабоалкогольный напиток с мягкой натуральной газацией изготавливается из яблочного сока прямого отжима путем холодного брожения и ферментации в течении 10-ти месяцев. Собственные сады, чистый деревенский воздух и долгий процесс ферментации на осадке придают сидру утонченный яблочный вкус и аромат! На производстве так же проводятся экскурсии с дегустацией, есть возможность отдыха в комфортных сфера-домиках с панорамным остеклением и видом на поля.",ok,,2026-06-16T07:50:34Z,zozh-tilda-catalog-v1.0.0
EcoGorodExpo / ZOZH-Expo 2026,АРОМА ДЗЕН,АРОМА ДЗЕН,,,,B06,,,"Арома Дзен - ваш дзен в мире ароматов. AROMA DZEN объединяет ведущие японские компании и передовые технологии в ароматерапии. Мы специализируемся на японской ароматической культуре, существующей более пяти веков, начиная с эпохи Эдо XVII века. Наши партнеры производят эфирные масла исключительно из натуральных компонентов, без синтетики и токсинов, с соблюдением стандартов безопасности Aroma Environment Association of Japan (AEAJ). Каждое масло проходит строгий контроль качества и газовую хроматографию, соответствуя требованиям безопасности Японии и других стран. Производство сырья осуществляется под строгим контролем как в Японии, так и за её пределами, чтобы гарантировать высочайшее качество эфирных масел.",,https://aroma-dzen.ru/,,,https://zozhexpo.ru/catalog/#li_title__1775825967621,1775825967621,"Арома Дзен - ваш дзен в мире ароматов. AROMA DZEN объединяет ведущие японские компании и передовые технологии в ароматерапии. Мы специализируемся на японской ароматической культуре, существующей более пяти веков, начиная с эпохи Эдо XVII века. Наши партнеры производят эфирные масла исключительно из натуральных компонентов, без синтетики и токсинов, с соблюдением стандартов безопасности Aroma Environment Association of Japan (AEAJ). Каждое масло проходит строгий контроль качества и газовую хроматографию, соответствуя требованиям безопасности Японии и других стран. Производство сырья осуществляется под строгим контролем как в Японии, так и за её пределами, чтобы гарантировать высочайшее качест",ok,,2026-06-16T07:50:34Z,zozh-tilda-catalog-v1.0.0
EcoGorodExpo / ZOZH-Expo 2026,"ООО НПФ ""Био Тон""","ООО НПФ ""Био Тон""",,,,A20,,,"Научно- производственная фирма «БиоТон» – российская фармацевтическая компания – основана в 1992 году. Основной специализацией фирмы являются производство и реализация высокоэффективных энтеросорбентов в таблетках на основе лигнина гидролизного (продукта переработки целлюлозы) Энтегнин® и Энтегнин-Н®. Препараты из лигнина являются универсальным детоксикационным средством и применяются при различных интоксикациях организма: • первой помощи при пищевых отравлениях, кишечных инфекциях, • для быстрого устранения симптомов пищевой и лекарственной аллергии, • для снижения уровня холестерина при атеросклерозе, • для профилактики интоксикаций у работников вредных производств. За свою 30-летнюю деятельность специалистами фирмы были проведены исследования по разработке новой, более удобной и перспективной формы энтеросорбентов на основе лигнина в таблетках, так как раньше лигнин выпускался только в виде порошка, поэтому его было неудобно дозировать и принимать.",,https://www.bioton.ru/; https://entegnin.ru/,,,https://zozhexpo.ru/catalog/#li_title__1775637185224,1775637185224,"Научно- производственная фирма «БиоТон» – российская фармацевтическая компания – основана в 1992 году. Основной специализацией фирмы являются производство и реализация высокоэффективных энтеросорбентов в таблетках на основе лигнина гидролизного (продукта переработки целлюлозы) Энтегнин® и Энтегнин-Н®. Препараты из лигнина являются универсальным детоксикационным средством и применяются при различных интоксикациях организма: • первой помощи при пищевых отравлениях, кишечных инфекциях, • для быстрого устранения симптомов пищевой и лекарственной аллергии, • для снижения уровня холестерина при атеросклерозе, • для профилактики интоксикаций у работников вредных производств. За свою 30-летнюю деяте",ok,,2026-06-16T07:50:34Z,zozh-tilda-catalog-v1.0.0
EcoGorodExpo / ZOZH-Expo 2026,БЕЛЬЧОНОК,БЕЛЬЧОНОК,,,,R26,,,"Belchonok вкус настоящего счастья! Добро пожаловать в наш уютный мир, где нет места лишнему сахару, консервантам или искусственным вкусам - только 100% natural радость! У нас вы найдете: Ягоды и фрукты в йогурте или шоколаде. Отборные орехи и кофе в бельгийском шоколаде или йогурте. Ягоды Бережной сушки без сахара Клюква, крыжовник, вишня, ревень, тыква, клубника. Мы бережно покрываем каждую начинку шоколадом и йогуртом, чтобы подчеркнуть, а не перебить, ее истинный вкус. Наши десерты сделаны только из натуральных ингредиентов.",,https://vk.com/belchonok_ru,,,https://zozhexpo.ru/catalog/#li_title__1776183347446,1776183347446,"Belchonok вкус настоящего счастья! Добро пожаловать в наш уютный мир, где нет места лишнему сахару, консервантам или искусственным вкусам - только 100% natural радость! У нас вы найдете: Ягоды и фрукты в йогурте или шоколаде. Отборные орехи и кофе в бельгийском шоколаде или йогурте. Ягоды Бережной сушки без сахара Клюква, крыжовник, вишня, ревень, тыква, клубника. Мы бережно покрываем каждую начинку шоколадом и йогуртом, чтобы подчеркнуть, а не перебить, ее истинный вкус. Наши десерты сделаны только из натуральных ингредиентов.",ok,,2026-06-16T07:50:34Z,zozh-tilda-catalog-v1.0.0
EcoGorodExpo / ZOZH-Expo 2026,BASIS GENOMIC GROUP,BASIS GENOMIC GROUP,,,,A18,,,"Генетические исследования. Генетическое тестирование – эффективный инструмент для построения персональных программ профилактики, лечения и управления рисками заболеваний/ Мы предлагаем Базовые и Таргетные генетические тесты. Базовый генетический тест – это исследование комплекса генов по определенному направлению, например, Косметология или Диетология. Таргетные генетические тесты предназначены для решения узконаправленных задач – например, для оценки рисков развития сахарного диабета второго типа.",,https://basisgg.ru/,,,https://zozhexpo.ru/catalog/#li_title__1775826135415,1775826135415,"Генетические исследования. Генетическое тестирование – эффективный инструмент для построения персональных программ профилактики, лечения и управления рисками заболеваний/ Мы предлагаем Базовые и Таргетные генетические тесты. Базовый генетический тест – это исследование комплекса генов по определенному направлению, например, Косметология или Диетология. Таргетные генетические тесты предназначены для решения узконаправленных задач – например, для оценки рисков развития сахарного диабета второго типа.",ok,,2026-06-16T07:50:34Z,zozh-tilda-catalog-v1.0.0
EcoGorodExpo / ZOZH-Expo 2026,BIO NUTRITION,BIO NUTRITION,,,,R04,,,"Bio Nutrition – сила природы для Вас! Производитель биологически активных добавок и витаминов. Наша цель - Ваше благополучие и легкость в движении и мы знаем, как этого добиться! В ассортимент продуктов входит: - комплекс витаминов для кожи, волос и ногтей, восстанавливает и укрепляет структуру волос и ногтей, предотвращает преждевременное старение кожи; - пиколинат хрома – нормализует обмен веществ, подавляет тягу к сладкому, способствует похудению, поддерживает уровень сахара в крови; - глюкозамин хондроитин МСМ – увеличивает подвижность суставов, уменьшая их износ, снимает воспаления и уменьшает боль. Каждый продукт проходит контроль качества на всех этапах производства, используем лучшее сырье. В наличии есть все международные сертификаты (GMP, HACCP, ISO)",,https://bionutritionlab.ru/,,,https://zozhexpo.ru/catalog/#li_title__1775826507227,1775826507227,"Bio Nutrition – сила природы для Вас! Производитель биологически активных добавок и витаминов. Наша цель - Ваше благополучие и легкость в движении и мы знаем, как этого добиться! В ассортимент продуктов входит: - комплекс витаминов для кожи, волос и ногтей, восстанавливает и укрепляет структуру волос и ногтей, предотвращает преждевременное старение кожи; - пиколинат хрома – нормализует обмен веществ, подавляет тягу к сладкому, способствует похудению, поддерживает уровень сахара в крови; - глюкозамин хондроитин МСМ – увеличивает подвижность суставов, уменьшая их износ, снимает воспаления и уменьшает боль. Каждый продукт проходит контроль качества на всех этапах производства, используем лучшее",ok,,2026-06-16T07:50:34Z,zozh-tilda-catalog-v1.0.0
EcoGorodExpo / ZOZH-Expo 2026,вода ВЕЛЬМИ,вода ВЕЛЬМИ,,,,C07,,,"Сегодня вода «Вельми» — это не просто продукт, а результат стремления к качеству и заботы о здоровье людей. Компания стала партнёром представителей различных сфер деятельности: от спортивных организаций до авиационной промышленности. Наша команда активно участвует в проектах, связанных с поддержкой гостиничного бизнеса, благотворительных организаций, сельскохозяйственной деятельности и производства безалкогольных напитков. Вода «Вельми» — это символ природной чистоты и заботы о будущем. Она напоминает о том, что природа дарит нам всё необходимое для жизни, и наша задача — сохранить это богатство для будущих поколений.",,https://water-velmi.ru/,,,https://zozhexpo.ru/catalog/#li_title__1775583222023,1775583222023,"Сегодня вода «Вельми» — это не просто продукт, а результат стремления к качеству и заботы о здоровье людей. Компания стала партнёром представителей различных сфер деятельности: от спортивных организаций до авиационной промышленности. Наша команда активно участвует в проектах, связанных с поддержкой гостиничного бизнеса, благотворительных организаций, сельскохозяйственной деятельности и производства безалкогольных напитков. Вода «Вельми» — это символ природной чистоты и заботы о будущем. Она напоминает о том, что природа дарит нам всё необходимое для жизни, и наша задача — сохранить это богатство для будущих поколений.",ok,,2026-06-16T07:50:34Z,zozh-tilda-catalog-v1.0.0
EcoGorodExpo / ZOZH-Expo 2026,VIMAVITA,VIMAVITA,,,,B20,,,"Компания ""Система-БиоТехнологии"" / бренд «ВИМАВИТА»® — это инновационный подход к здоровью, основанный на силе природы. Специалисты компании используют уникальную запатентованную технологию получения наноразмерных комплексов биоактивных веществ из натурального сырья. Это позволяет создавать продукты питания нового поколения: безопасные, без побочных эффектов и с максимальной эффективностью. Главная философия «ВИМАВИТА» — оздоровление через питание. Более 300 разработанных рецептур и глубокая экспертиза в направлении использования гумино-фульвовых веществ помогают организму самостоятельно справляться с возрастными и хроническими проблемами. Миссия бренда «ВИМАВИТА» — доказать, что с правильным питанием можно обойтись без обилия лекарств, наслаждаясь долгой и активной жизнью в полной мере.",,https://vimavita.ru/,,,https://zozhexpo.ru/catalog/#li_title__1775038050372,1775038050372,"Компания ""Система-БиоТехнологии"" / бренд «ВИМАВИТА»® — это инновационный подход к здоровью, основанный на силе природы. Специалисты компании используют уникальную запатентованную технологию получения наноразмерных комплексов биоактивных веществ из натурального сырья. Это позволяет создавать продукты питания нового поколения: безопасные, без побочных эффектов и с максимальной эффективностью. Главная философия «ВИМАВИТА» — оздоровление через питание. Более 300 разработанных рецептур и глубокая экспертиза в направлении использования гумино-фульвовых веществ помогают организму самостоятельно справляться с возрастными и хроническими проблемами. Миссия бренда «ВИМАВИТА» — доказать, что с правильны",ok,,2026-06-16T07:50:34Z,zozh-tilda-catalog-v1.0.0
EcoGorodExpo / ZOZH-Expo 2026,VITAMIN TIME Пастила без сахара,VITAMIN TIME Пастила без сахара,,,,A04,,,"VITAMIN TIME — компания, создающая полезные сладости из фруктов и ягод. В ассортименте — натуральная пастила и фруктовые чипсы без лишнего сахара и искусственных добавок. Бренд объединяет вкус и заботу о здоровье, предлагая современные гастрономические решения для подарков, корпоративных наборов и повседневного удовольствия. VITAMIN TIME — это сладости, которыми можно наслаждаться с пользой!",,https://vitamin-time.com/,,,https://zozhexpo.ru/catalog/#li_title__1775826668469,1775826668469,"VITAMIN TIME — компания, создающая полезные сладости из фруктов и ягод. В ассортименте — натуральная пастила и фруктовые чипсы без лишнего сахара и искусственных добавок. Бренд объединяет вкус и заботу о здоровье, предлагая современные гастрономические решения для подарков, корпоративных наборов и повседневного удовольствия. VITAMIN TIME — это сладости, которыми можно наслаждаться с пользой!",ok,,2026-06-16T07:50:34Z,zozh-tilda-catalog-v1.0.0
EcoGorodExpo / ZOZH-Expo 2026,VERTERA,VERTERA,,,,D14,,,"Vertera — международная компания, основанная в 2005 году, специализирующаяся на производстве продуктов для здоровья, функционального питания и косметологии на основе бурых морских водорослей (ламинарии). Компания использует собственное производство и запатентованные технологии, работает по модели прямых продаж и представлена в более чем 50 странах",,,,,https://zozhexpo.ru/catalog/#li_title__1775632004641,1775632004641,"Vertera — международная компания, основанная в 2005 году, специализирующаяся на производстве продуктов для здоровья, функционального питания и косметологии на основе бурых морских водорослей (ламинарии). Компания использует собственное производство и запатентованные технологии, работает по модели прямых продаж и представлена в более чем 50 странах",ok,,2026-06-16T07:50:34Z,zozh-tilda-catalog-v1.0.0
EcoGorodExpo / ZOZH-Expo 2026,GREEN LEAF-ЭКО,GREEN LEAF-ЭКО,,,,R07,,,"Корпорация Greenleaf ЭКО продукты повседневного спроса для дома! Больше 5000 тыс. наименований продукта! Greenleaf – это не просто бренд, это манифест осознанного выбора, призыв к действию, объединяющий тех, кто мечтает о чистом, здоровом будущем. Эко-упаковка: наши продукты создаются с заботой о природе — упаковка подлежит переработке или биоразлагается. Greenleaf — китайская корпорация, специализирующаяся на экологичной продукции (косметика, бытовая химия, товары для дома), выпускающая товары под собственными брендами. Основные бренды: iLife (бытовая химия, гигиена), Sealuxe (премиум-косметика), Carich (уход за кожей), Kardli, Nilrich, Chanery, Green-Pai и Easy-Love. Продукция отличается натуральными составами и доступными ценами",,https://greenleaf-global.com/,,,https://zozhexpo.ru/catalog/#li_title__1775036686757,1775036686757,"Корпорация Greenleaf ЭКО продукты повседневного спроса для дома! Больше 5000 тыс. наименований продукта! Greenleaf – это не просто бренд, это манифест осознанного выбора, призыв к действию, объединяющий тех, кто мечтает о чистом, здоровом будущем. Эко-упаковка: наши продукты создаются с заботой о природе — упаковка подлежит переработке или биоразлагается. Greenleaf — китайская корпорация, специализирующаяся на экологичной продукции (косметика, бытовая химия, товары для дома), выпускающая товары под собственными брендами. Основные бренды: iLife (бытовая химия, гигиена), Sealuxe (премиум-косметика), Carich (уход за кожей), Kardli, Nilrich, Chanery, Green-Pai и Easy-Love. Продукция отличается н",ok,,2026-06-16T07:50:34Z,zozh-tilda-catalog-v1.0.0
EcoGorodExpo / ZOZH-Expo 2026,ДоТерра и Ароманота с Юлией Антоновой,ДоТерра и Ароманота с Юлией Антоновой,,,,R01,,,"Натуральные, высокого качества Эфирные масла терапевтического класса и БАДы, для улучшения здоровья, благополучия, поддержки иммунитета и продолжительности жизни! Вся продукция ориентирована на людей, стремящихся к здоровому образу жизни и естественным способам ухода.",,,,,https://zozhexpo.ru/catalog/#li_title__1775036995759,1775036995759,"Натуральные, высокого качества Эфирные масла терапевтического класса и БАДы, для улучшения здоровья, благополучия, поддержки иммунитета и продолжительности жизни! Вся продукция ориентирована на людей, стремящихся к здоровому образу жизни и естественным способам ухода.",ok,,2026-06-16T07:50:34Z,zozh-tilda-catalog-v1.0.0
EcoGorodExpo / ZOZH-Expo 2026,ELEXIUM / ROZAMIMOZA,ELEXIUM / ROZAMIMOZA,,,,A20,,,"Высокоэффективная натуральная косметика Elexium cosmetics и RozaMimoza cosmetics Санкт-Петербург. Абсолютно натуральная, уникальная, высокоэффективная косметика по уходу за лицом на основе масла ладана (франкинсенс), не эфирного! Средствам нет аналогов, косметику на масле ладана больше никто не производит. Средства обладают поистине чудесными свойствами на кожу: убирают пигментацию, работают с морщинами, серьезными несовершенствами кожи, прыщиками, акне, куперозом. Собственное производство ведется с 2018 года в Санкт-Петербурге. Вся косметика брендов выпускается в экологичной упаковке, на производстве мы придерживаемся принципов «разумного потребления», сдаем на переработку производственный мусор, в том числе пластик.",,https://vk.com/elexium,,,https://zozhexpo.ru/catalog/#li_title__1775826841920,1775826841920,"Высокоэффективная натуральная косметика Elexium cosmetics и RozaMimoza cosmetics Санкт-Петербург. Абсолютно натуральная, уникальная, высокоэффективная косметика по уходу за лицом на основе масла ладана (франкинсенс), не эфирного! Средствам нет аналогов, косметику на масле ладана больше никто не производит. Средства обладают поистине чудесными свойствами на кожу: убирают пигментацию, работают с морщинами, серьезными несовершенствами кожи, прыщиками, акне, куперозом. Собственное производство ведется с 2018 года в Санкт-Петербурге. Вся косметика брендов выпускается в экологичной упаковке, на производстве мы придерживаемся принципов «разумного потребления», сдаем на переработку производственный ",ok,,2026-06-16T07:50:34Z,zozh-tilda-catalog-v1.0.0
EcoGorodExpo / ZOZH-Expo 2026,EGENY,EGENY,,,,R24,,,"EGENY — инновационная российская компания, которая создаёт высококачественную продукцию с акцентом на красоту, здоровье и энергию. Премиальные пищевые добавки для тех, кто ценит результат: пищевой коллаген, магний таурат и янтарная кислота— для всех, кто живёт активно. Только натуральные ингредиенты. Полная сертификация. Партнёры бренда — ведущие корпорации, клиники эстетической медицины и сетевые компании, которые выбирают качество осознанно. EGENY — премиальный стандарт заботы о себе.",,https://egeny.ru/,,,https://zozhexpo.ru/catalog/#li_title__1776438931097,1776438931097,"EGENY — инновационная российская компания, которая создаёт высококачественную продукцию с акцентом на красоту, здоровье и энергию. Премиальные пищевые добавки для тех, кто ценит результат: пищевой коллаген, магний таурат и янтарная кислота— для всех, кто живёт активно. Только натуральные ингредиенты. Полная сертификация. Партнёры бренда — ведущие корпорации, клиники эстетической медицины и сетевые компании, которые выбирают качество осознанно. EGENY — премиальный стандарт заботы о себе.",ok,,2026-06-16T07:50:34Z,zozh-tilda-catalog-v1.0.0
EcoGorodExpo / ZOZH-Expo 2026,ЖИВИЯ,ЖИВИЯ,,,,C12,,,"Бренд ЖИВИЯ в лице Елены Урпиной — травницы с 20-летним опытом и косметолога — предлагает высокоэффективные и полностью натуральные: - Лечебные кремы при суставных и кожных заболеваниях, которые подходят для использования с 1 годика. Рецептуры разработаны группой ученых-биологов. - Сыворотки для волос от выпадения, для роста, для восстановления и укрепления структуры волоса по всей длине, для защиты от ломкости, секущихся кончиков, седины. - Травяные сборы и комплексы, которые решают разнообразные задачи по здоровью, профилактике заболеваний. Травы собираются вручную в экологически чистых местах вдали от промышленных предприятий. Каждая позиция в ассортименте — это результат и опыт работы врачей-фитотерапевтов, учёных-биологов, лучших травников России.",,https://jivia.ru/,,,https://zozhexpo.ru/catalog/#li_title__1775036481094,1775036481094,"Бренд ЖИВИЯ в лице Елены Урпиной — травницы с 20-летним опытом и косметолога — предлагает высокоэффективные и полностью натуральные: - Лечебные кремы при суставных и кожных заболеваниях, которые подходят для использования с 1 годика. Рецептуры разработаны группой ученых-биологов. - Сыворотки для волос от выпадения, для роста, для восстановления и укрепления структуры волоса по всей длине, для защиты от ломкости, секущихся кончиков, седины. - Травяные сборы и комплексы, которые решают разнообразные задачи по здоровью, профилактике заболеваний. Травы собираются вручную в экологически чистых местах вдали от промышленных предприятий. Каждая позиция в ассортименте — это результат и опыт работы вр",ok,,2026-06-16T07:50:34Z,zozh-tilda-catalog-v1.0.0
EcoGorodExpo / ZOZH-Expo 2026,VITAL WATER,VITAL WATER,,,,C04,,,"VITAL WATER в течение 21 года производят серию структуризаторов воды, которые мгновенно меняют структуру и повышают энергетику любой воды и водосодержащих жидкостей, способствуя улучшению состояния организма и увеличению биодоступности препаратов и БАД. Структуризаторы «VITAL WATER» используют около 200 000 человек в России и еще 12 странах мира. Также структуризаторы применяют в пищевой промышленности, строительстве коттеджей и МКД, приготовлении питьевой воды, учреждениях ЗОЖ : фитнес-центры, массажные кабинеты, косметологические учреждения.",,https://vitalwater.ru/,,,https://zozhexpo.ru/catalog/#li_title__1775034117896,1775034117896,"VITAL WATER в течение 21 года производят серию структуризаторов воды, которые мгновенно меняют структуру и повышают энергетику любой воды и водосодержащих жидкостей, способствуя улучшению состояния организма и увеличению биодоступности препаратов и БАД. Структуризаторы «VITAL WATER» используют около 200 000 человек в России и еще 12 странах мира. Также структуризаторы применяют в пищевой промышленности, строительстве коттеджей и МКД, приготовлении питьевой воды, учреждениях ЗОЖ : фитнес-центры, массажные кабинеты, косметологические учреждения.",ok,,2026-06-16T07:50:34Z,zozh-tilda-catalog-v1.0.0
EcoGorodExpo / ZOZH-Expo 2026,Ферма М2,Ферма М2,,,,A02,,,"Сертифицированное органическое фермерское хозяйство. В основе хозяйства лежит полное отсутствие пестицидов и синтетических удобрений в почве, а также строжайший запрет на использование гормонов и антибиотиков в рационе животных. Особое внимание уделяется бережному и доброжелательному отношению к животным, уважению к покупателям и сотрудникам. Органика – это не только полезные продукты, это жизненная позиция, которая заключается в гармоничном и бережном взаимодействии с людьми, растениями и животными. Сеть из 8-ми ресторанов и магазинов М2 Органик Клуб, где представлена продукция собственного производства, отмеченная сертификатами Органик Рост и Евролист.",,https://ferma-m2.ru/?ysclid=mnd1t22ede273232721,,,https://zozhexpo.ru/catalog/#li_title__1775029747575,1775029747575,"Сертифицированное органическое фермерское хозяйство. В основе хозяйства лежит полное отсутствие пестицидов и синтетических удобрений в почве, а также строжайший запрет на использование гормонов и антибиотиков в рационе животных. Особое внимание уделяется бережному и доброжелательному отношению к животным, уважению к покупателям и сотрудникам. Органика – это не только полезные продукты, это жизненная позиция, которая заключается в гармоничном и бережном взаимодействии с людьми, растениями и животными. Сеть из 8-ми ресторанов и магазинов М2 Органик Клуб, где представлена продукция собственного производства, отмеченная сертификатами Органик Рост и Евролист.",ok,,2026-06-16T07:50:34Z,zozh-tilda-catalog-v1.0.0
EcoGorodExpo / ZOZH-Expo 2026,ВетЕвроФарм,ВетЕвроФарм,,,,B15,,,"Научный подход к здоровью суставов, проверенный на практике. На стенде — «Артро-Питание», жидкий комплекс из глюкозамина, хондроитина, МСМ и двух видов гиалуроновой кислоты. Редкое сочетание компонентов в одной формуле обеспечивает высокую биодоступность благодаря жидкой форме. За разработкой — многолетний опыт в области восстановления опорно-двигательного аппарата у животных, который теперь помогает людям сохранять активность. Посетители смогут познакомиться с продуктом, задать вопросы и оценить возможности новой линейки БАД. И конечно приобрести нашу уникальную разработку на специальных условиях.",,https://www.vetevrofarm.ru/,,,https://zozhexpo.ru/catalog/#li_title__1775034916006,1775034916006,"Научный подход к здоровью суставов, проверенный на практике. На стенде — «Артро-Питание», жидкий комплекс из глюкозамина, хондроитина, МСМ и двух видов гиалуроновой кислоты. Редкое сочетание компонентов в одной формуле обеспечивает высокую биодоступность благодаря жидкой форме. За разработкой — многолетний опыт в области восстановления опорно-двигательного аппарата у животных, который теперь помогает людям сохранять активность. Посетители смогут познакомиться с продуктом, задать вопросы и оценить возможности новой линейки БАД. И конечно приобрести нашу уникальную разработку на специальных условиях.",ok,,2026-06-16T07:50:34Z,zozh-tilda-catalog-v1.0.0
EcoGorodExpo / ZOZH-Expo 2026,Вита-Стандарт,Вита-Стандарт,,,,D07,,,"Российский производитель БАДов и комплексных пищевых добавок премиум качества в среднем ценовом сегменте. С 2016г производит продукцию под своим брендом и предоставляет услуги контрактного производства для малого, среднего и крупного бизнеса.",,https://vitastandart.com/,,,https://zozhexpo.ru/catalog/#li_title__1775035112744,1775035112744,"Российский производитель БАДов и комплексных пищевых добавок премиум качества в среднем ценовом сегменте. С 2016г производит продукцию под своим брендом и предоставляет услуги контрактного производства для малого, среднего и крупного бизнеса.",ok,,2026-06-16T07:50:34Z,zozh-tilda-catalog-v1.0.0
EcoGorodExpo / ZOZH-Expo 2026,Влюбленная Маруся,Влюбленная Маруся,,,,B10,,,"Экологически чистые продукты и травяные сборы от «Влюблённой Маруси» В основе бренда «Влюблённая Маруся» — стремление создавать экологически чистые продукты и травяные сборы с понятным составом, природной пользой и выразительным вкусом. Все травы, используемые в производстве, собираются вручную на Алтае. Внимание уделяется каждому этапу: от выбора сырья до готового продукта, чтобы сохранить естественные свойства ингредиентов, их ценность и натуральный вкус. Такой подход отражает философию бренда, в которой чистота продукта, его польза и вкус рассматриваются как единое целое. Именно поэтому продукция «Влюблённой Маруси» строится на уважении к сырью, продуманном составе и бережной работе с природными компонентами. «Влюбленная Маруся» — это больше, чем просто бренд. Это философия заботы о здоровье, уважения к природе и стремления к гармоничной и осознанной жизни.",,https://marusyainlove.ru/marusya_in_love,,,https://zozhexpo.ru/catalog/#li_title__1775035347002,1775035347002,"Экологически чистые продукты и травяные сборы от «Влюблённой Маруси» В основе бренда «Влюблённая Маруся» — стремление создавать экологически чистые продукты и травяные сборы с понятным составом, природной пользой и выразительным вкусом. Все травы, используемые в производстве, собираются вручную на Алтае. Внимание уделяется каждому этапу: от выбора сырья до готового продукта, чтобы сохранить естественные свойства ингредиентов, их ценность и натуральный вкус. Такой подход отражает философию бренда, в которой чистота продукта, его польза и вкус рассматриваются как единое целое. Именно поэтому продукция «Влюблённой Маруси» строится на уважении к сырью, продуманном составе и бережной работе с при",ok,,2026-06-16T07:50:34Z,zozh-tilda-catalog-v1.0.0
EcoGorodExpo / ZOZH-Expo 2026,ketolifestyle,ketolifestyle,,,,D11,,,"Производство и продажа БАД Наша цель — предоставить лучший ассортимент продуктов, товаров для здоровья, витаминов и добавок премиум-класса, здоровую пищу, спортивное питание и все остальное, что вам нужно для здорового и счастливого образа жизни.",,https://ketolifestyle.ru/,,,https://zozhexpo.ru/catalog/#li_title__1775827170364,1775827170364,"Производство и продажа БАД Наша цель — предоставить лучший ассортимент продуктов, товаров для здоровья, витаминов и добавок премиум-класса, здоровую пищу, спортивное питание и все остальное, что вам нужно для здорового и счастливого образа жизни.",ok,,2026-06-16T07:50:34Z,zozh-tilda-catalog-v1.0.0
EcoGorodExpo / ZOZH-Expo 2026,Ферма Ляшенко С.Н.,Ферма Ляшенко С.Н.,,,,D11,,,"«К(Ф)Х Ляшенко С.Н. — натуральные продукты для осознанного питания. Производим сыры (козий, овечий, коровий) и кисломолочную продукцию: йогурты, ряженку, кефир, творог, сыворотку — из цельного молока без добавок, консервантов и ГМО. Отдельное направление — суперфуд витграсс, ценимый диетологами, нутрициологами и людьми с духовными практиками. Экологично и с любовью. Приходите пробовать здоровье на вкус!»",,https://xn----7sboczeemkm6b2c4e.xn--p1ai/,,,https://zozhexpo.ru/catalog/#li_title__1775830899917,1775830899917,"«К(Ф)Х Ляшенко С.Н. — натуральные продукты для осознанного питания. Производим сыры (козий, овечий, коровий) и кисломолочную продукцию: йогурты, ряженку, кефир, творог, сыворотку — из цельного молока без добавок, консервантов и ГМО. Отдельное направление — суперфуд витграсс, ценимый диетологами, нутрициологами и людьми с духовными практиками. Экологично и с любовью. Приходите пробовать здоровье на вкус!»",ok,,2026-06-16T07:50:34Z,zozh-tilda-catalog-v1.0.0
EcoGorodExpo / ZOZH-Expo 2026,МАКОШЕНЬ,МАКОШЕНЬ,,,,C02,,,"Макошень — многокомпонентный продукт длительной выдержки и ферментации (более 7 лет), состоит исключительно из продуктов пчеловодства. Длительная ферментация продуктов элементов жизнедеятельности пчел многократно усиливает свойства Макошень, повышает содержание общих фенолов, флавоноидов (рутин, кверцитин, антоцианы, катехины и др.), а также фитоэстрогенов и других биологически активных веществ, повышает его биодоступность и усвояемость",,https://makoshen.ru/,,,https://zozhexpo.ru/catalog/#li_title__1776352620058,1776352620058,"Макошень — многокомпонентный продукт длительной выдержки и ферментации (более 7 лет), состоит исключительно из продуктов пчеловодства. Длительная ферментация продуктов элементов жизнедеятельности пчел многократно усиливает свойства Макошень, повышает содержание общих фенолов, флавоноидов (рутин, кверцитин, антоцианы, катехины и др.), а также фитоэстрогенов и других биологически активных веществ, повышает его биодоступность и усвояемость",ok,,2026-06-16T07:50:34Z,zozh-tilda-catalog-v1.0.0
EcoGorodExpo / ZOZH-Expo 2026,НАНОМЕДИКА,НАНОМЕДИКА,,,,R08,,,"Наномедика - российский научный бренд косметики, созданный на основе 30-летних исследований в фармакологии. В основе формул - инновационный компонент Акванатив® по вибрационной технологии Кроссинг, восстанавливающий структуру воды в клетках кожи (вода составляет до 70% кожи). Косметика оказывает нормализующий биологический эффект: поддерживает баланс, увлажнение, упругость и усиливает действие других средств. Результаты подтверждены исследованиями во Франции и России (более 19 000 человек). Подходит для любого возраста. Безопасно, высокое качество. Научный подход и бережное отношение к коже.",,https://nanomedicacream.ru/,,,https://zozhexpo.ru/catalog/#li_title__1775217077106,1775217077106,"Наномедика - российский научный бренд косметики, созданный на основе 30-летних исследований в фармакологии. В основе формул - инновационный компонент Акванатив® по вибрационной технологии Кроссинг, восстанавливающий структуру воды в клетках кожи (вода составляет до 70% кожи). Косметика оказывает нормализующий биологический эффект: поддерживает баланс, увлажнение, упругость и усиливает действие других средств. Результаты подтверждены исследованиями во Франции и России (более 19 000 человек). Подходит для любого возраста. Безопасно, высокое качество. Научный подход и бережное отношение к коже.",ok,,2026-06-16T07:50:34Z,zozh-tilda-catalog-v1.0.0
EcoGorodExpo / ZOZH-Expo 2026,NAVEH PHARMA,NAVEH PHARMA,,,,A15,,,"Израильская фармацевтическая компания Naveh Pharma Ltd. создает препараты на основе натурального магния из Мёртвого моря. В 2004 году компания запатентовала формулу магния оксид моногидрат – Magnox – с 99% биодоступностью. Всего одна капсула в день покрывает суточную норму магния. Биодоступность Magnox обеспечивается его ионной формой, готовой к немедленному усвоению. В отличие от других форм, он не требует преобразований в организме и начинает действовать сразу. Преимущества: Натуральный источник: магний из воды Мёртвого моря. Уникальная формула «Magnox»: высокая скорость и эффективность усвоения. Веганские капсулы. Соответствие стандартам: ISO, GMP, CE, EAC и кошерный сертификат.",,https://navehpharma.ru/,,,https://zozhexpo.ru/catalog/#li_title__1775827368667,1775827368667,"Израильская фармацевтическая компания Naveh Pharma Ltd. создает препараты на основе натурального магния из Мёртвого моря. В 2004 году компания запатентовала формулу магния оксид моногидрат – Magnox – с 99% биодоступностью. Всего одна капсула в день покрывает суточную норму магния. Биодоступность Magnox обеспечивается его ионной формой, готовой к немедленному усвоению. В отличие от других форм, он не требует преобразований в организме и начинает действовать сразу. Преимущества: Натуральный источник: магний из воды Мёртвого моря. Уникальная формула «Magnox»: высокая скорость и эффективность усвоения. Веганские капсулы. Соответствие стандартам: ISO, GMP, CE, EAC и кошерный сертификат.",ok,,2026-06-16T07:50:34Z,zozh-tilda-catalog-v1.0.0
EcoGorodExpo / ZOZH-Expo 2026,Ситиферма HGREEN,Ситиферма HGREEN,,,,R11,,,"Ситиферма выращивает микрозелень, бэбилифы и съедобные цветы премиального качества. Продукция отличается свежестью, насыщенным вкусом и высоким содержанием полезных веществ. Контролируемое производство обеспечивает стабильное качество и круглогодичные поставки. Ассортимент подходит для гастрономии и здорового питания. Поставки осуществляются в срезе и на корню. Работа ведётся с юридическими и физическими лицами.",,https://h-green.ru/,,,https://zozhexpo.ru/catalog/#li_title__1775034728355,1775034728355,"Ситиферма выращивает микрозелень, бэбилифы и съедобные цветы премиального качества. Продукция отличается свежестью, насыщенным вкусом и высоким содержанием полезных веществ. Контролируемое производство обеспечивает стабильное качество и круглогодичные поставки. Ассортимент подходит для гастрономии и здорового питания. Поставки осуществляются в срезе и на корню. Работа ведётся с юридическими и физическими лицами.",ok,,2026-06-16T07:50:34Z,zozh-tilda-catalog-v1.0.0
EcoGorodExpo / ZOZH-Expo 2026,ПЕПТЕК ЛАБ,ПЕПТЕК ЛАБ,,,,D10,,,"Бренд Peptek Lab предлагает инновационный уход для кожи с пептидами. Эти средства разработаны для работы на клеточном уровне, чтобы восстанавливать здоровье кожи изнутри. Особый акцент сделан на поддержке естественных процессов регенерации, увлажнения и защиты кожи. В составе используются комплекс пептидов из морских водорослей, постбиотик ГМДП-А и другие природные компоненты, которые активно стимулируют обновление клеток и укрепляют кожный барьер. Благодаря продуманным формулам косметика возвращает вашей коже молодость, сияние и естественную силу природы.",,https://peptek.ru/,,,https://zozhexpo.ru/catalog/#li_title__1775037544423,1775037544423,"Бренд Peptek Lab предлагает инновационный уход для кожи с пептидами. Эти средства разработаны для работы на клеточном уровне, чтобы восстанавливать здоровье кожи изнутри. Особый акцент сделан на поддержке естественных процессов регенерации, увлажнения и защиты кожи. В составе используются комплекс пептидов из морских водорослей, постбиотик ГМДП-А и другие природные компоненты, которые активно стимулируют обновление клеток и укрепляют кожный барьер. Благодаря продуманным формулам косметика возвращает вашей коже молодость, сияние и естественную силу природы.",ok,,2026-06-16T07:50:34Z,zozh-tilda-catalog-v1.0.0
EcoGorodExpo / ZOZH-Expo 2026,PROVITERA,PROVITERA,,,,B071,,,"PROVITERA — бренд инновационных продуктов для здоровья, красоты и повседневной защиты организма на основе наночастиц серебра. В основе — современная технология учёных РХТУ им. Д. И. Менделеева. В линейке — решения для иммунной поддержки, заботы о ЖКТ, борьбы с бактериями, вирусами и грибками, а также для заживления кожи и слизистых. Особое место занимает новая линейка: инновационная космецевтика PROVITERA, объединяющая натуральный состав и эффективный уход за кожей лица и тела. Все продукты компании имеют фундаментальную научную основу и создаются в сотрудничестве с научным сообществом.",,https://provitera.ru/,,,https://zozhexpo.ru/catalog/#li_title__1775831556365,1775831556365,"PROVITERA — бренд инновационных продуктов для здоровья, красоты и повседневной защиты организма на основе наночастиц серебра. В основе — современная технология учёных РХТУ им. Д. И. Менделеева. В линейке — решения для иммунной поддержки, заботы о ЖКТ, борьбы с бактериями, вирусами и грибками, а также для заживления кожи и слизистых. Особое место занимает новая линейка: инновационная космецевтика PROVITERA, объединяющая натуральный состав и эффективный уход за кожей лица и тела. Все продукты компании имеют фундаментальную научную основу и создаются в сотрудничестве с научным сообществом.",ok,,2026-06-16T07:50:34Z,zozh-tilda-catalog-v1.0.0
EcoGorodExpo / ZOZH-Expo 2026,Магазин трав РУССКИЕ КОРНИ,Магазин трав РУССКИЕ КОРНИ,,,,B18,,,"«Русские корни» — крупнейшая сеть магазинов фито и эко продуктов в России. Мы работаем на рынке уже более 20 лет и заслужили доверие тысяч клиентов. В нашем ассортименте — свыше 2500 сертифицированных товаров, которые помогут вам сохранить здоровье, поддержать красоту и жить в гармонии с природой. Объединяя экспертные знания и собственное производство, мы создаём натуральные продукты, в которых бережная переработка и чистота компонентов сохраняют живую силу ингредиентов и дают уверенность в их эффективности. Наша миссия - использовать силу природы как источник здоровья для вас и вашей семьи.",,https://magazintrav.ru/,,,https://zozhexpo.ru/catalog/#li_title__1775037731303,1775037731303,"«Русские корни» — крупнейшая сеть магазинов фито и эко продуктов в России. Мы работаем на рынке уже более 20 лет и заслужили доверие тысяч клиентов. В нашем ассортименте — свыше 2500 сертифицированных товаров, которые помогут вам сохранить здоровье, поддержать красоту и жить в гармонии с природой. Объединяя экспертные знания и собственное производство, мы создаём натуральные продукты, в которых бережная переработка и чистота компонентов сохраняют живую силу ингредиентов и дают уверенность в их эффективности. Наша миссия - использовать силу природы как источник здоровья для вас и вашей семьи.",ok,,2026-06-16T07:50:34Z,zozh-tilda-catalog-v1.0.0
EcoGorodExpo / ZOZH-Expo 2026,Интернет-магазин РОСИННОВ,Интернет-магазин РОСИННОВ,,,,A14,,,"Инновационные разработки российских ученых для здоровья, экологичной красоты и спорта. Клеточные энергорегенераторы К.Б.Н. С.Ф. Русинова - питание митохондрий клеток, запускающие естественные восстановительные процессы в организме. ✅ Здоровье сердечно-сосудистой системы, суставов, позвоночника, лимфосистемы. Восстановление чувствительности конечностей, сна, ресурсности, памяти. Здоровье глаз, дыхательной, пищеварительной системы. ✅ Натуральная, митохондриальная, уходовая косметика для омоложения. ✅ Экологично и эффективно! ✅ Здоровье без таблеток, красота без уколов, спорт без травм. ✅ Не является лекарством.",,https://rosinnov.ru/,,,https://zozhexpo.ru/catalog/#li_title__1776183695127,1776183695127,"Инновационные разработки российских ученых для здоровья, экологичной красоты и спорта. Клеточные энергорегенераторы К.Б.Н. С.Ф. Русинова - питание митохондрий клеток, запускающие естественные восстановительные процессы в организме. ✅ Здоровье сердечно-сосудистой системы, суставов, позвоночника, лимфосистемы. Восстановление чувствительности конечностей, сна, ресурсности, памяти. Здоровье глаз, дыхательной, пищеварительной системы. ✅ Натуральная, митохондриальная, уходовая косметика для омоложения. ✅ Экологично и эффективно! ✅ Здоровье без таблеток, красота без уколов, спорт без травм. ✅ Не является лекарством.",ok,,2026-06-16T07:50:34Z,zozh-tilda-catalog-v1.0.0
EcoGorodExpo / ZOZH-Expo 2026,СибЭкоЛавка БАЙКАЛ,СибЭкоЛавка БАЙКАЛ,,,,A17,,,"Сбор и переработка дикорастущих растений Байкальского региона: чай на травах, шишки, ягоды, орехи, таёжный мёд",,https://sibecolavka.ru/,,,https://zozhexpo.ru/catalog/#li_title__1775037890876,1775037890876,"Сбор и переработка дикорастущих растений Байкальского региона: чай на травах, шишки, ягоды, орехи, таёжный мёд",ok,,2026-06-16T07:50:34Z,zozh-tilda-catalog-v1.0.0
EcoGorodExpo / ZOZH-Expo 2026,sonett,sonett,,,,R12,,,"Немецкий бренд sonett – пионер в производстве экологически чистых стиральных и чистящих средств. На протяжении более 40 лет компания sonett последовательно и убежденно разрабатывает моющие и чистящие средства уникального качества, уважая воду как источник всего живого. Вода после использования средств sonett становится ближе к родниковой, чем водопроводная. У бренда уникальное сочетание европейских сертификатов: NCP, NCS, CSE, Vegan, SCC. sonett - моющие и чистящие средства из уважения к воде как носителю всего живого.",,https://www.hlebomoli.ru/collection/dlya-doma,,,https://zozhexpo.ru/catalog/#li_title__1775636982563,1775636982563,"Немецкий бренд sonett – пионер в производстве экологически чистых стиральных и чистящих средств. На протяжении более 40 лет компания sonett последовательно и убежденно разрабатывает моющие и чистящие средства уникального качества, уважая воду как источник всего живого. Вода после использования средств sonett становится ближе к родниковой, чем водопроводная. У бренда уникальное сочетание европейских сертификатов: NCP, NCS, CSE, Vegan, SCC. sonett - моющие и чистящие средства из уважения к воде как носителю всего живого.",ok,,2026-06-16T07:50:34Z,zozh-tilda-catalog-v1.0.0
EcoGorodExpo / ZOZH-Expo 2026,SOUND CRUSH,SOUND CRUSH,,,,R04,,,"Первая в России коллекция ECO FRIENDLY AUDIO — дизайнерские Bluetooth-колонки, из натуральных, биоразлагаемых материалов, на основе переработанных древесных отходов и волокна. Для тех, кто ценит эстетику и заботится о природе. ПРЕИМУЩЕСТВО 1. Дизайнерский продукт: не массовое производство, уникальный материал, ручная сборка, продуманный дизайн. 2. Новый экологичный материал: натуральный, биоразлагаемый, вторично перерабатываемый. 3. Технология с низкими выбросами CO₂. 4. Эксклюзивность: нет аналогов на рынке. 5. Качество и безопасность: сертификаты ISO, CE, RoHS, FSC, BSCI, TUV Rheinland, EAC.",,https://systemso.ru/,,,https://zozhexpo.ru/catalog/#li_title__1776248213412,1776248213412,"Первая в России коллекция ECO FRIENDLY AUDIO — дизайнерские Bluetooth-колонки, из натуральных, биоразлагаемых материалов, на основе переработанных древесных отходов и волокна. Для тех, кто ценит эстетику и заботится о природе. ПРЕИМУЩЕСТВО 1. Дизайнерский продукт: не массовое производство, уникальный материал, ручная сборка, продуманный дизайн. 2. Новый экологичный материал: натуральный, биоразлагаемый, вторично перерабатываемый. 3. Технология с низкими выбросами CO₂. 4. Эксклюзивность: нет аналогов на рынке. 5. Качество и безопасность: сертификаты ISO, CE, RoHS, FSC, BSCI, TUV Rheinland, EAC.",ok,,2026-06-16T07:50:34Z,zozh-tilda-catalog-v1.0.0
EcoGorodExpo / ZOZH-Expo 2026,SIESTA TEA,SIESTA TEA,,,,R15,,,"Производитель натуральных ягодно-фруктовых чаев. Работает с мощными вкусами: облепиха, маракуйя, малина, брусника, апельсин, мед и другие сочные ягоды. При необходимости мед заменяют на сироп кленовый, топинамбура и т.д. Будет полезен вашему бизнесу по двум направлениям: 1. Готовая ТМ — вы получаете качественный продукт «под ключ» с готовой сертификацией. 2. СТМ — разрабатывают уникальный купаж или предлагают имеющийся, создают дизайн именно под вашу аудиторию.",,https://siesta-tea.ru/,,,https://zozhexpo.ru/catalog/#li_title__1776353013615,1776353013615,"Производитель натуральных ягодно-фруктовых чаев. Работает с мощными вкусами: облепиха, маракуйя, малина, брусника, апельсин, мед и другие сочные ягоды. При необходимости мед заменяют на сироп кленовый, топинамбура и т.д. Будет полезен вашему бизнесу по двум направлениям: 1. Готовая ТМ — вы получаете качественный продукт «под ключ» с готовой сертификацией. 2. СТМ — разрабатывают уникальный купаж или предлагают имеющийся, создают дизайн именно под вашу аудиторию.",ok,,2026-06-16T07:50:34Z,zozh-tilda-catalog-v1.0.0
EcoGorodExpo / ZOZH-Expo 2026,TRAWA,TRAWA,,,,R24,,,"Бренд сыродавленных масел собственного производства методом «старинного отжима» в дубовых бочках, а также производитель полезных продуктов питания без белого сахара, глютена, дрожжей и консервантов. • Многие продукты бренда производятся только после получения заказа • Старинный метод ручного отжима масел • Широкая линейка постных и веганских продуктов • Победитель 5 премий Live Organic Awards",,https://trawaoil.ru/,,,https://zozhexpo.ru/catalog/#li_title__1776248036786,1776248036786,"Бренд сыродавленных масел собственного производства методом «старинного отжима» в дубовых бочках, а также производитель полезных продуктов питания без белого сахара, глютена, дрожжей и консервантов. • Многие продукты бренда производятся только после получения заказа • Старинный метод ручного отжима масел • Широкая линейка постных и веганских продуктов • Победитель 5 премий Live Organic Awards",ok,,2026-06-16T07:50:34Z,zozh-tilda-catalog-v1.0.0
EcoGorodExpo / ZOZH-Expo 2026,FUNGILINE,FUNGILINE,,,,R25,,,"Бренд Fungiline — это российская компания, основанная Михаилом Вишневским, кандидатом биологических наук и ведущим микологом с более чем 30-летним опытом. Компания специализируется на разработке продуктов из лекарственных грибов и растений, направленных на поддержку физического и эмоционального здоровья. Fungiline объединяет научный подход с доказательной медициной, создавая препараты на основе исследований, опубликованных в ведущих научных изданиях. Вся продукция сертифицирована и проходит регулярные проверки. Ассортимент продукции Fungiline включает различные добавки и комплексы для поддержки мозга и энергии, пищеварения, спокойствия и сна, антивозрастного ухода, а также мужского и женского здоровья. Препараты компании обеспечивают высокую концентрацию полезных веществ, и не содержат ГМО, наполнителей, консервантов и красителей. Кроме того, Fungiline ведет активную научно-образовательную деятельность, популяризируя фармакомикологию, как эффективной и перспективной отрасли медицины.",,https://fungiline.ru/,,,https://zozhexpo.ru/catalog/#li_title__1776248404538,1776248404538,"Бренд Fungiline — это российская компания, основанная Михаилом Вишневским, кандидатом биологических наук и ведущим микологом с более чем 30-летним опытом. Компания специализируется на разработке продуктов из лекарственных грибов и растений, направленных на поддержку физического и эмоционального здоровья. Fungiline объединяет научный подход с доказательной медициной, создавая препараты на основе исследований, опубликованных в ведущих научных изданиях. Вся продукция сертифицирована и проходит регулярные проверки. Ассортимент продукции Fungiline включает различные добавки и комплексы для поддержки мозга и энергии, пищеварения, спокойствия и сна, антивозрастного ухода, а также мужского и женског",ok,,2026-06-16T07:50:34Z,zozh-tilda-catalog-v1.0.0
EcoGorodExpo / ZOZH-Expo 2026,ZEPTER,ZEPTER,,,,C15,,,"На протяжении четырех десятилетий Zepter создает изделия, которые по праву становятся своего рода семейным наследием. Безупречное качество, инновационные технологии и премиальный дизайн — ключевые принципы бренда, сформировавшие репутацию Zepter как эталона надежности и продуманного подхода к жизни. Сегодня, когда чистый воздух и вода становятся всё более ценными ресурсами, бренд предлагает осознанный выбор для тех, кто хочет подарить себе и близким спокойное и здоровое будущее, превратив дом в уютный оазис, где дышится легко и каждый день наполнен энергией. На выставке ЗОЖ-ЭКСПО Zepter International покажет целостный подход к современному дому: решения для кухни и сервировки дополняются технологиями, которые отвечают за качество повседневной среды. В экспозиции — высокотехнологичная посуда и малая бытовая техника, кухонные гаджеты, системы очистки воздуха Therapy Air и MyIon, системы очистки воды Aqueena и Edelwasser, система умного сна Quanomed, а также профессиональные аппараты Bioptron для светотерапии. Гости выставки смогут получить персональную консультацию и подобрать решения под свои задачи — от кухни до улучшения воздуха, воды и восстановления. В дни выставки для посетителей будет действовать специальное предложение на ассортимент продукции.",,https://www.zepter.ru/,,,https://zozhexpo.ru/catalog/#li_title__1775216786537,1775216786537,"На протяжении четырех десятилетий Zepter создает изделия, которые по праву становятся своего рода семейным наследием. Безупречное качество, инновационные технологии и премиальный дизайн — ключевые принципы бренда, сформировавшие репутацию Zepter как эталона надежности и продуманного подхода к жизни. Сегодня, когда чистый воздух и вода становятся всё более ценными ресурсами, бренд предлагает осознанный выбор для тех, кто хочет подарить себе и близким спокойное и здоровое будущее, превратив дом в уютный оазис, где дышится легко и каждый день наполнен энергией. На выставке ЗОЖ-ЭКСПО Zepter International покажет целостный подход к современному дому: решения для кухни и сервировки дополняются тех",ok,,2026-06-16T07:50:34Z,zozh-tilda-catalog-v1.0.0
EcoGorodExpo / ZOZH-Expo 2026,Партнеры FULL ENERGY,Партнеры FULL ENERGY,,,,R02,,,"Это глобальная экосистема для здоровья и долголетия, объединяющая науку и предпринимательство. Это сообщество, где ученые создают уникальные продукты на основе нанотехнологий. Компания стремится не только обеспечивать высшее качество, но и контролировать каждый этап процесса. Собственное производство позволяет реализовывать эти цели в полной мере. Продукция соответствует мировым стандартам, что гарантирует безопасность и эффективность. Сотрудничество с ведущими институтами дает доступ к передовым знаниям. Компания не просто следует трендам, а создает их, меняя жизни к лучшему.",,https://full-en.com/,,,https://zozhexpo.ru/catalog/#li_title__1775037378611,1775037378611,"Это глобальная экосистема для здоровья и долголетия, объединяющая науку и предпринимательство. Это сообщество, где ученые создают уникальные продукты на основе нанотехнологий. Компания стремится не только обеспечивать высшее качество, но и контролировать каждый этап процесса. Собственное производство позволяет реализовывать эти цели в полной мере. Продукция соответствует мировым стандартам, что гарантирует безопасность и эффективность. Сотрудничество с ведущими институтами дает доступ к передовым знаниям. Компания не просто следует трендам, а создает их, меняя жизни к лучшему.",ok,,2026-06-16T07:50:34Z,zozh-tilda-catalog-v1.0.0
EcoGorodExpo / ZOZH-Expo 2026,UFOOD,UFOOD,,,,B04,,,"Эксклюзивные импортеры кокосового молока, сливок, воды бренда Vico Rich — это крупный международный бренд напитков из кокосового ореха Юго-Восточной Азии. Уникальность данных продуктов в том, что они на 100% состоит из мякоти кокоса, без консервантов и добавленного сахара.",,https://vicorich.ru/,,,https://zozhexpo.ru/catalog/#li_title__1776086365033,1776086365033,"Эксклюзивные импортеры кокосового молока, сливок, воды бренда Vico Rich — это крупный международный бренд напитков из кокосового ореха Юго-Восточной Азии. Уникальность данных продуктов в том, что они на 100% состоит из мякоти кокоса, без консервантов и добавленного сахара.",ok,,2026-06-16T07:50:34Z,zozh-tilda-catalog-v1.0.0
EcoGorodExpo / ZOZH-Expo 2026,Agenyz и Партнёры,Agenyz и Партнёры,,,,A11,,,"Интернет магазин Agenyz представляет продукты для улучшения качества жизни. Пептидный коллаген, Масло МСТ в виде пудры Функциональная вода, функциональное питание, Кето продукты, авторские купажи чаёв с фитолином, вкусные и полезные перекусы, шоколад.",,,,,https://zozhexpo.ru/catalog/#li_title__1775029207885,1775029207885,"Интернет магазин Agenyz представляет продукты для улучшения качества жизни. Пептидный коллаген, Масло МСТ в виде пудры Функциональная вода, функциональное питание, Кето продукты, авторские купажи чаёв с фитолином, вкусные и полезные перекусы, шоколад.",ok,,2026-06-16T07:50:34Z,zozh-tilda-catalog-v1.0.0
EcoGorodExpo / ZOZH-Expo 2026,Эко-Шоколад,Эко-Шоколад,,,,D02,,,"Реализация шоколадной продукции, ягода вяленая, ягода сублимат в шоколаде и йогурте, орехи жареные, орехи сырые в шоколаде и йогурте. Шоколад100% без сахара, применяется при хронической слабости, для улучшения памяти, повышения настроения и сил. Масло какао применяется при болях в горле, для восстановления работы голосовых связок, широко используется в косметических целях.",,,,,https://zozhexpo.ru/catalog/#li_title__1760099250317,1760099250317,"Реализация шоколадной продукции, ягода вяленая, ягода сублимат в шоколаде и йогурте, орехи жареные, орехи сырые в шоколаде и йогурте. Шоколад100% без сахара, применяется при хронической слабости, для улучшения памяти, повышения настроения и сил. Масло какао применяется при болях в горле, для восстановления работы голосовых связок, широко используется в косметических целях.",ok,,2026-06-16T07:50:34Z,zozh-tilda-catalog-v1.0.0
EcoGorodExpo / ZOZH-Expo 2026,Ягоды без сахара,Ягоды без сахара,,,,A09,,,"Томленые ягоды без сахара с яблочным пектином, алтайский мед, чай",,,,,https://zozhexpo.ru/catalog/#li_title__1760022287433,1760022287433,"Томленые ягоды без сахара с яблочным пектином, алтайский мед, чай",ok,,2026-06-16T07:50:34Z,zozh-tilda-catalog-v1.0.0
EcoGorodExpo / ZOZH-Expo 2026,Магазин Согласие,Магазин Согласие,,,,R03,,,"Книжный магазин «СОГЛАСИЕ» предлагает вниманию читателей книги несущие Добро и Свет: Свет Истины, Свет Мудрости, Свет Знания, Свет Любви… Книги, которые считаем бесценными для людей, которые на века останутся в золотом фонде философской мысли.",,,,,https://zozhexpo.ru/catalog/#li_title__1775043544451,1775043544451,"Книжный магазин «СОГЛАСИЕ» предлагает вниманию читателей книги несущие Добро и Свет: Свет Истины, Свет Мудрости, Свет Знания, Свет Любви… Книги, которые считаем бесценными для людей, которые на века останутся в золотом фонде философской мысли.",ok,,2026-06-16T07:50:34Z,zozh-tilda-catalog-v1.0.0
EcoGorodExpo / ZOZH-Expo 2026,ELSE BIO,ELSE BIO,,,,,,,"Else Bio это природная косметика, созданная на основе сыродавленных масел первого холодного отжима и трав дикоросов. Все используемые ингредиенты собственного производства, а созданная на их основе продукция является уникальной по своему составу и свойствам. Этапы её изготовления занимают много месяцев, начиная от поиска экологически чистых регионов Сибири, Кавказа и полуострова Крым, для сбора вручную свежих растений, их правильного высушивания и переработки, приготовления из них масляных экстрактов, гидролатов, эфирных масел и заканчивая готовым продуктом. Компания не использует в производстве своей продукции консервированные, химически очищенные или иным образом обработанные ингредиенты, только цельный на 100% природный и полезный состав. Внимательный подход к деталям в процессе создания продукта, строгий контроль на всех этапах, отсутствие в составах псевдонатуральных компонентов гарантирует его высокое качество для вашего внутреннего здоровья и здоровья вашей кожи. Else Bio – компания, которая создает для вас природную красоту с осознанностью, вниманием и любовью.",,https://elsebio.com/,,,https://zozhexpo.ru/catalog/#li_title__8207762016144,8207762016144,"Else Bio это природная косметика, созданная на основе сыродавленных масел первого холодного отжима и трав дикоросов. Все используемые ингредиенты собственного производства, а созданная на их основе продукция является уникальной по своему составу и свойствам. Этапы её изготовления занимают много месяцев, начиная от поиска экологически чистых регионов Сибири, Кавказа и полуострова Крым, для сбора вручную свежих растений, их правильного высушивания и переработки, приготовления из них масляных экстрактов, гидролатов, эфирных масел и заканчивая готовым продуктом. Компания не использует в производстве своей продукции консервированные, химически очищенные или иным образом обработанные ингредиенты, ",ok,,2026-06-16T07:50:34Z,zozh-tilda-catalog-v1.0.0
EcoGorodExpo / ZOZH-Expo 2026,НЕЙРОМОЛОДОСТЬ,НЕЙРОМОЛОДОСТЬ,,,,,,,"Нейромолодость — клиника превентивной и anti‑age медицины бизнес‑класса на западе Москвы. Клиника помогает людям чувствовать себя лучше и моложе, опираясь на современную медицину и персональные программы оздоровления. Здесь проводят подробные обследования, чтобы понять, почему вы устаете, теряете энергию или выглядите старше своих лет, а затем составляют индивидуальный план восстановления. Здесь используют нейропептиды, капельницы, ингаляции водорода и другие методы, направленные на повышение тонуса, улучшение самочувствия и долгосрочное здоровье, а не на быстрый «поверхностный» эффект",,https://neiromolodost.ru/,,,https://zozhexpo.ru/catalog/#li_title__1776877841851,1776877841851,"Нейромолодость — клиника превентивной и anti‑age медицины бизнес‑класса на западе Москвы. Клиника помогает людям чувствовать себя лучше и моложе, опираясь на современную медицину и персональные программы оздоровления. Здесь проводят подробные обследования, чтобы понять, почему вы устаете, теряете энергию или выглядите старше своих лет, а затем составляют индивидуальный план восстановления. Здесь используют нейропептиды, капельницы, ингаляции водорода и другие методы, направленные на повышение тонуса, улучшение самочувствия и долгосрочное здоровье, а не на быстрый «поверхностный» эффект",ok,,2026-06-16T07:50:34Z,zozh-tilda-catalog-v1.0.0
EcoGorodExpo / ZOZH-Expo 2026,ФЕНИКС,ФЕНИКС,,,,A10,,,"Российская компания, выпускающая инновационные продукты для улучшения качества жизни. Мы - команда с 15 летним стажем в разработке оригинальных продуктов. Используем только качественное сырье проверенных импортных производителей из Кореи, США и Европы. Наш продукт «drink with феникс» показал высокую эффективность в защите печени и ЖКТ от вредного воздействия токсинов. Продукт “drink with феникс» работает пока вы отдыхаете!",,,,,https://zozhexpo.ru/catalog/#li_title__1776781748345,1776781748345,"Российская компания, выпускающая инновационные продукты для улучшения качества жизни. Мы - команда с 15 летним стажем в разработке оригинальных продуктов. Используем только качественное сырье проверенных импортных производителей из Кореи, США и Европы. Наш продукт «drink with феникс» показал высокую эффективность в защите печени и ЖКТ от вредного воздействия токсинов. Продукт “drink with феникс» работает пока вы отдыхаете!",ok,,2026-06-16T07:50:34Z,zozh-tilda-catalog-v1.0.0
