event_name,event_dates,company_name,company_short_name,products,country,city,address,stand,pavilion,rubrics,product_notes,brands,website,public_email,public_phone,source_url,exhibitor_id,alpha_filter,evidence_snippet,parse_status,missing_fields,scraped_at,parser_version,short_name_check,products_check,qa_notes,signo_status,repeat_reason,matched_crm_email,matched_crm_domain,matched_crm_company,candidate_emails,candidate_top_domains,source_sheet,source_removed_reason,website_email_status,website_email_source_url,website_email_notes,main email,main_email_reason
HouseHold Expo. Осень 2026,8–10 сентября 2026,"ООО ""ВЕГА""","""Вега""",кухонные принадлежности; системы хранения и органайзеры; товары для уборки и хозтовары; товары для дачи и благоустройства,Россия,Москва,,10D3-01,"Крокус Экспо, Павильон 2, залы 9-10-11","Аксессуары и инструменты для кухни; Системы хранения, органайзеры; Хозтовары и уборка; Дача и благоустройство","NORDWALL — российский производитель товаров для дома с полным циклом на собственном заводе в Орле. Основные компетенции: лазерная резка листового металла, штамповка, MIG/MAG-сварка, 3D-гибка стальной проволоки на ЧПУ, порошковая покраска. Четыре продуктовых направления, 54 артикула: • Сушилки для белья (14 моделей) — напольные складные, с крыльями, вертикальные-башни. Стойкие покрытия, надёжные шарниры... NORDWALL — российский производитель товаров для дома с полным циклом на собственном заводе в Орле. Основные компетенции: лазерная резка листового металла, штамповка, MIG/MAG-сварка, 3D-гибка стальной проволоки на ЧПУ, порошковая покраска. Четыре продуктовых направления, 54 артикула: • Сушилки для белья (14 моделей) — напольные складные, с крыльями, вертикальные-башни. Стойкие покрытия, надёжные шарниры. • Полки и этажерки (14 моделей) — линейки Zeta и Zeta Pro для кухни, ванной и хозблока. Модульные, регулируемые по высоте. • Кухонные аксессуары (9 наименований) — подвесные корзины, органайзеры для крышек, специй, полотенец, универсальные держатели. • Сад и огород (17 наименований) — шпалеры Мелодия и Ёлочка для вьющихся растений, опорные сетки, модульные конструкции для теплиц и клумб. Что предлагаем партнёрам: оптовые цены от 1 паллеты, гибкая упаковка (для розницы и маркетплейсов), брендирование под СТМ, интеграция с логистикой Apiship, ежедневные отгрузки. Работаем с торговыми сетями («Светофор», «Порядок», «Галацентр»), маркетплейсами (Ozon, Wildberries, М.Видео), региональными дистрибьюторами. Сайт: nordorel.com. Email: orel@nordorel.ru.",,https://nordorel.com,orel@nordorel.ru,+7 910 302-78-66,https://catalog.hhexpo.ru/companies/company/156483-vega.html,156483,keep,"ООО ""ВЕГА"" | Россия | 10D3-01 | NORDWALL — российский производитель товаров для дома с полным циклом на собственном заводе в Орле. Основные компетенции: лазерная резка листового металла, штамповка, MIG/MAG-сварка, 3D-гибка стальной проволоки на ЧПУ, порошковая покраска. Четыре продуктовых направления, 54 артикула: • Сушилки для белья (14 моделей) — напольные складные, с крыльями, вертикальные-башни. Стойкие покрытия, надёжные шарниры... NORDWALL — российский производитель товар | categories: Аксессуары и инструменты для кухни; Системы хранения, органайзеры; Хозтовары и уборка; Дача и благоустройство",parsed,,2026-08-24T05:47:21Z,household-expo-autumn-2026-official-catalog-signo-v1.0.1,ok,ok,Russia row with qualifying HouseHold Expo product/category evidence; incidental service/logistics/marketing/design words were ignored.,repeat,exact normalized email matched current Twenty repeat index,orel@nordorel.ru,,Норд Севрис,orel@nordorel.ru,nordorel.ru; nordorel.com,official catalog detail,,catalog_email_present,,public email visible in official catalogue detail,orel@nordorel.ru,public catalogue/contact email
HouseHold Expo. Осень 2026,8–10 сентября 2026,"ООО ""МЕРКУРИЙ""","""Меркурий""",товары для уборки и хозтовары,Россия,Москва,,10D3-02,"Крокус Экспо, Павильон 2, залы 9-10-11",Хозтовары и уборка,"Динамично развивающаяся с 2018 года компания ООО «Меркурий» является поставщиком хозяйственных товаров нескольких товарных знаков: Милые мелочи, Мелочи жизни, Королева чистоты, маркировки Акция. Компания постоянно совершенствует процессы управления и контроля, улучшает торговые условия и качество поставок, что является неотъемлемой частью наращивания темпов производства и движения вперед. За время работы мы зарекомендовали себя как производитель и надежный поставщик... Динамично развивающаяся с 2018 года компания ООО «Меркурий» является поставщиком хозяйственных товаров нескольких товарных знаков: Милые мелочи, Мелочи жизни, Королева чистоты, маркировки Акция. Компания постоянно совершенствует процессы управления и контроля, улучшает торговые условия и качество поставок, что является неотъемлемой частью наращивания темпов производства и движения вперед. За время работы мы зарекомендовали себя как производитель и надежный поставщик. Мы стремимся представлять на рынке продукцию с улучшенными по качеству характеристиками в широком ассортименте:  строительные губки,  губки для автомобилей  губки кухонные,  скребки металлические для посуды,  салфетки вискозные и целлюлозные,  пакеты для мусора,  товары личной гигиены и др. Направление работы:  Собственное производство продукции из поролона (г. Чехов)  Производство изделий под СТМ  Продажа продукции компании по следующим направлениям: торговые сети, предприятия розничной торговли, оптовые продажи, корпоративные продажи.",,http://www.mercuriy.ltd,sales@mercuriy.ltd,+79966971746,https://catalog.hhexpo.ru/companies/company/156585-merkurij.html,156585,keep,"ООО ""МЕРКУРИЙ"" | Россия | 10D3-02 | Динамично развивающаяся с 2018 года компания ООО «Меркурий» является поставщиком хозяйственных товаров нескольких товарных знаков: Милые мелочи, Мелочи жизни, Королева чистоты, маркировки Акция. Компания постоянно совершенствует процессы управления и контроля, улучшает торговые условия и качество поставок, что является неотъемлемой частью наращивания темпов производства и движения вперед. За время работы мы зарекомендовали себя как производитель | categories: Хозтовары и уборка",parsed,,2026-08-24T05:47:21Z,household-expo-autumn-2026-official-catalog-signo-v1.0.1,ok,ok,Russia row with qualifying HouseHold Expo product/category evidence; incidental service/logistics/marketing/design words were ignored.,new,,,,,sales@mercuriy.ltd,mercuriy.ltd,official catalog detail,,catalog_email_present,,public email visible in official catalogue detail,sales@mercuriy.ltd,public catalogue/contact email
HouseHold Expo. Осень 2026,8–10 сентября 2026,BRONX & LoCo Cookers by BRONX,BRONX & LoCo Cookers by BRONX,товары для дачи и благоустройства,Россия,Москва,,11B3-04,"Крокус Экспо, Павильон 2, залы 9-10-11",Дача и благоустройство,"BRONX - это премиальный бренд газовых, угольных грилей и смокеров, созданный для тех, кто ценит контроль, инженерную точность и долговечность. Мы разрабатываем оборудование, в котором каждая деталь подчинена результату: стабильная температура, продуманная конструкция и надежные материалы. В линейке представлены стационарные и портативные модели, а также решения для профессионального и частного использования. BRONX - это техника, которая превращает приготовление на огне в управляемый процесс.",,https://bbqexpert.ru/,info@bbqexpert.ru,+79936214088,https://catalog.hhexpo.ru/companies/company/156471-bajer.html,156471,keep,"BRONX & LoCo Cookers by BRONX | Россия | 11B3-04 | BRONX - это премиальный бренд газовых, угольных грилей и смокеров, созданный для тех, кто ценит контроль, инженерную точность и долговечность. Мы разрабатываем оборудование, в котором каждая деталь подчинена результату: стабильная температура, продуманная конструкция и надежные материалы. В линейке представлены стационарные и портативные модели, а также решения для профессионального и частного использования. BRONX - это техника, которая превращае | categories: Дача и благоустройство",parsed,,2026-08-24T05:47:11Z,household-expo-autumn-2026-official-catalog-signo-v1.0.1,ok,ok,Russia row with qualifying HouseHold Expo product/category evidence; incidental service/logistics/marketing/design words were ignored.,new,,,,,info@bbqexpert.ru,bbqexpert.ru,official catalog detail,,catalog_email_present,,public email visible in official catalogue detail,info@bbqexpert.ru,public catalogue/contact email
HouseHold Expo. Осень 2026,8–10 сентября 2026,Bruno Visconti (ООО «АЛЬТ»),Bruno Visconti (ООО «АЛЬТ»),сервировочная посуда; кухонные принадлежности; домашний текстиль; декор и предметы интерьера,Россия,Москва,,11L1-04,"Крокус Экспо, Павильон 2, залы 9-10-11","Посуда для сервировки; Аксессуары и инструменты для кухни; Домашний текстиль; Декор, оформление и предметы интерьера","Bruno Visconti — бренд, который превращает окружающие предметы в источник вдохновения и хорошего настроения. Мы верим, что вещи, сопровождающие нас каждый день, способны задавать настроение, подчёркивать индивидуальность и дарить радость — будь то элегантный блокнот на рабочем столе или первая школьная тетрадь. Начав с создания стильной канцелярии и аксессуаров, сегодня мы последовательно расширяем ассортимент на пространство дома: в коллекциях появляются текстиль, кухонные принадлежности, посуда и предметы сервировки, лайфстайл-аксессуары... Bruno Visconti — бренд, который превращает окружающие предметы в источник вдохновения и хорошего настроения. Мы верим, что вещи, сопровождающие нас каждый день, способны задавать настроение, подчёркивать индивидуальность и дарить радость — будь то элегантный блокнот на рабочем столе или первая школьная тетрадь. Начав с создания стильной канцелярии и аксессуаров, сегодня мы последовательно расширяем ассортимент на пространство дома: в коллекциях появляются текстиль, кухонные принадлежности, посуда и предметы сервировки, лайфстайл-аксессуары. Наша цель — стирать границы между простой функциональностью и премиальными предметами быта, предлагая цельный эстетический опыт от рабочего стола до кухни. Мы тщательно отбираем материалы, разрабатываем уникальные авторские принты и паттерны и следим за мировыми тенденциями дизайна, чтобы каждый продукт сочетал визуальную выразительность, приятную тактильность и безупречное качество исполнения. Наши изделия создают уют, подчёркивают индивидуальность и становятся идеальным подарком — от нового ежедневника к важному жизненному этапу до сервировочного аксессуара, обновляющего пространство дома. Продукция Bruno Visconti премиального сегмента ориентирована на розничных покупателей, ценящих стиль в каждой детали, а также на подарочные линейки и сезонные коллекции. Мы стремимся стать брендом первого выбора для тех, кто хочет окружить себя красивыми вещами и находить радость в мелочах повседневной жизни.",,https://alt-online.ru/,secretary@altplus.ru,+7 (495) 981-99-00,https://catalog.hhexpo.ru/companies/company/160788-alt.html,160788,keep,"Bruno Visconti (ООО «АЛЬТ») | Россия | 11L1-04 | Bruno Visconti — бренд, который превращает окружающие предметы в источник вдохновения и хорошего настроения. Мы верим, что вещи, сопровождающие нас каждый день, способны задавать настроение, подчёркивать индивидуальность и дарить радость — будь то элегантный блокнот на рабочем столе или первая школьная тетрадь. Начав с создания стильной канцелярии и аксессуаров, сегодня мы последовательно расширяем ассортимент на пространство дома: в коллекциях п | categories: Посуда для сервировки; Аксессуары и инструменты для кухни; Домашний текстиль; Декор, оформление и предметы интерьера",parsed,,2026-08-24T05:48:20Z,household-expo-autumn-2026-official-catalog-signo-v1.0.1,ok,ok,Russia row with qualifying HouseHold Expo product/category evidence; incidental service/logistics/marketing/design words were ignored.,new,,,,,secretary@altplus.ru,altplus.ru; alt-online.ru,official catalog detail,,catalog_email_present,,public email visible in official catalogue detail,secretary@altplus.ru,public catalogue/contact email
HouseHold Expo. Осень 2026,8–10 сентября 2026,Helios Smart,Helios Smart,бытовая техника и электроника; товары для дачи и благоустройства,Россия,Москва,,11C4-03,"Крокус Экспо, Павильон 2, залы 9-10-11",Бытовая техника и электроника; Дача и благоустройство,"ТОНАР — сибирская инженерно‑производственная компания с 37‑летним опытом и собственным заводом полного цикла. Бренд Helios Smart создан как промышленная платформа уличного оборудования для гриля и барбекю: модульная архитектура позволяет формировать решения под разные форматы — от базового гриль‑модуля до комплексной уличной кухни с газовым или угольным грилем, печью под казан, варочной поверхностью и встроенными шкафами... ТОНАР — сибирская инженерно‑производственная компания с 37‑летним опытом и собственным заводом полного цикла. Бренд Helios Smart создан как промышленная платформа уличного оборудования для гриля и барбекю: модульная архитектура позволяет формировать решения под разные форматы — от базового гриль‑модуля до комплексной уличной кухни с газовым или угольным грилем, печью под казан, варочной поверхностью и встроенными шкафами. В линейке — более 30 готовых кухонь и широкий ассортимент модулей для индивидуальных конфигураций. Производство ведётся на высокотехнологичном оборудовании (лазерная резка, ЧПУ, роботизированная сварка, автоматическая полимерная покраска) с коррозионно‑стойкими материалами и многоступенчатым контролем качества, что обеспечивает долговечность изделий в любых климатах. Автоматизированные склады и логистика (Барнаул — Москва) поддерживают оперативные поставки и сервисное обслуживание. Для дистрибьюторов, проектных организаций и промышленных партнёров Helios Smart предлагает гибкость конфигураций, адаптацию под техническое задание, высокий производственный потенциал и гарантии стабильного качества, вытекающие из инженерной школы ТОНАР.",,http://www.tonar.su,melehinavv@mega-shop.su,8-962-791-24-82,https://catalog.hhexpo.ru/companies/company/156705-tonar.html,156705,keep,"Helios Smart | Россия | 11C4-03 | ТОНАР — сибирская инженерно‑производственная компания с 37‑летним опытом и собственным заводом полного цикла. Бренд Helios Smart создан как промышленная платформа уличного оборудования для гриля и барбекю: модульная архитектура позволяет формировать решения под разные форматы — от базового гриль‑модуля до комплексной уличной кухни с газовым или угольным грилем, печью под казан, варочной поверхностью и встроенными шкафами... ТОНАР — сибирская инже | categories: Бытовая техника и электроника; Дача и благоустройство",parsed,,2026-08-24T05:47:10Z,household-expo-autumn-2026-official-catalog-signo-v1.0.1,ok,ok,Russia row with qualifying HouseHold Expo product/category evidence; incidental service/logistics/marketing/design words were ignored.,repeat,company-owned domain matched current Twenty repeat index,,tonar.su,Тонар,melehinavv@mega-shop.su,mega-shop.su; tonar.su,official catalog detail,,catalog_email_present,,public email visible in official catalogue detail,melehinavv@mega-shop.su,public catalogue/contact email
HouseHold Expo. Осень 2026,8–10 сентября 2026,HitMixPro,HitMixPro,системы хранения и органайзеры; декор и предметы интерьера; товары для дачи и благоустройства,Россия,Москва,,10D2-07,"Крокус Экспо, Павильон 2, залы 9-10-11","Системы хранения, органайзеры; Декор, оформление и предметы интерьера; Дача и благоустройство","HitMixPro — российский производитель металлических изделий для дома, сада, хранения и отдыха. Мы разрабатываем и производим практичные, надёжные и функциональные решения из металла, рассчитанные на длительное использование. В ассортимент компании входят настенные системы хранения, перфорированные панели, держатели для садового инвентаря, полки, крючки и вешалки, держатели для кашпо, изделия для обустройства дома и приусадебного участка, а также металлические товары для отдыха на природе... HitMixPro — российский производитель металлических изделий для дома, сада, хранения и отдыха. Мы разрабатываем и производим практичные, надёжные и функциональные решения из металла, рассчитанные на длительное использование. В ассортимент компании входят настенные системы хранения, перфорированные панели, держатели для садового инвентаря, полки, крючки и вешалки, держатели для кашпо, изделия для обустройства дома и приусадебного участка, а также металлические товары для отдыха на природе. Мы контролируем все основные этапы производства: от разработки конструкции и подготовки металла до покраски, комплектации и упаковки готовой продукции. Используем качественный металл, оцинкованную сталь и износостойкое порошковое покрытие. Особое внимание уделяем прочности изделий, удобству монтажа, функциональности и современному дизайну. HitMixPro сотрудничает с оптовыми покупателями, торговыми сетями, дистрибьюторами и маркетплейсами. Предлагаем серийное производство, оптовые поставки, разработку новых изделий и изготовление продукции под собственной торговой маркой заказчика — СТМ. Открыты к долгосрочному сотрудничеству и готовы адаптировать продукцию, комплектацию и упаковку под требования партнёров.",,https://hitmix-metall.ru,mchembulatov@inbox.ru,+79536660846,https://catalog.hhexpo.ru/companies/company/156714-chembulatov.html,156714,keep,"HitMixPro | Россия | 10D2-07 | HitMixPro — российский производитель металлических изделий для дома, сада, хранения и отдыха. Мы разрабатываем и производим практичные, надёжные и функциональные решения из металла, рассчитанные на длительное использование. В ассортимент компании входят настенные системы хранения, перфорированные панели, держатели для садового инвентаря, полки, крючки и вешалки, держатели для кашпо, изделия для обустройства дома и приусадебного участка, а также м | categories: Системы хранения, органайзеры; Декор, оформление и предметы интерьера; Дача и благоустройство",parsed,,2026-08-24T05:47:11Z,household-expo-autumn-2026-official-catalog-signo-v1.0.1,ok,ok,Russia row with qualifying HouseHold Expo product/category evidence; incidental service/logistics/marketing/design words were ignored.,new,,,,,mchembulatov@inbox.ru,hitmix-metall.ru,official catalog detail,,catalog_email_present,,public email visible in official catalogue detail,mchembulatov@inbox.ru,public catalogue/contact email
HouseHold Expo. Осень 2026,8–10 сентября 2026,KUKMARA,Kukmara,посуда для приготовления,Россия,Москва,,11G2-01,"Крокус Экспо, Павильон 2, залы 9-10-11",Посуда для приготовления,"Кукморский завод Металлопосуды выпускает продукцию с 1950 года. Сеть дистрибьюции нашей компании довольно широкая: более 400 партнёров в 89 регионах России и 11 странах зарубежья. Доля производства продукции KUKMARA на российском рынке более 20%. Продажи ежегодно продолжают расти. KUKMARA – стабильный и надёжный партнёр с качественным производством, высоким уровнем сервиса и бесперебойными поставками.",,https://kukmara.com/,marketing@kukmara.com,8(84364)26242,https://catalog.hhexpo.ru/companies/company/156564-kukmora.html,156564,keep,"KUKMARA | Россия | 11G2-01 | Кукморский завод Металлопосуды выпускает продукцию с 1950 года. Сеть дистрибьюции нашей компании довольно широкая: более 400 партнёров в 89 регионах России и 11 странах зарубежья. Доля производства продукции KUKMARA на российском рынке более 20%. Продажи ежегодно продолжают расти. KUKMARA – стабильный и надёжный партнёр с качественным производством, высоким уровнем сервиса и бесперебойными поставками. | categories: Посуда для приготовления",parsed,,2026-08-24T05:47:11Z,household-expo-autumn-2026-official-catalog-signo-v1.0.1,ok,ok,Russia row with qualifying HouseHold Expo product/category evidence; incidental service/logistics/marketing/design words were ignored.,repeat,company-owned domain matched current Twenty repeat index,,kukmara.com,Кукморский Завод Металлопосуды,marketing@kukmara.com,kukmara.com,official catalog detail,,catalog_email_present,,public email visible in official catalogue detail,marketing@kukmara.com,public catalogue/contact email
HouseHold Expo. Осень 2026,8–10 сентября 2026,SATE,SATE,сервировочная посуда,Россия,Москва,,9С4-01,"Крокус Экспо, Павильон 2, залы 9-10-11",Посуда для сервировки,"Небьющаяся посуда SATE — это современный взгляд на посуду, созданную для жизни в движении. Мы верим, что прочность и лёгкость могут идти рука об руку. Каждая деталь SATE объединяет в себе изящество формы, надёжность и удобство в использовании. 25-летний опыт, накопленный в литье пластиковых изделий под брендом ЕВРОПАРТНЕР, позволил нам добиться уровня, сравнимого с лучшими мировыми стандартами... Небьющаяся посуда SATE — это современный взгляд на посуду, созданную для жизни в движении. Мы верим, что прочность и лёгкость могут идти рука об руку. Каждая деталь SATE объединяет в себе изящество формы, надёжность и удобство в использовании. 25-летний опыт, накопленный в литье пластиковых изделий под брендом ЕВРОПАРТНЕР, позволил нам добиться уровня, сравнимого с лучшими мировыми стандартами. От изготовления пресс-формы до коробки — полный цикл производства в России. Сегодня опыт, знания и инженерная точность воплощены в посуде SATE. Мы создаем небьющуюся посуду с заботой об экологии. Благодаря многоразовому использованию, вы снижаете количество отходов и заботитесь о природе. Один стакан SATE избавляет от 15 кг пластиковых отходов. Небьющаяся посуда SATE служит долго, сохраняя вид и форму даже при активном использовании. Продукция имеет декларацию соответствия.",,https://sateglass.ru/,sate@europartner.su,+7 (812) 448 18 70,https://catalog.hhexpo.ru/companies/company/158580-evropartner.html,158580,keep,"SATE | Россия | 9С4-01 | Небьющаяся посуда SATE — это современный взгляд на посуду, созданную для жизни в движении. Мы верим, что прочность и лёгкость могут идти рука об руку. Каждая деталь SATE объединяет в себе изящество формы, надёжность и удобство в использовании. 25-летний опыт, накопленный в литье пластиковых изделий под брендом ЕВРОПАРТНЕР, позволил нам добиться уровня, сравнимого с лучшими мировыми стандартами... Небьющаяся посуда SATE — это современный взгляд на | categories: Посуда для сервировки",parsed,,2026-08-24T05:47:10Z,household-expo-autumn-2026-official-catalog-signo-v1.0.1,ok,ok,Russia row with qualifying HouseHold Expo product/category evidence; incidental service/logistics/marketing/design words were ignored.,repeat,company-owned domain matched current Twenty repeat index,,europartner.su,Европартнер,sate@europartner.su,europartner.su; sateglass.ru,official catalog detail,,catalog_email_present,,public email visible in official catalogue detail,sate@europartner.su,public catalogue/contact email
HouseHold Expo. Осень 2026,8–10 сентября 2026,«ЕВРОСТЕК ГРУПП» ООО,«Евростек Групп» ООО,посуда для приготовления; бытовая техника и электроника,Россия,Москва,,11С4-02,"Крокус Экспо, Павильон 2, залы 9-10-11",Посуда для приготовления; Бытовая техника и электроника,"Eurostek Group, основанная в 1995 году, прошла путь от дистрибьютора бытовой техники до лидера оптовых поставок товаров народного потребления в России и СНГ. С 2001 года мы развиваем собственное производство в России, Китае и Турции. Наш 30-летний опыт, постоянный анализ рынка, отлаженные логистика и производство гарантируют высокое качество и доступные цены. Мы работаем с корпоративными клиентами, розничными сетями и интернет-магазинами, предлагая высокий уровень сервиса и конкурентные условия.",,https://eurostek-group.ru/,info@eurostek-group.ru,+7 (495) 121-70-75,https://catalog.hhexpo.ru/companies/company/160299-evrostek.html,160299,keep,"«ЕВРОСТЕК ГРУПП» ООО | Россия | 11С4-02 | Eurostek Group, основанная в 1995 году, прошла путь от дистрибьютора бытовой техники до лидера оптовых поставок товаров народного потребления в России и СНГ. С 2001 года мы развиваем собственное производство в России, Китае и Турции. Наш 30-летний опыт, постоянный анализ рынка, отлаженные логистика и производство гарантируют высокое качество и доступные цены. Мы работаем с корпоративными клиентами, розничными сетями и интернет-магазинами, предлаг | categories: Посуда для приготовления; Бытовая техника и электроника",parsed,,2026-08-24T05:47:11Z,household-expo-autumn-2026-official-catalog-signo-v1.0.1,ok,ok,Russia row with qualifying HouseHold Expo product/category evidence; incidental service/logistics/marketing/design words were ignored.,new,,,,,info@eurostek-group.ru,eurostek-group.ru,official catalog detail,,catalog_email_present,,public email visible in official catalogue detail,info@eurostek-group.ru,public catalogue/contact email
HouseHold Expo. Осень 2026,8–10 сентября 2026,АЛТЕЙ,АЛТЕЙ,посуда для приготовления,Россия,Москва,,11L2-02,"Крокус Экспо, Павильон 2, залы 9-10-11",Посуда для приготовления,Производитель литой алюминиевой посуды с антипригарным покрытием.,,,sale@altei-store.ru,79960460669,https://catalog.hhexpo.ru/companies/company/156441-altej.html,156441,keep,АЛТЕЙ | Россия | 11L2-02 | Производитель литой алюминиевой посуды с антипригарным покрытием. | categories: Посуда для приготовления,parsed,,2026-08-24T05:47:12Z,household-expo-autumn-2026-official-catalog-signo-v1.0.1,ok,ok,Russia row with qualifying HouseHold Expo product/category evidence; incidental service/logistics/marketing/design words were ignored.,new,,,,,sale@altei-store.ru,altei-store.ru,official catalog detail,,catalog_email_present,,public email visible in official catalogue detail,sale@altei-store.ru,public catalogue/contact email
HouseHold Expo. Осень 2026,8–10 сентября 2026,АСР,АСР,товары для дачи и благоустройства,Россия,Москва,,10A3-01,"Крокус Экспо, Павильон 2, залы 9-10-11",Дача и благоустройство,"Холдинг АГРОСНАБРИТЕЙЛ является производителем торфогрунтов, удобрений, других товаров для дома, сада и огорода. Широкий ассортимент, наряду со стабильно высоким качеством продукции, позволил компании стать надежным поставщиком для основных оптовиков и крупнейших федеральных сетей. Продукция выпускается на двух заводах, расположенных в Центральном и Сибирском федеральных округах.",,,info@td-asr.ru,+7 812 332 71 22,https://catalog.hhexpo.ru/companies/company/156468-asr.html,156468,keep,"АСР | Россия | 10A3-01 | Холдинг АГРОСНАБРИТЕЙЛ является производителем торфогрунтов, удобрений, других товаров для дома, сада и огорода. Широкий ассортимент, наряду со стабильно высоким качеством продукции, позволил компании стать надежным поставщиком для основных оптовиков и крупнейших федеральных сетей. Продукция выпускается на двух заводах, расположенных в Центральном и Сибирском федеральных округах. | categories: Дача и благоустройство",parsed,,2026-08-24T05:47:13Z,household-expo-autumn-2026-official-catalog-signo-v1.0.1,ok,ok,Russia row with qualifying HouseHold Expo product/category evidence; incidental service/logistics/marketing/design words were ignored.,new,,,,,info@td-asr.ru,td-asr.ru,official catalog detail,,catalog_email_present,,public email visible in official catalogue detail,info@td-asr.ru,public catalogue/contact email
HouseHold Expo. Осень 2026,8–10 сентября 2026,АВАНГАРДПЛАСТИК,Авангардпластик,кухонные принадлежности; системы хранения и органайзеры; товары для уборки и хозтовары; мебель для дома; товары для дачи и благоустройства,Россия,Москва,,10B0-01,"Крокус Экспо, Павильон 2, залы 9-10-11","Аксессуары и инструменты для кухни; Системы хранения, органайзеры; Хозтовары и уборка; Мебель; Дача и благоустройство","Завод пластмассовых изделий ООО «Авангард» существует уже более 20 лет на рынке производства товаров народного потребления. Мы выпускаем различную продукцию: Пластиковую мебель, Корзины для хранения, ведра-стулья, тазы, комоды, сани-волокуши, лопаты и многое другое. Секрет подобного успеха прост и базируется на нескольких составляющих: - Широчайший и оптимальный ассортимент - Доступные цены - Долговечность - Экологичность - Надёжность поставок Ежегодно «Авангард» предлагает своим покупателям новинки, которые сразу становятся лидерами продаж.",,https://avangardplastik.ru/,tamara.r@plastik.tomsk.ru,+73822405054,https://catalog.hhexpo.ru/companies/company/156429-avangardplastik.html,156429,keep,"АВАНГАРДПЛАСТИК | Россия | 10B0-01 | Завод пластмассовых изделий ООО «Авангард» существует уже более 20 лет на рынке производства товаров народного потребления. Мы выпускаем различную продукцию: Пластиковую мебель, Корзины для хранения, ведра-стулья, тазы, комоды, сани-волокуши, лопаты и многое другое. Секрет подобного успеха прост и базируется на нескольких составляющих: - Широчайший и оптимальный ассортимент - Доступные цены - Долговечность - Экологичность - Надёжность поставок Еж | categories: Аксессуары и инструменты для кухни; Системы хранения, органайзеры; Хозтовары и уборка; Мебель; Дача и благоустройство",parsed,,2026-08-24T05:47:12Z,household-expo-autumn-2026-official-catalog-signo-v1.0.1,ok,ok,Russia row with qualifying HouseHold Expo product/category evidence; incidental service/logistics/marketing/design words were ignored.,new,,,,,tamara.r@plastik.tomsk.ru,plastik.tomsk.ru; avangardplastik.ru,official catalog detail,,catalog_email_present,,public email visible in official catalogue detail,tamara.r@plastik.tomsk.ru,public catalogue/contact email
HouseHold Expo. Осень 2026,8–10 сентября 2026,АКВАПЛАСТ,Аквапласт,товары для дачи и благоустройства,Россия,Москва,,11A2-03,"Крокус Экспо, Павильон 2, залы 9-10-11",Дача и благоустройство,"ООО «Аквапласт» - это российский производитель товаров, изготовленных их экологически чистых материалов, предназначенных для сада, огорода, приусадебных участков, а также фермерских хозяйств. Основной продукцией завода являются шланги поливочные, сетка садовая, опрыскиватели, нетканый укрывной материал (спандбонд), изготовленные из ПВХ, пластика, резины и полипропилена. На заводе предусмотрен полный технологический цикл производства: изготовление товаров для сада, упаковка, а также доставка готовой продукции оптовым покупателям. В настоящее время ООО «Аквапласт» - современно оснащенное, стабильное, динамично развивающееся предприятие.",,,gidroplastik2019@mail.ru,8-800-550-10-36,https://catalog.hhexpo.ru/companies/company/156435-akvaplast.html,156435,keep,"АКВАПЛАСТ | Россия | 11A2-03 | ООО «Аквапласт» - это российский производитель товаров, изготовленных их экологически чистых материалов, предназначенных для сада, огорода, приусадебных участков, а также фермерских хозяйств. Основной продукцией завода являются шланги поливочные, сетка садовая, опрыскиватели, нетканый укрывной материал (спандбонд), изготовленные из ПВХ, пластика, резины и полипропилена. На заводе предусмотрен полный технологический цикл производства: изготовление | categories: Дача и благоустройство",parsed,,2026-08-24T05:47:12Z,household-expo-autumn-2026-official-catalog-signo-v1.0.1,ok,ok,Russia row with qualifying HouseHold Expo product/category evidence; incidental service/logistics/marketing/design words were ignored.,new,,,,,gidroplastik2019@mail.ru,,official catalog detail,,catalog_email_present,,public email visible in official catalogue detail,gidroplastik2019@mail.ru,public catalogue/contact email
HouseHold Expo. Осень 2026,8–10 сентября 2026,Альм-Фаза,Альм-Фаза,декор и предметы интерьера; товары для спорта и активного отдыха; товары для дачи и благоустройства,Россия,Москва,,11A4-01,"Крокус Экспо, Павильон 2, залы 9-10-11","Декор, оформление и предметы интерьера; Спорт и активный отдых; Дача и благоустройство","Компания «Альм-Фаза» — это надёжный поставщик напольных и настенных покрытий для мероприятий, бизнеса и частных интерьеров . Мы работаем на рынке с 2008 года и за это время стали экспертами в своей области: накопили уникальный опыт, знание технологий и особенностей монтажа. Наша цель — предлагать клиентам качественные решения для любых задач: от оформления выставочного стенда до устройства профессионального спортивного газона ... Компания «Альм-Фаза» — это надёжный поставщик напольных и настенных покрытий для мероприятий, бизнеса и частных интерьеров . Мы работаем на рынке с 2008 года и за это время стали экспертами в своей области: накопили уникальный опыт, знание технологий и особенностей монтажа. Наша цель — предлагать клиентам качественные решения для любых задач: от оформления выставочного стенда до устройства профессионального спортивного газона . Направления деятельности «Альм-Фаза» предлагает полный спектр покрытий для разных целей: ? Для выставок и мероприятий • Выставочный ковролин «Спектра» — специально разработан для организации пространства на выставках, презентациях, семинарах и торжествах. Латексная основа гарантирует сохранность покрытия даже при высокой проходимости. Доступны разные цвета для создания креативного дизайна стенда . • Сценический линолеум — идеальное решение для сцен и подиумов . • Ковролин для презентаций — покрытие, которое создаёт атмосферу и подчёркивает статус мероприятия . • Влаговпитывающие коврики — практичное решение для входных зон . ? Для благоустройства и дизайна • Искусственная трава и газон — поставляем с 2008 года. Сотрудничаем с четырьмя заводами-изготовителями, используем нетоксичные материалы и новейшие технологии . • Искусственный мох — для вертикального озеленения и создания фитостен. Пример: изготовление панно из мха с декоративными элементами по заказу ООО «Мостра» . • Искусственные фитостены и растения — решение для быстрого озеленения . ? Для интерьеров и коммерческих объектов • Коммерческий ковролин — надёжное покрытие для офисов и общественных пространств . • Резиновое покрытие «Монетка» — собственное производство компании . • Резиновые коврики и домашние коврики . • Щетинистые покрытия и автоковролин . ________________________________________ Преимущества работы с нами ✅ Индивидуальный подход и помощь в реализации идей Мы понимаем, что каждый проект уникален. Если у вас нет готового дизайн-макета для печати на ковролине — не проблема. Наши специалисты помогут подготовить макет с учётом всех технических требований. Мы предлагаем полный цикл: от идеи до готового покрытия на вашем объекте. ✅ Широкий ассортимент и гибкие цены Мы предлагаем покрытия разного ценового диапазона — от эконом до премиум. Есть возможность приобрести материалы второго сорта по дисконтной цене (наличие уточняйте у менеджеров)",,http://www.alm-faza.ru,info@alm-faza.ru,+78003332880,https://catalog.hhexpo.ru/companies/company/156525-deko.html,156525,keep,"Альм-Фаза | Россия | 11A4-01 | Компания «Альм-Фаза» — это надёжный поставщик напольных и настенных покрытий для мероприятий, бизнеса и частных интерьеров . Мы работаем на рынке с 2008 года и за это время стали экспертами в своей области: накопили уникальный опыт, знание технологий и особенностей монтажа. Наша цель — предлагать клиентам качественные решения для любых задач: от оформления выставочного стенда до устройства профессионального спортивного газона ... Компания «Альм-Ф | categories: Декор, оформление и предметы интерьера; Спорт и активный отдых; Дача и благоустройство",parsed,,2026-08-24T05:47:12Z,household-expo-autumn-2026-official-catalog-signo-v1.0.1,ok,ok,Russia row with qualifying HouseHold Expo product/category evidence; incidental service/logistics/marketing/design words were ignored.,new,,,,,info@alm-faza.ru,alm-faza.ru,official catalog detail,,catalog_email_present,,public email visible in official catalogue detail,info@alm-faza.ru,public catalogue/contact email
HouseHold Expo. Осень 2026,8–10 сентября 2026,АЛЬТ ФЛАУЕРС,Альт Флауерс,декор и предметы интерьера,Россия,Москва,,9В14-07,"Крокус Экспо, Павильон 2, залы 9-10-11","Декор, оформление и предметы интерьера",Производство и оптовая продажа композиций из искусственных растений премиум класса.,,,imfo@altflowers.ru,+7(916)361-53-38,https://catalog.hhexpo.ru/companies/company/156444-alt-flauers.html,156444,keep,"АЛЬТ ФЛАУЕРС | Россия | 9В14-07 | Производство и оптовая продажа композиций из искусственных растений премиум класса. | categories: Декор, оформление и предметы интерьера",parsed,,2026-08-24T05:47:12Z,household-expo-autumn-2026-official-catalog-signo-v1.0.1,ok,ok,Russia row with qualifying HouseHold Expo product/category evidence; incidental service/logistics/marketing/design words were ignored.,new,,,,,imfo@altflowers.ru,altflowers.ru,official catalog detail,,catalog_email_present,,public email visible in official catalogue detail,imfo@altflowers.ru,public catalogue/contact email
HouseHold Expo. Осень 2026,8–10 сентября 2026,АЛЬТ-ПЛАСТ,Альт-Пласт,кухонные принадлежности; системы хранения и органайзеры,Россия,Москва,,10B4-01,"Крокус Экспо, Павильон 2, залы 9-10-11","Аксессуары и инструменты для кухни; Системы хранения, органайзеры","Производим продукцию из пластмассы с 2004 года на производственных цехах в Красноярске. В нашем ассортименте более 1000 наименований товаров. Работаем с оптовыми фирмами и торговыми сетями. Предлагаем широкий выбор товаров для повседневного использования. Самостоятельно разрабатываем дизайн изделий и продумываем каждую деталь конструкции. Регулярно проводим технические испытания, поддерживая высокое качество товаров. В работе используем современное оборудование: высокопроизводительные станки и пресс-формы. Новинки — каждый квартал.",,https://alt-plast.ru/,info@alt-plast.ru,,https://catalog.hhexpo.ru/companies/company/156447-alt-plast.html,156447,keep,"АЛЬТ-ПЛАСТ | Россия | 10B4-01 | Производим продукцию из пластмассы с 2004 года на производственных цехах в Красноярске. В нашем ассортименте более 1000 наименований товаров. Работаем с оптовыми фирмами и торговыми сетями. Предлагаем широкий выбор товаров для повседневного использования. Самостоятельно разрабатываем дизайн изделий и продумываем каждую деталь конструкции. Регулярно проводим технические испытания, поддерживая высокое качество товаров. В работе используем современн | categories: Аксессуары и инструменты для кухни; Системы хранения, органайзеры",parsed,,2026-08-24T05:47:12Z,household-expo-autumn-2026-official-catalog-signo-v1.0.1,ok,ok,Russia row with qualifying HouseHold Expo product/category evidence; incidental service/logistics/marketing/design words were ignored.,new,,,,,info@alt-plast.ru,alt-plast.ru,official catalog detail,,found,https://alt-plast.ru/,public website crawl only; no cookies or forms,info@alt-plast.ru,public website enrichment email
HouseHold Expo. Осень 2026,8–10 сентября 2026,АННА ЛАФАРГ,Анна Лафарг,посуда для приготовления; сервировочная посуда; кухонные принадлежности; домашний текстиль; декор и предметы интерьера; товары для дачи и благоустройства,Россия,Москва,,9B10-01,"Крокус Экспо, Павильон 2, залы 9-10-11","Посуда для приготовления; Посуда для сервировки; Аксессуары и инструменты для кухни; Домашний текстиль; Декор, оформление и предметы интерьера; Дача и благоустройство","Российская компания «АННА ЛАФАРГ» (основана в 1998 году) - поставщик посуды, подарков и предметов интерьера, предлагает различные товары для сервировки стола и создания уюта в доме от ведущих европейских и азиатских фабрик. Компания выпускает коллекции посуды под собственными брендами ANNA LAFARG и HOME&STYLE, а также является эксклюзивным дистрибьютором Maxwell&Williams (Австралия), официальным дистрибьютором Easy Life и др. на территории РФ. Продукцию «АННА ЛАФАРГ» всегда можно приобрести в крупных гипермаркетах, универсальных и специализированных точках розничной торговли, в интернет-магазинах и широко известных маркетплейсах.",,https://annalafarg.ru,info@annalafarg.ru,+7 (495) 234 61 64,https://catalog.hhexpo.ru/companies/company/156453-anna-lafarg.html,156453,keep,"АННА ЛАФАРГ | Россия | 9B10-01 | Российская компания «АННА ЛАФАРГ» (основана в 1998 году) - поставщик посуды, подарков и предметов интерьера, предлагает различные товары для сервировки стола и создания уюта в доме от ведущих европейских и азиатских фабрик. Компания выпускает коллекции посуды под собственными брендами ANNA LAFARG и HOME&STYLE, а также является эксклюзивным дистрибьютором Maxwell&Williams (Австралия), официальным дистрибьютором Easy Life и др. на территории РФ. Пр | categories: Посуда для приготовления; Посуда для сервировки; Аксессуары и инструменты для кухни; Домашний текстиль; Декор, оформление и предметы интерьера; Дача и благоустройство",parsed,,2026-08-24T05:47:12Z,household-expo-autumn-2026-official-catalog-signo-v1.0.1,ok,ok,Russia row with qualifying HouseHold Expo product/category evidence; incidental service/logistics/marketing/design words were ignored.,new,,,,,info@annalafarg.ru,annalafarg.ru,official catalog detail,,catalog_email_present,,public email visible in official catalogue detail,info@annalafarg.ru,public catalogue/contact email
HouseHold Expo. Осень 2026,8–10 сентября 2026,АПОЛЛО,Аполло,посуда для приготовления; кухонные принадлежности; товары для уборки и хозтовары,Россия,Москва,,11F2-01,"Крокус Экспо, Павильон 2, залы 9-10-11",Посуда для приготовления; Аксессуары и инструменты для кухни; Хозтовары и уборка,"Компания «Аполло» основана в 2001-м году. Мы производим и продаем красивые, эстетически совершенные вещи. Мы делаем свои товары для всех, поэтому стремимся, чтобы они были доступными. Мы создаем их удобными и функциональными, это предмет нашей гордости. Мы за чистоту на кухне и делаем наши товары в соответствии с самыми строгими гигиеническими требованиями. Мы создаем их из безопасных материалов и стараемся сделать уход за ними предельно простым. Мы делаем это потому, что нам нравится то, как результаты нашего труда ежедневно радуют миллионы людей. Наша миссия – украсить нашими доступными товарами каждый дом. У нас глобальные амбиции.",,,,,https://catalog.hhexpo.ru/companies/company/156459-apollo.html,156459,keep,"АПОЛЛО | Россия | 11F2-01 | Компания «Аполло» основана в 2001-м году. Мы производим и продаем красивые, эстетически совершенные вещи. Мы делаем свои товары для всех, поэтому стремимся, чтобы они были доступными. Мы создаем их удобными и функциональными, это предмет нашей гордости. Мы за чистоту на кухне и делаем наши товары в соответствии с самыми строгими гигиеническими требованиями. Мы создаем их из безопасных материалов и стараемся сделать уход за ними предельно простым. | categories: Посуда для приготовления; Аксессуары и инструменты для кухни; Хозтовары и уборка",parsed,,2026-08-24T05:47:12Z,household-expo-autumn-2026-official-catalog-signo-v1.0.1,ok,ok,Russia row with qualifying HouseHold Expo product/category evidence; incidental service/logistics/marketing/design words were ignored.,new,,,,,,,official catalog detail,,not_attempted,,,,no public email
HouseHold Expo. Осень 2026,8–10 сентября 2026,АС-ДЕКОР,Ас-Декор,декор и предметы интерьера,Россия,Москва,,11C1-01,"Крокус Экспо, Павильон 2, залы 9-10-11","Декор, оформление и предметы интерьера","АС-ДЕКОР занимается декорацией стеклоизделий c 2003 г. Благодаря стабильной работе, высокому качеству, частому обновлению декоров, мы зарекомендовали себя, как надежного партнера. С 2018 года являемся официальным представителем фабрики DIAMONDS, которая славится качеством выпускаемых изделий. Работая с нами, Вы получаете выгодные условия, высокое качество продукции и конкурентоспособные цены!",,,granica77@list.ru,,https://catalog.hhexpo.ru/companies/company/156465-as-dekor.html,156465,keep,"АС-ДЕКОР | Россия | 11C1-01 | АС-ДЕКОР занимается декорацией стеклоизделий c 2003 г. Благодаря стабильной работе, высокому качеству, частому обновлению декоров, мы зарекомендовали себя, как надежного партнера. С 2018 года являемся официальным представителем фабрики DIAMONDS, которая славится качеством выпускаемых изделий. Работая с нами, Вы получаете выгодные условия, высокое качество продукции и конкурентоспособные цены! | categories: Декор, оформление и предметы интерьера",parsed,,2026-08-24T05:47:13Z,household-expo-autumn-2026-official-catalog-signo-v1.0.1,ok,ok,Russia row with qualifying HouseHold Expo product/category evidence; incidental service/logistics/marketing/design words were ignored.,new,,,,,granica77@list.ru,,official catalog detail,,catalog_email_present,,public email visible in official catalogue detail,granica77@list.ru,public catalogue/contact email
HouseHold Expo. Осень 2026,8–10 сентября 2026,АСАРА ХОУМ,Асара Хоум,декор и предметы интерьера,Россия,Москва,,9B14-03,"Крокус Экспо, Павильон 2, залы 9-10-11","Декор, оформление и предметы интерьера","ООО «АСАРА ХОУМ» — российская производственная компания, специализирующаяся на выпуске товаров для ароматизации дома и парфюмерии. Производственная площадка расположена в г. Владимир, ул. Мостостроевская, д. 2. Основные направления: ароматические диффузоры на палочках, интерьерные свечи и парфюмерия. Ассортимент включает наборы разных форматов — от компактных до многопредметных, что позволяет закрывать как повседневный, так и подарочный спрос... ООО «АСАРА ХОУМ» — российская производственная компания, специализирующаяся на выпуске товаров для ароматизации дома и парфюмерии. Производственная площадка расположена в г. Владимир, ул. Мостостроевская, д. 2. Основные направления: ароматические диффузоры на палочках, интерьерные свечи и парфюмерия. Ассортимент включает наборы разных форматов — от компактных до многопредметных, что позволяет закрывать как повседневный, так и подарочный спрос. Работа ведётся полным циклом: разработка ароматических композиций и рецептур, розлив, сборка и упаковка выполняются собственными силами. Это обеспечивает контроль качества на каждом этапе, стабильность аромата от партии к партии и возможность быстро адаптировать ассортимент под сезонность и запросы партнёров. Отдельное внимание уделяется дизайну упаковки и потребительскому опыту: продукция разрабатывается как готовое подарочное решение. Товары представлены на маркетплейсах Ozon, Wildberries и Яндекс Маркет, а также в сетях «Золотое Яблоко» и «Летуаль». Выстроенная система планирования производства и логистики позволяет поддерживать наличие товара на складах по всей России. Компания открыта к сотрудничеству с розничными сетями и оптовыми партнёрами, а также к разработке продукции под собственными торговыми марками (СТМ) и к корпоративным заказам. Контакты: asarahome@yandex.ru, ИНН 3300029077, ОГРН 1253300010116.",,https://asarahome.ru,annaradcenko786@gmail.com,9676439752,https://catalog.hhexpo.ru/companies/company/156462-asara-khoum.html,156462,keep,"АСАРА ХОУМ | Россия | 9B14-03 | ООО «АСАРА ХОУМ» — российская производственная компания, специализирующаяся на выпуске товаров для ароматизации дома и парфюмерии. Производственная площадка расположена в г. Владимир, ул. Мостостроевская, д. 2. Основные направления: ароматические диффузоры на палочках, интерьерные свечи и парфюмерия. Ассортимент включает наборы разных форматов — от компактных до многопредметных, что позволяет закрывать как повседневный, так и подарочный спрос... | categories: Декор, оформление и предметы интерьера",parsed,,2026-08-24T05:47:13Z,household-expo-autumn-2026-official-catalog-signo-v1.0.1,ok,ok,Russia row with qualifying HouseHold Expo product/category evidence; incidental service/logistics/marketing/design words were ignored.,new,,,,,annaradcenko786@gmail.com,asarahome.ru,official catalog detail,,catalog_email_present,,public email visible in official catalogue detail,annaradcenko786@gmail.com,public catalogue/contact email
HouseHold Expo. Осень 2026,8–10 сентября 2026,Белый кот/White cat,Белый кот/White cat,товары для уборки и хозтовары,Россия,Москва,,10D3-04,"Крокус Экспо, Павильон 2, залы 9-10-11",Хозтовары и уборка,"«Белый кот» — российская компания с более чем 25-летним опытом работы на рынке товаров для дома. Мы специализируемся на разработке и поставке продукции, которая помогает поддерживать чистоту и комфорт без использования агрессивной бытовой химии. Основу ассортимента составляют изделия из высококачественной микрофибры, швабры, салфетки, щетки, системы для уборки, грязезащитные коврики, товары для кухни, ванной комнаты и повседневного ухода за домом... «Белый кот» — российская компания с более чем 25-летним опытом работы на рынке товаров для дома. Мы специализируемся на разработке и поставке продукции, которая помогает поддерживать чистоту и комфорт без использования агрессивной бытовой химии. Основу ассортимента составляют изделия из высококачественной микрофибры, швабры, салфетки, щетки, системы для уборки, грязезащитные коврики, товары для кухни, ванной комнаты и повседневного ухода за домом. Продукция отличается высокой эффективностью, долговечностью и эргономичным дизайном, что делает ежедневную уборку проще, быстрее и экологичнее. Мы сотрудничаем с дилерами, маркетплейсами и корпоративными клиентами по всей России, предлагая выгодные условия партнерства, стабильные поставки и широкий ассортимент востребованных товаров. Многие изделия разработаны с применением современных материалов и технологий, что обеспечивает длительный срок службы и позволяет существенно сократить расход бытовой химии и одноразовых расходных материалов. Сегодня «Белый кот» — это узнаваемый бренд, которому доверяют тысячи покупателей. Наша миссия — делать повседневную жизнь людей комфортнее, предлагая качественные, практичные и экологичные решения для дома. Мы постоянно расширяем ассортимент, следим за мировыми тенденциями и предлагаем продукцию, отвечающую современным требованиям к качеству, безопасности и удобству использования.",,https://white-cat.ru/,info@white-cat.ru,+7-499-719-19-12,https://catalog.hhexpo.ru/companies/company/158556-belyj-kot.html,158556,keep,"Белый кот/White cat | Россия | 10D3-04 | «Белый кот» — российская компания с более чем 25-летним опытом работы на рынке товаров для дома. Мы специализируемся на разработке и поставке продукции, которая помогает поддерживать чистоту и комфорт без использования агрессивной бытовой химии. Основу ассортимента составляют изделия из высококачественной микрофибры, швабры, салфетки, щетки, системы для уборки, грязезащитные коврики, товары для кухни, ванной комнаты и повседневного ухода за домом | categories: Хозтовары и уборка",parsed,,2026-08-24T05:47:14Z,household-expo-autumn-2026-official-catalog-signo-v1.0.1,ok,ok,Russia row with qualifying HouseHold Expo product/category evidence; incidental service/logistics/marketing/design words were ignored.,new,,,,,info@white-cat.ru,white-cat.ru,official catalog detail,,catalog_email_present,,public email visible in official catalogue detail,info@white-cat.ru,public catalogue/contact email
HouseHold Expo. Осень 2026,8–10 сентября 2026,БЕРНЕР,Бернер,кухонные принадлежности,Россия,Москва,,11K4-01,"Крокус Экспо, Павильон 2, залы 9-10-11",Аксессуары и инструменты для кухни,"ООО «Бёрнер Ист» – официальное представительство германских заводов Börner и AxWild в России с 1991 года. С 1956 года немецкие инженеры завода «Börner» работают над улучшением дизайна, эргономики, качества и безопасности овощерезок, проектируют новые модели, скрупулёзно дорабатывают детали. Заводская гарантия на заточку запатентованных ножей-микросеррейторов – нарезка 3-х тонн овощей! «AxWild» – профессиональный подход к кулинарии! Посуда, которой отдают предпочтение именитые шеф-повара, рестораторы и миллионы домохозяек по всему миру. «Börner» и «AxWild»– идеальный выбор для современной кухни!",,,bornermos@gmail.com,+7 495 683-23-73,https://catalog.hhexpo.ru/companies/company/156474-berner.html,156474,keep,"БЕРНЕР | Россия | 11K4-01 | ООО «Бёрнер Ист» – официальное представительство германских заводов Börner и AxWild в России с 1991 года. С 1956 года немецкие инженеры завода «Börner» работают над улучшением дизайна, эргономики, качества и безопасности овощерезок, проектируют новые модели, скрупулёзно дорабатывают детали. Заводская гарантия на заточку запатентованных ножей-микросеррейторов – нарезка 3-х тонн овощей! «AxWild» – профессиональный подход к кулинарии! Посуда, которо | categories: Аксессуары и инструменты для кухни",parsed,,2026-08-24T05:47:14Z,household-expo-autumn-2026-official-catalog-signo-v1.0.1,ok,ok,Russia row with qualifying HouseHold Expo product/category evidence; incidental service/logistics/marketing/design words were ignored.,new,,,,,bornermos@gmail.com,,official catalog detail,,catalog_email_present,,public email visible in official catalogue detail,bornermos@gmail.com,public catalogue/contact email
HouseHold Expo. Осень 2026,8–10 сентября 2026,БОГЕМА,Богема,сервировочная посуда,Россия,Москва,,9B9-01,"Крокус Экспо, Павильон 2, залы 9-10-11",Посуда для сервировки,"ООО Богема – официальный представитель в России мировых брендов: REPAST, RCR, Bohemia Crystalite, Crystal Bohemia, Crystalex, Bernadotte, RONA, Neoflam, French Bull и другие, (37 брендов). Специализация: - Поставка основного ассортимента - Поставка промо-ассортимента - Проведение программ лояльности - Производство СТМ Наши партнеры в РФ: - Федеральные сети food и non-food. - Локальные сети. food и non-food. - Маркетплейсы - Сети АЗС. - TV Shop - Отдельно стоящие розничные магазины Преимущества: - Широта ассортимента. - Скорость сборки и доставки - Работа с рекламациями - Маркетинговая поддержка на каждом этапе продаж.",,,775-95-51viktoria@bojema.ru,775-95-51,https://catalog.hhexpo.ru/companies/company/156477-bogema.html,156477,keep,"БОГЕМА | Россия | 9B9-01 | ООО Богема – официальный представитель в России мировых брендов: REPAST, RCR, Bohemia Crystalite, Crystal Bohemia, Crystalex, Bernadotte, RONA, Neoflam, French Bull и другие, (37 брендов). Специализация: - Поставка основного ассортимента - Поставка промо-ассортимента - Проведение программ лояльности - Производство СТМ Наши партнеры в РФ: - Федеральные сети food и non-food. - Локальные сети. food и non-food. - Маркетплейсы - Сети АЗС. - TV Shop - | categories: Посуда для сервировки",parsed,,2026-08-24T05:47:14Z,household-expo-autumn-2026-official-catalog-signo-v1.0.1,ok,ok,Russia row with qualifying HouseHold Expo product/category evidence; incidental service/logistics/marketing/design words were ignored.,new,,,,,775-95-51viktoria@bojema.ru,bojema.ru,official catalog detail,,catalog_email_present,,public email visible in official catalogue detail,775-95-51viktoria@bojema.ru,public catalogue/contact email
HouseHold Expo. Осень 2026,8–10 сентября 2026,ВиолетПласт,ВиолетПласт,товары для дома из пластика,Россия,Москва,,10C1-02,"Крокус Экспо, Павильон 2, залы 9-10-11",,"Российская оптово-производственная компания «Виолет», на рынке товаров для дома более 10 лет и зарекомендовала себя как надежный и лояльный партнер. Динамично развивающаяся компания на рынке товаров из пластика и металла, для обустройства дома и офиса, которая тесно связана с бытом и комфортом многих людей. Широкий ассортимент продукции, выпускаемой под торговой маркой «violet» насчитывает более 500 товаров... Российская оптово-производственная компания «Виолет», на рынке товаров для дома более 10 лет и зарекомендовала себя как надежный и лояльный партнер. Динамично развивающаяся компания на рынке товаров из пластика и металла, для обустройства дома и офиса, которая тесно связана с бытом и комфортом многих людей. Широкий ассортимент продукции, выпускаемой под торговой маркой «violet» насчитывает более 500 товаров. География поставок охватывает всю территорию России от Калининграда до Владивостока и страны СНГ. Все товары изготавливаются из высококачественных экологически чистых материалов на современном оборудовании при строгом соответствии требованиям ГОСТ и СТР, предъявляемым к продукции бытового назначения. Начните сотрудничество с надёжным поставщиком Российских товаров народного потребления собственного производства.",,,violetplast@mail.ru,+7 (495) 777-44-55,https://catalog.hhexpo.ru/companies/company/156489-violetplast.html,156489,keep,"ВиолетПласт | Россия | 10C1-02 | Российская оптово-производственная компания «Виолет», на рынке товаров для дома более 10 лет и зарекомендовала себя как надежный и лояльный партнер. Динамично развивающаяся компания на рынке товаров из пластика и металла, для обустройства дома и офиса, которая тесно связана с бытом и комфортом многих людей. Широкий ассортимент продукции, выпускаемой под торговой маркой «violet» насчитывает более 500 товаров... Российская оптово-производственная к",parsed,,2026-08-24T05:47:14Z,household-expo-autumn-2026-official-catalog-signo-v1.0.1,ok,ok,Russia row with qualifying HouseHold Expo product/category evidence; incidental service/logistics/marketing/design words were ignored.,new,,,,,violetplast@mail.ru,,official catalog detail,,catalog_email_present,,public email visible in official catalogue detail,violetplast@mail.ru,public catalogue/contact email
HouseHold Expo. Осень 2026,8–10 сентября 2026,Виртус,Виртус,товары для уборки и хозтовары; системы хранения и органайзеры; декор и предметы интерьера; мебель для дома,Россия,Москва,,11N1-07,"Крокус Экспо, Павильон 2, залы 9-10-11",,"ООО «Виртус» — надежный оптовый партнер в мире премиальных товаров для дома и кухни ООО «Виртус» — это московская оптовая компания с многолетним опытом работы на российском рынке товаров для дома, кухни и сервировки стола. География присутствия и условия сотрудничества: Наш головной офис и складские комплексы расположены в Москве, что позволяет нам оперативно обрабатывать заказы и отгружать товары в кратчайшие сроки... ООО «Виртус» — надежный оптовый партнер в мире премиальных товаров для дома и кухни ООО «Виртус» — это московская оптовая компания с многолетним опытом работы на российском рынке товаров для дома, кухни и сервировки стола. География присутствия и условия сотрудничества: Наш головной офис и складские комплексы расположены в Москве, что позволяет нам оперативно обрабатывать заказы и отгружать товары в кратчайшие сроки. Мы успешно поставляем продукцию по всей территории Российской Федерации, а также в Республику Беларусь и Казахстан. Ключевое преимущество работы с нами — гибкость. В ООО «Виртус» оптовые продажи осуществляются **от любой суммы заказа**, независимо от того, являетесь ли вы крупной торговой сетью или небольшим бутиком. Мы ценим каждого клиента и предлагаем индивидуальный подход, персональные условия сотрудничества и полное сопровождение сделки на всех этапах. Мы предлагаем партнерам ассортимент товаров, закупленных напрямую у ведущих европейских производителей. Однако нашей главной гордостью являются два собственных бренда , которые мы создали и развиваем с нуля: - **Vero** — бренд эксклюзивных предметов декора для стола из натуральной кожи. В линейку входят изысканные плейсматы (салфетки для сервировки), салфетницы, подставки под горячее, вазы и другие аксессуары. Каждое изделие изготавливается из высококачественной прессованной кожи с благородной фактурой. Продукция Vero - ваша возможность получить редкий необычный товар для своего магазина. - **Virtus** — бренд умных и надежных помощников для кухни. Под этой маркой мы выпускаем электроточилки для ножей (бытовые и профессиональные), а также широкий спектр кухонных аксессуаров: диски-переходники для индукционных плит с антипригарным покрытием, многослойные разделочные доски различных размеров, а также мелкие аксессуары. Продукция Virtus создана для тех, кто ценит функциональность, безопасность и долговечность. В нашем каталоге каждый партнер найдет товары под любой запрос: от практичных контейнеров для офисных столовых и функциональных точилок для профессиональных поваров до ваз для цветов и кожаных плейсматов, задающих тон всей сервировке. Мы постоянно расширяем линейки, следуя мировым трендам в области дизайна интерьера и кухонного оснащения, чтобы наши клиенты всегда были на шаг впереди конкурентов. **Почему выбирают ООО «Виртус»** Работая с нами, вы получаете проверенного поставщика с безупречной репутацией в течение 20 лет, понятными условиями и реальным сервисом. Мы гарантируем стабильность поставок, прозрачную отчетность и полное соответствие продукции заявленным характеристикам. ООО «Виртус» — это мост между европейским качеством и российским рынком, созданный для того, чтобы ваш бизнес процветал, а дома ваших клиентов наполнялись красотой, комфортом и уютом. Присоединяйтесь к сообществу партнеров ООО «Виртус» — и убедитесь, что опт может быть не только выгодным, но и вдохновляющим!",,http://1CHEF.RU,info@1chef.ru,+7 (906) 700-05-06,https://catalog.hhexpo.ru/companies/company/160425-virtus.html,160425,keep,"Виртус | Россия | 11N1-07 | ООО «Виртус» — надежный оптовый партнер в мире премиальных товаров для дома и кухни ООО «Виртус» — это московская оптовая компания с многолетним опытом работы на российском рынке товаров для дома, кухни и сервировки стола. География присутствия и условия сотрудничества: Наш головной офис и складские комплексы расположены в Москве, что позволяет нам оперативно обрабатывать заказы и отгружать товары в кратчайшие сроки... ООО «Виртус» — надежный опт",parsed,,2026-08-24T05:47:14Z,household-expo-autumn-2026-official-catalog-signo-v1.0.1,ok,ok,Russia row with qualifying HouseHold Expo product/category evidence; incidental service/logistics/marketing/design words were ignored.,new,,,,,info@1chef.ru,1chef.ru,official catalog detail,,catalog_email_present,,public email visible in official catalogue detail,info@1chef.ru,public catalogue/contact email
HouseHold Expo. Осень 2026,8–10 сентября 2026,ИП ВОРОНИНА И.Е.,Воронина И.Е.,декор и предметы интерьера,Россия,Москва,,9B14-01,"Крокус Экспо, Павильон 2, залы 9-10-11","Декор, оформление и предметы интерьера","Студия Ирины Ворониной – это пространство, где искусство обретает форму, цвет и душу. Мы приглашаем вас в удивительное путешествие по миру красоты, где каждое произведение рождается из вдохновения, мастерства и любви к деталям. Наша студия с многолетней историей собрала уникальные работы в редчайших техниках исполнения. Здесь вы найдёте: Литопись – картины на натуральном камне, где текстура минерала становится частью сюжета; Перламутровые картины и украшения – сияющие, переливающиеся всеми оттенками радуги, созданные из морских раковин; Витражную роспись по стеклу – изысканные панно и шахматные коллекции, играющие светом; Классическую живопись – масло, акрил, акварель – для ценителей традиций; Лаковую миниатюру – шкатулки и панно, продолжающие традиции русских промыслов; Картины в технике ЖИКЛЕ Urban-фреска – современная цифровая печать на холсте с фактурой, передающей мазки художника... Студия Ирины Ворониной – это пространство, где искусство обретает форму, цвет и душу. Мы приглашаем вас в удивительное путешествие по миру красоты, где каждое произведение рождается из вдохновения, мастерства и любви к деталям. Наша студия с многолетней историей собрала уникальные работы в редчайших техниках исполнения. Здесь вы найдёте: Литопись – картины на натуральном камне, где текстура минерала становится частью сюжета; Перламутровые картины и украшения – сияющие, переливающиеся всеми оттенками радуги, созданные из морских раковин; Витражную роспись по стеклу – изысканные панно и шахматные коллекции, играющие светом; Классическую живопись – масло, акрил, акварель – для ценителей традиций; Лаковую миниатюру – шкатулки и панно, продолжающие традиции русских промыслов; Картины в технике ЖИКЛЕ Urban-фреска – современная цифровая печать на холсте с фактурой, передающей мазки художника. Мы верим, что искусство должно быть доступным и вдохновляющим. Поэтому наша коллекция – это не просто предметы интерьера, это истории, которые вы можете подарить себе и близким. Каждая работа создаётся с трепетом и вниманием к мельчайшим нюансам. О нас в цифрах: 25 лет опыта – за плечами целая эпоха творческих поисков и открытий. Более 25 000 довольных клиентов доверили нам свои мечты. Более 25 000 выполненных заказов – каждое решение, каждая задача решены с душой. Более 7 000 товаров в наличии – от миниатюрных шкатулок до крупных интерьерных панно. Почему выбирают нас? Эстетика и качество – все произведения проходят строгий отбор, сочетают гармонию формы и содержания. Профессиональное изготовление – собственное производство и современное оборудование гарантируют, что каждая картина, шкатулка или украшение олицетворяют совершенство. Творческое сообщество – присоединяйтесь к нам, и ваша коллекция пополнится уникальными экземплярами, которые станут предметом гордости. Удобство и доступность – мы предлагаем гибкий график работы, подарочные сертификаты, доставку по всей России, а также консультации по подбору идеального подарка или интерьерного решения. Откройте дверь в мир исключительного – в мир, где традиции встречаются с современностью, а каждый предмет наполнен смыслом. Студия Ирины Ворониной ждёт вас, чтобы вместе создать красоту, которая останется с вами на долгие годы.",,https://designarts.ru/,s.i.voronina.art@mail.ru,+79062411112,https://catalog.hhexpo.ru/companies/company/160659-ip-voronina-i-e.html,160659,keep,"ИП ВОРОНИНА И.Е. | Россия | 9B14-01 | Студия Ирины Ворониной – это пространство, где искусство обретает форму, цвет и душу. Мы приглашаем вас в удивительное путешествие по миру красоты, где каждое произведение рождается из вдохновения, мастерства и любви к деталям. Наша студия с многолетней историей собрала уникальные работы в редчайших техниках исполнения. Здесь вы найдёте: Литопись – картины на натуральном камне, где текстура минерала становится частью сюжета; Перламутровые картины | categories: Декор, оформление и предметы интерьера",parsed,,2026-08-24T05:47:17Z,household-expo-autumn-2026-official-catalog-signo-v1.0.1,ok,ok,Russia row with qualifying HouseHold Expo product/category evidence; incidental service/logistics/marketing/design words were ignored.,new,,,,,s.i.voronina.art@mail.ru,designarts.ru,official catalog detail,,catalog_email_present,,public email visible in official catalogue detail,s.i.voronina.art@mail.ru,public catalogue/contact email
HouseHold Expo. Осень 2026,8–10 сентября 2026,ГУБА,ГУБА,системы хранения и органайзеры,Россия,Москва,,10D2-04,"Крокус Экспо, Павильон 2, залы 9-10-11","Системы хранения, органайзеры","Мы – современное производственное предприятие, специализирующееся на выпуске качественных и доступных пластиковых изделий. С 2000 года наше производство успешно работает в Ивановской области, внося вклад в развитие региона и обеспечивая потребителей надежной продукцией. Миссия Губы - Dekoev – предлагать качественные товары, которые делают каждый дом, сад и торговые точки более организованным, практичным и красивым. Наша философия дизайна и качества – экономия пространства, функциональность, долговечность, современность, безопасность.",,,79263200550@ya.ru,79263200550,https://catalog.hhexpo.ru/companies/company/156507-guba.html,156507,keep,"ГУБА | Россия | 10D2-04 | Мы – современное производственное предприятие, специализирующееся на выпуске качественных и доступных пластиковых изделий. С 2000 года наше производство успешно работает в Ивановской области, внося вклад в развитие региона и обеспечивая потребителей надежной продукцией. Миссия Губы - Dekoev – предлагать качественные товары, которые делают каждый дом, сад и торговые точки более организованным, практичным и красивым. Наша философия дизайна и качест | categories: Системы хранения, органайзеры",parsed,,2026-08-24T05:47:16Z,household-expo-autumn-2026-official-catalog-signo-v1.0.1,ok,ok,Russia row with qualifying HouseHold Expo product/category evidence; incidental service/logistics/marketing/design words were ignored.,new,,,,,79263200550@ya.ru,,official catalog detail,,catalog_email_present,,public email visible in official catalogue detail,79263200550@ya.ru,public catalogue/contact email
HouseHold Expo. Осень 2026,8–10 сентября 2026,ГАММА-ПЛАСТ,Гамма-Пласт,товары для уборки и хозтовары,Россия,Москва,,10D1-03,"Крокус Экспо, Павильон 2, залы 9-10-11",Хозтовары и уборка,Компания «ГАММА-ПЛАСТ» - лидер в разработке и производстве полимерных композиционных материалов на основе поликарбонатов других полимеров в России. Компания «ГАММА-ПЛАСТ» уже более 10 лет занимает ключевое положение на рынке производства полимерного сырья и разработки композиционных и полимерных материалов в России. Все эти годы мы стойко держим марку качества производимой нами продукции.,,,info@gamma-plast.ru,+7 (495) 348-22-91; +7 (495)348-22-81,https://catalog.hhexpo.ru/companies/company/156495-gamma-plast.html,156495,keep,ГАММА-ПЛАСТ | Россия | 10D1-03 | Компания «ГАММА-ПЛАСТ» - лидер в разработке и производстве полимерных композиционных материалов на основе поликарбонатов других полимеров в России. Компания «ГАММА-ПЛАСТ» уже более 10 лет занимает ключевое положение на рынке производства полимерного сырья и разработки композиционных и полимерных материалов в России. Все эти годы мы стойко держим марку качества производимой нами продукции. | categories: Хозтовары и уборка,parsed,,2026-08-24T05:47:14Z,household-expo-autumn-2026-official-catalog-signo-v1.0.1,ok,ok,Russia row with qualifying HouseHold Expo product/category evidence; incidental service/logistics/marketing/design words were ignored.,repeat,exact normalized email matched current Twenty repeat index,info@gamma-plast.ru,,Гамма Пласт,info@gamma-plast.ru,gamma-plast.ru,official catalog detail,,catalog_email_present,,public email visible in official catalogue detail,info@gamma-plast.ru,public catalogue/contact email
HouseHold Expo. Осень 2026,8–10 сентября 2026,ГАРАНТ,Гарант,посуда для приготовления; кухонные принадлежности,Россия,Москва,,11F3-02,"Крокус Экспо, Павильон 2, залы 9-10-11",Посуда для приготовления; Аксессуары и инструменты для кухни,"Производство и оптовая продажа посуды из литого алюминия, нержавеющей стали, эмалированной посуды.",,,semen-69@mail.ru,+7 (495) 228-64-86,https://catalog.hhexpo.ru/companies/company/156498-garant.html,156498,keep,"ГАРАНТ | Россия | 11F3-02 | Производство и оптовая продажа посуды из литого алюминия, нержавеющей стали, эмалированной посуды. | categories: Посуда для приготовления; Аксессуары и инструменты для кухни",parsed,,2026-08-24T05:47:14Z,household-expo-autumn-2026-official-catalog-signo-v1.0.1,ok,ok,Russia row with qualifying HouseHold Expo product/category evidence; incidental service/logistics/marketing/design words were ignored.,new,,,,,semen-69@mail.ru,,official catalog detail,,catalog_email_present,,public email visible in official catalogue detail,semen-69@mail.ru,public catalogue/contact email
HouseHold Expo. Осень 2026,8–10 сентября 2026,ГВУРА (ТМ JARKO),Гвура (Тм Jarko),посуда для приготовления,Россия,Москва,,11K3-01,"Крокус Экспо, Павильон 2, залы 9-10-11",Посуда для приготовления,Российское производство стеклянной крышки и посуды с антипригарным покрытием под брендом JARKO. Ежегодный объем выпуска в год более 12 млн штук стеклянной крышки и 5 млн штук посуды.,,https://gvura.ru/main,info@gvura.ru,+7 (3439) 393-515,https://catalog.hhexpo.ru/companies/company/156501-gvura.html,156501,keep,ГВУРА (ТМ JARKO) | Россия | 11K3-01 | Российское производство стеклянной крышки и посуды с антипригарным покрытием под брендом JARKO. Ежегодный объем выпуска в год более 12 млн штук стеклянной крышки и 5 млн штук посуды. | categories: Посуда для приготовления,parsed,,2026-08-24T05:47:14Z,household-expo-autumn-2026-official-catalog-signo-v1.0.1,ok,ok,Russia row with qualifying HouseHold Expo product/category evidence; incidental service/logistics/marketing/design words were ignored.,new,,,,,info@gvura.ru,gvura.ru,official catalog detail,,catalog_email_present,,public email visible in official catalogue detail,info@gvura.ru,public catalogue/contact email
HouseHold Expo. Осень 2026,8–10 сентября 2026,Гласар,Гласар,декор и предметы интерьера; мебель для дома; товары для дачи и благоустройства,Россия,Москва,,9C10-02,"Крокус Экспо, Павильон 2, залы 9-10-11","Декор, оформление и предметы интерьера; Мебель; Дача и благоустройство","Компания «Гласар» была зарегистрирована 22 февраля 1993 года. Основным направлением деятельности компании был импорт столовой посуды французской компании ARC International, выпускавшейся под брендами Luminarc, Arcoroc, Cristal d'Arques. Одновременно с этим компания занималась оптовыми поставками различных товаров народного потребления в розничные сети Москвы, а так же имела договора с клиентами по всей территории РФ... Компания «Гласар» была зарегистрирована 22 февраля 1993 года. Основным направлением деятельности компании был импорт столовой посуды французской компании ARC International, выпускавшейся под брендами Luminarc, Arcoroc, Cristal d'Arques. Одновременно с этим компания занималась оптовыми поставками различных товаров народного потребления в розничные сети Москвы, а так же имела договора с клиентами по всей территории РФ. В 1997 году компания начала сотрудничать с поставщиками из КНР. Было заключено соглашение об эксклюзивном представительстве бренда «Фарфор с бронзой 1895» на территории РФ. Развивались различные направления импорта из стран Азии. 2004 год стал отправной датой развития собственной розничной сети. Магазины под брендом Glasar открывались во всех крупных городах России. Все больше и больше покупателей из различных городов нашей страны могли прикоснуться к роскоши и изысканному стилю, представленному в широком ассортименте собственных магазинов компании. В 2008 наша компания становится официальным дистрибьютором торговой марки PYREX, предлагающей товары для кухни из стекла и металла, за счет чего расширяет и упрочняет свое присутствие на рынке товаров для дома. К 2015 году закрывается последний региональный магазин бренда Glasar. Причиной этому послужил валютный кризис 2014 года, сильно повлиявший на розничную стоимость импортных товаров. Очередной вехой для компании стал 2018 год, когда был заключен первый договор с крупным маркетплейсом товаров для дома. С этого момента вектор развития торговли стал все больше направляться в сторону общемирового тренда онлайн торговли. Наша компания постоянно развивается в направлениях улучшения потребительского сервиса и расширения ассортимента. Наш каталог насчитывает несколько тысяч наименований предметов для оформления вашего дома, офиса, ресторана, отеля или любого другого пространства, где требуется шик и роскошь за разумные деньги. Мы оптимистично смотрим в будущее и готовы следовать трендам и отвечать вызовам нового времени, выстраивая свою модель работы на принципах честности и открытости. Приглашаем и вас стать одними из клиентов нашей компании.",,https://glasar.com,anna@glasar.com,+79856176724,https://catalog.hhexpo.ru/companies/company/156504-glasar.html,156504,keep,"Гласар | Россия | 9C10-02 | Компания «Гласар» была зарегистрирована 22 февраля 1993 года. Основным направлением деятельности компании был импорт столовой посуды французской компании ARC International, выпускавшейся под брендами Luminarc, Arcoroc, Cristal d'Arques. Одновременно с этим компания занималась оптовыми поставками различных товаров народного потребления в розничные сети Москвы, а так же имела договора с клиентами по всей территории РФ... Компания «Гласар» была заре | categories: Декор, оформление и предметы интерьера; Мебель; Дача и благоустройство",parsed,,2026-08-24T05:47:14Z,household-expo-autumn-2026-official-catalog-signo-v1.0.1,ok,ok,Russia row with qualifying HouseHold Expo product/category evidence; incidental service/logistics/marketing/design words were ignored.,new,,,,,anna@glasar.com,glasar.com,official catalog detail,,catalog_email_present,,public email visible in official catalogue detail,anna@glasar.com,public catalogue/contact email
HouseHold Expo. Осень 2026,8–10 сентября 2026,ГУТАЕВ,Гутаев,посуда для приготовления,Россия,Москва,,11A3-03,"Крокус Экспо, Павильон 2, залы 9-10-11",Посуда для приготовления,Компания Чинар является одним из крупных Российских производителей кухонной утвари из натурального дерева (БУК ) На Российском рынке мы уже более 20-ти лет. За это время зарекомендовали себя как надежный и добросовестный поставщик.,,,chinar-buk@mail.ru,8 928 715 49 00,https://catalog.hhexpo.ru/companies/company/156510-gutaev.html,156510,keep,ГУТАЕВ | Россия | 11A3-03 | Компания Чинар является одним из крупных Российских производителей кухонной утвари из натурального дерева (БУК ) На Российском рынке мы уже более 20-ти лет. За это время зарекомендовали себя как надежный и добросовестный поставщик. | categories: Посуда для приготовления,parsed,,2026-08-24T05:47:16Z,household-expo-autumn-2026-official-catalog-signo-v1.0.1,ok,ok,Russia row with qualifying HouseHold Expo product/category evidence; incidental service/logistics/marketing/design words were ignored.,repeat,exact normalized email matched current Twenty repeat index,chinar-buk@mail.ru,,Чинар,chinar-buk@mail.ru,,official catalog detail,,catalog_email_present,,public email visible in official catalogue detail,chinar-buk@mail.ru,public catalogue/contact email
HouseHold Expo. Осень 2026,8–10 сентября 2026,ДАЛИ-ЮГ,Дали-Юг,товары для уборки и хозтовары,Россия,Москва,,10C1-01,"Крокус Экспо, Павильон 2, залы 9-10-11",,"«Дали-Юг» - надежный поставщик и производитель хозяйственных товаров народного потребления в категории household. • 20 лет присутствия на рынке • Собственное производство в г.Ростове-на-Дону • 200+ SKU товаров (губки и спирали для мытья посуды, прищепки бельевые, щетки хозяйственные, мочалки для тела, др.) • Автопарк и распределительный центр • Выгодное ценообразование с гибкой системой cкидок • Возможность производить продукцию под собственной маркой клиента. Продукция поставляется во все регионы России и страны СНГ.",,http://www.daliug.ru,info@daliug.ru,,https://catalog.hhexpo.ru/companies/company/158787-dali-yug.html,158787,keep,"ДАЛИ-ЮГ | Россия | 10C1-01 | «Дали-Юг» - надежный поставщик и производитель хозяйственных товаров народного потребления в категории household. • 20 лет присутствия на рынке • Собственное производство в г.Ростове-на-Дону • 200+ SKU товаров (губки и спирали для мытья посуды, прищепки бельевые, щетки хозяйственные, мочалки для тела, др.) • Автопарк и распределительный центр • Выгодное ценообразование с гибкой системой cкидок • Возможность производить продукцию под собственной м",parsed,,2026-08-24T05:47:16Z,household-expo-autumn-2026-official-catalog-signo-v1.0.1,ok,ok,Russia row with qualifying HouseHold Expo product/category evidence; incidental service/logistics/marketing/design words were ignored.,repeat,exact normalized email matched current Twenty repeat index,info@daliug.ru,,Дали-Юг,info@daliug.ru,daliug.ru,official catalog detail,,catalog_email_present,,public email visible in official catalogue detail,info@daliug.ru,public catalogue/contact email
HouseHold Expo. Осень 2026,8–10 сентября 2026,ДЕКОРСТАЙЛ,Декорстайл,сервировочная посуда,Россия,Москва,,9B8-01,"Крокус Экспо, Павильон 2, залы 9-10-11",Посуда для сервировки,"Компания «ДекорСтайлГласс» – мастерство и инновации в каждом изделии. Мы создаём изящную стеклянную посуду с яркими, живыми узорами, сочетающими традиции и современный дизайн. Наши коллекции украшают дома и бренды по всей России и СНГ. Ежемесячно мы выпускаем до 2,5 миллионов изделий, гарантируя высокое качество, доступные цены и уникальный стиль – идеальный выбор для тех, кто ценит красоту и надёжность.",,,dsgexport@yandex.ru; decorstyleglass@yandex.ru; dsgexport@yandex.ru; decorstyleglass@yandex.ru,49241) 3-57-57 3-01-10; 7-961-255-48-76,https://catalog.hhexpo.ru/companies/company/156513-dekorstajl.html,156513,keep,"ДЕКОРСТАЙЛ | Россия | 9B8-01 | Компания «ДекорСтайлГласс» – мастерство и инновации в каждом изделии. Мы создаём изящную стеклянную посуду с яркими, живыми узорами, сочетающими традиции и современный дизайн. Наши коллекции украшают дома и бренды по всей России и СНГ. Ежемесячно мы выпускаем до 2,5 миллионов изделий, гарантируя высокое качество, доступные цены и уникальный стиль – идеальный выбор для тех, кто ценит красоту и надёжность. | categories: Посуда для сервировки",parsed,,2026-08-24T05:47:16Z,household-expo-autumn-2026-official-catalog-signo-v1.0.1,ok,ok,Russia row with qualifying HouseHold Expo product/category evidence; incidental service/logistics/marketing/design words were ignored.,repeat,exact normalized email matched current Twenty repeat index,decorstyleglass@yandex.ru,,ДекорСтайлГласс,dsgexport@yandex.ru; decorstyleglass@yandex.ru,,official catalog detail,,catalog_email_present,,public email visible in official catalogue detail,dsgexport@yandex.ru,public catalogue/contact email
HouseHold Expo. Осень 2026,8–10 сентября 2026,Добрыня,Добрыня,посуда для приготовления; кухонные принадлежности; бытовая техника и электроника,Россия,Москва,,11K1-04,"Крокус Экспо, Павильон 2, залы 9-10-11",Посуда для приготовления; Аксессуары и инструменты для кухни; Бытовая техника и электроника,"Мы ежедневно объединяем наши усилия и делаем бытовую технику «Добрыня» доступной по все России! Превращая обыденность в комфорт и выстраивая взаимовыгодные отношения, основанные на честности и индивидуальном подходе. В 2005 году Основание компании ООО «ТТК»---> в 2010 Создание торговой марки «Добрыня»---->в 2010 первое участие в выставке--->в 2015 Открытие офиса продаж в Москве--->в 2015 Запуск интернет-магазина--->в 2020 Создание торговой марки «Vivien» Наша продукция представлена в четырех брендах Добрыня, ЕС, Vivien и Himmel Наша компания имеет 2 основные линейки продукции... Мы ежедневно объединяем наши усилия и делаем бытовую технику «Добрыня» доступной по все России! Превращая обыденность в комфорт и выстраивая взаимовыгодные отношения, основанные на честности и индивидуальном подходе. В 2005 году Основание компании ООО «ТТК»---> в 2010 Создание торговой марки «Добрыня»---->в 2010 первое участие в выставке--->в 2015 Открытие офиса продаж в Москве--->в 2015 Запуск интернет-магазина--->в 2020 Создание торговой марки «Vivien» Наша продукция представлена в четырех брендах Добрыня, ЕС, Vivien и Himmel Наша компания имеет 2 основные линейки продукции. Современный стиль: техника в современном стиле, имеет лаконичный дизайн, обычно с использованием металла и стекла, что делает данную технику универсальной для любого интерьера Традиционный стиль: отличительной особенностью дизайна продукции нашей ТМ является художественная роспись, выполненная в русском стиле 17-19 веков Ассортимент нашей продукции разнообразный: Столовые приборы Красота и здоровье Тепловое оборудование Обработка продуктов Посуда для приготовление пищи Приготовление горячих напитков Посуда и кухонные принадлежности Уход за одеждой Будем рады дальнейшему сотрудничеству",,https://добрыня.su/,daniil-dobryna@mail.ru,8 (383) 210-66-79; 262-08-60; 262-08-70; +7 913 705 69 60,https://catalog.hhexpo.ru/companies/company/156516-dobrynya.html,156516,keep,"Добрыня | Россия | 11K1-04 | Мы ежедневно объединяем наши усилия и делаем бытовую технику «Добрыня» доступной по все России! Превращая обыденность в комфорт и выстраивая взаимовыгодные отношения, основанные на честности и индивидуальном подходе. В 2005 году Основание компании ООО «ТТК»---> в 2010 Создание торговой марки «Добрыня»---->в 2010 первое участие в выставке--->в 2015 Открытие офиса продаж в Москве--->в 2015 Запуск интернет-магазина--->в 2020 Создание торговой марки | categories: Посуда для приготовления; Аксессуары и инструменты для кухни; Бытовая техника и электроника",parsed,,2026-08-24T05:47:16Z,household-expo-autumn-2026-official-catalog-signo-v1.0.1,ok,ok,Russia row with qualifying HouseHold Expo product/category evidence; incidental service/logistics/marketing/design words were ignored.,new,,,,,daniil-dobryna@mail.ru,добрыня.su,official catalog detail,,catalog_email_present,,public email visible in official catalogue detail,daniil-dobryna@mail.ru,public catalogue/contact email
HouseHold Expo. Осень 2026,8–10 сентября 2026,ДУЛЕВСКИЙ ФАРФОР,Дулевский Фарфор,посуда,Россия,Москва,,9A4-03,"Крокус Экспо, Павильон 2, залы 9-10-11",,,,,info@hhexpo.ru,+7 (495) 363-50-32,https://catalog.hhexpo.ru/companies/company/156519-dulevskij-farfor.html,156519,keep,ДУЛЕВСКИЙ ФАРФОР | Россия | 9A4-03,parsed,,2026-08-24T05:47:16Z,household-expo-autumn-2026-official-catalog-signo-v1.0.1,ok,ok,Russia row with qualifying HouseHold Expo product/category evidence.,new,,,,,info@hhexpo.ru,hhexpo.ru,official catalog detail,,catalog_email_present,,public email visible in official catalogue detail,info@hhexpo.ru,public catalogue/contact email
HouseHold Expo. Осень 2026,8–10 сентября 2026,ДУНЬЯ ДОГУШ,Дунья Догуш,кухонные принадлежности; товары для уборки и хозтовары,Россия,Москва,,10B3-01,"Крокус Экспо, Павильон 2, залы 9-10-11",Аксессуары и инструменты для кухни; Хозтовары и уборка,"Компания ООО «Дунья Догуш пластик», осуществляет свою деятельность на российском рынке с 2009г. Находимся в г. Аксай Ростовской области, занимая производственную площадь 11500 кв.м. Мы являемся производителями изделий из пластика под торговой маркой «DDSTYLE» и рады предложить вам широкий ассортимент выпускаемой нами продукции.",,http://www.ddstyle.ru,info@ddstyle.ru,89185687522,https://catalog.hhexpo.ru/companies/company/156522-dunya-dogush.html,156522,keep,"ДУНЬЯ ДОГУШ | Россия | 10B3-01 | Компания ООО «Дунья Догуш пластик», осуществляет свою деятельность на российском рынке с 2009г. Находимся в г. Аксай Ростовской области, занимая производственную площадь 11500 кв.м. Мы являемся производителями изделий из пластика под торговой маркой «DDSTYLE» и рады предложить вам широкий ассортимент выпускаемой нами продукции. | categories: Аксессуары и инструменты для кухни; Хозтовары и уборка",parsed,,2026-08-24T05:47:16Z,household-expo-autumn-2026-official-catalog-signo-v1.0.1,ok,ok,Russia row with qualifying HouseHold Expo product/category evidence; incidental service/logistics/marketing/design words were ignored.,repeat,company-owned domain matched current Twenty repeat index,,ddstyle.ru,Дунья Догуш пластик,info@ddstyle.ru,ddstyle.ru,official catalog detail,,catalog_email_present,,public email visible in official catalogue detail,info@ddstyle.ru,public catalogue/contact email
HouseHold Expo. Осень 2026,8–10 сентября 2026,ЕВРОКОМФОРТ,Еврокомфорт,товары для дома из пластика,Россия,Москва,,10B3-02,"Крокус Экспо, Павильон 2, залы 9-10-11",,"О нас Как компания ЕВРОКОМФОРТ, мы производим пластиковые товары для дома под торговой маркой ОКЕАН. С помощью наших практичных, долговечных изделий, облегчающих жизнь, мы стремимся обеспечить комфорт и гигиену в каждом уголке дома.",,http://www.evroplastic.ru,info@evroplastic.ru,+7 995-780-34-49,https://catalog.hhexpo.ru/companies/company/156528-evrokomfort.html,156528,keep,"ЕВРОКОМФОРТ | Россия | 10B3-02 | О нас Как компания ЕВРОКОМФОРТ, мы производим пластиковые товары для дома под торговой маркой ОКЕАН. С помощью наших практичных, долговечных изделий, облегчающих жизнь, мы стремимся обеспечить комфорт и гигиену в каждом уголке дома.",parsed,,2026-08-24T05:47:16Z,household-expo-autumn-2026-official-catalog-signo-v1.0.1,ok,ok,Russia row with qualifying HouseHold Expo product/category evidence; incidental service/logistics/marketing/design words were ignored.,new,,,,,info@evroplastic.ru,evroplastic.ru,official catalog detail,,catalog_email_present,,public email visible in official catalogue detail,info@evroplastic.ru,public catalogue/contact email
HouseHold Expo. Осень 2026,8–10 сентября 2026,ЙОРК,ЙОРК,товары для уборки и хозтовары,Россия,Москва,,10B3-03,"Крокус Экспо, Павильон 2, залы 9-10-11",Хозтовары и уборка,"Компания АЗУР - один из крупнейших производителей товаров для поддержания чистоты в доме. Мы предлагаем выгодные условия сотрудничества, высокое качество продукции и широкий ассортимент (более 600 артикулов) в различных категориях: товары из пластика (ведра, совки, щетки, швабры, наборы и т.д.), мягкую серию (губки, салфетки), упаковку (фольга, пленка, пакеты, бумага), а также многие другие аксессуары для уборки, ухода за одеждой и автомобилем.",,https://www.yorkru.ru/,york@yorkru.ru,+7 (495) 128-94-00,https://catalog.hhexpo.ru/companies/company/156537-jork.html,156537,keep,"ЙОРК | Россия | 10B3-03 | Компания АЗУР - один из крупнейших производителей товаров для поддержания чистоты в доме. Мы предлагаем выгодные условия сотрудничества, высокое качество продукции и широкий ассортимент (более 600 артикулов) в различных категориях: товары из пластика (ведра, совки, щетки, швабры, наборы и т.д.), мягкую серию (губки, салфетки), упаковку (фольга, пленка, пакеты, бумага), а также многие другие аксессуары для уборки, ухода за одеждой и автомобилем. | categories: Хозтовары и уборка",parsed,,2026-08-24T05:47:17Z,household-expo-autumn-2026-official-catalog-signo-v1.0.1,ok,ok,Russia row with qualifying HouseHold Expo product/category evidence; incidental service/logistics/marketing/design words were ignored.,new,,,,,york@yorkru.ru,yorkru.ru,official catalog detail,,catalog_email_present,,public email visible in official catalogue detail,york@yorkru.ru,public catalogue/contact email
HouseHold Expo. Осень 2026,8–10 сентября 2026,КЕЛЛИ,КЕЛЛИ,посуда для приготовления; сервировочная посуда; бытовая техника и электроника,Россия,Москва,,11C3-01,"Крокус Экспо, Павильон 2, залы 9-10-11",Посуда для приготовления; Посуда для сервировки; Бытовая техника и электроника,"Компания ООО ""ФОРТУНА"" занимается оптовыми продажами посуды и мелкой бытовой техники по всей России. На рынке продаж известна под брендом: KELLI. За короткий период компания смогла завоевать высокую репутацию среди партнеров. Главным преимуществом работы с нашей компанией является гибкая ценовая политика, индивидуальный подход к каждому клиенту и то, что мы специализируемся на продаже эксклюзивной продукции.",,,serob@kelli-group.com,84952584098,https://catalog.hhexpo.ru/companies/company/156543-kelli.html,156543,keep,"КЕЛЛИ | Россия | 11C3-01 | Компания ООО ""ФОРТУНА"" занимается оптовыми продажами посуды и мелкой бытовой техники по всей России. На рынке продаж известна под брендом: KELLI. За короткий период компания смогла завоевать высокую репутацию среди партнеров. Главным преимуществом работы с нашей компанией является гибкая ценовая политика, индивидуальный подход к каждому клиенту и то, что мы специализируемся на продаже эксклюзивной продукции. | categories: Посуда для приготовления; Посуда для сервировки; Бытовая техника и электроника",parsed,,2026-08-24T05:47:17Z,household-expo-autumn-2026-official-catalog-signo-v1.0.1,ok,ok,Russia row with qualifying HouseHold Expo product/category evidence; incidental service/logistics/marketing/design words were ignored.,new,,,,,serob@kelli-group.com,kelli-group.com,official catalog detail,,catalog_email_present,,public email visible in official catalogue detail,serob@kelli-group.com,public catalogue/contact email
HouseHold Expo. Осень 2026,8–10 сентября 2026,Камская посуда,Камская посуда,посуда,Россия,Москва,,11K2-06,"Крокус Экспо, Павильон 2, залы 9-10-11",,"ООО «Камская посуда» изготавливает чугунную посуду по традиционной технологии литья в кокиль. Общепризнанно, что она является лучшей для приготовления пищи, так как аккумулирует и выделяет тепло на протяжении длительного периода времени. Экологически чистая, естественная среда позволяет приготовить максимально насыщенные и вкусные блюда. Чугун считается материалом безопасным по отношению к организму человека... ООО «Камская посуда» изготавливает чугунную посуду по традиционной технологии литья в кокиль. Общепризнанно, что она является лучшей для приготовления пищи, так как аккумулирует и выделяет тепло на протяжении длительного периода времени. Экологически чистая, естественная среда позволяет приготовить максимально насыщенные и вкусные блюда. Чугун считается материалом безопасным по отношению к организму человека. Чугунная посуда долговечна, не боится перегрева, не подвержена деформации. Продукция предприятия заслуженно пользуется спросом у потребителей, так как отличается высоким качеством, что подтверждается декларациями о соответствии требованиям ГОСТ 32309-2019, ГОСТ Р 52116-2022. Наша компания располагает современным парком станочного оборудования, обновлены и модернизированы производственные мощности литейного производства, автоматизированы основные производственные процессы. Химический состав металла контролируется собственной спектрографической лабораторией. На предприятии установлен 100% входной и выходной контроль, что обеспечивает стабильно высокое качество товаров. С увеличением ассортимента продукции расширяются и производственные мощности, которые являются предметом особой гордости компании. Площадь предприятия составляет 10000м2, на которых разместились следующие участки: модельный, инструментальный, механический, участок чугунного литья, участок алюминиевого литья, пескоструйная и дробеструйная обработка, участок воронения, складской комплекс, лаборатория.",,http://www.kamposuda.ru,kamposuda@mail.ru,+79872758999,https://catalog.hhexpo.ru/companies/company/160251-kamskaya-posuda.html,160251,keep,"Камская посуда | Россия | 11K2-06 | ООО «Камская посуда» изготавливает чугунную посуду по традиционной технологии литья в кокиль. Общепризнанно, что она является лучшей для приготовления пищи, так как аккумулирует и выделяет тепло на протяжении длительного периода времени. Экологически чистая, естественная среда позволяет приготовить максимально насыщенные и вкусные блюда. Чугун считается материалом безопасным по отношению к организму человека... ООО «Камская посуда» изготавливает",parsed,,2026-08-24T05:47:17Z,household-expo-autumn-2026-official-catalog-signo-v1.0.1,ok,ok,Russia row with qualifying HouseHold Expo product/category evidence; incidental service/logistics/marketing/design words were ignored.,repeat,exact normalized email matched current Twenty repeat index,kamposuda@mail.ru,,Камская Посуда,kamposuda@mail.ru,kamposuda.ru,official catalog detail,,catalog_email_present,,public email visible in official catalogue detail,kamposuda@mail.ru,public catalogue/contact email
HouseHold Expo. Осень 2026,8–10 сентября 2026,Керченский металлургический завод,Керченский металлургический завод,посуда для приготовления,Россия,Москва,,11F1-03,"Крокус Экспо, Павильон 2, залы 9-10-11",Посуда для приготовления,"Керченский металлургический завод специализируется на выпуске стальной эмалированной посуды, трафаретной декалькомании и пластмассовых изделий с 1974 года. В ассортименте более 1000 наименований изделий, для производства которых используются экологически чистые эмали, обеспечивающие высокую коррозийную стойкость. Ассортимент различен по форме, цветовой гамме, художественному оформлению, соответствует запросам потребителей разных целевых аудиторий.",,https://kmz-kerch.ru/emalirovannaya-posuda/,kmz@kmz-kerch.ru,+7 (36561) 6-99-10,https://catalog.hhexpo.ru/companies/company/156546-kerchenskij-zavod.html,156546,keep,"Керченский металлургический завод | Россия | 11F1-03 | Керченский металлургический завод специализируется на выпуске стальной эмалированной посуды, трафаретной декалькомании и пластмассовых изделий с 1974 года. В ассортименте более 1000 наименований изделий, для производства которых используются экологически чистые эмали, обеспечивающие высокую коррозийную стойкость. Ассортимент различен по форме, цветовой гамме, художественному оформлению, соответствует запросам потребителей разных целевых аудиторий | categories: Посуда для приготовления",parsed,,2026-08-24T05:47:17Z,household-expo-autumn-2026-official-catalog-signo-v1.0.1,ok,ok,Russia row with qualifying HouseHold Expo product/category evidence; incidental service/logistics/marketing/design words were ignored.,new,,,,,kmz@kmz-kerch.ru,kmz-kerch.ru,official catalog detail,,catalog_email_present,,public email visible in official catalogue detail,kmz@kmz-kerch.ru,public catalogue/contact email
HouseHold Expo. Осень 2026,8–10 сентября 2026,КЛЕОПАТРА ТРЕЙДИНГ КО,Клеопатра Трейдинг Ко,домашний текстиль,Россия,Москва,,10A2-01,"Крокус Экспо, Павильон 2, залы 9-10-11",Домашний текстиль,"Оптовая торговля текстильными изделиями, кроме текстильных галантерейных изделий (46.41.1).",,,a.semenov@cleoint.com,7 (495) 664-97-66,https://catalog.hhexpo.ru/companies/company/156549-kleopatra-trejding-ko.html,156549,keep,"КЛЕОПАТРА ТРЕЙДИНГ КО | Россия | 10A2-01 | Оптовая торговля текстильными изделиями, кроме текстильных галантерейных изделий (46.41.1). | categories: Домашний текстиль",parsed,,2026-08-24T05:47:17Z,household-expo-autumn-2026-official-catalog-signo-v1.0.1,ok,ok,Russia row with qualifying HouseHold Expo product/category evidence; incidental service/logistics/marketing/design words were ignored.,new,,,,,a.semenov@cleoint.com,cleoint.com,official catalog detail,,catalog_email_present,,public email visible in official catalogue detail,a.semenov@cleoint.com,public catalogue/contact email
HouseHold Expo. Осень 2026,8–10 сентября 2026,Комтех,Комтех,посуда для приготовления; сервировочная посуда,Россия,Москва,,11А5-01,"Крокус Экспо, Павильон 2, залы 9-10-11",Посуда для приготовления; Посуда для сервировки,"«Вятская керамика» является образцом наилучшей посуды из керамики для приготовления традиционных и изысканных блюд, а также сервировки стола. ALBER – деревянная кухонная утварь от отечественного производителя из березы северных районов Кировской области, с высочайшими потребительскими и экологическими характеристиками. При производстве товаров под маркой «Вятская керамика» и «ALBER» используются только натуральные природные материалы самого высокого качества.",,http://vkeramika.ru,vkeramika43@mail.ru,+79091385151,https://catalog.hhexpo.ru/companies/company/158862-komtekh.html,158862,keep,"Комтех | Россия | 11А5-01 | «Вятская керамика» является образцом наилучшей посуды из керамики для приготовления традиционных и изысканных блюд, а также сервировки стола. ALBER – деревянная кухонная утварь от отечественного производителя из березы северных районов Кировской области, с высочайшими потребительскими и экологическими характеристиками. При производстве товаров под маркой «Вятская керамика» и «ALBER» используются только натуральные природные материалы самого высок | categories: Посуда для приготовления; Посуда для сервировки",parsed,,2026-08-24T05:47:17Z,household-expo-autumn-2026-official-catalog-signo-v1.0.1,ok,ok,Russia row with qualifying HouseHold Expo product/category evidence; incidental service/logistics/marketing/design words were ignored.,new,,,,,vkeramika43@mail.ru,vkeramika.ru,official catalog detail,,catalog_email_present,,public email visible in official catalogue detail,vkeramika43@mail.ru,public catalogue/contact email
HouseHold Expo. Осень 2026,8–10 сентября 2026,КРИСТАЛ БОГЕМИЯ РУС,Кристал Богемия Рус,посуда для приготовления; сервировочная посуда; декор и предметы интерьера,Россия,Москва,,9B7-01,"Крокус Экспо, Павильон 2, залы 9-10-11","Посуда для приготовления; Посуда для сервировки; Декор, оформление и предметы интерьера","ООО «Кристал БОГЕМИЯ Рус» – официальный представитель Компании «Crystal BOHEMIA a.s.», производителя изделий знаменитого Чешского хрусталя TM «Crystal BOHEMIA», Чешского стекла TM «Crystal BOHEMIA», Компании «THUN 1794 a.s.», производителя изделий известного Карловарского фарфора TM «THUN», «THUN 1794», «Concordia», «Bernadotte», Компании «Bohemia Jihlava, a.s.», производителя изделий чешского стекла и хрусталя ТМ «JIHLAVSKÉ SKLÁRNY BOHEMIA 1845», Компании «KAVALIERGLASS, a... ООО «Кристал БОГЕМИЯ Рус» – официальный представитель Компании «Crystal BOHEMIA a.s.», производителя изделий знаменитого Чешского хрусталя TM «Crystal BOHEMIA», Чешского стекла TM «Crystal BOHEMIA», Компании «THUN 1794 a.s.», производителя изделий известного Карловарского фарфора TM «THUN», «THUN 1794», «Concordia», «Bernadotte», Компании «Bohemia Jihlava, a.s.», производителя изделий чешского стекла и хрусталя ТМ «JIHLAVSKÉ SKLÁRNY BOHEMIA 1845», Компании «KAVALIERGLASS, a.s.», производителя изделий из жаростойкого стекла ТМ «SIMAX» на всей территории России. Компания предлагает: - широкий ассортимент продукции производителя; - последние новинки от производителя; - гибкие условия работы; - индивидуальный подход к каждому клиенту: - высочайшее европейское качество изделий; - ОПТимальные цены; - надежное партнерство.",,https://crystal-bohemia.ru,info@crystal-bohemia.ru,7(495) 380-30-85,https://catalog.hhexpo.ru/companies/company/156558-kristal-bogemiya-rus.html,156558,keep,"КРИСТАЛ БОГЕМИЯ РУС | Россия | 9B7-01 | ООО «Кристал БОГЕМИЯ Рус» – официальный представитель Компании «Crystal BOHEMIA a.s.», производителя изделий знаменитого Чешского хрусталя TM «Crystal BOHEMIA», Чешского стекла TM «Crystal BOHEMIA», Компании «THUN 1794 a.s.», производителя изделий известного Карловарского фарфора TM «THUN», «THUN 1794», «Concordia», «Bernadotte», Компании «Bohemia Jihlava, a.s.», производителя изделий чешского стекла и хрусталя ТМ «JIHLAVSKÉ SKLÁRNY BOHEMIA 1845» | categories: Посуда для приготовления; Посуда для сервировки; Декор, оформление и предметы интерьера",parsed,,2026-08-24T05:47:18Z,household-expo-autumn-2026-official-catalog-signo-v1.0.1,ok,ok,Russia row with qualifying HouseHold Expo product/category evidence; incidental service/logistics/marketing/design words were ignored.,new,,,,,info@crystal-bohemia.ru,crystal-bohemia.ru,official catalog detail,,catalog_email_present,,public email visible in official catalogue detail,info@crystal-bohemia.ru,public catalogue/contact email
HouseHold Expo. Осень 2026,8–10 сентября 2026,КРИСТАЛЕКС РУС,Кристалекс Рус,сервировочная посуда,Россия,Москва,,9B6-01,"Крокус Экспо, Павильон 2, залы 9-10-11",Посуда для сервировки,"Компания «Кристалекс РУС» хорошо известна профессиональному рынку как дистрибьютор ведущих европейских фабрик. Уже более десяти лет мы представляем в России чешское стекло Crystalex и польский фарфор Ćmielów, неизменно связывая бренд с высоким качеством и эстетикой европейского уровня. В 2023 году для компании наступил новый этап — настоящий прорыв. Было открыто собственное производство Tikhoretsky Porcelain на территории Краснодарского края — первый крупный проект, в котором европейский опыт соединяется с российским потенциалом... Компания «Кристалекс РУС» хорошо известна профессиональному рынку как дистрибьютор ведущих европейских фабрик. Уже более десяти лет мы представляем в России чешское стекло Crystalex и польский фарфор Ćmielów, неизменно связывая бренд с высоким качеством и эстетикой европейского уровня. В 2023 году для компании наступил новый этап — настоящий прорыв. Было открыто собственное производство Tikhoretsky Porcelain на территории Краснодарского края — первый крупный проект, в котором европейский опыт соединяется с российским потенциалом. Предприятие охватывает полный цикл: от замысла и моделирования до обжига, глазуровки и художественного декора. Фарфор под маркой Tikhoretsky Porcelain — это 100 % российская продукция, созданная с вниманием к каждой детали. В коллекциях бренда — десятки форм и богатая палитра глазурей. Особой популярностью пользуются Indigo и Cappuccino — тёплые, естественные оттенки, отражающие актуальный тренд рустикального фарфора, но выделяющиеся высоким качеством, прочностью и утончённостью исполнения. На базе завода выполняются все виды кастомизации — от создания форм и декора до разработки индивидуальных коллекций под бренд ресторана. Следующий прорыв произошёл в 2025 году, когда компания представила новый премиальный бренд дизайнерского фарфора Villin’s. Villin’s воплощает философию natura creata — «природа, созданная человеком». Это гармония естественных форм и текстур с эстетикой современной подачи. Природа становится источником вдохновения, а фарфор — способом передать её энергию и характер в пространстве стола.",,https://crystalex-rus.com/,chaplygina@crystalexrus.ru,8-964-922-12-11,https://catalog.hhexpo.ru/companies/company/156561-kristaleks-rus.html,156561,keep,"КРИСТАЛЕКС РУС | Россия | 9B6-01 | Компания «Кристалекс РУС» хорошо известна профессиональному рынку как дистрибьютор ведущих европейских фабрик. Уже более десяти лет мы представляем в России чешское стекло Crystalex и польский фарфор Ćmielów, неизменно связывая бренд с высоким качеством и эстетикой европейского уровня. В 2023 году для компании наступил новый этап — настоящий прорыв. Было открыто собственное производство Tikhoretsky Porcelain на территории Краснодарского края — пе | categories: Посуда для сервировки",parsed,,2026-08-24T05:47:18Z,household-expo-autumn-2026-official-catalog-signo-v1.0.1,ok,ok,Russia row with qualifying HouseHold Expo product/category evidence; incidental service/logistics/marketing/design words were ignored.,repeat,company-owned domain matched current Twenty repeat index,,crystalexrus.ru,Кристалекс РУС,chaplygina@crystalexrus.ru,crystalexrus.ru; crystalex-rus.com,official catalog detail,,catalog_email_present,,public email visible in official catalogue detail,chaplygina@crystalexrus.ru,public catalogue/contact email
HouseHold Expo. Осень 2026,8–10 сентября 2026,ИП Кузнецов,Кузнецов,системы хранения и органайзеры; декор и предметы интерьера; мебель для дома; товары для дачи и благоустройства; детские товары и игрушки,Россия,Москва,,9B-1404,"Крокус Экспо, Павильон 2, залы 9-10-11",,"Мы - производственная компания полного цикла, специализирующаяся на выпуске товаров для сетей и селлеров. Производим широкий ассортимент продукции: детскую мебель и игрушки, товары для дома и интерьера, системы хранения, мебель и изделия для сада и дачи. Работаем с фанерой, МДФ, ЛМДФ, древесиной и другими материалами. Берём проекты от идеи и образца до серийного производства, упаковки и готового товара под брендом заказчика.",,,klik-kin@yandex.ru,+79301323001,https://catalog.hhexpo.ru/companies/company/156534-ip-kuznetsov.html,156534,keep,"ИП Кузнецов | Россия | 9B-1404 | Мы - производственная компания полного цикла, специализирующаяся на выпуске товаров для сетей и селлеров. Производим широкий ассортимент продукции: детскую мебель и игрушки, товары для дома и интерьера, системы хранения, мебель и изделия для сада и дачи. Работаем с фанерой, МДФ, ЛМДФ, древесиной и другими материалами. Берём проекты от идеи и образца до серийного производства, упаковки и готового товара под брендом заказчика.",parsed,,2026-08-24T05:47:28Z,household-expo-autumn-2026-official-catalog-signo-v1.0.1,ok,ok,Russia row with qualifying HouseHold Expo product/category evidence; incidental service/logistics/marketing/design words were ignored.,new,,,,,klik-kin@yandex.ru,,official catalog detail,,catalog_email_present,,public email visible in official catalogue detail,klik-kin@yandex.ru,public catalogue/contact email
HouseHold Expo. Осень 2026,8–10 сентября 2026,ЛЕКС,ЛЕКС,сервировочная посуда; кухонные принадлежности; товары для уборки и хозтовары; декор и предметы интерьера,Россия,Москва,,11C1-02,"Крокус Экспо, Павильон 2, залы 9-10-11","Посуда для сервировки; Аксессуары и инструменты для кухни; Хозтовары и уборка; Декор, оформление и предметы интерьера","ООО «Лекс» – производитель, импортер и дистрибутор ТНП, более 20 брендов и 7000 наименований товара. Мы активная, стабильно развивающаяся компания, существующая на рынке уже более 19-ти лет. ООО «Лекс» является одним из основных игроков на рынке бумажно-гигиенической продукции для дома и HoReCa, декоративных бумажных, ПЭ и ПВХ скатертей и салфеток, ассортимента для декора стола, стеклянной, керамической и одноразовой посуды, алюминиевых форм, обувных аксессуаров, товаров для дома и уборки, производства СТМ.",,,offer@lex21.ru,,https://catalog.hhexpo.ru/companies/company/156567-leks.html,156567,keep,"ЛЕКС | Россия | 11C1-02 | ООО «Лекс» – производитель, импортер и дистрибутор ТНП, более 20 брендов и 7000 наименований товара. Мы активная, стабильно развивающаяся компания, существующая на рынке уже более 19-ти лет. ООО «Лекс» является одним из основных игроков на рынке бумажно-гигиенической продукции для дома и HoReCa, декоративных бумажных, ПЭ и ПВХ скатертей и салфеток, ассортимента для декора стола, стеклянной, керамической и одноразовой посуды, алюминиевых форм, обу | categories: Посуда для сервировки; Аксессуары и инструменты для кухни; Хозтовары и уборка; Декор, оформление и предметы интерьера",parsed,,2026-08-24T05:47:19Z,household-expo-autumn-2026-official-catalog-signo-v1.0.1,ok,ok,Russia row with qualifying HouseHold Expo product/category evidence; incidental service/logistics/marketing/design words were ignored.,new,,,,,offer@lex21.ru,lex21.ru,official catalog detail,,catalog_email_present,,public email visible in official catalogue detail,offer@lex21.ru,public catalogue/contact email
HouseHold Expo. Осень 2026,8–10 сентября 2026,Лаврия,Лаврия,кухонные принадлежности; товары для уборки и хозтовары; товары для дачи и благоустройства,Россия,Москва,,10B1-03,"Крокус Экспо, Павильон 2, залы 9-10-11",Аксессуары и инструменты для кухни; Хозтовары и уборка; Дача и благоустройство,"ЛАВРИЯ (ранее — торговый дом НХК) с 1998 года развивает собственные бренды на рынке хозяйственных товаров, занимая устойчивые позиции в России и странах СНГ. Под брендами компании представлены товары для уборки, аксессуары для хранения и приготовления пищи, пятновыводители, средства для прочистки труб и многое другое. Ключевое преимущество ""ЛАВРИИ"" — это собственная производственная база, которая позволяет не только контролировать качество на всех этапах, но и оперативно выводить на рынок новые продукты, разрабатывать инновационные решения. 28 лет технологического опыта, отлаженные процессы и глубокая экспертиза обеспечивают стабильность и рост компании.",,https://lavria.ru/,hello@lavria.ru,8 (81369) 7-30-00,https://catalog.hhexpo.ru/companies/company/155769-abrazivnye-tekhnologii.html,155769,keep,"Лаврия | Россия | 10B1-03 | ЛАВРИЯ (ранее — торговый дом НХК) с 1998 года развивает собственные бренды на рынке хозяйственных товаров, занимая устойчивые позиции в России и странах СНГ. Под брендами компании представлены товары для уборки, аксессуары для хранения и приготовления пищи, пятновыводители, средства для прочистки труб и многое другое. Ключевое преимущество ""ЛАВРИИ"" — это собственная производственная база, которая позволяет не только контролировать качество на все | categories: Аксессуары и инструменты для кухни; Хозтовары и уборка; Дача и благоустройство",parsed,,2026-08-24T05:47:18Z,household-expo-autumn-2026-official-catalog-signo-v1.0.1,ok,ok,Russia row with qualifying HouseHold Expo product/category evidence; incidental service/logistics/marketing/design words were ignored.,new,,,,,hello@lavria.ru,lavria.ru,official catalog detail,,catalog_email_present,,public email visible in official catalogue detail,hello@lavria.ru,public catalogue/contact email
HouseHold Expo. Осень 2026,8–10 сентября 2026,ЛеГОБЕЛЕН,ЛеГОБЕЛЕН,домашний текстиль; декор и предметы интерьера,Россия,Москва,,9C12-01,"Крокус Экспо, Павильон 2, залы 9-10-11","Домашний текстиль; Декор, оформление и предметы интерьера","Вот уже более 15 лет компания ЛеГОБЕЛЕН является производителем товаров домашнего текстиля из гобелена. Эстетика, уют, творчество – основная составляющая новых коллекций. Создавая их, мы меняем пространство. Предлагаем Вашему вниманию скатерти, наволочки, салфетки, вытканные на фабриках Испании, Италии, Бельгии и России. Рады представить и новогоднюю коллекцию, поражающую своим разнообразием. Она станет роскошным подарком на Новый год и Рождество. Выбирая ЛеГОБЕЛЕН, вы выбираете качество.",,https://legobelin.ru/,legobelin@mail.ru,+79827448482,https://catalog.hhexpo.ru/companies/company/156675-samuraj.html,156675,keep,"ЛеГОБЕЛЕН | Россия | 9C12-01 | Вот уже более 15 лет компания ЛеГОБЕЛЕН является производителем товаров домашнего текстиля из гобелена. Эстетика, уют, творчество – основная составляющая новых коллекций. Создавая их, мы меняем пространство. Предлагаем Вашему вниманию скатерти, наволочки, салфетки, вытканные на фабриках Испании, Италии, Бельгии и России. Рады представить и новогоднюю коллекцию, поражающую своим разнообразием. Она станет роскошным подарком на Новый год и Рождество | categories: Домашний текстиль; Декор, оформление и предметы интерьера",parsed,,2026-08-24T05:47:19Z,household-expo-autumn-2026-official-catalog-signo-v1.0.1,ok,ok,Russia row with qualifying HouseHold Expo product/category evidence; incidental service/logistics/marketing/design words were ignored.,new,,,,,legobelin@mail.ru,legobelin.ru,official catalog detail,,catalog_email_present,,public email visible in official catalogue detail,legobelin@mail.ru,public catalogue/contact email
HouseHold Expo. Осень 2026,8–10 сентября 2026,ЛИНРОГ/ЛЫСЬВА,Линрог/Лысьва,посуда для приготовления; бытовая техника и электроника,Россия,Москва,,11G1-01,"Крокус Экспо, Павильон 2, залы 9-10-11",Посуда для приготовления; Бытовая техника и электроника,"ООО «Промышленная группа «ЛИНРОГ» - организация, под управлением которой находится крупная группа промышленных предприятий, ведущих свою историю с 1913 года: - АО «ЛЗЭП»; - ООО «ЛЗМИ»; - ООО «ЛИМЗ»; - ООО «ЛЗБТ»; - ООО «ЛЗСФ»; - ООО «ЛЗСМ». Основные компетенции группы: - обработка металла; - производство и нанесение защитных покрытий на металл; - производство бытовой техники; - производство посуды и товаров для дома; - производство фритт и глазурей; - производство инструмента и оснастки; - литейное производство.",,,sale@lpec.ru,7 (34249)3-07-03,https://catalog.hhexpo.ru/companies/company/156573-linrog-lysva.html,156573,keep,"ЛИНРОГ/ЛЫСЬВА | Россия | 11G1-01 | ООО «Промышленная группа «ЛИНРОГ» - организация, под управлением которой находится крупная группа промышленных предприятий, ведущих свою историю с 1913 года: - АО «ЛЗЭП»; - ООО «ЛЗМИ»; - ООО «ЛИМЗ»; - ООО «ЛЗБТ»; - ООО «ЛЗСФ»; - ООО «ЛЗСМ». Основные компетенции группы: - обработка металла; - производство и нанесение защитных покрытий на металл; - производство бытовой техники; - производство посуды и товаров для дома; - производство фритт и глазур | categories: Посуда для приготовления; Бытовая техника и электроника",parsed,,2026-08-24T05:47:19Z,household-expo-autumn-2026-official-catalog-signo-v1.0.1,ok,ok,Russia row with qualifying HouseHold Expo product/category evidence; incidental service/logistics/marketing/design words were ignored.,repeat,exact normalized email matched current Twenty repeat index,sale@lpec.ru,,Лысьвенский завод эмалированной посуды,sale@lpec.ru,lpec.ru,official catalog detail,,catalog_email_present,,public email visible in official catalogue detail,sale@lpec.ru,public catalogue/contact email
HouseHold Expo. Осень 2026,8–10 сентября 2026,ЛМР ПЛАСТ,Лмр Пласт,мебель для дома; товары для дачи и благоустройства,Россия,Москва,,10B2-02,"Крокус Экспо, Павильон 2, залы 9-10-11",Мебель; Дача и благоустройство,"ООО «ЛМР Пласт» создано в июне 2013 года. Компания специализируется на производстве и продаже пластиковых изделий европейского качества для дома и сада. ООО «ЛМР Пласт» производит и поставляет в торговые сети широкую номенклатурную линейку пластмассовых изделий. Продукция выпускается под торговой маркой Fimako. На сегодняшний день продукция реализуется от Дальнего Востока до Калининграда, а так же товар поставляется в страны Таможенного союза и СНГ. Мы постоянно расширяем географию продаж. Вся продукция соответствует требованиям ГОСТ Р 50962–96 и требованиям Таможенного союза ТС 025/2012. Бренд fimako представлен в таких федеральных сетях как:Фикс Прайс, Светофор, Победа, Чижик.",,http://fimako.ru,info@fimako.ru,843) 260-0-270,https://catalog.hhexpo.ru/companies/company/156576-lmr-plast.html,156576,keep,"ЛМР ПЛАСТ | Россия | 10B2-02 | ООО «ЛМР Пласт» создано в июне 2013 года. Компания специализируется на производстве и продаже пластиковых изделий европейского качества для дома и сада. ООО «ЛМР Пласт» производит и поставляет в торговые сети широкую номенклатурную линейку пластмассовых изделий. Продукция выпускается под торговой маркой Fimako. На сегодняшний день продукция реализуется от Дальнего Востока до Калининграда, а так же товар поставляется в страны Таможенного союза и С | categories: Мебель; Дача и благоустройство",parsed,,2026-08-24T05:47:19Z,household-expo-autumn-2026-official-catalog-signo-v1.0.1,ok,ok,Russia row with qualifying HouseHold Expo product/category evidence; incidental service/logistics/marketing/design words were ignored.,new,,,,,info@fimako.ru,fimako.ru,official catalog detail,,catalog_email_present,,public email visible in official catalogue detail,info@fimako.ru,public catalogue/contact email
HouseHold Expo. Осень 2026,8–10 сентября 2026,МЕЧТА,МЕЧТА,посуда для приготовления,Россия,Москва,,11K2-01,"Крокус Экспо, Павильон 2, залы 9-10-11",Посуда для приготовления,"Компания создает и производит литую алюминиевую посуду премиум класса под торговой маркой «МЕЧТА», воплощая мечты самых требовательных домохозяек и профессиональных поваров. Высококачественная продукция и продуманный дизайн – визитная карточка компании. Собственное производство, включающее в себя всю цепочку от стадии литья до упаковки готовой продукции, позволяет создать привлекательную посуду по приемлемой цене. Ее отличает особая износостойкость и повышенные антипригарные свойства.",,,ceram@list.ru,7 (84364) 27141,https://catalog.hhexpo.ru/companies/company/156591-mechta.html,156591,keep,"МЕЧТА | Россия | 11K2-01 | Компания создает и производит литую алюминиевую посуду премиум класса под торговой маркой «МЕЧТА», воплощая мечты самых требовательных домохозяек и профессиональных поваров. Высококачественная продукция и продуманный дизайн – визитная карточка компании. Собственное производство, включающее в себя всю цепочку от стадии литья до упаковки готовой продукции, позволяет создать привлекательную посуду по приемлемой цене. Ее отличает особая износостойкос | categories: Посуда для приготовления",parsed,,2026-08-24T05:47:19Z,household-expo-autumn-2026-official-catalog-signo-v1.0.1,ok,ok,Russia row with qualifying HouseHold Expo product/category evidence; incidental service/logistics/marketing/design words were ignored.,new,,,,,ceram@list.ru,,official catalog detail,,catalog_email_present,,public email visible in official catalogue detail,ceram@list.ru,public catalogue/contact email
HouseHold Expo. Осень 2026,8–10 сентября 2026,"Мамсиров А. А., ИП","Мамсиров А. А., ИП",сервировочная посуда; кухонные принадлежности,Россия,Москва,,11A1-01,"Крокус Экспо, Павильон 2, залы 9-10-11",Посуда для сервировки; Аксессуары и инструменты для кухни,"Предприятие производит разделочные доски, наборы, менажницы, хлебницы, скалки, лопатки и прочую кухонную утварь из натурального дерева (бук), выросшего в экологически чистых горах Северного Кавказа. Предприятие работает с 1999 г. и имеет прочные связи на рынке России. Соотношение цены и качества и ассортимент позволяет успешно работать со всеми регионами страны. Производится более 200 наименований продукции затребованных потребителем.",,,mamsirovaslan@yandex.ru,7-905-435-79-78,https://catalog.hhexpo.ru/companies/company/156582-mamsirov.html,156582,keep,"Мамсиров А. А., ИП | Россия | 11A1-01 | Предприятие производит разделочные доски, наборы, менажницы, хлебницы, скалки, лопатки и прочую кухонную утварь из натурального дерева (бук), выросшего в экологически чистых горах Северного Кавказа. Предприятие работает с 1999 г. и имеет прочные связи на рынке России. Соотношение цены и качества и ассортимент позволяет успешно работать со всеми регионами страны. Производится более 200 наименований продукции затребованных потребителем. | categories: Посуда для сервировки; Аксессуары и инструменты для кухни",parsed,,2026-08-24T05:47:19Z,household-expo-autumn-2026-official-catalog-signo-v1.0.1,ok,ok,Russia row with qualifying HouseHold Expo product/category evidence; incidental service/logistics/marketing/design words were ignored.,new,,,,,mamsirovaslan@yandex.ru,,official catalog detail,,catalog_email_present,,public email visible in official catalogue detail,mamsirovaslan@yandex.ru,public catalogue/contact email
HouseHold Expo. Осень 2026,8–10 сентября 2026,МИРРЭЙ,Миррэй,декор и предметы интерьера; мебель для дома; товары для дачи и благоустройства,Россия,Москва,,9С11-03,"Крокус Экспо, Павильон 2, залы 9-10-11",,"Компания «Миррэй» рада сообщить об открытии Профессионального шоу рума для флористов, дизайнеров и декораторов. Мы расширили ассортимент и предлагаем комплексные решения для оформления пространств: от жилых интерьеров до витрин и фотозон. В ассортименте: • Вазы более 1000 артикулов: напольные, настольные, из разных материалов и фактур — под любые задачи и стили. • Интерьерный декор: элементы для создания завершённой композиции и атмосферы уюта. • Сухоцветы и декоративные растения: долговечные решения для флористических и интерьерных проектов.",,http://www.mirrey.ru,sales@mirrey.ru,+7 (495) 032-36-48,https://catalog.hhexpo.ru/companies/company/156594-mirrej.html,156594,keep,"МИРРЭЙ | Россия | 9С11-03 | Компания «Миррэй» рада сообщить об открытии Профессионального шоу рума для флористов, дизайнеров и декораторов. Мы расширили ассортимент и предлагаем комплексные решения для оформления пространств: от жилых интерьеров до витрин и фотозон. В ассортименте: • Вазы более 1000 артикулов: напольные, настольные, из разных материалов и фактур — под любые задачи и стили. • Интерьерный декор: элементы для создания завершённой композиции и атмосферы уюта. •",parsed,,2026-08-24T05:47:19Z,household-expo-autumn-2026-official-catalog-signo-v1.0.1,ok,ok,Russia row with qualifying HouseHold Expo product/category evidence.,new,,,,,sales@mirrey.ru,mirrey.ru,official catalog detail,,catalog_email_present,,public email visible in official catalogue detail,sales@mirrey.ru,public catalogue/contact email
HouseHold Expo. Осень 2026,8–10 сентября 2026,МОНДЕ ДИЗАЙН,Монде Дизайн,сервировочная посуда; домашний текстиль; декор и предметы интерьера; мебель для дома,Россия,Москва,,9A3-02,"Крокус Экспо, Павильон 2, залы 9-10-11","Посуда для сервировки; Домашний текстиль; Декор, оформление и предметы интерьера; Мебель","2005 года мы представляем лучшие европейские фабрики в России и странах СНГ. Мы знаем всё о мебели, свете, тканях и интерьерных аксессуарах. Философия нашей компании – представить на российском рынке самые изысканные материалы и дизайн. Наш опыт работы с европейскими компаниями позволили разработать собственную концепцию подбора коллекций и созданию уникальной базы материалов и знаний, которыми мы рады поделиться с вами... 2005 года мы представляем лучшие европейские фабрики в России и странах СНГ. Мы знаем всё о мебели, свете, тканях и интерьерных аксессуарах. Философия нашей компании – представить на российском рынке самые изысканные материалы и дизайн. Наш опыт работы с европейскими компаниями позволили разработать собственную концепцию подбора коллекций и созданию уникальной базы материалов и знаний, которыми мы рады поделиться с вами. Основу нашей складской программы составляет продукция фабрик-производителей, которые мы официально представляем в России и СНГ. Если у Вас магазин или дизайн студия, сотрудничая с нами, Вы можете расширить ассортимент товаров и услуг, повысить профессиональный уровень своих сотрудников, достичь международного статуса Вашей компании.",,http://passiondeconfort.ru,info@passiondeconfort.ru,89652672244,https://catalog.hhexpo.ru/companies/company/156597-monde-dizajn.html,156597,keep,"МОНДЕ ДИЗАЙН | Россия | 9A3-02 | 2005 года мы представляем лучшие европейские фабрики в России и странах СНГ. Мы знаем всё о мебели, свете, тканях и интерьерных аксессуарах. Философия нашей компании – представить на российском рынке самые изысканные материалы и дизайн. Наш опыт работы с европейскими компаниями позволили разработать собственную концепцию подбора коллекций и созданию уникальной базы материалов и знаний, которыми мы рады поделиться с вами... 2005 года мы представля | categories: Посуда для сервировки; Домашний текстиль; Декор, оформление и предметы интерьера; Мебель",parsed,,2026-08-24T05:47:20Z,household-expo-autumn-2026-official-catalog-signo-v1.0.1,ok,ok,Russia row with qualifying HouseHold Expo product/category evidence; incidental service/logistics/marketing/design words were ignored.,new,,,,,info@passiondeconfort.ru,passiondeconfort.ru,official catalog detail,,catalog_email_present,,public email visible in official catalogue detail,info@passiondeconfort.ru,public catalogue/contact email
HouseHold Expo. Осень 2026,8–10 сентября 2026,Мультидом,Мультидом,кухонные принадлежности; домашний текстиль; декор и предметы интерьера; товары для спорта и активного отдыха; товары для дачи и благоустройства,Россия,Москва,,11A2-01,"Крокус Экспо, Павильон 2, залы 9-10-11","Аксессуары и инструменты для кухни; Домашний текстиль; Декор, оформление и предметы интерьера; Спорт и активный отдых; Дача и благоустройство","Создаём лучший мир! Благодаря многолетнему опыту, любимой классике и новаторским продуктам, талантливым сотрудникам и творческой энергии, ответственному подходу к бизнесу, глобальному характеру деятельности и продуктивному партнёрству, Мультидом открывает новые возможности развития в любой экономической ситуации. Ассортимент представлен самыми востребованными категориями: - КУХНЯ (инструменты и принадлежности, текстиль, декорирование) - ВАННАЯ (аксессуары, стирка, хранение, уборка) - ОТДЫХ (туризм, барбекю, пикник, мебель) - САД И ОГОРОД - ДЕТСКИЕ ТОВАРЫ (товары для самых маленьких) - АКСЕССУАРЫ (красота, уход за лицом и телом) - ДИЗАЙН (уникальные авторские коллекции) - ТОВАРЫ ДЛЯ ПИТОМЦЕВ О НАС: - более 4 000 наименований товаров; - более 500 новинок ежегодно; - реализуем более 20 000 000 изделий в год; - более 1000 клиентов; - 1000 кв... Создаём лучший мир! Благодаря многолетнему опыту, любимой классике и новаторским продуктам, талантливым сотрудникам и творческой энергии, ответственному подходу к бизнесу, глобальному характеру деятельности и продуктивному партнёрству, Мультидом открывает новые возможности развития в любой экономической ситуации. Ассортимент представлен самыми востребованными категориями: - КУХНЯ (инструменты и принадлежности, текстиль, декорирование) - ВАННАЯ (аксессуары, стирка, хранение, уборка) - ОТДЫХ (туризм, барбекю, пикник, мебель) - САД И ОГОРОД - ДЕТСКИЕ ТОВАРЫ (товары для самых маленьких) - АКСЕССУАРЫ (красота, уход за лицом и телом) - ДИЗАЙН (уникальные авторские коллекции) - ТОВАРЫ ДЛЯ ПИТОМЦЕВ О НАС: - более 4 000 наименований товаров; - более 500 новинок ежегодно; - реализуем более 20 000 000 изделий в год; - более 1000 клиентов; - 1000 кв. м выставочных залов; - собственный склад 10 000 кв. м Мы представлены по всей России, а также в: Казахстане, Беларуси, Армении.",,,info@multidom.ru,7(495)258-68-67; 548-32-20,https://catalog.hhexpo.ru/companies/company/156600-multidom.html,156600,keep,"Мультидом | Россия | 11A2-01 | Создаём лучший мир! Благодаря многолетнему опыту, любимой классике и новаторским продуктам, талантливым сотрудникам и творческой энергии, ответственному подходу к бизнесу, глобальному характеру деятельности и продуктивному партнёрству, Мультидом открывает новые возможности развития в любой экономической ситуации. Ассортимент представлен самыми востребованными категориями: - КУХНЯ (инструменты и принадлежности, текстиль, декорирование) - ВАННАЯ (а | categories: Аксессуары и инструменты для кухни; Домашний текстиль; Декор, оформление и предметы интерьера; Спорт и активный отдых; Дача и благоустройство",parsed,,2026-08-24T05:47:20Z,household-expo-autumn-2026-official-catalog-signo-v1.0.1,ok,ok,Russia row with qualifying HouseHold Expo product/category evidence; incidental service/logistics/marketing/design words were ignored.,repeat,exact normalized email matched current Twenty repeat index,info@multidom.ru,,Мультидом Трейдинг,info@multidom.ru,multidom.ru,official catalog detail,,catalog_email_present,,public email visible in official catalogue detail,info@multidom.ru,public catalogue/contact email
HouseHold Expo. Осень 2026,8–10 сентября 2026,НД Хоум,НД Хоум,сервировочная посуда; кухонные принадлежности; домашний текстиль; товары для уборки и хозтовары; декор и предметы интерьера,Россия,Москва,,9A3-03,"Крокус Экспо, Павильон 2, залы 9-10-11","Посуда для сервировки; Аксессуары и инструменты для кухни; Домашний текстиль; Хозтовары и уборка; Декор, оформление и предметы интерьера","ND HOME — компания с многолетним опытом разработки, производства и поставок товаров для дома. Ассортимент ND HOME включает текстиль, галантерею, аксессуары для ванной комнаты, посуду, товары для уборки и малую бытовую технику. Компания сотрудничает с федеральными розничными сетями, маркетплейсами и оптовыми партнерами, обеспечивая стабильные поставки и контроль качества продукции. При формировании ассортимента основное внимание уделяется практичности, современному дизайну, качеству материалов и соответствию требованиям рынка. ND HOME предлагает товары для дома, сочетающие функциональность, актуальный дизайн и оптимальное соотношение цены и качества.",,http://www.ndplay.ru,info@ndplay.ru,7(495)7856514,https://catalog.hhexpo.ru/companies/company/156606-nd-plej.html,156606,keep,"НД Хоум | Россия | 9A3-03 | ND HOME — компания с многолетним опытом разработки, производства и поставок товаров для дома. Ассортимент ND HOME включает текстиль, галантерею, аксессуары для ванной комнаты, посуду, товары для уборки и малую бытовую технику. Компания сотрудничает с федеральными розничными сетями, маркетплейсами и оптовыми партнерами, обеспечивая стабильные поставки и контроль качества продукции. При формировании ассортимента основное внимание уделяется практичн | categories: Посуда для сервировки; Аксессуары и инструменты для кухни; Домашний текстиль; Хозтовары и уборка; Декор, оформление и предметы интерьера",parsed,,2026-08-24T05:47:20Z,household-expo-autumn-2026-official-catalog-signo-v1.0.1,ok,ok,Russia row with qualifying HouseHold Expo product/category evidence; incidental service/logistics/marketing/design words were ignored.,new,,,,,info@ndplay.ru,ndplay.ru,official catalog detail,,catalog_email_present,,public email visible in official catalogue detail,info@ndplay.ru,public catalogue/contact email
HouseHold Expo. Осень 2026,8–10 сентября 2026,Намус,Намус,кухонные принадлежности; системы хранения и органайзеры; товары для уборки и хозтовары,Россия,Москва,,10А1-03,"Крокус Экспо, Павильон 2, залы 9-10-11","Аксессуары и инструменты для кухни; Системы хранения, органайзеры; Хозтовары и уборка",ООО «НАМУС» — производитель изделий из пластика и полимерно‑песчаных материалов. Ключевое преимущество — использование вторичного пластика: это забота об экологии и ответственный подход к бизнесу. В ассортименте — более 200 наименований. Продукция представлена в крупных торговых сетях по России и СНГ.,,https://ns16.ru/,info@ns16.ru,+7 (843) 212 23 05,https://catalog.hhexpo.ru/companies/company/156531-zep.html,156531,keep,"Намус | Россия | 10А1-03 | ООО «НАМУС» — производитель изделий из пластика и полимерно‑песчаных материалов. Ключевое преимущество — использование вторичного пластика: это забота об экологии и ответственный подход к бизнесу. В ассортименте — более 200 наименований. Продукция представлена в крупных торговых сетях по России и СНГ. | categories: Аксессуары и инструменты для кухни; Системы хранения, органайзеры; Хозтовары и уборка",parsed,,2026-08-24T05:47:20Z,household-expo-autumn-2026-official-catalog-signo-v1.0.1,ok,ok,Russia row with qualifying HouseHold Expo product/category evidence; incidental service/logistics/marketing/design words were ignored.,repeat,exact normalized email matched current Twenty repeat index,info@ns16.ru,,Намус,info@ns16.ru,ns16.ru,official catalog detail,,catalog_email_present,,public email visible in official catalogue detail,info@ns16.ru,public catalogue/contact email
HouseHold Expo. Осень 2026,8–10 сентября 2026,НАТУР КОСМЕТИКА,Натур Косметика,декор и предметы интерьера,Россия,Москва,,9B-1406,"Крокус Экспо, Павильон 2, залы 9-10-11","Декор, оформление и предметы интерьера","Уникальные букеты из сухоцветов: лён натуральный и окрашенный, вейник в оттенках, рожь, стифа, камыш, многосоставные букеты. Только российское сырьё (поставщики из Крыма, Краснодарского края, Алтая). Собственное производство (стабилизирование, окраска, сушка, составление букетов) в Санкт-Петербурге.",,,info@hhexpo.ru,+7 (495) 363-50-32,https://catalog.hhexpo.ru/companies/company/158793-natur-kosmetika.html,158793,keep,"НАТУР КОСМЕТИКА | Россия | 9B-1406 | Уникальные букеты из сухоцветов: лён натуральный и окрашенный, вейник в оттенках, рожь, стифа, камыш, многосоставные букеты. Только российское сырьё (поставщики из Крыма, Краснодарского края, Алтая). Собственное производство (стабилизирование, окраска, сушка, составление букетов) в Санкт-Петербурге. | categories: Декор, оформление и предметы интерьера",parsed,,2026-08-24T05:47:21Z,household-expo-autumn-2026-official-catalog-signo-v1.0.1,ok,ok,Russia row with qualifying HouseHold Expo product/category evidence; incidental service/logistics/marketing/design words were ignored.,new,,,,,info@hhexpo.ru,hhexpo.ru,official catalog detail,,catalog_email_present,,public email visible in official catalogue detail,info@hhexpo.ru,public catalogue/contact email
HouseHold Expo. Осень 2026,8–10 сентября 2026,Нептун,Нептун,бытовая техника и электроника,Россия,Москва,,11N1-04,"Крокус Экспо, Павильон 2, залы 9-10-11",Бытовая техника и электроника,"Завод «Нептун» начал свою деятельность в 1971 году как предприятие оборонного комплекса страны и на протяжении всей своей истории неизменно является производителем составных частей систем управления техническими средствами военно-морского и гражданского флота России. Наше оборудование безупречно служит на более чем 300 отечественных судах, в числе которых атомный крейсер «Адмирал Нахимов», атомная подводная лодка «Юрий Долгорукий», ледокол «Арктика», танкеры типа «Победа», рудовозы типа «Харитон Греку» и многие другие... Завод «Нептун» начал свою деятельность в 1971 году как предприятие оборонного комплекса страны и на протяжении всей своей истории неизменно является производителем составных частей систем управления техническими средствами военно-морского и гражданского флота России. Наше оборудование безупречно служит на более чем 300 отечественных судах, в числе которых атомный крейсер «Адмирал Нахимов», атомная подводная лодка «Юрий Долгорукий», ледокол «Арктика», танкеры типа «Победа», рудовозы типа «Харитон Греку» и многие другие. Распоряжением Правительства РФ от 09.01.2004 г. № 22 и Указом Президента РФ от 04.08.2004 г. № 1009 ПАО «Нептун» включено в перечень стратегических предприятий России. Технопарк завода насчитывает около 500 единиц высокоточного оборудования, соответствующего самым высоким мировым стандартам и позволяющего решать самые сложные современные технологические задачи. Собственные контрольно-испытательная станция и физико-химическая лаборатория предприятия позволяют проводить регулярный анализ сырья и материалов, строгий контроль качества изделий на каждом этапе. Опытный состав высококвалифицированных сотрудников обеспечивает непрерывное совершенствование технологических процессов. Совокупность данных факторов стала залогом успешной деятельности и конкурентоспособности завода, а стабильно высокий уровень производимой продукции обеспечивается внедрённой на предприятии «Системой менеджмента качества», соответствующей требованиям ГОСТ Р ИСО 9001-2015 и ГОСТ РВ 0015-002-2020. С переходом страны к рыночной экономике вторым важнейшим стратегическим направлением деятельности ПАО «Нептун» стал выпуск товаров народного потребления. Соковыжималки, электрошашлычницы, сепараторы, электросушители для овощей и фруктов давно пользуются большим спросом не только у российского потребителя, но и в государствах Таможенного союза, что позволяет ежегодно наращивать объёмы производства данных изделий. При этом нашими специалистами непрерывно ведётся работа по улучшению дизайна и технологических характеристик товаров. Также завод предлагает целый спектр высококачественных услуг по обработке и изготовлению на собственном оборудовании металлических и пластмассовых изделий. Сегодня ПАО «Нептун» - успешно развивающееся предприятие, входящее в АО «Концерн «НПО «Аврора» (г. Санкт-Петербург»). Наша продукция удостоена многочисленных наград на городских, краевых и всероссийских конкурсах. На заводе ведётся активная работа по привлечению молодых специалистов, развитию научно-технического потенциала.",,https://neptunzavod.ru,info@neptunzavod.ru,+7 988 100 70 80,https://catalog.hhexpo.ru/companies/company/159246-neptun.html,159246,keep,"Нептун | Россия | 11N1-04 | Завод «Нептун» начал свою деятельность в 1971 году как предприятие оборонного комплекса страны и на протяжении всей своей истории неизменно является производителем составных частей систем управления техническими средствами военно-морского и гражданского флота России. Наше оборудование безупречно служит на более чем 300 отечественных судах, в числе которых атомный крейсер «Адмирал Нахимов», атомная подводная лодка «Юрий Долгорукий», ледокол «Аркти | categories: Бытовая техника и электроника",parsed,,2026-08-24T05:47:21Z,household-expo-autumn-2026-official-catalog-signo-v1.0.1,ok,ok,Russia row with qualifying HouseHold Expo product/category evidence; incidental service/logistics/marketing/design words were ignored.,repeat,exact normalized email matched current Twenty repeat index,info@neptunzavod.ru,,Нептун,info@neptunzavod.ru,neptunzavod.ru,official catalog detail,,catalog_email_present,,public email visible in official catalogue detail,info@neptunzavod.ru,public catalogue/contact email
HouseHold Expo. Осень 2026,8–10 сентября 2026,НСК ХИМИЯ,Нск Химия,посуда для приготовления; кухонные принадлежности,Россия,Москва,,11K2--07,"Крокус Экспо, Павильон 2, залы 9-10-11",Посуда для приготовления; Аксессуары и инструменты для кухни,"Производство и поставка антипригарных покрытий для производства посуды (бренд Kaplon) и других отраслей, где оно применимо. Производство фурнитуры (ручек) для посуды. Продажа товаров для кухни под брендом BOMOND на территории РФ.",,,info@nsckimya.ru,8-800-302-15-97; +7 (812) 671-04-02,https://catalog.hhexpo.ru/companies/company/156609-nsk-khimiya.html,156609,keep,"НСК ХИМИЯ | Россия | 11K2--07 | Производство и поставка антипригарных покрытий для производства посуды (бренд Kaplon) и других отраслей, где оно применимо. Производство фурнитуры (ручек) для посуды. Продажа товаров для кухни под брендом BOMOND на территории РФ. | categories: Посуда для приготовления; Аксессуары и инструменты для кухни",parsed,,2026-08-24T05:47:21Z,household-expo-autumn-2026-official-catalog-signo-v1.0.1,ok,ok,Russia row with qualifying HouseHold Expo product/category evidence; incidental service/logistics/marketing/design words were ignored.,new,,,,,info@nsckimya.ru,nsckimya.ru,official catalog detail,,catalog_email_present,,public email visible in official catalogue detail,info@nsckimya.ru,public catalogue/contact email
HouseHold Expo. Осень 2026,8–10 сентября 2026,ПАВЛОВСКИЙ З-Д,Павловский З-Д,кухонные принадлежности,Россия,Москва,,11D2-03,"Крокус Экспо, Павильон 2, залы 9-10-11",Аксессуары и инструменты для кухни,"АО «Павловский завод художественных металлоизделий» (с 1890 г.) – крупнейший в России производитель столовых приборов и кухонных принадлежностей, современное предприятие с передовым производством и широкой дилерской сетью. Продуктовая линейка из нержавеющей стали и серебра 925 пробы ( 3500 наименований) отражает как традиции качества художественной металлообработки, так и современные тенденции в дизайне столовых приборов. Мы постоянно совершенствуем качество и условия работы с нашими клиентами!",,,sbit@kirov.nnov.ru,8-800-70-78-132; 83171) 2-24-66,https://catalog.hhexpo.ru/companies/company/156618-pavlovskij-z-d.html,156618,keep,"ПАВЛОВСКИЙ З-Д | Россия | 11D2-03 | АО «Павловский завод художественных металлоизделий» (с 1890 г.) – крупнейший в России производитель столовых приборов и кухонных принадлежностей, современное предприятие с передовым производством и широкой дилерской сетью. Продуктовая линейка из нержавеющей стали и серебра 925 пробы ( 3500 наименований) отражает как традиции качества художественной металлообработки, так и современные тенденции в дизайне столовых приборов. Мы постоянно совершенств | categories: Аксессуары и инструменты для кухни",parsed,,2026-08-24T05:47:22Z,household-expo-autumn-2026-official-catalog-signo-v1.0.1,ok,ok,Russia row with qualifying HouseHold Expo product/category evidence; incidental service/logistics/marketing/design words were ignored.,new,,,,,sbit@kirov.nnov.ru,kirov.nnov.ru,official catalog detail,,catalog_email_present,,public email visible in official catalogue detail,sbit@kirov.nnov.ru,public catalogue/contact email
HouseHold Expo. Осень 2026,8–10 сентября 2026,ПЕТРОПЛАСТ,Петропласт,декор и предметы интерьера; товары для дома из пластика,Россия,Москва,,10B0-04,"Крокус Экспо, Павильон 2, залы 9-10-11",,"Производство пластмассовых изделий хозяйственного назначения. Основа нового направления — цветочные горшки оригинального дизайна. Приглашаем к сотрудничеству оптовиков, торговые сети, магазины и ИП.",,https://www.petroplast.ru/,office@petroplast.ru,+79626849473,https://catalog.hhexpo.ru/companies/company/156627-petroplast.html,156627,keep,"ПЕТРОПЛАСТ | Россия | 10B0-04 | Производство пластмассовых изделий хозяйственного назначения. Основа нового направления — цветочные горшки оригинального дизайна. Приглашаем к сотрудничеству оптовиков, торговые сети, магазины и ИП.",parsed,,2026-08-24T05:47:22Z,household-expo-autumn-2026-official-catalog-signo-v1.0.1,ok,ok,Russia row with qualifying HouseHold Expo product/category evidence.,new,,,,,office@petroplast.ru,petroplast.ru,official catalog detail,,catalog_email_present,,public email visible in official catalogue detail,office@petroplast.ru,public catalogue/contact email
HouseHold Expo. Осень 2026,8–10 сентября 2026,Пилот МС,Пилот МС,посуда для приготовления; кухонные принадлежности,Россия,Москва,,11F1-01,"Крокус Экспо, Павильон 2, залы 9-10-11",Посуда для приготовления; Аксессуары и инструменты для кухни,"Надежный поставщик посуды и кухонных аксессуаров с 1992 года. «Пилот МС» является одним из крупнейших поставщиков посуды отечественного и импортного производства. Всегда в ассортименте – керамическая, стеклянная, алюминиевая, эмалированная, нержавеющая, посуда с антипригарным покрытием, чугунная посуда. Индивидуальный подход к каждому клиенту и внимательные менеджеры!",,,pilot@pilotms.ru,7 (495) 231-24-44,https://catalog.hhexpo.ru/companies/company/156630-pilot-ms.html,156630,keep,"Пилот МС | Россия | 11F1-01 | Надежный поставщик посуды и кухонных аксессуаров с 1992 года. «Пилот МС» является одним из крупнейших поставщиков посуды отечественного и импортного производства. Всегда в ассортименте – керамическая, стеклянная, алюминиевая, эмалированная, нержавеющая, посуда с антипригарным покрытием, чугунная посуда. Индивидуальный подход к каждому клиенту и внимательные менеджеры! | categories: Посуда для приготовления; Аксессуары и инструменты для кухни",parsed,,2026-08-24T05:47:22Z,household-expo-autumn-2026-official-catalog-signo-v1.0.1,ok,ok,Russia row with qualifying HouseHold Expo product/category evidence; incidental service/logistics/marketing/design words were ignored.,new,,,,,pilot@pilotms.ru,pilotms.ru,official catalog detail,,catalog_email_present,,public email visible in official catalogue detail,pilot@pilotms.ru,public catalogue/contact email
HouseHold Expo. Осень 2026,8–10 сентября 2026,ПК ТАМБОВКОНСЕРВ,Пк Тамбовконсерв,кухонные принадлежности; товары для уборки и хозтовары,Россия,Москва,,10D1-04,"Крокус Экспо, Павильон 2, залы 9-10-11",Аксессуары и инструменты для кухни; Хозтовары и уборка,Производство крышек для домашнего и промышленного консервирования ПРЕМИУМ-КЛАССА СКО 1-82 «Тамбовчанка».,,,tambovkonserv@mail.ru,79106550008,https://catalog.hhexpo.ru/companies/company/156693-tambovkonserv.html,156693,keep,ПК ТАМБОВКОНСЕРВ | Россия | 10D1-04 | Производство крышек для домашнего и промышленного консервирования ПРЕМИУМ-КЛАССА СКО 1-82 «Тамбовчанка». | categories: Аксессуары и инструменты для кухни; Хозтовары и уборка,parsed,,2026-08-24T05:47:22Z,household-expo-autumn-2026-official-catalog-signo-v1.0.1,ok,ok,Russia row with qualifying HouseHold Expo product/category evidence; incidental service/logistics/marketing/design words were ignored.,repeat,exact normalized email matched current Twenty repeat index,tambovkonserv@mail.ru,,ТамбовКонсерв,tambovkonserv@mail.ru,,official catalog detail,,catalog_email_present,,public email visible in official catalogue detail,tambovkonserv@mail.ru,public catalogue/contact email
HouseHold Expo. Осень 2026,8–10 сентября 2026,ПЛАСТ ТРЕЙД,Пласт Трейд,товары для дачи и благоустройства,Россия,Москва,,10D3-03,"Крокус Экспо, Павильон 2, залы 9-10-11",Дача и благоустройство,"ООО «Пласт-Трейд»- завод по производству шлангов из ПВХ и ТЭП-сырья. Мы производим широкий ассортимент поливочных шлангов для сада из ПВХ, а также термоэластопласта (ТЭП). В нашем каталоге садовых шлангов для полива представлены однослойные модели, классические трехслойные шланги ПВХ и ТЭП с армированием, а также, не имеющие аналогов многослойные шланги, в том числе с двойным армированием и уникальными характеристиками.",,,sale3@aplus-russia.com,8-800 600 27 20; 8-900-327-19-65,https://catalog.hhexpo.ru/companies/company/156633-plast-trejd.html,156633,keep,"ПЛАСТ ТРЕЙД | Россия | 10D3-03 | ООО «Пласт-Трейд»- завод по производству шлангов из ПВХ и ТЭП-сырья. Мы производим широкий ассортимент поливочных шлангов для сада из ПВХ, а также термоэластопласта (ТЭП). В нашем каталоге садовых шлангов для полива представлены однослойные модели, классические трехслойные шланги ПВХ и ТЭП с армированием, а также, не имеющие аналогов многослойные шланги, в том числе с двойным армированием и уникальными характеристиками. | categories: Дача и благоустройство",parsed,,2026-08-24T05:47:23Z,household-expo-autumn-2026-official-catalog-signo-v1.0.1,ok,ok,Russia row with qualifying HouseHold Expo product/category evidence; incidental service/logistics/marketing/design words were ignored.,new,,,,,sale3@aplus-russia.com,aplus-russia.com,official catalog detail,,catalog_email_present,,public email visible in official catalogue detail,sale3@aplus-russia.com,public catalogue/contact email
HouseHold Expo. Осень 2026,8–10 сентября 2026,ПЛАСТИК РЕПАБЛИК,Пластик Репаблик,посуда для приготовления; сервировочная посуда; кухонные принадлежности; системы хранения и органайзеры; товары для уборки и хозтовары; декор и предметы интерьера; мебель для дома; товары для дачи и благоустройства,Россия,Москва,,11B1-01,"Крокус Экспо, Павильон 2, залы 9-10-11","Посуда для приготовления; Посуда для сервировки; Аксессуары и инструменты для кухни; Системы хранения, органайзеры; Хозтовары и уборка; Декор, оформление и предметы интерьера; Мебель; Дача и благоустройство","Plastic Republic – крупнейший производитель изделий из пластика хозяйственно-бытового назначения. Продукция представлена восемью брендами – Giaretti (ex. Sugar&Spice), SVIP (ex. Spin&Clean), InGreen, InGreen Garden, Keeplex, Decorona, Blocker, Plast Team. Товары компании можно встретить на полках практически всех российских сетевых гипермаркетов, супермаркетов, а также в магазинах для дома, детских товаров и ремонта.",,https://plastic-repablic.ru/,sales@plastic-republic.ru,7 (495) 153-02-81,https://catalog.hhexpo.ru/companies/company/156636-plastik-repablik.html,156636,keep,"ПЛАСТИК РЕПАБЛИК | Россия | 11B1-01 | Plastic Republic – крупнейший производитель изделий из пластика хозяйственно-бытового назначения. Продукция представлена восемью брендами – Giaretti (ex. Sugar&Spice), SVIP (ex. Spin&Clean), InGreen, InGreen Garden, Keeplex, Decorona, Blocker, Plast Team. Товары компании можно встретить на полках практически всех российских сетевых гипермаркетов, супермаркетов, а также в магазинах для дома, детских товаров и ремонта. | categories: Посуда для приготовления; Посуда для сервировки; Аксессуары и инструменты для кухни; Системы хранения, органайзеры; Хозтовары и уборка; Декор, оформление и предметы интерьера; Мебель; Дача и благоустройство",parsed,,2026-08-24T05:47:23Z,household-expo-autumn-2026-official-catalog-signo-v1.0.1,ok,ok,Russia row with qualifying HouseHold Expo product/category evidence; incidental service/logistics/marketing/design words were ignored.,repeat,exact normalized email matched current Twenty repeat index,sales@plastic-republic.ru,,Пластик Репаблик,sales@plastic-republic.ru,plastic-republic.ru; plastic-repablic.ru,official catalog detail,,catalog_email_present,,public email visible in official catalogue detail,sales@plastic-republic.ru,public catalogue/contact email
HouseHold Expo. Осень 2026,8–10 сентября 2026,ПОИСК РИФ,Поиск Риф,товары для уборки и хозтовары,Россия,Москва,,10D2-03,"Крокус Экспо, Павильон 2, залы 9-10-11",Хозтовары и уборка,"«Поиск-РИФ» — российский производитель щеточной продукции и ручного малярно-отделочного инструмента с 1994 года. Производство расположено в Санкт-Петербурге, оснащено передовым оборудованием и выпускает более 1,5 млн изделий в месяц, продукция проходит многоэтапный контроль качества. В ассортименте — щетки для пола и улицы, малярные кисти, макловицы, фасадные и обойные шпатели. Компания разрабатывает и производит продукцию под собственной торговой маркой «Лазурный Берег», а также под СТМ заказчиков. «Поиск-РИФ» сотрудничает с федеральными и региональными сетями DIY, оптовыми и розничными компаниями, промышленными предприятиями и организациями ЖКХ, осуществляя поставки по России и СНГ.",,https://poiskrif.ru,info@poiskrif.ru,7 (812) 542-99-77,https://catalog.hhexpo.ru/companies/company/156639-poisk-rif.html,156639,keep,"ПОИСК РИФ | Россия | 10D2-03 | «Поиск-РИФ» — российский производитель щеточной продукции и ручного малярно-отделочного инструмента с 1994 года. Производство расположено в Санкт-Петербурге, оснащено передовым оборудованием и выпускает более 1,5 млн изделий в месяц, продукция проходит многоэтапный контроль качества. В ассортименте — щетки для пола и улицы, малярные кисти, макловицы, фасадные и обойные шпатели. Компания разрабатывает и производит продукцию под собственной торгово | categories: Хозтовары и уборка",parsed,,2026-08-24T05:47:23Z,household-expo-autumn-2026-official-catalog-signo-v1.0.1,ok,ok,Russia row with qualifying HouseHold Expo product/category evidence; incidental service/logistics/marketing/design words were ignored.,repeat,company-owned domain matched current Twenty repeat index,,poiskrif.ru,Поиск- Риф,info@poiskrif.ru,poiskrif.ru,official catalog detail,,catalog_email_present,,public email visible in official catalogue detail,info@poiskrif.ru,public catalogue/contact email
HouseHold Expo. Осень 2026,8–10 сентября 2026,ПромСиз,ПромСиз,сервировочная посуда,Россия,Москва,,9C4-02,"Крокус Экспо, Павильон 2, залы 9-10-11",Посуда для сервировки,"ООО ОП «ПромСИЗ» – ""PROMSIZ. Decorated glass"" находится в городе Гусь-Хрустальный – городе мастеров стекла, в котором традиции производства стекла и хрусталя заложены несколько веков назад. Наша компания занимается декорированием питьевой сортовой посуды. Технология производства отлажена в соответствии с новейшими, передовыми разработками современной науки в сфере нанесения покрытий на изделия из стекла... ООО ОП «ПромСИЗ» – ""PROMSIZ. Decorated glass"" находится в городе Гусь-Хрустальный – городе мастеров стекла, в котором традиции производства стекла и хрусталя заложены несколько веков назад. Наша компания занимается декорированием питьевой сортовой посуды. Технология производства отлажена в соответствии с новейшими, передовыми разработками современной науки в сфере нанесения покрытий на изделия из стекла. Продукция нашей компании вышла на лидирующие позиции в своем сегменте рынка. Ассортимент и дизайн выпускаемых изделий постоянно обновляется. Производственные мощности ежегодно расширяются, появляются новые направления. Тонкие кружевные рисунки, изящное переплетение линий, узоры на золоте – эти изделия за короткий срок смогли завоевать любовь потребителей. Постоянным спросом пользуются хорошо зарекомендовавшие себя изделия с серебряным, золотым декором, наборы для воды. «PROMSIZ» является постоянным участником крупнейших выставок, таких как «ХаусХолд». В нашей коллекции дипломы выставок и Золотая медаль «1000 лучших предприятий и организаций России». Весь товар является экологически чистым, имеет санитарно-гигиенический сертификат и сертификат соответствия. Посуда упакована в красивую подарочную микрогофрокоробку. Для удобства транспортировки наборы по несколько коробок пакуются в прочные гофрокороба, возможно дальнейшее паллетирование. Соотношение высокого качества и доступных цен смогли завоевать доверие потребителей из многих регионов России. Будем рады видеть Вас в числе наших постоянных клиентов!",,,sales@ghsz.ru,7 (499) 346-09-95,https://catalog.hhexpo.ru/companies/company/156645-promsiz.html,156645,keep,"ПромСиз | Россия | 9C4-02 | ООО ОП «ПромСИЗ» – ""PROMSIZ. Decorated glass"" находится в городе Гусь-Хрустальный – городе мастеров стекла, в котором традиции производства стекла и хрусталя заложены несколько веков назад. Наша компания занимается декорированием питьевой сортовой посуды. Технология производства отлажена в соответствии с новейшими, передовыми разработками современной науки в сфере нанесения покрытий на изделия из стекла... ООО ОП «ПромСИЗ» – ""PROMSIZ. Decorated g | categories: Посуда для сервировки",parsed,,2026-08-24T05:47:24Z,household-expo-autumn-2026-official-catalog-signo-v1.0.1,ok,ok,Russia row with qualifying HouseHold Expo product/category evidence; incidental service/logistics/marketing/design words were ignored.,repeat,exact normalized email matched current Twenty repeat index,sales@ghsz.ru,,ПромСИЗ,sales@ghsz.ru,ghsz.ru,official catalog detail,,catalog_email_present,,public email visible in official catalogue detail,sales@ghsz.ru,public catalogue/contact email
HouseHold Expo. Осень 2026,8–10 сентября 2026,ПСКОВСКИЙ ГОНЧАР,Псковский Гончар,посуда для приготовления,Россия,Москва,,11C1-03,"Крокус Экспо, Павильон 2, залы 9-10-11",Посуда для приготовления,"Борисовская керамика и Псковский гончар являются самыми крупными в России производителями майоликовой толстостенной керамики из красной глины и несомненным лидером по производству горшков для запекания и жаркого. Для производства изделий, Борисовская керамика и Псковкий гончар используют экологически чистые материалы. Уникальные свойства красной глины позволяют посуде обеспечивать «эффект запекания» или, как еще говорят, «эффект русской печи» при приготовлении блюд.",,https://goncharpsk.ru/,info@goncharpsk.ru,8(47246)5-00-71,https://catalog.hhexpo.ru/companies/company/156648-pskovskij-gonchar.html,156648,keep,"ПСКОВСКИЙ ГОНЧАР | Россия | 11C1-03 | Борисовская керамика и Псковский гончар являются самыми крупными в России производителями майоликовой толстостенной керамики из красной глины и несомненным лидером по производству горшков для запекания и жаркого. Для производства изделий, Борисовская керамика и Псковкий гончар используют экологически чистые материалы. Уникальные свойства красной глины позволяют посуде обеспечивать «эффект запекания» или, как еще говорят, «эффект русской печи» при | categories: Посуда для приготовления",parsed,,2026-08-24T05:47:24Z,household-expo-autumn-2026-official-catalog-signo-v1.0.1,ok,ok,Russia row with qualifying HouseHold Expo product/category evidence; incidental service/logistics/marketing/design words were ignored.,repeat,company-owned domain matched current Twenty repeat index,,goncharpsk.ru,Завод Псковский гончар,info@goncharpsk.ru,goncharpsk.ru,official catalog detail,,catalog_email_present,,public email visible in official catalogue detail,info@goncharpsk.ru,public catalogue/contact email
HouseHold Expo. Осень 2026,8–10 сентября 2026,РОСТИ,РОСТИ,товары для дачи и благоустройства,Россия,Москва,,10A2-02,"Крокус Экспо, Павильон 2, залы 9-10-11",Дача и благоустройство,"ТПК «РОСТИ» – стратегический поставщик для агробизнеса и защиты от вредителей. Мы производим и поставляем средства от насекомых и грызунов, сзр, семена и удобрения для россии и стран еас. Наша экспертиза базируется на сочетании проверенной химии и инновационной биологии (бренд tut bio), что позволяет удовлетворять запросы рынка по эффективности и экологичности. Наша цель – быть драйвером роста для вашего бизнеса, помогая дистрибьюторам занимать лидирующие позиции, а селлерам на маркетплейсах – зарабатывать на товарах с высокой маржой.",,,info@tpkrosti.rutpkrosti.ru,861) 279-00-74,https://catalog.hhexpo.ru/companies/company/156660-rosti.html,156660,keep,"РОСТИ | Россия | 10A2-02 | ТПК «РОСТИ» – стратегический поставщик для агробизнеса и защиты от вредителей. Мы производим и поставляем средства от насекомых и грызунов, сзр, семена и удобрения для россии и стран еас. Наша экспертиза базируется на сочетании проверенной химии и инновационной биологии (бренд tut bio), что позволяет удовлетворять запросы рынка по эффективности и экологичности. Наша цель – быть драйвером роста для вашего бизнеса, помогая дистрибьюторам занимать л | categories: Дача и благоустройство",parsed,,2026-08-24T05:47:24Z,household-expo-autumn-2026-official-catalog-signo-v1.0.1,ok,ok,Russia row with qualifying HouseHold Expo product/category evidence; incidental service/logistics/marketing/design words were ignored.,new,,,,,info@tpkrosti.rutpkrosti.ru,tpkrosti.rutpkrosti.ru,official catalog detail,,catalog_email_present,,public email visible in official catalogue detail,info@tpkrosti.rutpkrosti.ru,public catalogue/contact email
HouseHold Expo. Осень 2026,8–10 сентября 2026,РУБИН,РУБИН,декор и предметы интерьера,Россия,Москва,,9A5-01,"Крокус Экспо, Павильон 2, залы 9-10-11","Декор, оформление и предметы интерьера","Уральский интерьерный завод «Рубин» с 2007 года производит в Арамиле часы и зеркала на собственном производстве полного цикла. Мы выпускаем более 1000 моделей часов и будильников из пластика, стекла, дерева и металла. Производим базовые модели, а также часы для кухни, детской комнаты, школы и офиса, премиальные коллекции и праздничные серии. Также мы создаём интерьерные и сантехнические зеркала... Уральский интерьерный завод «Рубин» с 2007 года производит в Арамиле часы и зеркала на собственном производстве полного цикла. Мы выпускаем более 1000 моделей часов и будильников из пластика, стекла, дерева и металла. Производим базовые модели, а также часы для кухни, детской комнаты, школы и офиса, премиальные коллекции и праздничные серии. Также мы создаём интерьерные и сантехнические зеркала. В нашем ассортименте более 200 SKU: настенные и напольные модели, зеркала в металлических и пластиковых корпусах, а также без рам. Доступны как классические, так и технологичные модели с LED-подсветкой, степенью защиты IP44 и «умным» управлением. В производстве мы используем светодиодную ленту с высокой плотностью светодиодов, которая обеспечивает мягкое и равномерное свечение. Работаем как с готовым ассортиментом, так и с индивидуальными заказами. Производим продукцию под собственной торговой маркой заказчика, выполняем брендирование, разрабатываем модели по техническому заданию и адаптируем изделия к требованиям проекта. Для партнёров мы предлагаем прямые цены производителя, широкий выбор продукции и надёжное исполнение обязательств.",,https://rubin-time.com/,admin@rubin-time.ru,7 (343) 31-777-71,https://catalog.hhexpo.ru/companies/company/156663-rubin.html,156663,keep,"РУБИН | Россия | 9A5-01 | Уральский интерьерный завод «Рубин» с 2007 года производит в Арамиле часы и зеркала на собственном производстве полного цикла. Мы выпускаем более 1000 моделей часов и будильников из пластика, стекла, дерева и металла. Производим базовые модели, а также часы для кухни, детской комнаты, школы и офиса, премиальные коллекции и праздничные серии. Также мы создаём интерьерные и сантехнические зеркала... Уральский интерьерный завод «Рубин» с 2007 года п | categories: Декор, оформление и предметы интерьера",parsed,,2026-08-24T05:47:24Z,household-expo-autumn-2026-official-catalog-signo-v1.0.1,ok,ok,Russia row with qualifying HouseHold Expo product/category evidence; incidental service/logistics/marketing/design words were ignored.,repeat,company-owned domain matched current Twenty repeat index,,rubin-time.ru,Уральский часовой завод Рубин,admin@rubin-time.ru,rubin-time.ru; rubin-time.com,official catalog detail,,catalog_email_present,,public email visible in official catalogue detail,admin@rubin-time.ru,public catalogue/contact email
HouseHold Expo. Осень 2026,8–10 сентября 2026,РАЙВЕР,Райвер,посуда для приготовления; сервировочная посуда; кухонные принадлежности; бытовая техника и электроника,Россия,Москва,,11К1-02,"Крокус Экспо, Павильон 2, залы 9-10-11",Посуда для приготовления; Посуда для сервировки; Аксессуары и инструменты для кухни; Бытовая техника и электроника,"Общество с ограниченной ответственностью ""Райвер""",,https://www.raiver.ru/,zakup@raiver.ru,8-938-155-99-95,https://catalog.hhexpo.ru/companies/company/156651-rajver.html,156651,keep,"РАЙВЕР | Россия | 11К1-02 | Общество с ограниченной ответственностью ""Райвер"" | categories: Посуда для приготовления; Посуда для сервировки; Аксессуары и инструменты для кухни; Бытовая техника и электроника",parsed,,2026-08-24T05:47:24Z,household-expo-autumn-2026-official-catalog-signo-v1.0.1,ok,ok,Russia row with qualifying HouseHold Expo product/category evidence; incidental service/logistics/marketing/design words were ignored.,new,,,,,zakup@raiver.ru,raiver.ru,official catalog detail,,catalog_email_present,,public email visible in official catalogue detail,zakup@raiver.ru,public catalogue/contact email
HouseHold Expo. Осень 2026,8–10 сентября 2026,РИНИКС,Риникс,кухонные принадлежности,Россия,Москва,,11A4-02,"Крокус Экспо, Павильон 2, залы 9-10-11",Аксессуары и инструменты для кухни,"Компания «РИНИКС» является активным участником рынка по продаже профессиональных ножей, кухонных принадлежностей и предметов сервировки из высококачественной коррозионностойкой стали, силикона, алюминия.",,,riniks@marvelgroup.ru,9031112021,https://catalog.hhexpo.ru/companies/company/156657-riniks.html,156657,keep,"РИНИКС | Россия | 11A4-02 | Компания «РИНИКС» является активным участником рынка по продаже профессиональных ножей, кухонных принадлежностей и предметов сервировки из высококачественной коррозионностойкой стали, силикона, алюминия. | categories: Аксессуары и инструменты для кухни",parsed,,2026-08-24T05:47:24Z,household-expo-autumn-2026-official-catalog-signo-v1.0.1,ok,ok,Russia row with qualifying HouseHold Expo product/category evidence; incidental service/logistics/marketing/design words were ignored.,new,,,,,riniks@marvelgroup.ru,marvelgroup.ru,official catalog detail,,catalog_email_present,,public email visible in official catalogue detail,riniks@marvelgroup.ru,public catalogue/contact email
HouseHold Expo. Осень 2026,8–10 сентября 2026,РОСМЭН,Росмэн,товары для спорта и активного отдыха,Россия,Москва,,9A4-02,"Крокус Экспо, Павильон 2, залы 9-10-11",Спорт и активный отдых,"Термосы Bestie от Asobu - это не просто термосы для воды. Bestie — это очаровательные персонажи с собственным характером, которые превращают обычное питьё в игру.",,,info@hhexpo.ru,+7 (495) 363-50-32,https://catalog.hhexpo.ru/companies/company/160437-rosmen.html,160437,keep,"РОСМЭН | Россия | 9A4-02 | Термосы Bestie от Asobu - это не просто термосы для воды. Bestie — это очаровательные персонажи с собственным характером, которые превращают обычное питьё в игру. | categories: Спорт и активный отдых",parsed,,2026-08-24T05:47:24Z,household-expo-autumn-2026-official-catalog-signo-v1.0.1,ok,ok,Russia row with qualifying HouseHold Expo product/category evidence; incidental service/logistics/marketing/design words were ignored.,new,,,,,info@hhexpo.ru,hhexpo.ru,official catalog detail,,catalog_email_present,,public email visible in official catalogue detail,info@hhexpo.ru,public catalogue/contact email
HouseHold Expo. Осень 2026,8–10 сентября 2026,СНБИ,СНБИ,кухонные принадлежности; товары для уборки и хозтовары,Россия,Москва,,10D1-01,"Крокус Экспо, Павильон 2, залы 9-10-11",Аксессуары и инструменты для кухни; Хозтовары и уборка,"Наша компания Торговый Дом «СНБи» – один из лидеров на российском рынке товаров HouseHold. Мы производим товары для уборки, личной гигиены, приготовления и хранения пищи с 1997 года. Торговый Дом «СНБи» – это высокий уровень качества выпускаемой продукции, широкий ассортимент, современное производство, коллектив профессионалов, объединенных общей целью. Мы постоянно развиваемся, ищем пути улучшения качества продукции, создаем современный дизайн... Наша компания Торговый Дом «СНБи» – один из лидеров на российском рынке товаров HouseHold. Мы производим товары для уборки, личной гигиены, приготовления и хранения пищи с 1997 года. Торговый Дом «СНБи» – это высокий уровень качества выпускаемой продукции, широкий ассортимент, современное производство, коллектив профессионалов, объединенных общей целью. Мы постоянно развиваемся, ищем пути улучшения качества продукции, создаем современный дизайн. Все это позволяет нам производить конкурентоспособную продукцию, привлекательную для конечного потребителя. В основе наших партнерских отношений – взаимовыгодное сотрудничество, совместный рост, общие цели. Компания Торговый Дом «СНБи» поставляет продукцию во все регионы Российский Федерации и СНГ, и продолжает развиваться, наращивая объемы производства.",,,info@stbs.ru,7 (8412) 23-99-77,https://catalog.hhexpo.ru/companies/company/156681-snbi.html,156681,keep,"СНБИ | Россия | 10D1-01 | Наша компания Торговый Дом «СНБи» – один из лидеров на российском рынке товаров HouseHold. Мы производим товары для уборки, личной гигиены, приготовления и хранения пищи с 1997 года. Торговый Дом «СНБи» – это высокий уровень качества выпускаемой продукции, широкий ассортимент, современное производство, коллектив профессионалов, объединенных общей целью. Мы постоянно развиваемся, ищем пути улучшения качества продукции, создаем современный дизайн.. | categories: Аксессуары и инструменты для кухни; Хозтовары и уборка",parsed,,2026-08-24T05:47:25Z,household-expo-autumn-2026-official-catalog-signo-v1.0.1,ok,ok,Russia row with qualifying HouseHold Expo product/category evidence; incidental service/logistics/marketing/design words were ignored.,new,,,,,info@stbs.ru,stbs.ru,official catalog detail,,catalog_email_present,,public email visible in official catalogue detail,info@stbs.ru,public catalogue/contact email
HouseHold Expo. Осень 2026,8–10 сентября 2026,САМСОН,Самсон,товары для уборки и хозтовары,Россия,Москва,,10A1-01,"Крокус Экспо, Павильон 2, залы 9-10-11",Хозтовары и уборка,"Группа компаний «Самсон» – динамично развивающаяся компания, крупнейший оператор на рынке дистрибуции товаров для офиса, школы и дома, который сделает Ваш бизнес успешным. Мы обеспечиваем поставки товаров в любую точку России за 24 часа, а также доставляем заказы во все страны Евразийского экономического союза и ближнего зарубежья.",,,vrn@samsonopt.ru,473) 250-26-86,https://catalog.hhexpo.ru/companies/company/156672-samson.html,156672,keep,"САМСОН | Россия | 10A1-01 | Группа компаний «Самсон» – динамично развивающаяся компания, крупнейший оператор на рынке дистрибуции товаров для офиса, школы и дома, который сделает Ваш бизнес успешным. Мы обеспечиваем поставки товаров в любую точку России за 24 часа, а также доставляем заказы во все страны Евразийского экономического союза и ближнего зарубежья. | categories: Хозтовары и уборка",parsed,,2026-08-24T05:47:25Z,household-expo-autumn-2026-official-catalog-signo-v1.0.1,ok,ok,Russia row with qualifying HouseHold Expo product/category evidence; incidental service/logistics/marketing/design words were ignored.,new,,,,,vrn@samsonopt.ru,samsonopt.ru,official catalog detail,,catalog_email_present,,public email visible in official catalogue detail,vrn@samsonopt.ru,public catalogue/contact email
HouseHold Expo. Осень 2026,8–10 сентября 2026,СЕРВЕР,Сервер,декор и предметы интерьера,Россия,Москва,,11A1-02,"Крокус Экспо, Павильон 2, залы 9-10-11","Декор, оформление и предметы интерьера","ООО «СЕРВЕР» — российская оптовая компания, успешно работающая на рынке с 1993 года. Более 30 лет мы развиваем долгосрочные партнерские отношения с ведущими европейскими производителями и поставляем продукцию на эксклюзивной основе. Наш ассортимент включает ароматические свечи и диффузоры, интерьерную керамику, подарочную косметику, куклы европейских брендов, товары для дома, сумки-тележки, автомобильные ароматизаторы и другую продукцию для розничной торговли... ООО «СЕРВЕР» — российская оптовая компания, успешно работающая на рынке с 1993 года. Более 30 лет мы развиваем долгосрочные партнерские отношения с ведущими европейскими производителями и поставляем продукцию на эксклюзивной основе. Наш ассортимент включает ароматические свечи и диффузоры, интерьерную керамику, подарочную косметику, куклы европейских брендов, товары для дома, сумки-тележки, автомобильные ароматизаторы и другую продукцию для розничной торговли. Мы сотрудничаем с производителями из Испании, Италии, Бельгии и Польши, уделяя особое внимание качеству продукции, современному дизайну и соответствию требованиям российского рынка. Компания работает с федеральными и региональными торговыми сетями, специализированными магазинами, оптовыми компаниями, дистрибьюторами и маркетплейсами. Мы обеспечиваем полный цикл сопровождения продукции: импорт, сертификацию, маркировку, логистику и своевременные поставки. Постоянно расширяем ассортимент, выводим на российский рынок новые европейские бренды и предлагаем партнерам эксклюзивные коллекции, востребованные в различных ценовых сегментах. Будем рады обсудить возможности сотрудничества и представить наши новинки на выставке.",,http://www.server-co.ru,om@vigar-russia.ru,7 (495) 623-13-82; 628-19-40,https://catalog.hhexpo.ru/companies/company/156678-server.html,156678,keep,"СЕРВЕР | Россия | 11A1-02 | ООО «СЕРВЕР» — российская оптовая компания, успешно работающая на рынке с 1993 года. Более 30 лет мы развиваем долгосрочные партнерские отношения с ведущими европейскими производителями и поставляем продукцию на эксклюзивной основе. Наш ассортимент включает ароматические свечи и диффузоры, интерьерную керамику, подарочную косметику, куклы европейских брендов, товары для дома, сумки-тележки, автомобильные ароматизаторы и другую продукцию для розни | categories: Декор, оформление и предметы интерьера",parsed,,2026-08-24T05:47:25Z,household-expo-autumn-2026-official-catalog-signo-v1.0.1,ok,ok,Russia row with qualifying HouseHold Expo product/category evidence; incidental service/logistics/marketing/design words were ignored.,new,,,,,om@vigar-russia.ru,vigar-russia.ru; server-co.ru,official catalog detail,,catalog_email_present,,public email visible in official catalogue detail,om@vigar-russia.ru,public catalogue/contact email
HouseHold Expo. Осень 2026,8–10 сентября 2026,СТАЛЬЭМАЛЬ,Стальэмаль,посуда для приготовления; кухонные принадлежности,Россия,Москва,,11F3-01,"Крокус Экспо, Павильон 2, залы 9-10-11",Посуда для приготовления; Аксессуары и инструменты для кухни,"Сегодня ООО «СТАЛЬЭМАЛЬ» является лидером рынка эмалированной посуды, успешно работающим во всех ценовых сегментах. Это достигается путем постоянного совершенствования производственных процессов, инвестиций в основные средства и эффективной торговой политикой. Особое внимание уделяется Системе менеджмента качества, которая постоянно совершенствуется в связи с запусками новых и улучшениями уже действующих процессов. Мы работаем с крупными поставщиками сырья и материалов, зарекомендовавших себя на мировом рынке.",,,info@stalemal.ru,7 (8202) 61-03-51,https://catalog.hhexpo.ru/companies/company/156684-stalemal.html,156684,keep,"СТАЛЬЭМАЛЬ | Россия | 11F3-01 | Сегодня ООО «СТАЛЬЭМАЛЬ» является лидером рынка эмалированной посуды, успешно работающим во всех ценовых сегментах. Это достигается путем постоянного совершенствования производственных процессов, инвестиций в основные средства и эффективной торговой политикой. Особое внимание уделяется Системе менеджмента качества, которая постоянно совершенствуется в связи с запусками новых и улучшениями уже действующих процессов. Мы работаем с крупными поставщи | categories: Посуда для приготовления; Аксессуары и инструменты для кухни",parsed,,2026-08-24T05:47:25Z,household-expo-autumn-2026-official-catalog-signo-v1.0.1,ok,ok,Russia row with qualifying HouseHold Expo product/category evidence; incidental service/logistics/marketing/design words were ignored.,repeat,exact normalized email matched current Twenty repeat index,info@stalemal.ru,,Стальэмаль,info@stalemal.ru,stalemal.ru,official catalog detail,,catalog_email_present,,public email visible in official catalogue detail,info@stalemal.ru,public catalogue/contact email
HouseHold Expo. Осень 2026,8–10 сентября 2026,СТАНДАРТ ПЛАСТИК ГРУПП,Стандарт Пластик Групп,кухонные принадлежности; системы хранения и органайзеры; товары для уборки и хозтовары; мебель для дома; товары для дачи и благоустройства,Россия,Москва,,10B5-05,"Крокус Экспо, Павильон 2, залы 9-10-11","Аксессуары и инструменты для кухни; Системы хранения, органайзеры; Хозтовары и уборка; Мебель; Дача и благоустройство","Стандарт Пластик Групп — более 17 лет на рынке. Мы являемся одним из ведущих производителей крупногабаритных пластиковых изделий, товаров широкого потребления, упаковки и одноразовой посуды в России. Ключевые компетенции: Разработка и производство изделий из пластика под заказ. Проектирование и изготовление пресс-форм любой сложности (собственный инструментальный цех)... Стандарт Пластик Групп — более 17 лет на рынке. Мы являемся одним из ведущих производителей крупногабаритных пластиковых изделий, товаров широкого потребления, упаковки и одноразовой посуды в России. Ключевые компетенции: Разработка и производство изделий из пластика под заказ. Проектирование и изготовление пресс-форм любой сложности (собственный инструментальный цех). Полный цикл: от идеи до готовой продукции. Для кого работаем: Розничные сети и дистрибьюторы (товары для дома, посуда, упаковка). Промышленные предприятия (крупногабаритные технические изделия). Почему выбирают нас: ✅ Собственное производство — контроль качества на всех этапах. ✅ Гибкость — работаем как с типовыми, так и с уникальными заказами. ✅ Надежность — более 2000 партнеров по всей России. Приходите на наш стенд — обсудим ваши задачи и предложим лучшие решения!",,https://standartplastik.ru,marketolog@spgrup.ru,+79087806476,https://catalog.hhexpo.ru/companies/company/156687-standart-plastik.html,156687,keep,"СТАНДАРТ ПЛАСТИК ГРУПП | Россия | 10B5-05 | Стандарт Пластик Групп — более 17 лет на рынке. Мы являемся одним из ведущих производителей крупногабаритных пластиковых изделий, товаров широкого потребления, упаковки и одноразовой посуды в России. Ключевые компетенции: Разработка и производство изделий из пластика под заказ. Проектирование и изготовление пресс-форм любой сложности (собственный инструментальный цех)... Стандарт Пластик Групп — более 17 лет на рынке. Мы являемся одним из ведущих | categories: Аксессуары и инструменты для кухни; Системы хранения, органайзеры; Хозтовары и уборка; Мебель; Дача и благоустройство",parsed,,2026-08-24T05:47:25Z,household-expo-autumn-2026-official-catalog-signo-v1.0.1,ok,ok,Russia row with qualifying HouseHold Expo product/category evidence; incidental service/logistics/marketing/design words were ignored.,repeat,company-owned domain matched current Twenty repeat index,,standartplastik.ru,Стандарт Пластик Групп,marketolog@spgrup.ru,spgrup.ru; standartplastik.ru,official catalog detail,,catalog_email_present,,public email visible in official catalogue detail,marketolog@spgrup.ru,public catalogue/contact email
HouseHold Expo. Осень 2026,8–10 сентября 2026,СТО МАСТЕРОВ,Сто Мастеров,мебель для дома,Россия,Москва,,10B5-03,"Крокус Экспо, Павильон 2, залы 9-10-11",,"Компания «Байчжэн» была основана в 1994 году. Первая штаб-квартира компании находилась в Уссурийске, Приморский край, Россия. На данный момент компания является одним из самых надежных брендов мебели и товаров для дома среди малых и средних поставщиков товаров в России. Опираясь на бизнес-философию «практично, удобно и надёжно», компания стабильно предоставляет покупателям широкий ассортимент товаров на любой вкус по выгодным ценам. Таким образом, вот уже более 32 лет более 1000 предпринимателей в России отдают предпочтение Байчжэн.",,http://www.baizheng.ru,baizheng77@mail.ru,+79261392071,https://catalog.hhexpo.ru/companies/company/156690-sto-masterov.html,156690,keep,"СТО МАСТЕРОВ | Россия | 10B5-03 | Компания «Байчжэн» была основана в 1994 году. Первая штаб-квартира компании находилась в Уссурийске, Приморский край, Россия. На данный момент компания является одним из самых надежных брендов мебели и товаров для дома среди малых и средних поставщиков товаров в России. Опираясь на бизнес-философию «практично, удобно и надёжно», компания стабильно предоставляет покупателям широкий ассортимент товаров на любой вкус по выгодным ценам. Таким образом",parsed,,2026-08-24T05:47:25Z,household-expo-autumn-2026-official-catalog-signo-v1.0.1,ok,ok,Russia row with qualifying HouseHold Expo product/category evidence.,new,,,,,baizheng77@mail.ru,baizheng.ru,official catalog detail,,catalog_email_present,,public email visible in official catalogue detail,baizheng77@mail.ru,public catalogue/contact email
HouseHold Expo. Осень 2026,8–10 сентября 2026,Текстильная фирма «Арженское сукно»,Текстильная фирма «Арженское сукно»,домашний текстиль,Россия,Москва,,11K2-03,"Крокус Экспо, Павильон 2, залы 9-10-11",,-,,,pryazha68@bk.ru,+79108520376,https://catalog.hhexpo.ru/companies/company/160248-tekstilnaya-firma-arzhenskoe-sukno.html,160248,keep,Текстильная фирма «Арженское сукно» | Россия | 11K2-03 | -,parsed,,2026-08-24T05:47:26Z,household-expo-autumn-2026-official-catalog-signo-v1.0.1,ok,ok,Russia row with qualifying HouseHold Expo product/category evidence.,new,,,,,pryazha68@bk.ru,,official catalog detail,,catalog_email_present,,public email visible in official catalogue detail,pryazha68@bk.ru,public catalogue/contact email
HouseHold Expo. Осень 2026,8–10 сентября 2026,ТЕХМАРКЕТ,Техмаркет,посуда для приготовления; сервировочная посуда; домашний текстиль; товары для уборки и хозтовары; товары для дачи и благоустройства,Россия,Москва,,11D1-01,"Крокус Экспо, Павильон 2, залы 9-10-11",Посуда для приготовления; Посуда для сервировки; Домашний текстиль; Хозтовары и уборка; Дача и благоустройство,"Компания «Техмаркет» успешно работает на оптовом рынке бытовой техники, хозяйственных товаров и посуды. С момента образования в 1995 году фирма прочно утвердилась на передовых позициях в области продаж, являясь дилером популярных производителей России. С 2008 года компания осуществляет внешнеэкономическую деятельность, постоянно расширяя свой ассортимент новинками и популярными на Российском рынке позициями. Определяющими принципами работы нашей компании являются взаимовыгодные честные и прозрачные отношения с партнерами. Множество клиентов и поставщиков уже работают с нами. Мы всегда рады новым партнерам. Хороших и стабильных продаж.",,,info@gracenn.ru,8 (831) 275-97-97,https://catalog.hhexpo.ru/companies/company/156699-tekhmarket.html,156699,keep,"ТЕХМАРКЕТ | Россия | 11D1-01 | Компания «Техмаркет» успешно работает на оптовом рынке бытовой техники, хозяйственных товаров и посуды. С момента образования в 1995 году фирма прочно утвердилась на передовых позициях в области продаж, являясь дилером популярных производителей России. С 2008 года компания осуществляет внешнеэкономическую деятельность, постоянно расширяя свой ассортимент новинками и популярными на Российском рынке позициями. Определяющими принципами работы нашей | categories: Посуда для приготовления; Посуда для сервировки; Домашний текстиль; Хозтовары и уборка; Дача и благоустройство",parsed,,2026-08-24T05:47:26Z,household-expo-autumn-2026-official-catalog-signo-v1.0.1,ok,ok,Russia row with qualifying HouseHold Expo product/category evidence; incidental service/logistics/marketing/design words were ignored.,new,,,,,info@gracenn.ru,gracenn.ru,official catalog detail,,catalog_email_present,,public email visible in official catalogue detail,info@gracenn.ru,public catalogue/contact email
HouseHold Expo. Осень 2026,8–10 сентября 2026,ТЕХНОЛОГИИ ЧИСТОТЫ,Технологии Чистоты,товары для уборки и хозтовары,Россия,Москва,,10D2-02,"Крокус Экспо, Павильон 2, залы 9-10-11",Хозтовары и уборка,"ООО ""Технологии чистоты"" - производитель губок и мочалок для дома и ухода за телом. Ассортимент включает губки для мытья посуды, уборки и купания, нейлоновые и вязанные мочалки, а также широкий ассортимент детских губок для купания. Мы сотрудничаем с крупными розничными сетями, поставляя продукцию как под собственным брендом, так и под СТМ. Используем высококачественное отечественное сырье.",,https://rilly.ru/,ufa@rilly.ru,+79876040130,https://catalog.hhexpo.ru/companies/company/156702-tekhnologii-chistoty.html,156702,keep,"ТЕХНОЛОГИИ ЧИСТОТЫ | Россия | 10D2-02 | ООО ""Технологии чистоты"" - производитель губок и мочалок для дома и ухода за телом. Ассортимент включает губки для мытья посуды, уборки и купания, нейлоновые и вязанные мочалки, а также широкий ассортимент детских губок для купания. Мы сотрудничаем с крупными розничными сетями, поставляя продукцию как под собственным брендом, так и под СТМ. Используем высококачественное отечественное сырье. | categories: Хозтовары и уборка",parsed,,2026-08-24T05:47:26Z,household-expo-autumn-2026-official-catalog-signo-v1.0.1,ok,ok,Russia row with qualifying HouseHold Expo product/category evidence; incidental service/logistics/marketing/design words were ignored.,new,,,,,ufa@rilly.ru,rilly.ru,official catalog detail,,catalog_email_present,,public email visible in official catalogue detail,ufa@rilly.ru,public catalogue/contact email
HouseHold Expo. Осень 2026,8–10 сентября 2026,ФАНБОКС,Фанбокс,системы хранения и органайзеры; детские товары и игрушки,Россия,Москва,,10B5-04,"Крокус Экспо, Павильон 2, залы 9-10-11",,"FunZone — российский производитель товаров для дома из пластика. Мы команда увлеченных профессионалов, создающих классные товары для организации хранения, уборки и приготовления пищи, которые может позволить себе каждый. Продукты FunZone – это современный дизайн, продуманный конструктив и лучшая цена. Мы предлагаем оптимальный ассортимент товаров - хитов, пользующихся высоким спросом у покупателей. Под зонтичным брендом FunZone объединены торговые марки – специалисты в своей категории. FunBox - ящики и органайзеры для домашнего хранения: в гостиной, кладовой, гардеробной, в детской комнате, на кухне. FunСook – кухонные принадлежности для хранения, приготовления и сервировки. FunTouch - принадлежности для уборки и поддержания порядка.",,http://www.funzone.su,n.zekunova@funzone.su,+79169009307,https://catalog.hhexpo.ru/companies/company/156708-fanboks.html,156708,keep,"ФАНБОКС | Россия | 10B5-04 | FunZone — российский производитель товаров для дома из пластика. Мы команда увлеченных профессионалов, создающих классные товары для организации хранения, уборки и приготовления пищи, которые может позволить себе каждый. Продукты FunZone – это современный дизайн, продуманный конструктив и лучшая цена. Мы предлагаем оптимальный ассортимент товаров - хитов, пользующихся высоким спросом у покупателей. Под зонтичным брендом FunZone объединены торговы",parsed,,2026-08-24T05:47:26Z,household-expo-autumn-2026-official-catalog-signo-v1.0.1,ok,ok,Russia row with qualifying HouseHold Expo product/category evidence; incidental service/logistics/marketing/design words were ignored.,new,,,,,n.zekunova@funzone.su,funzone.su,official catalog detail,,catalog_email_present,,public email visible in official catalogue detail,n.zekunova@funzone.su,public catalogue/contact email
HouseHold Expo. Осень 2026,8–10 сентября 2026,ХАНПЛАСТ,Ханпласт,товары для дома из пластика; товары для дачи и благоустройства; детские товары и игрушки,Россия,Москва,,10B1--02,"Крокус Экспо, Павильон 2, залы 9-10-11",,"Компания Ханпласт – производитель пластмассовых изделий народного потребления- предметов домашнего обихода, сада и огорода, детских товаров из Республики Татарстан. Товары марки Ханпласт успешно реализуются как по территории Российской Федерации, так и в ближних странах. Продукция нашей компании широко представлена в крупных универсальных и специализированных магазинах во всех субъектах Российской Федерации.",,,hanplast@mail.ru,89874239595,https://catalog.hhexpo.ru/companies/company/156711-khanplast.html,156711,keep,"ХАНПЛАСТ | Россия | 10B1--02 | Компания Ханпласт – производитель пластмассовых изделий народного потребления- предметов домашнего обихода, сада и огорода, детских товаров из Республики Татарстан. Товары марки Ханпласт успешно реализуются как по территории Российской Федерации, так и в ближних странах. Продукция нашей компании широко представлена в крупных универсальных и специализированных магазинах во всех субъектах Российской Федерации.",parsed,,2026-08-24T05:47:27Z,household-expo-autumn-2026-official-catalog-signo-v1.0.1,ok,ok,Russia row with qualifying HouseHold Expo product/category evidence; incidental service/logistics/marketing/design words were ignored.,new,,,,,hanplast@mail.ru,,official catalog detail,,catalog_email_present,,public email visible in official catalogue detail,hanplast@mail.ru,public catalogue/contact email
HouseHold Expo. Осень 2026,8–10 сентября 2026,ЭРГ-АЛ,Эрг-Ал,посуда для приготовления; кухонные принадлежности,Россия,Москва,,11N1-01,"Крокус Экспо, Павильон 2, залы 9-10-11",Посуда для приготовления; Аксессуары и инструменты для кухни,"Предприятие выпускает широкий ассортимент алюминиевой продукции бытового назначения: посуду, столовые приборы, хлебные формы и является единственным в России производителем алюминиевых электрочайников. ООО «ЭРГ-АЛ» имеет сильную инструментальную базу, изготавливает штампы, оправки и др. инструмент. Компания производит множество нестандартных штампованных изделий, которые не отраженны в нашем прайсе, имеет большой опыт работы в ротационной вытяжке. Мы заинтересованы в сотрудничестве в данных областях.",,,posuda-al@yandex.ru,7 (499) 267-83-25,https://catalog.hhexpo.ru/companies/company/156717-erg-al.html,156717,keep,"ЭРГ-АЛ | Россия | 11N1-01 | Предприятие выпускает широкий ассортимент алюминиевой продукции бытового назначения: посуду, столовые приборы, хлебные формы и является единственным в России производителем алюминиевых электрочайников. ООО «ЭРГ-АЛ» имеет сильную инструментальную базу, изготавливает штампы, оправки и др. инструмент. Компания производит множество нестандартных штампованных изделий, которые не отраженны в нашем прайсе, имеет большой опыт работы в ротационной вытяжке | categories: Посуда для приготовления; Аксессуары и инструменты для кухни",parsed,,2026-08-24T05:47:27Z,household-expo-autumn-2026-official-catalog-signo-v1.0.1,ok,ok,Russia row with qualifying HouseHold Expo product/category evidence; incidental service/logistics/marketing/design words were ignored.,new,,,,,posuda-al@yandex.ru,,official catalog detail,,catalog_email_present,,public email visible in official catalogue detail,posuda-al@yandex.ru,public catalogue/contact email
HouseHold Expo. Осень 2026,8–10 сентября 2026,Эшли декор,Эшли декор,декор и предметы интерьера,Россия,Москва,,9В14-08,"Крокус Экспо, Павильон 2, залы 9-10-11","Декор, оформление и предметы интерьера","Более 16 лет компания специализируется на предметах декора для дома, которые так же могут стать оригинальным подарком. В новогоднем ассортименте более 100 дизайнов подвесов из полистоуна, а также подсвечники. Пасхальная коллекция представлена большим ассортиментом декоративных подвесов из керамики, папье-маше, а так же оригинальными вазами и шкатулками из керамики. Всесезонные позиции представлены оригинальными свечами на батарейках. Свечи в нескольких размерах и дизайнах. Так же в ассортименте капсулы для стирки.",,http://эшли.com,salon.ashley@mail.ru,+79105430627,https://catalog.hhexpo.ru/companies/company/156486-verde.html,156486,keep,"Эшли декор | Россия | 9В14-08 | Более 16 лет компания специализируется на предметах декора для дома, которые так же могут стать оригинальным подарком. В новогоднем ассортименте более 100 дизайнов подвесов из полистоуна, а также подсвечники. Пасхальная коллекция представлена большим ассортиментом декоративных подвесов из керамики, папье-маше, а так же оригинальными вазами и шкатулками из керамики. Всесезонные позиции представлены оригинальными свечами на батарейках. Свечи в неск | categories: Декор, оформление и предметы интерьера",parsed,,2026-08-24T05:47:27Z,household-expo-autumn-2026-official-catalog-signo-v1.0.1,ok,ok,Russia row with qualifying HouseHold Expo product/category evidence; incidental service/logistics/marketing/design words were ignored.,new,,,,,salon.ashley@mail.ru,эшли.com,official catalog detail,,catalog_email_present,,public email visible in official catalogue detail,salon.ashley@mail.ru,public catalogue/contact email
HouseHold Expo. Осень 2026,8–10 сентября 2026,ЮНИТРЕЙД,Юнитрейд,кухонные принадлежности; системы хранения и органайзеры,Россия,Москва,,10B0-03,"Крокус Экспо, Павильон 2, залы 9-10-11","Аксессуары и инструменты для кухни; Системы хранения, органайзеры","ООО ""Юнитрейд"" – динамично развивающийся Российский производитель изделий из металлической проволоки, трубы и листа. Основные направления деятельности: - Хозяйственные товары: Сушилки для посуды, Аксессуары для ванной, Кухонные принадлежности, Органайзеры, Товары для сада, Вешалки и подставки под обувь; - Металлообработка: Лазерная резка, Ковка; - Торговое оборудование; Работаем с: - Порошково-полимерным (краска из каталога RAL); - Гальваническим; - Термопластичным покрытием; - Нержавеющей сталью.",,,info@unitradeorel.ru,8 800 302-13-93,https://catalog.hhexpo.ru/companies/company/156723-yunitrejd.html,156723,keep,"ЮНИТРЕЙД | Россия | 10B0-03 | ООО ""Юнитрейд"" – динамично развивающийся Российский производитель изделий из металлической проволоки, трубы и листа. Основные направления деятельности: - Хозяйственные товары: Сушилки для посуды, Аксессуары для ванной, Кухонные принадлежности, Органайзеры, Товары для сада, Вешалки и подставки под обувь; - Металлообработка: Лазерная резка, Ковка; - Торговое оборудование; Работаем с: - Порошково-полимерным (краска из каталога RAL); - Гальваническим | categories: Аксессуары и инструменты для кухни; Системы хранения, органайзеры",parsed,,2026-08-24T05:47:27Z,household-expo-autumn-2026-official-catalog-signo-v1.0.1,ok,ok,Russia row with qualifying HouseHold Expo product/category evidence; incidental service/logistics/marketing/design words were ignored.,new,,,,,info@unitradeorel.ru,unitradeorel.ru,official catalog detail,,catalog_email_present,,public email visible in official catalogue detail,info@unitradeorel.ru,public catalogue/contact email
