event_name,company_name,company_short_name,products,country,city,address,stand,pavilion,rubrics,product_notes,brands,website,public_email,public_phone,source_url,exhibitor_id,evidence_snippet,source_sheet,parse_status,missing_fields,scraped_at,parser_version,company_legal,company_inn,company_ogrn,company_okved,company_okved_description,director_name,director_role,revenue_mln,revenue_year,net_profit_mln,net_profit_year,requisites_source,requisites_confidence,requisites_comment,target,telegram_payload
ИнтерАвтоМеханика 2026,"Airui Automotive Technology (Harbin) Co., Ltd.","Airui Automotive Technology (Harbin) Co., Ltd.",Запчасти и компоненты; Аккумуляторы и электроника; Аксессуары и тюнинг,Китай,,,8-602,Зал 8,Запчасти и компоненты; Аккумуляторы и электроника; Аксессуары и тюнинг,AIRUI была основана в 1989 году，интеграция научных исследований，производства и продаж，специализируется на новых ресурсных автомобильных выхлопных системах、Заправочных трубах、трубах охлаждения двигателя，а также на системах управления тепловым режимом и NVH для электромобилей.,,http://www.chinaairui.com,,,https://interauto-mechanica-floorplans-2026.pages.dev/#154692-airui-automotive-technology-harbin-co-ltd,154692-airui-automotive-technology-harbin-co-ltd,Запчасти и компоненты; Аккумуляторы и электроника; Аксессуары и тюнинг | AIRUI была основана в 1989 году，интеграция научных исследований，производства и продаж，специализируется на новых ресурсных автомобильных выхлопных системах、Заправочных трубах、трубах охлаждения двигателя，а также на системах управления тепловым режимом и NVH для электромобилей.,interauto_floorplans_2026,ok,,2026-08-22T20:10:23Z,interavtomehanika-2026-signo-workbook-v1.0.1,,,,,,,,,,,,,,Иностранная компания (Китай); российское юрлицо не разыскивается.,нет,interautomechanica2026_deal_154692
ИнтерАвтоМеханика 2026,ANHUI JEM TECHNOLOGY DEVELOPMENT CO.，LTD,ANHUI JEM TECHNOLOGY DEVELOPMENT CO.，LTD,Запчасти и компоненты; Аккумуляторы и электроника; Аксессуары и тюнинг,Китай,,,8-830.1,Зал 8,Запчасти и компоненты; Аккумуляторы и электроника; Аксессуары и тюнинг,,,https://jemfilm.com/,,,https://interauto-mechanica-floorplans-2026.pages.dev/#156774-anhui-jem-technology-development-co-ltd,156774-anhui-jem-technology-development-co-ltd,Запчасти и компоненты; Аккумуляторы и электроника; Аксессуары и тюнинг,interauto_floorplans_2026,partial_missing_fields,product_notes,2026-08-22T20:10:23Z,interavtomehanika-2026-signo-workbook-v1.0.1,,,,,,,,,,,,,,Иностранная компания (Китай); российское юрлицо не разыскивается.,нет,interautomechanica2026_deal_156774
ИнтерАвтоМеханика 2026,"Anhui Jinde Lubrication Technology Co.,Ltd.","Anhui Jinde Lubrication Technology Co.,Ltd.","Смазочные материалы, технические жидкости и автохимия",Китай,,,7-647,Зал 7,"Смазочные материалы, технические жидкости и автохимия",,,http://www.ahjdsh.com,,,https://interauto-mechanica-floorplans-2026.pages.dev/#159945-anhui-jinde-lubrication-technology-co-ltd,159945-anhui-jinde-lubrication-technology-co-ltd,"Смазочные материалы, технические жидкости и автохимия",interauto_floorplans_2026,partial_missing_fields,product_notes,2026-08-22T20:10:23Z,interavtomehanika-2026-signo-workbook-v1.0.1,,,,,,,,,,,,,,Иностранная компания (Китай); российское юрлицо не разыскивается.,нет,interautomechanica2026_deal_159945
ИнтерАвтоМеханика 2026,"Anhui RRT Auto Parts Co., Ltd","Anhui RRT Auto Parts Co., Ltd",Запчасти и компоненты,Китай,,,7-744,Зал 7,Запчасти и компоненты,,,http://www.rrtgroup.cn/,,,https://interauto-mechanica-floorplans-2026.pages.dev/#155379-anhui-rrt-auto-parts-co-ltd,155379-anhui-rrt-auto-parts-co-ltd,Запчасти и компоненты,interauto_floorplans_2026,partial_missing_fields,product_notes,2026-08-22T20:10:23Z,interavtomehanika-2026-signo-workbook-v1.0.1,,,,,,,,,,,,,,Иностранная компания (Китай); российское юрлицо не разыскивается.,нет,interautomechanica2026_deal_155379
ИнтерАвтоМеханика 2026,"Anhui Shangzhong Piston Ring Co.,Ltd","Anhui Shangzhong Piston Ring Co.,Ltd",Запчасти и компоненты,Китай,,,8-806,Зал 8,Запчасти и компоненты,"An Hui Shang Zhong поршневое кольцо Co., Ltd была основана в 1994. Фабрика переехала из провинции Чжэцзян в провинцию Аньхуй в 2007 году, фабрика охватывает площадь 35000 квадратных метров; площадь строительства составляет 25000 квадратных метров. В настоящее время в нашей компании работает более 200 сотрудников, в которых техники занимают более 20%.",,http://www.szcnpr.com,,,https://interauto-mechanica-floorplans-2026.pages.dev/#155547-anhui-shangzhong-piston-ring-co-ltd,155547-anhui-shangzhong-piston-ring-co-ltd,"Запчасти и компоненты | An Hui Shang Zhong поршневое кольцо Co., Ltd была основана в 1994. Фабрика переехала из провинции Чжэцзян в провинцию Аньхуй в 2007 году, фабрика охватывает площадь 35000 квадратных метров; площадь строительства составляет 25000 квадратных метров. В настоящее время в нашей компании работает более 200 сотрудников, в которых техники занимают более 20%.",interauto_floorplans_2026,ok,,2026-08-22T20:10:23Z,interavtomehanika-2026-signo-workbook-v1.0.1,,,,,,,,,,,,,,Иностранная компания (Китай); российское юрлицо не разыскивается.,нет,interautomechanica2026_deal_155547
ИнтерАвтоМеханика 2026,"Aonaisi Auto Parts Co., Ltd","Aonaisi Auto Parts Co., Ltd",,Китай,,,7-472,Зал 7,,,,http://www.aonaisi.com,,,https://interauto-mechanica-floorplans-2026.pages.dev/#158673-aonaisi-auto-parts-co-ltd,158673-aonaisi-auto-parts-co-ltd,,interauto_floorplans_2026,partial_missing_fields,product_notes,2026-08-22T20:10:23Z,interavtomehanika-2026-signo-workbook-v1.0.1,,,,,,,,,,,,,,Иностранная компания (Китай); российское юрлицо не разыскивается.,нет,interautomechanica2026_deal_158673
ИнтерАвтоМеханика 2026,Arnezi,Arnezi,"Запчасти и компоненты; Аккумуляторы и электроника; Смазочные материалы, технические жидкости и автохимия; Аксессуары и тюнинг; Гаражное оборудование",Россия,,,8-465,Зал 8,"Запчасти и компоненты; Аккумуляторы и электроника; Смазочные материалы, технические жидкости и автохимия; Аксессуары и тюнинг; Гаражное оборудование","ARNEZI — широкий выбор аксессуаров, инструмента и оборудования для ухода, ремонта и тюнинга авто. Инновации, многоуровневая проверка продукции и ориентация на потребности рынка делают бренд востребованным у клиентов.",,,,,https://interauto-mechanica-floorplans-2026.pages.dev/#156825-arnezi,156825-arnezi,"Запчасти и компоненты; Аккумуляторы и электроника; Смазочные материалы, технические жидкости и автохимия; Аксессуары и тюнинг; Гаражное оборудование | ARNEZI — широкий выбор аксессуаров, инструмента и оборудования для ухода, ремонта и тюнинга авто. Инновации, многоуровневая проверка продукции и ориентация на потребности рынка делают бренд востребованным у клиентов.",interauto_floorplans_2026,ok,,2026-08-22T20:10:23Z,interavtomehanika-2026-signo-workbook-v1.0.1,,,,,,,,,,,,,,Надежное российское юрлицо не найдено.,нет,interautomechanica2026_deal_156825
ИнтерАвтоМеханика 2026,AUTOPLASTIC,AUTOPLASTIC,Запчасти и компоненты,Россия,,,7-325,Зал 7,Запчасти и компоненты,ООО «Автопластик» (бренд AUTOPLASTIC) — российский производитель бачков омывателя и расширительных бачков для систем охлаждения. Продукция соответствует OEM-стандартам по материалам и посадке благодаря контролю качества на всех этапах и применению первичного сырья.,,http://bachokomiva.ru/,,,https://interauto-mechanica-floorplans-2026.pages.dev/#153858-avtoplastik-ooo,153858-avtoplastik-ooo,Запчасти и компоненты | ООО «Автопластик» (бренд AUTOPLASTIC) — российский производитель бачков омывателя и расширительных бачков для систем охлаждения. Продукция соответствует OEM-стандартам по материалам и посадке благодаря контролю качества на всех этапах и применению первичного сырья.,interauto_floorplans_2026,ok,,2026-08-22T20:10:23Z,interavtomehanika-2026-signo-workbook-v1.0.1,"ООО "" АВТОПЛАСТИК """,7723873218,1137746448355,22.2,Производство изделий из пластмасс,Арутюнян Артур Арташесович,Генеральный директор,96.659,2025,9.761,2025,БО ФНС,high,,нет,interautomechanica2026_deal_153858
ИнтерАвтоМеханика 2026,AVERS,AVERS,Запчасти и компоненты; Кузовной ремонт и лакокрасочные материалы; Аксессуары и тюнинг,Россия,,,8-105,Зал 8,Запчасти и компоненты; Кузовной ремонт и лакокрасочные материалы; Аксессуары и тюнинг,"Группа компаний Аверс, является производителем запчастей под собственной торговой маркой AVERS. Головной офис находится в г. Екатеринбурге, региональные склады – в г. Екатеринбурге и г. Москве. Основным направлением компании является производство и оптово-розничная продажа автомобильных запасных частей для технического обслуживания и кузовного ремонта. В ассортимент компании входят товарные группы: - Запчасти для кузовного ремонта - Автомобильный крепеж - Запчасти для технического обслуживания",,https://avers-parts.ru,,,https://interauto-mechanica-floorplans-2026.pages.dev/#153837-avers-ooo,153837-avers-ooo,"Запчасти и компоненты; Кузовной ремонт и лакокрасочные материалы; Аксессуары и тюнинг | Группа компаний Аверс, является производителем запчастей под собственной торговой маркой AVERS. Головной офис находится в г. Екатеринбурге, региональные склады – в г. Екатеринбурге и г. Москве. Основным направлением компании является производство и оптово-розничная продажа автомобильных запасных частей для технического обслуживания и кузовного ремонта. В ассортимент компании входят товарные группы: - Запчасти для кузовного ремонта - Автомобильный крепеж - Запчасти для технического обслуживания",interauto_floorplans_2026,ok,,2026-08-22T20:10:23Z,interavtomehanika-2026-signo-workbook-v1.0.1,"ООО ""АВ ПАРТС """,7811793498,1237800133251,45.32.2,"Розничная торговля автомобильными деталями, узлами и принадлежностями вне магазинов",Аветисова Любовь Рубеновна,Генеральный директор,3.192,2025,0.326,2025,БО ФНС,high,,нет,interautomechanica2026_deal_153837
ИнтерАвтоМеханика 2026,AVLKRAFT,AVLKRAFT,Запчасти и компоненты,Россия,,,7-500,Зал 7,Запчасти и компоненты,,,http://avlkraft.ru,,,https://interauto-mechanica-floorplans-2026.pages.dev/#153906-detalfa-ooo,153906-detalfa-ooo,Запчасти и компоненты,interauto_floorplans_2026,partial_missing_fields,product_notes,2026-08-22T20:10:23Z,interavtomehanika-2026-signo-workbook-v1.0.1,ДЕТАЛЬФА ООО,,,,,,,,,,,,,Надежное российское юрлицо не найдено.,нет,interautomechanica2026_deal_153906
ИнтерАвтоМеханика 2026,AZUMI,AZUMI,Запчасти и компоненты,Япония,,,8-470,Зал 8,Запчасти и компоненты,,,https://azfilter.ru/,,,https://interauto-mechanica-floorplans-2026.pages.dev/#159138-azumi,159138-azumi,Запчасти и компоненты,interauto_floorplans_2026,partial_missing_fields,product_notes,2026-08-22T20:10:23Z,interavtomehanika-2026-signo-workbook-v1.0.1,,,,,,,,,,,,,,Иностранная компания (Япония); российское юрлицо не разыскивается.,нет,interautomechanica2026_deal_159138
ИнтерАвтоМеханика 2026,BAOYING RUNMA AUTO PARTS FACTORY,BAOYING RUNMA AUTO PARTS FACTORY,,Китай,,,7-380,Зал 7,,"Baoying County Runma Auto Parts Factory was established in 2004, located in Baoying County, Jiangsu Province, China, convenient transportation, adjacent to the high-speed intersection and highspeed rail station. Our factory has a professional team, is a collection of scientific research and development, production, sales in the integration of trade, focusing on self-development of mold, upgrading the auto parts and contracting manufacturing of sheet metal parts.",,,,,https://interauto-mechanica-floorplans-2026.pages.dev/#154761-baoying-runma-auto-parts-factory,154761-baoying-runma-auto-parts-factory,"Baoying County Runma Auto Parts Factory was established in 2004, located in Baoying County, Jiangsu Province, China, convenient transportation, adjacent to the high-speed intersection and highspeed rail station. Our factory has a professional team, is a collection of scientific research and development, production, sales in the integration of trade, focusing on self-development of mold, upgrading the auto parts and contracting manufacturing of sheet metal parts.",interauto_floorplans_2026,ok,,2026-08-22T20:10:23Z,interavtomehanika-2026-signo-workbook-v1.0.1,,,,,,,,,,,,,,Иностранная компания (Китай); российское юрлицо не разыскивается.,нет,interautomechanica2026_deal_154761
ИнтерАвтоМеханика 2026,"BEIJING HELIVIEW INTERNATIONAL EXHIBITION CO., LTD.","BEIJING HELIVIEW INTERNATIONAL EXHIBITION CO., LTD.",,Китай,,,7-383,Зал 7,,,,http://www.heliview.cn/intro/1.html,,,https://interauto-mechanica-floorplans-2026.pages.dev/#154785-beijing-heliview-international-exhibition-co-ltd,154785-beijing-heliview-international-exhibition-co-ltd,,interauto_floorplans_2026,partial_missing_fields,product_notes,2026-08-22T20:10:23Z,interavtomehanika-2026-signo-workbook-v1.0.1,,,,,,,,,,,,,,Иностранная компания (Китай); российское юрлицо не разыскивается.,нет,interautomechanica2026_deal_154785
ИнтерАвтоМеханика 2026,"BEIJING SHANGCHI TOMORROW TRADE CO., LTD","BEIJING SHANGCHI TOMORROW TRADE CO., LTD",Запчасти и компоненты; Аксессуары и тюнинг,Китай,,,8-975,Зал 8,Запчасти и компоненты; Аксессуары и тюнинг,"""ShangHai Heng Yun Zhong Cheng Auto Trading Co., LTD является одним из профессиональных оптовых поставщиков и экспортеров автозапчастей в Китае, таких марок как: MG, CHERY, CHANGAN, GEELY, GREAT WALL (GWM), HAVAL, JAG, DONGFENG, ZX AUTO, MAXUS, а так же другие марки машин. Наша компания стремимся интегрировать квалифицированные ресурсы по поставке автозапчастей для клиентов по всему миру. ShangHai Heng Yun Zhong Cheng Auto Trading Co., LTD ваш надежный партнер по поставкам автозапчастей.""",,http://www.sc-industry.cn/,,,https://interauto-mechanica-floorplans-2026.pages.dev/#155184-beijing-shangchi-tomorrow-trade-co-ltd,155184-beijing-shangchi-tomorrow-trade-co-ltd,"Запчасти и компоненты; Аксессуары и тюнинг | ""ShangHai Heng Yun Zhong Cheng Auto Trading Co., LTD является одним из профессиональных оптовых поставщиков и экспортеров автозапчастей в Китае, таких марок как: MG, CHERY, CHANGAN, GEELY, GREAT WALL (GWM), HAVAL, JAG, DONGFENG, ZX AUTO, MAXUS, а так же другие марки машин. Наша компания стремимся интегрировать квалифицированные ресурсы по поставке автозапчастей для клиентов по всему миру. ShangHai Heng Yun Zhong Cheng Auto Trading Co., LTD ваш надежный партнер по поставкам автозапчастей.""",interauto_floorplans_2026,ok,,2026-08-22T20:10:23Z,interavtomehanika-2026-signo-workbook-v1.0.1,,,,,,,,,,,,,,Иностранная компания (Китай); российское юрлицо не разыскивается.,нет,interautomechanica2026_deal_155184
ИнтерАвтоМеханика 2026,BERG Compressors,BERG Compressors,Гаражное оборудование,Россия,,,7-417,Зал 7,Гаражное оборудование,,,http://www.berg-air.ru,,,https://interauto-mechanica-floorplans-2026.pages.dev/#153894-vkb-ooo,153894-vkb-ooo,Гаражное оборудование,interauto_floorplans_2026,partial_missing_fields,product_notes,2026-08-22T20:10:23Z,interavtomehanika-2026-signo-workbook-v1.0.1,ВКБ ООО,,,,,,,,,,,,,Надежное российское юрлицо не найдено.,нет,interautomechanica2026_deal_153894
ИнтерАвтоМеханика 2026,"Brighter LED lighting Co., Ltd.","Brighter LED lighting Co., Ltd.",Запчасти и компоненты,Китай,,,7-659,Зал 7,Запчасти и компоненты,,,https://www.brtled-light.com/,,,https://interauto-mechanica-floorplans-2026.pages.dev/#159765-brighter-led-lighting-co-ltd,159765-brighter-led-lighting-co-ltd,Запчасти и компоненты,interauto_floorplans_2026,partial_missing_fields,product_notes,2026-08-22T20:10:23Z,interavtomehanika-2026-signo-workbook-v1.0.1,,,,,,,,,,,,,,Иностранная компания (Китай); российское юрлицо не разыскивается.,нет,interautomechanica2026_deal_159765
ИнтерАвтоМеханика 2026,"C5 Top Film Co., Ltd.","C5 Top Film Co., Ltd.",Запчасти и компоненты,Китай,,,7-466,Зал 7,Запчасти и компоненты,,,https://c5-topfilm.com/,,,https://interauto-mechanica-floorplans-2026.pages.dev/#158727-c5-top-film-co-ltd,158727-c5-top-film-co-ltd,Запчасти и компоненты,interauto_floorplans_2026,partial_missing_fields,product_notes,2026-08-22T20:10:23Z,interavtomehanika-2026-signo-workbook-v1.0.1,,,,,,,,,,,,,,Иностранная компания (Китай); российское юрлицо не разыскивается.,нет,interautomechanica2026_deal_158727
ИнтерАвтоМеханика 2026,"CANGZHOU XINYU FASTENER CO., LTD","CANGZHOU XINYU FASTENER CO., LTD",Запчасти и компоненты,Китай,,,7-614,Зал 7,Запчасти и компоненты,"Наша компания является производителем, специализирующимся на изготовлении хомутов. Наша продукция в основном разделяется на две серии: шланговые хомуты, пресс-формы, клеммы аккумулятора, катушки зажигания и узлы крепления нержавеющих стальных труб всех моделей и размеров.",,http://www.czxylt.com,,,https://interauto-mechanica-floorplans-2026.pages.dev/#156795-cangzhou-xinyu-fastener-co-ltd,156795-cangzhou-xinyu-fastener-co-ltd,"Запчасти и компоненты | Наша компания является производителем, специализирующимся на изготовлении хомутов. Наша продукция в основном разделяется на две серии: шланговые хомуты, пресс-формы, клеммы аккумулятора, катушки зажигания и узлы крепления нержавеющих стальных труб всех моделей и размеров.",interauto_floorplans_2026,ok,,2026-08-22T20:10:23Z,interavtomehanika-2026-signo-workbook-v1.0.1,,,,,,,,,,,,,,Иностранная компания (Китай); российское юрлицо не разыскивается.,нет,interautomechanica2026_deal_156795
ИнтерАвтоМеханика 2026,Carlego,Carlego,Запчасти и компоненты,Россия,,,7-320,Зал 7,Запчасти и компоненты,,,https://www.carlego.ru/,,,https://interauto-mechanica-floorplans-2026.pages.dev/#153999-psk-ekspo-elit-servis,153999-psk-ekspo-elit-servis,Запчасти и компоненты,interauto_floorplans_2026,partial_missing_fields,product_notes,2026-08-22T20:10:23Z,interavtomehanika-2026-signo-workbook-v1.0.1,"ООО "" КАРЛЕГО """,7724837773,1127746475273,45.20,Техническое обслуживание и ремонт автотранспортных средств,Захарова Оксана Николаевна,Генеральный директор,33.993,2025,2.621,2025,БО ФНС,high,,нет,interautomechanica2026_deal_153999
ИнтерАвтоМеханика 2026,"CHANGSHA AUTO PARTS CO.,LTD","CHANGSHA AUTO PARTS CO.,LTD",Шины и диски,Китай,,,7-286,Зал 7,Шины и диски,,,https://www.odps-autoparts.com/,,,https://interauto-mechanica-floorplans-2026.pages.dev/#155202-changsha-auto-parts-co-ltd,155202-changsha-auto-parts-co-ltd,Шины и диски,interauto_floorplans_2026,partial_missing_fields,product_notes,2026-08-22T20:10:23Z,interavtomehanika-2026-signo-workbook-v1.0.1,,,,,,,,,,,,,,Иностранная компания (Китай); российское юрлицо не разыскивается.,нет,interautomechanica2026_deal_155202
ИнтерАвтоМеханика 2026,"CHANGZHOU CHANGZHENG IMPORT AND EXPORT CO.,LTD","CHANGZHOU CHANGZHENG IMPORT AND EXPORT CO.,LTD",Запчасти и компоненты,Китай,,,8-827,Зал 8,Запчасти и компоненты,,,http://www.unicopart.com,,,https://interauto-mechanica-floorplans-2026.pages.dev/#155637-changzhou-changzheng-import-and-export-co-ltd,155637-changzhou-changzheng-import-and-export-co-ltd,Запчасти и компоненты,interauto_floorplans_2026,partial_missing_fields,product_notes,2026-08-22T20:10:23Z,interavtomehanika-2026-signo-workbook-v1.0.1,,,,,,,,,,,,,,Иностранная компания (Китай); российское юрлицо не разыскивается.,нет,interautomechanica2026_deal_155637
ИнтерАвтоМеханика 2026,"CHANGZHOU DAVID AUTO PARTS CO.,LTD","CHANGZHOU DAVID AUTO PARTS CO.,LTD",Запчасти и компоненты,Китай,,,8-808,Зал 8,Запчасти и компоненты,"""Changzhou david autoparts co., ltd расположена в городе Menghe, городе Changzhou, провинции Цзянсу. Это предприятие нового типа, интегрирующее исследования и разработки, производство и продажи автозапчастей. Компания была основана в 2017 году, специализирующаяся на производстве высококачественных автомобильных ламп и автомобильных пластиковых деталей. Компания придерживается бизнес-принципа репутации в первую очередь, клиент в первую очередь, и стремится разрабатывать красивые, новые и надежные продукты для клиентов. Компания прошла сертификацию системы качества IS9001 и сертификацию EMARK для некоторых ламп. Тепло приветствуем новых и старых клиентов для переговоров. Ищите общее развитие.""",,http://WWW.CZDAVID.COM,,,https://interauto-mechanica-floorplans-2026.pages.dev/#155634-changzhou-david-auto-parts-co-ltd,155634-changzhou-david-auto-parts-co-ltd,"Запчасти и компоненты | ""Changzhou david autoparts co., ltd расположена в городе Menghe, городе Changzhou, провинции Цзянсу. Это предприятие нового типа, интегрирующее исследования и разработки, производство и продажи автозапчастей. Компания была основана в 2017 году, специализирующаяся на производстве высококачественных автомобильных ламп и автомобильных пластиковых деталей. Компания придерживается бизнес-принципа репутации в первую очередь, клиент в первую очередь, и стремится разрабатывать красивые, новые и надежные продукты для клиентов. Компания прошла сертификацию системы качества IS9001 и сертификацию EMARK для некоторых ламп. Тепло приветствуем новых и старых клиентов для переговоров. Ищите общее развитие.""",interauto_floorplans_2026,ok,,2026-08-22T20:10:23Z,interavtomehanika-2026-signo-workbook-v1.0.1,,,,,,,,,,,,,,Иностранная компания (Китай); российское юрлицо не разыскивается.,нет,interautomechanica2026_deal_155634
ИнтерАвтоМеханика 2026,"Chengdu HongTongDa Sheng Trading Co.,Ltd","Chengdu HongTongDa Sheng Trading Co.,Ltd",Запчасти и компоненты; Аксессуары и тюнинг,Китай,,,7-664,Зал 7,Запчасти и компоненты; Аксессуары и тюнинг,"Наша команда, обладающая опытом производства с 1999 года, специализируется на прецизионных распределительных валах и компонентах двигателей для глобальных клиентов на вторичном рынке и OEM-производителей. Мы сочетаем глубокие технические знания, стабильный контроль производства и строгий контроль качества, чтобы обеспечить надежную работу и длительный срок службы. От выбора сырья до окончательного тестирования каждый процесс тщательно контролируется в соответствии с международными стандартами и требованиями заказчика.",,http://www.xlqp.com,,,https://interauto-mechanica-floorplans-2026.pages.dev/#154707-chengdu-hongtongda-sheng-trading-co-ltd,154707-chengdu-hongtongda-sheng-trading-co-ltd,"Запчасти и компоненты; Аксессуары и тюнинг | Наша команда, обладающая опытом производства с 1999 года, специализируется на прецизионных распределительных валах и компонентах двигателей для глобальных клиентов на вторичном рынке и OEM-производителей. Мы сочетаем глубокие технические знания, стабильный контроль производства и строгий контроль качества, чтобы обеспечить надежную работу и длительный срок службы. От выбора сырья до окончательного тестирования каждый процесс тщательно контролируется в соответствии с международными стандартами и требованиями заказчика.",interauto_floorplans_2026,ok,,2026-08-22T20:10:23Z,interavtomehanika-2026-signo-workbook-v1.0.1,,,,,,,,,,,,,,Иностранная компания (Китай); российское юрлицо не разыскивается.,нет,interautomechanica2026_deal_154707
ИнтерАвтоМеханика 2026,"Chengdu Xingchen Dahai Internet Technology Co., Ltd.","Chengdu Xingchen Dahai Internet Technology Co., Ltd.","Запчасти и компоненты; Смазочные материалы, технические жидкости и автохимия",Китай,,,7-353,Зал 7,"Запчасти и компоненты; Смазочные материалы, технические жидкости и автохимия",,,,,,https://interauto-mechanica-floorplans-2026.pages.dev/#154650-chengdu-xingchen-dahai-internet-technology-co-ltd,154650-chengdu-xingchen-dahai-internet-technology-co-ltd,"Запчасти и компоненты; Смазочные материалы, технические жидкости и автохимия",interauto_floorplans_2026,partial_missing_fields,product_notes,2026-08-22T20:10:23Z,interavtomehanika-2026-signo-workbook-v1.0.1,,,,,,,,,,,,,,Иностранная компания (Китай); российское юрлицо не разыскивается.,нет,interautomechanica2026_deal_154650
ИнтерАвтоМеханика 2026,"Chengdu YuanWang Zhike Auto Electric Co., Ltd","Chengdu YuanWang Zhike Auto Electric Co., Ltd",Запчасти и компоненты,Китай,,,7-661,Зал 7,Запчасти и компоненты,"Чэнду Юаньван Чжиконг Автомобильная Электрика ООО — профессиональный производитель автомобильных двигателей в Китае. Имея более чем двадцатилетний опыт работы в отрасли, компания специализируется на разработке и производстве стартеров автомобилей, энергосберегающих частотно-регулируемых двигателей высокой эффективности и основных комплектующих.На предприятии действуют автоматизированные производственные линии. Продукция подходит для эксплуатации на легковых автомобилях, коммерческом транспорте и строительной технике. Благодаря строгой сертифицированной системе контроля качества и возможностям индивидуальной разработки изделия поставляются на внутренний и внешний рынки. Компания стремится предоставлять надежные решения в области автомобильного электрооборудования для клиентов по всему миру.",,http://www.sidaode.com,,,https://interauto-mechanica-floorplans-2026.pages.dev/#154638-chengdu-yuanwang-zhike-auto-electric-co-ltd,154638-chengdu-yuanwang-zhike-auto-electric-co-ltd,"Запчасти и компоненты | Чэнду Юаньван Чжиконг Автомобильная Электрика ООО — профессиональный производитель автомобильных двигателей в Китае. Имея более чем двадцатилетний опыт работы в отрасли, компания специализируется на разработке и производстве стартеров автомобилей, энергосберегающих частотно-регулируемых двигателей высокой эффективности и основных комплектующих.На предприятии действуют автоматизированные производственные линии. Продукция подходит для эксплуатации на легковых автомобилях, коммерческом транспорте и строительной технике. Благодаря строгой сертифицированной системе контроля качества и возможностям индивидуальной разработки изделия поставляются на внутренний и внешний рынки. Компания стремится предоставлять надежные решения в области автомобильного электрооборудования для клиентов по всему миру.",interauto_floorplans_2026,ok,,2026-08-22T20:10:23Z,interavtomehanika-2026-signo-workbook-v1.0.1,,,,,,,,,,,,,,Иностранная компания (Китай); российское юрлицо не разыскивается.,нет,interautomechanica2026_deal_154638
ИнтерАвтоМеханика 2026,"CHINAFLYTOOL TRADE CO.,LTD","CHINAFLYTOOL TRADE CO.,LTD",Запчасти и компоненты; Мойки и моечное оборудование; Кузовной ремонт и лакокрасочные материалы; Аксессуары и тюнинг; Гаражное оборудование,Китай,,,8-840,Зал 8,Запчасти и компоненты; Мойки и моечное оборудование; Кузовной ремонт и лакокрасочные материалы; Аксессуары и тюнинг; Гаражное оборудование,"""Chinaflytool — профессиональный производитель и экспортер инструментов для мойки и ухода за автомобилями. Компания оснащена стандартизированными цехами и автоматизированным оборудованием, а также соблюдает строгую систему контроля качества на всех производственных этапах. Мы предлагаем комплексные решения для домашнего и профессионального ухода за автомобилями. Вся продукция изготовлена из экологически чистого высококачественного сырья, отличается износостойкостью, химической устойчивостью и долгим сроком службы. Предоставляем гибкие услуги OEM/ODM. Благодаря стабильным производственным мощностям и надежному сервису наша продукция поставляется по всему миру и пользуется высоким доверием зарубежных клиентов.""",,https://chinaflytool.m.en.alibaba.com/,,,https://interauto-mechanica-floorplans-2026.pages.dev/#155367-chinaflytool-trade-co-ltd,155367-chinaflytool-trade-co-ltd,"Запчасти и компоненты; Мойки и моечное оборудование; Кузовной ремонт и лакокрасочные материалы; Аксессуары и тюнинг; Гаражное оборудование | ""Chinaflytool — профессиональный производитель и экспортер инструментов для мойки и ухода за автомобилями. Компания оснащена стандартизированными цехами и автоматизированным оборудованием, а также соблюдает строгую систему контроля качества на всех производственных этапах. Мы предлагаем комплексные решения для домашнего и профессионального ухода за автомобилями. Вся продукция изготовлена из экологически чистого высококачественного сырья, отличается износостойкостью, химической устойчивостью и долгим сроком службы. Предоставляем гибкие услуги OEM/ODM. Благодаря стабильным производственным мощностям и надежному сервису наша продукция поставляется по всему миру и пользуется высоким доверием зарубежных клиентов.""",interauto_floorplans_2026,ok,,2026-08-22T20:10:23Z,interavtomehanika-2026-signo-workbook-v1.0.1,,,,,,,,,,,,,,Иностранная компания (Китай); российское юрлицо не разыскивается.,нет,interautomechanica2026_deal_155367
ИнтерАвтоМеханика 2026,"CHIPING XINFA ALUMINOUS PRODUCT CO.,LTD","CHIPING XINFA ALUMINOUS PRODUCT CO.,LTD",Запчасти и компоненты; Аккумуляторы и электроника,Китай,,,7-613,Зал 7,Запчасти и компоненты; Аккумуляторы и электроника,"Xinfawheels produce casting wheels ,flowforming wheels and forged wheels for passenger cars ,heavy trucks ,buses ,motocycles and ATV ,UTVS.Wheel size from 10inch to 30inch ,can make any finish,such as painting ,polished,chrome ,brushed ...",,http://www.xinfawheels.com,,,https://interauto-mechanica-floorplans-2026.pages.dev/#154878-chiping-xinfa-aluminous-product-co-ltd,154878-chiping-xinfa-aluminous-product-co-ltd,"Запчасти и компоненты; Аккумуляторы и электроника | Xinfawheels produce casting wheels ,flowforming wheels and forged wheels for passenger cars ,heavy trucks ,buses ,motocycles and ATV ,UTVS.Wheel size from 10inch to 30inch ,can make any finish,such as painting ,polished,chrome ,brushed ...",interauto_floorplans_2026,ok,,2026-08-22T20:10:23Z,interavtomehanika-2026-signo-workbook-v1.0.1,,,,,,,,,,,,,,Иностранная компания (Китай); российское юрлицо не разыскивается.,нет,interautomechanica2026_deal_154878
ИнтерАвтоМеханика 2026,"CHONGQING QIXIN AUTO PARTS CO., LTD.","CHONGQING QIXIN AUTO PARTS CO., LTD.",Запчасти и компоненты,Китай,,,8-801,Зал 8,Запчасти и компоненты,"Компания Chongqing Qixin Automotive Parts Co., Ltd. была основана в 2007 году (ранее являлась муниципальным государственным предприятием, созданное в 1956 году). Она образовалась в результате реструктуризации Чонцинской фабрики зажимов, расположенной в промышленном парке Чанцзян, район Нанъань, Чунцинь. Компания обладает независимыми исследованиями и инновационными возможностями, собственными правами на интеллектуальную собственность, освоила передовые технологии разработки форм, применяет процесс горячей ковки, специализируется на производстве различных ключевых компонентов шасси и является высокотехнологичным предприятием, а также национальным специализированным и инновационным «малым гигантом» в области производства.",,http://www.cqqixin.com.cn,,,https://interauto-mechanica-floorplans-2026.pages.dev/#156786-chongqing-qixin-auto-parts-co-ltd,156786-chongqing-qixin-auto-parts-co-ltd,"Запчасти и компоненты | Компания Chongqing Qixin Automotive Parts Co., Ltd. была основана в 2007 году (ранее являлась муниципальным государственным предприятием, созданное в 1956 году). Она образовалась в результате реструктуризации Чонцинской фабрики зажимов, расположенной в промышленном парке Чанцзян, район Нанъань, Чунцинь. Компания обладает независимыми исследованиями и инновационными возможностями, собственными правами на интеллектуальную собственность, освоила передовые технологии разработки форм, применяет процесс горячей ковки, специализируется на производстве различных ключевых компонентов шасси и является высокотехнологичным предприятием, а также национальным специализированным и инновационным «малым гигантом» в области производства.",interauto_floorplans_2026,ok,,2026-08-22T20:10:23Z,interavtomehanika-2026-signo-workbook-v1.0.1,,,,,,,,,,,,,,Иностранная компания (Китай); российское юрлицо не разыскивается.,нет,interautomechanica2026_deal_156786
ИнтерАвтоМеханика 2026,"Chongqing Saina Technology Co., Ltd","Chongqing Saina Technology Co., Ltd",Запчасти и компоненты,Китай,,,7-322,Зал 7,Запчасти и компоненты,,,http://www.cqsaina.com,,,https://interauto-mechanica-floorplans-2026.pages.dev/#161058-chongqing-saina-technology-co-ltd,161058-chongqing-saina-technology-co-ltd,Запчасти и компоненты,interauto_floorplans_2026,partial_missing_fields,product_notes,2026-08-22T20:10:23Z,interavtomehanika-2026-signo-workbook-v1.0.1,,,,,,,,,,,,,,Иностранная компания (Китай); российское юрлицо не разыскивается.,нет,interautomechanica2026_deal_161058
ИнтерАвтоМеханика 2026,CIXIYANGSHENG AUTO PARTS,CIXIYANGSHENG AUTO PARTS,Запчасти и компоненты,Китай,,,8-846,Зал 8,Запчасти и компоненты,"Цыси Ян Шэн Автозапчасти Лтд - современное высокотехнологичное предприятие, специализирующееся на производстве стартеров и аксессуаров для стартеров, расположенное в поселке Чанхэ Цыси города Нинбо провинции Чжэцзян.За десять с лишним лет развития компания располагает целым комплексом передового производственного контрольно-измерительного оборудования и квалифицированным персоналом, что позволяет ей выпускать более 100 тыс. стартеров и более 300 тыс. якорей в год.",,http://chyangsheng.com,,,https://interauto-mechanica-floorplans-2026.pages.dev/#156759-cixiyangsheng-auto-parts,156759-cixiyangsheng-auto-parts,"Запчасти и компоненты | Цыси Ян Шэн Автозапчасти Лтд - современное высокотехнологичное предприятие, специализирующееся на производстве стартеров и аксессуаров для стартеров, расположенное в поселке Чанхэ Цыси города Нинбо провинции Чжэцзян.За десять с лишним лет развития компания располагает целым комплексом передового производственного контрольно-измерительного оборудования и квалифицированным персоналом, что позволяет ей выпускать более 100 тыс. стартеров и более 300 тыс. якорей в год.",interauto_floorplans_2026,ok,,2026-08-22T20:10:23Z,interavtomehanika-2026-signo-workbook-v1.0.1,,,,,,,,,,,,,,Иностранная компания (Китай); российское юрлицо не разыскивается.,нет,interautomechanica2026_deal_156759
ИнтерАвтоМеханика 2026,"Danyang Zhongwen Auto Lamp Co.,Ltd","Danyang Zhongwen Auto Lamp Co.,Ltd",Запчасти и компоненты,Китай,,,7-654,Зал 7,Запчасти и компоненты,"Даньян Чжунвэнь Автозапчасти Ко., Лтд. — профессиональный производитель, специализирующийся на разработке и производстве автомобильных светотехнических изделий. Наша основная линия бизнеса — полная светотехника для коммерческих грузовиков таких марок, как Volvo, Scania, MAN, Mercedes-Benz, DAF, IVECO, Renault, KAMAZ, MAZ и GAZ. Большинство наших продуктов прошли сертификацию ECE и CCC. Наша предыдущая компания, Даньян Синье Автозапчасти Ко., Лтд., была основана в 2009 году. Мы помогаем клиентам проектировать и разрабатывать автомобильные светотехнические формы, поэтому у нас богатый опыт в изготовлении форм и автомобильных светотехнических изделий.",,http://WWW.ZWAUTOLAMPS.COM,,,https://interauto-mechanica-floorplans-2026.pages.dev/#155550-danyang-zhongwen-auto-lamp-co-ltd,155550-danyang-zhongwen-auto-lamp-co-ltd,"Запчасти и компоненты | Даньян Чжунвэнь Автозапчасти Ко., Лтд. — профессиональный производитель, специализирующийся на разработке и производстве автомобильных светотехнических изделий. Наша основная линия бизнеса — полная светотехника для коммерческих грузовиков таких марок, как Volvo, Scania, MAN, Mercedes-Benz, DAF, IVECO, Renault, KAMAZ, MAZ и GAZ. Большинство наших продуктов прошли сертификацию ECE и CCC. Наша предыдущая компания, Даньян Синье Автозапчасти Ко., Лтд., была основана в 2009 году. Мы помогаем клиентам проектировать и разрабатывать автомобильные светотехнические формы, поэтому у нас богатый опыт в изготовлении форм и автомобильных светотехнических изделий.",interauto_floorplans_2026,ok,,2026-08-22T20:10:23Z,interavtomehanika-2026-signo-workbook-v1.0.1,,,,,,,,,,,,,,Иностранная компания (Китай); российское юрлицо не разыскивается.,нет,interautomechanica2026_deal_155550
ИнтерАвтоМеханика 2026,"Dongguan Chuangyi New Energy Technology Co., Ltd.","Dongguan Chuangyi New Energy Technology Co., Ltd.",Запчасти и компоненты,Китай,,,8-807,Зал 8,Запчасти и компоненты,,,http://www.eltpower.com,,,https://interauto-mechanica-floorplans-2026.pages.dev/#155640-dongguan-chuangyi-new-energy-technology-co-ltd,155640-dongguan-chuangyi-new-energy-technology-co-ltd,Запчасти и компоненты,interauto_floorplans_2026,partial_missing_fields,product_notes,2026-08-22T20:10:23Z,interavtomehanika-2026-signo-workbook-v1.0.1,,,,,,,,,,,,,,Иностранная компания (Китай); российское юрлицо не разыскивается.,нет,interautomechanica2026_deal_155640
ИнтерАвтоМеханика 2026,"DongGuan CST LED Co.,Ltd","DongGuan CST LED Co.,Ltd",Запчасти и компоненты; Аксессуары и тюнинг,Китай,,,8-848,Зал 8,Запчасти и компоненты; Аксессуары и тюнинг,"Компания Dongguan CST LED Co., Ltd. основана в 2011 году и специализируется на исследованиях и разработке, производстве и оптовых поставках автомобильных светодиодных осветительных приборов. Основная продукция включает светодиодные фары головного света, противотуманные фары, стоп-сигналы, указатели поворота, фонари заднего хода и салонное освещение, сертифицированные по стандартам E-mark, DOT, CE и RoHS.",,http://glledbulb.en.alibaba.com,,,https://interauto-mechanica-floorplans-2026.pages.dev/#155205-dongguan-cst-led-co-ltd,155205-dongguan-cst-led-co-ltd,"Запчасти и компоненты; Аксессуары и тюнинг | Компания Dongguan CST LED Co., Ltd. основана в 2011 году и специализируется на исследованиях и разработке, производстве и оптовых поставках автомобильных светодиодных осветительных приборов. Основная продукция включает светодиодные фары головного света, противотуманные фары, стоп-сигналы, указатели поворота, фонари заднего хода и салонное освещение, сертифицированные по стандартам E-mark, DOT, CE и RoHS.",interauto_floorplans_2026,ok,,2026-08-22T20:10:23Z,interavtomehanika-2026-signo-workbook-v1.0.1,,,,,,,,,,,,,,Иностранная компания (Китай); российское юрлицо не разыскивается.,нет,interautomechanica2026_deal_155205
ИнтерАвтоМеханика 2026,"DONGYING HUIZHONG AUTO PARTS CO., LTD.","DONGYING HUIZHONG AUTO PARTS CO., LTD.",,Китай,,,7-624,Зал 7,,,,http://www.dybosch.com,,,https://interauto-mechanica-floorplans-2026.pages.dev/#154914-dongying-huizhong-auto-parts-co-ltd,154914-dongying-huizhong-auto-parts-co-ltd,,interauto_floorplans_2026,partial_missing_fields,product_notes,2026-08-22T20:10:23Z,interavtomehanika-2026-signo-workbook-v1.0.1,,,,,,,,,,,,,,Иностранная компания (Китай); российское юрлицо не разыскивается.,нет,interautomechanica2026_deal_154914
ИнтерАвтоМеханика 2026,"Dujiangyan Beyond Machinery Manufacture Co., Ltd","Dujiangyan Beyond Machinery Manufacture Co., Ltd",Запчасти и компоненты; Аксессуары и тюнинг,Китай,,,7-663,Зал 7,Запчасти и компоненты; Аксессуары и тюнинг,"Наша компания является компанией производства цифрово управляемых холодных заголовков и формирующих машин, наша компания нанимает 260 сотрудников и охватывает 46620 квадратных метров. От исследований и проектирования до производства, маркетинга и комплексного обслуживания клиентов. Мы специализируемся на изготовлении широкого спектра интеллектуальных холодных заголовков и формовых машин, от 3 мм трехформатных трехформатных до 25 мм семимаформатных семимаформатных моделей, а также одноформатных двойных высокоскоростных формовых машин и дополнительного оборудования для прокатки резьбы. укрепление нашей позиции в качестве эталона в отрасли",,http://www.djycyjx.com/,,,https://interauto-mechanica-floorplans-2026.pages.dev/#154683-dujiangyan-beyond-machinery-manufacture-co-ltd,154683-dujiangyan-beyond-machinery-manufacture-co-ltd,"Запчасти и компоненты; Аксессуары и тюнинг | Наша компания является компанией производства цифрово управляемых холодных заголовков и формирующих машин, наша компания нанимает 260 сотрудников и охватывает 46620 квадратных метров. От исследований и проектирования до производства, маркетинга и комплексного обслуживания клиентов. Мы специализируемся на изготовлении широкого спектра интеллектуальных холодных заголовков и формовых машин, от 3 мм трехформатных трехформатных до 25 мм семимаформатных семимаформатных моделей, а также одноформатных двойных высокоскоростных формовых машин и дополнительного оборудования для прокатки резьбы. укрепление нашей позиции в качестве эталона в отрасли",interauto_floorplans_2026,ok,,2026-08-22T20:10:23Z,interavtomehanika-2026-signo-workbook-v1.0.1,,,,,,,,,,,,,,Иностранная компания (Китай); российское юрлицо не разыскивается.,нет,interautomechanica2026_deal_154683
ИнтерАвтоМеханика 2026,"ENERGON (ZHEJIANG) NEW ENERGY TECHNOLOGY CO., LTD","ENERGON (ZHEJIANG) NEW ENERGY TECHNOLOGY CO., LTD",Запчасти и компоненты; Аккумуляторы и электроника; Аксессуары и тюнинг,Китай,,,7-584,Зал 7,Запчасти и компоненты; Аккумуляторы и электроника; Аксессуары и тюнинг,"Аньнэнган Новая энергия является поставщиком комплексных решений для фотоэлектрического хранения энергии. Компания специализируется на разработке инновационных и устойчивых продуктов распределённого хранения энергии, предлагает безопасные, эффективные и энергосберегающие системы распределённого хранения энергии, а также предоставляет профессиональные услуги по проектированию и строительству фотоэлектрических объектов. Мы предлагаем клиентам полный цикл услуг по установке оборудования для интеграции фотоэлектрических станций с системами хранения энергии, включая EPC-подряд, BT-услуги и процедуры подключения к сети.",,http://www.energon360.com,,,https://interauto-mechanica-floorplans-2026.pages.dev/#158307-energon-zhejiang-new-energy-technology-co-ltd,158307-energon-zhejiang-new-energy-technology-co-ltd,"Запчасти и компоненты; Аккумуляторы и электроника; Аксессуары и тюнинг | Аньнэнган Новая энергия является поставщиком комплексных решений для фотоэлектрического хранения энергии. Компания специализируется на разработке инновационных и устойчивых продуктов распределённого хранения энергии, предлагает безопасные, эффективные и энергосберегающие системы распределённого хранения энергии, а также предоставляет профессиональные услуги по проектированию и строительству фотоэлектрических объектов. Мы предлагаем клиентам полный цикл услуг по установке оборудования для интеграции фотоэлектрических станций с системами хранения энергии, включая EPC-подряд, BT-услуги и процедуры подключения к сети.",interauto_floorplans_2026,ok,,2026-08-22T20:10:23Z,interavtomehanika-2026-signo-workbook-v1.0.1,,,,,,,,,,,,,,Иностранная компания (Китай); российское юрлицо не разыскивается.,нет,interautomechanica2026_deal_158307
ИнтерАвтоМеханика 2026,ENIX,ENIX,"Смазочные материалы, технические жидкости и автохимия",Россия,,,8-422,Зал 8,"Смазочные материалы, технические жидкости и автохимия",,,http://enix.pro,,,https://interauto-mechanica-floorplans-2026.pages.dev/#154068-eniks,154068-eniks,"Смазочные материалы, технические жидкости и автохимия",interauto_floorplans_2026,partial_missing_fields,product_notes,2026-08-22T20:10:23Z,interavtomehanika-2026-signo-workbook-v1.0.1,"ООО ""ЭНИКС""",7718988982,1147746788760,19.20,Производство нефтепродуктов,Сафонов Александр Николаевич,Генеральный директор,1321.979,2025,-3.738,2025,БО ФНС,high,,да,interautomechanica2026_deal_154068
ИнтерАвтоМеханика 2026,"Fbg Auto Co.,Ltd","Fbg Auto Co.,Ltd",Запчасти и компоненты,Китай,,,7- 672,Зал 7,Запчасти и компоненты,,,http://www.fbgauto.com.tw,,,https://interauto-mechanica-floorplans-2026.pages.dev/#154668-fbg-auto-co-ltd,154668-fbg-auto-co-ltd,Запчасти и компоненты,interauto_floorplans_2026,partial_missing_fields,product_notes,2026-08-22T20:10:23Z,interavtomehanika-2026-signo-workbook-v1.0.1,,,,,,,,,,,,,,Иностранная компания (Китай); российское юрлицо не разыскивается.,нет,interautomechanica2026_deal_154668
ИнтерАвтоМеханика 2026,FEBEST,FEBEST,Запчасти и компоненты,Германия,,,8-360,Зал 8,Запчасти и компоненты,"FEBEST — международный бренд автозапчастей, основанный в Германии и специализирующийся на разработке инженерных решений для ремонта транспортных средств. Концепция бренда заключается в возможности замены отдельных компонентов вместо замены дорогостоящего узла в сборе, что позволяет существенно снизить затраты на ремонт без ущерба для надежности. Ассортимент FEBEST насчитывает более 20 000 артикулов в 74 товарных категориях. Вся продукция разрабатывается с учетом реальных условий эксплуатации транспорта, а производство ведется со строгим контролем качества на каждом этапе. FEBEST является одним из лидеров в сегменте резинометаллических изделий и ремонтных комплектов, предлагая широкий выбор качественных комплектующих и предоставляя гарантию 24 месяца или 60 000 км пробега.",,http://catalog.febest.club,,,https://interauto-mechanica-floorplans-2026.pages.dev/#154239-febest,154239-febest,"Запчасти и компоненты | FEBEST — международный бренд автозапчастей, основанный в Германии и специализирующийся на разработке инженерных решений для ремонта транспортных средств. Концепция бренда заключается в возможности замены отдельных компонентов вместо замены дорогостоящего узла в сборе, что позволяет существенно снизить затраты на ремонт без ущерба для надежности. Ассортимент FEBEST насчитывает более 20 000 артикулов в 74 товарных категориях. Вся продукция разрабатывается с учетом реальных условий эксплуатации транспорта, а производство ведется со строгим контролем качества на каждом этапе. FEBEST является одним из лидеров в сегменте резинометаллических изделий и ремонтных комплектов, предлагая широкий выбор качественных комплектующих и предоставляя гарантию 24 месяца или 60 000 км пробега.",interauto_floorplans_2026,ok,,2026-08-22T20:10:23Z,interavtomehanika-2026-signo-workbook-v1.0.1,,,,,,,,,,,,,,Иностранная компания (Германия); российское юрлицо не разыскивается.,нет,interautomechanica2026_deal_154239
ИнтерАвтоМеханика 2026,"FENGCHENG FUDA AUTO SENSORS CO.,LTD.","FENGCHENG FUDA AUTO SENSORS CO.,LTD.",Запчасти и компоненты; Аккумуляторы и электроника; Аксессуары и тюнинг,Китай,,,7-627,Зал 7,Запчасти и компоненты; Аккумуляторы и электроника; Аксессуары и тюнинг,,,http://www.fcfuda.com,,,https://interauto-mechanica-floorplans-2026.pages.dev/#154923-fengcheng-fuda-auto-sensors-co-ltd,154923-fengcheng-fuda-auto-sensors-co-ltd,Запчасти и компоненты; Аккумуляторы и электроника; Аксессуары и тюнинг,interauto_floorplans_2026,partial_missing_fields,product_notes,2026-08-22T20:10:23Z,interavtomehanika-2026-signo-workbook-v1.0.1,,,,,,,,,,,,,,Иностранная компания (Китай); российское юрлицо не разыскивается.,нет,interautomechanica2026_deal_154923
ИнтерАвтоМеханика 2026,"FENGCHENG SC TURBO MANUFACTURE CO.,LTD","FENGCHENG SC TURBO MANUFACTURE CO.,LTD",Запчасти и компоненты,Китай,,,7-630,Зал 7,Запчасти и компоненты,,,https://www.shanchuanturbo.com,,,https://interauto-mechanica-floorplans-2026.pages.dev/#154926-fengcheng-sc-turbo-manufacture-co-ltd,154926-fengcheng-sc-turbo-manufacture-co-ltd,Запчасти и компоненты,interauto_floorplans_2026,partial_missing_fields,product_notes,2026-08-22T20:10:23Z,interavtomehanika-2026-signo-workbook-v1.0.1,,,,,,,,,,,,,,Иностранная компания (Китай); российское юрлицо не разыскивается.,нет,interautomechanica2026_deal_154926
ИнтерАвтоМеханика 2026,FerTurino,FerTurino,"Смазочные материалы, технические жидкости и автохимия",ОАЭ,,,8-420,Зал 8,"Смазочные материалы, технические жидкости и автохимия",,,https://ferturino.com/,,,https://interauto-mechanica-floorplans-2026.pages.dev/#153828-gt-oil-service-too,153828-gt-oil-service-too,"Смазочные материалы, технические жидкости и автохимия",interauto_floorplans_2026,partial_missing_fields,product_notes,2026-08-22T20:10:23Z,interavtomehanika-2026-signo-workbook-v1.0.1,,,,,,,,,,,,,,Иностранная компания (ОАЭ); российское юрлицо не разыскивается.,нет,interautomechanica2026_deal_153828
ИнтерАвтоМеханика 2026,"FORGIERA (ZHEJIANG) AUTO PARTS CO.,LTD.","FORGIERA (ZHEJIANG) AUTO PARTS CO.,LTD.",Запчасти и компоненты,Китай,,,8-868,Зал 8,Запчасти и компоненты,,,http://www.anlunwheel.com,,,https://interauto-mechanica-floorplans-2026.pages.dev/#155073-forgiera-zhejiang-auto-parts-co-ltd,155073-forgiera-zhejiang-auto-parts-co-ltd,Запчасти и компоненты,interauto_floorplans_2026,partial_missing_fields,product_notes,2026-08-22T20:10:23Z,interavtomehanika-2026-signo-workbook-v1.0.1,,,,,,,,,,,,,,Иностранная компания (Китай); российское юрлицо не разыскивается.,нет,interautomechanica2026_deal_155073
ИнтерАвтоМеханика 2026,"FORTEK ELECTRONICS CO., LIMITED","FORTEK ELECTRONICS CO., LIMITED",Запчасти и компоненты,Китай,,,8-820,Зал 8,Запчасти и компоненты,Компания существует уже 20 лет и специализируется на автомобильном освещении.,,http://www.fortek.cc,,,https://interauto-mechanica-floorplans-2026.pages.dev/#155757-fortek-electronics-co-limited,155757-fortek-electronics-co-limited,Запчасти и компоненты | Компания существует уже 20 лет и специализируется на автомобильном освещении.,interauto_floorplans_2026,ok,,2026-08-22T20:10:23Z,interavtomehanika-2026-signo-workbook-v1.0.1,,,,,,,,,,,,,,Иностранная компания (Китай); российское юрлицо не разыскивается.,нет,interautomechanica2026_deal_155757
ИнтерАвтоМеханика 2026,"Foshan BRvision Technology Co., Ltd.","Foshan BRvision Technology Co., Ltd.",Аккумуляторы и электроника,Китай,,,8-828,Зал 8,Аккумуляторы и электроника,"""BRvision — профессиональный производитель из Китая с собственной производственной базой в Фошане. Опираясь на 18-летний опыт работы в отрасли, мы специализируемся на электронных системах безопасности исключительно для коммерческого транспорта и спецтехники. Мы разрабатываем и производим промышленные AI-камеры, автомобильные видеорегистраторы (MDVR), мониторы и системы предотвращения столкновений специально для грузовиков, вилочных погрузчиков и промышленных автопарков, обеспечивая максимальную безопасность и эффективность.""",,http://www.brvision.com,,,https://interauto-mechanica-floorplans-2026.pages.dev/#155535-foshan-brvision-technology-co-ltd,155535-foshan-brvision-technology-co-ltd,"Аккумуляторы и электроника | ""BRvision — профессиональный производитель из Китая с собственной производственной базой в Фошане. Опираясь на 18-летний опыт работы в отрасли, мы специализируемся на электронных системах безопасности исключительно для коммерческого транспорта и спецтехники. Мы разрабатываем и производим промышленные AI-камеры, автомобильные видеорегистраторы (MDVR), мониторы и системы предотвращения столкновений специально для грузовиков, вилочных погрузчиков и промышленных автопарков, обеспечивая максимальную безопасность и эффективность.""",interauto_floorplans_2026,ok,,2026-08-22T20:10:23Z,interavtomehanika-2026-signo-workbook-v1.0.1,,,,,,,,,,,,,,Иностранная компания (Китай); российское юрлицо не разыскивается.,нет,interautomechanica2026_deal_155535
ИнтерАвтоМеханика 2026,"FOSHAN CITY SENTUO AUTO ACCESSORIES CO.,LTD","FOSHAN CITY SENTUO AUTO ACCESSORIES CO.,LTD",Запчасти и компоненты; Аксессуары и тюнинг,Китай,,,7-562,Зал 7,Запчасти и компоненты; Аксессуары и тюнинг,"Компания Foshan City Sentuo Auto Accessories Co., Ltd. — высокотехнологичное предприятие, основанное в 2011 году. Система качества компании прошла сертификацию IATF16949. Мы специализируемся на исследованиях, разработке, производстве и продаже высококачественных интеллектуальных электрических боковых подножек, стационарных подножек и боковых подножек-трансформеров для внедорожников, минивэнов и пикапов. Мы имеем многолетний опыт сотрудничества со многими отечественными и зарубежными сетями автосалонов и автопроизводителями.",,http://www.gdsway.com,,,https://interauto-mechanica-floorplans-2026.pages.dev/#155541-foshan-city-sentuo-auto-accessories-co-ltd,155541-foshan-city-sentuo-auto-accessories-co-ltd,"Запчасти и компоненты; Аксессуары и тюнинг | Компания Foshan City Sentuo Auto Accessories Co., Ltd. — высокотехнологичное предприятие, основанное в 2011 году. Система качества компании прошла сертификацию IATF16949. Мы специализируемся на исследованиях, разработке, производстве и продаже высококачественных интеллектуальных электрических боковых подножек, стационарных подножек и боковых подножек-трансформеров для внедорожников, минивэнов и пикапов. Мы имеем многолетний опыт сотрудничества со многими отечественными и зарубежными сетями автосалонов и автопроизводителями.",interauto_floorplans_2026,ok,,2026-08-22T20:10:23Z,interavtomehanika-2026-signo-workbook-v1.0.1,,,,,,,,,,,,,,Иностранная компания (Китай); российское юрлицо не разыскивается.,нет,interautomechanica2026_deal_155541
ИнтерАвтоМеханика 2026,"Foshan Furui Lighting Co., Ltd.","Foshan Furui Lighting Co., Ltd.","Запчасти и компоненты; Шины и диски; Смазочные материалы, технические жидкости и автохимия",Китай,,,7-480,Зал 7,"Запчасти и компоненты; Шины и диски; Смазочные материалы, технические жидкости и автохимия","Компания Dongguan Furui Lighting Co., Ltd. расположена в городе Дунгуань, провинция Гуандун. Это перерабатывающее предприятие, объединяющее дизайн, исследования, разработки, производство и продажи.Основное производство автомобильных светодиодных противотуманных фар, автомобильных светодиодных рабочих фонарей, автомобильных светодиодных фар.Продукция экспортируется в Центральную Азию, Россию и другие страны.Придерживаясь принципа “качество превыше всего”, компания строго контролирует качество продукции для достижения удовлетворенности клиентов, и потребители могут быть уверены.",,,,,https://interauto-mechanica-floorplans-2026.pages.dev/#154665-foshan-furui-lighting-co-ltd,154665-foshan-furui-lighting-co-ltd,"Запчасти и компоненты; Шины и диски; Смазочные материалы, технические жидкости и автохимия | Компания Dongguan Furui Lighting Co., Ltd. расположена в городе Дунгуань, провинция Гуандун. Это перерабатывающее предприятие, объединяющее дизайн, исследования, разработки, производство и продажи.Основное производство автомобильных светодиодных противотуманных фар, автомобильных светодиодных рабочих фонарей, автомобильных светодиодных фар.Продукция экспортируется в Центральную Азию, Россию и другие страны.Придерживаясь принципа “качество превыше всего”, компания строго контролирует качество продукции для достижения удовлетворенности клиентов, и потребители могут быть уверены.",interauto_floorplans_2026,ok,,2026-08-22T20:10:23Z,interavtomehanika-2026-signo-workbook-v1.0.1,,,,,,,,,,,,,,Иностранная компания (Китай); российское юрлицо не разыскивается.,нет,interautomechanica2026_deal_154665
ИнтерАвтоМеханика 2026,Foshan Haila Electrical Co.Ltd,Foshan Haila Electrical Co.Ltd,Запчасти и компоненты,Китай,,,7-563,Зал 7,Запчасти и компоненты,,,http://gd.huaxingjc.com/,,,https://interauto-mechanica-floorplans-2026.pages.dev/#155412-foshan-haila-electrical-co-ltd,155412-foshan-haila-electrical-co-ltd,Запчасти и компоненты,interauto_floorplans_2026,partial_missing_fields,product_notes,2026-08-22T20:10:23Z,interavtomehanika-2026-signo-workbook-v1.0.1,,,,,,,,,,,,,,Иностранная компания (Китай); российское юрлицо не разыскивается.,нет,interautomechanica2026_deal_155412
ИнтерАвтоМеханика 2026,FOSHAN KD LIGHTING,FOSHAN KD LIGHTING,Аксессуары и тюнинг,Китай,,,8-811,Зал 8,Аксессуары и тюнинг,,,http://www.krdled.com,,,https://interauto-mechanica-floorplans-2026.pages.dev/#156738-foshan-kd-lighting,156738-foshan-kd-lighting,Аксессуары и тюнинг,interauto_floorplans_2026,partial_missing_fields,product_notes,2026-08-22T20:10:23Z,interavtomehanika-2026-signo-workbook-v1.0.1,,,,,,,,,,,,,,Иностранная компания (Китай); российское юрлицо не разыскивается.,нет,interautomechanica2026_deal_156738
ИнтерАвтоМеханика 2026,"Foshan Qili Technology Co., Ltd.","Foshan Qili Technology Co., Ltd.","Оборудование для диагностики, ремонта и восстановления",Китай,,,7-642,Зал 7,"Оборудование для диагностики, ремонта и восстановления",,,http://www.qilitool.com,,,https://interauto-mechanica-floorplans-2026.pages.dev/#155397-foshan-qili-technology-co-ltd,155397-foshan-qili-technology-co-ltd,"Оборудование для диагностики, ремонта и восстановления",interauto_floorplans_2026,partial_missing_fields,product_notes,2026-08-22T20:10:23Z,interavtomehanika-2026-signo-workbook-v1.0.1,,,,,,,,,,,,,,Иностранная компания (Китай); российское юрлицо не разыскивается.,нет,interautomechanica2026_deal_155397
ИнтерАвтоМеханика 2026,"Foshan Sharmeal Technology Co., Ltd","Foshan Sharmeal Technology Co., Ltd",Запчасти и компоненты; Аккумуляторы и электроника,Китай,,,7-640,Зал 7,Запчасти и компоненты; Аккумуляторы и электроника,,,https://sharmeal.com/,,,https://interauto-mechanica-floorplans-2026.pages.dev/#155385-foshan-sharmeal-technology-co-ltd,155385-foshan-sharmeal-technology-co-ltd,Запчасти и компоненты; Аккумуляторы и электроника,interauto_floorplans_2026,partial_missing_fields,product_notes,2026-08-22T20:10:23Z,interavtomehanika-2026-signo-workbook-v1.0.1,,,,,,,,,,,,,,Иностранная компания (Китай); российское юрлицо не разыскивается.,нет,interautomechanica2026_deal_155385
ИнтерАвтоМеханика 2026,"FOSHAN SHUNDE HONGGU AUTO PARTS MANUFACTURING CO.,LTD","FOSHAN SHUNDE HONGGU AUTO PARTS MANUFACTURING CO.,LTD",Запчасти и компоненты,Китай,,,8-830,Зал 8,Запчасти и компоненты,"Хунгу была основана в 2010 году, фабрика расположена в районе Шуньдэ города Фошань. Наша компания специализируется на разработке аир-спрингов, аир-амортизаторов, компрессоров пневматической подвески и клапанных блоков для послепродажного рынка роскошных автомобилей, включая Mercedes-Benz, BMW, Audi, Land Rover, Porsche, VW, Hyundai, Porsche, Tesla, Rolls-Royce, Jeep, Jaguar и другие. Высокое качество и конкурентоспособные цены помогли нам завоевать хорошую репутацию у клиентов.",,http://www.airsuspensionstruts.com,,,https://interauto-mechanica-floorplans-2026.pages.dev/#156771-foshan-shunde-honggu-auto-parts-manufacturing-co-ltd,156771-foshan-shunde-honggu-auto-parts-manufacturing-co-ltd,"Запчасти и компоненты | Хунгу была основана в 2010 году, фабрика расположена в районе Шуньдэ города Фошань. Наша компания специализируется на разработке аир-спрингов, аир-амортизаторов, компрессоров пневматической подвески и клапанных блоков для послепродажного рынка роскошных автомобилей, включая Mercedes-Benz, BMW, Audi, Land Rover, Porsche, VW, Hyundai, Porsche, Tesla, Rolls-Royce, Jeep, Jaguar и другие. Высокое качество и конкурентоспособные цены помогли нам завоевать хорошую репутацию у клиентов.",interauto_floorplans_2026,ok,,2026-08-22T20:10:23Z,interavtomehanika-2026-signo-workbook-v1.0.1,,,,,,,,,,,,,,Иностранная компания (Китай); российское юрлицо не разыскивается.,нет,interautomechanica2026_deal_156771
ИнтерАвтоМеханика 2026,"Foshan Smartsun Auto Lighting Technology Co., Limited","Foshan Smartsun Auto Lighting Technology Co., Limited",Запчасти и компоненты,Китай,,,8-833,Зал 8,Запчасти и компоненты,,,http://www.smartsunlamp.com,,,https://interauto-mechanica-floorplans-2026.pages.dev/#159324-foshan-smartsun-auto-lighting-technology-co-limited,159324-foshan-smartsun-auto-lighting-technology-co-limited,Запчасти и компоненты,interauto_floorplans_2026,partial_missing_fields,product_notes,2026-08-22T20:10:23Z,interavtomehanika-2026-signo-workbook-v1.0.1,,,,,,,,,,,,,,Иностранная компания (Китай); российское юрлицо не разыскивается.,нет,interautomechanica2026_deal_159324
ИнтерАвтоМеханика 2026,"Foshan Zhiguangno Technology Co., Ltd.","Foshan Zhiguangno Technology Co., Ltd.",Запчасти и компоненты,Китай,,,8-805,Зал 8,Запчасти и компоненты,,,http://zhiguangno.com,,,https://interauto-mechanica-floorplans-2026.pages.dev/#155646-foshan-zhiguangno-technology-co-ltd,155646-foshan-zhiguangno-technology-co-ltd,Запчасти и компоненты,interauto_floorplans_2026,partial_missing_fields,product_notes,2026-08-22T20:10:23Z,interavtomehanika-2026-signo-workbook-v1.0.1,,,,,,,,,,,,,,Иностранная компания (Китай); российское юрлицо не разыскивается.,нет,interautomechanica2026_deal_155646
ИнтерАвтоМеханика 2026,"FUXIN JINSHI INDUSTRY CO.,LTD.","FUXIN JINSHI INDUSTRY CO.,LTD.",Запчасти и компоненты,Китай,,,7-625,Зал 7,Запчасти и компоненты,"Fuxin Jinshi Industries Co., Ltd. находится в провинции Ляонин Китая, основной вид деятельности компании — это разработка, производство и реализация автомобильных тормозный дисков, тормозных барабанов, тормозных накладок и других автомобильных тормозных деталей. Компания занимает площадь более 30000㎡, располагает профессиональным литейным цехом, цехом механической обработки, цехом контроля качества и упаковочным цехом. В штате компании работают более 200 рабочих, среди них технические специалисты более 20 людей. Компания располагает полной производственной системой и производственной линией и обладает большими преимуществами в разработке технологий, управлении качеством и признании клиентов.",,,,,https://interauto-mechanica-floorplans-2026.pages.dev/#158412-fuxin-jinshi-industry-co-ltd,158412-fuxin-jinshi-industry-co-ltd,"Запчасти и компоненты | Fuxin Jinshi Industries Co., Ltd. находится в провинции Ляонин Китая, основной вид деятельности компании — это разработка, производство и реализация автомобильных тормозный дисков, тормозных барабанов, тормозных накладок и других автомобильных тормозных деталей. Компания занимает площадь более 30000㎡, располагает профессиональным литейным цехом, цехом механической обработки, цехом контроля качества и упаковочным цехом. В штате компании работают более 200 рабочих, среди них технические специалисты более 20 людей. Компания располагает полной производственной системой и производственной линией и обладает большими преимуществами в разработке технологий, управлении качеством и признании клиентов.",interauto_floorplans_2026,ok,,2026-08-22T20:10:23Z,interavtomehanika-2026-signo-workbook-v1.0.1,,,,,,,,,,,,,,Иностранная компания (Китай); российское юрлицо не разыскивается.,нет,interautomechanica2026_deal_158412
ИнтерАвтоМеханика 2026,"GALAXY INDUSTRIAL CO., LTD.","GALAXY INDUSTRIAL CO., LTD.",Кузовной ремонт и лакокрасочные материалы,Китай,,,7-554,Зал 7,Кузовной ремонт и лакокрасочные материалы,"Компания GALAXY INDUSTRIAL CO.,LTD. имеет 20-летний опыт производства автомобильных клейких лент, является OEM-производителем для более чем 100 глобальных брендов. Основная продукция: 1. Двухсторонние VHB & поролоновые ленты 2. Малярные ленты/пленки/бумага 3. Электроизоляционные ПВХ & тканевые ленты для жгутов проводов 4. Тряпки для сбора краски 5. Малярные бумажные фильтры.",,http://www.grandwaytape.com,,,https://interauto-mechanica-floorplans-2026.pages.dev/#155214-galaxy-industrial-co-ltd,155214-galaxy-industrial-co-ltd,"Кузовной ремонт и лакокрасочные материалы | Компания GALAXY INDUSTRIAL CO.,LTD. имеет 20-летний опыт производства автомобильных клейких лент, является OEM-производителем для более чем 100 глобальных брендов. Основная продукция: 1. Двухсторонние VHB & поролоновые ленты 2. Малярные ленты/пленки/бумага 3. Электроизоляционные ПВХ & тканевые ленты для жгутов проводов 4. Тряпки для сбора краски 5. Малярные бумажные фильтры.",interauto_floorplans_2026,ok,,2026-08-22T20:10:23Z,interavtomehanika-2026-signo-workbook-v1.0.1,,,,,,,,,,,,,,Иностранная компания (Китай); российское юрлицо не разыскивается.,нет,interautomechanica2026_deal_155214
ИнтерАвтоМеханика 2026,Ganz,Ganz,Запчасти и компоненты; Аккумуляторы и электроника,Россия,,,8-465,Зал 8,Запчасти и компоненты; Аккумуляторы и электроника,"GANZ — динамичный бренд автозапчастей: от аккумуляторов и тормозных систем до электроники и подвески. Прямые контракты с заводами, строгий контроль качества и адаптация к российским условиям обеспечивают надёжность в любой ситуации.",,,,,https://interauto-mechanica-floorplans-2026.pages.dev/#154230-ganz-arnezzi,154230-ganz-arnezzi,"Запчасти и компоненты; Аккумуляторы и электроника | GANZ — динамичный бренд автозапчастей: от аккумуляторов и тормозных систем до электроники и подвески. Прямые контракты с заводами, строгий контроль качества и адаптация к российским условиям обеспечивают надёжность в любой ситуации.",interauto_floorplans_2026,ok,,2026-08-22T20:10:23Z,interavtomehanika-2026-signo-workbook-v1.0.1,,,,,,,,,,,,,,Надежное российское юрлицо не найдено.,нет,interautomechanica2026_deal_154230
ИнтерАвтоМеханика 2026,"GSP AUTOMOTIVE GROUP WENZHOU CO., LTD","GSP AUTOMOTIVE GROUP WENZHOU CO., LTD",Запчасти и компоненты,Китай,,,8-215,Зал 8,Запчасти и компоненты,"Группа компаний GSP Automotive Group является ведущим производителем автомобильных запчастей для мирового рынка запчастей. С 1985 года GSP олицетворяет собой высококачественные автомобильные запчасти, технологические инновации и глобальную надежность на вторичном рынке. Имея более 2 000 специалистов и клиентов в более чем 120 странах, мы поставляем карданные валы, карданные передачи, шарниры постоянных скоростей, комплекты ступиц и подшипников, резинометаллические детали, рулевые механизмы, детали рулевого управления и подвески, а также амортизаторы — быстро, надежно и безопасно.",,https://www.gsp-europe.com,,,https://interauto-mechanica-floorplans-2026.pages.dev/#154017-spl-servis-parts-logistik,154017-spl-servis-parts-logistik,"Запчасти и компоненты | Группа компаний GSP Automotive Group является ведущим производителем автомобильных запчастей для мирового рынка запчастей. С 1985 года GSP олицетворяет собой высококачественные автомобильные запчасти, технологические инновации и глобальную надежность на вторичном рынке. Имея более 2 000 специалистов и клиентов в более чем 120 странах, мы поставляем карданные валы, карданные передачи, шарниры постоянных скоростей, комплекты ступиц и подшипников, резинометаллические детали, рулевые механизмы, детали рулевого управления и подвески, а также амортизаторы — быстро, надежно и безопасно.",interauto_floorplans_2026,ok,,2026-08-22T20:10:23Z,interavtomehanika-2026-signo-workbook-v1.0.1,,,,,,,,,,,,,,Иностранная компания (Китай); российское юрлицо не разыскивается.,нет,interautomechanica2026_deal_154017
ИнтерАвтоМеханика 2026,"Guangdong Baiwang Industrial Co.,Ltd","Guangdong Baiwang Industrial Co.,Ltd",Запчасти и компоненты,Китай,,,7-560,Зал 7,Запчасти и компоненты,"""Наша компания основана в 2010 году, специализируется на автомобильных щетках стеклоочистителя и резиновых изделиях. Руководствуясь принципом «ориентация на клиента, взаимовыгодное сотрудничество», мы быстро развились и построили прочные партнерские отношения с известными предприятиями по всему миру. Мы внедрили систему качества ISO9001, сотрудничаем с Южно-Китайским технологическим университетом, владеем более 30 национальными патентами. Щетки стеклоочистителя — неотъемлемая часть безопасного вождения. Мы продолжаем развивать инновации, чтобы предлагать клиентам качественную и надежную продукцию""",,http://www.baiwang-wiperblades.com/,,,https://interauto-mechanica-floorplans-2026.pages.dev/#155391-guangdong-baiwang-industrial-co-ltd,155391-guangdong-baiwang-industrial-co-ltd,"Запчасти и компоненты | ""Наша компания основана в 2010 году, специализируется на автомобильных щетках стеклоочистителя и резиновых изделиях. Руководствуясь принципом «ориентация на клиента, взаимовыгодное сотрудничество», мы быстро развились и построили прочные партнерские отношения с известными предприятиями по всему миру. Мы внедрили систему качества ISO9001, сотрудничаем с Южно-Китайским технологическим университетом, владеем более 30 национальными патентами. Щетки стеклоочистителя — неотъемлемая часть безопасного вождения. Мы продолжаем развивать инновации, чтобы предлагать клиентам качественную и надежную продукцию""",interauto_floorplans_2026,ok,,2026-08-22T20:10:23Z,interavtomehanika-2026-signo-workbook-v1.0.1,,,,,,,,,,,,,,Иностранная компания (Китай); российское юрлицо не разыскивается.,нет,interautomechanica2026_deal_155391
ИнтерАвтоМеханика 2026,"GUANGDONG CHENYUE TRADING CO., LTD","GUANGDONG CHENYUE TRADING CO., LTD",Запчасти и компоненты,Китай,,,"7-555, 7-557",Зал 7,Запчасти и компоненты,"Мы являемся профессиональным предприятием, специализирующимся на исследованиях, разработке, производстве и продаже автозапчастей. Компания имеет хорошо отлаженную систему управления качеством и стремится предоставлять высококачественные и надежные решения в области автозапчастей для клиентов по всему миру.",,,,,https://interauto-mechanica-floorplans-2026.pages.dev/#155211-guangdong-chenyue-trading-co-ltd,155211-guangdong-chenyue-trading-co-ltd,"Запчасти и компоненты | Мы являемся профессиональным предприятием, специализирующимся на исследованиях, разработке, производстве и продаже автозапчастей. Компания имеет хорошо отлаженную систему управления качеством и стремится предоставлять высококачественные и надежные решения в области автозапчастей для клиентов по всему миру.",interauto_floorplans_2026,ok,,2026-08-22T20:10:23Z,interavtomehanika-2026-signo-workbook-v1.0.1,,,,,,,,,,,,,,Иностранная компания (Китай); российское юрлицо не разыскивается.,нет,interautomechanica2026_deal_155211
ИнтерАвтоМеханика 2026,"GUANGDONG JUWEI METAL CAN CO.,LTD","GUANGDONG JUWEI METAL CAN CO.,LTD","Смазочные материалы, технические жидкости и автохимия; Кузовной ремонт и лакокрасочные материалы",Китай,,,7-745,Зал 7,"Смазочные материалы, технические жидкости и автохимия; Кузовной ремонт и лакокрасочные материалы",,,http://www.jwtincan.com,,,https://interauto-mechanica-floorplans-2026.pages.dev/#156765-guangdong-juwei-metal-can-co-ltd,156765-guangdong-juwei-metal-can-co-ltd,"Смазочные материалы, технические жидкости и автохимия; Кузовной ремонт и лакокрасочные материалы",interauto_floorplans_2026,partial_missing_fields,product_notes,2026-08-22T20:10:23Z,interavtomehanika-2026-signo-workbook-v1.0.1,,,,,,,,,,,,,,Иностранная компания (Китай); российское юрлицо не разыскивается.,нет,interautomechanica2026_deal_156765
ИнтерАвтоМеханика 2026,"Guangdong Longdon New Materials Co., Ltd.","Guangdong Longdon New Materials Co., Ltd.",Запчасти и компоненты,Китай,,,8-839,Зал 8,Запчасти и компоненты,,,http://www.longdonfilm.com,,,https://interauto-mechanica-floorplans-2026.pages.dev/#159135-guangdong-longdon-new-materials-co-ltd,159135-guangdong-longdon-new-materials-co-ltd,Запчасти и компоненты,interauto_floorplans_2026,partial_missing_fields,product_notes,2026-08-22T20:10:23Z,interavtomehanika-2026-signo-workbook-v1.0.1,,,,,,,,,,,,,,Иностранная компания (Китай); российское юрлицо не разыскивается.,нет,interautomechanica2026_deal_159135
ИнтерАвтоМеханика 2026,GUANGDONG TOME AD MEDIA LTD.,GUANGDONG TOME AD MEDIA LTD.,Кузовной ремонт и лакокрасочные материалы; Аксессуары и тюнинг,Китай,,,7-623,Зал 7,Кузовной ремонт и лакокрасочные материалы; Аксессуары и тюнинг,"""VSTONE — профессиональный производитель, специализирующийся на защитных полиуретановых плёнках (PPF) и высококачественных автомобильных плёнках. Благодаря современным технологиям нанесения покрытий и чистым помещениям класса 1000 мы гарантируем стабильное качество продукции и надёжные производственные возможности. Ассортимент VSTONE включает защитные полиуретановые плёнки (PPF), плёнки для оклейки автомобилей, тонировочные плёнки, защитные плёнки для фар, плёнки с эффектом карбона и полимерные плёнки для цифровой печати. Мы также предлагаем гибкие OEM- и ODM-решения для партнёров по всему миру.""",,http://www.vstoneppf.com,,,https://interauto-mechanica-floorplans-2026.pages.dev/#160116-guangdong-tome-ad-media-ltd,160116-guangdong-tome-ad-media-ltd,"Кузовной ремонт и лакокрасочные материалы; Аксессуары и тюнинг | ""VSTONE — профессиональный производитель, специализирующийся на защитных полиуретановых плёнках (PPF) и высококачественных автомобильных плёнках. Благодаря современным технологиям нанесения покрытий и чистым помещениям класса 1000 мы гарантируем стабильное качество продукции и надёжные производственные возможности. Ассортимент VSTONE включает защитные полиуретановые плёнки (PPF), плёнки для оклейки автомобилей, тонировочные плёнки, защитные плёнки для фар, плёнки с эффектом карбона и полимерные плёнки для цифровой печати. Мы также предлагаем гибкие OEM- и ODM-решения для партнёров по всему миру.""",interauto_floorplans_2026,ok,,2026-08-22T20:10:23Z,interavtomehanika-2026-signo-workbook-v1.0.1,,,,,,,,,,,,,,Иностранная компания (Китай); российское юрлицо не разыскивается.,нет,interautomechanica2026_deal_160116
ИнтерАвтоМеханика 2026,"Guangdong UBEST Technology Co., Ltd","Guangdong UBEST Technology Co., Ltd","Смазочные материалы, технические жидкости и автохимия; Кузовной ремонт и лакокрасочные материалы",Китай,,,7-653,Зал 7,"Смазочные материалы, технические жидкости и автохимия; Кузовной ремонт и лакокрасочные материалы",,,http://ub-boswell.com/,,,https://interauto-mechanica-floorplans-2026.pages.dev/#155409-guangdong-ubest-technology-co-ltd,155409-guangdong-ubest-technology-co-ltd,"Смазочные материалы, технические жидкости и автохимия; Кузовной ремонт и лакокрасочные материалы",interauto_floorplans_2026,partial_missing_fields,product_notes,2026-08-22T20:10:23Z,interavtomehanika-2026-signo-workbook-v1.0.1,,,,,,,,,,,,,,Иностранная компания (Китай); российское юрлицо не разыскивается.,нет,interautomechanica2026_deal_155409
ИнтерАвтоМеханика 2026,"Guangdong VSIN New Material Products Co., LTD","Guangdong VSIN New Material Products Co., LTD",Кузовной ремонт и лакокрасочные материалы,Китай,,,8-616,Зал 8,Кузовной ремонт и лакокрасочные материалы,"""Компания Guangdong VSIN New Material Products Co., LTD была основана в 2007 году. Наша компания занимает площадь 20 000 квадратных метров. Мы профессионально производим всевозможные ПВХ клейкие пленки. Благодаря нашим современным технологиям, строгому контролю качества и внимательному послепродажному обслуживанию, мы можем гарантировать высочайшее качество клейкой пленки на рынке. Несколько видов нашей специализированной продукции продаются как на внутреннем рынке, так и за рубежом, включая рекламные материалы для печати, пленки для оклейки автомобилей, светоотражающие пленки и декоративные виниловые пленки и т.д.""",,https://www.vsinppf.com/,,,https://interauto-mechanica-floorplans-2026.pages.dev/#154689-guangdong-vsin-new-material-products-co-ltd,154689-guangdong-vsin-new-material-products-co-ltd,"Кузовной ремонт и лакокрасочные материалы | ""Компания Guangdong VSIN New Material Products Co., LTD была основана в 2007 году. Наша компания занимает площадь 20 000 квадратных метров. Мы профессионально производим всевозможные ПВХ клейкие пленки. Благодаря нашим современным технологиям, строгому контролю качества и внимательному послепродажному обслуживанию, мы можем гарантировать высочайшее качество клейкой пленки на рынке. Несколько видов нашей специализированной продукции продаются как на внутреннем рынке, так и за рубежом, включая рекламные материалы для печати, пленки для оклейки автомобилей, светоотражающие пленки и декоративные виниловые пленки и т.д.""",interauto_floorplans_2026,ok,,2026-08-22T20:10:23Z,interavtomehanika-2026-signo-workbook-v1.0.1,,,,,,,,,,,,,,Иностранная компания (Китай); российское юрлицо не разыскивается.,нет,interautomechanica2026_deal_154689
ИнтерАвтоМеханика 2026,"Guangdong Yuefu Car Care Product Co., Ltd.","Guangdong Yuefu Car Care Product Co., Ltd.","Смазочные материалы, технические жидкости и автохимия",Китай,,,7-170,Зал 7,"Смазочные материалы, технические жидкости и автохимия","Компания Guangdong Yuefu Car Care Products Co., Ltd. основана в 2003 году. Это крупное предприятие, которое объединяет разработку, производство, продажу и сервисное обслуживание автомобильного оборудования и средств по уходу за автомобилями. Компания стремится предоставлять клиентам комплексные, качественные и эффективные решения по техническому обслуживанию автомобилей. Сфера деятельности охватывает сотрудничество с автопроизводителями (OEM), профессиональный рынок 4S-дилеров, рынок автомобильного ремонта и детейлинга, а также услуги по контрактному производству и кастомизации. Продажи осуществляются по всей стране и на экспорт за рубеж.",,http://www.gdyfu.com,,,https://interauto-mechanica-floorplans-2026.pages.dev/#154635-guangdong-yuefu-car-care-product-co-ltd,154635-guangdong-yuefu-car-care-product-co-ltd,"Смазочные материалы, технические жидкости и автохимия | Компания Guangdong Yuefu Car Care Products Co., Ltd. основана в 2003 году. Это крупное предприятие, которое объединяет разработку, производство, продажу и сервисное обслуживание автомобильного оборудования и средств по уходу за автомобилями. Компания стремится предоставлять клиентам комплексные, качественные и эффективные решения по техническому обслуживанию автомобилей. Сфера деятельности охватывает сотрудничество с автопроизводителями (OEM), профессиональный рынок 4S-дилеров, рынок автомобильного ремонта и детейлинга, а также услуги по контрактному производству и кастомизации. Продажи осуществляются по всей стране и на экспорт за рубеж.",interauto_floorplans_2026,ok,,2026-08-22T20:10:23Z,interavtomehanika-2026-signo-workbook-v1.0.1,,,,,,,,,,,,,,Иностранная компания (Китай); российское юрлицо не разыскивается.,нет,interautomechanica2026_deal_154635
ИнтерАвтоМеханика 2026,"GUANGZHOU AOMA IMPORT AND EXPORT CO., LTD.","GUANGZHOU AOMA IMPORT AND EXPORT CO., LTD.",,Китай,,,7-284,Зал 7,,,,https://aomatape.en.made-in-china.com/,,,https://interauto-mechanica-floorplans-2026.pages.dev/#155652-guangzhou-aoma-import-and-export-co-ltd,155652-guangzhou-aoma-import-and-export-co-ltd,,interauto_floorplans_2026,partial_missing_fields,product_notes,2026-08-22T20:10:23Z,interavtomehanika-2026-signo-workbook-v1.0.1,,,,,,,,,,,,,,Иностранная компания (Китай); российское юрлицо не разыскивается.,нет,interautomechanica2026_deal_155652
ИнтерАвтоМеханика 2026,"Guangzhou Baochuang New Type of Thin FilmTechnology Co., Ltd.","Guangzhou Baochuang New Type of Thin FilmTechnology Co., Ltd.",Кузовной ремонт и лакокрасочные материалы,Китай,,,7-652,Зал 7,Кузовной ремонт и лакокрасочные материалы,,,http://www.baoyuwindowfilm.com/,,,https://interauto-mechanica-floorplans-2026.pages.dev/#155538-guangzhou-baochuang-new-type-of-thin-filmtechnology-co-ltd,155538-guangzhou-baochuang-new-type-of-thin-filmtechnology-co-ltd,Кузовной ремонт и лакокрасочные материалы,interauto_floorplans_2026,partial_missing_fields,product_notes,2026-08-22T20:10:23Z,interavtomehanika-2026-signo-workbook-v1.0.1,,,,,,,,,,,,,,Иностранная компания (Китай); российское юрлицо не разыскивается.,нет,interautomechanica2026_deal_155538
ИнтерАвтоМеханика 2026,"GUANGZHOU CANTE TECHNOLOGY CO., LTD.","GUANGZHOU CANTE TECHNOLOGY CO., LTD.",Запчасти и компоненты; Аккумуляторы и электроника; Аксессуары и тюнинг,Китай,,,7-619,Зал 7,Запчасти и компоненты; Аккумуляторы и электроника; Аксессуары и тюнинг,"Основанная в 2017 году, компания Guangzhou Cante Technology Co., Ltd является профессиональным производителем и глобальным поставщиком высокопроизводительных автомобильных светодиодных осветительных приборов. С современным заводом площадью 5000 квадратных метров в Гуанчжоу, мы специализируемся на НИОКР, производстве и продаже светодиодных фар. Наше предприятие оснащено современными производственными линиями и строгими системами контроля качества, имеет международные сертификаты, включая CE, FCC, ROHS и DOT.",,,,,https://interauto-mechanica-floorplans-2026.pages.dev/#154902-guangzhou-cante-technology-co-ltd,154902-guangzhou-cante-technology-co-ltd,"Запчасти и компоненты; Аккумуляторы и электроника; Аксессуары и тюнинг | Основанная в 2017 году, компания Guangzhou Cante Technology Co., Ltd является профессиональным производителем и глобальным поставщиком высокопроизводительных автомобильных светодиодных осветительных приборов. С современным заводом площадью 5000 квадратных метров в Гуанчжоу, мы специализируемся на НИОКР, производстве и продаже светодиодных фар. Наше предприятие оснащено современными производственными линиями и строгими системами контроля качества, имеет международные сертификаты, включая CE, FCC, ROHS и DOT.",interauto_floorplans_2026,ok,,2026-08-22T20:10:23Z,interavtomehanika-2026-signo-workbook-v1.0.1,,,,,,,,,,,,,,Иностранная компания (Китай); российское юрлицо не разыскивается.,нет,interautomechanica2026_deal_154902
ИнтерАвтоМеханика 2026,"GUANGZHOU CARSON AUTO PARTS CO., LTD","GUANGZHOU CARSON AUTO PARTS CO., LTD",Запчасти и компоненты; Аккумуляторы и электроника,Китай,,,8-963,Зал 8,Запчасти и компоненты; Аккумуляторы и электроника,,,https://www.carsonat.com/,,,https://interauto-mechanica-floorplans-2026.pages.dev/#155163-guangzhou-carson-auto-parts-co-ltd,155163-guangzhou-carson-auto-parts-co-ltd,Запчасти и компоненты; Аккумуляторы и электроника,interauto_floorplans_2026,partial_missing_fields,product_notes,2026-08-22T20:10:23Z,interavtomehanika-2026-signo-workbook-v1.0.1,,,,,,,,,,,,,,Иностранная компания (Китай); российское юрлицо не разыскивается.,нет,interautomechanica2026_deal_155163
ИнтерАвтоМеханика 2026,"GUANGZHOU CHENGGUANG AUTOMOTIVE ACCESSORIES CO., LTD.","GUANGZHOU CHENGGUANG AUTOMOTIVE ACCESSORIES CO., LTD.",Запчасти и компоненты,Китай,,,8-875,Зал 8,Запчасти и компоненты,"Компания была основана в 2014 году, занимается продажей электронной продукции; розничная торговля автозапчастями; Оптовая торговля автозапчастями; розничная торговля электронными компонентами; оптовая торговля электронными компонентами; Исследования и разработки автозапчастей; Технические услуги, разработка технологий, технологический консалтинг, обмен технологиями, передача технологий, продвижение технологий",,,,,https://interauto-mechanica-floorplans-2026.pages.dev/#155085-guangzhou-chengguang-automotive-accessories-co-ltd,155085-guangzhou-chengguang-automotive-accessories-co-ltd,"Запчасти и компоненты | Компания была основана в 2014 году, занимается продажей электронной продукции; розничная торговля автозапчастями; Оптовая торговля автозапчастями; розничная торговля электронными компонентами; оптовая торговля электронными компонентами; Исследования и разработки автозапчастей; Технические услуги, разработка технологий, технологический консалтинг, обмен технологиями, передача технологий, продвижение технологий",interauto_floorplans_2026,ok,,2026-08-22T20:10:23Z,interavtomehanika-2026-signo-workbook-v1.0.1,,,,,,,,,,,,,,Иностранная компания (Китай); российское юрлицо не разыскивается.,нет,interautomechanica2026_deal_155085
ИнтерАвтоМеханика 2026,"Guangzhou Chuanghu Technology Co., Ltd.","Guangzhou Chuanghu Technology Co., Ltd.",Запчасти и компоненты,Китай,,,7-551,Зал 7,Запчасти и компоненты,,,,,,https://interauto-mechanica-floorplans-2026.pages.dev/#155220-guangzhou-chuanghu-technology-co-ltd,155220-guangzhou-chuanghu-technology-co-ltd,Запчасти и компоненты,interauto_floorplans_2026,partial_missing_fields,product_notes,2026-08-22T20:10:23Z,interavtomehanika-2026-signo-workbook-v1.0.1,,,,,,,,,,,,,,Иностранная компания (Китай); российское юрлицо не разыскивается.,нет,interautomechanica2026_deal_155220
ИнтерАвтоМеханика 2026,"Guangzhou Cymmi Technology CO.,LTD.","Guangzhou Cymmi Technology CO.,LTD.",Запчасти и компоненты,Китай,,,8-841,Зал 8,Запчасти и компоненты,,,http://www.cymmi.com,,,https://interauto-mechanica-floorplans-2026.pages.dev/#155187-guangzhou-cymmi-technology-co-ltd,155187-guangzhou-cymmi-technology-co-ltd,Запчасти и компоненты,interauto_floorplans_2026,partial_missing_fields,product_notes,2026-08-22T20:10:23Z,interavtomehanika-2026-signo-workbook-v1.0.1,,,,,,,,,,,,,,Иностранная компания (Китай); российское юрлицо не разыскивается.,нет,interautomechanica2026_deal_155187
ИнтерАвтоМеханика 2026,"Guangzhou Guangshen Import & Export Co.,ltd","Guangzhou Guangshen Import & Export Co.,ltd",Запчасти и компоненты,Китай,,,8-838,Зал 8,Запчасти и компоненты,"Компания Guangzhou Guangshen Import and Export Co., Ltd. специализируется на автомобильном освещении. Она занимается разработкой, производством, оптовой торговлей, изготовлением оригинальных и оригинальных запчастей (ODM/OEM) и франчайзингом. В стране компания представлена такими брендами, как KUS, Guangshen, Shuoyeshen и Xuanlan. Дилеры компании работают по всей стране. Следуя философии работы под брендом, компания предоставляет пятизвездочный сервис с максимальной честностью до и после продажи, предлагает партнерам решения для развития бизнеса, сопровождает магазины, имеет полный комплекс сертификационных требований к импорту и зарегистрировала собственные торговые марки во многих странах.",,https://www.kuslens.com/,,,https://interauto-mechanica-floorplans-2026.pages.dev/#159762-guangzhou-guangshen-import-export-co-ltd,159762-guangzhou-guangshen-import-export-co-ltd,"Запчасти и компоненты | Компания Guangzhou Guangshen Import and Export Co., Ltd. специализируется на автомобильном освещении. Она занимается разработкой, производством, оптовой торговлей, изготовлением оригинальных и оригинальных запчастей (ODM/OEM) и франчайзингом. В стране компания представлена такими брендами, как KUS, Guangshen, Shuoyeshen и Xuanlan. Дилеры компании работают по всей стране. Следуя философии работы под брендом, компания предоставляет пятизвездочный сервис с максимальной честностью до и после продажи, предлагает партнерам решения для развития бизнеса, сопровождает магазины, имеет полный комплекс сертификационных требований к импорту и зарегистрировала собственные торговые марки во многих странах.",interauto_floorplans_2026,ok,,2026-08-22T20:10:23Z,interavtomehanika-2026-signo-workbook-v1.0.1,,,,,,,,,,,,,,Иностранная компания (Китай); российское юрлицо не разыскивается.,нет,interautomechanica2026_deal_159762
ИнтерАвтоМеханика 2026,"Guangzhou Hanya Thin Film Technology Co., Ltd","Guangzhou Hanya Thin Film Technology Co., Ltd",Кузовной ремонт и лакокрасочные материалы,Китай,,,7-533,Зал 7,Кузовной ремонт и лакокрасочные материалы,"Основанная в 2017 году, компания Hanya расположена в городе Дунгуань, известном как «мире фабрик». Она была инициирована и создана старшими экспертами из Китая и Южной Кореи в области предварительного покрытия пленок. Первая фаза инвестиций превысила 500 миллионов юаней и охватила площадь в 30 000 квадратных метров. Hanya является мировым лидером в производстве серийных, крупномасштабных и полнокомплектных предварительных покрытий пленок.",,http://www.hanyathinfilm.com,,,https://interauto-mechanica-floorplans-2026.pages.dev/#155364-guangzhou-hanya-thin-film-technology-co-ltd,155364-guangzhou-hanya-thin-film-technology-co-ltd,"Кузовной ремонт и лакокрасочные материалы | Основанная в 2017 году, компания Hanya расположена в городе Дунгуань, известном как «мире фабрик». Она была инициирована и создана старшими экспертами из Китая и Южной Кореи в области предварительного покрытия пленок. Первая фаза инвестиций превысила 500 миллионов юаней и охватила площадь в 30 000 квадратных метров. Hanya является мировым лидером в производстве серийных, крупномасштабных и полнокомплектных предварительных покрытий пленок.",interauto_floorplans_2026,ok,,2026-08-22T20:10:23Z,interavtomehanika-2026-signo-workbook-v1.0.1,,,,,,,,,,,,,,Иностранная компания (Китай); российское юрлицо не разыскивается.,нет,interautomechanica2026_deal_155364
ИнтерАвтоМеханика 2026,"GUANGZHOU HONGJIEXIN AUTOMOBILE TECHNOLOGY CO., LTD.","GUANGZHOU HONGJIEXIN AUTOMOBILE TECHNOLOGY CO., LTD.",Запчасти и компоненты; Аксессуары и тюнинг,Китай,,,8-809,Зал 8,Запчасти и компоненты; Аксессуары и тюнинг,"ООО «Гуанчжоу Хунцзесин Автомобильные Технологии» — специализированное предприятие, занимающееся научно-исследовательскими разработками, производством и реализацией автомобильных рулевых систем. Наша продукция реализуется по всей территории Китая, мы пользуемся высоким доверием и признанием иностранных клиентов. Основная специализация — рулевые механизмы для премиальных моделей автомобилей Mercedes-Benz, BMW, Audi, Porsche и других марок.",,,,,https://interauto-mechanica-floorplans-2026.pages.dev/#155661-guangzhou-hongjiexin-automobile-technology-co-ltd,155661-guangzhou-hongjiexin-automobile-technology-co-ltd,"Запчасти и компоненты; Аксессуары и тюнинг | ООО «Гуанчжоу Хунцзесин Автомобильные Технологии» — специализированное предприятие, занимающееся научно-исследовательскими разработками, производством и реализацией автомобильных рулевых систем. Наша продукция реализуется по всей территории Китая, мы пользуемся высоким доверием и признанием иностранных клиентов. Основная специализация — рулевые механизмы для премиальных моделей автомобилей Mercedes-Benz, BMW, Audi, Porsche и других марок.",interauto_floorplans_2026,ok,,2026-08-22T20:10:23Z,interavtomehanika-2026-signo-workbook-v1.0.1,,,,,,,,,,,,,,Иностранная компания (Китай); российское юрлицо не разыскивается.,нет,interautomechanica2026_deal_155661
ИнтерАвтоМеханика 2026,"Guangzhou Lingfeng Carbon Fiber Technology Co., Ltd.","Guangzhou Lingfeng Carbon Fiber Technology Co., Ltd.",Запчасти и компоненты,Китай,,,7-658,Зал 7,Запчасти и компоненты,,,https://www.vodiscarbon.com/,,,https://interauto-mechanica-floorplans-2026.pages.dev/#156744-guangzhou-lingfeng-carbon-fiber-technology-co-ltd,156744-guangzhou-lingfeng-carbon-fiber-technology-co-ltd,Запчасти и компоненты,interauto_floorplans_2026,partial_missing_fields,product_notes,2026-08-22T20:10:23Z,interavtomehanika-2026-signo-workbook-v1.0.1,,,,,,,,,,,,,,Иностранная компания (Китай); российское юрлицо не разыскивается.,нет,interautomechanica2026_deal_156744
ИнтерАвтоМеханика 2026,"GUANGZHOU LUMA AUTOMOTIVE PARTS TECHNOLOGY CO., LTD","GUANGZHOU LUMA AUTOMOTIVE PARTS TECHNOLOGY CO., LTD",Запчасти и компоненты,Китай,,,7-630a,Зал 7,Запчасти и компоненты,"Компания Guangzhou Luma Automotive Parts Technology Co., Ltd. была основана в 2023 году. Мы являемся компанией, поставляющей все автомобильные комплектующие, включая расходные материалы, детали подвески и двигатели. Наши основные рынки экспорта — Россия, Европа, США, Юго-Восточная Азия, Ближний Восток и другие страны. У нас имеется передовое производственное оборудование, что позволяет эффективно контролировать качество продукции. Мы являемся профессиональной компанией по продаже автомобильных комплектующих.",,,,,https://interauto-mechanica-floorplans-2026.pages.dev/#159828-guangzhou-luma-automotive-parts-technology-co-ltd,159828-guangzhou-luma-automotive-parts-technology-co-ltd,"Запчасти и компоненты | Компания Guangzhou Luma Automotive Parts Technology Co., Ltd. была основана в 2023 году. Мы являемся компанией, поставляющей все автомобильные комплектующие, включая расходные материалы, детали подвески и двигатели. Наши основные рынки экспорта — Россия, Европа, США, Юго-Восточная Азия, Ближний Восток и другие страны. У нас имеется передовое производственное оборудование, что позволяет эффективно контролировать качество продукции. Мы являемся профессиональной компанией по продаже автомобильных комплектующих.",interauto_floorplans_2026,ok,,2026-08-22T20:10:23Z,interavtomehanika-2026-signo-workbook-v1.0.1,,,,,,,,,,,,,,Иностранная компания (Китай); российское юрлицо не разыскивается.,нет,interautomechanica2026_deal_159828
ИнтерАвтоМеханика 2026,"GUANGZHOU LUOLAN CO.,LTD","GUANGZHOU LUOLAN CO.,LTD","Запчасти и компоненты; Шины и диски; Смазочные материалы, технические жидкости и автохимия",Китай,,,8-610,Зал 8,"Запчасти и компоненты; Шины и диски; Смазочные материалы, технические жидкости и автохимия",,,http://www.vynxparts.com,,,https://interauto-mechanica-floorplans-2026.pages.dev/#154662-guangzhou-luolan-co-ltd,154662-guangzhou-luolan-co-ltd,"Запчасти и компоненты; Шины и диски; Смазочные материалы, технические жидкости и автохимия",interauto_floorplans_2026,partial_missing_fields,product_notes,2026-08-22T20:10:23Z,interavtomehanika-2026-signo-workbook-v1.0.1,,,,,,,,,,,,,,Иностранная компания (Китай); российское юрлицо не разыскивается.,нет,interautomechanica2026_deal_154662
ИнтерАвтоМеханика 2026,"Guangzhou Micron Electronics Technology Co., Ltd.","Guangzhou Micron Electronics Technology Co., Ltd.",Аккумуляторы и электроника,Китай,,,7-656,Зал 7,Аккумуляторы и электроника,"Профиль компании и сфера деятельности: Компания Guangzhou Meiguang Electronics Technology Co., Ltd., основанная в 2013 году, работает в следующих областях: импорт и экспорт товаров; производство и продажа осветительных приборов; производство оптоэлектронного оборудования; продажа специализированного производственного оборудования для осветительных приборов; и продажа изделий из пластмассы. Основная продукция: светодиодные проекторы, противотуманные фары, светодиодные фары головного света, мини-проекторы, мотоциклетные прожекторы.",,,,,https://interauto-mechanica-floorplans-2026.pages.dev/#155751-guangzhou-micron-electronics-technology-co-ltd,155751-guangzhou-micron-electronics-technology-co-ltd,"Аккумуляторы и электроника | Профиль компании и сфера деятельности: Компания Guangzhou Meiguang Electronics Technology Co., Ltd., основанная в 2013 году, работает в следующих областях: импорт и экспорт товаров; производство и продажа осветительных приборов; производство оптоэлектронного оборудования; продажа специализированного производственного оборудования для осветительных приборов; и продажа изделий из пластмассы. Основная продукция: светодиодные проекторы, противотуманные фары, светодиодные фары головного света, мини-проекторы, мотоциклетные прожекторы.",interauto_floorplans_2026,ok,,2026-08-22T20:10:23Z,interavtomehanika-2026-signo-workbook-v1.0.1,,,,,,,,,,,,,,Иностранная компания (Китай); российское юрлицо не разыскивается.,нет,interautomechanica2026_deal_155751
ИнтерАвтоМеханика 2026,"Guangzhou Modify-ah Automobile Technology Co., Ltd.","Guangzhou Modify-ah Automobile Technology Co., Ltd.",Запчасти и компоненты; Аккумуляторы и электроника; Аксессуары и тюнинг,Китай,,,7-650,Зал 7,Запчасти и компоненты; Аккумуляторы и электроника; Аксессуары и тюнинг,,,http://www.eddystar.com,,,https://interauto-mechanica-floorplans-2026.pages.dev/#155415-guangzhou-modify-ah-automobile-technology-co-ltd,155415-guangzhou-modify-ah-automobile-technology-co-ltd,Запчасти и компоненты; Аккумуляторы и электроника; Аксессуары и тюнинг,interauto_floorplans_2026,partial_missing_fields,product_notes,2026-08-22T20:10:23Z,interavtomehanika-2026-signo-workbook-v1.0.1,,,,,,,,,,,,,,Иностранная компания (Китай); российское юрлицо не разыскивается.,нет,interautomechanica2026_deal_155415
ИнтерАвтоМеханика 2026,"Guangzhou Pinxiu Transmission Technology Co., Ltd.","Guangzhou Pinxiu Transmission Technology Co., Ltd.",Аксессуары и тюнинг,Китай,,,8-614,Зал 8,Аксессуары и тюнинг,,,https://www.cclparts.com/,,,https://interauto-mechanica-floorplans-2026.pages.dev/#154704-guangzhou-pinxiu-transmission-technology-co-ltd,154704-guangzhou-pinxiu-transmission-technology-co-ltd,Аксессуары и тюнинг,interauto_floorplans_2026,partial_missing_fields,product_notes,2026-08-22T20:10:23Z,interavtomehanika-2026-signo-workbook-v1.0.1,,,,,,,,,,,,,,Иностранная компания (Китай); российское юрлицо не разыскивается.,нет,interautomechanica2026_deal_154704
ИнтерАвтоМеханика 2026,"Guangzhou Ruiyi Optoelectronics Technology Co., Ltd.","Guangzhou Ruiyi Optoelectronics Technology Co., Ltd.",Запчасти и компоненты,Китай,,,7-567,Зал 7,Запчасти и компоненты,"""Компания «Гуанчжоу Руйи Оптоэлектроника» специализируется на автомобильных светодиодных осветительных решениях. Наш завод находится в Гуанчжоу, объединяя производство металлических корпусов и сборочные линии. Имея большой опыт в изготовлении светодиодов, наши светодиодные фары для модернизации имеют лучшую отделку по сравнению с изделиями коллег по отрасли. RYD является нашей дочерней филиальной компанией, которая занимается разработкой премиальных светодиодных решений и ведением деятельности на зарубежных рынках. В текущем году мы представили на рынке наш светодиодный драйвер Quad-power Supply с четырехканальным питанием.""",,http://www.RYDlight.com,,,https://interauto-mechanica-floorplans-2026.pages.dev/#155649-guangzhou-ruiyi-optoelectronics-technology-co-ltd,155649-guangzhou-ruiyi-optoelectronics-technology-co-ltd,"Запчасти и компоненты | ""Компания «Гуанчжоу Руйи Оптоэлектроника» специализируется на автомобильных светодиодных осветительных решениях. Наш завод находится в Гуанчжоу, объединяя производство металлических корпусов и сборочные линии. Имея большой опыт в изготовлении светодиодов, наши светодиодные фары для модернизации имеют лучшую отделку по сравнению с изделиями коллег по отрасли. RYD является нашей дочерней филиальной компанией, которая занимается разработкой премиальных светодиодных решений и ведением деятельности на зарубежных рынках. В текущем году мы представили на рынке наш светодиодный драйвер Quad-power Supply с четырехканальным питанием.""",interauto_floorplans_2026,ok,,2026-08-22T20:10:23Z,interavtomehanika-2026-signo-workbook-v1.0.1,,,,,,,,,,,,,,Иностранная компания (Китай); российское юрлицо не разыскивается.,нет,interautomechanica2026_deal_155649
ИнтерАвтоМеханика 2026,"Guangzhou Tech Master Auto Parts Co., Ltd","Guangzhou Tech Master Auto Parts Co., Ltd",Запчасти и компоненты,Китай,,,8-618,Зал 8,Запчасти и компоненты,"Мы специализируемся на производстве комплектующих для амортизационных систем немецких автомобилей, предлагаем продукцию для пневматических подвесок Mercedes-Benz, BMW, Audi, Land Rover и других марок, включая высококачественные амортизаторы, ремонтные наборы, насосы для накачки, распределительные клапаны и рычаги качания.",,https://techmastersuspension.com/,,,https://interauto-mechanica-floorplans-2026.pages.dev/#154701-guangzhou-tech-master-auto-parts-co-ltd,154701-guangzhou-tech-master-auto-parts-co-ltd,"Запчасти и компоненты | Мы специализируемся на производстве комплектующих для амортизационных систем немецких автомобилей, предлагаем продукцию для пневматических подвесок Mercedes-Benz, BMW, Audi, Land Rover и других марок, включая высококачественные амортизаторы, ремонтные наборы, насосы для накачки, распределительные клапаны и рычаги качания.",interauto_floorplans_2026,ok,,2026-08-22T20:10:23Z,interavtomehanika-2026-signo-workbook-v1.0.1,,,,,,,,,,,,,,Иностранная компания (Китай); российское юрлицо не разыскивается.,нет,interautomechanica2026_deal_154701
ИнтерАвтоМеханика 2026,"Guangzhou Tongling Auto Parts Manufacturer Co., Ltd.","Guangzhou Tongling Auto Parts Manufacturer Co., Ltd.","Запчасти и компоненты; Смазочные материалы, технические жидкости и автохимия; Аксессуары и тюнинг",Китай,,,8-626,Зал 8,"Запчасти и компоненты; Смазочные материалы, технические жидкости и автохимия; Аксессуары и тюнинг",,,,,,https://interauto-mechanica-floorplans-2026.pages.dev/#154713-guangzhou-tongling-auto-parts-manufacturer-co-ltd,154713-guangzhou-tongling-auto-parts-manufacturer-co-ltd,"Запчасти и компоненты; Смазочные материалы, технические жидкости и автохимия; Аксессуары и тюнинг",interauto_floorplans_2026,partial_missing_fields,product_notes,2026-08-22T20:10:23Z,interavtomehanika-2026-signo-workbook-v1.0.1,,,,,,,,,,,,,,Иностранная компания (Китай); российское юрлицо не разыскивается.,нет,interautomechanica2026_deal_154713
ИнтерАвтоМеханика 2026,"GUANGZHOU TOPSEE NEW MATERIAL CO.,LTD","GUANGZHOU TOPSEE NEW MATERIAL CO.,LTD",Запчасти и компоненты,Китай,,,7-561,Зал 7,Запчасти и компоненты,,,http://www.goodcarwayfilm.com,,,https://interauto-mechanica-floorplans-2026.pages.dev/#155394-guangzhou-topsee-new-material-co-ltd,155394-guangzhou-topsee-new-material-co-ltd,Запчасти и компоненты,interauto_floorplans_2026,partial_missing_fields,product_notes,2026-08-22T20:10:23Z,interavtomehanika-2026-signo-workbook-v1.0.1,,,,,,,,,,,,,,Иностранная компания (Китай); российское юрлицо не разыскивается.,нет,interautomechanica2026_deal_155394
ИнтерАвтоМеханика 2026,"Guangzhou Tuoyi New Energy Co., Ltd.","Guangzhou Tuoyi New Energy Co., Ltd.","Запчасти и компоненты; Оборудование для диагностики, ремонта и восстановления; Аккумуляторы и электроника",Китай,,,7-556,Зал 7,"Запчасти и компоненты; Оборудование для диагностики, ремонта и восстановления; Аккумуляторы и электроника","Наша компания специализируется на производстве оригинальных автомобильных запчастей и компонентов для электромобилей, таких как AGM-аккумуляторы для систем старт-стоп, гибридные батареи, литий-ионные батареи для электромобилей, зарядное оборудование для электромобилей, пневматическая подвеска, компрессорные насосы, воздухораспределительные клапаны, компоненты шасси и компоненты двигателя.",,http://www.tuoyibattery.com,,,https://interauto-mechanica-floorplans-2026.pages.dev/#155208-guangzhou-tuoyi-new-energy-co-ltd,155208-guangzhou-tuoyi-new-energy-co-ltd,"Запчасти и компоненты; Оборудование для диагностики, ремонта и восстановления; Аккумуляторы и электроника | Наша компания специализируется на производстве оригинальных автомобильных запчастей и компонентов для электромобилей, таких как AGM-аккумуляторы для систем старт-стоп, гибридные батареи, литий-ионные батареи для электромобилей, зарядное оборудование для электромобилей, пневматическая подвеска, компрессорные насосы, воздухораспределительные клапаны, компоненты шасси и компоненты двигателя.",interauto_floorplans_2026,ok,,2026-08-22T20:10:23Z,interavtomehanika-2026-signo-workbook-v1.0.1,,,,,,,,,,,,,,Иностранная компания (Китай); российское юрлицо не разыскивается.,нет,interautomechanica2026_deal_155208
ИнтерАвтоМеханика 2026,"GUANGZHOU U-NICK AUTOMOTIVE FILM CO.,LTD","GUANGZHOU U-NICK AUTOMOTIVE FILM CO.,LTD",,Китай,,,7-453,Зал 7,,"NICK, расположенный в Гуанчжоу (Китай), специализируется на автомобильной плёночной промышленности уже более 26 лет, объединяя научные исследования и разработки, производство, продажи и сервис. Компания в основном занимается тремя основными категориями продукции — высокопроизводительными защитными пленками, оконными теневыми пленками и пленками с изменением цвета, предлагая комплексные решения по защите автомобилей владельцам по всему миру.",,http://www.nickppf.com,,,https://interauto-mechanica-floorplans-2026.pages.dev/#154845-guangzhou-u-nick-automotive-film-co-ltd,154845-guangzhou-u-nick-automotive-film-co-ltd,"NICK, расположенный в Гуанчжоу (Китай), специализируется на автомобильной плёночной промышленности уже более 26 лет, объединяя научные исследования и разработки, производство, продажи и сервис. Компания в основном занимается тремя основными категориями продукции — высокопроизводительными защитными пленками, оконными теневыми пленками и пленками с изменением цвета, предлагая комплексные решения по защите автомобилей владельцам по всему миру.",interauto_floorplans_2026,ok,,2026-08-22T20:10:23Z,interavtomehanika-2026-signo-workbook-v1.0.1,,,,,,,,,,,,,,Иностранная компания (Китай); российское юрлицо не разыскивается.,нет,interautomechanica2026_deal_154845
ИнтерАвтоМеханика 2026,"GUANGZHOU WEITECH CO.,LTD","GUANGZHOU WEITECH CO.,LTD",Аккумуляторы и электроника,Китай,,,7-616,Зал 7,Аккумуляторы и электроника,"Guangzhou Weitech Co.,LTD.is a company focusing on theresearch and development, production and sales of vehicleanalog and digital video systems, mainly producing rearview camera, monitors, warning lights and other products, products are in accordance with the national standard, American standard, European standard and other domesticand foreign vehicle product regulations and productionstandards, have passed E57, CE, FCC-ID, CE-RED, UKCA, ROHS and other related certifications.",,http://www.tvhsignal.com,,,https://interauto-mechanica-floorplans-2026.pages.dev/#154890-guangzhou-weitech-co-ltd,154890-guangzhou-weitech-co-ltd,"Аккумуляторы и электроника | Guangzhou Weitech Co.,LTD.is a company focusing on theresearch and development, production and sales of vehicleanalog and digital video systems, mainly producing rearview camera, monitors, warning lights and other products, products are in accordance with the national standard, American standard, European standard and other domesticand foreign vehicle product regulations and productionstandards, have passed E57, CE, FCC-ID, CE-RED, UKCA, ROHS and other related certifications.",interauto_floorplans_2026,ok,,2026-08-22T20:10:23Z,interavtomehanika-2026-signo-workbook-v1.0.1,,,,,,,,,,,,,,Иностранная компания (Китай); российское юрлицо не разыскивается.,нет,interautomechanica2026_deal_154890
ИнтерАвтоМеханика 2026,"GUANGZHOU XINGHUI WHEEL CO.,LTD","GUANGZHOU XINGHUI WHEEL CO.,LTD",Запчасти и компоненты,Китай,,,8-871,Зал 8,Запчасти и компоненты,"""GUANGZHOU XINGHUI WHEELS CO., LTD‌ — ведущий производитель высококачественных колес с широким ассортиментом продукции, включая конструкции литых, формованных по поточной технологии и кованых колес. Наша линейка продукции представлена в различных размерах от 10 до 26 дюймов, что удовлетворяет потребности различных типов транспортных средств. Мы гордимся нашими современными литейными машинами, которые обеспечивают точное и стабильное литье наших колес. Наша технология поточной формовки позволяет производить легкие и прочные колеса, которые идеально подходят для высокопроизводительных автомобилей. Наши кованые колеса изготовлены из высококачественных материалов и спроектированы для обеспечения превосходной прочности и долговечности.""",,https://xhwheels.com/,,,https://interauto-mechanica-floorplans-2026.pages.dev/#155079-guangzhou-xinghui-wheel-co-ltd,155079-guangzhou-xinghui-wheel-co-ltd,"Запчасти и компоненты | ""GUANGZHOU XINGHUI WHEELS CO., LTD‌ — ведущий производитель высококачественных колес с широким ассортиментом продукции, включая конструкции литых, формованных по поточной технологии и кованых колес. Наша линейка продукции представлена в различных размерах от 10 до 26 дюймов, что удовлетворяет потребности различных типов транспортных средств. Мы гордимся нашими современными литейными машинами, которые обеспечивают точное и стабильное литье наших колес. Наша технология поточной формовки позволяет производить легкие и прочные колеса, которые идеально подходят для высокопроизводительных автомобилей. Наши кованые колеса изготовлены из высококачественных материалов и спроектированы для обеспечения превосходной прочности и долговечности.""",interauto_floorplans_2026,ok,,2026-08-22T20:10:23Z,interavtomehanika-2026-signo-workbook-v1.0.1,,,,,,,,,,,,,,Иностранная компания (Китай); российское юрлицо не разыскивается.,нет,interautomechanica2026_deal_155079
ИнтерАвтоМеханика 2026,"GUANGZHOU XINHUI FILM TECHNOLOGY CO.,LTD","GUANGZHOU XINHUI FILM TECHNOLOGY CO.,LTD",Запчасти и компоненты,Китай,,,7-566,Зал 7,Запчасти и компоненты,,,https://xhcarfilm.com/,,,https://interauto-mechanica-floorplans-2026.pages.dev/#155406-guangzhou-xinhui-film-technology-co-ltd,155406-guangzhou-xinhui-film-technology-co-ltd,Запчасти и компоненты,interauto_floorplans_2026,partial_missing_fields,product_notes,2026-08-22T20:10:23Z,interavtomehanika-2026-signo-workbook-v1.0.1,,,,,,,,,,,,,,Иностранная компания (Китай); российское юрлицо не разыскивается.,нет,interautomechanica2026_deal_155406
ИнтерАвтоМеханика 2026,"Guangzhou Xusheng New Energy Technology Co., Ltd.","Guangzhou Xusheng New Energy Technology Co., Ltd.",Запчасти и компоненты; Аккумуляторы и электроника; Шины и диски,Китай,,,8-605,Зал 8,Запчасти и компоненты; Аккумуляторы и электроника; Шины и диски,,,http://newxusheng.en.alibaba.com,,,https://interauto-mechanica-floorplans-2026.pages.dev/#160101-guangzhou-xusheng-new-energy-technology-co-ltd,160101-guangzhou-xusheng-new-energy-technology-co-ltd,Запчасти и компоненты; Аккумуляторы и электроника; Шины и диски,interauto_floorplans_2026,partial_missing_fields,product_notes,2026-08-22T20:10:23Z,interavtomehanika-2026-signo-workbook-v1.0.1,,,,,,,,,,,,,,Иностранная компания (Китай); российское юрлицо не разыскивается.,нет,interautomechanica2026_deal_160101
ИнтерАвтоМеханика 2026,"Guangzhou Yiyao Photoelectric Technology Co., Ltd","Guangzhou Yiyao Photoelectric Technology Co., Ltd",Запчасти и компоненты,Китай,,,8-845,Зал 8,Запчасти и компоненты,"Наша компания специализируется на разработке и производстве светодиодных фар и противотуманных фар для мотоциклов и автомобилей. Наша продукция подходит для бензиновых и электрических двухколёсных транспортных средств, седанов и внедорожников. Мы предоставляем услуги изготовления по заказам OEM и ODM, у нас есть профессиональная команда оптических разработчиков и полностью автоматизированные производственные линии. Мы сосредоточены на поставке комплексных высококачественных решений для автомобильного освещения с высокой яркостью, длительным сроком службы и полным пакетом сертификатов соответствия нормативам.",,,,,https://interauto-mechanica-floorplans-2026.pages.dev/#155643-guangzhou-yiyao-photoelectric-technology-co-ltd,155643-guangzhou-yiyao-photoelectric-technology-co-ltd,"Запчасти и компоненты | Наша компания специализируется на разработке и производстве светодиодных фар и противотуманных фар для мотоциклов и автомобилей. Наша продукция подходит для бензиновых и электрических двухколёсных транспортных средств, седанов и внедорожников. Мы предоставляем услуги изготовления по заказам OEM и ODM, у нас есть профессиональная команда оптических разработчиков и полностью автоматизированные производственные линии. Мы сосредоточены на поставке комплексных высококачественных решений для автомобильного освещения с высокой яркостью, длительным сроком службы и полным пакетом сертификатов соответствия нормативам.",interauto_floorplans_2026,ok,,2026-08-22T20:10:23Z,interavtomehanika-2026-signo-workbook-v1.0.1,,,,,,,,,,,,,,Иностранная компания (Китай); российское юрлицо не разыскивается.,нет,interautomechanica2026_deal_155643
ИнтерАвтоМеханика 2026,"HAIYAN HUAXING TECHNOLOGY CO., LTD.","HAIYAN HUAXING TECHNOLOGY CO., LTD.","Запчасти и компоненты; Оборудование для диагностики, ремонта и восстановления",Китай,,,8-965,Зал 8,"Запчасти и компоненты; Оборудование для диагностики, ремонта и восстановления",,,http://www.hyhuaxing.com,,,https://interauto-mechanica-floorplans-2026.pages.dev/#155169-haiyan-huaxing-technology-co-ltd,155169-haiyan-huaxing-technology-co-ltd,"Запчасти и компоненты; Оборудование для диагностики, ремонта и восстановления",interauto_floorplans_2026,partial_missing_fields,product_notes,2026-08-22T20:10:23Z,interavtomehanika-2026-signo-workbook-v1.0.1,,,,,,,,,,,,,,Иностранная компания (Китай); российское юрлицо не разыскивается.,нет,interautomechanica2026_deal_155169
ИнтерАвтоМеханика 2026,"Hangzhou Annat Industry Co., Ltd","Hangzhou Annat Industry Co., Ltd",Запчасти и компоненты,Китай,,,7-283,Зал 7,Запчасти и компоненты,"""Hangzhou Annat Industry Co., Ltd. – производитель тормозных колодок дисковых и барабанных оригинального качества, основан в 2006 году • Собственная научно-исследовательская лаборатория с полным комплексом профессионального испытательного оборудования для тормозных систем • Пять видов фрикционных составов: низкометаллический, полуметаллический, керамический, NAO и органический – удовлетворяют любые потребности клиентов • Сертификаты IATF16949, ECE R90, AMECA, успешно пройдена проверка по стандарту VDA6.3 компании Honeywell • Официальный поставщик комплектующих по спецификациям автопроизводителей для ведущих китайских автомобильных марок • Более 2500 артикулов изделий, годовой объем производства 5 миллионов комплектов, возможны небольшие заказы""",,http://www.annat.com.cn,,,https://interauto-mechanica-floorplans-2026.pages.dev/#159942-hangzhou-annat-industry-co-ltd,159942-hangzhou-annat-industry-co-ltd,"Запчасти и компоненты | ""Hangzhou Annat Industry Co., Ltd. – производитель тормозных колодок дисковых и барабанных оригинального качества, основан в 2006 году • Собственная научно-исследовательская лаборатория с полным комплексом профессионального испытательного оборудования для тормозных систем • Пять видов фрикционных составов: низкометаллический, полуметаллический, керамический, NAO и органический – удовлетворяют любые потребности клиентов • Сертификаты IATF16949, ECE R90, AMECA, успешно пройдена проверка по стандарту VDA6.3 компании Honeywell • Официальный поставщик комплектующих по спецификациям автопроизводителей для ведущих китайских автомобильных марок • Более 2500 артикулов изделий, годовой объем производства 5 миллионов комплектов, возможны небольшие заказы""",interauto_floorplans_2026,ok,,2026-08-22T20:10:23Z,interavtomehanika-2026-signo-workbook-v1.0.1,,,,,,,,,,,,,,Иностранная компания (Китай); российское юрлицо не разыскивается.,нет,interautomechanica2026_deal_159942
ИнтерАвтоМеханика 2026,"HANGZHOU DURABLE AUTO PARTS CO., LTD.","HANGZHOU DURABLE AUTO PARTS CO., LTD.",Запчасти и компоненты; Гаражное оборудование,Китай,,,7-708,Зал 7,Запчасти и компоненты; Гаражное оборудование,,,http://www.hdapco.com,,,https://interauto-mechanica-floorplans-2026.pages.dev/#154956-hangzhou-durable-auto-parts-co-ltd,154956-hangzhou-durable-auto-parts-co-ltd,Запчасти и компоненты; Гаражное оборудование,interauto_floorplans_2026,partial_missing_fields,product_notes,2026-08-22T20:10:23Z,interavtomehanika-2026-signo-workbook-v1.0.1,,,,,,,,,,,,,,Иностранная компания (Китай); российское юрлицо не разыскивается.,нет,interautomechanica2026_deal_154956
ИнтерАвтоМеханика 2026,"HangZhou GreatStar Industrial Co., Ltd.","HangZhou GreatStar Industrial Co., Ltd.",Гаражное оборудование,Россия,,,7-327,Зал 7,Гаражное оборудование,,,https://greatstartools.ru/,,,https://interauto-mechanica-floorplans-2026.pages.dev/#153957-mv-trejd,153957-mv-trejd,Гаражное оборудование,interauto_floorplans_2026,partial_missing_fields,product_notes,2026-08-22T20:10:23Z,interavtomehanika-2026-signo-workbook-v1.0.1,,,,,,,,,,,,,,Похоже на иностранную компанию; российское юрлицо не найдено.,нет,interautomechanica2026_deal_153957
ИнтерАвтоМеханика 2026,"HANGZHOU LINGO RUBBER AND PLASTIC PRODUCT CO., LTD.","HANGZHOU LINGO RUBBER AND PLASTIC PRODUCT CO., LTD.","Запчасти и компоненты; Оборудование для диагностики, ремонта и восстановления; Аксессуары и тюнинг",Китай,,,8-855,Зал 8,"Запчасти и компоненты; Оборудование для диагностики, ремонта и восстановления; Аксессуары и тюнинг","""LINGO была основана группой специалистов, проработавших в сфере резинотехнических и пластиковых изделий более 10, а некоторые — более 20 лет. Мы специализируемся на производстве резиновых и пластиковых деталей, помогая клиентам решать задачи герметизации и виброизоляции, а также обеспечивать соответствие жёстким требованиям по прочности на разрыв, удлинению, остаточной деформации сжатия и другим физико-химическим характеристикам. Благодаря обширному опыту в проектировании и производстве, наша продукция широко применяется в электронике, аэрокосмической отрасли, здравоохранении, строительстве, транспорте, оборонной промышленности и других сферах.""",,http://www.lingorp.com,,,https://interauto-mechanica-floorplans-2026.pages.dev/#154968-hangzhou-lingo-rubber-and-plastic-product-co-ltd,154968-hangzhou-lingo-rubber-and-plastic-product-co-ltd,"Запчасти и компоненты; Оборудование для диагностики, ремонта и восстановления; Аксессуары и тюнинг | ""LINGO была основана группой специалистов, проработавших в сфере резинотехнических и пластиковых изделий более 10, а некоторые — более 20 лет. Мы специализируемся на производстве резиновых и пластиковых деталей, помогая клиентам решать задачи герметизации и виброизоляции, а также обеспечивать соответствие жёстким требованиям по прочности на разрыв, удлинению, остаточной деформации сжатия и другим физико-химическим характеристикам. Благодаря обширному опыту в проектировании и производстве, наша продукция широко применяется в электронике, аэрокосмической отрасли, здравоохранении, строительстве, транспорте, оборонной промышленности и других сферах.""",interauto_floorplans_2026,ok,,2026-08-22T20:10:23Z,interavtomehanika-2026-signo-workbook-v1.0.1,,,,,,,,,,,,,,Иностранная компания (Китай); российское юрлицо не разыскивается.,нет,interautomechanica2026_deal_154968
ИнтерАвтоМеханика 2026,"HANGZHOU LUCKY STAR IMPORT AND EXPORT CO.,LTD","HANGZHOU LUCKY STAR IMPORT AND EXPORT CO.,LTD",Запчасти и компоненты; Аксессуары и тюнинг,Китай,,,8-832,Зал 8,Запчасти и компоненты; Аксессуары и тюнинг,"Мы являемся компанией, специализирующейся на экспорте автомобилей. У нас есть собственный автосалон и специальная парковка. Мы занимаемся экспортом как автомобилей с двигателями внутреннего сгорания, так и автомобилей на альтернативных источниках энергии в различные регионы мира, причем в настоящее время основной акцент делается на рынки Центральной Азии, в частности на Россию.",,,,,https://interauto-mechanica-floorplans-2026.pages.dev/#156729-hangzhou-lucky-star-import-and-export-co-ltd,156729-hangzhou-lucky-star-import-and-export-co-ltd,"Запчасти и компоненты; Аксессуары и тюнинг | Мы являемся компанией, специализирующейся на экспорте автомобилей. У нас есть собственный автосалон и специальная парковка. Мы занимаемся экспортом как автомобилей с двигателями внутреннего сгорания, так и автомобилей на альтернативных источниках энергии в различные регионы мира, причем в настоящее время основной акцент делается на рынки Центральной Азии, в частности на Россию.",interauto_floorplans_2026,ok,,2026-08-22T20:10:23Z,interavtomehanika-2026-signo-workbook-v1.0.1,,,,,,,,,,,,,,Иностранная компания (Китай); российское юрлицо не разыскивается.,нет,interautomechanica2026_deal_156729
ИнтерАвтоМеханика 2026,"HANGZHOU SPEED IMP AND EXP CO.,LTD.","HANGZHOU SPEED IMP AND EXP CO.,LTD.",,Китай,,,8-969,Зал 8,,,,http://www.speedairtools.com,,,https://interauto-mechanica-floorplans-2026.pages.dev/#155181-hangzhou-speed-imp-and-exp-co-ltd,155181-hangzhou-speed-imp-and-exp-co-ltd,,interauto_floorplans_2026,partial_missing_fields,product_notes,2026-08-22T20:10:23Z,interavtomehanika-2026-signo-workbook-v1.0.1,,,,,,,,,,,,,,Иностранная компания (Китай); российское юрлицо не разыскивается.,нет,interautomechanica2026_deal_155181
ИнтерАвтоМеханика 2026,"HANGZHOU TP AUTO PARTS CO.,LTD","HANGZHOU TP AUTO PARTS CO.,LTD",Запчасти и компоненты,Китай,,,7-282,Зал 7,Запчасти и компоненты,,,http://www.truck-part.com.cn,,,https://interauto-mechanica-floorplans-2026.pages.dev/#155694-hangzhou-tp-auto-parts-co-ltd,155694-hangzhou-tp-auto-parts-co-ltd,Запчасти и компоненты,interauto_floorplans_2026,partial_missing_fields,product_notes,2026-08-22T20:10:23Z,interavtomehanika-2026-signo-workbook-v1.0.1,,,,,,,,,,,,,,Иностранная компания (Китай); российское юрлицо не разыскивается.,нет,interautomechanica2026_deal_155694
ИнтерАвтоМеханика 2026,"HANGZHOU YONGZAN TRADING CO., LTD.","HANGZHOU YONGZAN TRADING CO., LTD.",Запчасти и компоненты,Китай,,,8-854,Зал 8,Запчасти и компоненты,,,,,,https://interauto-mechanica-floorplans-2026.pages.dev/#154965-hangzhou-yongzan-trading-co-ltd,154965-hangzhou-yongzan-trading-co-ltd,Запчасти и компоненты,interauto_floorplans_2026,partial_missing_fields,product_notes,2026-08-22T20:10:23Z,interavtomehanika-2026-signo-workbook-v1.0.1,,,,,,,,,,,,,,Иностранная компания (Китай); российское юрлицо не разыскивается.,нет,interautomechanica2026_deal_154965
ИнтерАвтоМеханика 2026,"HEBEI KAIYI AUTOMOBILE ACCESSORIES CO., LTD","HEBEI KAIYI AUTOMOBILE ACCESSORIES CO., LTD",,Китай,,,8-836,Зал 8,,,,,,,https://interauto-mechanica-floorplans-2026.pages.dev/#159750-hebei-kaiyi-automobile-accessories-co-ltd,159750-hebei-kaiyi-automobile-accessories-co-ltd,,interauto_floorplans_2026,partial_missing_fields,product_notes,2026-08-22T20:10:23Z,interavtomehanika-2026-signo-workbook-v1.0.1,,,,,,,,,,,,,,Иностранная компания (Китай); российское юрлицо не разыскивается.,нет,interautomechanica2026_deal_159750
ИнтерАвтоМеханика 2026,"HEBEI YUEHU AUTO PARTS CO.,LTD","HEBEI YUEHU AUTO PARTS CO.,LTD",Запчасти и компоненты,Китай,,,7-746,Зал 7,Запчасти и компоненты,,,http://www.yuehuauto.com.cn,,,https://interauto-mechanica-floorplans-2026.pages.dev/#156762-hebei-yuehu-auto-parts-co-ltd,156762-hebei-yuehu-auto-parts-co-ltd,Запчасти и компоненты,interauto_floorplans_2026,partial_missing_fields,product_notes,2026-08-22T20:10:23Z,interavtomehanika-2026-signo-workbook-v1.0.1,,,,,,,,,,,,,,Иностранная компания (Китай); российское юрлицо не разыскивается.,нет,interautomechanica2026_deal_156762
ИнтерАвтоМеханика 2026,"Heilongjiang Aoweika Technology Co., Ltd.","Heilongjiang Aoweika Technology Co., Ltd.",Запчасти и компоненты,Китай,,,7-670,Зал 7,Запчасти и компоненты,"""О компании: Профессиональный производитель автомобильных тонировочных и защитных плёнок (PPF), основан в 2020 году. Завод находится в г. Харбин, Китай. Месячная мощность: 10 000 рулонов. Специализируемся на высокопрозрачной плёнке для лобового стекла, нанокерамической плёнке для боковых стёкол, ударопрочной плёнке, PPF и виниловых плёнках для оклейки кузова. Продукция сертифицирована ISO9001, экспортируется в Европу, Юго-Восточную Азию и другие страны. Доступна OEM/ODM персонализация.""",,http://www.dfspppf.com,,,https://interauto-mechanica-floorplans-2026.pages.dev/#158301-heilongjiang-aoweika-technology-co-ltd,158301-heilongjiang-aoweika-technology-co-ltd,"Запчасти и компоненты | ""О компании: Профессиональный производитель автомобильных тонировочных и защитных плёнок (PPF), основан в 2020 году. Завод находится в г. Харбин, Китай. Месячная мощность: 10 000 рулонов. Специализируемся на высокопрозрачной плёнке для лобового стекла, нанокерамической плёнке для боковых стёкол, ударопрочной плёнке, PPF и виниловых плёнках для оклейки кузова. Продукция сертифицирована ISO9001, экспортируется в Европу, Юго-Восточную Азию и другие страны. Доступна OEM/ODM персонализация.""",interauto_floorplans_2026,ok,,2026-08-22T20:10:23Z,interavtomehanika-2026-signo-workbook-v1.0.1,,,,,,,,,,,,,,Иностранная компания (Китай); российское юрлицо не разыскивается.,нет,interautomechanica2026_deal_158301
ИнтерАвтоМеханика 2026,"HEILONGJIANG YINGLONG TRADING CO., LTD","HEILONGJIANG YINGLONG TRADING CO., LTD",Запчасти и компоненты,Китай,,,8-823,Зал 8,Запчасти и компоненты,"""Наша компания является официальным дистрибьютором бренда Gates и других брендов, а также продает продукцию таких брендов, как ZF, Valeo, DAYCO, FAG, SCHAEFFLER, LUK, NG и другие. Все товары экспортируются официально. Так же есть направления такие как продажи грузовых автомобилей, строительной техники (экскаваторы, погрузчики, дорожные катки, бульдозеры), автобусов, сельскохозяйственной техники (комбайны), легковых автомобилей, ремней для специальных транспортных средств, натяжителей ремней, сцеплений, свечей зажигания и многих других запчастей для автомобилей.""",,,,,https://interauto-mechanica-floorplans-2026.pages.dev/#159321-heilongjiang-yinglong-trading-co-ltd,159321-heilongjiang-yinglong-trading-co-ltd,"Запчасти и компоненты | ""Наша компания является официальным дистрибьютором бренда Gates и других брендов, а также продает продукцию таких брендов, как ZF, Valeo, DAYCO, FAG, SCHAEFFLER, LUK, NG и другие. Все товары экспортируются официально. Так же есть направления такие как продажи грузовых автомобилей, строительной техники (экскаваторы, погрузчики, дорожные катки, бульдозеры), автобусов, сельскохозяйственной техники (комбайны), легковых автомобилей, ремней для специальных транспортных средств, натяжителей ремней, сцеплений, свечей зажигания и многих других запчастей для автомобилей.""",interauto_floorplans_2026,ok,,2026-08-22T20:10:23Z,interavtomehanika-2026-signo-workbook-v1.0.1,,,,,,,,,,,,,,Иностранная компания (Китай); российское юрлицо не разыскивается.,нет,interautomechanica2026_deal_159321
ИнтерАвтоМеханика 2026,"HENAN ANDYSEN ENGINE TECHNOLOGY CO., LTD","HENAN ANDYSEN ENGINE TECHNOLOGY CO., LTD",Запчасти и компоненты,Китай,,,7-287,Зал 7,Запчасти и компоненты,,,http://www.andysengine.com,,,https://interauto-mechanica-floorplans-2026.pages.dev/#155682-henan-andysen-engine-technology-co-ltd,155682-henan-andysen-engine-technology-co-ltd,Запчасти и компоненты,interauto_floorplans_2026,partial_missing_fields,product_notes,2026-08-22T20:10:23Z,interavtomehanika-2026-signo-workbook-v1.0.1,,,,,,,,,,,,,,Иностранная компания (Китай); российское юрлицо не разыскивается.,нет,interautomechanica2026_deal_155682
ИнтерАвтоМеханика 2026,"Henan Tianji Feihong Automotive Parts Co., Ltd","Henan Tianji Feihong Automotive Parts Co., Ltd",Запчасти и компоненты,Китай,,,7-355,Зал 7,Запчасти и компоненты,,,https://www.dhengine.cn/,,,https://interauto-mechanica-floorplans-2026.pages.dev/#154674-henan-tianji-feihong-automotive-parts-co-ltd,154674-henan-tianji-feihong-automotive-parts-co-ltd,Запчасти и компоненты,interauto_floorplans_2026,partial_missing_fields,product_notes,2026-08-22T20:10:23Z,interavtomehanika-2026-signo-workbook-v1.0.1,,,,,,,,,,,,,,Иностранная компания (Китай); российское юрлицо не разыскивается.,нет,interautomechanica2026_deal_154674
ИнтерАвтоМеханика 2026,"HENAN WENZHONG VIBRATION DAMPER CO., LTD.","HENAN WENZHONG VIBRATION DAMPER CO., LTD.",Запчасти и компоненты,Китай,,,8-920.1,Зал 8,Запчасти и компоненты,"Компания специализируется на производстве автомобильных трубчатых амортизаторов, поддоновидных амортизаторов, амортизаторов типа Макферсон и электронно-управляемых регулируемых амортизаторов. В компании есть различные высокотехнологичные оборудования, такие как рычаги, масляные резервуары, сварочные установки, ультразвуковые моечные машины, разрывные испытательные машины, двухпозиционный динамометр, машины для испытаний на усталость, а также комплект оборудования для сборки, проверки и полностью автоматической электростатической окраски.",,http://hnswzjzq.com,,,https://interauto-mechanica-floorplans-2026.pages.dev/#155754-changzhou-super-auto-parts-co-ltd,155754-changzhou-super-auto-parts-co-ltd,"Запчасти и компоненты | Компания специализируется на производстве автомобильных трубчатых амортизаторов, поддоновидных амортизаторов, амортизаторов типа Макферсон и электронно-управляемых регулируемых амортизаторов. В компании есть различные высокотехнологичные оборудования, такие как рычаги, масляные резервуары, сварочные установки, ультразвуковые моечные машины, разрывные испытательные машины, двухпозиционный динамометр, машины для испытаний на усталость, а также комплект оборудования для сборки, проверки и полностью автоматической электростатической окраски.",interauto_floorplans_2026,ok,,2026-08-22T20:10:23Z,interavtomehanika-2026-signo-workbook-v1.0.1,,,,,,,,,,,,,,Иностранная компания (Китай); российское юрлицо не разыскивается.,нет,interautomechanica2026_deal_155754
ИнтерАвтоМеханика 2026,"HONGMADA WHEEL CO.,LTD","HONGMADA WHEEL CO.,LTD",Запчасти и компоненты,Китай,,,7-375,Зал 7,Запчасти и компоненты,Литые диски,,http://www.hmdwheels.com,,,https://interauto-mechanica-floorplans-2026.pages.dev/#158700-hongmada-wheel-co-ltd,158700-hongmada-wheel-co-ltd,Запчасти и компоненты | Литые диски,interauto_floorplans_2026,ok,,2026-08-22T20:10:23Z,interavtomehanika-2026-signo-workbook-v1.0.1,,,,,,,,,,,,,,Иностранная компания (Китай); российское юрлицо не разыскивается.,нет,interautomechanica2026_deal_158700
ИнтерАвтоМеханика 2026,Howwell,Howwell,"Оборудование для диагностики, ремонта и восстановления",Китай,,,7-315,Зал 7,"Оборудование для диагностики, ремонта и восстановления",,,,,,https://interauto-mechanica-floorplans-2026.pages.dev/#153951-makskam-ooo,153951-makskam-ooo,"Оборудование для диагностики, ремонта и восстановления",interauto_floorplans_2026,partial_missing_fields,product_notes,2026-08-22T20:10:23Z,interavtomehanika-2026-signo-workbook-v1.0.1,,,,,,,,,,,,,,Иностранная компания (Китай); российское юрлицо не разыскивается.,нет,interautomechanica2026_deal_153951
ИнтерАвтоМеханика 2026,"Huaimandada Auto Accessories Co., Ltd.","Huaimandada Auto Accessories Co., Ltd.",,Китай,,,7-655,Зал 7,,,,https://shop384ob44g46605.1688.com/?spm=a261y.7663282.shopNavigation.2.3f5032a6ZmHadF,,,https://interauto-mechanica-floorplans-2026.pages.dev/#156756-huaimandada-auto-accessories-co-ltd,156756-huaimandada-auto-accessories-co-ltd,,interauto_floorplans_2026,partial_missing_fields,product_notes,2026-08-22T20:10:23Z,interavtomehanika-2026-signo-workbook-v1.0.1,,,,,,,,,,,,,,Иностранная компания (Китай); российское юрлицо не разыскивается.,нет,interautomechanica2026_deal_156756
ИнтерАвтоМеханика 2026,"Huangfei international Trade CO.,LTD","Huangfei international Trade CO.,LTD",,Китай,,,7-371,Зал 7,,,,http://www.boli.cc,,,https://interauto-mechanica-floorplans-2026.pages.dev/#158664-huangfei-international-trade-co-ltd,158664-huangfei-international-trade-co-ltd,,interauto_floorplans_2026,partial_missing_fields,product_notes,2026-08-22T20:10:23Z,interavtomehanika-2026-signo-workbook-v1.0.1,,,,,,,,,,,,,,Иностранная компания (Китай); российское юрлицо не разыскивается.,нет,interautomechanica2026_deal_158664
ИнтерАвтоМеханика 2026,"Huixin Yueda Economic and Trade Co., Ltd","Huixin Yueda Economic and Trade Co., Ltd",,Китай,,,7-469.1,Зал 7,,,,http://www.bjdimke.com,,,https://interauto-mechanica-floorplans-2026.pages.dev/#158676-huixin-yueda-economic-and-trade-co-ltd,158676-huixin-yueda-economic-and-trade-co-ltd,,interauto_floorplans_2026,partial_missing_fields,product_notes,2026-08-22T20:10:23Z,interavtomehanika-2026-signo-workbook-v1.0.1,,,,,,,,,,,,,,Иностранная компания (Китай); российское юрлицо не разыскивается.,нет,interautomechanica2026_deal_158676
ИнтерАвтоМеханика 2026,"HUIZHOU MASLA AUTOMOTIVE TECHNOLOGY CO.,LTD.","HUIZHOU MASLA AUTOMOTIVE TECHNOLOGY CO.,LTD.",Аккумуляторы и электроника,Китай,,,7-634,Зал 7,Аккумуляторы и электроника,"Компания Huizhou MASLA Automotive Technology находится в Хуэйчжоу, провинция Гуандун. Мы занимаемся разработкой, продажей и экспортом автомобильных светодиодных ламп и электронных комплектующих. Продукция подходит для разных автомобилей и поставляется в Россию, Центральную Азию, Юго-Восточную Азию. Мы гарантируем высокое качество для клиентов по всему миру.",,http://MASLAT.CN,,,https://interauto-mechanica-floorplans-2026.pages.dev/#154938-huizhou-masla-automotive-technology-co-ltd,154938-huizhou-masla-automotive-technology-co-ltd,"Аккумуляторы и электроника | Компания Huizhou MASLA Automotive Technology находится в Хуэйчжоу, провинция Гуандун. Мы занимаемся разработкой, продажей и экспортом автомобильных светодиодных ламп и электронных комплектующих. Продукция подходит для разных автомобилей и поставляется в Россию, Центральную Азию, Юго-Восточную Азию. Мы гарантируем высокое качество для клиентов по всему миру.",interauto_floorplans_2026,ok,,2026-08-22T20:10:23Z,interavtomehanika-2026-signo-workbook-v1.0.1,,,,,,,,,,,,,,Иностранная компания (Китай); российское юрлицо не разыскивается.,нет,interautomechanica2026_deal_154938
ИнтерАвтоМеханика 2026,Huizhou WES New Energy Limited Company,Huizhou WES New Energy Limited Company,Аккумуляторы и электроника,Китай,,,8-603,Зал 8,Аккумуляторы и электроника,,,https://wesbattery.com/,,,https://interauto-mechanica-floorplans-2026.pages.dev/#158304-huizhou-wes-new-energy-limited-company,158304-huizhou-wes-new-energy-limited-company,Аккумуляторы и электроника,interauto_floorplans_2026,partial_missing_fields,product_notes,2026-08-22T20:10:23Z,interavtomehanika-2026-signo-workbook-v1.0.1,,,,,,,,,,,,,,Иностранная компания (Китай); российское юрлицо не разыскивается.,нет,interautomechanica2026_deal_158304
ИнтерАвтоМеханика 2026,HUNT TECH COMPANY LIMITED,HUNT TECH COMPANY LIMITED,Запчасти и компоненты; Аксессуары и тюнинг,Китай,,,7-351,Зал 7,Запчасти и компоненты; Аксессуары и тюнинг,,,http://www.hunttech.cc,,,https://interauto-mechanica-floorplans-2026.pages.dev/#154644-hunt-tech-company-limited,154644-hunt-tech-company-limited,Запчасти и компоненты; Аксессуары и тюнинг,interauto_floorplans_2026,partial_missing_fields,product_notes,2026-08-22T20:10:23Z,interavtomehanika-2026-signo-workbook-v1.0.1,,,,,,,,,,,,,,Иностранная компания (Китай); российское юрлицо не разыскивается.,нет,interautomechanica2026_deal_154644
ИнтерАвтоМеханика 2026,"Huzhou Tehong Auto Supplies Co.,Ltd","Huzhou Tehong Auto Supplies Co.,Ltd",Аксессуары и тюнинг,Китай,,,7-553,Зал 7,Аксессуары и тюнинг,,,,,,https://interauto-mechanica-floorplans-2026.pages.dev/#155628-huzhou-tehong-auto-supplies-co-ltd,155628-huzhou-tehong-auto-supplies-co-ltd,Аксессуары и тюнинг,interauto_floorplans_2026,partial_missing_fields,product_notes,2026-08-22T20:10:23Z,interavtomehanika-2026-signo-workbook-v1.0.1,,,,,,,,,,,,,,Иностранная компания (Китай); российское юрлицо не разыскивается.,нет,interautomechanica2026_deal_155628
ИнтерАвтоМеханика 2026,"HYPERSTAR INTELLIGENT DEVELOPMENT CO.,LTD.","HYPERSTAR INTELLIGENT DEVELOPMENT CO.,LTD.",Запчасти и компоненты; Аксессуары и тюнинг,Китай,,,7-373,Зал 7,Запчасти и компоненты; Аксессуары и тюнинг,alloy wheels solar,,http://www.njhyperstar.com,,,https://interauto-mechanica-floorplans-2026.pages.dev/#158688-hyperstar-intelligent-development-co-ltd,158688-hyperstar-intelligent-development-co-ltd,Запчасти и компоненты; Аксессуары и тюнинг | alloy wheels solar,interauto_floorplans_2026,ok,,2026-08-22T20:10:23Z,interavtomehanika-2026-signo-workbook-v1.0.1,,,,,,,,,,,,,,Иностранная компания (Китай); российское юрлицо не разыскивается.,нет,interautomechanica2026_deal_158688
ИнтерАвтоМеханика 2026,"JIANGSU HIGHINS POWER TECHNOLOGY CO., LTD.","JIANGSU HIGHINS POWER TECHNOLOGY CO., LTD.",Запчасти и компоненты,Китай,,,7-285,Зал 7,Запчасти и компоненты,"""HIGHINS – это профессиональный поставщик дизельных двигателей и запчастей, специализирующийся на производстве и индивидуальном обслуживании дизельных двигателей. Компания имеет более 20 лет опыта в отрасли, сильные технические возможности и отличное качество продукции. HIGHINS также является официальным агентом FAWDE, известного китайского производителя дизельных двигателей с долгой историей, который уже давно лидирует в энергетической отрасли Китая. FAWDE производит и продает более 320 000 двигателей каждый год, охватывая 67 стран и регионов по всему миру. Мы гарантируем продажу двигателей, которые на 100% оригинальны от FAWDE, и предоставляем послепродажное обслуживание.""",,http://www.highinspower.com,,,https://interauto-mechanica-floorplans-2026.pages.dev/#155676-jiangsu-highins-power-technology-co-ltd,155676-jiangsu-highins-power-technology-co-ltd,"Запчасти и компоненты | ""HIGHINS – это профессиональный поставщик дизельных двигателей и запчастей, специализирующийся на производстве и индивидуальном обслуживании дизельных двигателей. Компания имеет более 20 лет опыта в отрасли, сильные технические возможности и отличное качество продукции. HIGHINS также является официальным агентом FAWDE, известного китайского производителя дизельных двигателей с долгой историей, который уже давно лидирует в энергетической отрасли Китая. FAWDE производит и продает более 320 000 двигателей каждый год, охватывая 67 стран и регионов по всему миру. Мы гарантируем продажу двигателей, которые на 100% оригинальны от FAWDE, и предоставляем послепродажное обслуживание.""",interauto_floorplans_2026,ok,,2026-08-22T20:10:23Z,interavtomehanika-2026-signo-workbook-v1.0.1,,,,,,,,,,,,,,Иностранная компания (Китай); российское юрлицо не разыскивается.,нет,interautomechanica2026_deal_155676
ИнтерАвтоМеханика 2026,"JIANGSU KAITIAN RUIYU WIRE HARNESS CO., LTD.","JIANGSU KAITIAN RUIYU WIRE HARNESS CO., LTD.",Запчасти и компоненты,Китай,,,8-821.1,Зал 8,Запчасти и компоненты,"Производство, обработка автомобильных пучков, проводов и кабелей, автомобильных аксессуаров, мотоциклетных аксессуаров, светильников, пресс - форм, самозанятость и посредничество в импорте и экспорте различных товаров и технологий.",,https://litiankai.1688.com,,,https://interauto-mechanica-floorplans-2026.pages.dev/#159318-jiangsu-kaitian-ruiyu-wire-harness-co-ltd,159318-jiangsu-kaitian-ruiyu-wire-harness-co-ltd,"Запчасти и компоненты | Производство, обработка автомобильных пучков, проводов и кабелей, автомобильных аксессуаров, мотоциклетных аксессуаров, светильников, пресс - форм, самозанятость и посредничество в импорте и экспорте различных товаров и технологий.",interauto_floorplans_2026,ok,,2026-08-22T20:10:23Z,interavtomehanika-2026-signo-workbook-v1.0.1,,,,,,,,,,,,,,Иностранная компания (Китай); российское юрлицо не разыскивается.,нет,interautomechanica2026_deal_159318
ИнтерАвтоМеханика 2026,"JIANGSU XINCHENGDOUYUAN AUTOMOBILE ELECTRONIC SCIENCE AND TECHNOLOGY CO.,LTD","JIANGSU XINCHENGDOUYUAN AUTOMOBILE ELECTRONIC SCIENCE AND TECHNOLOGY CO.,LTD",Запчасти и компоненты; Аксессуары и тюнинг,Китай,,,8-857,Зал 8,Запчасти и компоненты; Аксессуары и тюнинг,"Наша компания, основанная в 2008 году, является отличным производителем автомобильных вентиляторов raidator, бесщеточных двигателей, боковые зеркала заднего вида. У нас есть профессиональная техническая команда и лаборатория, которые предоставляют услуги по проектированию и производству. Он расположен в городе Мэнхэ, Город Чаначжоу, Провинция Цзянсу.",,http://www.chinadoowon.com,,,https://interauto-mechanica-floorplans-2026.pages.dev/#154974-jiangsu-xinchengdouyuan-automobile-electronic-science-and-technology-co-ltd,154974-jiangsu-xinchengdouyuan-automobile-electronic-science-and-technology-co-ltd,"Запчасти и компоненты; Аксессуары и тюнинг | Наша компания, основанная в 2008 году, является отличным производителем автомобильных вентиляторов raidator, бесщеточных двигателей, боковые зеркала заднего вида. У нас есть профессиональная техническая команда и лаборатория, которые предоставляют услуги по проектированию и производству. Он расположен в городе Мэнхэ, Город Чаначжоу, Провинция Цзянсу.",interauto_floorplans_2026,ok,,2026-08-22T20:10:23Z,interavtomehanika-2026-signo-workbook-v1.0.1,,,,,,,,,,,,,,Иностранная компания (Китай); российское юрлицо не разыскивается.,нет,interautomechanica2026_deal_154974
ИнтерАвтоМеханика 2026,"JIANGSU YAOSHENG NEW MATERIAL CO.,LTD","JIANGSU YAOSHENG NEW MATERIAL CO.,LTD",Запчасти и компоненты; Кузовной ремонт и лакокрасочные материалы; Аксессуары и тюнинг,Китай,,,7-482,Зал 7,Запчасти и компоненты; Кузовной ремонт и лакокрасочные материалы; Аксессуары и тюнинг,,,http://www.solarpro-films.com,,,https://interauto-mechanica-floorplans-2026.pages.dev/#154677-jiangsu-yaosheng-new-material-co-ltd,154677-jiangsu-yaosheng-new-material-co-ltd,Запчасти и компоненты; Кузовной ремонт и лакокрасочные материалы; Аксессуары и тюнинг,interauto_floorplans_2026,partial_missing_fields,product_notes,2026-08-22T20:10:23Z,interavtomehanika-2026-signo-workbook-v1.0.1,,,,,,,,,,,,,,Иностранная компания (Китай); российское юрлицо не разыскивается.,нет,interautomechanica2026_deal_154677
ИнтерАвтоМеханика 2026,"Jiangxi Boxin Automotive Components Manufacturing Technology Co., Ltd.","Jiangxi Boxin Automotive Components Manufacturing Technology Co., Ltd.",Запчасти и компоненты; Гаражное оборудование,Китай,,,8-844,Зал 8,Запчасти и компоненты; Гаражное оборудование,,,http://http:/www.jxqcgbthgs.com,,,https://interauto-mechanica-floorplans-2026.pages.dev/#160278-jiangxi-boxin-automotive-components-manufacturing-technology-co-ltd,160278-jiangxi-boxin-automotive-components-manufacturing-technology-co-ltd,Запчасти и компоненты; Гаражное оборудование,interauto_floorplans_2026,partial_missing_fields,product_notes,2026-08-22T20:10:23Z,interavtomehanika-2026-signo-workbook-v1.0.1,,,,,,,,,,,,,,Иностранная компания (Китай); российское юрлицо не разыскивается.,нет,interautomechanica2026_deal_160278
ИнтерАвтоМеханика 2026,"JIANGXI CHIEF INDUSTRIAL CO., LTD.","JIANGXI CHIEF INDUSTRIAL CO., LTD.","Смазочные материалы, технические жидкости и автохимия; Аксессуары и тюнинг",Китай,,,7-615,Зал 7,"Смазочные материалы, технические жидкости и автохимия; Аксессуары и тюнинг","Компания Jiangxi Chief Industrial Co., Ltd. — это сертифицированное по стандарту IATF 16949 национальное высокотехнологичное предприятие, специализирующееся на разработке и производстве автомобильной химии. Обладая 30-летним опытом вертикальной интеграции — от создания рецептур до автоматизированного производства, — мы владеем 44 национальными патентами и являемся соавторами 10 государственных отраслевых стандартов КНР. Наша производственная база площадью 200 акров обеспечивает продукцией более 4000 дилерских центров на внутреннем рынке и предлагает комплексные OEM/ODM решения для глобального рынка автокомпонентов.",,http://www.chief.cc,,,https://interauto-mechanica-floorplans-2026.pages.dev/#154887-jiangxi-chief-industrial-co-ltd,154887-jiangxi-chief-industrial-co-ltd,"Смазочные материалы, технические жидкости и автохимия; Аксессуары и тюнинг | Компания Jiangxi Chief Industrial Co., Ltd. — это сертифицированное по стандарту IATF 16949 национальное высокотехнологичное предприятие, специализирующееся на разработке и производстве автомобильной химии. Обладая 30-летним опытом вертикальной интеграции — от создания рецептур до автоматизированного производства, — мы владеем 44 национальными патентами и являемся соавторами 10 государственных отраслевых стандартов КНР. Наша производственная база площадью 200 акров обеспечивает продукцией более 4000 дилерских центров на внутреннем рынке и предлагает комплексные OEM/ODM решения для глобального рынка автокомпонентов.",interauto_floorplans_2026,ok,,2026-08-22T20:10:23Z,interavtomehanika-2026-signo-workbook-v1.0.1,,,,,,,,,,,,,,Иностранная компания (Китай); российское юрлицо не разыскивается.,нет,interautomechanica2026_deal_154887
ИнтерАвтоМеханика 2026,"JIANGXI GOLDEN ABRASIVES CO., LTD","JIANGXI GOLDEN ABRASIVES CO., LTD",Запчасти и компоненты,Китай,,,7-618,Зал 7,Запчасти и компоненты,"Компания China Golden Abrasives более 23 лет является профессиональным производителем абразивных материалов, производя ежегодно 30 миллионов квадратных метров продукции, экспортируя ее в более чем 60 стран и выполняя заказы OEM/ODM. Сертифицированная по стандарту ISO 9001, компания стремится предоставлять высококачественные шлифовальные материалы и индивидуальные решения для обработки поверхностей для промышленных пользователей по всему миру. Мы специализируемся на производстве абразивных материалов для автомобильной, металлообрабатывающей, деревообрабатывающей и других отраслей промышленности.",,http://www.goldenabrasives.com,,,https://interauto-mechanica-floorplans-2026.pages.dev/#154899-jiangxi-golden-abrasives-co-ltd,154899-jiangxi-golden-abrasives-co-ltd,"Запчасти и компоненты | Компания China Golden Abrasives более 23 лет является профессиональным производителем абразивных материалов, производя ежегодно 30 миллионов квадратных метров продукции, экспортируя ее в более чем 60 стран и выполняя заказы OEM/ODM. Сертифицированная по стандарту ISO 9001, компания стремится предоставлять высококачественные шлифовальные материалы и индивидуальные решения для обработки поверхностей для промышленных пользователей по всему миру. Мы специализируемся на производстве абразивных материалов для автомобильной, металлообрабатывающей, деревообрабатывающей и других отраслей промышленности.",interauto_floorplans_2026,ok,,2026-08-22T20:10:23Z,interavtomehanika-2026-signo-workbook-v1.0.1,,,,,,,,,,,,,,Иностранная компания (Китай); российское юрлицо не разыскивается.,нет,interautomechanica2026_deal_154899
ИнтерАвтоМеханика 2026,"Jiangxi Welltech Automobile Suspension Technology Co.,Ltd","Jiangxi Welltech Automobile Suspension Technology Co.,Ltd",,Китай,,,8-600,Зал 8,,,,,,,https://interauto-mechanica-floorplans-2026.pages.dev/#154698-jiangxi-welltech-automobile-suspension-technology-co-ltd,154698-jiangxi-welltech-automobile-suspension-technology-co-ltd,,interauto_floorplans_2026,partial_missing_fields,product_notes,2026-08-22T20:10:23Z,interavtomehanika-2026-signo-workbook-v1.0.1,,,,,,,,,,,,,,Иностранная компания (Китай); российское юрлицо не разыскивается.,нет,interautomechanica2026_deal_154698
ИнтерАвтоМеханика 2026,"Jiangxi Xifa Technology Co.,Ltd","Jiangxi Xifa Technology Co.,Ltd",Запчасти и компоненты,Китай,,,8-825,Зал 8,Запчасти и компоненты,"Производитель кованых дисков JOVA известен изготовлением цельнокованых автомобильных дисков из алюминиевого сплава A6061-T6, наш бренд ориентирован на индивидуальное изготовление под заказ.",,http://WWW.JOVAWHEELS.COM,,,https://interauto-mechanica-floorplans-2026.pages.dev/#159726-jiangxi-xifa-technology-co-ltd,159726-jiangxi-xifa-technology-co-ltd,"Запчасти и компоненты | Производитель кованых дисков JOVA известен изготовлением цельнокованых автомобильных дисков из алюминиевого сплава A6061-T6, наш бренд ориентирован на индивидуальное изготовление под заказ.",interauto_floorplans_2026,ok,,2026-08-22T20:10:23Z,interavtomehanika-2026-signo-workbook-v1.0.1,,,,,,,,,,,,,,Иностранная компания (Китай); российское юрлицо не разыскивается.,нет,interautomechanica2026_deal_159726
ИнтерАвтоМеханика 2026,"JIANGXI ZONGINE AUTO PARTS CO.,LTD.","JIANGXI ZONGINE AUTO PARTS CO.,LTD.",Запчасти и компоненты; Шины и диски,Китай,,,8-812,Зал 8,Запчасти и компоненты; Шины и диски,,,https://zongine.en.alibaba.com/,,,https://interauto-mechanica-floorplans-2026.pages.dev/#155667-jiangxi-zongine-auto-parts-co-ltd,155667-jiangxi-zongine-auto-parts-co-ltd,Запчасти и компоненты; Шины и диски,interauto_floorplans_2026,partial_missing_fields,product_notes,2026-08-22T20:10:23Z,interavtomehanika-2026-signo-workbook-v1.0.1,,,,,,,,,,,,,,Иностранная компания (Китай); российское юрлицо не разыскивается.,нет,interautomechanica2026_deal_155667
ИнтерАвтоМеханика 2026,"Jiashan Sijie Machinery Co., Ltd.","Jiashan Sijie Machinery Co., Ltd.","Оборудование для диагностики, ремонта и восстановления; Гаражное оборудование",Китай,,,7-648,Зал 7,"Оборудование для диагностики, ремонта и восстановления; Гаражное оборудование",,,http://sjtools.com.cn/,,,https://interauto-mechanica-floorplans-2026.pages.dev/#155691-jiashan-sijie-machinery-co-ltd,155691-jiashan-sijie-machinery-co-ltd,"Оборудование для диагностики, ремонта и восстановления; Гаражное оборудование",interauto_floorplans_2026,partial_missing_fields,product_notes,2026-08-22T20:10:23Z,interavtomehanika-2026-signo-workbook-v1.0.1,,,,,,,,,,,,,,Иностранная компания (Китай); российское юрлицо не разыскивается.,нет,interautomechanica2026_deal_155691
ИнтерАвтоМеханика 2026,"JIAXING KUNFINE AUTO PARTS CO.,LTD","JIAXING KUNFINE AUTO PARTS CO.,LTD",Запчасти и компоненты; Аксессуары и тюнинг,Китай,,,7-675,Зал 7,Запчасти и компоненты; Аксессуары и тюнинг,"Наша компания в основном занимается трансграничной деятельностью через офлайн-выставки и онлайн-интернет-каналы, основная продукция включает комплектующие, модификационные детали для автомобилей, мотоциклов и велосипедов. Клиенты в основном приходят из Европы, Северной Америки, Южной Америки и Азии. Кроме того, у нас есть собственное торговое имя «KUNFINE», которое было зарегистрировано в Европейском союзе и США в 2017 году, а также мы прошли сертификацию FCC США.",,http://WWW.KUNFINE.COM,,,https://interauto-mechanica-floorplans-2026.pages.dev/#158313-jiaxing-kunfine-auto-parts-co-ltd,158313-jiaxing-kunfine-auto-parts-co-ltd,"Запчасти и компоненты; Аксессуары и тюнинг | Наша компания в основном занимается трансграничной деятельностью через офлайн-выставки и онлайн-интернет-каналы, основная продукция включает комплектующие, модификационные детали для автомобилей, мотоциклов и велосипедов. Клиенты в основном приходят из Европы, Северной Америки, Южной Америки и Азии. Кроме того, у нас есть собственное торговое имя «KUNFINE», которое было зарегистрировано в Европейском союзе и США в 2017 году, а также мы прошли сертификацию FCC США.",interauto_floorplans_2026,ok,,2026-08-22T20:10:23Z,interavtomehanika-2026-signo-workbook-v1.0.1,,,,,,,,,,,,,,Иностранная компания (Китай); российское юрлицо не разыскивается.,нет,interautomechanica2026_deal_158313
ИнтерАвтоМеханика 2026,"JIAXING MTB MACHINERY CO.,LTD.","JIAXING MTB MACHINERY CO.,LTD.",Запчасти и компоненты,Китай,,,8-964,Зал 8,Запчасти и компоненты,,,,,,https://interauto-mechanica-floorplans-2026.pages.dev/#155166-jiaxing-mtb-machinery-co-ltd,155166-jiaxing-mtb-machinery-co-ltd,Запчасти и компоненты,interauto_floorplans_2026,partial_missing_fields,product_notes,2026-08-22T20:10:23Z,interavtomehanika-2026-signo-workbook-v1.0.1,,,,,,,,,,,,,,Иностранная компания (Китай); российское юрлицо не разыскивается.,нет,interautomechanica2026_deal_155166
ИнтерАвтоМеханика 2026,JIKIU,JIKIU,Запчасти и компоненты,Япония,,,8-470,Зал 8,Запчасти и компоненты,,,https://jikiu.ru,,,https://interauto-mechanica-floorplans-2026.pages.dev/#154224-jikiu,154224-jikiu,Запчасти и компоненты,interauto_floorplans_2026,partial_missing_fields,product_notes,2026-08-22T20:10:23Z,interavtomehanika-2026-signo-workbook-v1.0.1,,,,,,,,,,,,,,Иностранная компания (Япония); российское юрлицо не разыскивается.,нет,interautomechanica2026_deal_154224
ИнтерАвтоМеханика 2026,"Jinan Kashang Technology Co.,Ltd.","Jinan Kashang Technology Co.,Ltd.",Запчасти и компоненты; Аксессуары и тюнинг,Китай,,,7-669,Зал 7,Запчасти и компоненты; Аксессуары и тюнинг,"Мы специализируемся на профессиональном тюнинге автомобилей, занимаемся обновлением интерьера и экстерьера, а также поставляем полный ассортимент качественных деталей для салона. Мы предлагаем комплексные решения для модернизации старых автомобилей, включая все необходимые комплектующие и техническую поддержку для удовлетворения любых ваших потребностей.",,https://jnkashang.en.alibaba.com/company_profile.html?spm=a2700.galleryofferlist.normal_offer.d_companyName.6fa513a0oTlr1Z,,,https://interauto-mechanica-floorplans-2026.pages.dev/#154632-jinan-kashang-technology-co-ltd,154632-jinan-kashang-technology-co-ltd,"Запчасти и компоненты; Аксессуары и тюнинг | Мы специализируемся на профессиональном тюнинге автомобилей, занимаемся обновлением интерьера и экстерьера, а также поставляем полный ассортимент качественных деталей для салона. Мы предлагаем комплексные решения для модернизации старых автомобилей, включая все необходимые комплектующие и техническую поддержку для удовлетворения любых ваших потребностей.",interauto_floorplans_2026,ok,,2026-08-22T20:10:23Z,interavtomehanika-2026-signo-workbook-v1.0.1,,,,,,,,,,,,,,Иностранная компания (Китай); российское юрлицо не разыскивается.,нет,interautomechanica2026_deal_154632
ИнтерАвтоМеханика 2026,"JINHUA CANSEN INTERNATIONAL TRADE CO.,LTD.","JINHUA CANSEN INTERNATIONAL TRADE CO.,LTD.",Запчасти и компоненты,Китай,,,8-966,Зал 8,Запчасти и компоненты,,,,,,https://interauto-mechanica-floorplans-2026.pages.dev/#155172-jinhua-cansen-international-trade-co-ltd,155172-jinhua-cansen-international-trade-co-ltd,Запчасти и компоненты,interauto_floorplans_2026,partial_missing_fields,product_notes,2026-08-22T20:10:23Z,interavtomehanika-2026-signo-workbook-v1.0.1,,,,,,,,,,,,,,Иностранная компания (Китай); российское юрлицо не разыскивается.,нет,interautomechanica2026_deal_155172
ИнтерАвтоМеханика 2026,"JINHUA RACING SPEED WHEEL CO.,LTD.","JINHUA RACING SPEED WHEEL CO.,LTD.",Запчасти и компоненты,Китай,,,8-883,Зал 8,Запчасти и компоненты,,,,,,https://interauto-mechanica-floorplans-2026.pages.dev/#155160-jinhua-racing-speed-wheel-co-ltd,155160-jinhua-racing-speed-wheel-co-ltd,Запчасти и компоненты,interauto_floorplans_2026,partial_missing_fields,product_notes,2026-08-22T20:10:23Z,interavtomehanika-2026-signo-workbook-v1.0.1,,,,,,,,,,,,,,Иностранная компания (Китай); российское юрлицо не разыскивается.,нет,interautomechanica2026_deal_155160
ИнтерАвтоМеханика 2026,JinzeMachinery Co..Ltd,JinzeMachinery Co..Ltd,,Китай,,,7-372,Зал 7,,,,,,,https://interauto-mechanica-floorplans-2026.pages.dev/#158679-jinzemachinery-co-ltd,158679-jinzemachinery-co-ltd,,interauto_floorplans_2026,partial_missing_fields,product_notes,2026-08-22T20:10:23Z,interavtomehanika-2026-signo-workbook-v1.0.1,,,,,,,,,,,,,,Иностранная компания (Китай); российское юрлицо не разыскивается.,нет,interautomechanica2026_deal_158679
ИнтерАвтоМеханика 2026,JR AUTOGIFT,JR AUTOGIFT,,Россия,,,8-127,Зал 8,,,,,,,https://interauto-mechanica-floorplans-2026.pages.dev/#153945-makarov-viktor-ryurikovich,153945-makarov-viktor-ryurikovich,,interauto_floorplans_2026,partial_missing_fields,product_notes,2026-08-22T20:10:23Z,interavtomehanika-2026-signo-workbook-v1.0.1,,,,,,,,,,,,,,Надежное российское юрлицо не найдено.,нет,interautomechanica2026_deal_153945
ИнтерАвтоМеханика 2026,"KOMN NEW ENERGY TECHNOLOGY CO., LTD","KOMN NEW ENERGY TECHNOLOGY CO., LTD",Гаражное оборудование,Китай,,,8-800,Зал 8,Гаражное оборудование,"Производитель кондиционеров, машин для замены трансмиссионной жидкости и тормозной жидкости",,https://www.zsyichuang.com/,,,https://interauto-mechanica-floorplans-2026.pages.dev/#156735-komn-new-energy-technology-co-ltd,156735-komn-new-energy-technology-co-ltd,"Гаражное оборудование | Производитель кондиционеров, машин для замены трансмиссионной жидкости и тормозной жидкости",interauto_floorplans_2026,ok,,2026-08-22T20:10:23Z,interavtomehanika-2026-signo-workbook-v1.0.1,,,,,,,,,,,,,,Иностранная компания (Китай); российское юрлицо не разыскивается.,нет,interautomechanica2026_deal_156735
ИнтерАвтоМеханика 2026,KORWIN,KORWIN,Запчасти и компоненты,Россия,,,8-450,Зал 8,Запчасти и компоненты,"KORWIN – молодой и динамично развивающийся бренд, занимающийся разработкой и поставкой качественных продуктов для рынка автозапчастей. Продукция, выпускаемая под брендом KORWIN, изготавливается на заводах в Китае, Турции и России. Большинство из них являются мировыми лидерами в области производства запасных частей и компонентов и поставляют свою продукцию на конвейеры автопроизводителей.",,https://korwin-auto.ru/,,,https://interauto-mechanica-floorplans-2026.pages.dev/#158718-korwin,158718-korwin,"Запчасти и компоненты | KORWIN – молодой и динамично развивающийся бренд, занимающийся разработкой и поставкой качественных продуктов для рынка автозапчастей. Продукция, выпускаемая под брендом KORWIN, изготавливается на заводах в Китае, Турции и России. Большинство из них являются мировыми лидерами в области производства запасных частей и компонентов и поставляют свою продукцию на конвейеры автопроизводителей.",interauto_floorplans_2026,ok,,2026-08-22T20:10:23Z,interavtomehanika-2026-signo-workbook-v1.0.1,,,,,,,,,,,,,,Надежное российское юрлицо не найдено.,нет,interautomechanica2026_deal_158718
ИнтерАвтоМеханика 2026,LAUNCH,LAUNCH,"Оборудование для диагностики, ремонта и восстановления; Гаражное оборудование",Россия,,,7-350,Зал 7,"Оборудование для диагностики, ремонта и восстановления; Гаражное оборудование",,,http://launch-cis.ru,,,https://interauto-mechanica-floorplans-2026.pages.dev/#153861-avtoservistorg-launch,153861-avtoservistorg-launch,"Оборудование для диагностики, ремонта и восстановления; Гаражное оборудование",interauto_floorplans_2026,partial_missing_fields,product_notes,2026-08-22T20:10:23Z,interavtomehanika-2026-signo-workbook-v1.0.1,,,,,,,,,,,,,,Надежное российское юрлицо не найдено.,нет,interautomechanica2026_deal_153861
ИнтерАвтоМеханика 2026,LAVR,LAVR,"Запчасти и компоненты; Мойки и моечное оборудование; Смазочные материалы, технические жидкости и автохимия",Россия,,,8-365,Зал 8,"Запчасти и компоненты; Мойки и моечное оборудование; Смазочные материалы, технические жидкости и автохимия","LAVR chemical company – российская фамильная компания, производящая автохимию, автокосметику, мотохимию, бытовую химию и по праву занимающая лидирующие позиции на рынках России и зарубежных стран. Выбирая LAVR, вы получаете технологичные продукты для быстрой и доступной профилактики и ремонта ключевых систем автомобиля, ухода за его интерьером и экстерьером. Мы помогаем получить настоящие эмоции от вождения.",,https://lavr.ru/,,,https://interauto-mechanica-floorplans-2026.pages.dev/#154242-lavr,154242-lavr,"Запчасти и компоненты; Мойки и моечное оборудование; Смазочные материалы, технические жидкости и автохимия | LAVR chemical company – российская фамильная компания, производящая автохимию, автокосметику, мотохимию, бытовую химию и по праву занимающая лидирующие позиции на рынках России и зарубежных стран. Выбирая LAVR, вы получаете технологичные продукты для быстрой и доступной профилактики и ремонта ключевых систем автомобиля, ухода за его интерьером и экстерьером. Мы помогаем получить настоящие эмоции от вождения.",interauto_floorplans_2026,ok,,2026-08-22T20:10:23Z,interavtomehanika-2026-signo-workbook-v1.0.1,"ООО ТД ""ЛАВР""",7449074642,1087449000121,46.49,Торговля оптовая непродовольственными потребительскими товарами прочая,Лаврик Елена Валерьевна,Генеральный директор,6611.015,2025,395.16,2025,БО ФНС,high,,нет,interautomechanica2026_deal_154242
ИнтерАвтоМеханика 2026,"Lianyungang Orientcraft Abrasives Co.,Ltd","Lianyungang Orientcraft Abrasives Co.,Ltd","Оборудование для диагностики, ремонта и восстановления; Кузовной ремонт и лакокрасочные материалы",Китай,,,8-813,Зал 8,"Оборудование для диагностики, ремонта и восстановления; Кузовной ремонт и лакокрасочные материалы","""Orientcraft was established in 2002 and we have abundant experience for various abrasives products . Our activity is based on the analysis of market requirement, study of new products, research and control of the raw materials, development of production, according to the certified quality system ISO9001. Products from ORIENTCRAFT are manufactured with advanced techniques and German equipment.""",,http://www.orientcraft-abrasives.com/,,,https://interauto-mechanica-floorplans-2026.pages.dev/#155349-lianyungang-orientcraft-abrasives-co-ltd,155349-lianyungang-orientcraft-abrasives-co-ltd,"Оборудование для диагностики, ремонта и восстановления; Кузовной ремонт и лакокрасочные материалы | ""Orientcraft was established in 2002 and we have abundant experience for various abrasives products . Our activity is based on the analysis of market requirement, study of new products, research and control of the raw materials, development of production, according to the certified quality system ISO9001. Products from ORIENTCRAFT are manufactured with advanced techniques and German equipment.""",interauto_floorplans_2026,ok,,2026-08-22T20:10:23Z,interavtomehanika-2026-signo-workbook-v1.0.1,,,,,,,,,,,,,,Иностранная компания (Китай); российское юрлицо не разыскивается.,нет,interautomechanica2026_deal_155349
ИнтерАвтоМеханика 2026,"Liaocheng Peitelai Motor Co., Ltd.","Liaocheng Peitelai Motor Co., Ltd.",Запчасти и компоненты,Китай,,,7-454,Зал 7,Запчасти и компоненты,,,http://WWW.Peitelai-motor.com,,,https://interauto-mechanica-floorplans-2026.pages.dev/#160275-liaocheng-peitelai-motor-co-ltd,160275-liaocheng-peitelai-motor-co-ltd,Запчасти и компоненты,interauto_floorplans_2026,partial_missing_fields,product_notes,2026-08-22T20:10:23Z,interavtomehanika-2026-signo-workbook-v1.0.1,,,,,,,,,,,,,,Иностранная компания (Китай); российское юрлицо не разыскивается.,нет,interautomechanica2026_deal_160275
ИнтерАвтоМеханика 2026,LIAOCHENG XINDE AUTO PARTS,LIAOCHENG XINDE AUTO PARTS,"Смазочные материалы, технические жидкости и автохимия",Китай,,,7-382,Зал 7,"Смазочные материалы, технические жидкости и автохимия","Liaocheng Xinde Auto Parts Co., Ltd., established in 2018 with a registered capital of 5 million RMB and a total investment of 50 million RMB, is a professional manufacturer specializing in the R&D, production, and global sales of water tank radiators, intercoolers, construction machinery radiators, and other related components used in heavy-duty trucks and new energy vehicle radiator modules. Since its inception, the company has experienced rapid growth, leading the industry nationwide in scale expansion, and has received numerous provincial and municipal honors, including High-Tech Enterprise, Civilized and Honest Enterprise, and Consumer Trusted Unit.",,http://www.sdrxd.com,,,https://interauto-mechanica-floorplans-2026.pages.dev/#154776-liaocheng-xinde-auto-parts,154776-liaocheng-xinde-auto-parts,"Смазочные материалы, технические жидкости и автохимия | Liaocheng Xinde Auto Parts Co., Ltd., established in 2018 with a registered capital of 5 million RMB and a total investment of 50 million RMB, is a professional manufacturer specializing in the R&D, production, and global sales of water tank radiators, intercoolers, construction machinery radiators, and other related components used in heavy-duty trucks and new energy vehicle radiator modules. Since its inception, the company has experienced rapid growth, leading the industry nationwide in scale expansion, and has received numerous provincial and municipal honors, including High-Tech Enterprise, Civilized and Honest Enterprise, and Consumer Trusted Unit.",interauto_floorplans_2026,ok,,2026-08-22T20:10:23Z,interavtomehanika-2026-signo-workbook-v1.0.1,,,,,,,,,,,,,,Иностранная компания (Китай); российское юрлицо не разыскивается.,нет,interautomechanica2026_deal_154776
ИнтерАвтоМеханика 2026,"LIAONING CONNECTION CO.,LTD","LIAONING CONNECTION CO.,LTD",Запчасти и компоненты,Китай,,,7-633,Зал 7,Запчасти и компоненты,"Производим запчасти для дизельного впрыска: насосы, форсунки и детали к ним.",,http://www.lnconnection.com,,,https://interauto-mechanica-floorplans-2026.pages.dev/#154932-liaoning-connection-co-ltd,154932-liaoning-connection-co-ltd,"Запчасти и компоненты | Производим запчасти для дизельного впрыска: насосы, форсунки и детали к ним.",interauto_floorplans_2026,ok,,2026-08-22T20:10:23Z,interavtomehanika-2026-signo-workbook-v1.0.1,,,,,,,,,,,,,,Иностранная компания (Китай); российское юрлицо не разыскивается.,нет,interautomechanica2026_deal_154932
ИнтерАвтоМеханика 2026,"LIAONING HECHUANG CV PARTS MFG CO.,LTD.","LIAONING HECHUANG CV PARTS MFG CO.,LTD.",Запчасти и компоненты,Китай,,,7-620,Зал 7,Запчасти и компоненты,"Хэчуан, основанная в 1996 году, обслуживает клиентов OEM и AM по всему миру и является одним из первых и ведущих поставщиков компонентов шасси для тяжелых коммерческих автомобилей в Китае. Наша основная продукция включает тормозные барабаны, ступицы, тормозные диски, литые тормозные колодки, суппорты дисковых тормозов, мосты немецкого и американского типа, механические и пневматические подвески, подвески тележек, а также комплектующие детали. Годовые производственные мощности достигают 80 000 тонн литья, 100 000 мостов и 10 000 комплектов подвесок.",,http://www.hechuangdrum.com,,,https://interauto-mechanica-floorplans-2026.pages.dev/#154905-liaoning-hechuang-cv-parts-mfg-co-ltd,154905-liaoning-hechuang-cv-parts-mfg-co-ltd,"Запчасти и компоненты | Хэчуан, основанная в 1996 году, обслуживает клиентов OEM и AM по всему миру и является одним из первых и ведущих поставщиков компонентов шасси для тяжелых коммерческих автомобилей в Китае. Наша основная продукция включает тормозные барабаны, ступицы, тормозные диски, литые тормозные колодки, суппорты дисковых тормозов, мосты немецкого и американского типа, механические и пневматические подвески, подвески тележек, а также комплектующие детали. Годовые производственные мощности достигают 80 000 тонн литья, 100 000 мостов и 10 000 комплектов подвесок.",interauto_floorplans_2026,ok,,2026-08-22T20:10:23Z,interavtomehanika-2026-signo-workbook-v1.0.1,,,,,,,,,,,,,,Иностранная компания (Китай); российское юрлицо не разыскивается.,нет,interautomechanica2026_deal_154905
ИнтерАвтоМеханика 2026,"Lingzhi Automobile Drive System (Chongqing) Co.,Ltd","Lingzhi Automobile Drive System (Chongqing) Co.,Ltd",Запчасти и компоненты,Китай,,,7-565,Зал 7,Запчасти и компоненты,,,http://www.cqlingzhi.cn,,,https://interauto-mechanica-floorplans-2026.pages.dev/#155544-lingzhi-automobile-drive-system-chongqing-co-ltd,155544-lingzhi-automobile-drive-system-chongqing-co-ltd,Запчасти и компоненты,interauto_floorplans_2026,partial_missing_fields,product_notes,2026-08-22T20:10:23Z,interavtomehanika-2026-signo-workbook-v1.0.1,,,,,,,,,,,,,,Иностранная компания (Китай); российское юрлицо не разыскивается.,нет,interautomechanica2026_deal_155544
ИнтерАвтоМеханика 2026,"LISHUI BOYUAN AUTO PARTS CO.,LTD","LISHUI BOYUAN AUTO PARTS CO.,LTD","Запчасти и компоненты; Оборудование для диагностики, ремонта и восстановления",Китай,,,7-281,Зал 7,"Запчасти и компоненты; Оборудование для диагностики, ремонта и восстановления","Компания Lishui Boyuan, специализирующаяся на производстве автозапчастей, создана на базе фирмы Zhejiang Liwei. Основана в 1998 году в экологичном городе Лисьшуй (провинция Чжэцзян), производственная площадь — 10 000 м², современное частное предприятие по выпуску автомобильных стартеров. Полный цикл: проектирование, разработка, производство, испытания и обслуживание покупателей. Штат свыше 100 человек: 4 инженера, более 20 техспециалистов. Годовая мощность — 300 000 стартеров. Продукция по мировым стандартам экспортируется в РФ, Европу, ЮВА, Ближний Восток. Работаем по IATF16949, строгий контроль деталей и технологий. Приоритет — качество, поставляем надежные стартеры с выгодной ценой для клиентов мира.",,https://www.lsbydj.ru/,,,https://interauto-mechanica-floorplans-2026.pages.dev/#155688-lishui-boyuan-auto-parts-co-ltd,155688-lishui-boyuan-auto-parts-co-ltd,"Запчасти и компоненты; Оборудование для диагностики, ремонта и восстановления | Компания Lishui Boyuan, специализирующаяся на производстве автозапчастей, создана на базе фирмы Zhejiang Liwei. Основана в 1998 году в экологичном городе Лисьшуй (провинция Чжэцзян), производственная площадь — 10 000 м², современное частное предприятие по выпуску автомобильных стартеров. Полный цикл: проектирование, разработка, производство, испытания и обслуживание покупателей. Штат свыше 100 человек: 4 инженера, более 20 техспециалистов. Годовая мощность — 300 000 стартеров. Продукция по мировым стандартам экспортируется в РФ, Европу, ЮВА, Ближний Восток. Работаем по IATF16949, строгий контроль деталей и технологий. Приоритет — качество, поставляем надежные стартеры с выгодной ценой для клиентов мира.",interauto_floorplans_2026,ok,,2026-08-22T20:10:23Z,interavtomehanika-2026-signo-workbook-v1.0.1,,,,,,,,,,,,,,Иностранная компания (Китай); российское юрлицо не разыскивается.,нет,interautomechanica2026_deal_155688
ИнтерАвтоМеханика 2026,"Longrun Automotive Co., Ltd.","Longrun Automotive Co., Ltd.",Запчасти и компоненты; Аксессуары и тюнинг,Китай,,,7-370,Зал 7,Запчасти и компоненты; Аксессуары и тюнинг,,,http://www.longrunautomotive.com,,,https://interauto-mechanica-floorplans-2026.pages.dev/#158685-longrun-automotive-co-ltd,158685-longrun-automotive-co-ltd,Запчасти и компоненты; Аксессуары и тюнинг,interauto_floorplans_2026,partial_missing_fields,product_notes,2026-08-22T20:10:23Z,interavtomehanika-2026-signo-workbook-v1.0.1,,,,,,,,,,,,,,Иностранная компания (Китай); российское юрлицо не разыскивается.,нет,interautomechanica2026_deal_158685
ИнтерАвтоМеханика 2026,LUBREX RUSSIA,LUBREX RUSSIA,"Смазочные материалы, технические жидкости и автохимия",Россия,,,8-412,Зал 8,"Смазочные материалы, технические жидкости и автохимия","ООО «АА Индастриал», является представителем компании Lubrex FZC и эксклюзивным импортёром смазочных материалов ТМ Lubrex из Объединенных Арабских Эмиратов в Россию и страны СНГ",,https://lubrex.ru/,,,https://interauto-mechanica-floorplans-2026.pages.dev/#153831-aa-indastrial,153831-aa-indastrial,"Смазочные материалы, технические жидкости и автохимия | ООО «АА Индастриал», является представителем компании Lubrex FZC и эксклюзивным импортёром смазочных материалов ТМ Lubrex из Объединенных Арабских Эмиратов в Россию и страны СНГ",interauto_floorplans_2026,ok,,2026-08-22T20:10:23Z,interavtomehanika-2026-signo-workbook-v1.0.1,,,,,,,,,,,,,,Надежное российское юрлицо не найдено.,нет,interautomechanica2026_deal_153831
ИнтерАвтоМеханика 2026,LUBRIGARD,LUBRIGARD,"Смазочные материалы, технические жидкости и автохимия",Россия,,,8-527,Зал 8,"Смазочные материалы, технические жидкости и автохимия",,,https://lubrigard.ru,,,https://interauto-mechanica-floorplans-2026.pages.dev/#153942-lubri-grup,153942-lubri-grup,"Смазочные материалы, технические жидкости и автохимия",interauto_floorplans_2026,partial_missing_fields,product_notes,2026-08-22T20:10:23Z,interavtomehanika-2026-signo-workbook-v1.0.1,"ООО "" ЛУБРИ ГРУП """,9729273210,1187746657669,46.90,Торговля оптовая неспециализированная,Файнгольд Дмитрий Ефимович,Генеральный директор,891.772,2025,-91.418,2025,БО ФНС,high,,нет,interautomechanica2026_deal_153942
ИнтерАвтоМеханика 2026,LYNXauto,LYNXauto,,Россия,,,8-310,Зал 8,,,,https://lynxauto.ru/,,,https://interauto-mechanica-floorplans-2026.pages.dev/#153939-ln-distribyutsiya-ooo,153939-ln-distribyutsiya-ooo,,interauto_floorplans_2026,partial_missing_fields,product_notes,2026-08-22T20:10:23Z,interavtomehanika-2026-signo-workbook-v1.0.1,ЛН ДИСТРИБЬЮЦИЯ ООО,,,,,,,,,,,,,Надежное российское юрлицо не найдено.,нет,interautomechanica2026_deal_153939
ИнтерАвтоМеханика 2026,MEGAPOWER,MEGAPOWER,Запчасти и компоненты,Россия,,,7-310,Зал 7,Запчасти и компоненты,,,https://megapower.ru,,,https://interauto-mechanica-floorplans-2026.pages.dev/#158853-megapower,158853-megapower,Запчасти и компоненты,interauto_floorplans_2026,partial_missing_fields,product_notes,2026-08-22T20:10:23Z,interavtomehanika-2026-signo-workbook-v1.0.1,"ООО ""МЕГАПАУЭР""",7720610919,1087746334169,82.99,"Деятельность по предоставлению прочих вспомогательных услуг для бизнеса, не включенная в другие группировки",Гурский Михаил Константинович,Генеральный директор,0.75,2025,0.16,2025,БО ФНС,high,,нет,interautomechanica2026_deal_158853
ИнтерАвтоМеханика 2026,Metaco,Metaco,"Запчасти и компоненты; Оборудование для диагностики, ремонта и восстановления; Смазочные материалы, технические жидкости и автохимия",Россия,,,8-350,Зал 8,"Запчасти и компоненты; Оборудование для диагностики, ремонта и восстановления; Смазочные материалы, технические жидкости и автохимия",,,http://metacoparts.com,,,https://interauto-mechanica-floorplans-2026.pages.dev/#157905-metaco,157905-metaco,"Запчасти и компоненты; Оборудование для диагностики, ремонта и восстановления; Смазочные материалы, технические жидкости и автохимия",interauto_floorplans_2026,partial_missing_fields,product_notes,2026-08-22T20:10:23Z,interavtomehanika-2026-signo-workbook-v1.0.1,"ООО "" АМТЕЛ """,7703422810,1177746090400,56.29,Деятельность предприятий общественного питания по прочим видам организации питания,Кобесова Нино Давидовна,Генеральный директор,,2025,-0.034,2025,БО ФНС,high,,нет,interautomechanica2026_deal_157905
ИнтерАвтоМеханика 2026,"Mianyang Brilliance Ruian Auto Components Co., Ltd","Mianyang Brilliance Ruian Auto Components Co., Ltd",Запчасти и компоненты,Китай,,,7-481,Зал 7,Запчасти и компоненты,,,http://www.myhcra.com,,,https://interauto-mechanica-floorplans-2026.pages.dev/#154656-mianyang-brilliance-ruian-auto-components-co-ltd,154656-mianyang-brilliance-ruian-auto-components-co-ltd,Запчасти и компоненты,interauto_floorplans_2026,partial_missing_fields,product_notes,2026-08-22T20:10:23Z,interavtomehanika-2026-signo-workbook-v1.0.1,,,,,,,,,,,,,,Иностранная компания (Китай); российское юрлицо не разыскивается.,нет,interautomechanica2026_deal_154656
ИнтерАвтоМеханика 2026,MOVELEX,MOVELEX,Запчасти и компоненты,Китай,,,7-310,Зал 7,Запчасти и компоненты,,,http://www.movelex.ru,,,https://interauto-mechanica-floorplans-2026.pages.dev/#158856-movelex,158856-movelex,Запчасти и компоненты,interauto_floorplans_2026,partial_missing_fields,product_notes,2026-08-22T20:10:23Z,interavtomehanika-2026-signo-workbook-v1.0.1,,,,,,,,,,,,,,Иностранная компания (Китай); российское юрлицо не разыскивается.,нет,interautomechanica2026_deal_158856
ИнтерАвтоМеханика 2026,"Nanchang BASS Trading Co.,Ltd","Nanchang BASS Trading Co.,Ltd",Запчасти и компоненты,Китай,,,7-559,Зал 7,Запчасти и компоненты,,,http://jxjmc-autoparts.com,,,https://interauto-mechanica-floorplans-2026.pages.dev/#155373-nanchang-bass-trading-co-ltd,155373-nanchang-bass-trading-co-ltd,Запчасти и компоненты,interauto_floorplans_2026,partial_missing_fields,product_notes,2026-08-22T20:10:23Z,interavtomehanika-2026-signo-workbook-v1.0.1,,,,,,,,,,,,,,Иностранная компания (Китай); российское юрлицо не разыскивается.,нет,interautomechanica2026_deal_155373
ИнтерАвтоМеханика 2026,"NANCHANG FUYIDA MOTOR&ELECTRICAL APPARATUS CO.,LTD.","NANCHANG FUYIDA MOTOR&ELECTRICAL APPARATUS CO.,LTD.",Запчасти и компоненты,Китай,,,7-657,Зал 7,Запчасти и компоненты,,,http://www.fyddj.com,,,https://interauto-mechanica-floorplans-2026.pages.dev/#159738-nanchang-fuyida-motor-electrical-apparatus-co-ltd,159738-nanchang-fuyida-motor-electrical-apparatus-co-ltd,Запчасти и компоненты,interauto_floorplans_2026,partial_missing_fields,product_notes,2026-08-22T20:10:23Z,interavtomehanika-2026-signo-workbook-v1.0.1,,,,,,,,,,,,,,Иностранная компания (Китай); российское юрлицо не разыскивается.,нет,interautomechanica2026_deal_159738
ИнтерАвтоМеханика 2026,"Nanpu Pneumatic Components Co., Ltd.","Nanpu Pneumatic Components Co., Ltd.",Запчасти и компоненты,Китай,,,7-465,Зал 7,Запчасти и компоненты,,,http://www.nanputools.com,,,https://interauto-mechanica-floorplans-2026.pages.dev/#158712-nanpu-pneumatic-components-co-ltd,158712-nanpu-pneumatic-components-co-ltd,Запчасти и компоненты,interauto_floorplans_2026,partial_missing_fields,product_notes,2026-08-22T20:10:23Z,interavtomehanika-2026-signo-workbook-v1.0.1,,,,,,,,,,,,,,Иностранная компания (Китай); российское юрлицо не разыскивается.,нет,interautomechanica2026_deal_158712
ИнтерАвтоМеханика 2026,Nanxiong Kaiqi Chemical Industry Co. Ltd,Nanxiong Kaiqi Chemical Industry Co. Ltd,"Смазочные материалы, технические жидкости и автохимия; Кузовной ремонт и лакокрасочные материалы",Китай,,,7-418,Зал 7,"Смазочные материалы, технические жидкости и автохимия; Кузовной ремонт и лакокрасочные материалы","""Nanxiong Kaiqi Chemical Industry Co., Ltd. — профессиональный производитель, основанный в 2019 году и специализирующийся на производстве автомобильных ремонтных лакокрасочных материалов (таких как грунты, базовые эмали, финишные покрытия и лаки) и химического сырья (включая пентасульфид фосфора, эпихлоргидрин и др.). Компания располагает производственной площадью более 15 000 кв. м, а её годовой оборот достигает 150 миллионов юаней. Предприятие сертифицировано по стандартам ISO 9001 и IATF. Основными рынками сбыта являются страны Азии, Ближнего Востока, Южной Америки и Европы. Компания предлагает продукцию высокого качества и профессиональный сервис, что позволяет успешно развивать долгосрочное сотрудничество с клиентами по всему миру.""",,http://www.chinakaiqi.com,,,https://interauto-mechanica-floorplans-2026.pages.dev/#155190-nanxiong-kaiqi-chemical-industry-co-ltd,155190-nanxiong-kaiqi-chemical-industry-co-ltd,"Смазочные материалы, технические жидкости и автохимия; Кузовной ремонт и лакокрасочные материалы | ""Nanxiong Kaiqi Chemical Industry Co., Ltd. — профессиональный производитель, основанный в 2019 году и специализирующийся на производстве автомобильных ремонтных лакокрасочных материалов (таких как грунты, базовые эмали, финишные покрытия и лаки) и химического сырья (включая пентасульфид фосфора, эпихлоргидрин и др.). Компания располагает производственной площадью более 15 000 кв. м, а её годовой оборот достигает 150 миллионов юаней. Предприятие сертифицировано по стандартам ISO 9001 и IATF. Основными рынками сбыта являются страны Азии, Ближнего Востока, Южной Америки и Европы. Компания предлагает продукцию высокого качества и профессиональный сервис, что позволяет успешно развивать долгосрочное сотрудничество с клиентами по всему миру.""",interauto_floorplans_2026,ok,,2026-08-22T20:10:23Z,interavtomehanika-2026-signo-workbook-v1.0.1,,,,,,,,,,,,,,Иностранная компания (Китай); российское юрлицо не разыскивается.,нет,interautomechanica2026_deal_155190
ИнтерАвтоМеханика 2026,"NATONG ENERGY TECHNOLOGY(HANGZHOU) CO.,LTD","NATONG ENERGY TECHNOLOGY(HANGZHOU) CO.,LTD",Запчасти и компоненты; Аксессуары и тюнинг,Китай,,,7-723,Зал 7,Запчасти и компоненты; Аксессуары и тюнинг,"""Компания """"Натриум Энерджи Технолоджи (Ханчжоу)"""" является передовым энергетическим предприятием, которое стремится переопределить систему запуска автомобилей с помощью инноваций в области натриевых ионов. Натрий Транс был основан в 2024 году, объединив зрелый отраслевой опыт, мировые исследовательские компетенции, а также полную экосистему, охватывающую материаловедение, разработку батарей, проектирование систем управления батареями (BMS), производство и глобальное распределение. Мы уверены, что следующий прорыв в автомобильной силовой установке придет не только из области химии, но и от талантов, стандартов и строгой инженерной техники, стоящих за этим.""",,http://www.natongenergy.com,,,https://interauto-mechanica-floorplans-2026.pages.dev/#155745-natong-energy-technology-hangzhou-co-ltd,155745-natong-energy-technology-hangzhou-co-ltd,"Запчасти и компоненты; Аксессуары и тюнинг | ""Компания """"Натриум Энерджи Технолоджи (Ханчжоу)"""" является передовым энергетическим предприятием, которое стремится переопределить систему запуска автомобилей с помощью инноваций в области натриевых ионов. Натрий Транс был основан в 2024 году, объединив зрелый отраслевой опыт, мировые исследовательские компетенции, а также полную экосистему, охватывающую материаловедение, разработку батарей, проектирование систем управления батареями (BMS), производство и глобальное распределение. Мы уверены, что следующий прорыв в автомобильной силовой установке придет не только из области химии, но и от талантов, стандартов и строгой инженерной техники, стоящих за этим.""",interauto_floorplans_2026,ok,,2026-08-22T20:10:23Z,interavtomehanika-2026-signo-workbook-v1.0.1,,,,,,,,,,,,,,Иностранная компания (Китай); российское юрлицо не разыскивается.,нет,interautomechanica2026_deal_155745
ИнтерАвтоМеханика 2026,NIAGARA,NIAGARA,"Смазочные материалы, технические жидкости и автохимия",Россия,,,8-450,Зал 8,"Смазочные материалы, технические жидкости и автохимия","Собственное производство автожидкостей полного цикла, отвечающее требованиям системы менеджмента качества ISO9001 и всемирной лицензии VerbandderAutomobilindustriee.V. (VDA, Германия). Ассортимент компании постоянно расширяется и на данный момент включает в себя: тормозные жидкости, антифризы и тосолы, стеклоомывающие жидкости, реагент AdBlue, теплохладоносители, жидкость для биотуалетов. Продукция сертифицирована, включая международные стандарты (ASTM и др.).",,https://www.niagara-auto.ru/,,,https://interauto-mechanica-floorplans-2026.pages.dev/#158703-niagara,158703-niagara,"Смазочные материалы, технические жидкости и автохимия | Собственное производство автожидкостей полного цикла, отвечающее требованиям системы менеджмента качества ISO9001 и всемирной лицензии VerbandderAutomobilindustriee.V. (VDA, Германия). Ассортимент компании постоянно расширяется и на данный момент включает в себя: тормозные жидкости, антифризы и тосолы, стеклоомывающие жидкости, реагент AdBlue, теплохладоносители, жидкость для биотуалетов. Продукция сертифицирована, включая международные стандарты (ASTM и др.).",interauto_floorplans_2026,ok,,2026-08-22T20:10:23Z,interavtomehanika-2026-signo-workbook-v1.0.1,"ООО ПКФ ""НИАГАРА""",5256090757,1095256005415,20.59.4,"Производство составов и препаратов химических прочих, не включенных в другие группировки",Вишнякова Елена Евгеньевна,Директор,191.335,2025,190.125,2025,БО ФНС,high,,да,interautomechanica2026_deal_158703
ИнтерАвтоМеханика 2026,"NINGBO DONGYU ELECTRICAL APPLIANCE CO.,LTD","NINGBO DONGYU ELECTRICAL APPLIANCE CO.,LTD",Аккумуляторы и электроника,Китай,,,7-381,Зал 7,Аккумуляторы и электроника,"Компания Ningbo Dongyu Electrical Appliance Co., Ltd. расположена в Циси, Нинбо, Китай. Будучи интегрированным предприятием, посвящённым НИОКР, производству и продажам, мы накопили богатый опыт в производстве и экспорте благодаря многолетнему вниманию к индустрии электрических приборов. Мы специализируемся на услугах ODM и OEM в серии продуктов для зарядки электромобилей.",,http://www.nb-dongyu.com,,,https://interauto-mechanica-floorplans-2026.pages.dev/#154767-ningbo-dongyu-electrical-appliance-co-ltd,154767-ningbo-dongyu-electrical-appliance-co-ltd,"Аккумуляторы и электроника | Компания Ningbo Dongyu Electrical Appliance Co., Ltd. расположена в Циси, Нинбо, Китай. Будучи интегрированным предприятием, посвящённым НИОКР, производству и продажам, мы накопили богатый опыт в производстве и экспорте благодаря многолетнему вниманию к индустрии электрических приборов. Мы специализируемся на услугах ODM и OEM в серии продуктов для зарядки электромобилей.",interauto_floorplans_2026,ok,,2026-08-22T20:10:23Z,interavtomehanika-2026-signo-workbook-v1.0.1,,,,,,,,,,,,,,Иностранная компания (Китай); российское юрлицо не разыскивается.,нет,interautomechanica2026_deal_154767
ИнтерАвтоМеханика 2026,"Ningbo Edar Industry & Trade Co., Ltd","Ningbo Edar Industry & Trade Co., Ltd","Запчасти и компоненты; Оборудование для диагностики, ремонта и восстановления; Аккумуляторы и электроника; Аксессуары и тюнинг; Гаражное оборудование",Китай,,,7-558,Зал 7,"Запчасти и компоненты; Оборудование для диагностики, ремонта и восстановления; Аккумуляторы и электроника; Аксессуары и тюнинг; Гаражное оборудование",,,https://edarauto.com/,,,https://interauto-mechanica-floorplans-2026.pages.dev/#156750-ningbo-edar-industry-trade-co-ltd,156750-ningbo-edar-industry-trade-co-ltd,"Запчасти и компоненты; Оборудование для диагностики, ремонта и восстановления; Аккумуляторы и электроника; Аксессуары и тюнинг; Гаражное оборудование",interauto_floorplans_2026,partial_missing_fields,product_notes,2026-08-22T20:10:23Z,interavtomehanika-2026-signo-workbook-v1.0.1,,,,,,,,,,,,,,Иностранная компания (Китай); российское юрлицо не разыскивается.,нет,interautomechanica2026_deal_156750
ИнтерАвтоМеханика 2026,"NINGBO GOLDEN HORN IMPORT AND EXPORT TRADE CO., LTD","NINGBO GOLDEN HORN IMPORT AND EXPORT TRADE CO., LTD",Запчасти и компоненты,Китай,,,7-523,Зал 7,Запчасти и компоненты,"GOLDEN HORN — ДОРОГА В РОССИЮ Компания NINGBO GOLDEN HORN IMPORT AND EXPORT TRADE CO., LTD. специализируется на международной торговле автозапчастями и трансграничной логистике. Опираясь на преимущества порта Нинбо-Чжоушань — крупнейшего порта в мире, а также на профессиональный статус дочерней компании Suifenhe Golden Horn International Freight Forwarding Co., Ltd., мы предлагаем полный комплекс услуг «под ключ»: от закупок и складской консолидации в Китае до таможенного оформления и доставки по России.",,https://www.originall.parts/,,,https://interauto-mechanica-floorplans-2026.pages.dev/#154590-ningbo-golden-horn-import-and-export-trade-co-ltd,154590-ningbo-golden-horn-import-and-export-trade-co-ltd,"Запчасти и компоненты | GOLDEN HORN — ДОРОГА В РОССИЮ Компания NINGBO GOLDEN HORN IMPORT AND EXPORT TRADE CO., LTD. специализируется на международной торговле автозапчастями и трансграничной логистике. Опираясь на преимущества порта Нинбо-Чжоушань — крупнейшего порта в мире, а также на профессиональный статус дочерней компании Suifenhe Golden Horn International Freight Forwarding Co., Ltd., мы предлагаем полный комплекс услуг «под ключ»: от закупок и складской консолидации в Китае до таможенного оформления и доставки по России.",interauto_floorplans_2026,ok,,2026-08-22T20:10:23Z,interavtomehanika-2026-signo-workbook-v1.0.1,,,,,,,,,,,,,,Иностранная компания (Китай); российское юрлицо не разыскивается.,нет,interautomechanica2026_deal_154590
ИнтерАвтоМеханика 2026,"NINGBO LKD ELECTRICAL CO.,LTD","NINGBO LKD ELECTRICAL CO.,LTD",,Китай,,,7-512,Зал 7,,,,http://www.lkd-group.com,,,https://interauto-mechanica-floorplans-2026.pages.dev/#154851-ningbo-lkd-electrical-co-ltd,154851-ningbo-lkd-electrical-co-ltd,,interauto_floorplans_2026,partial_missing_fields,product_notes,2026-08-22T20:10:23Z,interavtomehanika-2026-signo-workbook-v1.0.1,,,,,,,,,,,,,,Иностранная компания (Китай); российское юрлицо не разыскивается.,нет,interautomechanica2026_deal_154851
ИнтерАвтоМеханика 2026,"Ningbo Siboer Cleaning Tool Co., Ltd.","Ningbo Siboer Cleaning Tool Co., Ltd.",Мойки и моечное оборудование; Аксессуары и тюнинг; Гаражное оборудование,Китай,,,7-649,Зал 7,Мойки и моечное оборудование; Аксессуары и тюнинг; Гаражное оборудование,"we are manufacture for car cleaning tools moreh than 15 years, our items including car wash brush snow brush, snow shovels and so on, we sold to europe, and north america, our main customers including wal-mart, michelin, Giant Tiger Stores Limited, and koolatron co. and energizer and so on.",,http://www.siboercleaning.com,,,https://interauto-mechanica-floorplans-2026.pages.dev/#159936-ningbo-siboer-cleaning-tool-co-ltd,159936-ningbo-siboer-cleaning-tool-co-ltd,"Мойки и моечное оборудование; Аксессуары и тюнинг; Гаражное оборудование | we are manufacture for car cleaning tools moreh than 15 years, our items including car wash brush snow brush, snow shovels and so on, we sold to europe, and north america, our main customers including wal-mart, michelin, Giant Tiger Stores Limited, and koolatron co. and energizer and so on.",interauto_floorplans_2026,ok,,2026-08-22T20:10:23Z,interavtomehanika-2026-signo-workbook-v1.0.1,,,,,,,,,,,,,,Иностранная компания (Китай); российское юрлицо не разыскивается.,нет,interautomechanica2026_deal_159936
ИнтерАвтоМеханика 2026,"Ningbo Yongxin Aiduo Auto Parts Co.,Ltd","Ningbo Yongxin Aiduo Auto Parts Co.,Ltd",Мойки и моечное оборудование,Китай,,,8-961,Зал 8,Мойки и моечное оборудование,"""ООО «Нинбо Юнсин Айдуо Автозапчасти» — профессиональный производитель, объединяющий научно-исследовательские разработки, производство и продажи. Наше предприятие имеет сертификаты BSCI и ISO. У нас широкая ассортиментная линейка продукции: основное направление — зимние щётки для уборки снега, летние щётки для мойки автомобилей, наборы для чистки и другие сопутствующие товары. У нас есть собственная команда дизайнеров и полноценная система контроля качества, что гарантирует стабильное качество продукции. Мы являемся прямым производителем и предлагаем услуги по изготовлению продукции под заказ (OEM/ODM).""",,http://www.snowtools.com.cn,,,https://interauto-mechanica-floorplans-2026.pages.dev/#159759-ningbo-yongxin-aiduo-auto-parts-co-ltd,159759-ningbo-yongxin-aiduo-auto-parts-co-ltd,"Мойки и моечное оборудование | ""ООО «Нинбо Юнсин Айдуо Автозапчасти» — профессиональный производитель, объединяющий научно-исследовательские разработки, производство и продажи. Наше предприятие имеет сертификаты BSCI и ISO. У нас широкая ассортиментная линейка продукции: основное направление — зимние щётки для уборки снега, летние щётки для мойки автомобилей, наборы для чистки и другие сопутствующие товары. У нас есть собственная команда дизайнеров и полноценная система контроля качества, что гарантирует стабильное качество продукции. Мы являемся прямым производителем и предлагаем услуги по изготовлению продукции под заказ (OEM/ODM).""",interauto_floorplans_2026,ok,,2026-08-22T20:10:23Z,interavtomehanika-2026-signo-workbook-v1.0.1,,,,,,,,,,,,,,Иностранная компания (Китай); российское юрлицо не разыскивается.,нет,interautomechanica2026_deal_159759
ИнтерАвтоМеханика 2026,NSP,NSP,Запчасти и компоненты,Россия,,,8-450,Зал 8,Запчасти и компоненты,"Компания NSP (Nova Spare Parts) предлагает качественные автозапчасти для корейских, европейских и японских автомобилей. Продукция торговой марки NSP изготавливаются на современном оборудовании, сертифицированных по международным стандартам качества ISO 9001, ISO/TS16949, ISO 14001, OHSAS 18001, при соблюдении всех технологических процессов из качественного сырья. Продукция проходит многоступенчатый контроль качества. На сегодняшний день ассортимент NSP состоит из более 4000 наименований автозапчастей для автомобилей корейского, европейского и японского производства - HYUNDAI, KIA, DAEWOO, CHEVROLET, RENAULT, TOYOTA, VOLKSWAGEN, SKODA.",,https://ns.parts/,,,https://interauto-mechanica-floorplans-2026.pages.dev/#158709-nsp,158709-nsp,"Запчасти и компоненты | Компания NSP (Nova Spare Parts) предлагает качественные автозапчасти для корейских, европейских и японских автомобилей. Продукция торговой марки NSP изготавливаются на современном оборудовании, сертифицированных по международным стандартам качества ISO 9001, ISO/TS16949, ISO 14001, OHSAS 18001, при соблюдении всех технологических процессов из качественного сырья. Продукция проходит многоступенчатый контроль качества. На сегодняшний день ассортимент NSP состоит из более 4000 наименований автозапчастей для автомобилей корейского, европейского и японского производства - HYUNDAI, KIA, DAEWOO, CHEVROLET, RENAULT, TOYOTA, VOLKSWAGEN, SKODA.",interauto_floorplans_2026,ok,,2026-08-22T20:10:23Z,interavtomehanika-2026-signo-workbook-v1.0.1,"АО "" АКСИОМ """,7838124039,1247800064665,62.02,Деятельность консультативная и работы в области компьютерных технологий,Карпов Роман Дмитриевич,Генеральный директор,763.253,2025,437.506,2025,БО ФНС,high,,нет,interautomechanica2026_deal_158709
ИнтерАвтоМеханика 2026,"PINZHIZHUOYUE (LIAONING) TECHNOLOGY CO., LTD.(GAOXIN GREAT)","PINZHIZHUOYUE (LIAONING) TECHNOLOGY CO., LTD.(GAOXIN GREAT)",Запчасти и компоненты; Аккумуляторы и электроника; Аксессуары и тюнинг,Китай,,,7-632,Зал 7,Запчасти и компоненты; Аккумуляторы и электроника; Аксессуары и тюнинг,,,http://gxwy.ru,,,https://interauto-mechanica-floorplans-2026.pages.dev/#154929-pinzhizhuoyue-liaoning-technology-co-ltd-gaoxin-great,154929-pinzhizhuoyue-liaoning-technology-co-ltd-gaoxin-great,Запчасти и компоненты; Аккумуляторы и электроника; Аксессуары и тюнинг,interauto_floorplans_2026,partial_missing_fields,product_notes,2026-08-22T20:10:23Z,interavtomehanika-2026-signo-workbook-v1.0.1,,,,,,,,,,,,,,Иностранная компания (Китай); российское юрлицо не разыскивается.,нет,interautomechanica2026_deal_154929
ИнтерАвтоМеханика 2026,POWERSTOP,POWERSTOP,Запчасти и компоненты; Аксессуары и тюнинг,Россия,,,7-518,Зал 7,Запчасти и компоненты; Аксессуары и тюнинг,,,https://www.powerstop.com.ru,,,https://interauto-mechanica-floorplans-2026.pages.dev/#153972-nirokom,153972-nirokom,Запчасти и компоненты; Аксессуары и тюнинг,interauto_floorplans_2026,partial_missing_fields,product_notes,2026-08-22T20:10:23Z,interavtomehanika-2026-signo-workbook-v1.0.1,,,,,,,,,,,,,,Надежное российское юрлицо не найдено.,нет,interautomechanica2026_deal_153972
ИнтерАвтоМеханика 2026,"Qihang Window Film Technology Co., Ltd.","Qihang Window Film Technology Co., Ltd.",Запчасти и компоненты,Китай,,,7-474,Зал 7,Запчасти и компоненты,,,https://gzsetsailfilm.en.alibaba.com/,,,https://interauto-mechanica-floorplans-2026.pages.dev/#158715-qihang-window-film-technology-co-ltd,158715-qihang-window-film-technology-co-ltd,Запчасти и компоненты,interauto_floorplans_2026,partial_missing_fields,product_notes,2026-08-22T20:10:23Z,interavtomehanika-2026-signo-workbook-v1.0.1,,,,,,,,,,,,,,Иностранная компания (Китай); российское юрлицо не разыскивается.,нет,interautomechanica2026_deal_158715
ИнтерАвтоМеханика 2026,"QINGHE FENGCHEN AUTO PARTS CO., LTD","QINGHE FENGCHEN AUTO PARTS CO., LTD",Запчасти и компоненты,Китай,,,8-843,Зал 8,Запчасти и компоненты,"Мы специализируемся на производстве автомобильных рукояток переключения передач, и наша продукция продается по всему миру. Компания располагает производственным цехом площадью 3000 квадратных метров и складом площадью 4000 квадратных метров, в которых работает более 100 человек. Благодаря современному производственному оборудованию, наша годовая производственная мощность достигает 3 миллионов единиц, что обеспечивает клиентам надежные гарантии доставки и круглосуточное обслуживание.",,http://WWW.FCCSK.COM,,,https://interauto-mechanica-floorplans-2026.pages.dev/#159327-qinghe-fengchen-auto-parts-co-ltd,159327-qinghe-fengchen-auto-parts-co-ltd,"Запчасти и компоненты | Мы специализируемся на производстве автомобильных рукояток переключения передач, и наша продукция продается по всему миру. Компания располагает производственным цехом площадью 3000 квадратных метров и складом площадью 4000 квадратных метров, в которых работает более 100 человек. Благодаря современному производственному оборудованию, наша годовая производственная мощность достигает 3 миллионов единиц, что обеспечивает клиентам надежные гарантии доставки и круглосуточное обслуживание.",interauto_floorplans_2026,ok,,2026-08-22T20:10:23Z,interavtomehanika-2026-signo-workbook-v1.0.1,,,,,,,,,,,,,,Иностранная компания (Китай); российское юрлицо не разыскивается.,нет,interautomechanica2026_deal_159327
ИнтерАвтоМеханика 2026,"Qinghe Weize Auto Parts Co.,Ltd","Qinghe Weize Auto Parts Co.,Ltd",Запчасти и компоненты,Китай,,,8-960,Зал 8,Запчасти и компоненты,,,http://www.qhxweize.com,,,https://interauto-mechanica-floorplans-2026.pages.dev/#155631-qinghe-weize-auto-parts-co-ltd,155631-qinghe-weize-auto-parts-co-ltd,Запчасти и компоненты,interauto_floorplans_2026,partial_missing_fields,product_notes,2026-08-22T20:10:23Z,interavtomehanika-2026-signo-workbook-v1.0.1,,,,,,,,,,,,,,Иностранная компания (Китай); российское юрлицо не разыскивается.,нет,interautomechanica2026_deal_155631
ИнтерАвтоМеханика 2026,"QINGHE YITAI AUTO PARTS CO., LTD","QINGHE YITAI AUTO PARTS CO., LTD",Запчасти и компоненты,Китай,,,8-900,Зал 8,Запчасти и компоненты,,,https://shop57143l7544650.1688.com/,,,https://interauto-mechanica-floorplans-2026.pages.dev/#155763-qinghe-yitai-auto-parts-co-ltd,155763-qinghe-yitai-auto-parts-co-ltd,Запчасти и компоненты,interauto_floorplans_2026,partial_missing_fields,product_notes,2026-08-22T20:10:23Z,interavtomehanika-2026-signo-workbook-v1.0.1,,,,,,,,,,,,,,Иностранная компания (Китай); российское юрлицо не разыскивается.,нет,interautomechanica2026_deal_155763
ИнтерАвтоМеханика 2026,"QINGZHOU JIANFU GEAR CO., LTD.","QINGZHOU JIANFU GEAR CO., LTD.",Запчасти и компоненты,Китай,,,7-611,Зал 7,Запчасти и компоненты,,,http://www.jianfugear.com,,,https://interauto-mechanica-floorplans-2026.pages.dev/#158811-qingzhou-jianfu-gear-co-ltd,158811-qingzhou-jianfu-gear-co-ltd,Запчасти и компоненты,interauto_floorplans_2026,partial_missing_fields,product_notes,2026-08-22T20:10:23Z,interavtomehanika-2026-signo-workbook-v1.0.1,,,,,,,,,,,,,,Иностранная компания (Китай); российское юрлицо не разыскивается.,нет,interautomechanica2026_deal_158811
ИнтерАвтоМеханика 2026,"QUZHOU AIWEITE MACHINERY CO., LTD.","QUZHOU AIWEITE MACHINERY CO., LTD.",,Китай,,,8-863,Зал 8,,,,http://Zeb-Machinery.com,,,https://interauto-mechanica-floorplans-2026.pages.dev/#155058-quzhou-aiweite-machinery-co-ltd,155058-quzhou-aiweite-machinery-co-ltd,,interauto_floorplans_2026,partial_missing_fields,product_notes,2026-08-22T20:10:23Z,interavtomehanika-2026-signo-workbook-v1.0.1,,,,,,,,,,,,,,Иностранная компания (Китай); российское юрлицо не разыскивается.,нет,interautomechanica2026_deal_155058
ИнтерАвтоМеханика 2026,Real,Real,"Смазочные материалы, технические жидкости и автохимия",Россия,,,8-350,Зал 8,"Смазочные материалы, технические жидкости и автохимия",,,https://realoil.ru/,,,https://interauto-mechanica-floorplans-2026.pages.dev/#157968-real,157968-real,"Смазочные материалы, технические жидкости и автохимия",interauto_floorplans_2026,partial_missing_fields,product_notes,2026-08-22T20:10:23Z,interavtomehanika-2026-signo-workbook-v1.0.1,,,,,,,,,,,,,,Надежное российское юрлицо не найдено.,нет,interautomechanica2026_deal_157968
ИнтерАвтоМеханика 2026,Reflek Technologies Corporation,Reflek Technologies Corporation,Аксессуары и тюнинг,ОАЭ,,,7-440,Зал 7,Аксессуары и тюнинг,,,http://www.flexishield.com,,,https://interauto-mechanica-floorplans-2026.pages.dev/#154074-reflek-corporation-car-accessories-trading,154074-reflek-corporation-car-accessories-trading,Аксессуары и тюнинг,interauto_floorplans_2026,partial_missing_fields,product_notes,2026-08-22T20:10:23Z,interavtomehanika-2026-signo-workbook-v1.0.1,,,,,,,,,,,,,,Иностранная компания (ОАЭ); российское юрлицо не разыскивается.,нет,interautomechanica2026_deal_154074
ИнтерАвтоМеханика 2026,ROSSKO,ROSSKO,"Запчасти и компоненты; Аккумуляторы и электроника; Смазочные материалы, технические жидкости и автохимия; Кузовной ремонт и лакокрасочные материалы; Аксессуары и тюнинг",Россия,,,8-550,Зал 8,"Запчасти и компоненты; Аккумуляторы и электроника; Смазочные материалы, технические жидкости и автохимия; Кузовной ремонт и лакокрасочные материалы; Аксессуары и тюнинг",,,https://rossko.ru/,,,https://interauto-mechanica-floorplans-2026.pages.dev/#154221-rossko,154221-rossko,"Запчасти и компоненты; Аккумуляторы и электроника; Смазочные материалы, технические жидкости и автохимия; Кузовной ремонт и лакокрасочные материалы; Аксессуары и тюнинг",interauto_floorplans_2026,partial_missing_fields,product_notes,2026-08-22T20:10:23Z,interavtomehanika-2026-signo-workbook-v1.0.1,,,,,,,,,,,,,,Надежное российское юрлицо не найдено.,нет,interautomechanica2026_deal_154221
ИнтерАвтоМеханика 2026,ROSSVIK,ROSSVIK,"Оборудование для диагностики, ремонта и восстановления; Шины и диски",Россия,,,7-250,Зал 7,"Оборудование для диагностики, ремонта и восстановления; Шины и диски",,,https://rossvik.ru/,,,https://interauto-mechanica-floorplans-2026.pages.dev/#153936-kurmanov-k-k-ip-rossvik,153936-kurmanov-k-k-ip-rossvik,"Оборудование для диагностики, ремонта и восстановления; Шины и диски",interauto_floorplans_2026,partial_missing_fields,product_notes,2026-08-22T20:10:23Z,interavtomehanika-2026-signo-workbook-v1.0.1,КУРМАНОВ К.К. ИП (ROSSVIK),,,,,,,,,,,,,Надежное российское юрлицо не найдено.,нет,interautomechanica2026_deal_153936
ИнтерАвтоМеханика 2026,ROSTECO,ROSTECO,Запчасти и компоненты,Россия,,,8-210,Зал 8,Запчасти и компоненты,,,https://www.rosteco.ru,,,https://interauto-mechanica-floorplans-2026.pages.dev/#154002-psk-ekspo-rosteko,154002-psk-ekspo-rosteko,Запчасти и компоненты,interauto_floorplans_2026,partial_missing_fields,product_notes,2026-08-22T20:10:23Z,interavtomehanika-2026-signo-workbook-v1.0.1,,,,,,,,,,,,,,Надежное российское юрлицо не найдено.,нет,interautomechanica2026_deal_154002
ИнтерАвтоМеханика 2026,"RUI'AN KUNA AUTOMOTIVE PARTS CO., LTD.","RUI'AN KUNA AUTOMOTIVE PARTS CO., LTD.","Аккумуляторы и электроника; Смазочные материалы, технические жидкости и автохимия",Китай,,,8-967,Зал 8,"Аккумуляторы и электроника; Смазочные материалы, технические жидкости и автохимия","Наша компания специализируется на производстве масляных насосов и комплектующих для картеров. Мы сосредоточены на двигателях, шасси и электроавтомобильных компонентах, предлагая комплексные услуги оптовой продажи автозапчастей. Наша компания также обладает абсолютным преимуществом на послепродажном рынке четырех крупных автомобильных систем: Hyundai, Kia, General Motors и Wuling Baojun.",,https://kunaqiche.en.alibaba.com/,,,https://interauto-mechanica-floorplans-2026.pages.dev/#155175-rui-an-kuna-automotive-parts-co-ltd,155175-rui-an-kuna-automotive-parts-co-ltd,"Аккумуляторы и электроника; Смазочные материалы, технические жидкости и автохимия | Наша компания специализируется на производстве масляных насосов и комплектующих для картеров. Мы сосредоточены на двигателях, шасси и электроавтомобильных компонентах, предлагая комплексные услуги оптовой продажи автозапчастей. Наша компания также обладает абсолютным преимуществом на послепродажном рынке четырех крупных автомобильных систем: Hyundai, Kia, General Motors и Wuling Baojun.",interauto_floorplans_2026,ok,,2026-08-22T20:10:23Z,interavtomehanika-2026-signo-workbook-v1.0.1,,,,,,,,,,,,,,Иностранная компания (Китай); российское юрлицо не разыскивается.,нет,interautomechanica2026_deal_155175
ИнтерАвтоМеханика 2026,"SAMGTOS AUTO SPARE PARTS CO.,LTD.","SAMGTOS AUTO SPARE PARTS CO.,LTD.",Запчасти и компоненты; Аккумуляторы и электроника,Китай,,,7-612,Зал 7,Запчасти и компоненты; Аккумуляторы и электроника,"Мы — китайский производитель автомобильных фильтров и сцеплений с более чем 20-летним опытом. Мы работаем на внутреннем рынке оригинального оборудования (OE) и на зарубежном вторичном рынке. За годы развития наш ассортимент расширился и теперь включает тормозные компоненты, детали зажигания, амортизаторы и элементы подвески, стеклоподъёмники и моторы, ШРУСы и карданные крестовины, а также натрий-ионные аккумуляторы. Чтобы лучше удовлетворять потребности клиентов, теперь мы принимаем заказы на небольшие партии с низким минимальным объёмом заказа (MOQ). Кроме того, мы предоставляем гарантию качества на нашу продукцию сроком от 1 до 3 лет.",,http://www.samgtos.com,,,https://interauto-mechanica-floorplans-2026.pages.dev/#154863-samgtos-auto-spare-parts-co-ltd,154863-samgtos-auto-spare-parts-co-ltd,"Запчасти и компоненты; Аккумуляторы и электроника | Мы — китайский производитель автомобильных фильтров и сцеплений с более чем 20-летним опытом. Мы работаем на внутреннем рынке оригинального оборудования (OE) и на зарубежном вторичном рынке. За годы развития наш ассортимент расширился и теперь включает тормозные компоненты, детали зажигания, амортизаторы и элементы подвески, стеклоподъёмники и моторы, ШРУСы и карданные крестовины, а также натрий-ионные аккумуляторы. Чтобы лучше удовлетворять потребности клиентов, теперь мы принимаем заказы на небольшие партии с низким минимальным объёмом заказа (MOQ). Кроме того, мы предоставляем гарантию качества на нашу продукцию сроком от 1 до 3 лет.",interauto_floorplans_2026,ok,,2026-08-22T20:10:23Z,interavtomehanika-2026-signo-workbook-v1.0.1,,,,,,,,,,,,,,Иностранная компания (Китай); российское юрлицо не разыскивается.,нет,interautomechanica2026_deal_154863
ИнтерАвтоМеханика 2026,SANGWELL,SANGWELL,Запчасти и компоненты,Китай,,,8-873,Зал 8,Запчасти и компоненты,Компания более 10 лет занимается экспортом автомобильных запчастей. Основной рынок сбыта — русскоязычные регионы. Специализируемся преимущественно на расходных и изнашиваемых деталях.,,https://www.sangwell.cn/,,,https://interauto-mechanica-floorplans-2026.pages.dev/#155082-sangwell,155082-sangwell,Запчасти и компоненты | Компания более 10 лет занимается экспортом автомобильных запчастей. Основной рынок сбыта — русскоязычные регионы. Специализируемся преимущественно на расходных и изнашиваемых деталях.,interauto_floorplans_2026,ok,,2026-08-22T20:10:23Z,interavtomehanika-2026-signo-workbook-v1.0.1,,,,,,,,,,,,,,Иностранная компания (Китай); российское юрлицо не разыскивается.,нет,interautomechanica2026_deal_155082
ИнтерАвтоМеханика 2026,SB NAGAMOCHI,SB NAGAMOCHI,Запчасти и компоненты,Япония,,,8-470,Зал 8,Запчасти и компоненты,"SB NAGAMOCHI является одной из двух компаний-правопреемниц KASHIYAMA Press Industry, разделившейся в 2001 году. Проработав более 10 лет самостоятельно в 2013 году, бренд присоединился к японскому холдингу RMP NAGAMOCHI Technology Japan Co., Ltd., который также известен деталями подвески и ходовой части JIKIU и фильтрами AZUMI. На российском рынке бренд официально появился в 2022 году. Приоритет SB NAGAMOCHI – строгий контроль качества и стабильные рабочие характеристики. Прогрессивные материалы и технологии производства обеспечивают отличные показатели торможения как при динамичной, так и при спокойной езде. Ассортимент SB NAGAMOCHI в странах ЕАЭС включает 3 товарные группы и свыше 2000 артикулов. Более 90% фрикционов тормозных колодок это современные керамические смеси.",,https://sbparts.ru/,,,https://interauto-mechanica-floorplans-2026.pages.dev/#159141-sb-nagamochi,159141-sb-nagamochi,"Запчасти и компоненты | SB NAGAMOCHI является одной из двух компаний-правопреемниц KASHIYAMA Press Industry, разделившейся в 2001 году. Проработав более 10 лет самостоятельно в 2013 году, бренд присоединился к японскому холдингу RMP NAGAMOCHI Technology Japan Co., Ltd., который также известен деталями подвески и ходовой части JIKIU и фильтрами AZUMI. На российском рынке бренд официально появился в 2022 году. Приоритет SB NAGAMOCHI – строгий контроль качества и стабильные рабочие характеристики. Прогрессивные материалы и технологии производства обеспечивают отличные показатели торможения как при динамичной, так и при спокойной езде. Ассортимент SB NAGAMOCHI в странах ЕАЭС включает 3 товарные группы и свыше 2000 артикулов. Более 90% фрикционов тормозных колодок это современные керамические смеси.",interauto_floorplans_2026,ok,,2026-08-22T20:10:23Z,interavtomehanika-2026-signo-workbook-v1.0.1,,,,,,,,,,,,,,Иностранная компания (Япония); российское юрлицо не разыскивается.,нет,interautomechanica2026_deal_159141
ИнтерАвтоМеханика 2026,"SHANDONG ANXIN AUTO PARTS CO., LTD.","SHANDONG ANXIN AUTO PARTS CO., LTD.","Оборудование для диагностики, ремонта и восстановления; Гаражное оборудование",Китай,,,7-534,Зал 7,"Оборудование для диагностики, ремонта и восстановления; Гаражное оборудование","ООО «Шаньдун Аньсинь Автозапчасти» — молодое комплексное предприятие по производству автозапчастей на юго-западе провинции Шаньдун. Компания специализируется на системах кондиционирования легковых и коммерческих автомобилей, а также комплектующих для строительной техники. Благодаря собственному производственному комплексу годовая производственная мощность составляет 300 000 комплектов. Ключевыми преимуществами являются самостоятельная обработка деталей и выгодные условия поставки продукции. Предприятие активно развивает сотрудничество с отечественными и зарубежными рынками автозапчастей послепродажного обслуживания, а также мелкими и средними автопроизводителями.",,,,,https://interauto-mechanica-floorplans-2026.pages.dev/#158298-shandong-anxin-auto-parts-co-ltd,158298-shandong-anxin-auto-parts-co-ltd,"Оборудование для диагностики, ремонта и восстановления; Гаражное оборудование | ООО «Шаньдун Аньсинь Автозапчасти» — молодое комплексное предприятие по производству автозапчастей на юго-западе провинции Шаньдун. Компания специализируется на системах кондиционирования легковых и коммерческих автомобилей, а также комплектующих для строительной техники. Благодаря собственному производственному комплексу годовая производственная мощность составляет 300 000 комплектов. Ключевыми преимуществами являются самостоятельная обработка деталей и выгодные условия поставки продукции. Предприятие активно развивает сотрудничество с отечественными и зарубежными рынками автозапчастей послепродажного обслуживания, а также мелкими и средними автопроизводителями.",interauto_floorplans_2026,ok,,2026-08-22T20:10:23Z,interavtomehanika-2026-signo-workbook-v1.0.1,,,,,,,,,,,,,,Иностранная компания (Китай); российское юрлицо не разыскивается.,нет,interautomechanica2026_deal_158298
ИнтерАвтоМеханика 2026,"SHANDONG LUDA AUTO PARTS CO., LTD.","SHANDONG LUDA AUTO PARTS CO., LTD.",Запчасти и компоненты; Шины и диски,Китай,,,8-540,Зал 8,Запчасти и компоненты; Шины и диски,"""ООО «ШАНДУН ЛУДА АВТОЗАПЧАСТИ» основано в 1994 году. Компания расположена в экономической зоне развития Лайчжоу города Янтай, занимает площадь 410 000 квадратных метров (4,41 миллиона квадратных футов), в ней работает более 1600 сотрудников. Предприятие специализируется на обслуживании производителей оригинального оборудования (OEM) и независимого рынка автозапчастей (IAM). Использование современного мирового оборудования и технологий позволяет компании «ЛУДА» поддерживать первоклассное качество продукции.""",,http://www.ludachina.com,,,https://interauto-mechanica-floorplans-2026.pages.dev/#155670-shandong-luda-auto-parts-co-ltd,155670-shandong-luda-auto-parts-co-ltd,"Запчасти и компоненты; Шины и диски | ""ООО «ШАНДУН ЛУДА АВТОЗАПЧАСТИ» основано в 1994 году. Компания расположена в экономической зоне развития Лайчжоу города Янтай, занимает площадь 410 000 квадратных метров (4,41 миллиона квадратных футов), в ней работает более 1600 сотрудников. Предприятие специализируется на обслуживании производителей оригинального оборудования (OEM) и независимого рынка автозапчастей (IAM). Использование современного мирового оборудования и технологий позволяет компании «ЛУДА» поддерживать первоклассное качество продукции.""",interauto_floorplans_2026,ok,,2026-08-22T20:10:23Z,interavtomehanika-2026-signo-workbook-v1.0.1,,,,,,,,,,,,,,Иностранная компания (Китай); российское юрлицо не разыскивается.,нет,interautomechanica2026_deal_155670
ИнтерАвтоМеханика 2026,"Shandong Suoerma Lubrication Technology Co., Ltd.","Shandong Suoerma Lubrication Technology Co., Ltd.","Смазочные материалы, технические жидкости и автохимия",Китай,,,7-536,Зал 7,"Смазочные материалы, технические жидкости и автохимия",,,,,,https://interauto-mechanica-floorplans-2026.pages.dev/#161034-shandong-suoerma-lubrication-technology-co-ltd,161034-shandong-suoerma-lubrication-technology-co-ltd,"Смазочные материалы, технические жидкости и автохимия",interauto_floorplans_2026,partial_missing_fields,product_notes,2026-08-22T20:10:23Z,interavtomehanika-2026-signo-workbook-v1.0.1,,,,,,,,,,,,,,Иностранная компания (Китай); российское юрлицо не разыскивается.,нет,interautomechanica2026_deal_161034
ИнтерАвтоМеханика 2026,"Shandong Xiangqiu Auto‑Service Equipment Co., Ltd.","Shandong Xiangqiu Auto‑Service Equipment Co., Ltd.","Запчасти и компоненты; Оборудование для диагностики, ремонта и восстановления; Шины и диски; Аксессуары и тюнинг",Китай,,,8-874,Зал 8,"Запчасти и компоненты; Оборудование для диагностики, ремонта и восстановления; Шины и диски; Аксессуары и тюнинг","Фирма «Сянцю Автооборудование» основана в 2003 году, мы занимаемся разработкой, изготовлением и продажей автосервисного оборудования более 10 лет. Наш девиз — облегчить труд мастеров по ремонту авто и увеличить их доход. Благодаря политике «Один пояс‑один путь» наши товары востребованы как в Китае, так и во всем мире.",,http://xiangqiu.cn,,,https://interauto-mechanica-floorplans-2026.pages.dev/#158382-shandong-xiangqiu-auto-service-equipment-co-ltd,158382-shandong-xiangqiu-auto-service-equipment-co-ltd,"Запчасти и компоненты; Оборудование для диагностики, ремонта и восстановления; Шины и диски; Аксессуары и тюнинг | Фирма «Сянцю Автооборудование» основана в 2003 году, мы занимаемся разработкой, изготовлением и продажей автосервисного оборудования более 10 лет. Наш девиз — облегчить труд мастеров по ремонту авто и увеличить их доход. Благодаря политике «Один пояс‑один путь» наши товары востребованы как в Китае, так и во всем мире.",interauto_floorplans_2026,ok,,2026-08-22T20:10:23Z,interavtomehanika-2026-signo-workbook-v1.0.1,,,,,,,,,,,,,,Иностранная компания (Китай); российское юрлицо не разыскивается.,нет,interautomechanica2026_deal_158382
ИнтерАвтоМеханика 2026,"Shandong Youkey Auto Parts Manufacturing Co.,Ltd","Shandong Youkey Auto Parts Manufacturing Co.,Ltd",Запчасти и компоненты; Аккумуляторы и электроника; Аксессуары и тюнинг,Китай,,,7-641,Зал 7,Запчасти и компоненты; Аккумуляторы и электроника; Аксессуары и тюнинг,"""Компания Shandona Youkev Auto Parts Manufacturina Co., Ltd — это профессиональный завод с собственной научно-исследовательской командой, в разработке которой участвуют высококвалифицированные немецкие инженеры. Основная продукция включает в себя компрессоры пневматической подвески, клапанные блоки пневматической подвески, пневматические пружины, пневматические стойки и многое другое. Наша разработка и производство основаны на стандартах OEM, и мы получили основные национальные и международные стандарты качества и сертификаты.""",,https://www.autoairsuspension.com/,,,https://interauto-mechanica-floorplans-2026.pages.dev/#159933-shandong-youkey-auto-parts-manufacturing-co-ltd,159933-shandong-youkey-auto-parts-manufacturing-co-ltd,"Запчасти и компоненты; Аккумуляторы и электроника; Аксессуары и тюнинг | ""Компания Shandona Youkev Auto Parts Manufacturina Co., Ltd — это профессиональный завод с собственной научно-исследовательской командой, в разработке которой участвуют высококвалифицированные немецкие инженеры. Основная продукция включает в себя компрессоры пневматической подвески, клапанные блоки пневматической подвески, пневматические пружины, пневматические стойки и многое другое. Наша разработка и производство основаны на стандартах OEM, и мы получили основные национальные и международные стандарты качества и сертификаты.""",interauto_floorplans_2026,ok,,2026-08-22T20:10:23Z,interavtomehanika-2026-signo-workbook-v1.0.1,,,,,,,,,,,,,,Иностранная компания (Китай); российское юрлицо не разыскивается.,нет,interautomechanica2026_deal_159933
ИнтерАвтоМеханика 2026,"Shanghai Lets Film Industry Co.,Ltd","Shanghai Lets Film Industry Co.,Ltd",Запчасти и компоненты,Китай,,,8-849,Зал 8,Запчасти и компоненты,,,https://www.letsfilmmfg.com/,,,https://interauto-mechanica-floorplans-2026.pages.dev/#159729-shanghai-lets-film-industry-co-ltd,159729-shanghai-lets-film-industry-co-ltd,Запчасти и компоненты,interauto_floorplans_2026,partial_missing_fields,product_notes,2026-08-22T20:10:23Z,interavtomehanika-2026-signo-workbook-v1.0.1,,,,,,,,,,,,,,Иностранная компания (Китай); российское юрлицо не разыскивается.,нет,interautomechanica2026_deal_159729
ИнтерАвтоМеханика 2026,"Shanghai Moben New Material Technology Co., Ltd.","Shanghai Moben New Material Technology Co., Ltd.",Запчасти и компоненты,Китай,,,8-802,Зал 8,Запчасти и компоненты,"""Компания «Shanghai Moben New Material Technology Co., LTD» является авторитетным производителем автомобильных плёнок. Известная своей неизменной приверженностью высочайшему качеству, компания Moben предлагает широкий ассортимент передовых продуктов, разработанных специально для автомобильного рынка. Наш обширный ассортимент включает плёнки для защиты лакокрасочного покрытия, тонировочные плёнки для автомобильных стекол, плёнки для обклейки кузова и «умные» плёнки, каждая из которых тщательно разработана для повышения эстетической привлекательности и защитных свойств автомобилей по всему миру.""",,http://www.moben.com.cn/en/,,,https://interauto-mechanica-floorplans-2026.pages.dev/#159723-shanghai-moben-new-material-technology-co-ltd,159723-shanghai-moben-new-material-technology-co-ltd,"Запчасти и компоненты | ""Компания «Shanghai Moben New Material Technology Co., LTD» является авторитетным производителем автомобильных плёнок. Известная своей неизменной приверженностью высочайшему качеству, компания Moben предлагает широкий ассортимент передовых продуктов, разработанных специально для автомобильного рынка. Наш обширный ассортимент включает плёнки для защиты лакокрасочного покрытия, тонировочные плёнки для автомобильных стекол, плёнки для обклейки кузова и «умные» плёнки, каждая из которых тщательно разработана для повышения эстетической привлекательности и защитных свойств автомобилей по всему миру.""",interauto_floorplans_2026,ok,,2026-08-22T20:10:23Z,interavtomehanika-2026-signo-workbook-v1.0.1,,,,,,,,,,,,,,Иностранная компания (Китай); российское юрлицо не разыскивается.,нет,interautomechanica2026_deal_159723
ИнтерАвтоМеханика 2026,"SHANGHAI TITANIUM POWER TRADING CO.,LTD.","SHANGHAI TITANIUM POWER TRADING CO.,LTD.",Запчасти и компоненты,Китай,,,8-804,Зал 8,Запчасти и компоненты,,,https://www.globetitanium.com,,,https://interauto-mechanica-floorplans-2026.pages.dev/#155775-shanghai-titanium-power-trading-co-ltd,155775-shanghai-titanium-power-trading-co-ltd,Запчасти и компоненты,interauto_floorplans_2026,partial_missing_fields,product_notes,2026-08-22T20:10:23Z,interavtomehanika-2026-signo-workbook-v1.0.1,,,,,,,,,,,,,,Иностранная компания (Китай); российское юрлицо не разыскивается.,нет,interautomechanica2026_deal_155775
ИнтерАвтоМеханика 2026,"Shanghai Wolsheng Abrasive Materials Co. , Ltd","Shanghai Wolsheng Abrasive Materials Co. , Ltd",Аксессуары и тюнинг,Китай,,,8-847,Зал 8,Аксессуары и тюнинг,"""Компания Shanghai Wolsheng Abrasive Materials Co., Ltd. — это завод с 15-летним опытом работы в шлифовальной отрасли, производящий шлифовальные подушки/шлифовальные блоки/интерфейсные подушки/наждачную бумагу. Многие клиенты из интернет-магазинов уже много лет являются нашими деловыми партнерами. Мы можем предоставить все услуги по индивидуальному заказу, включая разработку чертежей, изготовление образцов на заказ, упаковку или нанесение логотипа и т.д.""",,http://deyan-pad.com,,,https://interauto-mechanica-floorplans-2026.pages.dev/#155193-shanghai-wolsheng-abrasive-materials-co-ltd,155193-shanghai-wolsheng-abrasive-materials-co-ltd,"Аксессуары и тюнинг | ""Компания Shanghai Wolsheng Abrasive Materials Co., Ltd. — это завод с 15-летним опытом работы в шлифовальной отрасли, производящий шлифовальные подушки/шлифовальные блоки/интерфейсные подушки/наждачную бумагу. Многие клиенты из интернет-магазинов уже много лет являются нашими деловыми партнерами. Мы можем предоставить все услуги по индивидуальному заказу, включая разработку чертежей, изготовление образцов на заказ, упаковку или нанесение логотипа и т.д.""",interauto_floorplans_2026,ok,,2026-08-22T20:10:23Z,interavtomehanika-2026-signo-workbook-v1.0.1,,,,,,,,,,,,,,Иностранная компания (Китай); российское юрлицо не разыскивается.,нет,interautomechanica2026_deal_155193
ИнтерАвтоМеханика 2026,"Shanxi Qianjun Intelligent Manufacturing And Technology Co.,Ltd","Shanxi Qianjun Intelligent Manufacturing And Technology Co.,Ltd",Запчасти и компоненты,Китай,,,8-826,Зал 8,Запчасти и компоненты,,,http://www.sxqjly.com/,,,https://interauto-mechanica-floorplans-2026.pages.dev/#155625-shanxi-qianjun-intelligent-manufacturing-and-technology-co-ltd,155625-shanxi-qianjun-intelligent-manufacturing-and-technology-co-ltd,Запчасти и компоненты,interauto_floorplans_2026,partial_missing_fields,product_notes,2026-08-22T20:10:23Z,interavtomehanika-2026-signo-workbook-v1.0.1,,,,,,,,,,,,,,Иностранная компания (Китай); российское юрлицо не разыскивается.,нет,interautomechanica2026_deal_155625
ИнтерАвтоМеханика 2026,"SHAOXING GROUPSTAR ELECTRIC APPLIANCE CO., LTD.","SHAOXING GROUPSTAR ELECTRIC APPLIANCE CO., LTD.",Запчасти и компоненты; Аккумуляторы и электроника; Кузовной ремонт и лакокрасочные материалы,Китай,,,8-882,Зал 8,Запчасти и компоненты; Аккумуляторы и электроника; Кузовной ремонт и лакокрасочные материалы,,,http://www.zjgroupstar.com,,,https://interauto-mechanica-floorplans-2026.pages.dev/#155094-shaoxing-groupstar-electric-appliance-co-ltd,155094-shaoxing-groupstar-electric-appliance-co-ltd,Запчасти и компоненты; Аккумуляторы и электроника; Кузовной ремонт и лакокрасочные материалы,interauto_floorplans_2026,partial_missing_fields,product_notes,2026-08-22T20:10:23Z,interavtomehanika-2026-signo-workbook-v1.0.1,,,,,,,,,,,,,,Иностранная компания (Китай); российское юрлицо не разыскивается.,нет,interautomechanica2026_deal_155094
ИнтерАвтоМеханика 2026,"SHENYANG CHEER WASH EQUIPMENT CO., LTD","SHENYANG CHEER WASH EQUIPMENT CO., LTD","Запчасти и компоненты; Мойки и моечное оборудование; Смазочные материалы, технические жидкости и автохимия; Аксессуары и тюнинг",Китай,,,7-636,Зал 7,"Запчасти и компоненты; Мойки и моечное оборудование; Смазочные материалы, технические жидкости и автохимия; Аксессуары и тюнинг",,,http://EN：https://www.sycheerwash.com/,,,https://interauto-mechanica-floorplans-2026.pages.dev/#154944-shenyang-cheer-wash-equipment-co-ltd,154944-shenyang-cheer-wash-equipment-co-ltd,"Запчасти и компоненты; Мойки и моечное оборудование; Смазочные материалы, технические жидкости и автохимия; Аксессуары и тюнинг",interauto_floorplans_2026,partial_missing_fields,product_notes,2026-08-22T20:10:23Z,interavtomehanika-2026-signo-workbook-v1.0.1,,,,,,,,,,,,,,Иностранная компания (Китай); российское юрлицо не разыскивается.,нет,interautomechanica2026_deal_154944
ИнтерАвтоМеханика 2026,"SHENYANG GOOSEON E-COMMERCE TECHNOLOGY CO., LTD.","SHENYANG GOOSEON E-COMMERCE TECHNOLOGY CO., LTD.",Гаражное оборудование,Китай,,,7-605,Зал 7,Гаражное оборудование,,,https://sinoped-auto.ru/,,,https://interauto-mechanica-floorplans-2026.pages.dev/#159816-shenyang-gooseon-e-commerce-technology-co-ltd,159816-shenyang-gooseon-e-commerce-technology-co-ltd,Гаражное оборудование,interauto_floorplans_2026,partial_missing_fields,product_notes,2026-08-22T20:10:23Z,interavtomehanika-2026-signo-workbook-v1.0.1,,,,,,,,,,,,,,Иностранная компания (Китай); российское юрлицо не разыскивается.,нет,interautomechanica2026_deal_159816
ИнтерАвтоМеханика 2026,"SHENYANG VEGA HEAVY INDUSTRY CO., LTD.","SHENYANG VEGA HEAVY INDUSTRY CO., LTD.","Запчасти и компоненты; Оборудование для диагностики, ремонта и восстановления",Китай,,,7-621,Зал 7,"Запчасти и компоненты; Оборудование для диагностики, ремонта и восстановления","""С 2008 года VEGA является ведущим поставщиком решений автоматизации для автомобильной промышленности. Начав с небольшой команды инженеров, мы выросли в международную компанию. За более чем 15 лет работы мы реализовали свыше 200 проектов, от роботизированной сварки до комплексных производственных линий.""",,http://vega-autotech.com,,,https://interauto-mechanica-floorplans-2026.pages.dev/#154908-shenyang-vega-heavy-industry-co-ltd,154908-shenyang-vega-heavy-industry-co-ltd,"Запчасти и компоненты; Оборудование для диагностики, ремонта и восстановления | ""С 2008 года VEGA является ведущим поставщиком решений автоматизации для автомобильной промышленности. Начав с небольшой команды инженеров, мы выросли в международную компанию. За более чем 15 лет работы мы реализовали свыше 200 проектов, от роботизированной сварки до комплексных производственных линий.""",interauto_floorplans_2026,ok,,2026-08-22T20:10:23Z,interavtomehanika-2026-signo-workbook-v1.0.1,,,,,,,,,,,,,,Иностранная компания (Китай); российское юрлицо не разыскивается.,нет,interautomechanica2026_deal_154908
ИнтерАвтоМеханика 2026,"SHENYANG XIN JIN AUTO PARTS MANUFACTURING CO., LTD.","SHENYANG XIN JIN AUTO PARTS MANUFACTURING CO., LTD.",Запчасти и компоненты,Китай,,,7-626,Зал 7,Запчасти и компоненты,,,https://www.xjxparts.com/,,,https://interauto-mechanica-floorplans-2026.pages.dev/#154920-shenyang-xin-jin-auto-parts-manufacturing-co-ltd,154920-shenyang-xin-jin-auto-parts-manufacturing-co-ltd,Запчасти и компоненты,interauto_floorplans_2026,partial_missing_fields,product_notes,2026-08-22T20:10:23Z,interavtomehanika-2026-signo-workbook-v1.0.1,,,,,,,,,,,,,,Иностранная компания (Китай); российское юрлицо не разыскивается.,нет,interautomechanica2026_deal_154920
ИнтерАвтоМеханика 2026,"SHENZHEN LEAGEND OPTOELECTRONICS CO.,LTD","SHENZHEN LEAGEND OPTOELECTRONICS CO.,LTD",Запчасти и компоненты,Китай,,,7-626a,Зал 7,Запчасти и компоненты,,,http://leagend.com,,,https://interauto-mechanica-floorplans-2026.pages.dev/#154917-shenzhen-leagend-optoelectronics-co-ltd,154917-shenzhen-leagend-optoelectronics-co-ltd,Запчасти и компоненты,interauto_floorplans_2026,partial_missing_fields,product_notes,2026-08-22T20:10:23Z,interavtomehanika-2026-signo-workbook-v1.0.1,,,,,,,,,,,,,,Иностранная компания (Китай); российское юрлицо не разыскивается.,нет,interautomechanica2026_deal_154917
ИнтерАвтоМеханика 2026,"SHENZHEN RALCAM CO.,LTD","SHENZHEN RALCAM CO.,LTD","Оборудование для диагностики, ремонта и восстановления; Кузовной ремонт и лакокрасочные материалы",Китай,,,7-552,Зал 7,"Оборудование для диагностики, ремонта и восстановления; Кузовной ремонт и лакокрасочные материалы",,,http://www.ralcam.com,,,https://interauto-mechanica-floorplans-2026.pages.dev/#155376-shenzhen-ralcam-co-ltd,155376-shenzhen-ralcam-co-ltd,"Оборудование для диагностики, ремонта и восстановления; Кузовной ремонт и лакокрасочные материалы",interauto_floorplans_2026,partial_missing_fields,product_notes,2026-08-22T20:10:23Z,interavtomehanika-2026-signo-workbook-v1.0.1,,,,,,,,,,,,,,Иностранная компания (Китай); российское юрлицо не разыскивается.,нет,interautomechanica2026_deal_155376
ИнтерАвтоМеханика 2026,SHUYANG ZHONGXIN AUTOMOBILE TECHNOLOGY CO. LTD,SHUYANG ZHONGXIN AUTOMOBILE TECHNOLOGY CO. LTD,Запчасти и компоненты,Китай,,,8-834,Зал 8,Запчасти и компоненты,"Shuyang Zhongxin Automotive Technology Co., Ltd. занимается дизайном колес уже 15 лет. Наши основные колеса — кованые диски: от 15 до 30 дюймов, подходящие для различных спецификаций дисков из алюминиевого сплава. LSGZL — это наш бренд колес, и наш слоган: «Выкованные для прочности, выкованные 10 000-тонным ковочным прессом». Каждое кованое колесо должно пройти сертификацию системы испытаний JW VIA CAW, а испытание на штамповку может достигать 1800 фунтов, просто чтобы соответствовать обязательствам по качеству.",,http://www.lsgzlwheels.com,,,https://interauto-mechanica-floorplans-2026.pages.dev/#155772-shuyang-zhongxin-automobile-technology-co-ltd,155772-shuyang-zhongxin-automobile-technology-co-ltd,"Запчасти и компоненты | Shuyang Zhongxin Automotive Technology Co., Ltd. занимается дизайном колес уже 15 лет. Наши основные колеса — кованые диски: от 15 до 30 дюймов, подходящие для различных спецификаций дисков из алюминиевого сплава. LSGZL — это наш бренд колес, и наш слоган: «Выкованные для прочности, выкованные 10 000-тонным ковочным прессом». Каждое кованое колесо должно пройти сертификацию системы испытаний JW VIA CAW, а испытание на штамповку может достигать 1800 фунтов, просто чтобы соответствовать обязательствам по качеству.",interauto_floorplans_2026,ok,,2026-08-22T20:10:23Z,interavtomehanika-2026-signo-workbook-v1.0.1,,,,,,,,,,,,,,Иностранная компания (Китай); российское юрлицо не разыскивается.,нет,interautomechanica2026_deal_155772
ИнтерАвтоМеханика 2026,"Sichuan Chinapin International Trade Co., Ltd.","Sichuan Chinapin International Trade Co., Ltd.",Запчасти и компоненты,Китай,,,8-950,Зал 8,Запчасти и компоненты,"""ООО «Сычуань Чинапин Интернешнл Трейд» основано в октябре 2025 года, компания занимается экспортом подержанных бензиновых и электромобилей, основной рынок сбыта – Россия. Несмотря на недавнее открытие, ежемесячные продажи стабильно растут. Наше главное преимущество – локализованная работа: весь торговый персонал из России, отлично разбирается в местном рынке и потребностях покупателей. У нас есть собственные торговые площадки, официальный сайт и аккаунты в социальных сетях на территории РФ, налаженная работа заслужила хорошие отзывы клиентов.""",,http://AVTOORDER.com,,,https://interauto-mechanica-floorplans-2026.pages.dev/#159732-sichuan-chinapin-international-trade-co-ltd,159732-sichuan-chinapin-international-trade-co-ltd,"Запчасти и компоненты | ""ООО «Сычуань Чинапин Интернешнл Трейд» основано в октябре 2025 года, компания занимается экспортом подержанных бензиновых и электромобилей, основной рынок сбыта – Россия. Несмотря на недавнее открытие, ежемесячные продажи стабильно растут. Наше главное преимущество – локализованная работа: весь торговый персонал из России, отлично разбирается в местном рынке и потребностях покупателей. У нас есть собственные торговые площадки, официальный сайт и аккаунты в социальных сетях на территории РФ, налаженная работа заслужила хорошие отзывы клиентов.""",interauto_floorplans_2026,ok,,2026-08-22T20:10:23Z,interavtomehanika-2026-signo-workbook-v1.0.1,,,,,,,,,,,,,,Иностранная компания (Китай); российское юрлицо не разыскивается.,нет,interautomechanica2026_deal_159732
ИнтерАвтоМеханика 2026,"Sichuan Soma New Material Technology co.,ltd.","Sichuan Soma New Material Technology co.,ltd.","Запчасти и компоненты; Оборудование для диагностики, ремонта и восстановления; Мойки и моечное оборудование; Смазочные материалы, технические жидкости и автохимия; Кузовной ремонт и лакокрасочные материалы; Гаражное оборудование",Китай,,,8-842,Зал 8,"Запчасти и компоненты; Оборудование для диагностики, ремонта и восстановления; Мойки и моечное оборудование; Смазочные материалы, технические жидкости и автохимия; Кузовной ремонт и лакокрасочные материалы; Гаражное оборудование","ООО «SOMA» является одним из лидеров в разработке и производстве материалов для ядерной защиты. Компания владеет более чем 20 патентами, имеет сертификаты ISO и CE. Мы экспортируем продукцию трёх линеек: материалы промышленной защиты, шумопоглощающие материалы на основе графена и товары для систем экстренного реагирования — в 28 стран мира. В штате компании работают 4 доктора наук и 2 магистра. Годовой объём производства превышает 5 000 тонн.",,http://ru.suomakj.com,,,https://interauto-mechanica-floorplans-2026.pages.dev/#155655-sichuan-soma-new-material-technology-co-ltd,155655-sichuan-soma-new-material-technology-co-ltd,"Запчасти и компоненты; Оборудование для диагностики, ремонта и восстановления; Мойки и моечное оборудование; Смазочные материалы, технические жидкости и автохимия; Кузовной ремонт и лакокрасочные материалы; Гаражное оборудование | ООО «SOMA» является одним из лидеров в разработке и производстве материалов для ядерной защиты. Компания владеет более чем 20 патентами, имеет сертификаты ISO и CE. Мы экспортируем продукцию трёх линеек: материалы промышленной защиты, шумопоглощающие материалы на основе графена и товары для систем экстренного реагирования — в 28 стран мира. В штате компании работают 4 доктора наук и 2 магистра. Годовой объём производства превышает 5 000 тонн.",interauto_floorplans_2026,ok,,2026-08-22T20:10:23Z,interavtomehanika-2026-signo-workbook-v1.0.1,,,,,,,,,,,,,,Иностранная компания (Китай); российское юрлицо не разыскивается.,нет,interautomechanica2026_deal_155655
ИнтерАвтоМеханика 2026,"Sichuan Xinhengju Automobile Service Co., Ltd.","Sichuan Xinhengju Automobile Service Co., Ltd.",Запчасти и компоненты; Аксессуары и тюнинг,Китай,,,7-671,Зал 7,Запчасти и компоненты; Аксессуары и тюнинг,"""Предоставляем комплексные решения по запасным частям для полной комплектации грузовиков. Наши основные бренды: SHACMAN, SAGMOTO, HOWO, SITRAK, FAW, FOTON, XCMG, JMC, DONGFENG и JAC. Кроме того, мы поставляем качественные запасные части для VOLVO, SCANIA, DAF и MAN.""",,https://www.facebook.com/share/1JHZxdk6kB/?mibextid=wwXIfr,,,https://interauto-mechanica-floorplans-2026.pages.dev/#154647-sichuan-xinhengju-automobile-service-co-ltd,154647-sichuan-xinhengju-automobile-service-co-ltd,"Запчасти и компоненты; Аксессуары и тюнинг | ""Предоставляем комплексные решения по запасным частям для полной комплектации грузовиков. Наши основные бренды: SHACMAN, SAGMOTO, HOWO, SITRAK, FAW, FOTON, XCMG, JMC, DONGFENG и JAC. Кроме того, мы поставляем качественные запасные части для VOLVO, SCANIA, DAF и MAN.""",interauto_floorplans_2026,ok,,2026-08-22T20:10:23Z,interavtomehanika-2026-signo-workbook-v1.0.1,,,,,,,,,,,,,,Иностранная компания (Китай); российское юрлицо не разыскивается.,нет,interautomechanica2026_deal_154647
ИнтерАвтоМеханика 2026,"Sichuan Zhongnuochengxin Automobile Service Co., Ltd.","Sichuan Zhongnuochengxin Automobile Service Co., Ltd.",,Китай,,,7-580,Зал 7,,"""Краткое описание наших услуг: Мы являемся вашим агентом по закупкам и партнером для зарубежных клиентов (команда по поиску автомобилей в Китае). Мы обеспечиваем поиск и подбор автомобилей, их осмотр и сертификацию, а также полное сопровождение экспортных процедур в Китае, включая транспортировку и портовые услуги. Вы можете быть уверены, что при покупке автомобиля вас не обманут, а ценообразование и операционные процессы будут полностью прозрачны.""",,,,,https://interauto-mechanica-floorplans-2026.pages.dev/#154641-sichuan-zhongnuochengxin-automobile-service-co-ltd,154641-sichuan-zhongnuochengxin-automobile-service-co-ltd,"""Краткое описание наших услуг: Мы являемся вашим агентом по закупкам и партнером для зарубежных клиентов (команда по поиску автомобилей в Китае). Мы обеспечиваем поиск и подбор автомобилей, их осмотр и сертификацию, а также полное сопровождение экспортных процедур в Китае, включая транспортировку и портовые услуги. Вы можете быть уверены, что при покупке автомобиля вас не обманут, а ценообразование и операционные процессы будут полностью прозрачны.""",interauto_floorplans_2026,ok,,2026-08-22T20:10:23Z,interavtomehanika-2026-signo-workbook-v1.0.1,,,,,,,,,,,,,,Иностранная компания (Китай); российское юрлицо не разыскивается.,нет,interautomechanica2026_deal_154641
ИнтерАвтоМеханика 2026,Sidem,Sidem,,Бельгия,,,8-450,Зал 8,,,,https://www.sidem.be/ru,,,https://interauto-mechanica-floorplans-2026.pages.dev/#158691-sidem,158691-sidem,,interauto_floorplans_2026,partial_missing_fields,product_notes,2026-08-22T20:10:23Z,interavtomehanika-2026-signo-workbook-v1.0.1,,,,,,,,,,,,,,Иностранная компания (Бельгия); российское юрлицо не разыскивается.,нет,interautomechanica2026_deal_158691
ИнтерАвтоМеханика 2026,"SPACEFLIGHT POWER SUPPLY (LONGNAN) CO., LTD.","SPACEFLIGHT POWER SUPPLY (LONGNAN) CO., LTD.",Аккумуляторы и электроника,Китай,,,7-760,Зал 7,Аккумуляторы и электроника,"ООО «SPACEFLIGHT POWER SUPPLY (Лунань)» основано в 1994 году. В 2006 году предприятие переехало в провинцию Цзянси. Изначальная площадь производственной базы составляла 120 000 квадратных метров, впоследствии она была расширена до более чем 450 000 квадратных метров. За 30 лет развития компания стала одним из ведущих производителей свинцово-кислотных аккумуляторов на юге Китая, объединяя в себе научно-исследовательские разработки, производство и глобальные продажи. Мы обладаем мощными возможностями для комплексных поставок аккумуляторной продукции по всему миру, в том числе по заказам OEM.",,https://www.hang-tian.com/,,,https://interauto-mechanica-floorplans-2026.pages.dev/#154959-spaceflight-power-supply-longnan-co-ltd,154959-spaceflight-power-supply-longnan-co-ltd,"Аккумуляторы и электроника | ООО «SPACEFLIGHT POWER SUPPLY (Лунань)» основано в 1994 году. В 2006 году предприятие переехало в провинцию Цзянси. Изначальная площадь производственной базы составляла 120 000 квадратных метров, впоследствии она была расширена до более чем 450 000 квадратных метров. За 30 лет развития компания стала одним из ведущих производителей свинцово-кислотных аккумуляторов на юге Китая, объединяя в себе научно-исследовательские разработки, производство и глобальные продажи. Мы обладаем мощными возможностями для комплексных поставок аккумуляторной продукции по всему миру, в том числе по заказам OEM.",interauto_floorplans_2026,ok,,2026-08-22T20:10:23Z,interavtomehanika-2026-signo-workbook-v1.0.1,,,,,,,,,,,,,,Иностранная компания (Китай); российское юрлицо не разыскивается.,нет,interautomechanica2026_deal_154959
ИнтерАвтоМеханика 2026,SPEEDMATE,SPEEDMATE,Запчасти и компоненты,Россия,,,8-450,Зал 8,Запчасти и компоненты,Speedmate создан в 1993 году и входит в состав одного из крупнейших холдингов Южной Кореи. C 2002 по 2024 г. Speedmate – победитель престижной премии Korea Brand Power Index в номинации «Обслуживание автомобилей». С 2015 года товары Speedmate экспортируются в 50+ стран.,,https://speedmate.parts/,,,https://interauto-mechanica-floorplans-2026.pages.dev/#158697-speedmate,158697-speedmate,Запчасти и компоненты | Speedmate создан в 1993 году и входит в состав одного из крупнейших холдингов Южной Кореи. C 2002 по 2024 г. Speedmate – победитель престижной премии Korea Brand Power Index в номинации «Обслуживание автомобилей». С 2015 года товары Speedmate экспортируются в 50+ стран.,interauto_floorplans_2026,ok,,2026-08-22T20:10:23Z,interavtomehanika-2026-signo-workbook-v1.0.1,,,,,,,,,,,,,,Надежное российское юрлицо не найдено.,нет,interautomechanica2026_deal_158697
ИнтерАвтоМеханика 2026,SSP / LINKGLOBAL,SSP / LINKGLOBAL,Запчасти и компоненты,ОАЭ,,,8-520,Зал 8,Запчасти и компоненты,,,https://www.anchi-linkglobal-ssp.ru/,,,https://interauto-mechanica-floorplans-2026.pages.dev/#153978-ns-optimaparts-ooo,153978-ns-optimaparts-ooo,Запчасти и компоненты,interauto_floorplans_2026,partial_missing_fields,product_notes,2026-08-22T20:10:23Z,interavtomehanika-2026-signo-workbook-v1.0.1,,,,,,,,,,,,,,Иностранная компания (ОАЭ); российское юрлицо не разыскивается.,нет,interautomechanica2026_deal_153978
ИнтерАвтоМеханика 2026,"SUZHOU FANGTIAN INDUSTRIES CO.,LTD","SUZHOU FANGTIAN INDUSTRIES CO.,LTD",Запчасти и компоненты; Аккумуляторы и электроника,Китай,,,8-858,Зал 8,Запчасти и компоненты; Аккумуляторы и электроника,,,http://www.clutchfacing.com,,,https://interauto-mechanica-floorplans-2026.pages.dev/#154977-suzhou-fangtian-industries-co-ltd,154977-suzhou-fangtian-industries-co-ltd,Запчасти и компоненты; Аккумуляторы и электроника,interauto_floorplans_2026,partial_missing_fields,product_notes,2026-08-22T20:10:23Z,interavtomehanika-2026-signo-workbook-v1.0.1,,,,,,,,,,,,,,Иностранная компания (Китай); российское юрлицо не разыскивается.,нет,interautomechanica2026_deal_154977
ИнтерАвтоМеханика 2026,"SUZHOU SHENXI IMPORT AND EXPORT CO.,LTD","SUZHOU SHENXI IMPORT AND EXPORT CO.,LTD","Оборудование для диагностики, ремонта и восстановления",Китай,,,7-452,Зал 7,"Оборудование для диагностики, ремонта и восстановления","""Компания была основана в 2014 году и расположена в городе Чжанцзягань провинции Цзянсу. У нас есть 10 автоматических производственных линий. Годовой выпуск наборов инструментов составляет два миллиона. Мы производим, но не ограничиваемся, ручными наборами инструментов, электроинструментальными наборами, садовыми наборами инструментов, ключами и шкафами для инструментов. Наши продукты охватывают рынок Западной Европы, рынок Северной Америки, российский рынок, рынок Южной Америки, мексиканский рынок и др.""",,https://www.phixwellpro.com,,,https://interauto-mechanica-floorplans-2026.pages.dev/#154842-suzhou-shenxi-import-and-export-co-ltd,154842-suzhou-shenxi-import-and-export-co-ltd,"Оборудование для диагностики, ремонта и восстановления | ""Компания была основана в 2014 году и расположена в городе Чжанцзягань провинции Цзянсу. У нас есть 10 автоматических производственных линий. Годовой выпуск наборов инструментов составляет два миллиона. Мы производим, но не ограничиваемся, ручными наборами инструментов, электроинструментальными наборами, садовыми наборами инструментов, ключами и шкафами для инструментов. Наши продукты охватывают рынок Западной Европы, рынок Северной Америки, российский рынок, рынок Южной Америки, мексиканский рынок и др.""",interauto_floorplans_2026,ok,,2026-08-22T20:10:23Z,interavtomehanika-2026-signo-workbook-v1.0.1,,,,,,,,,,,,,,Иностранная компания (Китай); российское юрлицо не разыскивается.,нет,interautomechanica2026_deal_154842
ИнтерАвтоМеханика 2026,"TAIZHOU ANJINGCHUN AUTOMOTIVE TECHNOLOGY CO., LTD.","TAIZHOU ANJINGCHUN AUTOMOTIVE TECHNOLOGY CO., LTD.","Оборудование для диагностики, ремонта и восстановления; Аксессуары и тюнинг",Китай,,,8-864,Зал 8,"Оборудование для диагностики, ремонта и восстановления; Аксессуары и тюнинг",,,,,,https://interauto-mechanica-floorplans-2026.pages.dev/#155061-taizhou-anjingchun-automotive-technology-co-ltd,155061-taizhou-anjingchun-automotive-technology-co-ltd,"Оборудование для диагностики, ремонта и восстановления; Аксессуары и тюнинг",interauto_floorplans_2026,partial_missing_fields,product_notes,2026-08-22T20:10:23Z,interavtomehanika-2026-signo-workbook-v1.0.1,,,,,,,,,,,,,,Иностранная компания (Китай); российское юрлицо не разыскивается.,нет,interautomechanica2026_deal_155061
ИнтерАвтоМеханика 2026,"TAIZHOU LIZHOU PNEUMATIC TOOLS CO.,LTD.","TAIZHOU LIZHOU PNEUMATIC TOOLS CO.,LTD.",Запчасти и компоненты; Аккумуляторы и электроника; Шины и диски,Китай,,,8-850; 8-851,Зал 8,Запчасти и компоненты; Аккумуляторы и электроника; Шины и диски,,,http://www.lztools.com,,,https://interauto-mechanica-floorplans-2026.pages.dev/#154962-taizhou-lizhou-pneumatic-tools-co-ltd,154962-taizhou-lizhou-pneumatic-tools-co-ltd,Запчасти и компоненты; Аккумуляторы и электроника; Шины и диски,interauto_floorplans_2026,partial_missing_fields,product_notes,2026-08-22T20:10:23Z,interavtomehanika-2026-signo-workbook-v1.0.1,,,,,,,,,,,,,,Иностранная компания (Китай); российское юрлицо не разыскивается.,нет,interautomechanica2026_deal_154962
ИнтерАвтоМеханика 2026,"TAIZHOU YEACH MACHINERY CO.,LTD","TAIZHOU YEACH MACHINERY CO.,LTD",Запчасти и компоненты; Аксессуары и тюнинг,Китай,,,7-280,Зал 7,Запчасти и компоненты; Аксессуары и тюнинг,"Taizhou Yeach Machinery Co., LTD. was established in 1999, which is a professional manufacturer for C. V. Joint and drive shaft, Company product range covers: American cars ,Japanese cars, German cars, European cars, Korean cars, cars, etc. we supply 1 million C. V. Joints and 200 thousand drive shaft per year, including about 1800 different types which are suit for most automobile series in and out of the country.",,http://www.chinayeach.com,,,https://interauto-mechanica-floorplans-2026.pages.dev/#155685-taizhou-yeach-machinery-co-ltd,155685-taizhou-yeach-machinery-co-ltd,"Запчасти и компоненты; Аксессуары и тюнинг | Taizhou Yeach Machinery Co., LTD. was established in 1999, which is a professional manufacturer for C. V. Joint and drive shaft, Company product range covers: American cars ,Japanese cars, German cars, European cars, Korean cars, cars, etc. we supply 1 million C. V. Joints and 200 thousand drive shaft per year, including about 1800 different types which are suit for most automobile series in and out of the country.",interauto_floorplans_2026,ok,,2026-08-22T20:10:23Z,interavtomehanika-2026-signo-workbook-v1.0.1,,,,,,,,,,,,,,Иностранная компания (Китай); российское юрлицо не разыскивается.,нет,interautomechanica2026_deal_155685
ИнтерАвтоМеханика 2026,"Tatu Rubber & Plastic Products Co., Ltd.","Tatu Rubber & Plastic Products Co., Ltd.",Запчасти и компоненты,Китай,,,7-473,Зал 7,Запчасти и компоненты,,,,,,https://interauto-mechanica-floorplans-2026.pages.dev/#158733-tatu-rubber-plastic-products-co-ltd,158733-tatu-rubber-plastic-products-co-ltd,Запчасти и компоненты,interauto_floorplans_2026,partial_missing_fields,product_notes,2026-08-22T20:10:23Z,interavtomehanika-2026-signo-workbook-v1.0.1,,,,,,,,,,,,,,Иностранная компания (Китай); российское юрлицо не разыскивается.,нет,interautomechanica2026_deal_158733
ИнтерАвтоМеханика 2026,"TIANTAI RONGYUE AUTO ACCESSORIES CO.,LTD","TIANTAI RONGYUE AUTO ACCESSORIES CO.,LTD",Аксессуары и тюнинг,Китай,,,8-920,Зал 8,Аксессуары и тюнинг,,,http://en.zjrongyue.cn,,,https://interauto-mechanica-floorplans-2026.pages.dev/#156777-tiantai-rongyue-auto-accessories-co-ltd,156777-tiantai-rongyue-auto-accessories-co-ltd,Аксессуары и тюнинг,interauto_floorplans_2026,partial_missing_fields,product_notes,2026-08-22T20:10:23Z,interavtomehanika-2026-signo-workbook-v1.0.1,,,,,,,,,,,,,,Иностранная компания (Китай); российское юрлицо не разыскивается.,нет,interautomechanica2026_deal_156777
ИнтерАвтоМеханика 2026,Topcover,Topcover,Запчасти и компоненты,Россия,,,8-350,Зал 8,Запчасти и компоненты,"TopCover — бренд автокомпонентов для грузовых автомобилей, коммерческого транспорта и прицепной техники. Ассортимент насчитывает более 4 100 SKU и включает детали тормозной, пневматической, топливной систем, подвески, рулевого управления, трансмиссии, охлаждения, электрооборудования, фильтры, оптику, элементы кабины и кузова, а также другие категории запчастей. Производственные мощности TopCover расположены в Турции, Тайване и Китае — на крупных предприятиях, выпускающих продукцию в том числе для OEM-производителей. Все изделия соответствуют международным стандартам ISO/TS 16949, ISO 9001 и IATF 16949, что обеспечивает стабильное качество продукции. В России эксклюзивным дистрибьютором бренда является компания «Амтел».",,https://topcover.parts/,,,https://interauto-mechanica-floorplans-2026.pages.dev/#157929-topcover,157929-topcover,"Запчасти и компоненты | TopCover — бренд автокомпонентов для грузовых автомобилей, коммерческого транспорта и прицепной техники. Ассортимент насчитывает более 4 100 SKU и включает детали тормозной, пневматической, топливной систем, подвески, рулевого управления, трансмиссии, охлаждения, электрооборудования, фильтры, оптику, элементы кабины и кузова, а также другие категории запчастей. Производственные мощности TopCover расположены в Турции, Тайване и Китае — на крупных предприятиях, выпускающих продукцию в том числе для OEM-производителей. Все изделия соответствуют международным стандартам ISO/TS 16949, ISO 9001 и IATF 16949, что обеспечивает стабильное качество продукции. В России эксклюзивным дистрибьютором бренда является компания «Амтел».",interauto_floorplans_2026,ok,,2026-08-22T20:10:23Z,interavtomehanika-2026-signo-workbook-v1.0.1,"ООО "" АМТЕЛ """,7703422810,1177746090400,56.29,Деятельность предприятий общественного питания по прочим видам организации питания,Кобесова Нино Давидовна,Генеральный директор,,2025,-0.034,2025,БО ФНС,high,,нет,interautomechanica2026_deal_157929
ИнтерАвтоМеханика 2026,TRAILERMASTER CVS.INC,TRAILERMASTER CVS.INC,Запчасти и компоненты; Кузовной ремонт и лакокрасочные материалы; Гаражное оборудование,Китай,,,7-622,Зал 7,Запчасти и компоненты; Кузовной ремонт и лакокрасочные материалы; Гаражное оборудование,,,http://www.trailer-master.com,,,https://interauto-mechanica-floorplans-2026.pages.dev/#154911-trailermaster-cvs-inc,154911-trailermaster-cvs-inc,Запчасти и компоненты; Кузовной ремонт и лакокрасочные материалы; Гаражное оборудование,interauto_floorplans_2026,partial_missing_fields,product_notes,2026-08-22T20:10:23Z,interavtomehanika-2026-signo-workbook-v1.0.1,,,,,,,,,,,,,,Иностранная компания (Китай); российское юрлицо не разыскивается.,нет,interautomechanica2026_deal_154911
ИнтерАвтоМеханика 2026,"VAZZ Technology Co.,Ltd.","VAZZ Technology Co.,Ltd.",Запчасти и компоненты,Китай,,,7-468,Зал 7,Запчасти и компоненты,,,,,,https://interauto-mechanica-floorplans-2026.pages.dev/#158721-vazz-technology-co-ltd,158721-vazz-technology-co-ltd,Запчасти и компоненты,interauto_floorplans_2026,partial_missing_fields,product_notes,2026-08-22T20:10:23Z,interavtomehanika-2026-signo-workbook-v1.0.1,,,,,,,,,,,,,,Иностранная компания (Китай); российское юрлицо не разыскивается.,нет,interautomechanica2026_deal_158721
ИнтерАвтоМеханика 2026,VINPIN,VINPIN,,Россия,,,8-450,Зал 8,,"VINPIN — каталоги для подбора артикула запчасти по VIN-коду собственной разработки, которые работают со 100% точностью. Используются более 15 000 подборщиками запчастей в автосервисах и магазинах запчастей по всему миру.",,https://start.vinpin.ru/,,,https://interauto-mechanica-floorplans-2026.pages.dev/#158724-vinpin,158724-vinpin,"VINPIN — каталоги для подбора артикула запчасти по VIN-коду собственной разработки, которые работают со 100% точностью. Используются более 15 000 подборщиками запчастей в автосервисах и магазинах запчастей по всему миру.",interauto_floorplans_2026,ok,,2026-08-22T20:10:23Z,interavtomehanika-2026-signo-workbook-v1.0.1,,,,,,,,,,,,,,Надежное российское юрлицо не найдено.,нет,interautomechanica2026_deal_158724
ИнтерАвтоМеханика 2026,"Washinta Chemical Coating Co., Ltd.","Washinta Chemical Coating Co., Ltd.",Кузовной ремонт и лакокрасочные материалы,Китай,,,7-539,Зал 7,Кузовной ремонт и лакокрасочные материалы,,,http://www.washinta.com,,,https://interauto-mechanica-floorplans-2026.pages.dev/#155382-washinta-chemical-coating-co-ltd,155382-washinta-chemical-coating-co-ltd,Кузовной ремонт и лакокрасочные материалы,interauto_floorplans_2026,partial_missing_fields,product_notes,2026-08-22T20:10:23Z,interavtomehanika-2026-signo-workbook-v1.0.1,,,,,,,,,,,,,,Иностранная компания (Китай); российское юрлицо не разыскивается.,нет,interautomechanica2026_deal_155382
ИнтерАвтоМеханика 2026,"WBS TECHNOLOGY (TAIZHOU) CO., LTD.","WBS TECHNOLOGY (TAIZHOU) CO., LTD.",Запчасти и компоненты,Китай,,,7-538,Зал 7,Запчасти и компоненты,"WBS TECHNOLOGY TAIZHOU CO., LTD., former name Taizhou Zhongji Auto Parts Co., Ltd., has been servicing the air brake systems industry for a long time. During these many years in business, WBS TECHNOLOGY (WBS hereafter) has become well known as a reliable supplier of quality independently manufactured replacement parts. Our coverage extends to include the majority of each brand of air compressors and related parts employed within the heavy duty transportation industry. These coverages include off-highway, along with some industrial and marine applications.",,http://www.wbs-auto.com,,,https://interauto-mechanica-floorplans-2026.pages.dev/#159027-wbs-technology-taizhou-co-ltd,159027-wbs-technology-taizhou-co-ltd,"Запчасти и компоненты | WBS TECHNOLOGY TAIZHOU CO., LTD., former name Taizhou Zhongji Auto Parts Co., Ltd., has been servicing the air brake systems industry for a long time. During these many years in business, WBS TECHNOLOGY (WBS hereafter) has become well known as a reliable supplier of quality independently manufactured replacement parts. Our coverage extends to include the majority of each brand of air compressors and related parts employed within the heavy duty transportation industry. These coverages include off-highway, along with some industrial and marine applications.",interauto_floorplans_2026,ok,,2026-08-22T20:10:23Z,interavtomehanika-2026-signo-workbook-v1.0.1,,,,,,,,,,,,,,Иностранная компания (Китай); российское юрлицо не разыскивается.,нет,interautomechanica2026_deal_159027
ИнтерАвтоМеханика 2026,"Wengyuan Henghui Chemical Coating Co., Ltd.","Wengyuan Henghui Chemical Coating Co., Ltd.","Запчасти и компоненты; Оборудование для диагностики, ремонта и восстановления; Мойки и моечное оборудование; Смазочные материалы, технические жидкости и автохимия",Китай,,,7-564,Зал 7,"Запчасти и компоненты; Оборудование для диагностики, ремонта и восстановления; Мойки и моечное оборудование; Смазочные материалы, технические жидкости и автохимия",,,http://www.mingjupaint.com,,,https://interauto-mechanica-floorplans-2026.pages.dev/#155403-wengyuan-henghui-chemical-coating-co-ltd,155403-wengyuan-henghui-chemical-coating-co-ltd,"Запчасти и компоненты; Оборудование для диагностики, ремонта и восстановления; Мойки и моечное оборудование; Смазочные материалы, технические жидкости и автохимия",interauto_floorplans_2026,partial_missing_fields,product_notes,2026-08-22T20:10:23Z,interavtomehanika-2026-signo-workbook-v1.0.1,,,,,,,,,,,,,,Иностранная компания (Китай); российское юрлицо не разыскивается.,нет,interautomechanica2026_deal_155403
ИнтерАвтоМеханика 2026,"Wenwu Auto Parts Co.,Ltd","Wenwu Auto Parts Co.,Ltd",Запчасти и компоненты,Китай,,,7-469,Зал 7,Запчасти и компоненты,,,http://www.wenwu-autoparts.com,,,https://interauto-mechanica-floorplans-2026.pages.dev/#158694-wenwu-auto-parts-co-ltd,158694-wenwu-auto-parts-co-ltd,Запчасти и компоненты,interauto_floorplans_2026,partial_missing_fields,product_notes,2026-08-22T20:10:23Z,interavtomehanika-2026-signo-workbook-v1.0.1,,,,,,,,,,,,,,Иностранная компания (Китай); российское юрлицо не разыскивается.,нет,interautomechanica2026_deal_158694
ИнтерАвтоМеханика 2026,"WENZHOU HUIFEI AUTOMOTIVE ELECTRONIC TECHNOLOGY CO.,LTD.","WENZHOU HUIFEI AUTOMOTIVE ELECTRONIC TECHNOLOGY CO.,LTD.","Оборудование для диагностики, ремонта и восстановления",Китай,,,8-862,Зал 8,"Оборудование для диагностики, ремонта и восстановления","Вэньчжоуская компания ""Хуэйфэй Автомобильная Электроника"" занимается профессиональным производством пропорциональных электромагнитных клапанов и компонентов системы Common Rail. Основанная в 2018 году, компания расположена в Руйане, столице китайской индустрии автокомпонентов. Это высокотехнологичное предприятие, объединяющее разработку, проектирование, производство, продажи и сервис. Основные направления деятельности компании включают разработку и производство SCV-контрольных клапанов, топливных дозирующих клапанов, гидравлических пропорциональных клапанов, электромагнитных клапанов коробки передач, клапанов рулевого управления, а также различных автомобильных датчиков.",,,,,https://interauto-mechanica-floorplans-2026.pages.dev/#155055-wenzhou-huifei-automotive-electronic-technology-co-ltd,155055-wenzhou-huifei-automotive-electronic-technology-co-ltd,"Оборудование для диагностики, ремонта и восстановления | Вэньчжоуская компания ""Хуэйфэй Автомобильная Электроника"" занимается профессиональным производством пропорциональных электромагнитных клапанов и компонентов системы Common Rail. Основанная в 2018 году, компания расположена в Руйане, столице китайской индустрии автокомпонентов. Это высокотехнологичное предприятие, объединяющее разработку, проектирование, производство, продажи и сервис. Основные направления деятельности компании включают разработку и производство SCV-контрольных клапанов, топливных дозирующих клапанов, гидравлических пропорциональных клапанов, электромагнитных клапанов коробки передач, клапанов рулевого управления, а также различных автомобильных датчиков.",interauto_floorplans_2026,ok,,2026-08-22T20:10:23Z,interavtomehanika-2026-signo-workbook-v1.0.1,,,,,,,,,,,,,,Иностранная компания (Китай); российское юрлицо не разыскивается.,нет,interautomechanica2026_deal_155055
ИнтерАвтоМеханика 2026,"WENZHOU LINK TRADING CO.,LTD","WENZHOU LINK TRADING CO.,LTD",Запчасти и компоненты,Китай,,,8-837,Зал 8,Запчасти и компоненты,"""Wenzhou LINK Trading Co., Ltd является профессиональным производителем и продавцом автозапчастей, сертифицированных по стандарту ISO 9001. Мы уделяем особое внимание исследованиям, разработкам и производству датчиков кислорода и термостатов. LINK COMPANY уже 20 лет поставляет известным российским брендам высококачественные автомобильные детали, такие как: электровентиляторы, радиаторы, подшипники, системы подвески, тормозные системы и т. д., и имеет большой практический опыт работы на рынках России и Беларуси. Мы можем предложить единый сервис от покупки, оплаты, транспортировки, страхования до послепродажного обслуживания""",,http://www.link-autoparts.com,,,https://interauto-mechanica-floorplans-2026.pages.dev/#159744-wenzhou-link-trading-co-ltd,159744-wenzhou-link-trading-co-ltd,"Запчасти и компоненты | ""Wenzhou LINK Trading Co., Ltd является профессиональным производителем и продавцом автозапчастей, сертифицированных по стандарту ISO 9001. Мы уделяем особое внимание исследованиям, разработкам и производству датчиков кислорода и термостатов. LINK COMPANY уже 20 лет поставляет известным российским брендам высококачественные автомобильные детали, такие как: электровентиляторы, радиаторы, подшипники, системы подвески, тормозные системы и т. д., и имеет большой практический опыт работы на рынках России и Беларуси. Мы можем предложить единый сервис от покупки, оплаты, транспортировки, страхования до послепродажного обслуживания""",interauto_floorplans_2026,ok,,2026-08-22T20:10:23Z,interavtomehanika-2026-signo-workbook-v1.0.1,,,,,,,,,,,,,,Иностранная компания (Китай); российское юрлицо не разыскивается.,нет,interautomechanica2026_deal_159744
ИнтерАвтоМеханика 2026,"WENZHOU MINGLI AUTO PARTS CO., LTD","WENZHOU MINGLI AUTO PARTS CO., LTD",Запчасти и компоненты,Китай,,,8-824,Зал 8,Запчасти и компоненты,"Компания Wenzhou Mingli Auto Parts Co., Ltd. специализируется на разработке и продаже различных масляных охладителей, охладителей трансмиссионного масла, алюминиевых литых деталей и комплектов масляных охладителей. У нас более 300 видов продукции, в основном для Volkswagen, Audi, Benz, BMW, Volvo, Peugeot, Renault, Opel, Ford, Mazda, Toyota, Honda, Nissan, Kia, Deutz, Clysceler и других марок автомобилей.",,http://WWW.MLOILCOOLERS.COM,,,https://interauto-mechanica-floorplans-2026.pages.dev/#156792-wenzhou-mingli-auto-parts-co-ltd,156792-wenzhou-mingli-auto-parts-co-ltd,"Запчасти и компоненты | Компания Wenzhou Mingli Auto Parts Co., Ltd. специализируется на разработке и продаже различных масляных охладителей, охладителей трансмиссионного масла, алюминиевых литых деталей и комплектов масляных охладителей. У нас более 300 видов продукции, в основном для Volkswagen, Audi, Benz, BMW, Volvo, Peugeot, Renault, Opel, Ford, Mazda, Toyota, Honda, Nissan, Kia, Deutz, Clysceler и других марок автомобилей.",interauto_floorplans_2026,ok,,2026-08-22T20:10:23Z,interavtomehanika-2026-signo-workbook-v1.0.1,,,,,,,,,,,,,,Иностранная компания (Китай); российское юрлицо не разыскивается.,нет,interautomechanica2026_deal_156792
ИнтерАвтоМеханика 2026,"Wenzhou Nade Auto Electronic Co., Ltd.","Wenzhou Nade Auto Electronic Co., Ltd.",Запчасти и компоненты,Китай,,,8-870,Зал 8,Запчасти и компоненты,,,http://www.nadedz.com,,,https://interauto-mechanica-floorplans-2026.pages.dev/#156798-wenzhou-nade-auto-electronic-co-ltd,156798-wenzhou-nade-auto-electronic-co-ltd,Запчасти и компоненты,interauto_floorplans_2026,partial_missing_fields,product_notes,2026-08-22T20:10:23Z,interavtomehanika-2026-signo-workbook-v1.0.1,,,,,,,,,,,,,,Иностранная компания (Китай); российское юрлицо не разыскивается.,нет,interautomechanica2026_deal_156798
ИнтерАвтоМеханика 2026,"WENZHOU S&G ELECTRICAL MACHINERY CO.,LTD","WENZHOU S&G ELECTRICAL MACHINERY CO.,LTD",Запчасти и компоненты,Китай,,,8-860,Зал 8,Запчасти и компоненты,"""SG PARTS is located in Wenzhou. As the leading manufacturer inthe industry, our main products are EGR, Throttle Body, Transmissionsolenoid, OCV, VVT. Since 2005, we have been deeply engaged in theauto parts industry. We have our own professional technical team, candevelop,design,and manufacture of engine parts. Our factory covers an area of 12000 square meters, more than 70%of the products exported to Europe & America. SG PARTS focuses ondesigning and producing the best products. Our principie is"" Quality the most. Service the best""",,http://www.sgparts.cn,,,https://interauto-mechanica-floorplans-2026.pages.dev/#158814-wenzhou-s-g-electrical-machinery-co-ltd,158814-wenzhou-s-g-electrical-machinery-co-ltd,"Запчасти и компоненты | ""SG PARTS is located in Wenzhou. As the leading manufacturer inthe industry, our main products are EGR, Throttle Body, Transmissionsolenoid, OCV, VVT. Since 2005, we have been deeply engaged in theauto parts industry. We have our own professional technical team, candevelop,design,and manufacture of engine parts. Our factory covers an area of 12000 square meters, more than 70%of the products exported to Europe & America. SG PARTS focuses ondesigning and producing the best products. Our principie is"" Quality the most. Service the best""",interauto_floorplans_2026,ok,,2026-08-22T20:10:23Z,interavtomehanika-2026-signo-workbook-v1.0.1,,,,,,,,,,,,,,Иностранная компания (Китай); российское юрлицо не разыскивается.,нет,interautomechanica2026_deal_158814
ИнтерАвтоМеханика 2026,"WENZHOU ZHENGXIANG TECHNOLOGY CO.,LTD.","WENZHOU ZHENGXIANG TECHNOLOGY CO.,LTD.",Запчасти и компоненты,Китай,,,7-704,Зал 7,Запчасти и компоненты,,,https://zhengxiangkeji.en.alibaba.com,,,https://interauto-mechanica-floorplans-2026.pages.dev/#154950-wenzhou-zhengxiang-technology-co-ltd,154950-wenzhou-zhengxiang-technology-co-ltd,Запчасти и компоненты,interauto_floorplans_2026,partial_missing_fields,product_notes,2026-08-22T20:10:23Z,interavtomehanika-2026-signo-workbook-v1.0.1,,,,,,,,,,,,,,Иностранная компания (Китай); российское юрлицо не разыскивается.,нет,interautomechanica2026_deal_154950
ИнтерАвтоМеханика 2026,"WHENZHOU MINGLEI CO., LTD.","WHENZHOU MINGLEI CO., LTD.",Запчасти и компоненты; Аккумуляторы и электроника,Китай,,,8-881,Зал 8,Запчасти и компоненты; Аккумуляторы и электроника,,,,,,https://interauto-mechanica-floorplans-2026.pages.dev/#155091-whenzhou-minglei-co-ltd,155091-whenzhou-minglei-co-ltd,Запчасти и компоненты; Аккумуляторы и электроника,interauto_floorplans_2026,partial_missing_fields,product_notes,2026-08-22T20:10:23Z,interavtomehanika-2026-signo-workbook-v1.0.1,,,,,,,,,,,,,,Иностранная компания (Китай); российское юрлицо не разыскивается.,нет,interautomechanica2026_deal_155091
ИнтерАвтоМеханика 2026,"WOLFARM PRECISION INDUSTRY JIAXING CO., LTD","WOLFARM PRECISION INDUSTRY JIAXING CO., LTD",Запчасти и компоненты; Аксессуары и тюнинг,Китай,,,7-585,Зал 7,Запчасти и компоненты; Аксессуары и тюнинг,"Компания была основана в 2018 году и расположена в регионе дельты реки Янцзы. Основные направления деятельности — проектирование и производство высокопрочных прецизионных холодных штампов, прецизионных штампов для штамповки, а также изготовление крепежных изделий и штампованных деталей по стандартам токарной обработки. Благодаря сотрудничеству с компанией Toyota, компания способствует отечественному производству крепежных элементов и пресс-форм для автомобилей Toyota. В настоящее время постепенно осуществляется отечественное производство высокопрочных штампованных деталей. Это позволит клиентам сэкономить значительные затраты и получить более полный и удобный сервис.",,http://www.llevt.com,,,https://interauto-mechanica-floorplans-2026.pages.dev/#158310-wolfarm-precision-industry-jiaxing-co-ltd,158310-wolfarm-precision-industry-jiaxing-co-ltd,"Запчасти и компоненты; Аксессуары и тюнинг | Компания была основана в 2018 году и расположена в регионе дельты реки Янцзы. Основные направления деятельности — проектирование и производство высокопрочных прецизионных холодных штампов, прецизионных штампов для штамповки, а также изготовление крепежных изделий и штампованных деталей по стандартам токарной обработки. Благодаря сотрудничеству с компанией Toyota, компания способствует отечественному производству крепежных элементов и пресс-форм для автомобилей Toyota. В настоящее время постепенно осуществляется отечественное производство высокопрочных штампованных деталей. Это позволит клиентам сэкономить значительные затраты и получить более полный и удобный сервис.",interauto_floorplans_2026,ok,,2026-08-22T20:10:23Z,interavtomehanika-2026-signo-workbook-v1.0.1,,,,,,,,,,,,,,Иностранная компания (Китай); российское юрлицо не разыскивается.,нет,interautomechanica2026_deal_158310
ИнтерАвтоМеханика 2026,"WUHU DAYUAN TRADING CO.,LTD","WUHU DAYUAN TRADING CO.,LTD",Запчасти и компоненты,Китай,,,7-610,Зал 7,Запчасти и компоненты,,,http://www.yhnut.com,,,https://interauto-mechanica-floorplans-2026.pages.dev/#154857-wuhu-dayuan-trading-co-ltd,154857-wuhu-dayuan-trading-co-ltd,Запчасти и компоненты,interauto_floorplans_2026,partial_missing_fields,product_notes,2026-08-22T20:10:23Z,interavtomehanika-2026-signo-workbook-v1.0.1,,,,,,,,,,,,,,Иностранная компания (Китай); российское юрлицо не разыскивается.,нет,interautomechanica2026_deal_154857
ИнтерАвтоМеханика 2026,"XINXIANG RIBANG AUTO PARTS CO., LTD.","XINXIANG RIBANG AUTO PARTS CO., LTD.",Запчасти и компоненты,Китай,,,7-700,Зал 7,Запчасти и компоненты,,,http://xxribang.cn/,,,https://interauto-mechanica-floorplans-2026.pages.dev/#159030-xinxiang-ribang-auto-parts-co-ltd,159030-xinxiang-ribang-auto-parts-co-ltd,Запчасти и компоненты,interauto_floorplans_2026,partial_missing_fields,product_notes,2026-08-22T20:10:23Z,interavtomehanika-2026-signo-workbook-v1.0.1,,,,,,,,,,,,,,Иностранная компания (Китай); российское юрлицо не разыскивается.,нет,interautomechanica2026_deal_159030
ИнтерАвтоМеханика 2026,"XUHANG MACHINERY MANUFACTURING CO.,LTD","XUHANG MACHINERY MANUFACTURING CO.,LTD",,Китай,,,7-470,Зал 7,,,,,,,https://interauto-mechanica-floorplans-2026.pages.dev/#158706-xuhang-machinery-manufacturing-co-ltd,158706-xuhang-machinery-manufacturing-co-ltd,,interauto_floorplans_2026,partial_missing_fields,product_notes,2026-08-22T20:10:23Z,interavtomehanika-2026-signo-workbook-v1.0.1,,,,,,,,,,,,,,Иностранная компания (Китай); российское юрлицо не разыскивается.,нет,interautomechanica2026_deal_158706
ИнтерАвтоМеханика 2026,"XUQUAN AUTOMOTIVE ELECTRONICS (SHANGHAI) CO., LTD.","XUQUAN AUTOMOTIVE ELECTRONICS (SHANGHAI) CO., LTD.",Запчасти и компоненты; Аккумуляторы и электроника,Китай,,,8-801.1,Зал 8,Запчасти и компоненты; Аккумуляторы и электроника,"Наша компания расположена в Шанхае. Мы специализируемся на оригинальных стартерах, генераторах и комплектующих деталях к ним, выпускаемых по заводской комплектации брендами Shanghai Valeo, Bosch, Hitachi, Denso и Mitsubishi SEG.",,,,,https://interauto-mechanica-floorplans-2026.pages.dev/#156783-xuquan-automotive-electronics-shanghai-co-ltd,156783-xuquan-automotive-electronics-shanghai-co-ltd,"Запчасти и компоненты; Аккумуляторы и электроника | Наша компания расположена в Шанхае. Мы специализируемся на оригинальных стартерах, генераторах и комплектующих деталях к ним, выпускаемых по заводской комплектации брендами Shanghai Valeo, Bosch, Hitachi, Denso и Mitsubishi SEG.",interauto_floorplans_2026,ok,,2026-08-22T20:10:23Z,interavtomehanika-2026-signo-workbook-v1.0.1,,,,,,,,,,,,,,Иностранная компания (Китай); российское юрлицо не разыскивается.,нет,interautomechanica2026_deal_156783
ИнтерАвтоМеханика 2026,"YANCHENG MENSCH INTERNATIONAL CO., LTD.","YANCHENG MENSCH INTERNATIONAL CO., LTD.",Запчасти и компоненты,Китай,,,8-856,Зал 8,Запчасти и компоненты,"MENSCH Auto Parts Co.,Ltd. was established in January 2007, focus on Clutch disc and clutch cover development, tractor clutch assembly production and sales, Company has formed of large production base covers and area of more than 50000 square meters, clutches are for Japanese cars & Trucks, European cars & Trucks, American cars & Trucks, Agriculture Tractors, Racing cars etc.",,http://www.mensch.cn,,,https://interauto-mechanica-floorplans-2026.pages.dev/#154971-yancheng-mensch-international-co-ltd,154971-yancheng-mensch-international-co-ltd,"Запчасти и компоненты | MENSCH Auto Parts Co.,Ltd. was established in January 2007, focus on Clutch disc and clutch cover development, tractor clutch assembly production and sales, Company has formed of large production base covers and area of more than 50000 square meters, clutches are for Japanese cars & Trucks, European cars & Trucks, American cars & Trucks, Agriculture Tractors, Racing cars etc.",interauto_floorplans_2026,ok,,2026-08-22T20:10:23Z,interavtomehanika-2026-signo-workbook-v1.0.1,,,,,,,,,,,,,,Иностранная компания (Китай); российское юрлицо не разыскивается.,нет,interautomechanica2026_deal_154971
ИнтерАвтоМеханика 2026,"Yangzhou Jinrun Import And Export Co.,Ltd","Yangzhou Jinrun Import And Export Co.,Ltd",Запчасти и компоненты,Китай,,,7-662,Зал 7,Запчасти и компоненты,Производитель профессиональных металлоконструкций для легковых и грузовых автомобилей.,,http://www.jinrunauto.com,,,https://interauto-mechanica-floorplans-2026.pages.dev/#154671-yangzhou-jinrun-import-and-export-co-ltd,154671-yangzhou-jinrun-import-and-export-co-ltd,Запчасти и компоненты | Производитель профессиональных металлоконструкций для легковых и грузовых автомобилей.,interauto_floorplans_2026,ok,,2026-08-22T20:10:23Z,interavtomehanika-2026-signo-workbook-v1.0.1,,,,,,,,,,,,,,Иностранная компания (Китай); российское юрлицо не разыскивается.,нет,interautomechanica2026_deal_154671
ИнтерАвтоМеханика 2026,"Yina Automotive Power Technology Co., Ltd","Yina Automotive Power Technology Co., Ltd",,Китай,,,7-471,Зал 7,,,,,,,https://interauto-mechanica-floorplans-2026.pages.dev/#158682-yina-automotive-power-technology-co-ltd,158682-yina-automotive-power-technology-co-ltd,,interauto_floorplans_2026,partial_missing_fields,product_notes,2026-08-22T20:10:23Z,interavtomehanika-2026-signo-workbook-v1.0.1,,,,,,,,,,,,,,Иностранная компания (Китай); российское юрлицо не разыскивается.,нет,interautomechanica2026_deal_158682
ИнтерАвтоМеханика 2026,"Yingde Rongchang Chemical Industrial Co.,Ltd.","Yingde Rongchang Chemical Industrial Co.,Ltd.",Кузовной ремонт и лакокрасочные материалы,Китай,,,7-646,Зал 7,Кузовной ремонт и лакокрасочные материалы,,,http://www.rongchanggd.com,,,https://interauto-mechanica-floorplans-2026.pages.dev/#155697-yingde-rongchang-chemical-industrial-co-ltd,155697-yingde-rongchang-chemical-industrial-co-ltd,Кузовной ремонт и лакокрасочные материалы,interauto_floorplans_2026,partial_missing_fields,product_notes,2026-08-22T20:10:23Z,interavtomehanika-2026-signo-workbook-v1.0.1,,,,,,,,,,,,,,Иностранная компания (Китай); российское юрлицо не разыскивается.,нет,interautomechanica2026_deal_155697
ИнтерАвтоМеханика 2026,"YINGDE YINGZE CHEMICAL TECHNOLOGY CO.,LTD.","YINGDE YINGZE CHEMICAL TECHNOLOGY CO.,LTD.",Кузовной ремонт и лакокрасочные материалы,Китай,,,7-530,Зал 7,Кузовной ремонт и лакокрасочные материалы,,,http://en.winchemic.com,,,https://interauto-mechanica-floorplans-2026.pages.dev/#155658-yingde-yingze-chemical-technology-co-ltd,155658-yingde-yingze-chemical-technology-co-ltd,Кузовной ремонт и лакокрасочные материалы,interauto_floorplans_2026,partial_missing_fields,product_notes,2026-08-22T20:10:23Z,interavtomehanika-2026-signo-workbook-v1.0.1,,,,,,,,,,,,,,Иностранная компания (Китай); российское юрлицо не разыскивается.,нет,interautomechanica2026_deal_155658
ИнтерАвтоМеханика 2026,"YINGKOU QISHIDA MACHINERY EQUIPMENT CO.,LTD","YINGKOU QISHIDA MACHINERY EQUIPMENT CO.,LTD","Оборудование для диагностики, ремонта и восстановления",Китай,,,7-635,Зал 7,"Оборудование для диагностики, ремонта и восстановления",,,http://www.worldqishida.com/EN,,,https://interauto-mechanica-floorplans-2026.pages.dev/#154941-yingkou-qishida-machinery-equipment-co-ltd,154941-yingkou-qishida-machinery-equipment-co-ltd,"Оборудование для диагностики, ремонта и восстановления",interauto_floorplans_2026,partial_missing_fields,product_notes,2026-08-22T20:10:23Z,interavtomehanika-2026-signo-workbook-v1.0.1,,,,,,,,,,,,,,Иностранная компания (Китай); российское юрлицо не разыскивается.,нет,interautomechanica2026_deal_154941
ИнтерАвтоМеханика 2026,"YIWU POWER TIGER AUTO ACCESSORY CO.,LTD.","YIWU POWER TIGER AUTO ACCESSORY CO.,LTD.",,Китай,,,8-867,Зал 8,,,,http://WWW.CARSUN.COM,,,https://interauto-mechanica-floorplans-2026.pages.dev/#155070-yiwu-power-tiger-auto-accessory-co-ltd,155070-yiwu-power-tiger-auto-accessory-co-ltd,,interauto_floorplans_2026,partial_missing_fields,product_notes,2026-08-22T20:10:23Z,interavtomehanika-2026-signo-workbook-v1.0.1,,,,,,,,,,,,,,Иностранная компания (Китай); российское юрлицо не разыскивается.,нет,interautomechanica2026_deal_155070
ИнтерАвтоМеханика 2026,"YIWU WUZHAO E-COMMERCE CO., LTD.","YIWU WUZHAO E-COMMERCE CO., LTD.","Оборудование для диагностики, ремонта и восстановления",Китай,,,7-600,Зал 7,"Оборудование для диагностики, ремонта и восстановления","Yiwu Wuzhao E-Commerce Co., Ltd. – производство и торговля. Высококачественные автомобильные инструменты из провинции Чжэцзян, Китай. Обслуживаем более 500 клиентов в Северной Америке, Европе, Южной Америке и Юго-Восточной Азии. OEM/ODM, собственные бренды, надёжные поставки. Быстрая реакция на запросы, своевременная доставка, послепродажная поддержка. Приглашаем к сотрудничеству!",,http://www.vesktool.com,,,https://interauto-mechanica-floorplans-2026.pages.dev/#159810-yiwu-wuzhao-e-commerce-co-ltd,159810-yiwu-wuzhao-e-commerce-co-ltd,"Оборудование для диагностики, ремонта и восстановления | Yiwu Wuzhao E-Commerce Co., Ltd. – производство и торговля. Высококачественные автомобильные инструменты из провинции Чжэцзян, Китай. Обслуживаем более 500 клиентов в Северной Америке, Европе, Южной Америке и Юго-Восточной Азии. OEM/ODM, собственные бренды, надёжные поставки. Быстрая реакция на запросы, своевременная доставка, послепродажная поддержка. Приглашаем к сотрудничеству!",interauto_floorplans_2026,ok,,2026-08-22T20:10:23Z,interavtomehanika-2026-signo-workbook-v1.0.1,,,,,,,,,,,,,,Иностранная компания (Китай); российское юрлицо не разыскивается.,нет,interautomechanica2026_deal_159810
ИнтерАвтоМеханика 2026,"Yiwu Yuhai Trading Co., Ltd.","Yiwu Yuhai Trading Co., Ltd.",Запчасти и компоненты,Китай,,,7-451,Зал 7,Запчасти и компоненты,"""Компания Yiwu Yuhai Trading Co., Ltd. основана в 2021 году, расположена в районе Чанчунь 3, подрайон Футянь, город Иу, Чжэцзянь. В нас работает более 20 сотрудников. Основная деятельность – финансовые консультации, внутренняя и международная торговля. Опираясь на торговые ресурсы Иу, мы следуем принципам честности и взаимной выгоды, предоставляем профессиональные торговые и финансовые услуги.""",,,,,https://interauto-mechanica-floorplans-2026.pages.dev/#159735-yiwu-yuhai-trading-co-ltd,159735-yiwu-yuhai-trading-co-ltd,"Запчасти и компоненты | ""Компания Yiwu Yuhai Trading Co., Ltd. основана в 2021 году, расположена в районе Чанчунь 3, подрайон Футянь, город Иу, Чжэцзянь. В нас работает более 20 сотрудников. Основная деятельность – финансовые консультации, внутренняя и международная торговля. Опираясь на торговые ресурсы Иу, мы следуем принципам честности и взаимной выгоды, предоставляем профессиональные торговые и финансовые услуги.""",interauto_floorplans_2026,ok,,2026-08-22T20:10:23Z,interavtomehanika-2026-signo-workbook-v1.0.1,,,,,,,,,,,,,,Иностранная компания (Китай); российское юрлицо не разыскивается.,нет,interautomechanica2026_deal_159735
ИнтерАвтоМеханика 2026,"YONGKANG LENSO AUTO SPARE PART CO.,LTD","YONGKANG LENSO AUTO SPARE PART CO.,LTD",Шины и диски; Аксессуары и тюнинг,Китай,,,8-821,Зал 8,Шины и диски; Аксессуары и тюнинг,"Компания Yongkang Lenso Auto Spare Part Co., Ltd базируется на нашей собственной фабрике по производству легкосплавных дисков. Мы можем производить диски низкого давления, диски из вспенивающегося материала, литые и кованные диски. Мы можем производить 60000 штук в месяц.",,,,,https://interauto-mechanica-floorplans-2026.pages.dev/#156768-yongkang-lenso-auto-spare-part-co-ltd,156768-yongkang-lenso-auto-spare-part-co-ltd,"Шины и диски; Аксессуары и тюнинг | Компания Yongkang Lenso Auto Spare Part Co., Ltd базируется на нашей собственной фабрике по производству легкосплавных дисков. Мы можем производить диски низкого давления, диски из вспенивающегося материала, литые и кованные диски. Мы можем производить 60000 штук в месяц.",interauto_floorplans_2026,ok,,2026-08-22T20:10:23Z,interavtomehanika-2026-signo-workbook-v1.0.1,,,,,,,,,,,,,,Иностранная компания (Китай); российское юрлицо не разыскивается.,нет,interautomechanica2026_deal_156768
ИнтерАвтоМеханика 2026,Yongle Group,Yongle Group,Запчасти и компоненты,Китай,,,7-743,Зал 7,Запчасти и компоненты,"Yongle Group – предприятие, специализирующееся на научно-исследовательских разработках, производстве и продаже кожи и кожаных изделий. Компания опирается на совершенную систему цепочки поставок в регионе дельты реки Жемчужная и поставляет высококачественное кожаное сырье, а также оказывает услуги по изготовлению готовых изделий на заказ для клиентов из Китая и зарубежных стран.",,http://www.ahyongle.com.cn/www.yongleleather.com,,,https://interauto-mechanica-floorplans-2026.pages.dev/#156753-yongle-group,156753-yongle-group,"Запчасти и компоненты | Yongle Group – предприятие, специализирующееся на научно-исследовательских разработках, производстве и продаже кожи и кожаных изделий. Компания опирается на совершенную систему цепочки поставок в регионе дельты реки Жемчужная и поставляет высококачественное кожаное сырье, а также оказывает услуги по изготовлению готовых изделий на заказ для клиентов из Китая и зарубежных стран.",interauto_floorplans_2026,ok,,2026-08-22T20:10:23Z,interavtomehanika-2026-signo-workbook-v1.0.1,,,,,,,,,,,,,,Иностранная компания (Китай); российское юрлицо не разыскивается.,нет,interautomechanica2026_deal_156753
ИнтерАвтоМеханика 2026,"YUHUAN BOXIANG WATERPUMP CO.,LTD.","YUHUAN BOXIANG WATERPUMP CO.,LTD.",Запчасти и компоненты,Китай,,,8-968,Зал 8,Запчасти и компоненты,,,http://www.cn-bx.cn,,,https://interauto-mechanica-floorplans-2026.pages.dev/#155178-yuhuan-boxiang-waterpump-co-ltd,155178-yuhuan-boxiang-waterpump-co-ltd,Запчасти и компоненты,interauto_floorplans_2026,partial_missing_fields,product_notes,2026-08-22T20:10:23Z,interavtomehanika-2026-signo-workbook-v1.0.1,,,,,,,,,,,,,,Иностранная компания (Китай); российское юрлицо не разыскивается.,нет,interautomechanica2026_deal_155178
ИнтерАвтоМеханика 2026,"YUHUAN JINHANG BRAKE CO.,LTD.","YUHUAN JINHANG BRAKE CO.,LTD.",Запчасти и компоненты,Китай,,,8-866,Зал 8,Запчасти и компоненты,,,http://www.zjjinhang.com,,,https://interauto-mechanica-floorplans-2026.pages.dev/#155067-yuhuan-jinhang-brake-co-ltd,155067-yuhuan-jinhang-brake-co-ltd,Запчасти и компоненты,interauto_floorplans_2026,partial_missing_fields,product_notes,2026-08-22T20:10:23Z,interavtomehanika-2026-signo-workbook-v1.0.1,,,,,,,,,,,,,,Иностранная компания (Китай); российское юрлицо не разыскивается.,нет,interautomechanica2026_deal_155067
ИнтерАвтоМеханика 2026,"YUHUAN XIONGCHENG MACHINERY CO., LTD.","YUHUAN XIONGCHENG MACHINERY CO., LTD.",Запчасти и компоненты,Китай,,,8-865,Зал 8,Запчасти и компоненты,"Yuhuan Xiongcheng Machinery Co., Ltd. основана в 2019 - 03 - 13, зарегистрированный адрес предприятия расположен в городе Юйчэн, провинция Чжэцзян, улица Юйчэн, ферма Jiantang (индустриальный парк Цзымао), принадлежащая отрасли автомобильного производства, сфера деятельности включает: общие проекты: производство автомобильных деталей и аксессуаров; Производство запасных частей для мотоциклов; Изготовление крепежных деталей; Универсальное изготовление деталей",,,,,https://interauto-mechanica-floorplans-2026.pages.dev/#155064-yuhuan-xiongcheng-machinery-co-ltd,155064-yuhuan-xiongcheng-machinery-co-ltd,"Запчасти и компоненты | Yuhuan Xiongcheng Machinery Co., Ltd. основана в 2019 - 03 - 13, зарегистрированный адрес предприятия расположен в городе Юйчэн, провинция Чжэцзян, улица Юйчэн, ферма Jiantang (индустриальный парк Цзымао), принадлежащая отрасли автомобильного производства, сфера деятельности включает: общие проекты: производство автомобильных деталей и аксессуаров; Производство запасных частей для мотоциклов; Изготовление крепежных деталей; Универсальное изготовление деталей",interauto_floorplans_2026,ok,,2026-08-22T20:10:23Z,interavtomehanika-2026-signo-workbook-v1.0.1,,,,,,,,,,,,,,Иностранная компания (Китай); российское юрлицо не разыскивается.,нет,interautomechanica2026_deal_155064
ИнтерАвтоМеханика 2026,"YUHUAN YUHONG AUTO PARTS CO.,LTD.","YUHUAN YUHONG AUTO PARTS CO.,LTD.",Запчасти и компоненты,Китай,,,8-880,Зал 8,Запчасти и компоненты,"Производственная столица автомобильных запчастей.Моя компания производит продукцию, связанную с цепочками в данный момент: цепочки, шестерни, расширители, проводники и т.д., с усовершенствованной, научной системой управления качеством. Благодаря стабильному качеству продукции и неустанным усилиям компании завоевали доверие и обязательства большого числа клиентов, и они приветствовали присутствие всех сообществ, друзей, собравшихся для того, чтобы посетить, направить, договориться, сотрудничать и создать благоприятные условия.",,,,,https://interauto-mechanica-floorplans-2026.pages.dev/#155088-yuhuan-yuhong-auto-parts-co-ltd,155088-yuhuan-yuhong-auto-parts-co-ltd,"Запчасти и компоненты | Производственная столица автомобильных запчастей.Моя компания производит продукцию, связанную с цепочками в данный момент: цепочки, шестерни, расширители, проводники и т.д., с усовершенствованной, научной системой управления качеством. Благодаря стабильному качеству продукции и неустанным усилиям компании завоевали доверие и обязательства большого числа клиентов, и они приветствовали присутствие всех сообществ, друзей, собравшихся для того, чтобы посетить, направить, договориться, сотрудничать и создать благоприятные условия.",interauto_floorplans_2026,ok,,2026-08-22T20:10:23Z,interavtomehanika-2026-signo-workbook-v1.0.1,,,,,,,,,,,,,,Иностранная компания (Китай); российское юрлицо не разыскивается.,нет,interautomechanica2026_deal_155088
ИнтерАвтоМеханика 2026,"Yusheng Auto Parts Co., Ltd","Yusheng Auto Parts Co., Ltd",,Китай,,,7-374,Зал 7,,,,,,,https://interauto-mechanica-floorplans-2026.pages.dev/#158667-yusheng-auto-parts-co-ltd,158667-yusheng-auto-parts-co-ltd,,interauto_floorplans_2026,partial_missing_fields,product_notes,2026-08-22T20:10:23Z,interavtomehanika-2026-signo-workbook-v1.0.1,,,,,,,,,,,,,,Иностранная компания (Китай); российское юрлицо не разыскивается.,нет,interautomechanica2026_deal_158667
ИнтерАвтоМеханика 2026,"Yuyao Jinnan Electrical Appliance Co., Ltd","Yuyao Jinnan Electrical Appliance Co., Ltd",Аккумуляторы и электроника; Шины и диски,Китай,,,8-803,Зал 8,Аккумуляторы и электроника; Шины и диски,,,https://yyjinnan.1688.com,,,https://interauto-mechanica-floorplans-2026.pages.dev/#156747-yuyao-jinnan-electrical-appliance-co-ltd,156747-yuyao-jinnan-electrical-appliance-co-ltd,Аккумуляторы и электроника; Шины и диски,interauto_floorplans_2026,partial_missing_fields,product_notes,2026-08-22T20:10:23Z,interavtomehanika-2026-signo-workbook-v1.0.1,,,,,,,,,,,,,,Иностранная компания (Китай); российское юрлицо не разыскивается.,нет,interautomechanica2026_deal_156747
ИнтерАвтоМеханика 2026,"YUYAO QUANLV AUTO ACCESSORIES CO.,LTD","YUYAO QUANLV AUTO ACCESSORIES CO.,LTD",Аккумуляторы и электроника,Китай,,,7-550,Зал 7,Аккумуляторы и электроника,"""Yuyao Quanlv Auto Accessories Co., Ltd. расположена в Юяо, провинция Нинбо, Китай; это интегрированный производитель, специализирующийся на исследованиях, производстве и продаже автомобильных пылесосов, многофункциональных пылесосов/воздушных насосов/стартеров и небольших бытовых пылесосов. Мы сосредоточены на высокоэффективных индивидуальных услугах, предоставляя клиентам комплексные решения — от проектирования и прототипирования до массового производства. Мы всегда придерживаемся ориентированности на клиента, стремясь создавать долгосрочную ценность для глобальных партнёров благодаря надежному качеству продукции, производственным возможностям и своевременным и эффективным сервисам. Мы искренне приглашаем вас присоединиться к нам для создания общего будущего.""",,http://www.cordlessvacuumcleaner.net,,,https://interauto-mechanica-floorplans-2026.pages.dev/#156741-yuyao-quanlv-auto-accessories-co-ltd,156741-yuyao-quanlv-auto-accessories-co-ltd,"Аккумуляторы и электроника | ""Yuyao Quanlv Auto Accessories Co., Ltd. расположена в Юяо, провинция Нинбо, Китай; это интегрированный производитель, специализирующийся на исследованиях, производстве и продаже автомобильных пылесосов, многофункциональных пылесосов/воздушных насосов/стартеров и небольших бытовых пылесосов. Мы сосредоточены на высокоэффективных индивидуальных услугах, предоставляя клиентам комплексные решения — от проектирования и прототипирования до массового производства. Мы всегда придерживаемся ориентированности на клиента, стремясь создавать долгосрочную ценность для глобальных партнёров благодаря надежному качеству продукции, производственным возможностям и своевременным и эффективным сервисам. Мы искренне приглашаем вас присоединиться к нам для создания общего будущего.""",interauto_floorplans_2026,ok,,2026-08-22T20:10:23Z,interavtomehanika-2026-signo-workbook-v1.0.1,,,,,,,,,,,,,,Иностранная компания (Китай); российское юрлицо не разыскивается.,нет,interautomechanica2026_deal_156741
ИнтерАвтоМеханика 2026,"YUYAO XISHUASHUA SANITARY WARE CO., LTD.","YUYAO XISHUASHUA SANITARY WARE CO., LTD.",Аксессуары и тюнинг,Китай,,,7-535,Зал 7,Аксессуары и тюнинг,"Компания «Юйяо Сишуа Цзэюй» была основана в 1998 году и расположена в городе Юйяо провинции Чжэцзян, известном как «королевство пластмасс» и «родина пресс-форм». Основная продукция компании включает различные автомобильныеные щётки, судовыеовые щётки, бытовыеые щётки, стальныеальные щётки, ролики для уборщиков, электрическиекие щётки, алюминиевые трубы с водопроводным прокладыванием и другие изделия.",,https://hibrush.en.alibaba.com,,,https://interauto-mechanica-floorplans-2026.pages.dev/#154854-yuyao-xishuashua-sanitary-ware-co-ltd,154854-yuyao-xishuashua-sanitary-ware-co-ltd,"Аксессуары и тюнинг | Компания «Юйяо Сишуа Цзэюй» была основана в 1998 году и расположена в городе Юйяо провинции Чжэцзян, известном как «королевство пластмасс» и «родина пресс-форм». Основная продукция компании включает различные автомобильныеные щётки, судовыеовые щётки, бытовыеые щётки, стальныеальные щётки, ролики для уборщиков, электрическиекие щётки, алюминиевые трубы с водопроводным прокладыванием и другие изделия.",interauto_floorplans_2026,ok,,2026-08-22T20:10:23Z,interavtomehanika-2026-signo-workbook-v1.0.1,,,,,,,,,,,,,,Иностранная компания (Китай); российское юрлицо не разыскивается.,нет,interautomechanica2026_deal_154854
ИнтерАвтоМеханика 2026,"ZHEJIANG BAIXIANG AUTO ACCESSORIES CO.,LTD.","ZHEJIANG BAIXIANG AUTO ACCESSORIES CO.,LTD.",Запчасти и компоненты; Аксессуары и тюнинг,Китай,,,8-810,Зал 8,Запчасти и компоненты; Аксессуары и тюнинг,"""Мы изготавливаем индивидуальные автомобильные коврики из ТПЭ с точным соответствием контурам салона оригинальных автомобилей в масштабе 1:1. У нас имеется 1500 комплектов специализированных пресс-форм, охватывающих большинство популярных моделей автомобилей. В наличии полный ассортимент готовых лекал, срок поставки короткий. Наша продукция имеет сертификаты экологической безопасности и огнезащитных свойств, она безопасна в эксплуатации и не имеет неприятного запаха. Также мы осуществляем изготовление продукции по индивидуальным требованиям заказчика.""",,https://shop6u69596285043.1688.com/,,,https://interauto-mechanica-floorplans-2026.pages.dev/#155679-zhejiang-baixiang-auto-accessories-co-ltd,155679-zhejiang-baixiang-auto-accessories-co-ltd,"Запчасти и компоненты; Аксессуары и тюнинг | ""Мы изготавливаем индивидуальные автомобильные коврики из ТПЭ с точным соответствием контурам салона оригинальных автомобилей в масштабе 1:1. У нас имеется 1500 комплектов специализированных пресс-форм, охватывающих большинство популярных моделей автомобилей. В наличии полный ассортимент готовых лекал, срок поставки короткий. Наша продукция имеет сертификаты экологической безопасности и огнезащитных свойств, она безопасна в эксплуатации и не имеет неприятного запаха. Также мы осуществляем изготовление продукции по индивидуальным требованиям заказчика.""",interauto_floorplans_2026,ok,,2026-08-22T20:10:23Z,interavtomehanika-2026-signo-workbook-v1.0.1,,,,,,,,,,,,,,Иностранная компания (Китай); российское юрлицо не разыскивается.,нет,interautomechanica2026_deal_155679
ИнтерАвтоМеханика 2026,"ZHEJIANG HAN DE AUTOMOTIVE TECHNOLOGY CO., LTD.","ZHEJIANG HAN DE AUTOMOTIVE TECHNOLOGY CO., LTD.",Запчасти и компоненты,Китай,,,8-869,Зал 8,Запчасти и компоненты,,,,,,https://interauto-mechanica-floorplans-2026.pages.dev/#155076-zhejiang-han-de-automotive-technology-co-ltd,155076-zhejiang-han-de-automotive-technology-co-ltd,Запчасти и компоненты,interauto_floorplans_2026,partial_missing_fields,product_notes,2026-08-22T20:10:23Z,interavtomehanika-2026-signo-workbook-v1.0.1,,,,,,,,,,,,,,Иностранная компания (Китай); российское юрлицо не разыскивается.,нет,interautomechanica2026_deal_155076
ИнтерАвтоМеханика 2026,ZHEJIANG HANGTAI AUTOMOTIVE COMPONENTS CO.LTD,ZHEJIANG HANGTAI AUTOMOTIVE COMPONENTS CO.LTD,Запчасти и компоненты,Китай,,,8-835,Зал 8,Запчасти и компоненты,"""ООО «Чжэцзян Хантай Автомобильные Компоненты» Специализируется на производстве муфт компрессора кондиционера (шкив, ступица, катушка). Также мы выступаем в качестве агентства по продаже компрессоров кондиционеров, крышек, регулирующих клапанов, сальников и других сопутствующих компонентов. Расположение: городь Хучжоу, уезд Чансин, городок Линьчэн, провинция Чжэцзян. ● Марки автомобилей: AUDI, BENZ, BMW, BUICK, CHEVROLET, CITROEN, FIAT, FORD, HONDA, HYUNDAI, KIA, MAZDA, MITSUBISHI, NISSAN, RENAULT, TOYOTA, VOLKSWAGEN и др. ● Серии: DENSO, SANDEN, ZEXEL, YORK, PANASONIC, SEIKO-SEIKI, TRS, V5, FORD, SP, электромагнитные муфты и др. ● Наша компания сертифицирована по стандарту ISO 9001. Мы импортируем современное оборудование и технологии из Германии""",,http://www.hangtaiclutch.com.cn,,,https://interauto-mechanica-floorplans-2026.pages.dev/#155766-zhejiang-hangtai-automotive-components-co-ltd,155766-zhejiang-hangtai-automotive-components-co-ltd,"Запчасти и компоненты | ""ООО «Чжэцзян Хантай Автомобильные Компоненты» Специализируется на производстве муфт компрессора кондиционера (шкив, ступица, катушка). Также мы выступаем в качестве агентства по продаже компрессоров кондиционеров, крышек, регулирующих клапанов, сальников и других сопутствующих компонентов. Расположение: городь Хучжоу, уезд Чансин, городок Линьчэн, провинция Чжэцзян. ● Марки автомобилей: AUDI, BENZ, BMW, BUICK, CHEVROLET, CITROEN, FIAT, FORD, HONDA, HYUNDAI, KIA, MAZDA, MITSUBISHI, NISSAN, RENAULT, TOYOTA, VOLKSWAGEN и др. ● Серии: DENSO, SANDEN, ZEXEL, YORK, PANASONIC, SEIKO-SEIKI, TRS, V5, FORD, SP, электромагнитные муфты и др. ● Наша компания сертифицирована по стандарту ISO 9001. Мы импортируем современное оборудование и технологии из Германии""",interauto_floorplans_2026,ok,,2026-08-22T20:10:23Z,interavtomehanika-2026-signo-workbook-v1.0.1,,,,,,,,,,,,,,Иностранная компания (Китай); российское юрлицо не разыскивается.,нет,interautomechanica2026_deal_155766
ИнтерАвтоМеханика 2026,"ZHEJIANG HONGBIN INDUSTRY AND TRADE CO., LTD.","ZHEJIANG HONGBIN INDUSTRY AND TRADE CO., LTD.",Запчасти и компоненты,Китай,,,8-861,Зал 8,Запчасти и компоненты,"""Компания TEDU, основанная в 2002 году, специализируется на производстве и проектировании лебёдок, электродвигателей постоянного тока и аксессуаров для лебёдок. В настоящее время нашей компании принадлежит завод площадью 18 000 квадратных метров с производственной мощностью более 400 000 электродвигателей постоянного тока и 200 000 лебёдок в год. Являясь лидером отрасли, мы постоянно внедряем новые технологии в производство лебёдок.""",,http://www.teduwinch.com,,,https://interauto-mechanica-floorplans-2026.pages.dev/#154980-zhejiang-hongbin-industry-and-trade-co-ltd,154980-zhejiang-hongbin-industry-and-trade-co-ltd,"Запчасти и компоненты | ""Компания TEDU, основанная в 2002 году, специализируется на производстве и проектировании лебёдок, электродвигателей постоянного тока и аксессуаров для лебёдок. В настоящее время нашей компании принадлежит завод площадью 18 000 квадратных метров с производственной мощностью более 400 000 электродвигателей постоянного тока и 200 000 лебёдок в год. Являясь лидером отрасли, мы постоянно внедряем новые технологии в производство лебёдок.""",interauto_floorplans_2026,ok,,2026-08-22T20:10:23Z,interavtomehanika-2026-signo-workbook-v1.0.1,,,,,,,,,,,,,,Иностранная компания (Китай); российское юрлицо не разыскивается.,нет,interautomechanica2026_deal_154980
ИнтерАвтоМеханика 2026,"ZHEJIANG LONGQUAN KAILIDA AUTOMOBILE AIR-CONDITIONER CO., LTD","ZHEJIANG LONGQUAN KAILIDA AUTOMOBILE AIR-CONDITIONER CO., LTD",Запчасти и компоненты,Китай,,,8-962,Зал 8,Запчасти и компоненты,,,https://www.zjkailida.com/,,,https://interauto-mechanica-floorplans-2026.pages.dev/#155760-zhejiang-longquan-kailida-automobile-air-conditioner-co-ltd,155760-zhejiang-longquan-kailida-automobile-air-conditioner-co-ltd,Запчасти и компоненты,interauto_floorplans_2026,partial_missing_fields,product_notes,2026-08-22T20:10:23Z,interavtomehanika-2026-signo-workbook-v1.0.1,,,,,,,,,,,,,,Иностранная компания (Китай); российское юрлицо не разыскивается.,нет,interautomechanica2026_deal_155760
ИнтерАвтоМеханика 2026,"ZHEJIANG MUZE ELECTRONIC TECHNOLOGY CO., LTD","ZHEJIANG MUZE ELECTRONIC TECHNOLOGY CO., LTD",Аккумуляторы и электроника,Китай,,,7-742,Зал 7,Аккумуляторы и электроника,,,http://www.9xing.cn,,,https://interauto-mechanica-floorplans-2026.pages.dev/#158316-zhejiang-muze-electronic-technology-co-ltd,158316-zhejiang-muze-electronic-technology-co-ltd,Аккумуляторы и электроника,interauto_floorplans_2026,partial_missing_fields,product_notes,2026-08-22T20:10:23Z,interavtomehanika-2026-signo-workbook-v1.0.1,,,,,,,,,,,,,,Иностранная компания (Китай); российское юрлицо не разыскивается.,нет,interautomechanica2026_deal_158316
ИнтерАвтоМеханика 2026,"ZHEJIANG PUJIANG BOHU CHAIN STOCK CO.,LTD","ZHEJIANG PUJIANG BOHU CHAIN STOCK CO.,LTD",Аксессуары и тюнинг,Китай,,,7-617,Зал 7,Аксессуары и тюнинг,,,http://www.bohuchains.com,,,https://interauto-mechanica-floorplans-2026.pages.dev/#154896-zhejiang-pujiang-bohu-chain-stock-co-ltd,154896-zhejiang-pujiang-bohu-chain-stock-co-ltd,Аксессуары и тюнинг,interauto_floorplans_2026,partial_missing_fields,product_notes,2026-08-22T20:10:23Z,interavtomehanika-2026-signo-workbook-v1.0.1,,,,,,,,,,,,,,Иностранная компания (Китай); российское юрлицо не разыскивается.,нет,interautomechanica2026_deal_154896
ИнтерАвтоМеханика 2026,"ZHEJIANG SANYIN INDUSTRY CO.,LTD.","ZHEJIANG SANYIN INDUSTRY CO.,LTD.",Запчасти и компоненты,Китай,,,7-702,Зал 7,Запчасти и компоненты,"Zhejiang Sanyin Industry & Trade Co., Ltd. поставщик компонентов трансмиссионных систем для автомобильной промышленности, объединяющий в себе НИОКР, производство и продажи. Мы работаем в этой отрасли уже почти 20 лет (завод был построен в 2006 году) и предлагаем высокоточные и высоконадежные решения для трансмиссий коммерческого транспорта и сельскохозяйственной техники мирового уровня.",,http://www.sygearbox.cn,,,https://interauto-mechanica-floorplans-2026.pages.dev/#154947-zhejiang-sanyin-industry-co-ltd,154947-zhejiang-sanyin-industry-co-ltd,"Запчасти и компоненты | Zhejiang Sanyin Industry & Trade Co., Ltd. поставщик компонентов трансмиссионных систем для автомобильной промышленности, объединяющий в себе НИОКР, производство и продажи. Мы работаем в этой отрасли уже почти 20 лет (завод был построен в 2006 году) и предлагаем высокоточные и высоконадежные решения для трансмиссий коммерческого транспорта и сельскохозяйственной техники мирового уровня.",interauto_floorplans_2026,ok,,2026-08-22T20:10:23Z,interavtomehanika-2026-signo-workbook-v1.0.1,,,,,,,,,,,,,,Иностранная компания (Китай); российское юрлицо не разыскивается.,нет,interautomechanica2026_deal_154947
ИнтерАвтоМеханика 2026,"ZHEJIANG STREAMRAIL INTELLIGENT CONTROL TECHNOLOGY CO., LTD","ZHEJIANG STREAMRAIL INTELLIGENT CONTROL TECHNOLOGY CO., LTD",Аксессуары и тюнинг,Китай,,,7-744,Зал 7,Аксессуары и тюнинг,,,http://www.streamrail.com.cn,,,https://interauto-mechanica-floorplans-2026.pages.dev/#158319-zhejiang-streamrail-intelligent-control-technology-co-ltd,158319-zhejiang-streamrail-intelligent-control-technology-co-ltd,Аксессуары и тюнинг,interauto_floorplans_2026,partial_missing_fields,product_notes,2026-08-22T20:10:23Z,interavtomehanika-2026-signo-workbook-v1.0.1,,,,,,,,,,,,,,Иностранная компания (Китай); российское юрлицо не разыскивается.,нет,interautomechanica2026_deal_158319
ИнтерАвтоМеханика 2026,"ZHEJIANG TONGSHENG ELECTRONIC CO.,LTD","ZHEJIANG TONGSHENG ELECTRONIC CO.,LTD",Аккумуляторы и электроника,Китай,,,8-910,Зал 8,Аккумуляторы и электроника,"""TSCN is an IATF16949 certificated professional manufacturer engaged in automotive aftermarket audio connector and wire harness with more than 25 years. We are OEM/ODM available. In recent years, more and more North American car audio &video brand manufacturers and local supermarkets have chosen us as their suppliers, and the brand TSCN has become more and more well-known. Our automotive products are widely used in car audio entertainment connection, one-button start, new energy wiring harness, intelligent remote and car periphercal wiring harness.""",,http://www.tscn.com.cn,,,https://interauto-mechanica-floorplans-2026.pages.dev/#156732-zhejiang-tongsheng-electronic-co-ltd,156732-zhejiang-tongsheng-electronic-co-ltd,"Аккумуляторы и электроника | ""TSCN is an IATF16949 certificated professional manufacturer engaged in automotive aftermarket audio connector and wire harness with more than 25 years. We are OEM/ODM available. In recent years, more and more North American car audio &video brand manufacturers and local supermarkets have chosen us as their suppliers, and the brand TSCN has become more and more well-known. Our automotive products are widely used in car audio entertainment connection, one-button start, new energy wiring harness, intelligent remote and car periphercal wiring harness.""",interauto_floorplans_2026,ok,,2026-08-22T20:10:23Z,interavtomehanika-2026-signo-workbook-v1.0.1,,,,,,,,,,,,,,Иностранная компания (Китай); российское юрлицо не разыскивается.,нет,interautomechanica2026_deal_156732
ИнтерАвтоМеханика 2026,"ZHEJIANG WEITECH CO.,LTD","ZHEJIANG WEITECH CO.,LTD",Запчасти и компоненты; Аксессуары и тюнинг,Китай,,,7-644,Зал 7,Запчасти и компоненты; Аксессуары и тюнинг,,,http://www.shengbaoauto.com,,,https://interauto-mechanica-floorplans-2026.pages.dev/#155700-zhejiang-weitech-co-ltd,155700-zhejiang-weitech-co-ltd,Запчасти и компоненты; Аксессуары и тюнинг,interauto_floorplans_2026,partial_missing_fields,product_notes,2026-08-22T20:10:23Z,interavtomehanika-2026-signo-workbook-v1.0.1,,,,,,,,,,,,,,Иностранная компания (Китай); российское юрлицо не разыскивается.,нет,interautomechanica2026_deal_155700
ИнтерАвтоМеханика 2026,"ZHEJIANG YIWU ESU IMPORT AND EXPORT CO., LTD","ZHEJIANG YIWU ESU IMPORT AND EXPORT CO., LTD",,Китай,,,7-430,Зал 7,,"Компания ESU занимается внешней экономической деятельностью (преимущественно импортными и экспортными операциями). Наш склад площадью 2000 кв. м располагается в Иу, городе с удобной инфраструктурой. Наши сотрудники помогут провести быстрые торговые операции и предоставить полный комплекс международных логистических услуг по хранению грузов на централизованном складе в ИУ: оформление таможенных документов, погрузо-разгрузочные работы, консолидацию и деконсолидацию грузов и другие услуги.",,http://WWW.ES958.RU,,,https://interauto-mechanica-floorplans-2026.pages.dev/#154839-zhejiang-yiwu-esu-import-and-export-co-ltd,154839-zhejiang-yiwu-esu-import-and-export-co-ltd,"Компания ESU занимается внешней экономической деятельностью (преимущественно импортными и экспортными операциями). Наш склад площадью 2000 кв. м располагается в Иу, городе с удобной инфраструктурой. Наши сотрудники помогут провести быстрые торговые операции и предоставить полный комплекс международных логистических услуг по хранению грузов на централизованном складе в ИУ: оформление таможенных документов, погрузо-разгрузочные работы, консолидацию и деконсолидацию грузов и другие услуги.",interauto_floorplans_2026,ok,,2026-08-22T20:10:23Z,interavtomehanika-2026-signo-workbook-v1.0.1,,,,,,,,,,,,,,Иностранная компания (Китай); российское юрлицо не разыскивается.,нет,interautomechanica2026_deal_154839
ИнтерАвтоМеханика 2026,"ZHENGZHOU FUCHAI AUTO PARTS CO., LTD","ZHENGZHOU FUCHAI AUTO PARTS CO., LTD",Запчасти и компоненты,Китай,,,8-829,Зал 8,Запчасти и компоненты,,,http://www.chinahangnei.com/,,,https://interauto-mechanica-floorplans-2026.pages.dev/#155673-zhengzhou-fuchai-auto-parts-co-ltd,155673-zhengzhou-fuchai-auto-parts-co-ltd,Запчасти и компоненты,interauto_floorplans_2026,partial_missing_fields,product_notes,2026-08-22T20:10:23Z,interavtomehanika-2026-signo-workbook-v1.0.1,,,,,,,,,,,,,,Иностранная компания (Китай); российское юрлицо не разыскивается.,нет,interautomechanica2026_deal_155673
ИнтерАвтоМеханика 2026,"ZHONGKE NEW MATERIALS TECHNOLOGY (CHONGQING) CO., LTD.","ZHONGKE NEW MATERIALS TECHNOLOGY (CHONGQING) CO., LTD.",Запчасти и компоненты,Китай,,,8-872,Зал 8,Запчасти и компоненты,"""Компания Zhongke New‑Materials (Чунцин) обладает крупным собственным заводом по производству автомобильных пленок в Китае. Наша продукция включает антигравийную пленку PPF, оконную пленку и цвет‑пленку для кузова. Бренд DR‑Z имеет развитую сеть офлайн‑центров установки по всему Китаю. Американский бренд Roymc по качеству конкурирует с XPEL и Llumar и ориентирован на зарубежные рынки. Мы осуществляем поставки напрямую с завода для партнеров из России.""",,http://zkabroad.com,,,https://interauto-mechanica-floorplans-2026.pages.dev/#159024-zhongke-new-materials-technology-chongqing-co-ltd,159024-zhongke-new-materials-technology-chongqing-co-ltd,"Запчасти и компоненты | ""Компания Zhongke New‑Materials (Чунцин) обладает крупным собственным заводом по производству автомобильных пленок в Китае. Наша продукция включает антигравийную пленку PPF, оконную пленку и цвет‑пленку для кузова. Бренд DR‑Z имеет развитую сеть офлайн‑центров установки по всему Китаю. Американский бренд Roymc по качеству конкурирует с XPEL и Llumar и ориентирован на зарубежные рынки. Мы осуществляем поставки напрямую с завода для партнеров из России.""",interauto_floorplans_2026,ok,,2026-08-22T20:10:23Z,interavtomehanika-2026-signo-workbook-v1.0.1,,,,,,,,,,,,,,Иностранная компания (Китай); российское юрлицо не разыскивается.,нет,interautomechanica2026_deal_159024
ИнтерАвтоМеханика 2026,"Zhongxian（Dalian）Technology Development Co.,Ltd","Zhongxian（Dalian）Technology Development Co.,Ltd",Запчасти и компоненты; Аксессуары и тюнинг; Гаражное оборудование,Китай,,,7-520,Зал 7,Запчасти и компоненты; Аксессуары и тюнинг; Гаражное оборудование,"Компания «Чжунсянь» обладает глубоким опытом в области промышленной автоматизации автомобилестроения. Компания специализируется на комплексных решениях для интеллектуальных производственных линий и заводской логистики, объединяя научные исследования, проектирование, производство и сервис. Являясь ведущим предприятием в отрасли, Чжунсянь сотрудничает с ведущими автопроизводителями, включая GM, Changan и AITO, помогая производственным предприятиям достигать эффективной, бережливой и интеллектуальной модернизации.",,http://www.dlyyjm.com,,,https://interauto-mechanica-floorplans-2026.pages.dev/#159939-zhongxian-dalian-technology-development-co-ltd,159939-zhongxian-dalian-technology-development-co-ltd,"Запчасти и компоненты; Аксессуары и тюнинг; Гаражное оборудование | Компания «Чжунсянь» обладает глубоким опытом в области промышленной автоматизации автомобилестроения. Компания специализируется на комплексных решениях для интеллектуальных производственных линий и заводской логистики, объединяя научные исследования, проектирование, производство и сервис. Являясь ведущим предприятием в отрасли, Чжунсянь сотрудничает с ведущими автопроизводителями, включая GM, Changan и AITO, помогая производственным предприятиям достигать эффективной, бережливой и интеллектуальной модернизации.",interauto_floorplans_2026,ok,,2026-08-22T20:10:23Z,interavtomehanika-2026-signo-workbook-v1.0.1,,,,,,,,,,,,,,Иностранная компания (Китай); российское юрлицо не разыскивается.,нет,interautomechanica2026_deal_159939
ИнтерАвтоМеханика 2026,"ZHUJI ZHONGMAI AUTO PARTS CO.,LTD.","ZHUJI ZHONGMAI AUTO PARTS CO.,LTD.",Запчасти и компоненты; Аксессуары и тюнинг,Китай,,,7-706,Зал 7,Запчасти и компоненты; Аксессуары и тюнинг,,,http://www.zmatc.com,,,https://interauto-mechanica-floorplans-2026.pages.dev/#154953-zhuji-zhongmai-auto-parts-co-ltd,154953-zhuji-zhongmai-auto-parts-co-ltd,Запчасти и компоненты; Аксессуары и тюнинг,interauto_floorplans_2026,partial_missing_fields,product_notes,2026-08-22T20:10:23Z,interavtomehanika-2026-signo-workbook-v1.0.1,,,,,,,,,,,,,,Иностранная компания (Китай); российское юрлицо не разыскивается.,нет,interautomechanica2026_deal_154953
ИнтерАвтоМеханика 2026,"ZOUPING ZHONGMING ENVIRONMENTAL PROTECTION TECHNOLOGY CO., LTD.","ZOUPING ZHONGMING ENVIRONMENTAL PROTECTION TECHNOLOGY CO., LTD.",Кузовной ремонт и лакокрасочные материалы,Китай,,,7-484,Зал 7,Кузовной ремонт и лакокрасочные материалы,"Наша компания является профессиональным предприятием по охране окружающей среды в области автомобильной выпечки, объединяющим исследования и разработки, производство и производство, продажу и установку, а также послепродажное обслуживание и техническое обслуживание. Она уже много лет занимается в индустрии покраски автомобильных листов, уделяя особое внимание предоставлению стандартизированных и индивидуальных интеллектуальных решений по покраске распылением для различных клиентов, таких как автомобильные магазины 4S, авторемонтные заводы, заводы по производству автомобилей, предприятия новых энергетических транспортных средств и т. д. Это источник покрасочного оборудования с высокой репутацией и силой в Китае.",,http://zmhb.1688.com,,,https://interauto-mechanica-floorplans-2026.pages.dev/#154680-zouping-zhongming-environmental-protection-technology-co-ltd,154680-zouping-zhongming-environmental-protection-technology-co-ltd,"Кузовной ремонт и лакокрасочные материалы | Наша компания является профессиональным предприятием по охране окружающей среды в области автомобильной выпечки, объединяющим исследования и разработки, производство и производство, продажу и установку, а также послепродажное обслуживание и техническое обслуживание. Она уже много лет занимается в индустрии покраски автомобильных листов, уделяя особое внимание предоставлению стандартизированных и индивидуальных интеллектуальных решений по покраске распылением для различных клиентов, таких как автомобильные магазины 4S, авторемонтные заводы, заводы по производству автомобилей, предприятия новых энергетических транспортных средств и т. д. Это источник покрасочного оборудования с высокой репутацией и силой в Китае.",interauto_floorplans_2026,ok,,2026-08-22T20:10:23Z,interavtomehanika-2026-signo-workbook-v1.0.1,,,,,,,,,,,,,,Иностранная компания (Китай); российское юрлицо не разыскивается.,нет,interautomechanica2026_deal_154680
ИнтерАвтоМеханика 2026,АБРАЗИВ-ТЕХНОЛОДЖИЗ ООО,АБРАЗИВ-ТЕХНОЛОДЖИЗ ООО,"Оборудование для диагностики, ремонта и восстановления; Смазочные материалы, технические жидкости и автохимия; Кузовной ремонт и лакокрасочные материалы",Россия,,,7-271,Зал 7,"Оборудование для диагностики, ремонта и восстановления; Смазочные материалы, технические жидкости и автохимия; Кузовной ремонт и лакокрасочные материалы",Компания ООО «Абразив—Технолоджиз» открыта в 2022 году в связи с реорганизацией ООО «Клингспор». Мы специализируемся на импорте и оптовых поставках высококачественных абразивных материалов. Оказываем техническую поддержку по профессиональному применению абразивной продукции. Наши специалисты помогут вам найти наилучшие решения для конкретных производственных задач.,,https://abrasive-technologies.ru/,,,https://interauto-mechanica-floorplans-2026.pages.dev/#153834-abraziv-tekhnolodzhiz-ooo,153834-abraziv-tekhnolodzhiz-ooo,"Оборудование для диагностики, ремонта и восстановления; Смазочные материалы, технические жидкости и автохимия; Кузовной ремонт и лакокрасочные материалы | Компания ООО «Абразив—Технолоджиз» открыта в 2022 году в связи с реорганизацией ООО «Клингспор». Мы специализируемся на импорте и оптовых поставках высококачественных абразивных материалов. Оказываем техническую поддержку по профессиональному применению абразивной продукции. Наши специалисты помогут вам найти наилучшие решения для конкретных производственных задач.",interauto_floorplans_2026,ok,,2026-08-22T20:10:23Z,interavtomehanika-2026-signo-workbook-v1.0.1,"ООО ""АБРАЗИВ-ТЕХНОЛОДЖИЗ""",5032343698,1225000078940,46.90,Торговля оптовая неспециализированная,Конников Виталий Владимирович,Генеральный директор,86.335,2025,2.96,2025,БО ФНС,high,,нет,interautomechanica2026_deal_153834
ИнтерАвтоМеханика 2026,АВТОАЛЬЯНС,АВТОАЛЬЯНС,"Запчасти и компоненты; Аккумуляторы и электроника; Шины и диски; Смазочные материалы, технические жидкости и автохимия; Гаражное оборудование",Россия,,,7-310,Зал 7,"Запчасти и компоненты; Аккумуляторы и электроника; Шины и диски; Смазочные материалы, технические жидкости и автохимия; Гаражное оборудование",,,https://www.autoopt.ru,,,https://interauto-mechanica-floorplans-2026.pages.dev/#158850-avtoalyans-ooo,158850-avtoalyans-ooo,"Запчасти и компоненты; Аккумуляторы и электроника; Шины и диски; Смазочные материалы, технические жидкости и автохимия; Гаражное оборудование",interauto_floorplans_2026,partial_missing_fields,product_notes,2026-08-22T20:10:23Z,interavtomehanika-2026-signo-workbook-v1.0.1,"ООО "" АВТОАЛЬЯНС """,7017332600,1137017012307,49.41,Деятельность автомобильного грузового транспорта,Тухватулина Лилия Ахатовна,Директор,,2024,,,БО ФНС,high,,нет,interautomechanica2026_deal_158850
ИнтерАвтоМеханика 2026,АВТОДИЗЕЛЬ (ЯМЗ) ПАО,АВТОДИЗЕЛЬ (ЯМЗ) ПАО,Запчасти и компоненты,Россия,,,7-270,Зал 7,Запчасти и компоненты,,,https://www.ymzmotor.ru/,,,https://interauto-mechanica-floorplans-2026.pages.dev/#153855-avtodizel-yamz-pao,153855-avtodizel-yamz-pao,Запчасти и компоненты,interauto_floorplans_2026,partial_missing_fields,product_notes,2026-08-22T20:10:23Z,interavtomehanika-2026-signo-workbook-v1.0.1,"ООО ""ТК"" АВТОДИЗЕЛЬ """,0411167060,1130411005449,52.29,"Деятельность вспомогательная прочая, связанная с перевозками",,,,2021,,,БО ФНС,high,,нет,interautomechanica2026_deal_153855
ИнтерАвтоМеханика 2026,Автокомпоненты,Автокомпоненты,,Россия,,,8-500,Зал 8,,"""Автокомпоненты"" – ведущий информационно-аналитический журнал для профессионалов автокомпонентной индустрии. Это первое в России издание, комплексно освещающее рынок: от дилерских сетей и сервисов до отечественного производства комплектующих. Ежемесячно журнал предоставляет актуальные маркетинговые данные, анализирует тенденции, выявляет проблемы в сфере СТО, дистрибуции и регулирования. Он служит не только мостом между производителями и потребителями, но и площадкой для обмена знаниями и мнениями среди директоров, технических специалистов и финансистов, формирующих этот рынок. Дополнительно, сайт a-kt.ru является одним из самых популярных ресурсов отрасли, предлагая свежие новости, статьи, интервью, аналитику и многое другое.",,https://a-kt.ru/,,,https://interauto-mechanica-floorplans-2026.pages.dev/#159831-avtokomponenty-zhurnal,159831-avtokomponenty-zhurnal,"""Автокомпоненты"" – ведущий информационно-аналитический журнал для профессионалов автокомпонентной индустрии. Это первое в России издание, комплексно освещающее рынок: от дилерских сетей и сервисов до отечественного производства комплектующих. Ежемесячно журнал предоставляет актуальные маркетинговые данные, анализирует тенденции, выявляет проблемы в сфере СТО, дистрибуции и регулирования. Он служит не только мостом между производителями и потребителями, но и площадкой для обмена знаниями и мнениями среди директоров, технических специалистов и финансистов, формирующих этот рынок. Дополнительно, сайт a-kt.ru является одним из самых популярных ресурсов отрасли, предлагая свежие новости, статьи, интервью, аналитику и многое другое.",interauto_floorplans_2026,ok,,2026-08-22T20:10:23Z,interavtomehanika-2026-signo-workbook-v1.0.1,"ООО "" АВТОКОМПОНЕНТЫ """,6321464140,1206300067192,47.91,Торговля розничная по почте или по информационно-коммуникационной сети Интернет,Кадиров Фарид Элчин Оглы,Генеральный директор,1.118,2022,0.007,2022,БО ФНС,high,,нет,interautomechanica2026_deal_159831
ИнтерАвтоМеханика 2026,АвтоМастерская - всё включено,АвтоМастерская - всё включено,"Оборудование для диагностики, ремонта и восстановления; Мойки и моечное оборудование; Аксессуары и тюнинг; Гаражное оборудование",Россия,,,7-540,Зал 7,"Оборудование для диагностики, ремонта и восстановления; Мойки и моечное оборудование; Аксессуары и тюнинг; Гаражное оборудование","Международная выставка автомобильной индустрии «ИнтерАвтоМеханика 2026» совместно с Техцентром «Автобыстро» и проектом «Надежный Автосервис» представляет новое событие «Автомастерская: всё включено» — это специальная демонстрационная зона, в рамках выставочной экспозиции, где на практике показываются услуги, которые может внедрить практически любой автосервис или автомойка. Концепция проекта Мы отбираем решения, которые: не требуют больших инвестиций не нуждаются в расширении штата не требуют значительных площадей легко внедряются в действующий бизнес При этом каждая из представленных услуг направлена на увеличение прибыли и среднего чека автосервиса.",,http://sto360.ru,,,https://interauto-mechanica-floorplans-2026.pages.dev/#158766-avtomasterskaya,158766-avtomasterskaya,"Оборудование для диагностики, ремонта и восстановления; Мойки и моечное оборудование; Аксессуары и тюнинг; Гаражное оборудование | Международная выставка автомобильной индустрии «ИнтерАвтоМеханика 2026» совместно с Техцентром «Автобыстро» и проектом «Надежный Автосервис» представляет новое событие «Автомастерская: всё включено» — это специальная демонстрационная зона, в рамках выставочной экспозиции, где на практике показываются услуги, которые может внедрить практически любой автосервис или автомойка. Концепция проекта Мы отбираем решения, которые: не требуют больших инвестиций не нуждаются в расширении штата не требуют значительных площадей легко внедряются в действующий бизнес При этом каждая из представленных услуг направлена на увеличение прибыли и среднего чека автосервиса.",interauto_floorplans_2026,ok,,2026-08-22T20:10:23Z,interavtomehanika-2026-signo-workbook-v1.0.1,ИП ВАГАНОВА ДАРЬЯ АНДРЕЕВНА,760415686948,323762700055871,,,ВАГАНОВА ДАРЬЯ АНДРЕЕВНА,Индивидуальный предприниматель,,,,,ЕГРЮЛ ФНС,high,,нет,interautomechanica2026_deal_158766
ИнтерАвтоМеханика 2026,АВТОРЕСУРС,АВТОРЕСУРС,,Россия,,,7-277,Зал 7,,,,,,,https://interauto-mechanica-floorplans-2026.pages.dev/#154071-avtoresurs,154071-avtoresurs,,interauto_floorplans_2026,partial_missing_fields,product_notes,2026-08-22T20:10:23Z,interavtomehanika-2026-signo-workbook-v1.0.1,"ООО "" АВТОРЕСУРС """,4027140980,1194027009417,45.31,"Торговля оптовая автомобильными деталями, узлами и принадлежностями",Барышев Михаил Михайлович,Генеральный директор,82.798,2021,-0.543,2021,БО ФНС,high,,нет,interautomechanica2026_deal_154071
ИнтерАвтоМеханика 2026,АВТОРУСЬ,АВТОРУСЬ,"Запчасти и компоненты; Аккумуляторы и электроника; Шины и диски; Смазочные материалы, технические жидкости и автохимия; Гаражное оборудование",Россия,,,8-460,Зал 8,"Запчасти и компоненты; Аккумуляторы и электроника; Шины и диски; Смазочные материалы, технические жидкости и автохимия; Гаражное оборудование","ГК АВТОРУСЬ — крупнейший дистрибьютор автозапчастей и автотоваров, который уже более 30 лет успешно объединяет оптовые, розничные и дилерские направления, работая по прямым контрактам с 600+ производителями. Компания обладает мощной инфраструктурой, включающей собственный автопарк, складской комплекс площадью 63 000+ кв.м с центральным складом в Москве и новым хабом в Ростове, 20 торгово-сервисных центров и 23 направления доставки по Европейской части РФ, поддерживая складской запас в 215 000 SKU и каталог из 17 млн позиций на b2b портале.",,https://b2b.autorus.ru/,,,https://interauto-mechanica-floorplans-2026.pages.dev/#154227-avtorus,154227-avtorus,"Запчасти и компоненты; Аккумуляторы и электроника; Шины и диски; Смазочные материалы, технические жидкости и автохимия; Гаражное оборудование | ГК АВТОРУСЬ — крупнейший дистрибьютор автозапчастей и автотоваров, который уже более 30 лет успешно объединяет оптовые, розничные и дилерские направления, работая по прямым контрактам с 600+ производителями. Компания обладает мощной инфраструктурой, включающей собственный автопарк, складской комплекс площадью 63 000+ кв.м с центральным складом в Москве и новым хабом в Ростове, 20 торгово-сервисных центров и 23 направления доставки по Европейской части РФ, поддерживая складской запас в 215 000 SKU и каталог из 17 млн позиций на b2b портале.",interauto_floorplans_2026,ok,,2026-08-22T20:10:23Z,interavtomehanika-2026-signo-workbook-v1.0.1,"ООО ""АВТОРУСЬ ЛОГИСТИКА""",7728187283,1027739825046,45.31.1,"Торговля оптовая автомобильными деталями, узлами и принадлежностями, кроме деятельности агентов",Габриелян Юрий Арамович,Генеральный директор,37811.069,2025,1740.777,2025,БО ФНС,high,,нет,interautomechanica2026_deal_154227
ИнтерАвтоМеханика 2026,АВТОХОЛЛ,АВТОХОЛЛ,"Оборудование для диагностики, ремонта и восстановления; Гаражное оборудование",Россия,,,7-225,Зал 7,"Оборудование для диагностики, ремонта и восстановления; Гаражное оборудование",,,http://www.autoholl.ru,,,https://interauto-mechanica-floorplans-2026.pages.dev/#153864-avtokholl,153864-avtokholl,"Оборудование для диагностики, ремонта и восстановления; Гаражное оборудование",interauto_floorplans_2026,partial_missing_fields,product_notes,2026-08-22T20:10:23Z,interavtomehanika-2026-signo-workbook-v1.0.1,"ООО ""АВТОХОЛЛ""",7736265231,1167746383419,45.31.2,"Деятельность агентов по оптовой торговле автомобильными деталями, узлами и принадлежностями",Деденков Сергей Николаевич,Генеральный директор,166.766,2025,1.652,2025,БО ФНС,high,,нет,interautomechanica2026_deal_153864
ИнтерАвтоМеханика 2026,АДР-ГРУПП,АДР-ГРУПП,Запчасти и компоненты,Россия,,,8-545,Зал 8,Запчасти и компоненты,Развивающаяся производственно-коммерческая организация. Специализируется на производстве колодок дискового и барабанного тормоза. Качество продукции соответствует международным стандартам. Производственный комплекс расположен в московской области по направлению М4. На предприятии работают высококвалифицированные специалисты.,,http://kolodka-adr.ru,,,https://interauto-mechanica-floorplans-2026.pages.dev/#153870-adr-grupp,153870-adr-grupp,Запчасти и компоненты | Развивающаяся производственно-коммерческая организация. Специализируется на производстве колодок дискового и барабанного тормоза. Качество продукции соответствует международным стандартам. Производственный комплекс расположен в московской области по направлению М4. На предприятии работают высококвалифицированные специалисты.,interauto_floorplans_2026,ok,,2026-08-22T20:10:23Z,interavtomehanika-2026-signo-workbook-v1.0.1,"ООО "" АДР ГРУПП """,6670401129,1136670007671,73.1,Деятельность рекламная,Ковальчук Михаил Владимирович,Генеральный директор,92.523,2025,0.947,2025,БО ФНС,high,,нет,interautomechanica2026_deal_153870
ИнтерАвтоМеханика 2026,АЛФИ ПАРТС ООО,АЛФИ ПАРТС ООО,Запчасти и компоненты,Россия,,,8-100,Зал 8,Запчасти и компоненты,"ООО «АЛФИ ПАРТС» — российская оптовая компания, специализирующаяся на поставках и продаже автозапчастей, свечей зажигания и щёток стеклоочистителя для легкового и коммерческого транспорта. Компания является производителем и официальным импортёром продукции на территорию Российской Федерации под брендами ALFIparts, MS-MARSHAL и AIDO. Ассортимент компании включает широкий спектр востребованных автокомпонентов, отвечающих современным требованиям рынка по качеству, надёжности и доступности. ООО «АЛФИ ПАРТС» активно развивает дилерскую сеть, сотрудничает с оптовыми компаниями, автомагазинами и станциями технического обслуживания по всей России, обеспечивая партнёров качественной продукцией, маркетинговой поддержкой и профессиональным сопровождением.",,https://alfi.parts,,,https://interauto-mechanica-floorplans-2026.pages.dev/#153873-alfi-parts-ooo,153873-alfi-parts-ooo,"Запчасти и компоненты | ООО «АЛФИ ПАРТС» — российская оптовая компания, специализирующаяся на поставках и продаже автозапчастей, свечей зажигания и щёток стеклоочистителя для легкового и коммерческого транспорта. Компания является производителем и официальным импортёром продукции на территорию Российской Федерации под брендами ALFIparts, MS-MARSHAL и AIDO. Ассортимент компании включает широкий спектр востребованных автокомпонентов, отвечающих современным требованиям рынка по качеству, надёжности и доступности. ООО «АЛФИ ПАРТС» активно развивает дилерскую сеть, сотрудничает с оптовыми компаниями, автомагазинами и станциями технического обслуживания по всей России, обеспечивая партнёров качественной продукцией, маркетинговой поддержкой и профессиональным сопровождением.",interauto_floorplans_2026,ok,,2026-08-22T20:10:23Z,interavtomehanika-2026-signo-workbook-v1.0.1,"ООО "" АЛФИ ПАРТС """,5405053190,1205400013521,45.31,"Торговля оптовая автомобильными деталями, узлами и принадлежностями",Любченко Антон Игоревич,Директор,22.063,2025,-7.923,2025,БО ФНС,high,,нет,interautomechanica2026_deal_153873
ИнтерАвтоМеханика 2026,АЛЬФА АВТО,АЛЬФА АВТО,Запчасти и компоненты,Россия,,,7-415,Зал 7,Запчасти и компоненты,,,https://alfaavto-com.ru/,,,https://interauto-mechanica-floorplans-2026.pages.dev/#153876-alfa-avto,153876-alfa-avto,Запчасти и компоненты,interauto_floorplans_2026,partial_missing_fields,product_notes,2026-08-22T20:10:23Z,interavtomehanika-2026-signo-workbook-v1.0.1,"ООО ""АЛЬФА АВТО""",5401353796,1125476001045,63.11.1,Деятельность по созданию и использованию баз данных и информационных ресурсов,Владимирова Оксана Ивановна,Директор,39.339,2025,0.683,2025,БО ФНС,high,,нет,interautomechanica2026_deal_153876
ИнтерАвтоМеханика 2026,Альфа-Банк,Альфа-Банк,,Россия,,,8-601,Зал 8,,"Альфа-Банк — универсальный банк для любого бизнеса. Тысячи предпринимателей из разных сфер уже развивают своё дело с нашими готовыми отраслевыми решениями. Мы тщательно подбираем сервисы и услуги под особенности отрасли, чтобы обеспечить рост и развитие вашего бизнеса на каждом этапе.",,https://alfabank.ru/,,,https://interauto-mechanica-floorplans-2026.pages.dev/#159303-alfa-bank,159303-alfa-bank,"Альфа-Банк — универсальный банк для любого бизнеса. Тысячи предпринимателей из разных сфер уже развивают своё дело с нашими готовыми отраслевыми решениями. Мы тщательно подбираем сервисы и услуги под особенности отрасли, чтобы обеспечить рост и развитие вашего бизнеса на каждом этапе.",interauto_floorplans_2026,ok,,2026-08-22T20:10:23Z,interavtomehanika-2026-signo-workbook-v1.0.1,"АКЦИОНЕРНОЕ ОБЩЕСТВО ""АЛЬФА-БАНК""",7728168971,1027700067328,64.19,Денежное посредничество прочее,Соколов Андрей Борисович,Председатель правления,,,,,ЕГРЮЛ ФНС,high,,нет,interautomechanica2026_deal_159303
ИнтерАвтоМеханика 2026,АМ Точка ТД ООО,АМ Точка ТД ООО,Запчасти и компоненты,Россия,,,8-330,Зал 8,Запчасти и компоненты,"AM POINT/АМ Точка – новое имя российского подразделения компании MAHLE, которая представлена на рынке более века. Компания унаследовала опыт и компетенции, накопленные с момента открытия в 2014 году логистического центра и старта продаж продукции для рынка РФ и РБ. Под брендом AM POINT производится широкий ассортимент продукции для ремонта и обслуживания легковых и грузовых автомобилей любой марки. Наша цель – всегда быть рядом с автопроизводителями, их клиентами и участниками рынка запасных частей. Поэтому сегодня компания производит свою продукцию в разных странах мира. При этом не упуская из виду самую важную деталь: независимо от того какая страна-производитель указана на упаковке, внутри неё Вы всегда найдёте 100% качество от AM POINT.",,https://ampoint.pro/,,,https://interauto-mechanica-floorplans-2026.pages.dev/#154029-am-tochka-td-ooo,154029-am-tochka-td-ooo,"Запчасти и компоненты | AM POINT/АМ Точка – новое имя российского подразделения компании MAHLE, которая представлена на рынке более века. Компания унаследовала опыт и компетенции, накопленные с момента открытия в 2014 году логистического центра и старта продаж продукции для рынка РФ и РБ. Под брендом AM POINT производится широкий ассортимент продукции для ремонта и обслуживания легковых и грузовых автомобилей любой марки. Наша цель – всегда быть рядом с автопроизводителями, их клиентами и участниками рынка запасных частей. Поэтому сегодня компания производит свою продукцию в разных странах мира. При этом не упуская из виду самую важную деталь: независимо от того какая страна-производитель указана на упаковке, внутри неё Вы всегда найдёте 100% качество от AM POINT.",interauto_floorplans_2026,ok,,2026-08-22T20:10:23Z,interavtomehanika-2026-signo-workbook-v1.0.1,АМ ТОЧКА ТД ООО,,,,,,,,,,,,,Надежное российское юрлицо не найдено.,нет,interautomechanica2026_deal_154029
ИнтерАвтоМеханика 2026,Амтел,Амтел,,Россия,,,8-350,Зал 8,,,,https://amtel.club/,,,https://interauto-mechanica-floorplans-2026.pages.dev/#154233-amtel,154233-amtel,,interauto_floorplans_2026,partial_missing_fields,product_notes,2026-08-22T20:10:23Z,interavtomehanika-2026-signo-workbook-v1.0.1,"ООО "" АМТЕЛ """,7703422810,1177746090400,56.29,Деятельность предприятий общественного питания по прочим видам организации питания,Кобесова Нино Давидовна,Генеральный директор,,2025,-0.034,2025,БО ФНС,high,,нет,interautomechanica2026_deal_154233
ИнтерАвтоМеханика 2026,АПГ,АПГ,,Россия,,,8-122,Зал 8,,,,http://www.autoglushitel.com,,,https://interauto-mechanica-floorplans-2026.pages.dev/#153879-apg,153879-apg,,interauto_floorplans_2026,partial_missing_fields,product_notes,2026-08-22T20:10:23Z,interavtomehanika-2026-signo-workbook-v1.0.1,"ООО "" АПГ """,7841320227,1057811945400,78.30,Прочая деятельность по обеспечению трудовыми ресурсами,Давыдов Андрей Борисович,Генеральный директор,0.05,2024,-0.002,2024,БО ФНС,high,,нет,interautomechanica2026_deal_153879
ИнтерАвтоМеханика 2026,АТЦ на Каширке ООО,АТЦ на Каширке ООО,,Россия,,,8-235,Зал 8,,,,,,,https://interauto-mechanica-floorplans-2026.pages.dev/#159339-atts-na-kashirke-ooo,159339-atts-na-kashirke-ooo,,interauto_floorplans_2026,partial_missing_fields,product_notes,2026-08-22T20:10:23Z,interavtomehanika-2026-signo-workbook-v1.0.1,"ООО "" АТЦ НА КАШИРКЕ """,7724309886,1157746220180,68.20.21,"Аренда и управление собственным или арендованным нежилым недвижимым имуществом, кроме гаражей",Изотов Алексей Алексеевич,Генеральный директор,494.585,2025,-318.342,2025,БО ФНС,high,,нет,interautomechanica2026_deal_159339
ИнтерАвтоМеханика 2026,Байкал Экспресс,Байкал Экспресс,,Россия,,,7-416,Зал 7,,,,https://baikalasia.ru,,,https://interauto-mechanica-floorplans-2026.pages.dev/#153882-bajkal-ekspress-sinoros,153882-bajkal-ekspress-sinoros,,interauto_floorplans_2026,partial_missing_fields,product_notes,2026-08-22T20:10:23Z,interavtomehanika-2026-signo-workbook-v1.0.1,"ООО ""БАЙКАЛ ЭКСПРЕСС""",0323402885,1170327014318,49.41,Деятельность автомобильного грузового транспорта,Балданов Санже Дашидоржиевич,Генеральный директор,113.279,2025,5.705,2025,БО ФНС,high,,нет,interautomechanica2026_deal_153882
ИнтерАвтоМеханика 2026,БАУТЛЕР,БАУТЛЕР,Запчасти и компоненты,Россия,,,8-335,Зал 8,Запчасти и компоненты,"ООО «Баутлер» является официальным эксклюзивным представителем компании BAUTLER INDUSTRIES Ltd., Великобритания. На российском рынке в настоящий момент компанией предлагаются запчасти для ВАЗ, ГАЗ, УАЗ, АЗЛК, ИЖ, КАМАЗ и другие отечественные модели: детали системы охлаждения, детали трансмиссии в т.ч. подшипники и ремкопмлекты, прокладки, ремни ГРМ и приводные ремни, в т.ч. на грузовые автомобили, в/в провода, датчики, электровентиляторы. Перечень поставляемой продукции постоянно расширяется. На всю продукцию под маркой «BAUTLER» предоставляется гарантия, весь товар сертифицирован на территории таможенного союза.",,http://www.bautler.ru,,,https://interauto-mechanica-floorplans-2026.pages.dev/#153885-btl-grupp,153885-btl-grupp,"Запчасти и компоненты | ООО «Баутлер» является официальным эксклюзивным представителем компании BAUTLER INDUSTRIES Ltd., Великобритания. На российском рынке в настоящий момент компанией предлагаются запчасти для ВАЗ, ГАЗ, УАЗ, АЗЛК, ИЖ, КАМАЗ и другие отечественные модели: детали системы охлаждения, детали трансмиссии в т.ч. подшипники и ремкопмлекты, прокладки, ремни ГРМ и приводные ремни, в т.ч. на грузовые автомобили, в/в провода, датчики, электровентиляторы. Перечень поставляемой продукции постоянно расширяется. На всю продукцию под маркой «BAUTLER» предоставляется гарантия, весь товар сертифицирован на территории таможенного союза.",interauto_floorplans_2026,ok,,2026-08-22T20:10:23Z,interavtomehanika-2026-signo-workbook-v1.0.1,"ООО "" БАУТЛЕР """,7718541344,1057746408455,46.90,Торговля оптовая неспециализированная,Одров Владислав Владимирович,Генеральный директор,,2025,3.948,2025,БО ФНС,high,,нет,interautomechanica2026_deal_153885
ИнтерАвтоМеханика 2026,ВАТИ-АВТО | ФРИТЕКС | УРАЛАТИ | ЗТМ,ВАТИ-АВТО | ФРИТЕКС | УРАЛАТИ | ЗТМ,Запчасти и компоненты,Россия,,,8-120,Зал 8,Запчасти и компоненты,"Есть сила, без которой даже самый мощный автомобиль не тронется с места, не сможет разогнаться, повернуть или затормозить. Сила, которая позволяет передавать энергию от одних движущихся механизмов к другим. Это сила трения. Она является ключевым фактором движения. Инженеры и сотрудники наших предприятий создают передовые технологические решения для эффективного, безопасного и надежного движения людей, машин и потоков энергии. Российский промышленный центр инженерных инноваций и крупносерийного производства фрикционных, уплотнительных и текстильных материалов и узлов для транспорта, промышленности и строительства. Мы создаем идеи и технологии для устойчивого движения.",,https://www.fritex.ru/,,,https://interauto-mechanica-floorplans-2026.pages.dev/#153888-vati-avto,153888-vati-avto,"Запчасти и компоненты | Есть сила, без которой даже самый мощный автомобиль не тронется с места, не сможет разогнаться, повернуть или затормозить. Сила, которая позволяет передавать энергию от одних движущихся механизмов к другим. Это сила трения. Она является ключевым фактором движения. Инженеры и сотрудники наших предприятий создают передовые технологические решения для эффективного, безопасного и надежного движения людей, машин и потоков энергии. Российский промышленный центр инженерных инноваций и крупносерийного производства фрикционных, уплотнительных и текстильных материалов и узлов для транспорта, промышленности и строительства. Мы создаем идеи и технологии для устойчивого движения.",interauto_floorplans_2026,ok,,2026-08-22T20:10:23Z,interavtomehanika-2026-signo-workbook-v1.0.1,"ГК "" МОСКВИЧ """,2355016910,1032330763046,52.21.24,Эксплуатация автомобильных стоянок и гаражей,Щербинин Иван Николаевич,Председатель,,2025,,,БО ФНС,high,,нет,interautomechanica2026_deal_153888
ИнтерАвтоМеханика 2026,ВЕРА ООО,ВЕРА ООО,"Смазочные материалы, технические жидкости и автохимия",Россия,,,8-225,Зал 8,"Смазочные материалы, технические жидкости и автохимия",,,http://www.frescura-chem.ru,,,https://interauto-mechanica-floorplans-2026.pages.dev/#153891-vera-ooo,153891-vera-ooo,"Смазочные материалы, технические жидкости и автохимия",interauto_floorplans_2026,partial_missing_fields,product_notes,2026-08-22T20:10:23Z,interavtomehanika-2026-signo-workbook-v1.0.1,"ГК "" ВЕРА """,5001023970,1035000700151,52.21.24,Эксплуатация автомобильных стоянок и гаражей,"Воробьев Виктор Анатольевич, ПРЕДСЕДАТЕЛЬ ПРАВЛЕНИЯ: Тарасов Владимир Вячеславович, БУХГАЛТЕР: Воробьева Людмила Петровна",Зам. председателя,,2025,0.0,2025,БО ФНС,high,,нет,interautomechanica2026_deal_153891
ИнтерАвтоМеханика 2026,ВОЛГОПРОМТРАНС,ВОЛГОПРОМТРАНС,,Россия,,,7-450.1,Зал 7,,,,http://volgopromtrans.ru,,,https://interauto-mechanica-floorplans-2026.pages.dev/#154623-volgopromtrans,154623-volgopromtrans,,interauto_floorplans_2026,partial_missing_fields,product_notes,2026-08-22T20:10:23Z,interavtomehanika-2026-signo-workbook-v1.0.1,,,,,,,,,,,,,,Надежное российское юрлицо не найдено.,нет,interautomechanica2026_deal_154623
ИнтерАвтоМеханика 2026,ВОЛЕКС,ВОЛЕКС,"Оборудование для диагностики, ремонта и восстановления",Россия,,,7-323,Зал 7,"Оборудование для диагностики, ремонта и восстановления",,,http://www.voleks.com,,,https://interauto-mechanica-floorplans-2026.pages.dev/#153897-voleks,153897-voleks,"Оборудование для диагностики, ремонта и восстановления",interauto_floorplans_2026,partial_missing_fields,product_notes,2026-08-22T20:10:23Z,interavtomehanika-2026-signo-workbook-v1.0.1,"ООО "" ВОЛЕКС """,7707524890,1047796603458,46.90,Торговля оптовая неспециализированная,Филиппов Алексей Владимирович,Генеральный директор,300.674,2025,35.573,2025,БО ФНС,high,,нет,interautomechanica2026_deal_153897
ИнтерАвтоМеханика 2026,ВОЛЬТАЖ,ВОЛЬТАЖ,Запчасти и компоненты,Россия,,,8-450,Зал 8,Запчасти и компоненты,"Компания Вольтаж – крупнейший поставщик запчастей и официальный дистрибьютор немецкого концерна Motorherz GmbH Компания более двадцати лет занимается продажей стартеров, генераторов, бензонасосов, турбин, рулевых реек, насосов ГУР/ЭГУР, комплектующих и других автозапчастей оптом и в розницу.",,https://voltag.ru/,,,https://interauto-mechanica-floorplans-2026.pages.dev/#158736-voltazh,158736-voltazh,"Запчасти и компоненты | Компания Вольтаж – крупнейший поставщик запчастей и официальный дистрибьютор немецкого концерна Motorherz GmbH Компания более двадцати лет занимается продажей стартеров, генераторов, бензонасосов, турбин, рулевых реек, насосов ГУР/ЭГУР, комплектующих и других автозапчастей оптом и в розницу.",interauto_floorplans_2026,ok,,2026-08-22T20:10:23Z,interavtomehanika-2026-signo-workbook-v1.0.1,"ООО "" ВОЛЬТАЖ """,7455029334,1177456026296,41.20,Строительство жилых и нежилых зданий,Волков Кирилл Анатольевич,Директор,,2025,0.0,2025,БО ФНС,high,,нет,interautomechanica2026_deal_158736
ИнтерАвтоМеханика 2026,ГЛИКОЛИ.РУ ООО,ГЛИКОЛИ.РУ ООО,"Смазочные материалы, технические жидкости и автохимия",Россия,,,8-421,Зал 8,"Смазочные материалы, технические жидкости и автохимия",,,https://,,,https://interauto-mechanica-floorplans-2026.pages.dev/#154137-glikoli-ru-ooo,154137-glikoli-ru-ooo,"Смазочные материалы, технические жидкости и автохимия",interauto_floorplans_2026,partial_missing_fields,product_notes,2026-08-22T20:10:23Z,interavtomehanika-2026-signo-workbook-v1.0.1,"ООО "" ГЛИКОЛИ .РУ""",5257151593,1155257004715,46.75.2,Торговля оптовая химическими продуктами прочая,Егорычев Алексей Вячеславович,Директор,777.105,2025,1.828,2025,БО ФНС,high,,нет,interautomechanica2026_deal_154137
ИнтерАвтоМеханика 2026,"ГТС, ООО","ГТС, ООО",Запчасти и компоненты,Россия,,,8-450,Зал 8,Запчасти и компоненты,Компания является импортером автомобильных запасных частей и компонентов,,,,,https://interauto-mechanica-floorplans-2026.pages.dev/#158739-jp-group,158739-jp-group,Запчасти и компоненты | Компания является импортером автомобильных запасных частей и компонентов,interauto_floorplans_2026,ok,,2026-08-22T20:10:23Z,interavtomehanika-2026-signo-workbook-v1.0.1,"АО "" ГТС """,7825104885,1057808231062,25.11,"Производство строительных металлических конструкций, изделий и их частей",Васильев Тарас Валерьевич,Генеральный директор,3.389,2025,0.073,2025,БО ФНС,high,,нет,interautomechanica2026_deal_158739
ИнтерАвтоМеханика 2026,ДБС (Ди-Зел),ДБС (Ди-Зел),,Россия,,,7-345,Зал 7,,,,,,,https://interauto-mechanica-floorplans-2026.pages.dev/#153900-dbs-di-zel,153900-dbs-di-zel,,interauto_floorplans_2026,partial_missing_fields,product_notes,2026-08-22T20:10:23Z,interavtomehanika-2026-signo-workbook-v1.0.1,"ООО ""ДИ- ЗЕЛ """,7735529393,5077746563978,46.90,Торговля оптовая неспециализированная,Лошин Андрей Алексеевич,Генеральный директор,7.761,2025,0.052,2025,БО ФНС,high,,нет,interautomechanica2026_deal_153900
ИнтерАвтоМеханика 2026,ДЕЛО ООО,ДЕЛО ООО,"Смазочные материалы, технические жидкости и автохимия",Россия,,,8-410,Зал 8,"Смазочные материалы, технические жидкости и автохимия",,,https://r-seiken.ru/,,,https://interauto-mechanica-floorplans-2026.pages.dev/#153903-delo-ooo,153903-delo-ooo,"Смазочные материалы, технические жидкости и автохимия",interauto_floorplans_2026,partial_missing_fields,product_notes,2026-08-22T20:10:23Z,interavtomehanika-2026-signo-workbook-v1.0.1,"ПК "" ДЕЛО """,0107037645,1210100001726,94.99,"Деятельность прочих общественных организаций, не включенных в другие группировки",Шхашемишев Амир Замирович,Председатель,,2025,,,БО ФНС,high,,нет,interautomechanica2026_deal_153903
ИнтерАвтоМеханика 2026,ДЖИ ЭН ВИ ОЙЛ ГРУПП ООО,ДЖИ ЭН ВИ ОЙЛ ГРУПП ООО,"Смазочные материалы, технические жидкости и автохимия",Россия,,,8-320,Зал 8,"Смазочные материалы, технические жидкости и автохимия",,,https://gnvoil.ru,,,https://interauto-mechanica-floorplans-2026.pages.dev/#153909-dzhi-en-vi-ojl-grupp-ooo,153909-dzhi-en-vi-ojl-grupp-ooo,"Смазочные материалы, технические жидкости и автохимия",interauto_floorplans_2026,partial_missing_fields,product_notes,2026-08-22T20:10:23Z,interavtomehanika-2026-signo-workbook-v1.0.1,"ООО "" ДЖИ ЭН ВИ ОЙЛ ГРУПП """,7726726469,1137746647983,46.71,"Торговля оптовая твердым, жидким и газообразным топливом и подобными продуктами","Кандидов Валентин Феликсович, ДИРЕКТОР: Макаревич Татьяна Владимировна",Генеральный директор,2035.099,2025,174.944,2025,БО ФНС,high,,нет,interautomechanica2026_deal_153909
ИнтерАвтоМеханика 2026,ДИЗЕЛЬЛЭНД ООО,ДИЗЕЛЬЛЭНД ООО,"Оборудование для диагностики, ремонта и восстановления",Россия,,,7-235,Зал 7,"Оборудование для диагностики, ремонта и восстановления","Компания Dieselland специализируется на производстве диагностического, испытательного и ремонтного оборудования для различной дизельной топливной аппаратуры устанавливаемой как на легковых ,так и на грузовых автомобилях, а так же на сельскохозяйственной технике. Предприятие разрабатывает и производит испытательное оборудование для дизельных топливных систем таких как: Common rail (CDI,HDI…); насос-форсунок (UIS,UPS), включая системы таких производителей как: Bosch, Delphi, Denso, Siemens, Cummins, Detroit, Catterpillar; классических топливных систем для рядных и роторных ТНВД (PE, VE, VR, VP) BOSCH.",,https://dieselland.ru/,,,https://interauto-mechanica-floorplans-2026.pages.dev/#153918-dizellend-ooo,153918-dizellend-ooo,"Оборудование для диагностики, ремонта и восстановления | Компания Dieselland специализируется на производстве диагностического, испытательного и ремонтного оборудования для различной дизельной топливной аппаратуры устанавливаемой как на легковых ,так и на грузовых автомобилях, а так же на сельскохозяйственной технике. Предприятие разрабатывает и производит испытательное оборудование для дизельных топливных систем таких как: Common rail (CDI,HDI…); насос-форсунок (UIS,UPS), включая системы таких производителей как: Bosch, Delphi, Denso, Siemens, Cummins, Detroit, Catterpillar; классических топливных систем для рядных и роторных ТНВД (PE, VE, VR, VP) BOSCH.",interauto_floorplans_2026,ok,,2026-08-22T20:10:23Z,interavtomehanika-2026-signo-workbook-v1.0.1,"ООО "" ДИЗЕЛЬЛЭНД """,6732117914,1166733050142,25.62,Обработка металлических изделий механическая,Андросов Сергей Николаевич,Директор,51.05,2025,3.2,2025,БО ФНС,high,,нет,interautomechanica2026_deal_153918
ИнтерАвтоМеханика 2026,Журнал ДВИЖОК,Журнал ДВИЖОК,"Запчасти и компоненты; Аккумуляторы и электроника; Шины и диски; Смазочные материалы, технические жидкости и автохимия; Аксессуары и тюнинг",Россия,,,8-521,Зал 8,"Запчасти и компоненты; Аккумуляторы и электроника; Шины и диски; Смазочные материалы, технические жидкости и автохимия; Аксессуары и тюнинг","«Движок» – ежемесячный автомобильный журнал и интернет-портал для экспертов автомобильной индустрии и всех, кто интересуется автомобилями, запчастями для них и всем, что связано с послепродажным обслуживанием машин. В журнале и на сайте вы найдете все, что нужно знать о текущих тенденциях на рынках автомобилей, автокомпонентов, аксессуаров и гаджетов. Кроме того, у нас вы прочитаете интервью с руководителями компаний – производителей и дистрибьюторов запчастей и компонентов, работающих в России. Мы тестируем автомобили и проводим сравнительные испытания автозапчастей, аксессуаров и гаджетов.",,https://dvizhok.su/,,,https://interauto-mechanica-floorplans-2026.pages.dev/#159972-zhurnal-dvizhok,159972-zhurnal-dvizhok,"Запчасти и компоненты; Аккумуляторы и электроника; Шины и диски; Смазочные материалы, технические жидкости и автохимия; Аксессуары и тюнинг | «Движок» – ежемесячный автомобильный журнал и интернет-портал для экспертов автомобильной индустрии и всех, кто интересуется автомобилями, запчастями для них и всем, что связано с послепродажным обслуживанием машин. В журнале и на сайте вы найдете все, что нужно знать о текущих тенденциях на рынках автомобилей, автокомпонентов, аксессуаров и гаджетов. Кроме того, у нас вы прочитаете интервью с руководителями компаний – производителей и дистрибьюторов запчастей и компонентов, работающих в России. Мы тестируем автомобили и проводим сравнительные испытания автозапчастей, аксессуаров и гаджетов.",interauto_floorplans_2026,ok,,2026-08-22T20:10:23Z,interavtomehanika-2026-signo-workbook-v1.0.1,"ООО "" КВС - МЕДИА """,7838473618,1127847178953,58.14,Издание журналов и периодических изданий,Силков Константин Валентинович,Генеральный директор,26.232,2025,2.275,2025,БО ФНС,high,,нет,interautomechanica2026_deal_159972
ИнтерАвтоМеханика 2026,ЗА РУЛЕМ ООО,ЗА РУЛЕМ ООО,,Россия,,,7-150,Зал 7,,,,https://www.zr.ru/,,,https://interauto-mechanica-floorplans-2026.pages.dev/#158781-za-rulem,158781-za-rulem,,interauto_floorplans_2026,partial_missing_fields,product_notes,2026-08-22T20:10:23Z,interavtomehanika-2026-signo-workbook-v1.0.1,"ПК ""ЗА РУЛЕМ """,2457008041,1022401629348,43.21,Производство электромонтажных работ,Дорофеев Александр Юрьевич,Председатель,0.0,2023,0.0,2023,БО ФНС,high,,нет,interautomechanica2026_deal_158781
ИнтерАвтоМеханика 2026,ЗАВОД ПРОСТАВОК ZUZ,ЗАВОД ПРОСТАВОК ZUZ,Шины и диски; Аксессуары и тюнинг,Россия,,,8-109,Зал 8,Шины и диски; Аксессуары и тюнинг,,,https://zavodprostavok.ru/,,,https://interauto-mechanica-floorplans-2026.pages.dev/#153960-melnikova-a-yu-ip-zuz,153960-melnikova-a-yu-ip-zuz,Шины и диски; Аксессуары и тюнинг,interauto_floorplans_2026,partial_missing_fields,product_notes,2026-08-22T20:10:23Z,interavtomehanika-2026-signo-workbook-v1.0.1,ИП МЕЛЬНИКОВ ЕВГЕНИЙ ВИТАЛЬЕВИЧ,740400558193,323745600169550,,,МЕЛЬНИКОВ ЕВГЕНИЙ ВИТАЛЬЕВИЧ,Индивидуальный предприниматель,,,,,ЕГРЮЛ ФНС,high,,нет,interautomechanica2026_deal_153960
ИнтерАвтоМеханика 2026,ЗМБ АВТО ООО,ЗМБ АВТО ООО,Запчасти и компоненты; Аксессуары и тюнинг,Китай,,,8-125,Зал 8,Запчасти и компоненты; Аксессуары и тюнинг,,,http://zmb.ru,,,https://interauto-mechanica-floorplans-2026.pages.dev/#153921-zmb-avto-ooo,153921-zmb-avto-ooo,Запчасти и компоненты; Аксессуары и тюнинг,interauto_floorplans_2026,partial_missing_fields,product_notes,2026-08-22T20:10:23Z,interavtomehanika-2026-signo-workbook-v1.0.1,,,,,,,,,,,,,,Иностранная компания (Китай); российское юрлицо не разыскивается.,нет,interautomechanica2026_deal_153921
ИнтерАвтоМеханика 2026,ЗОЛОТОЙ ЛОТОС,ЗОЛОТОЙ ЛОТОС,,Россия,,,8-524,Зал 8,,,,,,,https://interauto-mechanica-floorplans-2026.pages.dev/#153924-zolotoj-lotos-ooo,153924-zolotoj-lotos-ooo,,interauto_floorplans_2026,partial_missing_fields,product_notes,2026-08-22T20:10:23Z,interavtomehanika-2026-signo-workbook-v1.0.1,"ООО "" ЗОЛОТОЙ ЛОТОС """,9701193558,1227700002947,68.10.23,Покупка и продажа собственного нежилого недвижимого имущества,Пенков Алексей Иванович,Генеральный директор,,2023,0.0,2023,БО ФНС,high,,нет,interautomechanica2026_deal_153924
ИнтерАвтоМеханика 2026,КАМАЗ центр АвтоАльянс,КАМАЗ центр АвтоАльянс,"Запчасти и компоненты; Оборудование для диагностики, ремонта и восстановления",Россия,,,7-310,Зал 7,"Запчасти и компоненты; Оборудование для диагностики, ремонта и восстановления",,,https://www.kamazopt.ru,,,https://interauto-mechanica-floorplans-2026.pages.dev/#158859-kamaz,158859-kamaz,"Запчасти и компоненты; Оборудование для диагностики, ремонта и восстановления",interauto_floorplans_2026,partial_missing_fields,product_notes,2026-08-22T20:10:23Z,interavtomehanika-2026-signo-workbook-v1.0.1,"ПК""КАМАЗ""",8904027280,1128904002810,,,,,,,,,ЕГРЮЛ ФНС,high,,нет,interautomechanica2026_deal_158859
ИнтерАвтоМеханика 2026,Карвиль,Карвиль,,Россия,,,8-370,Зал 8,,,,http://www.carville.ru,,,https://interauto-mechanica-floorplans-2026.pages.dev/#154245-karvil,154245-karvil,,interauto_floorplans_2026,partial_missing_fields,product_notes,2026-08-22T20:10:23Z,interavtomehanika-2026-signo-workbook-v1.0.1,"ООО "" ЭРЛАЙН """,0541029310,1020502523580,61.10,Деятельность в области связи на базе проводных технологий,Аюбов Гусейн Эхадович,Директор,95.698,2025,0.272,2025,БО ФНС,high,,нет,interautomechanica2026_deal_154245
ИнтерАвтоМеханика 2026,ККМ,ККМ,"Смазочные материалы, технические жидкости и автохимия",Россия,,,7-231,Зал 7,"Смазочные материалы, технические жидкости и автохимия",,,http://tosolnn.ru,,,https://interauto-mechanica-floorplans-2026.pages.dev/#153930-kkm,153930-kkm,"Смазочные материалы, технические жидкости и автохимия",interauto_floorplans_2026,partial_missing_fields,product_notes,2026-08-22T20:10:23Z,interavtomehanika-2026-signo-workbook-v1.0.1,"ГК "" ДРУЖБА """,2205004200,1032201690564,52.21.24,Эксплуатация автомобильных стоянок и гаражей,Михайлов Михаил Николаевич,Председатель,,2022,,,БО ФНС,high,,нет,interautomechanica2026_deal_153930
ИнтерАвтоМеханика 2026,Компания АвтоДилер,Компания АвтоДилер,,Россия,,,8-450,Зал 8,,"«АвтоДилер» создает профессиональный софт для автобизнеса и входит в число лидеров отрасли с базой свыше 10 000 клиентов. Ключевое решение — «АвтоДилер Онлайн» — позволяет полностью контролировать автосервис в едином окне: расчет стоимости ремонта, CRM-сделки, чаты с клиентами, планирование загрузки СТО, склад и расчет зарплат. Все процессы оцифрованы, чтобы вы могли управлять бизнесом из любой точки.",,https://autodealer.ru,,,https://interauto-mechanica-floorplans-2026.pages.dev/#158730-kompaniya-avtodiler,158730-kompaniya-avtodiler,"«АвтоДилер» создает профессиональный софт для автобизнеса и входит в число лидеров отрасли с базой свыше 10 000 клиентов. Ключевое решение — «АвтоДилер Онлайн» — позволяет полностью контролировать автосервис в едином окне: расчет стоимости ремонта, CRM-сделки, чаты с клиентами, планирование загрузки СТО, склад и расчет зарплат. Все процессы оцифрованы, чтобы вы могли управлять бизнесом из любой точки.",interauto_floorplans_2026,ok,,2026-08-22T20:10:23Z,interavtomehanika-2026-signo-workbook-v1.0.1,"ООО ""КОМПАНИЯ АВТОДИЛЕР""",6662127289,1026605420687,62.01,Разработка компьютерного программного обеспечения,Изгагин Сергей Викторович,Директор,273.658,2025,65.4,2025,БО ФНС,high,,нет,interautomechanica2026_deal_158730
ИнтерАвтоМеханика 2026,КОСТРОМСКОЕ ПРЕДПРИЯТИЕ АВТОФИЛЬТР ООО,КОСТРОМСКОЕ ПРЕДПРИЯТИЕ АВТОФИЛЬТР ООО,Запчасти и компоненты,Россия,,,8-230,Зал 8,Запчасти и компоненты,,,http://afilter.ru,,,https://interauto-mechanica-floorplans-2026.pages.dev/#153933-kostromskoe-predpriyatie-avtofiltr-ooo,153933-kostromskoe-predpriyatie-avtofiltr-ooo,Запчасти и компоненты,interauto_floorplans_2026,partial_missing_fields,product_notes,2026-08-22T20:10:23Z,interavtomehanika-2026-signo-workbook-v1.0.1,"ООО ""КОСТРОМСКОЕ ПРЕДПРИЯТИЕ ""АВТОФИЛЬТР """,4442015755,1024400518691,29.32.3,Производство прочих частей и принадлежностей автотранспортных средств,Поляков Сергей Станиславович,Генеральный директор,1489.911,2025,42.628,2025,БО ФНС,high,,да,interautomechanica2026_deal_153933
ИнтерАвтоМеханика 2026,ЛФА ООО,ЛФА ООО,"Запчасти и компоненты; Оборудование для диагностики, ремонта и восстановления; Смазочные материалы, технические жидкости и автохимия; Кузовной ремонт и лакокрасочные материалы",Россия,,,7-221,Зал 7,"Запчасти и компоненты; Оборудование для диагностики, ремонта и восстановления; Смазочные материалы, технические жидкости и автохимия; Кузовной ремонт и лакокрасочные материалы",,,http://l-f-a.ru,,,https://interauto-mechanica-floorplans-2026.pages.dev/#159903-lfa-ooo,159903-lfa-ooo,"Запчасти и компоненты; Оборудование для диагностики, ремонта и восстановления; Смазочные материалы, технические жидкости и автохимия; Кузовной ремонт и лакокрасочные материалы",interauto_floorplans_2026,partial_missing_fields,product_notes,2026-08-22T20:10:23Z,interavtomehanika-2026-signo-workbook-v1.0.1,"ООО ""ЯРИКО""",9729286555,1197746435061,45.20,Техническое обслуживание и ремонт автотранспортных средств,Полозов Ярослав Сергеевич,Генеральный директор,1.576,2025,0.513,2025,БО ФНС,high,,нет,interautomechanica2026_deal_159903
ИнтерАвтоМеханика 2026,Михайлова Ольга Юрьевна ИП (SIMPLE WAY),Михайлова Ольга Юрьевна ИП (SIMPLE WAY),,Россия,,,7-412,Зал 7,,,,,,,https://interauto-mechanica-floorplans-2026.pages.dev/#153963-mikhajlova-olga-yurevna-ip-simple-way,153963-mikhajlova-olga-yurevna-ip-simple-way,,interauto_floorplans_2026,partial_missing_fields,product_notes,2026-08-22T20:10:23Z,interavtomehanika-2026-signo-workbook-v1.0.1,ИП МИХАЙЛОВА ОЛЬГА ЮРЬЕВНА,472001285990,321784700147463,,,МИХАЙЛОВА ОЛЬГА ЮРЬЕВНА,Индивидуальный предприниматель,,,,,ЕГРЮЛ ФНС,high,,нет,interautomechanica2026_deal_153963
ИнтерАвтоМеханика 2026,МС ООО,МС ООО,"Запчасти и компоненты; Смазочные материалы, технические жидкости и автохимия",Россия,,,8-410,Зал 8,"Запчасти и компоненты; Смазочные материалы, технические жидкости и автохимия",,,http://www.mesaco.co.jp,,,https://interauto-mechanica-floorplans-2026.pages.dev/#153969-ms-ooo,153969-ms-ooo,"Запчасти и компоненты; Смазочные материалы, технические жидкости и автохимия",interauto_floorplans_2026,partial_missing_fields,product_notes,2026-08-22T20:10:23Z,interavtomehanika-2026-signo-workbook-v1.0.1,МС ООО,7825681160,5067847327499,,,,,,,,,ЕГРЮЛ ФНС,high,,нет,interautomechanica2026_deal_153969
ИнтерАвтоМеханика 2026,НПТК СУПРОТЕК ООО,НПТК СУПРОТЕК ООО,"Смазочные материалы, технические жидкости и автохимия",Россия,,,8-220,Зал 8,"Смазочные материалы, технические жидкости и автохимия","Группа компаний «СУПРОТЕК» На протяжении более двух десятилетий группа компаний «СУПРОТЕК» следует миссии: Через предложение высококачественных инновационных продуктов для обслуживания и продления ресурса транспортных средств и промышленного оборудования содействовать повышению культуры автовладения и производства, росту качества жизни и экономики в России. СУПРОТЕК – инновационные технологии",,http://www.suprotec.ru,,,https://interauto-mechanica-floorplans-2026.pages.dev/#153975-nptk-suprotek-ooo,153975-nptk-suprotek-ooo,"Смазочные материалы, технические жидкости и автохимия | Группа компаний «СУПРОТЕК» На протяжении более двух десятилетий группа компаний «СУПРОТЕК» следует миссии: Через предложение высококачественных инновационных продуктов для обслуживания и продления ресурса транспортных средств и промышленного оборудования содействовать повышению культуры автовладения и производства, росту качества жизни и экономики в России. СУПРОТЕК – инновационные технологии",interauto_floorplans_2026,ok,,2026-08-22T20:10:23Z,interavtomehanika-2026-signo-workbook-v1.0.1,"ООО "" НПТК "" СУПРОТЕК """,7802344810,1067847152273,20.59.4,"Производство составов и препаратов химических прочих, не включенных в другие группировки",Зеленьков Сергей Михайлович,Генеральный директор,729.641,2025,58.91,2025,БО ФНС,high,,да,interautomechanica2026_deal_153975
ИнтерАвтоМеханика 2026,ОЛГА ООО,ОЛГА ООО,Запчасти и компоненты,Россия,,,8-560,Зал 8,Запчасти и компоненты,,,https://hlmandoaftermarket.com/ru/main/index.do,,,https://interauto-mechanica-floorplans-2026.pages.dev/#153981-olga-ooo,153981-olga-ooo,Запчасти и компоненты,interauto_floorplans_2026,partial_missing_fields,product_notes,2026-08-22T20:10:23Z,interavtomehanika-2026-signo-workbook-v1.0.1,ОЛГА ООО,,,,,,,,,,,,,Надежное российское юрлицо не найдено.,нет,interautomechanica2026_deal_153981
ИнтерАвтоМеханика 2026,"ООО ""КАДДБ""",КАДДБ,"Запчасти и компоненты; Оборудование для диагностики, ремонта и восстановления",Турция,,,7-230,Зал 7,"Запчасти и компоненты; Оборудование для диагностики, ремонта и восстановления",,,https://caddb.ru,,,https://interauto-mechanica-floorplans-2026.pages.dev/#153927-iskandarov-askar-ip,153927-iskandarov-askar-ip,"Запчасти и компоненты; Оборудование для диагностики, ремонта и восстановления",interauto_floorplans_2026,partial_missing_fields,product_notes,2026-08-22T20:10:23Z,interavtomehanika-2026-signo-workbook-v1.0.1,,,,,,,,,,,,,,Иностранная компания (Турция); российское юрлицо не разыскивается.,нет,interautomechanica2026_deal_153927
ИнтерАвтоМеханика 2026,"ООО ""ТШИНА""",ТШИНА,Запчасти и компоненты; Шины и диски; Аксессуары и тюнинг,Россия,,,8-150,Зал 8,Запчасти и компоненты; Шины и диски; Аксессуары и тюнинг,,,http://tshina.ru,,,https://interauto-mechanica-floorplans-2026.pages.dev/#154050-tshina-ooo,154050-tshina-ooo,Запчасти и компоненты; Шины и диски; Аксессуары и тюнинг,interauto_floorplans_2026,partial_missing_fields,product_notes,2026-08-22T20:10:23Z,interavtomehanika-2026-signo-workbook-v1.0.1,ТШИНА ООО,,,,,,,,,,,,,Надежное российское юрлицо не найдено.,нет,interautomechanica2026_deal_154050
ИнтерАвтоМеханика 2026,ОПТОВАРКА,ОПТОВАРКА,Запчасти и компоненты; Мойки и моечное оборудование; Аксессуары и тюнинг,Россия,,,7-222,Зал 7,Запчасти и компоненты; Мойки и моечное оборудование; Аксессуары и тюнинг,"Оптовые поставки автотоваров, автономных печек и сапбордов",,http://оптоварка.рф,,,https://interauto-mechanica-floorplans-2026.pages.dev/#158583-dva-soyuza-1,158583-dva-soyuza-1,"Запчасти и компоненты; Мойки и моечное оборудование; Аксессуары и тюнинг | Оптовые поставки автотоваров, автономных печек и сапбордов",interauto_floorplans_2026,ok,,2026-08-22T20:10:23Z,interavtomehanika-2026-signo-workbook-v1.0.1,,,,,,,,,,,,,,Надежное российское юрлицо не найдено.,нет,interautomechanica2026_deal_158583
ИнтерАвтоМеханика 2026,ОЦПН ООО,ОЦПН ООО,,Россия,,,7-234,Зал 7,,,,http://dymet.net,,,https://interauto-mechanica-floorplans-2026.pages.dev/#153984-otspn-ooo,153984-otspn-ooo,,interauto_floorplans_2026,partial_missing_fields,product_notes,2026-08-22T20:10:23Z,interavtomehanika-2026-signo-workbook-v1.0.1,"ООО "" ОЦПН """,4025044166,1024000947431,28.29.3,"Производство прочих машин и оборудования общего назначения, не включенного в другие группировки",Клюев Олег Федорович,Директор,346.45,2025,17.103,2025,БО ФНС,high,,да,interautomechanica2026_deal_153984
ИнтерАвтоМеханика 2026,ПАРИТЕТ,ПАРИТЕТ,Запчасти и компоненты,Россия,,,8-135,Зал 8,Запчасти и компоненты,"ООО «Паритет» – Ваш надёжный партнёр в автомобильной светотехнике и комплектующих Более 20 лет на рынке мы обеспечиваем качество, конкурентоспособные цены и широкий ассортимент продукции для автолюбителей и профессионалов. Наша продукция ✅ Автомобильные лампы – Osram, Narva, Philips ✅ Свечи зажигания – DenSO,NGK – гарантия надёжности и долговечности для любых двигателей. ✅ Гофры глушителей – Bosal (высокое качество, долгий срок службы) ✅Щётки стеклоочистителей – Bosch и DenSO (устойчивость к морозам, пыли и высоким нагрузкам).",,https://narva.global/,,,https://interauto-mechanica-floorplans-2026.pages.dev/#153987-paritet,153987-paritet,"Запчасти и компоненты | ООО «Паритет» – Ваш надёжный партнёр в автомобильной светотехнике и комплектующих Более 20 лет на рынке мы обеспечиваем качество, конкурентоспособные цены и широкий ассортимент продукции для автолюбителей и профессионалов. Наша продукция ✅ Автомобильные лампы – Osram, Narva, Philips ✅ Свечи зажигания – DenSO,NGK – гарантия надёжности и долговечности для любых двигателей. ✅ Гофры глушителей – Bosal (высокое качество, долгий срок службы) ✅Щётки стеклоочистителей – Bosch и DenSO (устойчивость к морозам, пыли и высоким нагрузкам).",interauto_floorplans_2026,ok,,2026-08-22T20:10:23Z,interavtomehanika-2026-signo-workbook-v1.0.1,"АО "" ПАРИТЕТ """,6312116509,1126312003036,68.20,Аренда и управление собственным или арендованным недвижимым имуществом,Гельцер Максим Валерьевич,Генеральный директор,0.768,2025,-0.271,2025,БО ФНС,high,,нет,interautomechanica2026_deal_153987
ИнтерАвтоМеханика 2026,ПЕТРОЛЕРО,ПЕТРОЛЕРО,"Смазочные материалы, технические жидкости и автохимия",Россия,,,8-415,Зал 8,"Смазочные материалы, технические жидкости и автохимия","""Petrolero — производитель высококачественных моторных масел и присадок для легковых и грузовых аватомобилей, а также мототехники. Среди наших продуктов — моторные масла и профессиональные присадки, повышающие ресурс и производительность двигателя. Petrolero - добавь надежности!""",,https://petrolero.ru/,,,https://interauto-mechanica-floorplans-2026.pages.dev/#153990-petrolero,153990-petrolero,"Смазочные материалы, технические жидкости и автохимия | ""Petrolero — производитель высококачественных моторных масел и присадок для легковых и грузовых аватомобилей, а также мототехники. Среди наших продуктов — моторные масла и профессиональные присадки, повышающие ресурс и производительность двигателя. Petrolero - добавь надежности!""",interauto_floorplans_2026,ok,,2026-08-22T20:10:23Z,interavtomehanika-2026-signo-workbook-v1.0.1,"ООО ""ПЕТРОЛЕРО""",7743345907,1207700309926,20.59.4,"Производство составов и препаратов химических прочих, не включенных в другие группировки",Дуденков Андрей Викторович,Генеральный директор,31.315,2025,1.187,2025,БО ФНС,high,,нет,interautomechanica2026_deal_153990
ИнтерАвтоМеханика 2026,ПОЛЮС+ ООО,ПОЛЮС+ ООО,Аккумуляторы и электроника,Россия,,,8-425,Зал 8,Аккумуляторы и электроника,"ПОЛЮС +"" - ведущий оптовый поставщик современных и высококачественных автомобильных аккумуляторных батарей от мировых производителей на все виды транспорта - легковые авто, мототехника, водный транспорт, грузовой транспорт, сельхозтехника, строительная и коммунальная техника. Мы — федеральный представитель! Являясь официальным представителем крупнейших мировых производителей аккумуляторов на территории Российской Федерации, мы всегда можем гарантировать, что реализуемые нами аккумуляторы всегда наивысшего качества. Наши партнеры - это федеральные ритейлеры.",,https://www.polusplus.ru/,,,https://interauto-mechanica-floorplans-2026.pages.dev/#153783-polyus-ooo,153783-polyus-ooo,"Аккумуляторы и электроника | ПОЛЮС +"" - ведущий оптовый поставщик современных и высококачественных автомобильных аккумуляторных батарей от мировых производителей на все виды транспорта - легковые авто, мототехника, водный транспорт, грузовой транспорт, сельхозтехника, строительная и коммунальная техника. Мы — федеральный представитель! Являясь официальным представителем крупнейших мировых производителей аккумуляторов на территории Российской Федерации, мы всегда можем гарантировать, что реализуемые нами аккумуляторы всегда наивысшего качества. Наши партнеры - это федеральные ритейлеры.",interauto_floorplans_2026,ok,,2026-08-22T20:10:23Z,interavtomehanika-2026-signo-workbook-v1.0.1,ПОЛЮС+ ООО,,,,,,,,,,,,,Надежное российское юрлицо не найдено.,нет,interautomechanica2026_deal_153783
ИнтерАвтоМеханика 2026,ПОМЕСТЬЕ,ПОМЕСТЬЕ,,Россия,,,7-340,Зал 7,,,,,,,https://interauto-mechanica-floorplans-2026.pages.dev/#153993-pomeste,153993-pomeste,,interauto_floorplans_2026,partial_missing_fields,product_notes,2026-08-22T20:10:23Z,interavtomehanika-2026-signo-workbook-v1.0.1,"АО "" ПОМЕСТЬЕ """,7702412008,1177746050679,46.90,Торговля оптовая неспециализированная,Лурье Олег Георгиевич,Генеральный директор,0.0,2025,2.469,2025,БО ФНС,high,,нет,interautomechanica2026_deal_153993
ИнтерАвтоМеханика 2026,Промышленно-Оптовая Компания,Промышленно-Оптовая Компания,Запчасти и компоненты,Россия,,,7-232,Зал 7,Запчасти и компоненты,,,https://promoptcom.ru/,,,https://interauto-mechanica-floorplans-2026.pages.dev/#153996-promyshlenno-optovaya-kompaniya-pok,153996-promyshlenno-optovaya-kompaniya-pok,Запчасти и компоненты,interauto_floorplans_2026,partial_missing_fields,product_notes,2026-08-22T20:10:23Z,interavtomehanika-2026-signo-workbook-v1.0.1,"ООО "" ПРОМЫШЛЕННО - ОПТОВАЯ КОМПАНИЯ """,5256133087,1145256007104,46.90,Торговля оптовая неспециализированная,Григорьева Екатерина Владимировна,Генеральный директор,255.938,2025,4.002,2025,БО ФНС,high,,нет,interautomechanica2026_deal_153996
ИнтерАвтоМеханика 2026,ПЭЙНТ ЭКСПЕРТ ООО,ПЭЙНТ ЭКСПЕРТ ООО,Кузовной ремонт и лакокрасочные материалы,Россия,,,7-435,Зал 7,Кузовной ремонт и лакокрасочные материалы,"PAINT EXPERT — официальный дистрибьютор REF, REF Premium, FRENZY COLOR и FORMEL, а также других ведущих брендов в сфере кузовного ремонта. Мы предлагаем новейшие технологичные решения для профессионалов: лакокрасочные материалы, абразивы, оборудование и СИЗ, высокий уровень сервиса и экспертное сопровождение. Компания представляет инновационную микс-систему FRENZY COLOR — лучшее предложение по цветоподбору для работы в России, и всю линейку бренда REF — 2К, 1К, аэрозоли для авторемонта, строительства и творчества. PAINT EXPERT — это сильная команда техподдержки в области колористики и один из крупнейших учебных центров в Москве.",,https://paint-expert.ru/,,,https://interauto-mechanica-floorplans-2026.pages.dev/#154005-pejnt-ekspert-ooo,154005-pejnt-ekspert-ooo,"Кузовной ремонт и лакокрасочные материалы | PAINT EXPERT — официальный дистрибьютор REF, REF Premium, FRENZY COLOR и FORMEL, а также других ведущих брендов в сфере кузовного ремонта. Мы предлагаем новейшие технологичные решения для профессионалов: лакокрасочные материалы, абразивы, оборудование и СИЗ, высокий уровень сервиса и экспертное сопровождение. Компания представляет инновационную микс-систему FRENZY COLOR — лучшее предложение по цветоподбору для работы в России, и всю линейку бренда REF — 2К, 1К, аэрозоли для авторемонта, строительства и творчества. PAINT EXPERT — это сильная команда техподдержки в области колористики и один из крупнейших учебных центров в Москве.",interauto_floorplans_2026,ok,,2026-08-22T20:10:23Z,interavtomehanika-2026-signo-workbook-v1.0.1,"ООО "" ПЭЙНТ ЭКСПЕРТ """,5047268490,1225000114184,46.73,"Торговля оптовая лесоматериалами, строительными материалами и санитарно-техническим оборудованием",Харьковский Дмитрий Станиславович,Генеральный директор,1014.283,2025,22.64,2025,БО ФНС,high,,нет,interautomechanica2026_deal_154005
ИнтерАвтоМеханика 2026,РАМТРАК,РАМТРАК,Запчасти и компоненты; Аксессуары и тюнинг,Россия,,,7-330,Зал 7,Запчасти и компоненты; Аксессуары и тюнинг,"RAMTRUCK — продажа, обслуживание, тюнинг и аренда премиальных авто. Комплексный подход к каждому клиенту.",,https://ramtruck.ru,,,https://interauto-mechanica-floorplans-2026.pages.dev/#160074-ramtrak,160074-ramtrak,"Запчасти и компоненты; Аксессуары и тюнинг | RAMTRUCK — продажа, обслуживание, тюнинг и аренда премиальных авто. Комплексный подход к каждому клиенту.",interauto_floorplans_2026,ok,,2026-08-22T20:10:23Z,interavtomehanika-2026-signo-workbook-v1.0.1,"ООО ""АВТО АМ""",7701841269,1097746352440,45.1,Торговля автотранспортными средствами,Тимошина Маргарита Викторовна,Генеральный директор,1753.955,2025,96.614,2025,БО ФНС,high,,нет,interautomechanica2026_deal_160074
ИнтерАвтоМеханика 2026,"Рус Велд Дон, ООО","Рус Велд Дон, ООО","Оборудование для диагностики, ремонта и восстановления; Кузовной ремонт и лакокрасочные материалы; Гаражное оборудование",Россия,,,7-135,Зал 7,"Оборудование для диагностики, ремонта и восстановления; Кузовной ремонт и лакокрасочные материалы; Гаражное оборудование","продажа автосервисного оборудования,продажа сварочного оборудования, строительство автосервисов под ключ, производство стапельного оборудования для ремонта легкового и грузового транспорта",,,,,https://interauto-mechanica-floorplans-2026.pages.dev/#153867-agro-tekh-ooo,153867-agro-tekh-ooo,"Оборудование для диагностики, ремонта и восстановления; Кузовной ремонт и лакокрасочные материалы; Гаражное оборудование | продажа автосервисного оборудования,продажа сварочного оборудования, строительство автосервисов под ключ, производство стапельного оборудования для ремонта легкового и грузового транспорта",interauto_floorplans_2026,ok,,2026-08-22T20:10:23Z,interavtomehanika-2026-signo-workbook-v1.0.1,"ООО "" РУС ВЕЛД ДОН """,6154158983,1206100034755,46.69,Торговля оптовая прочими машинами и оборудованием,Попко Артем Сергеевич,Генеральный директор,22.888,2025,0.009,2025,БО ФНС,high,,нет,interautomechanica2026_deal_153867
ИнтерАвтоМеханика 2026,РУСПОЛКАР ТД ООО,РУСПОЛКАР ТД ООО,Запчасти и компоненты,Россия,,,8-515,Зал 8,Запчасти и компоненты,"ТД ""Русполкар"" - официальный дистрибьютор польской компании Polcar на территории России. Компания работает на рынке с 2009 года и предлагает клиентам широкий ассортимент автозапчастей - свыше 260 000 наименований от 400 производителей со всего мира. Вся продукция сертифицирована в соответствии с российскими и европейскими стандартами качества. Офис-склад компании расположен в Московской области, что обеспечивает удобную логистику для клиентов по всей России, а прямой доступ к центральному складу Polcar в Варшаве гарантирует стабильное наличие товара.",,http://www.ruspolcar.com,,,https://interauto-mechanica-floorplans-2026.pages.dev/#154008-ruspolkar-td-ooo,154008-ruspolkar-td-ooo,"Запчасти и компоненты | ТД ""Русполкар"" - официальный дистрибьютор польской компании Polcar на территории России. Компания работает на рынке с 2009 года и предлагает клиентам широкий ассортимент автозапчастей - свыше 260 000 наименований от 400 производителей со всего мира. Вся продукция сертифицирована в соответствии с российскими и европейскими стандартами качества. Офис-склад компании расположен в Московской области, что обеспечивает удобную логистику для клиентов по всей России, а прямой доступ к центральному складу Polcar в Варшаве гарантирует стабильное наличие товара.",interauto_floorplans_2026,ok,,2026-08-22T20:10:23Z,interavtomehanika-2026-signo-workbook-v1.0.1,"ООО ""ТД РУСПОЛКАР""",9729039443,5167746341681,45.31,"Торговля оптовая автомобильными деталями, узлами и принадлежностями",Капитонов Михаил Вячеславович,Генеральный директор,551.368,2025,109.125,2025,БО ФНС,high,,нет,interautomechanica2026_deal_154008
ИнтерАвтоМеханика 2026,Семь братьев,Семь братьев,"Запчасти и компоненты; Оборудование для диагностики, ремонта и восстановления; Шины и диски",Китай,,,8-108,Зал 8,"Запчасти и компоненты; Оборудование для диагностики, ремонта и восстановления; Шины и диски","Cangzhou Shengshiweiye Automobile Accessory Co., Ltd. is a leading manufacturer of automotive service equipment and tire accessories in China. Founded in 2006 with over 30 years of industry experience, the company specializes in tire changers, wheel balancers, wheel alignment systems, vehicle lifts, tire repair machines, tire valves, balance weights, repair patches, seal strings, mounting paste, lubricants, and professional workshop tools. Certified by ISO 9001, IATF 16949, CE, UKCA, BV, and SASO, Shengshiweiye exports to more than 100 countries across Europe, Asia, Africa, the Middle East, and the Americas. LLC TK Seven Brothers is the official distributor of Cangzhou Shengshiweiye Automobile Accessory Co., Ltd., supplying its products and providing reliable support to customers.",,https://www.wheelbalanceweights.com/,,,https://interauto-mechanica-floorplans-2026.pages.dev/#154011-sem-bratev,154011-sem-bratev,"Запчасти и компоненты; Оборудование для диагностики, ремонта и восстановления; Шины и диски | Cangzhou Shengshiweiye Automobile Accessory Co., Ltd. is a leading manufacturer of automotive service equipment and tire accessories in China. Founded in 2006 with over 30 years of industry experience, the company specializes in tire changers, wheel balancers, wheel alignment systems, vehicle lifts, tire repair machines, tire valves, balance weights, repair patches, seal strings, mounting paste, lubricants, and professional workshop tools. Certified by ISO 9001, IATF 16949, CE, UKCA, BV, and SASO, Shengshiweiye exports to more than 100 countries across Europe, Asia, Africa, the Middle East, and the Americas. LLC TK Seven Brothers is the official distributor of Cangzhou Shengshiweiye Automobile Accessory Co., Ltd., supplying its products and providing reliable support to customers.",interauto_floorplans_2026,ok,,2026-08-22T20:10:23Z,interavtomehanika-2026-signo-workbook-v1.0.1,,,,,,,,,,,,,,Иностранная компания (Китай); российское юрлицо не разыскивается.,нет,interautomechanica2026_deal_154011
ИнтерАвтоМеханика 2026,СИНТЕК ЛУБРИКАНТС,СИНТЕК ЛУБРИКАНТС,"Смазочные материалы, технические жидкости и автохимия",Россия,,,8-355,Зал 8,"Смазочные материалы, технические жидкости и автохимия",Компания занимает первое место* в России на рынке антифризов и входит в топ-3* крупнейших производителей смазочных материалов. *По данным розничных продаж исследования B2X за 2025 год,,https://sinteclubricants.ru/?ysclid=mrx9cse6in575500826,,,https://interauto-mechanica-floorplans-2026.pages.dev/#154236-sintek,154236-sintek,"Смазочные материалы, технические жидкости и автохимия | Компания занимает первое место* в России на рынке антифризов и входит в топ-3* крупнейших производителей смазочных материалов. *По данным розничных продаж исследования B2X за 2025 год",interauto_floorplans_2026,ok,,2026-08-22T20:10:23Z,interavtomehanika-2026-signo-workbook-v1.0.1,"ООО ""СИНТЕК ЛУБРИКАНТС""",4025454765,1194027010253,20.59.4,"Производство составов и препаратов химических прочих, не включенных в другие группировки",Корулина Татьяна Николаевна,Директор,263.523,2025,1.455,2025,БО ФНС,high,,да,interautomechanica2026_deal_154236
ИнтерАвтоМеханика 2026,СМАРТ КОНСАЛТИНГ ООО,СМАРТ КОНСАЛТИНГ ООО,,Россия,,,7-273,Зал 7,,,,https://autocount.pro,,,https://interauto-mechanica-floorplans-2026.pages.dev/#155157-smart-konsalting-ooo,155157-smart-konsalting-ooo,,interauto_floorplans_2026,partial_missing_fields,product_notes,2026-08-22T20:10:23Z,interavtomehanika-2026-signo-workbook-v1.0.1,"ООО "" СМАРТ КОНСАЛТИНГ """,7816714250,1217800016466,69.20,"Деятельность по оказанию услуг в области бухгалтерского учета, финансового аудита",Симонян Ншан Арменакович,Директор,18.481,2024,5.8,2024,БО ФНС,high,,нет,interautomechanica2026_deal_155157
ИнтерАвтоМеханика 2026,СТАНДАРТ ООО,СТАНДАРТ ООО,,Россия,,,7-275,Зал 7,,,,,,,https://interauto-mechanica-floorplans-2026.pages.dev/#154020-standart-ooo,154020-standart-ooo,,interauto_floorplans_2026,partial_missing_fields,product_notes,2026-08-22T20:10:23Z,interavtomehanika-2026-signo-workbook-v1.0.1,"ООО "" СТАНДАРТ """,6316205414,1156316001280,46.90,Торговля оптовая неспециализированная,Макки Кирилл Александрович,Директор,0.0,2023,0.0,2023,БО ФНС,high,,нет,interautomechanica2026_deal_154020
ИнтерАвтоМеханика 2026,СТРОЙПРОМКАПИТАЛ ООО,СТРОЙПРОМКАПИТАЛ ООО,"Запчасти и компоненты; Аккумуляторы и электроника; Смазочные материалы, технические жидкости и автохимия",Россия,,,7-233,Зал 7,"Запчасти и компоненты; Аккумуляторы и электроника; Смазочные материалы, технические жидкости и автохимия","SKLADSPK - дистрибьюторская компания, в портфеле которой есть такие бренды как Pentolub, SRS, S-Oil, FQ, Aral, Nomad и многие другие. В ассортименте компании SKLADSPK представлены смазочные материалы, запчасти, комплектующие и другой ассортимент для автомобилей.",,https://skladspk.ru/,,,https://interauto-mechanica-floorplans-2026.pages.dev/#154026-strojpromkapital-ooo,154026-strojpromkapital-ooo,"Запчасти и компоненты; Аккумуляторы и электроника; Смазочные материалы, технические жидкости и автохимия | SKLADSPK - дистрибьюторская компания, в портфеле которой есть такие бренды как Pentolub, SRS, S-Oil, FQ, Aral, Nomad и многие другие. В ассортименте компании SKLADSPK представлены смазочные материалы, запчасти, комплектующие и другой ассортимент для автомобилей.",interauto_floorplans_2026,ok,,2026-08-22T20:10:23Z,interavtomehanika-2026-signo-workbook-v1.0.1,"ООО "" СТРОЙПРОМКАПИТАЛ """,7709267494,1027739403372,45.31.1,"Торговля оптовая автомобильными деталями, узлами и принадлежностями, кроме деятельности агентов",Остапчук Иван Кондратьевич,Генеральный директор,1427.955,2025,34.355,2025,БО ФНС,high,,нет,interautomechanica2026_deal_154026
ИнтерАвтоМеханика 2026,ТД ЭКВИНЕТ,ТД ЭКВИНЕТ,"Оборудование для диагностики, ремонта и восстановления; Мойки и моечное оборудование; Кузовной ремонт и лакокрасочные материалы; Гаражное оборудование",Россия,,,7-140,Зал 7,"Оборудование для диагностики, ремонта и восстановления; Мойки и моечное оборудование; Кузовной ремонт и лакокрасочные материалы; Гаражное оборудование","Компания «Эквинет» — один из ведущих российских поставщиков профессионального оборудования, инструмента и комплексных решений для автосервисов, промышленных предприятий и транспортных компаний. С 1996 года реализует проекты любой сложности, предлагая более 50 000 товаров от ведущих мировых брендов, собственные инженерные разработки, проектирование сервисных зон, поставку, ввод в эксплуатацию и сервисную поддержку.",,https://equinet.ru/,,,https://interauto-mechanica-floorplans-2026.pages.dev/#154722-td-ekvinet,154722-td-ekvinet,"Оборудование для диагностики, ремонта и восстановления; Мойки и моечное оборудование; Кузовной ремонт и лакокрасочные материалы; Гаражное оборудование | Компания «Эквинет» — один из ведущих российских поставщиков профессионального оборудования, инструмента и комплексных решений для автосервисов, промышленных предприятий и транспортных компаний. С 1996 года реализует проекты любой сложности, предлагая более 50 000 товаров от ведущих мировых брендов, собственные инженерные разработки, проектирование сервисных зон, поставку, ввод в эксплуатацию и сервисную поддержку.",interauto_floorplans_2026,ok,,2026-08-22T20:10:23Z,interavtomehanika-2026-signo-workbook-v1.0.1,"ООО ""ТД ""ЭКВИНЕТ""",7730591165,5087746249025,46.69,Торговля оптовая прочими машинами и оборудованием,Томилин Андрей Евгеньевич,Генеральный директор,634.493,2025,3.002,2025,БО ФНС,high,,нет,interautomechanica2026_deal_154722
ИнтерАвтоМеханика 2026,ТЕ РУС ООО,ТЕ РУС ООО,,Россия,,,7-125,Зал 7,,,,http://www.teparts.ru,,,https://interauto-mechanica-floorplans-2026.pages.dev/#154035-te-rus-ooo,154035-te-rus-ooo,,interauto_floorplans_2026,partial_missing_fields,product_notes,2026-08-22T20:10:23Z,interavtomehanika-2026-signo-workbook-v1.0.1,ТЕ РУС ООО,,,,,,,,,,,,,Надежное российское юрлицо не найдено.,нет,interautomechanica2026_deal_154035
ИнтерАвтоМеханика 2026,ТЕПЛОАВТО,ТЕПЛОАВТО,Аксессуары и тюнинг,Россия,,,7-220,Зал 7,Аксессуары и тюнинг,"Компания ООО ""ТеплоАвто"" занимает прочные позиции на рынке автомобильного климатического оборудования, специализируясь на производстве и реализации широкого спектра решений для обеспечения комфорта и безопасности в транспортных средствах. Наш ассортимент включает в себя воздушные отопители, предпусковые подогреватели, кондиционеры, а также обширный выбор запасных частей. Мы стремимся к долгосрочному сотрудничеству и предлагаем выгодные условия для оптовых и розничных покупателей.",,https://autoteplo.com,,,https://interauto-mechanica-floorplans-2026.pages.dev/#154038-teploavto,154038-teploavto,"Аксессуары и тюнинг | Компания ООО ""ТеплоАвто"" занимает прочные позиции на рынке автомобильного климатического оборудования, специализируясь на производстве и реализации широкого спектра решений для обеспечения комфорта и безопасности в транспортных средствах. Наш ассортимент включает в себя воздушные отопители, предпусковые подогреватели, кондиционеры, а также обширный выбор запасных частей. Мы стремимся к долгосрочному сотрудничеству и предлагаем выгодные условия для оптовых и розничных покупателей.",interauto_floorplans_2026,ok,,2026-08-22T20:10:23Z,interavtomehanika-2026-signo-workbook-v1.0.1,"ООО ""ТЕПЛОАВТО""",1650362240,1181690023954,45.31,"Торговля оптовая автомобильными деталями, узлами и принадлежностями",Хуснуллина Фания Наилевна,Директор,583.324,2025,14.944,2025,БО ФНС,high,,нет,interautomechanica2026_deal_154038
ИнтерАвтоМеханика 2026,ТИИР,ТИИР,Запчасти и компоненты,Россия,,,8-510,Зал 8,Запчасти и компоненты,"Существующее более 80 лет АО ""ТИИР"" (прежнее название - Всесоюзный научно-исследовательский и конструкторско-технологический институт асбестовых технических изделий - ВНИИАТИ) является ведущим в России и в странах ближнего зарубежья разработчиком и производителем фрикционных изделий (колодок дисковых тормозов, накладок барабанных тормозов и накладок сцепления для легковых и грузовых автомобилей, а также автобусов отечественного и зарубежного производства) тормозных колодок и накладок для рельсового транспорта, промышленного оборудования и др.",,https://tiir.ru/,,,https://interauto-mechanica-floorplans-2026.pages.dev/#154041-tiir,154041-tiir,"Запчасти и компоненты | Существующее более 80 лет АО ""ТИИР"" (прежнее название - Всесоюзный научно-исследовательский и конструкторско-технологический институт асбестовых технических изделий - ВНИИАТИ) является ведущим в России и в странах ближнего зарубежья разработчиком и производителем фрикционных изделий (колодок дисковых тормозов, накладок барабанных тормозов и накладок сцепления для легковых и грузовых автомобилей, а также автобусов отечественного и зарубежного производства) тормозных колодок и накладок для рельсового транспорта, промышленного оборудования и др.",interauto_floorplans_2026,ok,,2026-08-22T20:10:23Z,interavtomehanika-2026-signo-workbook-v1.0.1,"АКЦИОНЕРНОЕ ОБЩЕСТВО ""ТЕРМОСТОЙКИЕ ИЗДЕЛИЯ И ИНЖЕНЕРНЫЕ РАЗРАБОТКИ""",7607001248,1027600981099,,,Левит Кирилл Михайлович,Генеральный директор,,,,,ЕГРЮЛ ФНС,high,,нет,interautomechanica2026_deal_154041
ИнтерАвтоМеханика 2026,ТРАЙАНГЛ ШИНА ЗАО,ТРАЙАНГЛ ШИНА ЗАО,,Россия,,,7-160,Зал 7,,,,https://triangle-shina.ru/,,,https://interauto-mechanica-floorplans-2026.pages.dev/#154044-trajangl-shina-zao,154044-trajangl-shina-zao,,interauto_floorplans_2026,partial_missing_fields,product_notes,2026-08-22T20:10:23Z,interavtomehanika-2026-signo-workbook-v1.0.1,ТРАЙАНГЛ ШИНА ЗАО,,,,,,,,,,,,,Надежное российское юрлицо не найдено.,нет,interautomechanica2026_deal_154044
ИнтерАвтоМеханика 2026,ТРС ООО,ТРС ООО,,Россия,,,8-542,Зал 8,,,,http://atrs.ru,,,https://interauto-mechanica-floorplans-2026.pages.dev/#154047-trs-ooo,154047-trs-ooo,,interauto_floorplans_2026,partial_missing_fields,product_notes,2026-08-22T20:10:23Z,interavtomehanika-2026-signo-workbook-v1.0.1,"ООО ""ТРС""",1659184070,1171690084389,25.62,Обработка металлических изделий механическая,Яушев Шамиль Маратович,Директор,114.611,2025,4.238,2025,БО ФНС,high,,нет,interautomechanica2026_deal_154047
ИнтерАвтоМеханика 2026,УАНДЕР ТЕК РУС ООО,УАНДЕР ТЕК РУС ООО,Кузовной ремонт и лакокрасочные материалы,Россия,,,7-425,Зал 7,Кузовной ремонт и лакокрасочные материалы,,,http://wonder-tech.ru/,,,https://interauto-mechanica-floorplans-2026.pages.dev/#154053-uander-tek-rus-ooo,154053-uander-tek-rus-ooo,Кузовной ремонт и лакокрасочные материалы,interauto_floorplans_2026,partial_missing_fields,product_notes,2026-08-22T20:10:23Z,interavtomehanika-2026-signo-workbook-v1.0.1,"ООО "" УАНДЕР ТЕК РУС """,7720947278,1257700142754,46.73.4,Торговля оптовая лакокрасочными материалами,Чэнь Сюй,Генеральный директор,,2025,2.946,2025,БО ФНС,high,,нет,interautomechanica2026_deal_154053
ИнтерАвтоМеханика 2026,УНКОМТЕХ ТД ООО,УНКОМТЕХ ТД ООО,,Россия,,,8-170,Зал 8,,,,http://www.uncomtech.ru,,,https://interauto-mechanica-floorplans-2026.pages.dev/#154032-unkomtekh-td-ooo,154032-unkomtekh-td-ooo,,interauto_floorplans_2026,partial_missing_fields,product_notes,2026-08-22T20:10:23Z,interavtomehanika-2026-signo-workbook-v1.0.1,"ООО ""ТД "" УНКОМТЕХ """,7731530768,1057748244388,46.90,Торговля оптовая неспециализированная,Чирков Сергей Владимирович,Генеральный директор,38636.346,2025,645.127,2025,БО ФНС,high,,нет,interautomechanica2026_deal_154032
ИнтерАвтоМеханика 2026,ФГБОУ ВО ТОЛЬЯТТИНСКИЙ ГОСУДАРСТВЕННЫЙ УНИВЕРСИТЕТ,ФГБОУ ВО ТОЛЬЯТТИНСКИЙ ГОСУДАРСТВЕННЫЙ УНИВЕРСИТЕТ,,Россия,,,7-522,Зал 7,,,,,,,https://interauto-mechanica-floorplans-2026.pages.dev/#155097-fgbou-vo-tolyattinskij-gosudarstvennyj-universitet,155097-fgbou-vo-tolyattinskij-gosudarstvennyj-universitet,,interauto_floorplans_2026,partial_missing_fields,product_notes,2026-08-22T20:10:23Z,interavtomehanika-2026-signo-workbook-v1.0.1,,,,,,,,,,,,,,Надежное российское юрлицо не найдено.,нет,interautomechanica2026_deal_155097
ИнтерАвтоМеханика 2026,ХИМАВТО ТД ООО,ХИМАВТО ТД ООО,"Смазочные материалы, технические жидкости и автохимия",Россия,,,8-423,Зал 8,"Смазочные материалы, технические жидкости и автохимия","Крупнейший производитель автомобильной и другой химии Нижегородской области. Мы производим: - тосол, антифризы; - моторные, трансмиссионные, гидравлические масла; - смесевые растворители различного назначения; - специальные жидкости различного назначения. Выпуск продукции под вашей торговой маркой.",,https://himavto.com,,,https://interauto-mechanica-floorplans-2026.pages.dev/#154056-khimavto-td-ooo,154056-khimavto-td-ooo,"Смазочные материалы, технические жидкости и автохимия | Крупнейший производитель автомобильной и другой химии Нижегородской области. Мы производим: - тосол, антифризы; - моторные, трансмиссионные, гидравлические масла; - смесевые растворители различного назначения; - специальные жидкости различного назначения. Выпуск продукции под вашей торговой маркой.",interauto_floorplans_2026,ok,,2026-08-22T20:10:23Z,interavtomehanika-2026-signo-workbook-v1.0.1,"АО "" ХИМАВТО """,5051006867,1025007510241,68.20.2,Аренда и управление собственным или арендованным нежилым недвижимым имуществом,Шишкин Сергей Валентинович,Генеральный директор,141.804,2025,7.409,2025,БО ФНС,high,,нет,interautomechanica2026_deal_154056
ИнтерАвтоМеханика 2026,холдинг «БелОМО»,холдинг БелОМО,,Беларусь,,,7-410,Зал 7,,,,http://belomo.by,,,https://interauto-mechanica-floorplans-2026.pages.dev/#153966-mmz-vavilova-belomo,153966-mmz-vavilova-belomo,,interauto_floorplans_2026,partial_missing_fields,product_notes,2026-08-22T20:10:23Z,interavtomehanika-2026-signo-workbook-v1.0.1,,,,,,,,,,,,,,Иностранная компания (Беларусь); российское юрлицо не разыскивается.,нет,interautomechanica2026_deal_153966
ИнтерАвтоМеханика 2026,ХОХЛОВ А.М. (PST SERVICE RUSSIA),ХОХЛОВ А.М. (PST SERVICE RUSSIA),"Оборудование для диагностики, ремонта и восстановления",Россия,,,7-450,Зал 7,"Оборудование для диагностики, ремонта и восстановления",,,https://pstrussia.ru,,,https://interauto-mechanica-floorplans-2026.pages.dev/#154059-khokhlov-a-m-pst-service-russia,154059-khokhlov-a-m-pst-service-russia,"Оборудование для диагностики, ремонта и восстановления",interauto_floorplans_2026,partial_missing_fields,product_notes,2026-08-22T20:10:23Z,interavtomehanika-2026-signo-workbook-v1.0.1,ИП НИКОЛАЕВ АЛЕКСЕЙ АНДРЕЕВИЧ,583518084747,322583500044631,,,НИКОЛАЕВ АЛЕКСЕЙ АНДРЕЕВИЧ,Индивидуальный предприниматель,,,,,ЕГРЮЛ ФНС,high,,нет,interautomechanica2026_deal_154059
ИнтерАвтоМеханика 2026,"ЦЗЯКАЙ ТЕХНОЛОДЖИ, ООО","ЦЗЯКАЙ ТЕХНОЛОДЖИ, ООО",,Россия,,,"8-240, 8-245",Зал 8,,,,http://jiakai.ru,,,https://interauto-mechanica-floorplans-2026.pages.dev/#159306-tszyakaj-tekhnolodzhi,159306-tszyakaj-tekhnolodzhi,,interauto_floorplans_2026,partial_missing_fields,product_notes,2026-08-22T20:10:23Z,interavtomehanika-2026-signo-workbook-v1.0.1,,,,,,,,,,,,,,Надежное российское юрлицо не найдено.,нет,interautomechanica2026_deal_159306
ИнтерАвтоМеханика 2026,ШТУРМАН РУС,ШТУРМАН РУС,Запчасти и компоненты,Россия,,,7-210,Зал 7,Запчасти и компоненты,Мы - российский производитель и поставщик подшипников для отечественных и зарубежных марок автомобилей. Многолетний опыт и профессионализм нашей команды в сфере производства и продаж автокомпонентов позволяют нам быть надежным партнером для вашего бизнеса.,,http://www.shtur.ru,,,https://interauto-mechanica-floorplans-2026.pages.dev/#154062-shturman-rus,154062-shturman-rus,Запчасти и компоненты | Мы - российский производитель и поставщик подшипников для отечественных и зарубежных марок автомобилей. Многолетний опыт и профессионализм нашей команды в сфере производства и продаж автокомпонентов позволяют нам быть надежным партнером для вашего бизнеса.,interauto_floorplans_2026,ok,,2026-08-22T20:10:23Z,interavtomehanika-2026-signo-workbook-v1.0.1,"ООО "" ШТУРМАН РУС """,9725073980,1227700063733,72.19,Научные исследования и разработки в области естественных и технических наук прочие,Кирзнер Владимир Сергеевич,Генеральный директор,67.265,2025,-22.196,2025,БО ФНС,high,,нет,interautomechanica2026_deal_154062
ИнтерАвтоМеханика 2026,"‌Foshan Yuanyi Electronics Co., Ltd.","‌Foshan Yuanyi Electronics Co., Ltd.",Запчасти и компоненты; Аксессуары и тюнинг,Китай,,,7-400,Зал 7,Запчасти и компоненты; Аксессуары и тюнинг,,,http://www.guangfude.com/,,,https://interauto-mechanica-floorplans-2026.pages.dev/#155388-foshan-yuanyi-electronics-co-ltd,155388-foshan-yuanyi-electronics-co-ltd,Запчасти и компоненты; Аксессуары и тюнинг,interauto_floorplans_2026,partial_missing_fields,product_notes,2026-08-22T20:10:23Z,interavtomehanika-2026-signo-workbook-v1.0.1,,,,,,,,,,,,,,Иностранная компания (Китай); российское юрлицо не разыскивается.,нет,interautomechanica2026_deal_155388
