event_name,company_name,country,city,address,stand,pavilion,rubrics,product_notes,website,public_email,public_phone,source_url,exhibitor_id,evidence_snippet,signo_relevance,signo_relevance_action,signo_relevance_reason,signo_relevance_positive_terms,signo_relevance_negative_terms,parse_status,missing_fields,scraped_at,parser_version
ИНТЕРЛАКОКРАСКА-2026,AAB INDUSTRIAL TECHNOLOGY (XUZHOU) CO. LTD,Китай,,Китай,2B080,ВАВИЛОВ,Сырье и вспомогательные материалы для производства лакокрасочных материалов и покрытий,"Компания AAB Industrial Technology (Сюйчжоу) Co. Ltd является ведущим поставщиком высокоэффективного сырья для производства автомобильных красок, лакокрасочных материалов для отделки судов, антикоррозийных средств, печатных красок и порошковых покрытий.",http://www.aabindustrygroup.com,bruce@aabindustrygroup.com,+86 13951823978,https://icatalog.expocentr.ru/ru/exhibitions/190a3ab6-1050-11f0-80ce-a0d3c1fab97f/exhibitors/378289?&stand=2B080,378289,"Компания AAB Industrial Technology (Сюйчжоу) Co. Ltd является ведущим поставщиком высокоэффективного сырья для производства автомобильных красок, лакокрасочных материалов для отделки судов, антикоррозийных средств, печатных красок и порошковых покрытий. | Сырье и вспомогательные материалы для производства лакокрасочных материалов и покрытий",maybe,review,mixed: product terms present but raw_material supplier evidence needs QA review,автомобильных красок; лакокрасочных материалов; порошковых покрытий; покрытий; печатных красок,raw_material; сырье; вспомогательные материалы,ok,,2026-07-14T19:28:58Z,expocentr-icatalog-v1.1.0
ИНТЕРЛАКОКРАСКА-2026,ANHUI BLACK CAT MATERIAL SCIENCE CO. LTD,Китай,,Китай,2B156,ВАВИЛОВ,Сырье и вспомогательные материалы для производства лакокрасочных материалов и покрытий,"Black Cat — крупнейший производитель технического углерода в Китае, способный поставлять полный спектр специальной продукции на основе технического углерода для использования в производстве покрытий, чернил и пластмассы.",http://www.ahbcms.com,carrie@ahbcms.com,+86 18705695592,https://icatalog.expocentr.ru/ru/exhibitions/190a3ab6-1050-11f0-80ce-a0d3c1fab97f/exhibitors/378277?&stand=2B156,378277,"Black Cat — крупнейший производитель технического углерода в Китае, способный поставлять полный спектр специальной продукции на основе технического углерода для использования в производстве покрытий, чернил и пластмассы. | Сырье и вспомогательные материалы для производства лакокрасочных материалов и покрытий",maybe,review,mixed: product terms present but raw_material supplier evidence needs QA review,лакокрасочных материалов; покрытий; чернил,raw_material; сырье; вспомогательные материалы; технического углерода,ok,,2026-07-14T19:28:58Z,expocentr-icatalog-v1.1.0
ИНТЕРЛАКОКРАСКА-2026,ANHUI MEIJIA NEW MATERIALS CO. LTD,Китай,,Китай,2C162,ВАВИЛОВ,Сырье и вспомогательные материалы для производства лакокрасочных материалов и покрытий,"Компания Anhui Meijia, основанная в 2000 году, расположена в провинции Аньхой, Китай. Предприятие специализируется на разработке, производстве и продаже эпоксидных смол, полиэфирных смол и порошковых покрытий.",http://www.anhuimeijia.com,alice@anhuimeijia.com,+86 553 7718190,https://icatalog.expocentr.ru/ru/exhibitions/190a3ab6-1050-11f0-80ce-a0d3c1fab97f/exhibitors/378324?&stand=2C162,378324,"Компания Anhui Meijia, основанная в 2000 году, расположена в провинции Аньхой, Китай. Предприятие специализируется на разработке, производстве и продаже эпоксидных смол, полиэфирных смол и порошковых покрытий. | Сырье и вспомогательные материалы для производства лакокрасочных материалов и покрытий",maybe,review,mixed: product terms present but raw_material supplier evidence needs QA review,лакокрасочных материалов; порошковых покрытий; покрытий,raw_material; сырье; вспомогательные материалы; смол; полиэфир; эпоксид,ok,,2026-07-14T19:28:58Z,expocentr-icatalog-v1.1.0
ИНТЕРЛАКОКРАСКА-2026,ANHUI SHENJIAN NEW MATERIALS CO. LTD,Китай,,Китай,2B010,ВАВИЛОВ,Порошковые покрытия,"Компания Anhui Shenjian New Materials Co. Ltd, основанная в 2002 году, специализируется на разработке и производстве полиэфирных смол для производства порошковых покрытий. Более чем 20 лет стремительного развития.",http://www.shen-jian.com,Martin@shen-jian.com,+86 0553 5316333,https://icatalog.expocentr.ru/ru/exhibitions/190a3ab6-1050-11f0-80ce-a0d3c1fab97f/exhibitors/378791?&stand=2B010,378791,"Компания Anhui Shenjian New Materials Co. Ltd, основанная в 2002 году, специализируется на разработке и производстве полиэфирных смол для производства порошковых покрытий. Более чем 20 лет стремительного развития. | Порошковые покрытия",maybe,review,mixed: product terms present but raw_material supplier evidence needs QA review,порошковых покрытий; порошковые покрытия; покрытия; покрытий,raw_material; смол; полиэфир,ok,,2026-07-14T19:28:58Z,expocentr-icatalog-v1.1.0
ИНТЕРЛАКОКРАСКА-2026,ANHUI YOCHON NEW MATERIALS TECHNOLOGY CO. LTD,Китай,,Китай,4F115,ЧАЯНОВ,Сырье и вспомогательные материалы для производства лакокрасочных материалов и покрытий,Компания Anhui Yochon New Materials Technology Co. Ltd специализируется на производстве полиэфирных смол для порошковых покрытий и является ведущим поставщиком полиэфирных смол в Китае.,http://www.powdercoating-polyesterresin.com,ming@ah-yochon.com,+86 18133605308,https://icatalog.expocentr.ru/ru/exhibitions/190a3ab6-1050-11f0-80ce-a0d3c1fab97f/exhibitors/378416?&stand=4F115,378416,Компания Anhui Yochon New Materials Technology Co. Ltd специализируется на производстве полиэфирных смол для порошковых покрытий и является ведущим поставщиком полиэфирных смол в Китае. | Сырье и вспомогательные материалы для производства лакокрасочных материалов и покрытий,maybe,review,mixed: product terms present but raw_material supplier evidence needs QA review,лакокрасочных материалов; порошковых покрытий; покрытий,raw_material; сырье; вспомогательные материалы; смол; полиэфир,ok,,2026-07-14T19:28:58Z,expocentr-icatalog-v1.1.0
ИНТЕРЛАКОКРАСКА-2026,ANJI CHENGXI CHEMICAL INDUSTRY CO. LTD,Китай,,Китай,4B076,ЧАЯНОВ,"Сырье и вспомогательные материалы для производства лакокрасочных материалов и покрытий; Антикоррозионные лакокрасочные материалы, защитные покрытия","Мы являемся профессиональным производителем органоглины, отличающейся стабильным и постоянным качеством. Продукция серии ICLAY 21 успешно продается в магазинах Asian Paint, Nippon Paint, Kansai Paint и Axalata Paint без единого нарекания.",http://www.ajcxbenclay.com,hmz01@cxbenclay.com,+86 18768351177,https://icatalog.expocentr.ru/ru/exhibitions/190a3ab6-1050-11f0-80ce-a0d3c1fab97f/exhibitors/378802?&stand=4B076,378802,"Мы являемся профессиональным производителем органоглины, отличающейся стабильным и постоянным качеством. Продукция серии ICLAY 21 успешно продается в магазинах Asian Paint, Nippon Paint, Kansai Paint и Axalata Paint без единого нарекания. | Сырье и вспомогательные материалы для производства лакокрасочных материалов и покрытий; Антикоррозионные лакокрасочные материалы, защитные покрытия",maybe,review,mixed: product terms present but raw_material supplier evidence needs QA review,лакокрасочных материалов; лакокрасочные материалы; антикоррозионные; покрытия; покрытий,raw_material; сырье; вспомогательные материалы,ok,,2026-07-14T19:28:58Z,expocentr-icatalog-v1.1.0
ИНТЕРЛАКОКРАСКА-2026,ANSHAN HUIHONG NEW MATERIAL CHEMICAL CO. LTD,Китай,,Китай,2F060,ВАВИЛОВ,Сырье и вспомогательные материалы для производства лакокрасочных материалов и покрытий; Новые технологии и научные разработки,"Компания Anshan Huihong New Material Chemical Co. Ltd — профессиональный высокотехнологичный производитель добавок для покрытий и чернил, таких как диспергаторы, пеногасители, выравнивающие агенты и противоосадочные агенты, которые содержат различные компоненты.",http://www.hvonadditive.com,wangqiong@hopeml.com,+86 0523 86663050,https://icatalog.expocentr.ru/ru/exhibitions/190a3ab6-1050-11f0-80ce-a0d3c1fab97f/exhibitors/378812?&stand=2F060,378812,"Компания Anshan Huihong New Material Chemical Co. Ltd — профессиональный высокотехнологичный производитель добавок для покрытий и чернил, таких как диспергаторы, пеногасители, выравнивающие агенты и противоосадочные агенты, которые содержат различные компоненты. | Сырье и вспомогательные материалы для производства лакокрасочных материалов и покрытий; Новые технологии и научные разработки",maybe,review,mixed: product terms present but raw_material supplier evidence needs QA review,лакокрасочных материалов; покрытий; чернил,raw_material; сырье; вспомогательные материалы; диспергатор; пеногасител,ok,,2026-07-14T19:28:58Z,expocentr-icatalog-v1.1.0
ИНТЕРЛАКОКРАСКА-2026,BEIJING CHENGYUAN INTERNATIONAL EXHIBITION CO. LTD,Китай,,Китай,4A048,ЧАЯНОВ,"Монтаж, эксплуатация и сервисное обслуживание; Информационное обеспечение","Компания Beijing Chengyuan (BCIE/CYI) уже более 10 лет является агентом международных выставок лакокрасочных материалов по всему миру и пользуется заслуженным доверием и у новых, и у постоянных клиентов.",http://www.cyi-expo.com,may.chang@cyi-expo.com,"+86 15711047320, 18610318930",https://icatalog.expocentr.ru/ru/exhibitions/190a3ab6-1050-11f0-80ce-a0d3c1fab97f/exhibitors/378417?&stand=4A048,378417,"Компания Beijing Chengyuan (BCIE/CYI) уже более 10 лет является агентом международных выставок лакокрасочных материалов по всему миру и пользуется заслуженным доверием и у новых, и у постоянных клиентов. | Монтаж, эксплуатация и сервисное обслуживание; Информационное обеспечение",no,exclude,equipment_service: poor fit pure equipment/logistics/service supplier,лакокрасочных материалов,equipment_service; монтаж; эксплуатация; сервисное обслуживание; информационное обеспечение; выставок,ok,,2026-07-14T19:28:58Z,expocentr-icatalog-v1.1.0
ИНТЕРЛАКОКРАСКА-2026,BEREN İNOVASYON KİMYA,Турция,,Турция,2E045,ВАВИЛОВ,,,,,,https://icatalog.expocentr.ru/ru/exhibitions/190a3ab6-1050-11f0-80ce-a0d3c1fab97f/exhibitors/380767?&stand=2E045,380767,,maybe,review,insufficient_public_evidence: manual review,,,partial_missing_fields,evidence_snippet,2026-07-14T19:28:58Z,expocentr-icatalog-v1.1.0
ИНТЕРЛАКОКРАСКА-2026,BOYEE (SHENZHEN) INDUSTRIAL TECHNOLOGY CO. LTD,Китай,,Китай,4B070,ЧАЯНОВ,Диспергирующее оборудование; Системы подачи,"Компания Boyee Industrial, основанная в 2004 году в Шэньчжэне, является крупным национальным предприятием, специализирующимся на производстве высококачественного оборудования для обработки микро- и наноматериалов, а также интеллектуальных производственных линий.",http://www.boyeemill.com,cami.zhan@boyee-mill.com,+86 0755-81766076,https://icatalog.expocentr.ru/ru/exhibitions/190a3ab6-1050-11f0-80ce-a0d3c1fab97f/exhibitors/378813?&stand=4B070,378813,"Компания Boyee Industrial, основанная в 2004 году в Шэньчжэне, является крупным национальным предприятием, специализирующимся на производстве высококачественного оборудования для обработки микро- и наноматериалов, а также интеллектуальных производственных линий. | Диспергирующее оборудование; Системы подачи",no,exclude,equipment_service: poor fit pure equipment/logistics/service supplier,,equipment_service; оборудование; производственных линий; системы подачи; диспергирующее,ok,,2026-07-14T19:28:58Z,expocentr-icatalog-v1.1.0
ИНТЕРЛАКОКРАСКА-2026,CAMELOT CHEMIE,Россия,Москва,"Россия, 123022, г. Москва, ул. 2-я Звенигородская, д. 13, стр. 41, этаж 8, комн. 810",2B055,ВАВИЛОВ,Сырье и вспомогательные материалы для производства лакокрасочных материалов и покрытий; Сырье и вспомогательные материалы для производства адгезивов,"CAMELOT CHEMIE — импортер карбонатных наполнителей, TiO2, полимерных дисперсий и добавок для производства ЛКМ и изделий из пластика.",http://www.camelot-chemie.ru,info@camelot-chemie.ru,+7 (495) 749-0097,https://icatalog.expocentr.ru/ru/exhibitions/190a3ab6-1050-11f0-80ce-a0d3c1fab97f/exhibitors/378253?&stand=2B055,378253,"CAMELOT CHEMIE — импортер карбонатных наполнителей, TiO2, полимерных дисперсий и добавок для производства ЛКМ и изделий из пластика. | Сырье и вспомогательные материалы для производства лакокрасочных материалов и покрытий; Сырье и вспомогательные материалы для производства адгезивов",maybe,review,mixed: product terms present but raw_material supplier evidence needs QA review,лакокрасочных материалов; покрытий; адгезив,raw_material; сырье; вспомогательные материалы; наполнител,ok,,2026-07-14T19:28:58Z,expocentr-icatalog-v1.1.0
ИНТЕРЛАКОКРАСКА-2026,CCPIT SUB-COUNCIL ОF CHEMICAL INDUSTRY,Китай,,Китай,2A095,ВАВИЛОВ,,,,,,https://icatalog.expocentr.ru/ru/exhibitions/190a3ab6-1050-11f0-80ce-a0d3c1fab97f/exhibitors/380782?&stand=2A095,380782,,maybe,review,insufficient_public_evidence: manual review,,,partial_missing_fields,evidence_snippet,2026-07-14T19:28:58Z,expocentr-icatalog-v1.1.0
ИНТЕРЛАКОКРАСКА-2026,CELOTECH RUICO,Китай,,Китай,2A010,ВАВИЛОВ,Сырье и вспомогательные материалы для производства лакокрасочных материалов и покрытий; Сырье и вспомогательные материалы для производства адгезивов,"Celotech Ruico — это совместное предприятие компаний Celotech Chemical и Zhejiang Ruico New Material. Как профессиональный поставщик лакокрасочных материалов, компания производит диспергирующие агенты, пеногасители, смачивающие агенты и другие компоненты.",http://www.celotechruico.com,ce@celotech.com,+86 572 2903236,https://icatalog.expocentr.ru/ru/exhibitions/190a3ab6-1050-11f0-80ce-a0d3c1fab97f/exhibitors/378801?&stand=2A010,378801,"Celotech Ruico — это совместное предприятие компаний Celotech Chemical и Zhejiang Ruico New Material. Как профессиональный поставщик лакокрасочных материалов, компания производит диспергирующие агенты, пеногасители, смачивающие агенты и другие компоненты. | Сырье и вспомогательные материалы для производства лакокрасочных материалов и покрытий; Сырье и вспомогательные материалы для производства адгезивов",maybe,review,mixed: product terms present but raw_material supplier evidence needs QA review,лакокрасочных материалов; покрытий; адгезив,raw_material; сырье; вспомогательные материалы; пеногасител,ok,,2026-07-14T19:28:58Z,expocentr-icatalog-v1.1.0
ИНТЕРЛАКОКРАСКА-2026,CHANGSHA GUANGXIN NEW MATERIALS SCIENCE & TECHNOLOGY CO. LTD,Китай,,Китай,2C148,ВАВИЛОВ,Сырье и вспомогательные материалы для производства лакокрасочных материалов и покрытий; Сырье и вспомогательные материалы для производства адгезивов,"Мы занимаемся разработкой, производством и продажей УФ-отверждаемой смолы со специальными свойствами.",,1225404193@qq.com,+86 15116499120,https://icatalog.expocentr.ru/ru/exhibitions/190a3ab6-1050-11f0-80ce-a0d3c1fab97f/exhibitors/378293?&stand=2C148,378293,"Мы занимаемся разработкой, производством и продажей УФ-отверждаемой смолы со специальными свойствами. | Сырье и вспомогательные материалы для производства лакокрасочных материалов и покрытий; Сырье и вспомогательные материалы для производства адгезивов",maybe,review,mixed: product terms present but raw_material supplier evidence needs QA review,лакокрасочных материалов; покрытий; адгезив,raw_material; сырье; вспомогательные материалы; смол,ok,,2026-07-14T19:28:58Z,expocentr-icatalog-v1.1.0
ИНТЕРЛАКОКРАСКА-2026,CHANGXING HUARUI MECHANICAL EQUIPMENT CO. LTD,Китай,,Китай,2A090,ВАВИЛОВ,"Оборудование для подготовки поверхности; Монтаж, эксплуатация и сервисное обслуживание","Компания Changxing Huarui Mechanical Equipment Co. Основана в 2007 году, расположена в промышленной зоне Хунцяо, городе Хучжоу, провинции Чжэцзян. Компания прошла сертификацию на соответствие стандартам качества ISO 9001, охраны окружающей среды ISO 14001, охраны труда.",http://www.cxhuarui.com,hr003@cxhuarui.com,+86 15726814883,https://icatalog.expocentr.ru/ru/exhibitions/190a3ab6-1050-11f0-80ce-a0d3c1fab97f/exhibitors/378795?&stand=2A090,378795,"Компания Changxing Huarui Mechanical Equipment Co. Основана в 2007 году, расположена в промышленной зоне Хунцяо, городе Хучжоу, провинции Чжэцзян. Компания прошла сертификацию на соответствие стандартам качества ISO 9001, охраны окружающей среды ISO 14001, охраны труда. | Оборудование для подготовки поверхности; Монтаж, эксплуатация и сервисное обслуживание",no,exclude,equipment_service: poor fit pure equipment/logistics/service supplier,,equipment_service; оборудование; монтаж; эксплуатация; сервисное обслуживание,ok,,2026-07-14T19:28:58Z,expocentr-icatalog-v1.1.0
ИНТЕРЛАКОКРАСКА-2026,CHEM WATERBORNE ADDITIVE CO. LTD,Китай,,Китай,4F150,ЧАЯНОВ,Сырье и вспомогательные материалы для производства лакокрасочных материалов и покрытий; Сырье и вспомогательные материалы для производства адгезивов,"Производитель функциональных добавок для производства автомобильных, промышленных, декоративных покрытий на водной основе, печатных красок, клев, герметиков, искусственной кожи, СОЖ.",http://www.additive-chem.com,k.kachuro@sint.moscow,+86 512 50176956,https://icatalog.expocentr.ru/ru/exhibitions/190a3ab6-1050-11f0-80ce-a0d3c1fab97f/exhibitors/379212?&stand=4F150,379212,"Производитель функциональных добавок для производства автомобильных, промышленных, декоративных покрытий на водной основе, печатных красок, клев, герметиков, искусственной кожи, СОЖ. | Сырье и вспомогательные материалы для производства лакокрасочных материалов и покрытий; Сырье и вспомогательные материалы для производства адгезивов",maybe,review,mixed: product terms present but raw_material supplier evidence needs QA review,лакокрасочных материалов; покрытий; печатных красок; адгезив; герметик,raw_material; сырье; вспомогательные материалы,ok,,2026-07-14T19:28:58Z,expocentr-icatalog-v1.1.0
ИНТЕРЛАКОКРАСКА-2026,CHEMIX SPECIALTY CHEMICAL CO. LTD,Китай,,Китай,4F074,ЧАЯНОВ,Сырье и вспомогательные материалы для производства лакокрасочных материалов и покрытий; Сырье и вспомогательные материалы для производства адгезивов,"Мы поставляем добавки для строительных растворов и красок, в том числе эфир целлюлозы, редиспергируемые эмульсионные порошки, суперпластификаторы, эфир крахмала, волокно, пеногасители и т. д.",http://www.chemixsc.com,info@chemixsc.com,+86 2157760209,https://icatalog.expocentr.ru/ru/exhibitions/190a3ab6-1050-11f0-80ce-a0d3c1fab97f/exhibitors/378555?&stand=4F074,378555,"Мы поставляем добавки для строительных растворов и красок, в том числе эфир целлюлозы, редиспергируемые эмульсионные порошки, суперпластификаторы, эфир крахмала, волокно, пеногасители и т. д. | Сырье и вспомогательные материалы для производства лакокрасочных материалов и покрытий; Сырье и вспомогательные материалы для производства адгезивов",maybe,review,mixed: product terms present but raw_material supplier evidence needs QA review,лакокрасочных материалов; покрытий; адгезив,raw_material; сырье; вспомогательные материалы; добавк; пеногасител,ok,,2026-07-14T19:28:58Z,expocentr-icatalog-v1.1.0
ИНТЕРЛАКОКРАСКА-2026,CHONGQING PAN-KEY FINE CHEMICAL CO. LTD,Китай,,Китай,2A025,ВАВИЛОВ,Сырье и вспомогательные материалы для производства адгезивов; Строительные лакокрасочные материалы (фасадные и для внутренних работ),"Pan-key — производитель эфира целлюлозы, специализирующийся на гидроксипропилметилцеллюлозе (ГПМЦ), гидроксиэтилметилцеллюлозе (ГЭМЦ), гидроксиэтилцеллюлозе (ГЭЦ) и модифицированных продуктах, используемых в качестве добавок для производства строительных материалов, покрытий и многого другого.",http://www.pan-key.com,foreign@pan-key.com,+86 2362777905,https://icatalog.expocentr.ru/ru/exhibitions/190a3ab6-1050-11f0-80ce-a0d3c1fab97f/exhibitors/378784?&stand=2A025,378784,"Pan-key — производитель эфира целлюлозы, специализирующийся на гидроксипропилметилцеллюлозе (ГПМЦ), гидроксиэтилметилцеллюлозе (ГЭМЦ), гидроксиэтилцеллюлозе (ГЭЦ) и модифицированных продуктах, используемых в качестве добавок для производства строительных материалов, покрытий и многого другого. | Сырье и вспомогательные материалы для производства адгезивов; Строительные лакокрасочные материалы (фасадные и для внутренних работ)",maybe,review,mixed: product terms present but raw_material supplier evidence needs QA review,лакокрасочные материалы; покрытий; адгезив,raw_material; сырье; вспомогательные материалы,ok,,2026-07-14T19:28:58Z,expocentr-icatalog-v1.1.0
ИНТЕРЛАКОКРАСКА-2026,COWAY INTERNATIONAL TECHTRANS CO. LTD,Китай,,Китай,4A090,ЧАЯНОВ,Сырье и вспомогательные материалы для производства лакокрасочных материалов и покрытий; Новые технологии и научные разработки,"Компания Coway специализируется на тонкой химической промышленности и предлагает клиентам высококачественное сырье, продукцию и сопутствующие технологии.",http://www.coway.com.cn,daria3588729@gmail.com,+86 10 62795180,https://icatalog.expocentr.ru/ru/exhibitions/190a3ab6-1050-11f0-80ce-a0d3c1fab97f/exhibitors/378315?&stand=4A090,378315,"Компания Coway специализируется на тонкой химической промышленности и предлагает клиентам высококачественное сырье, продукцию и сопутствующие технологии. | Сырье и вспомогательные материалы для производства лакокрасочных материалов и покрытий; Новые технологии и научные разработки",maybe,review,mixed: product terms present but raw_material supplier evidence needs QA review,лакокрасочных материалов; покрытий,raw_material; сырье; вспомогательные материалы,ok,,2026-07-14T19:28:58Z,expocentr-icatalog-v1.1.0
ИНТЕРЛАКОКРАСКА-2026,DEQING HELE NEW MATERIAL TECHNOLOGY CO. LTD,Китай,,Китай,4F100,ЧАЯНОВ,Лакокрасочные материалы промышленного назначения,"Компания HELE специализируется на разработке и производстве неорганического оксида железа, органического оксида железа и пигментов на основе технического углерода, включая оксид железа красного, желтого, черного, коричневого, зеленого, оранжевого, синего и других цветов.",http://www.demeipigment.com/about,info@helecolor.com,+86 13666526593,https://icatalog.expocentr.ru/ru/exhibitions/190a3ab6-1050-11f0-80ce-a0d3c1fab97f/exhibitors/378303?&stand=4F100,378303,"Компания HELE специализируется на разработке и производстве неорганического оксида железа, органического оксида железа и пигментов на основе технического углерода, включая оксид железа красного, желтого, черного, коричневого, зеленого, оранжевого, синего и других цветов. | Лакокрасочные материалы промышленного назначения",maybe,review,mixed: product terms present but raw_material supplier evidence needs QA review,лакокрасочные материалы,raw_material; пигмент; технического углерода,ok,,2026-07-14T19:28:58Z,expocentr-icatalog-v1.1.0
ИНТЕРЛАКОКРАСКА-2026,DIMACOLOR INDUSTRY GROUP,Китай,,Китай,2A065,ВАВИЛОВ,Сырье и вспомогательные материалы для производства лакокрасочных материалов и покрытий; Материалы для обработки поверхности,"Мы производим пигменты и добавки в Китае. Наши продукты могут быть использованы для производства чернил, краски, покрытий, пластика, текстиля. Наша основная продукция — органические пигменты, черный углерод и дисперсанты.",http://www.dimacolor.com,sales@dimacolor.com,+86 571 82825513,https://icatalog.expocentr.ru/ru/exhibitions/190a3ab6-1050-11f0-80ce-a0d3c1fab97f/exhibitors/378796?&stand=2A065,378796,"Мы производим пигменты и добавки в Китае. Наши продукты могут быть использованы для производства чернил, краски, покрытий, пластика, текстиля. Наша основная продукция — органические пигменты, черный углерод и дисперсанты. | Сырье и вспомогательные материалы для производства лакокрасочных материалов и покрытий; Материалы для обработки поверхности",maybe,review,mixed: product terms present but raw_material supplier evidence needs QA review,лакокрасочных материалов; краски; покрытий; чернил,raw_material; сырье; вспомогательные материалы; добавк; пигмент,ok,,2026-07-14T19:28:58Z,expocentr-icatalog-v1.1.0
ИНТЕРЛАКОКРАСКА-2026,DONGGUAN INFOR MACHINERY TECHNOLOGY CO. LTD,Китай,,Китай,4D145,ЧАЯНОВ,Сырье и вспомогательные материалы для производства лакокрасочных материалов и покрытий; Измельчители и смесители,"INFOR специализируется на оборудовании для измельчения наноматериалов, включая новые энергетические материалы, керамические материалы, чернила, покрытия. У нее есть дочерние компании в Южной Корее, Марокко и представительства.",http://www.infor-mill.com,yanshuyang@infor99.com,+86 15382808286,https://icatalog.expocentr.ru/ru/exhibitions/190a3ab6-1050-11f0-80ce-a0d3c1fab97f/exhibitors/378797?&stand=4D145,378797,"INFOR специализируется на оборудовании для измельчения наноматериалов, включая новые энергетические материалы, керамические материалы, чернила, покрытия. У нее есть дочерние компании в Южной Корее, Марокко и представительства. | Сырье и вспомогательные материалы для производства лакокрасочных материалов и покрытий; Измельчители и смесители",maybe,review,mixed: product terms present but equipment/service supplier evidence needs QA review,лакокрасочных материалов; покрытия; покрытий; чернил,raw_material; equipment_service; смесител; сырье; вспомогательные материалы,ok,,2026-07-14T19:28:58Z,expocentr-icatalog-v1.1.0
ИНТЕРЛАКОКРАСКА-2026,DONGYING KNT CHEMICAL CO. LIMITED,Китай,,Китай,2B150,ВАВИЛОВ,Сырье и вспомогательные материалы для производства адгезивов; Лакокрасочные материалы промышленного назначения,"Dongying KNT Chemical Co. Limited — это известное и профессионально управляемое предприятие, занимающееся производством смазочных материалов для химической и нефтехимической промышленности.",http://www.telandchem.com,alina@telandchem.com,+86 532 55689671,https://icatalog.expocentr.ru/ru/exhibitions/190a3ab6-1050-11f0-80ce-a0d3c1fab97f/exhibitors/378283?&stand=2B150,378283,"Dongying KNT Chemical Co. Limited — это известное и профессионально управляемое предприятие, занимающееся производством смазочных материалов для химической и нефтехимической промышленности. | Сырье и вспомогательные материалы для производства адгезивов; Лакокрасочные материалы промышленного назначения",maybe,review,mixed: product terms present but raw_material supplier evidence needs QA review,лакокрасочные материалы; адгезив,raw_material; сырье; вспомогательные материалы,ok,,2026-07-14T19:28:58Z,expocentr-icatalog-v1.1.0
ИНТЕРЛАКОКРАСКА-2026,DURA CO. LTD,Китай,,Китай,2F080,ВАВИЛОВ,Материалы для обработки поверхности; Диспергирующее оборудование,"Компания DURA занимается разработкой и производством высококачественных керамических шлифовальных материалов. Основная продукция включает в себя гранулы из стабилизированного иттрием диоксида циркония, гранулы из стабилизированного церием диоксида циркония и композитные гранулы из диоксида циркония.",http://www.durabeads.com,durabeads@aliyun.com,+86 762 8810227,https://icatalog.expocentr.ru/ru/exhibitions/190a3ab6-1050-11f0-80ce-a0d3c1fab97f/exhibitors/378800?&stand=2F080,378800,"Компания DURA занимается разработкой и производством высококачественных керамических шлифовальных материалов. Основная продукция включает в себя гранулы из стабилизированного иттрием диоксида циркония, гранулы из стабилизированного церием диоксида циркония и композитные гранулы из диоксида циркония. | Материалы для обработки поверхности; Диспергирующее оборудование",no,exclude,equipment_service: poor fit pure equipment/logistics/service supplier,,equipment_service; оборудование; диспергирующее,ok,,2026-07-14T19:28:58Z,expocentr-icatalog-v1.1.0
ИНТЕРЛАКОКРАСКА-2026,ELARS ELEKTRONIK MAKINA,Турция,,Турция,2B120,ВАВИЛОВ,Оборудование для нанесения лакокрасочных материалов,"Располагая собственным производством, мы производим, поставляем запасные части и обслуживаем системы электростатического порошкового покрытия марок Micron и StaTech, печи, камеры, агрегаты и оборудование.",http://www.onurcolor.com,info@elars.com.tr,+90 2122704486,https://icatalog.expocentr.ru/ru/exhibitions/190a3ab6-1050-11f0-80ce-a0d3c1fab97f/exhibitors/378424?&stand=2B120,378424,"Располагая собственным производством, мы производим, поставляем запасные части и обслуживаем системы электростатического порошкового покрытия марок Micron и StaTech, печи, камеры, агрегаты и оборудование. | Оборудование для нанесения лакокрасочных материалов",maybe,review,mixed: product terms present but equipment/service supplier evidence needs QA review,лакокрасочных материалов; покрытия,equipment_service; оборудование,ok,,2026-07-14T19:28:58Z,expocentr-icatalog-v1.1.0
ИНТЕРЛАКОКРАСКА-2026,FANGTA (SUZHOU) NEW MATERIALS TECHNOLOGY CO. LTD,Китай,,Китай,4F110,ЧАЯНОВ,Порошковые покрытия,"С 1986 года мы занимаемся производством различных порошковых покрытий, в первую очередь предоставляя услуги OEM и ODM для различных брендов.",https://fangta.en.made-in-china.com,info@ucoat-cn.com,+86 13773092904,https://icatalog.expocentr.ru/ru/exhibitions/190a3ab6-1050-11f0-80ce-a0d3c1fab97f/exhibitors/378296?&stand=4F110,378296,"С 1986 года мы занимаемся производством различных порошковых покрытий, в первую очередь предоставляя услуги OEM и ODM для различных брендов. | Порошковые покрытия",no,exclude,equipment_service: poor fit pure equipment/logistics/service supplier,порошковых покрытий; порошковые покрытия; покрытия; покрытий,equipment_service; услуги,ok,,2026-07-14T19:28:58Z,expocentr-icatalog-v1.1.0
ИНТЕРЛАКОКРАСКА-2026,FOSHAN ZONTAI TITANIUM DIOXIDE LIMITED,Китай,,Китай,4B078,ЧАЯНОВ,Сырье и вспомогательные материалы для производства лакокрасочных материалов и покрытий,"Компания Zontai предлагает широкий ассортимент продукции на основе диоксида титана (TiO₂), предназначенной для производства покрытий, пластмасс, чернил и бумаги, и экспортирует ее более чем в 20 стран и регионов.",http://www.hktio2.com,vicki@zontaiky.xn--com-nga,+86 13929154446,https://icatalog.expocentr.ru/ru/exhibitions/190a3ab6-1050-11f0-80ce-a0d3c1fab97f/exhibitors/378815?&stand=4B078,378815,"Компания Zontai предлагает широкий ассортимент продукции на основе диоксида титана (TiO₂), предназначенной для производства покрытий, пластмасс, чернил и бумаги, и экспортирует ее более чем в 20 стран и регионов. | Сырье и вспомогательные материалы для производства лакокрасочных материалов и покрытий",maybe,review,mixed: product terms present but raw_material supplier evidence needs QA review,лакокрасочных материалов; покрытий; чернил,raw_material; сырье; вспомогательные материалы,ok,,2026-07-14T19:28:58Z,expocentr-icatalog-v1.1.0
ИНТЕРЛАКОКРАСКА-2026,GOOTON GLOBAL LTD.,Китай,,Китай,4B058,ЧАЯНОВ,Сырье и вспомогательные материалы для производства лакокрасочных материалов и покрытий; Материалы для обработки поверхности,"Gooton Global Co. Ltd (GTG) — экспортное подразделение компании Shanghai Sato Material Science Co. Ltd (SATO). Производственная площадка площадью 66 667 м² в провинции Аньхой оснащена линиями производства УФ-олигомеров, УФ-мономеров, акрилатных соединений и полиэфирных смол.",http://www.gooyerint.com,sales@gooyerint.com,+86 21 62219266,https://icatalog.expocentr.ru/ru/exhibitions/190a3ab6-1050-11f0-80ce-a0d3c1fab97f/exhibitors/379207?&stand=4B058,379207,"Gooton Global Co. Ltd (GTG) — экспортное подразделение компании Shanghai Sato Material Science Co. Ltd (SATO). Производственная площадка площадью 66 667 м² в провинции Аньхой оснащена линиями производства УФ-олигомеров, УФ-мономеров, акрилатных соединений и полиэфирных смол. | Сырье и вспомогательные материалы для производства лакокрасочных материалов и покрытий; Материалы для обработки поверхности",maybe,review,mixed: product terms present but raw_material supplier evidence needs QA review,лакокрасочных материалов; покрытий,raw_material; сырье; вспомогательные материалы; смол; полиэфир,ok,,2026-07-14T19:28:58Z,expocentr-icatalog-v1.1.0
ИНТЕРЛАКОКРАСКА-2026,GUANDONG DAHUA NEW MATERIAL LTD,Китай,,Китай,2B030,ВАВИЛОВ,,,,,,https://icatalog.expocentr.ru/ru/exhibitions/190a3ab6-1050-11f0-80ce-a0d3c1fab97f/exhibitors/381279?&stand=2B030,381279,,maybe,review,insufficient_public_evidence: manual review,,,partial_missing_fields,evidence_snippet,2026-07-14T19:28:58Z,expocentr-icatalog-v1.1.0
ИНТЕРЛАКОКРАСКА-2026,GUANGDONG HUAGUOSHAN ENVIRONMENTAL PROTECTION TECHNOLOGY CO. LTD,Китай,,Китай,2A041,ВАВИЛОВ,Сырье и вспомогательные материалы для производства лакокрасочных материалов и покрытий,"Компания Guangdong Huaguoshan Environmental Protection Technology Co. Ltd была основана в 2014 году в городе Шуньдэ, в провинции Гуандун (Китай). Это известный поставщик водорастворимых смол в Китае.",https://www.gdhgs.com/en,gad002@gdhgs.com,+86 075723660729,https://icatalog.expocentr.ru/ru/exhibitions/190a3ab6-1050-11f0-80ce-a0d3c1fab97f/exhibitors/378810?&stand=2A041,378810,"Компания Guangdong Huaguoshan Environmental Protection Technology Co. Ltd была основана в 2014 году в городе Шуньдэ, в провинции Гуандун (Китай). Это известный поставщик водорастворимых смол в Китае. | Сырье и вспомогательные материалы для производства лакокрасочных материалов и покрытий",maybe,review,mixed: product terms present but raw_material supplier evidence needs QA review,лакокрасочных материалов; покрытий,raw_material; сырье; вспомогательные материалы; смол,ok,,2026-07-14T19:28:58Z,expocentr-icatalog-v1.1.0
ИНТЕРЛАКОКРАСКА-2026,GUANGDONG LENCOLO NEW MATERIAL CO. LTD,Китай,,Китай,4B079,ЧАЯНОВ,Сырье и вспомогательные материалы для производства лакокрасочных материалов и покрытий; Лакокрасочные материалы со специальными свойствами,"Guangdong Lencolo New Material Co. Ltd — технологическая компания, специализирующаяся на производстве УФ-отверждаемых материалов: УФ-смол, функциональных добавок, мономеров и фотоинициаторов.",http://www.lencolo37.com,sales@lencolo37.com,+86 18027002837,https://icatalog.expocentr.ru/ru/exhibitions/190a3ab6-1050-11f0-80ce-a0d3c1fab97f/exhibitors/378803?&stand=4B079,378803,"Guangdong Lencolo New Material Co. Ltd — технологическая компания, специализирующаяся на производстве УФ-отверждаемых материалов: УФ-смол, функциональных добавок, мономеров и фотоинициаторов. | Сырье и вспомогательные материалы для производства лакокрасочных материалов и покрытий; Лакокрасочные материалы со специальными свойствами",maybe,review,mixed: product terms present but raw_material supplier evidence needs QA review,лакокрасочных материалов; лакокрасочные материалы; покрытий,raw_material; сырье; вспомогательные материалы; смол,ok,,2026-07-14T19:28:58Z,expocentr-icatalog-v1.1.0
ИНТЕРЛАКОКРАСКА-2026,GUANGDONG OCEAN NEW MATERIAL TECHNOLOGY CO. LTD,Китай,,Китай,2A130,ВАВИЛОВ,Порошковые покрытия; Лакокрасочные материалы промышленного назначения,"Компания Guangdong Ocean New Material Technology Co. LTD была основана в 2017 году. Это производственное предприятие, производитель функциональных добавок для покрытий и красок с годовым объемом производства и продаж около 8000 тонн.",http://www.dgoceanchem.com,ella@dgoceanchem.com,+86 18002669519,https://icatalog.expocentr.ru/ru/exhibitions/190a3ab6-1050-11f0-80ce-a0d3c1fab97f/exhibitors/378288?&stand=2A130,378288,"Компания Guangdong Ocean New Material Technology Co. LTD была основана в 2017 году. Это производственное предприятие, производитель функциональных добавок для покрытий и красок с годовым объемом производства и продаж около 8000 тонн. | Порошковые покрытия; Лакокрасочные материалы промышленного назначения",yes,keep,product_manufacturer: likely packaged coating/chemical product target,лакокрасочные материалы; порошковые покрытия; покрытия; покрытий,,ok,,2026-07-14T19:28:58Z,expocentr-icatalog-v1.1.0
ИНТЕРЛАКОКРАСКА-2026,GUANGDONG PCOTEC POWDER COATING CO. LTD,Китай,,Китай,2B112,ВАВИЛОВ,Сырье и вспомогательные материалы для производства лакокрасочных материалов и покрытий; Порошковые покрытия,"Имея 25-летний опыт производства порошковых покрытий, мы используем глубокое понимание отрасли и надежные возможности управления цепочками поставок для предоставления высококачественного сырья, оптимизации производства и обеспечения индивидуальных решений в области логистики.",http://www.pcotec-coating.com,cenzane0430@gmail.com,+86 750-8308108,https://icatalog.expocentr.ru/ru/exhibitions/190a3ab6-1050-11f0-80ce-a0d3c1fab97f/exhibitors/378783?&stand=2B112,378783,"Имея 25-летний опыт производства порошковых покрытий, мы используем глубокое понимание отрасли и надежные возможности управления цепочками поставок для предоставления высококачественного сырья, оптимизации производства и обеспечения индивидуальных решений в области логистики. | Сырье и вспомогательные материалы для производства лакокрасочных материалов и покрытий; Порошковые покрытия",no,exclude,equipment_service: poor fit pure equipment/logistics/service supplier,лакокрасочных материалов; порошковых покрытий; порошковые покрытия; покрытия; покрытий,raw_material; equipment_service; логистик; сырье; вспомогательные материалы,ok,,2026-07-14T19:28:58Z,expocentr-icatalog-v1.1.0
ИНТЕРЛАКОКРАСКА-2026,GUANGDONG TIANKE NOVEL MATERIALS CO. LTD,Китай,,Китай,2B001,ВАВИЛОВ,Сырье и вспомогательные материалы для производства лакокрасочных материалов и покрытий; Новые технологии и научные разработки,"Tianke Polymers — производитель, придающий большое значение технологиям; специализируется на высококачественных УФ-олигомерах и мономерах. Мы также предлагаем специализированные продукты для производства покрытий, чернил, гелей для ногтей, клея и многого другого.",http://www.tiankeuv.com,info@tiankeuv.com,+86 0769 21669363,https://icatalog.expocentr.ru/ru/exhibitions/190a3ab6-1050-11f0-80ce-a0d3c1fab97f/exhibitors/378814?&stand=2B001,378814,"Tianke Polymers — производитель, придающий большое значение технологиям; специализируется на высококачественных УФ-олигомерах и мономерах. Мы также предлагаем специализированные продукты для производства покрытий, чернил, гелей для ногтей, клея и многого другого. | Сырье и вспомогательные материалы для производства лакокрасочных материалов и покрытий; Новые технологии и научные разработки",maybe,review,mixed: product terms present but raw_material supplier evidence needs QA review,лакокрасочных материалов; покрытий; чернил,raw_material; сырье; вспомогательные материалы,ok,,2026-07-14T19:28:58Z,expocentr-icatalog-v1.1.0
ИНТЕРЛАКОКРАСКА-2026,GUANGZHOU BAWO NEW MATERIAL SCIENCE CO. LTD,Китай,,Китай,4B022,ЧАЯНОВ,Сырье и вспомогательные материалы для производства лакокрасочных материалов и покрытий; Сырье и вспомогательные материалы для производства адгезивов,"Компания Guangzhou BAWO специализируется на разработке, производстве, продаже и техническом обслуживании отверждаемых олигомеров, полимеров и т. д.",https://www.bawo-chem.com,cindytang@bawo-chem.com,+86 13427533654,https://icatalog.expocentr.ru/ru/exhibitions/190a3ab6-1050-11f0-80ce-a0d3c1fab97f/exhibitors/378285?&stand=4B022,378285,"Компания Guangzhou BAWO специализируется на разработке, производстве, продаже и техническом обслуживании отверждаемых олигомеров, полимеров и т. д. | Сырье и вспомогательные материалы для производства лакокрасочных материалов и покрытий; Сырье и вспомогательные материалы для производства адгезивов",maybe,review,mixed: product terms present but raw_material supplier evidence needs QA review,лакокрасочных материалов; покрытий; адгезив,raw_material; сырье; вспомогательные материалы,ok,,2026-07-14T19:28:58Z,expocentr-icatalog-v1.1.0
ИНТЕРЛАКОКРАСКА-2026,GUANGZHOU LEADER CHEMICAL CO. LTD,Китай,,Китай,4B074,ЧАЯНОВ,Сырье и вспомогательные материалы для производства лакокрасочных материалов и покрытий,"Компания Guangdong Leader Chemical — производитель акриловых стирольных полимеров для полиграфии, главным образом на водной основе. Наша основная продукция — высококачественные продукты, разработанные высококвалифицированной технической командой с использованием передовых технологий.",https://www.leader-chem.com.cn,info@leader-chem.com.cn,+86 02082511829,https://icatalog.expocentr.ru/ru/exhibitions/190a3ab6-1050-11f0-80ce-a0d3c1fab97f/exhibitors/378794?&stand=4B074,378794,"Компания Guangdong Leader Chemical — производитель акриловых стирольных полимеров для полиграфии, главным образом на водной основе. Наша основная продукция — высококачественные продукты, разработанные высококвалифицированной технической командой с использованием передовых технологий. | Сырье и вспомогательные материалы для производства лакокрасочных материалов и покрытий",maybe,review,mixed: product terms present but raw_material supplier evidence needs QA review,лакокрасочных материалов; покрытий,raw_material; сырье; вспомогательные материалы,ok,,2026-07-14T19:28:58Z,expocentr-icatalog-v1.1.0
ИНТЕРЛАКОКРАСКА-2026,GUANGZHOU TITANOS INDUSTRY CO. LTD,Китай,,Китай,2D160,ВАВИЛОВ,Сырье и вспомогательные материалы для производства лакокрасочных материалов и покрытий,"Компания Guangzhou Titanos предлагает разнообразные решения на основе диоксида титана (TiO2) клиентам, работающим в области лакокрасочной, пластмассовой, полиграфической, бумажной и резиновой промышленности.",http://www.gztitanos.com,liumeiyou@titanos.com.cn,+86 15999963672,https://icatalog.expocentr.ru/ru/exhibitions/190a3ab6-1050-11f0-80ce-a0d3c1fab97f/exhibitors/378411?&stand=2D160,378411,"Компания Guangzhou Titanos предлагает разнообразные решения на основе диоксида титана (TiO2) клиентам, работающим в области лакокрасочной, пластмассовой, полиграфической, бумажной и резиновой промышленности. | Сырье и вспомогательные материалы для производства лакокрасочных материалов и покрытий",maybe,review,mixed: product terms present but raw_material supplier evidence needs QA review,лакокрасочных материалов; покрытий,raw_material; сырье; вспомогательные материалы,ok,,2026-07-14T19:28:58Z,expocentr-icatalog-v1.1.0
ИНТЕРЛАКОКРАСКА-2026,GUNKEM GUNDUZ KIMYEVI MADDELER,Турция,,Турция,2B035,ВАВИЛОВ,Сырье и вспомогательные материалы для производства лакокрасочных материалов и покрытий; Новые технологии и научные разработки,Мы являемся поставщиком сырья для лакокрасочной промышленности и строительной химии с 1990 года. Осуществляем экспорт во все стран мира.,https://www.gunkemchemicals.com,export1@gunkem.com.tr,+90 5312773828,https://icatalog.expocentr.ru/ru/exhibitions/190a3ab6-1050-11f0-80ce-a0d3c1fab97f/exhibitors/378274?&stand=2B035,378274,Мы являемся поставщиком сырья для лакокрасочной промышленности и строительной химии с 1990 года. Осуществляем экспорт во все стран мира. | Сырье и вспомогательные материалы для производства лакокрасочных материалов и покрытий; Новые технологии и научные разработки,maybe,review,mixed: product terms present but raw_material supplier evidence needs QA review,лакокрасочных материалов; покрытий,raw_material; сырье; вспомогательные материалы,ok,,2026-07-14T19:28:58Z,expocentr-icatalog-v1.1.0
ИНТЕРЛАКОКРАСКА-2026,HAINING LEMEI CHEMICALS CO. LTD,Китай,,Китай,2B110,ВАВИЛОВ,Сырье и вспомогательные материалы для производства лакокрасочных материалов и покрытий,"Компания Haining Lemei Chemicals Co. Ltd, а также ее филиалы — ведущие поставщики разнообразных пигментов с высокими эксплуатационными характеристиками. Наши материалы могут использоваться в производстве покрытий, чернил, пластмассы, косметики и т. д.",http://www.lemei.cn,office@lemeichem.com,+86 573 87967926,https://icatalog.expocentr.ru/ru/exhibitions/190a3ab6-1050-11f0-80ce-a0d3c1fab97f/exhibitors/378550?&stand=2B110,378550,"Компания Haining Lemei Chemicals Co. Ltd, а также ее филиалы — ведущие поставщики разнообразных пигментов с высокими эксплуатационными характеристиками. Наши материалы могут использоваться в производстве покрытий, чернил, пластмассы, косметики и т. д. | Сырье и вспомогательные материалы для производства лакокрасочных материалов и покрытий",maybe,review,mixed: product terms present but raw_material supplier evidence needs QA review,лакокрасочных материалов; покрытий; чернил,raw_material; сырье; вспомогательные материалы; пигмент,ok,,2026-07-14T19:28:58Z,expocentr-icatalog-v1.1.0
ИНТЕРЛАКОКРАСКА-2026,HANDOW CHEMICAL (HENAN) CO. LTD,Китай,,Китай,2B085,ВАВИЛОВ,Сырье и вспомогательные материалы для производства лакокрасочных материалов и покрытий; Сырье и вспомогательные материалы для производства адгезивов,"Компания Handow Chemical специализируется на разработке и применении экологически чистых полимерных эмульсий, универсальных редиспергируемых полимерных и силиконовых гидрофобизирующих порошков.",http://www.handowchem.com,market@handowchem.com,+86 17 839309199,https://icatalog.expocentr.ru/ru/exhibitions/190a3ab6-1050-11f0-80ce-a0d3c1fab97f/exhibitors/378323?&stand=2B085,378323,"Компания Handow Chemical специализируется на разработке и применении экологически чистых полимерных эмульсий, универсальных редиспергируемых полимерных и силиконовых гидрофобизирующих порошков. | Сырье и вспомогательные материалы для производства лакокрасочных материалов и покрытий; Сырье и вспомогательные материалы для производства адгезивов",maybe,review,mixed: product terms present but raw_material supplier evidence needs QA review,лакокрасочных материалов; покрытий; адгезив,raw_material; сырье; вспомогательные материалы,ok,,2026-07-14T19:28:58Z,expocentr-icatalog-v1.1.0
ИНТЕРЛАКОКРАСКА-2026,HANGZHOU BRILLIANT CHEM TECHNOLOGY CO. LTD,Китай,,Китай,2F050,ВАВИЛОВ,Сырье и вспомогательные материалы для производства лакокрасочных материалов и покрытий,"Hangzhou Borui Chemical Technology Co. Ltd — одby из ведущих китайских производителей органических пигментов (красных, желтых, оранжевых, фиолетовых), хромовых пигментов и металлических композиционных растворителей красителей.",http://www.brilliantchem.com,sales@chinapigments.cn,+86 057122820003,https://icatalog.expocentr.ru/ru/exhibitions/190a3ab6-1050-11f0-80ce-a0d3c1fab97f/exhibitors/378553?&stand=2F050,378553,"Hangzhou Borui Chemical Technology Co. Ltd — одby из ведущих китайских производителей органических пигментов (красных, желтых, оранжевых, фиолетовых), хромовых пигментов и металлических композиционных растворителей красителей. | Сырье и вспомогательные материалы для производства лакокрасочных материалов и покрытий",maybe,review,mixed: product terms present but raw_material supplier evidence needs QA review,лакокрасочных материалов; покрытий,raw_material; сырье; вспомогательные материалы; пигмент; растворител,ok,,2026-07-14T19:28:58Z,expocentr-icatalog-v1.1.0
ИНТЕРЛАКОКРАСКА-2026,HANGZHOU SYNOX PIGMENTS CO. LTD,Китай,,Китай,4F050,ЧАЯНОВ,Лакокрасочные материалы промышленного назначения; Строительные лакокрасочные материалы (фасадные и для внутренних работ),"Hangzhou Synox Pigments Co. Ltd. — ведущий поставщик пигментов на основе оксида железа. Обладая многолетним опытом в области разработки пигментов, мы специализируемся на предоставлении высокоэффективных экологически чистых решений, разработанных с учетом потребностей клиентов.",http://www.synoxpigments.com,crissa@synox.com.cm,+86 571 86589517,https://icatalog.expocentr.ru/ru/exhibitions/190a3ab6-1050-11f0-80ce-a0d3c1fab97f/exhibitors/378539?&stand=4F050,378539,"Hangzhou Synox Pigments Co. Ltd. — ведущий поставщик пигментов на основе оксида железа. Обладая многолетним опытом в области разработки пигментов, мы специализируемся на предоставлении высокоэффективных экологически чистых решений, разработанных с учетом потребностей клиентов. | Лакокрасочные материалы промышленного назначения; Строительные лакокрасочные материалы (фасадные и для внутренних работ)",maybe,review,mixed: product terms present but raw_material supplier evidence needs QA review,лакокрасочные материалы,raw_material; пигмент,ok,,2026-07-14T19:28:58Z,expocentr-icatalog-v1.1.0
ИНТЕРЛАКОКРАСКА-2026,HARBIN FREM CHEMICAL CO. LTD,Китай,,Китай,4B110,ЧАЯНОВ,"Другие виды лакокрасочных материалов; Антикоррозионные лакокрасочные материалы, защитные покрытия","Специализируется на дистрибьюции широкой линейки красителей: китайских пигментов под собственной маркой FREM, железоокисных пигментов (Испания), пигментов (Германия), диоксида титана. Фосфат цинка.",http://frem.by,info@frem.by,+86 19904500031,https://icatalog.expocentr.ru/ru/exhibitions/190a3ab6-1050-11f0-80ce-a0d3c1fab97f/exhibitors/379990?&stand=4B110,379990,"Специализируется на дистрибьюции широкой линейки красителей: китайских пигментов под собственной маркой FREM, железоокисных пигментов (Испания), пигментов (Германия), диоксида титана. Фосфат цинка. | Другие виды лакокрасочных материалов; Антикоррозионные лакокрасочные материалы, защитные покрытия",maybe,review,mixed: product terms present but raw_material supplier evidence needs QA review,лакокрасочных материалов; лакокрасочные материалы; антикоррозионные; покрытия,raw_material; пигмент,ok,,2026-07-14T19:28:58Z,expocentr-icatalog-v1.1.0
ИНТЕРЛАКОКРАСКА-2026,HEBEI DOUBLE BULLS CELLULOSE CO. LTD,Китай,,Китай,4B075,ЧАЯНОВ,Сырье и вспомогательные материалы для производства адгезивов,"Hebei Double Bulls Cellulose Co. Ltd — крупнейший производитель гидроксипропилметилцеллюлозы (HPMC) в Китае. У нас есть 16 передовых производственных линий РСУ; компания обладает сертификатами SGS ISO 9001, SGS ISO 14000 и Reach.",http://www.double-bulls.com,export@double-bulls.com,+86 17 331177788,https://icatalog.expocentr.ru/ru/exhibitions/190a3ab6-1050-11f0-80ce-a0d3c1fab97f/exhibitors/378804?&stand=4B075,378804,"Hebei Double Bulls Cellulose Co. Ltd — крупнейший производитель гидроксипропилметилцеллюлозы (HPMC) в Китае. У нас есть 16 передовых производственных линий РСУ; компания обладает сертификатами SGS ISO 9001, SGS ISO 14000 и Reach. | Сырье и вспомогательные материалы для производства адгезивов",maybe,review,mixed: product terms present but equipment/service supplier evidence needs QA review,адгезив,raw_material; equipment_service; производственных линий; сырье; вспомогательные материалы,ok,,2026-07-14T19:28:58Z,expocentr-icatalog-v1.1.0
ИНТЕРЛАКОКРАСКА-2026,HECCKEM CHEMICALS,Турция,,Турция,2E095,ВАВИЛОВ,Сырье и вспомогательные материалы для производства лакокрасочных материалов и покрытий; Материалы для обработки поверхности,"Hecckem поставляет сырье для производства красок и строительных химикатов, предлагая инновационные надежные экологичные решения Развитая сервисная сеть, международное присутствие.",https://hecckem.com.tr,hecckem@hecckem.com.tr,+90 216456500,https://icatalog.expocentr.ru/ru/exhibitions/190a3ab6-1050-11f0-80ce-a0d3c1fab97f/exhibitors/378884?&stand=2E095,378884,"Hecckem поставляет сырье для производства красок и строительных химикатов, предлагая инновационные надежные экологичные решения Развитая сервисная сеть, международное присутствие. | Сырье и вспомогательные материалы для производства лакокрасочных материалов и покрытий; Материалы для обработки поверхности",maybe,review,mixed: product terms present but raw_material supplier evidence needs QA review,лакокрасочных материалов; покрытий,raw_material; сырье; вспомогательные материалы,ok,,2026-07-14T19:28:58Z,expocentr-icatalog-v1.1.0
ИНТЕРЛАКОКРАСКА-2026,HENAN HUAMEI CINDA INDUSTRIAL CO. LTD,Китай,,Китай,2C145,ВАВИЛОВ,Сырье и вспомогательные материалы для производства лакокрасочных материалов и покрытий; Сырье и вспомогательные материалы для производства адгезивов,"Производитель высокоэффективного пирогенного диоксида кремния, матирующих и пеногасящих добавок. Годовой объем производства — 10 000 тонн. Поставляет универсальную продукцию для производства красок, покрытий, смол, герметиков и клеев.",http://www.chinafumedsilica.com,sale3@chinafumedsilica.com,+86 13569127520,https://icatalog.expocentr.ru/ru/exhibitions/190a3ab6-1050-11f0-80ce-a0d3c1fab97f/exhibitors/378292?&stand=2C145,378292,"Производитель высокоэффективного пирогенного диоксида кремния, матирующих и пеногасящих добавок. Годовой объем производства — 10 000 тонн. Поставляет универсальную продукцию для производства красок, покрытий, смол, герметиков и клеев. | Сырье и вспомогательные материалы для производства лакокрасочных материалов и покрытий; Сырье и вспомогательные материалы для производства адгезивов",maybe,review,mixed: product terms present but raw_material supplier evidence needs QA review,лакокрасочных материалов; покрытий; адгезив; герметик,raw_material; сырье; вспомогательные материалы; смол,ok,,2026-07-14T19:28:58Z,expocentr-icatalog-v1.1.0
ИНТЕРЛАКОКРАСКА-2026,HENAN JINSHUO TECHNOLOGY CO. LTD,Китай,,Китай,2F090,ВАВИЛОВ,Сырье и вспомогательные материалы для производства лакокрасочных материалов и покрытий; Сырье и вспомогательные материалы для производства адгезивов,"Компания Henan Jinshuo Technology Co. Ltd — это предприятие, объединяющее разработки, производство и продажу эфира целлюлозы. Компания была основана в 2020 году.",http://www.jinshuohec.com,sp@hnjshec.com,+86 03926873161,https://icatalog.expocentr.ru/ru/exhibitions/190a3ab6-1050-11f0-80ce-a0d3c1fab97f/exhibitors/378808?&stand=2F090,378808,"Компания Henan Jinshuo Technology Co. Ltd — это предприятие, объединяющее разработки, производство и продажу эфира целлюлозы. Компания была основана в 2020 году. | Сырье и вспомогательные материалы для производства лакокрасочных материалов и покрытий; Сырье и вспомогательные материалы для производства адгезивов",maybe,review,mixed: product terms present but raw_material supplier evidence needs QA review,лакокрасочных материалов; покрытий; адгезив,raw_material; сырье; вспомогательные материалы,ok,,2026-07-14T19:28:58Z,expocentr-icatalog-v1.1.0
ИНТЕРЛАКОКРАСКА-2026,HOOSUN TECHNOLOGY GROUP CO. LTD,Китай,,Китай,2C090,ВАВИЛОВ,Измельчители и смесители; Системы подачи,"Компания Hoosun Technology Group — ведущий поставщик интеллектуальных производственных платформ для перерабатывающей промышленности, обслуживающий отрасль переработки передовых материалов.",http://www.hoosuntec.com,8729@hoosuntec.com,+86 18655376049,https://icatalog.expocentr.ru/ru/exhibitions/190a3ab6-1050-11f0-80ce-a0d3c1fab97f/exhibitors/378316?&stand=2C090,378316,"Компания Hoosun Technology Group — ведущий поставщик интеллектуальных производственных платформ для перерабатывающей промышленности, обслуживающий отрасль переработки передовых материалов. | Измельчители и смесители; Системы подачи",no,exclude,equipment_service: poor fit pure equipment/logistics/service supplier,,equipment_service; системы подачи; смесител,ok,,2026-07-14T19:28:58Z,expocentr-icatalog-v1.1.0
ИНТЕРЛАКОКРАСКА-2026,HUALUN ADVANCED MATERIALS (JIANGSU) CO. LTD,Китай,,Китай,4B057,ЧАЯНОВ,Сырье и вспомогательные материалы для производства лакокрасочных материалов и покрытий,"Компания Hualun предлагает высококипящие ароматические растворители, 1, 2, 4-триметилбензол, дурен, 1, 2, 4, 5-тетраметилбензол, эфиры и ацетаты пропиленгликоля и этиленгликоля, лакокрасочные смолы и другие тонкие химические вещества.",http://www.hualunchem.com,yzhl@hualunchem.com,+86 514 86507985,https://icatalog.expocentr.ru/ru/exhibitions/190a3ab6-1050-11f0-80ce-a0d3c1fab97f/exhibitors/378807?&stand=4B057,378807,"Компания Hualun предлагает высококипящие ароматические растворители, 1, 2, 4-триметилбензол, дурен, 1, 2, 4, 5-тетраметилбензол, эфиры и ацетаты пропиленгликоля и этиленгликоля, лакокрасочные смолы и другие тонкие химические вещества. | Сырье и вспомогательные материалы для производства лакокрасочных материалов и покрытий",maybe,review,mixed: product terms present but raw_material supplier evidence needs QA review,лакокрасочных материалов; покрытий,raw_material; сырье; вспомогательные материалы; смол; растворител,ok,,2026-07-14T19:28:58Z,expocentr-icatalog-v1.1.0
ИНТЕРЛАКОКРАСКА-2026,HUBEI CO-FORMULA MATERIAL TECH CO. LTD,Китай,,Китай,2B140,ВАВИЛОВ,Сырье и вспомогательные материалы для производства лакокрасочных материалов и покрытий; Сырье и вспомогательные материалы для производства адгезивов,"Компания Co-Formula — сертифицированный по стандарту ISO производитель функциональных силанов, силиконовых масел и силоксанов. Продукция применяется при производстве покрытий, красок, клеев, герметиков, косметики, пластмасс, резины, в строительстве, электротехнике и здравоохранении.",http://www.cfmats.com,teresa@cfmats.com,+86 027 84459282,https://icatalog.expocentr.ru/ru/exhibitions/190a3ab6-1050-11f0-80ce-a0d3c1fab97f/exhibitors/378306?&stand=2B140,378306,"Компания Co-Formula — сертифицированный по стандарту ISO производитель функциональных силанов, силиконовых масел и силоксанов. Продукция применяется при производстве покрытий, красок, клеев, герметиков, косметики, пластмасс, резины, в строительстве, электротехнике и здравоохранении. | Сырье и вспомогательные материалы для производства лакокрасочных материалов и покрытий; Сырье и вспомогательные материалы для производства адгезивов",maybe,review,mixed: product terms present but raw_material supplier evidence needs QA review,лакокрасочных материалов; покрытий; адгезив; герметик,raw_material; сырье; вспомогательные материалы,ok,,2026-07-14T19:28:58Z,expocentr-icatalog-v1.1.0
ИНТЕРЛАКОКРАСКА-2026,HUBEI GREENHOME MATERIALS TECHNOLOGY INC.,Китай,,Китай,4B059,ЧАЯНОВ,Сырье и вспомогательные материалы для производства лакокрасочных материалов и покрытий,"Компания Hubei Greenhome Materials Technology, Inc. специализируется на разработке, производстве, продаже бензилхлорида, бензилового спирта, бензальдегида, бензилбензоата и эпоксидных реактивных дилентов. Сервис.",http://www.greenhomechem.com,carrie@greenhomechem.com,+86 027 81880518,https://icatalog.expocentr.ru/ru/exhibitions/190a3ab6-1050-11f0-80ce-a0d3c1fab97f/exhibitors/378799?&stand=4B059,378799,"Компания Hubei Greenhome Materials Technology, Inc. специализируется на разработке, производстве, продаже бензилхлорида, бензилового спирта, бензальдегида, бензилбензоата и эпоксидных реактивных дилентов. Сервис. | Сырье и вспомогательные материалы для производства лакокрасочных материалов и покрытий",maybe,review,mixed: product terms present but raw_material supplier evidence needs QA review,лакокрасочных материалов; покрытий,raw_material; сырье; вспомогательные материалы; эпоксид,ok,,2026-07-14T19:28:58Z,expocentr-icatalog-v1.1.0
ИНТЕРЛАКОКРАСКА-2026,HUBEI HUIFU NANOMATERIAL CO. LTD,Китай,,Китай,2F065,ВАВИЛОВ,Сырье и вспомогательные материалы для производства лакокрасочных материалов и покрытий; Материалы для обработки поверхности,"Hubei Huifu Nanomaterial Co. Ltd — это китайское крупное специализированное предприятие, которое занимается разработкой, производством и продажей трех основных категорий наноматериалов.",http://hifull.net,hifull@hifull.com,+86 4006071778,https://icatalog.expocentr.ru/ru/exhibitions/190a3ab6-1050-11f0-80ce-a0d3c1fab97f/exhibitors/378785?&stand=2F065,378785,"Hubei Huifu Nanomaterial Co. Ltd — это китайское крупное специализированное предприятие, которое занимается разработкой, производством и продажей трех основных категорий наноматериалов. | Сырье и вспомогательные материалы для производства лакокрасочных материалов и покрытий; Материалы для обработки поверхности",maybe,review,mixed: product terms present but raw_material supplier evidence needs QA review,лакокрасочных материалов; покрытий,raw_material; сырье; вспомогательные материалы,ok,,2026-07-14T19:28:58Z,expocentr-icatalog-v1.1.0
ИНТЕРЛАКОКРАСКА-2026,HUBEI LENS AURORA NEW MATERIAL TECHNOLOGY CO. LTD,Китай,,Китай,4E141,ЧАЯНОВ,,,,,,https://icatalog.expocentr.ru/ru/exhibitions/190a3ab6-1050-11f0-80ce-a0d3c1fab97f/exhibitors/381280?&stand=4E141,381280,,maybe,review,insufficient_public_evidence: manual review,,,partial_missing_fields,evidence_snippet,2026-07-14T19:28:58Z,expocentr-icatalog-v1.1.0
ИНТЕРЛАКОКРАСКА-2026,IBA KIMYA SAN. VE TIC. A.S.,Турция,,Турция,2E080,ВАВИЛОВ,Сырье и вспомогательные материалы для производства лакокрасочных материалов и покрытий; Порошковые покрытия,"Компания Iba Kimya — ведущий производитель порошковых покрытий в Турции, входит в десятку лучших в Европе. Экспортирует свою продукцию более чем в 20 стран. Является значимым брендом в странах СНГ.",http://www.iba.com.tr,export@iba.com.tr,+90 3122670983,https://icatalog.expocentr.ru/ru/exhibitions/190a3ab6-1050-11f0-80ce-a0d3c1fab97f/exhibitors/379996?&stand=2E080,379996,"Компания Iba Kimya — ведущий производитель порошковых покрытий в Турции, входит в десятку лучших в Европе. Экспортирует свою продукцию более чем в 20 стран. Является значимым брендом в странах СНГ. | Сырье и вспомогательные материалы для производства лакокрасочных материалов и покрытий; Порошковые покрытия",maybe,review,mixed: product terms present but raw_material supplier evidence needs QA review,лакокрасочных материалов; порошковых покрытий; порошковые покрытия; покрытия; покрытий,raw_material; сырье; вспомогательные материалы,ok,,2026-07-14T19:28:58Z,expocentr-icatalog-v1.1.0
ИНТЕРЛАКОКРАСКА-2026,INNER MONGOLIA SUNRISE NEW MATERIAL CO. LTD,Китай,,Китай,2E110,ВАВИЛОВ,Сырье и вспомогательные материалы для производства лакокрасочных материалов и покрытий,"Корпорация Sunrise – крупнейший в Китае производитель алюминиевых пигментов, сажи, цинкового порошка, бронзовых и медных пигментов, а также алюминиевой пасты и порошка для производства газобетона.",https://www.xuyangchem.com,export@ahxuyang.cn,+86 551 66399111,https://icatalog.expocentr.ru/ru/exhibitions/190a3ab6-1050-11f0-80ce-a0d3c1fab97f/exhibitors/378787?&stand=2E110,378787,"Корпорация Sunrise – крупнейший в Китае производитель алюминиевых пигментов, сажи, цинкового порошка, бронзовых и медных пигментов, а также алюминиевой пасты и порошка для производства газобетона. | Сырье и вспомогательные материалы для производства лакокрасочных материалов и покрытий",maybe,review,mixed: product terms present but raw_material supplier evidence needs QA review,лакокрасочных материалов; покрытий,raw_material; сырье; вспомогательные материалы; пигмент,ok,,2026-07-14T19:28:58Z,expocentr-icatalog-v1.1.0
ИНТЕРЛАКОКРАСКА-2026,INNER MONGOLIA SUPER NEW MATERIAL CO. LTD,Китай,,Китай,2A015,ВАВИЛОВ,Сырье и вспомогательные материалы для производства лакокрасочных материалов и покрытий,"Компания Inner Mongolia Super New Material Co. Ltd, основанная в марте 2012 года, является одним из ведущих мировых производителей кальцинированного каолина с годовой производственной мощностью 280 000 тонн.",http://www.nmsuper.com,cplcb@superkaolin.com,+86 471 3595663,https://icatalog.expocentr.ru/ru/exhibitions/190a3ab6-1050-11f0-80ce-a0d3c1fab97f/exhibitors/378793?&stand=2A015,378793,"Компания Inner Mongolia Super New Material Co. Ltd, основанная в марте 2012 года, является одним из ведущих мировых производителей кальцинированного каолина с годовой производственной мощностью 280 000 тонн. | Сырье и вспомогательные материалы для производства лакокрасочных материалов и покрытий",maybe,review,mixed: product terms present but raw_material supplier evidence needs QA review,лакокрасочных материалов; покрытий,raw_material; сырье; вспомогательные материалы,ok,,2026-07-14T19:28:58Z,expocentr-icatalog-v1.1.0
ИНТЕРЛАКОКРАСКА-2026,JIANGSU GUANGCHENG CHEMICAL CO. LTD,Китай,,Китай,2A106,ВАВИЛОВ,Сырье и вспомогательные материалы для производства лакокрасочных материалов и покрытий,"Компания GAXSN, занимающая площадь 37 000 м² и инвестировавшая 280 миллионов юаней, специализируется на добавках на водной основе, включая пеногасители, смачивающие агенты, диспергирующие агенты, загустители, реологические и выравнивающие агенты.",http://global.gaxsn.com,andrew.fan@gaxsn.com,+86 513 81800955,https://icatalog.expocentr.ru/ru/exhibitions/190a3ab6-1050-11f0-80ce-a0d3c1fab97f/exhibitors/378792?&stand=2A106,378792,"Компания GAXSN, занимающая площадь 37 000 м² и инвестировавшая 280 миллионов юаней, специализируется на добавках на водной основе, включая пеногасители, смачивающие агенты, диспергирующие агенты, загустители, реологические и выравнивающие агенты. | Сырье и вспомогательные материалы для производства лакокрасочных материалов и покрытий",maybe,review,mixed: product terms present but raw_material supplier evidence needs QA review,лакокрасочных материалов; покрытий,raw_material; сырье; вспомогательные материалы; добавк; пеногасител,ok,,2026-07-14T19:28:58Z,expocentr-icatalog-v1.1.0
ИНТЕРЛАКОКРАСКА-2026,JIANGSU SANMU GROUP CO. LTD,Китай,,Китай,2D105,ВАВИЛОВ,Сырье и вспомогательные материалы для производства лакокрасочных материалов и покрытий,"Группа компаний Jiangsu Sanmu была основана в 1979 году и насчитывает более 8000 сотрудников. Мы являемся крупнейшим производителем химических материалов, нашими основными продуктами являются эпоксидная смола, аминосмола, полиэфирные смолы, акриловая смола и т. д.",http://www.sammuchem.com,tracy@sanmuchem.com,+86 510 87234002,https://icatalog.expocentr.ru/ru/exhibitions/190a3ab6-1050-11f0-80ce-a0d3c1fab97f/exhibitors/379204?&stand=2D105,379204,"Группа компаний Jiangsu Sanmu была основана в 1979 году и насчитывает более 8000 сотрудников. Мы являемся крупнейшим производителем химических материалов, нашими основными продуктами являются эпоксидная смола, аминосмола, полиэфирные смолы, акриловая смола и т. д. | Сырье и вспомогательные материалы для производства лакокрасочных материалов и покрытий",maybe,review,mixed: product terms present but raw_material supplier evidence needs QA review,лакокрасочных материалов; покрытий,raw_material; сырье; вспомогательные материалы; смол; полиэфир; эпоксид,ok,,2026-07-14T19:28:58Z,expocentr-icatalog-v1.1.0
ИНТЕРЛАКОКРАСКА-2026,JIANGSU SHENLONG ZINC INDUSTRY CO. LTD,Китай,,Китай,2E115,ВАВИЛОВ,Сырье и вспомогательные материалы для производства лакокрасочных материалов и покрытий; Лакокрасочные материалы для судостроения,"В настоящее время мы являемся одним из ведущих предприятий в Китае, специализирующимся на производстве цинковых солей, соединений цинка, серии фосфатов, молибдатов, металлических пигментов и добавок под брендом Shenlong.",http://www.shenlongzinc.com,jenny.dai@shenlongzinc.com,+86 052383998198,https://icatalog.expocentr.ru/ru/exhibitions/190a3ab6-1050-11f0-80ce-a0d3c1fab97f/exhibitors/378790?&stand=2E115,378790,"В настоящее время мы являемся одним из ведущих предприятий в Китае, специализирующимся на производстве цинковых солей, соединений цинка, серии фосфатов, молибдатов, металлических пигментов и добавок под брендом Shenlong. | Сырье и вспомогательные материалы для производства лакокрасочных материалов и покрытий; Лакокрасочные материалы для судостроения",maybe,review,mixed: product terms present but raw_material supplier evidence needs QA review,лакокрасочных материалов; лакокрасочные материалы; покрытий,raw_material; сырье; вспомогательные материалы; пигмент,ok,,2026-07-14T19:28:58Z,expocentr-icatalog-v1.1.0
ИНТЕРЛАКОКРАСКА-2026,JIANGSU TIANYIN CHEMICAL INDUSTRY CO. LTD (DYNAMIC),Китай,,Китай,4D001,ЧАЯНОВ,Сырье и вспомогательные материалы для производства лакокрасочных материалов и покрытий; Материалы для обработки поверхности,Компания Jiangsu Tianyin Chemical Industry Co. Ltd. (Dynamic) — это совместное предприятие. Наша группа компаний на протяжении 40 лет является ведущим производителем гликолевых растворителей в Китае.,http://www.dynai.com,amy@dynai.com,+86 510 87551427,https://icatalog.expocentr.ru/ru/exhibitions/190a3ab6-1050-11f0-80ce-a0d3c1fab97f/exhibitors/378786?&stand=4D001,378786,Компания Jiangsu Tianyin Chemical Industry Co. Ltd. (Dynamic) — это совместное предприятие. Наша группа компаний на протяжении 40 лет является ведущим производителем гликолевых растворителей в Китае. | Сырье и вспомогательные материалы для производства лакокрасочных материалов и покрытий; Материалы для обработки поверхности,maybe,review,mixed: product terms present but raw_material supplier evidence needs QA review,лакокрасочных материалов; покрытий,raw_material; сырье; вспомогательные материалы; растворител,ok,,2026-07-14T19:28:58Z,expocentr-icatalog-v1.1.0
ИНТЕРЛАКОКРАСКА-2026,JIANGSU VERGINIA CONSTUCTION MATERIALS CO. LTD,Китай,,Китай,2F095,ВАВИЛОВ,Сырье и вспомогательные материалы для производства адгезивов,"Компания Jiangsu Verginia Construction Materials Co. Ltd специализируется на поставке основных сырьевых материалов для строительной отрасли. Продукция включает в себя редиспергируемые полимерные порошки, поликарбоксилатные суперпластификаторы и другие строительные добавки.",http://www.verginia.com.cn,Jimmy@verginia.com.cn,+86 513 84319919,https://icatalog.expocentr.ru/ru/exhibitions/190a3ab6-1050-11f0-80ce-a0d3c1fab97f/exhibitors/378549?&stand=2F095,378549,"Компания Jiangsu Verginia Construction Materials Co. Ltd специализируется на поставке основных сырьевых материалов для строительной отрасли. Продукция включает в себя редиспергируемые полимерные порошки, поликарбоксилатные суперпластификаторы и другие строительные добавки. | Сырье и вспомогательные материалы для производства адгезивов",maybe,review,mixed: product terms present but raw_material supplier evidence needs QA review,адгезив,raw_material; сырье; вспомогательные материалы; добавк,ok,,2026-07-14T19:28:58Z,expocentr-icatalog-v1.1.0
ИНТЕРЛАКОКРАСКА-2026,JIANGXI KUN-LONG NEW MATERIALS CO. LTD,Китай,,Китай,4A093,ЧАЯНОВ,Сырье и вспомогательные материалы для производства лакокрасочных материалов и покрытий; Сырье и вспомогательные материалы для производства адгезивов,"Компания Jiangxi Kunlong New Materials Co. Ltd, основанная в 2005 году, специализируется на УФ-смолах для покрытий, чернил, клеев и 3D-печати, предлагая высококачественную, экономически эффективную продукцию и техническую поддержку.",http://www.jxkunlong.com,janseliang@jxkunlong.com,+86 15307951888,https://icatalog.expocentr.ru/ru/exhibitions/190a3ab6-1050-11f0-80ce-a0d3c1fab97f/exhibitors/379641?&stand=4A093,379641,"Компания Jiangxi Kunlong New Materials Co. Ltd, основанная в 2005 году, специализируется на УФ-смолах для покрытий, чернил, клеев и 3D-печати, предлагая высококачественную, экономически эффективную продукцию и техническую поддержку. | Сырье и вспомогательные материалы для производства лакокрасочных материалов и покрытий; Сырье и вспомогательные материалы для производства адгезивов",maybe,review,mixed: product terms present but raw_material supplier evidence needs QA review,лакокрасочных материалов; покрытий; чернил; адгезив,raw_material; сырье; вспомогательные материалы; смол,ok,,2026-07-14T19:28:58Z,expocentr-icatalog-v1.1.0
ИНТЕРЛАКОКРАСКА-2026,JIANGXI VASHLITE NEW MATERIAL CO. LTD,Китай,,Китай,4D148,ЧАЯНОВ,Сырье и вспомогательные материалы для производства лакокрасочных материалов и покрытий; Сырье и вспомогательные материалы для производства адгезивов,Производитель органического бентонита и модифицированного монтмориллонита Vashlite обеспечивает отрасль тонкого химического синтеза высококачественной продукцией с улучшенными характеристиками.,http://www.hsbentonite.com,info@hsbentonite.com,+86 13616724422,https://icatalog.expocentr.ru/ru/exhibitions/190a3ab6-1050-11f0-80ce-a0d3c1fab97f/exhibitors/378412?&stand=4D148,378412,Производитель органического бентонита и модифицированного монтмориллонита Vashlite обеспечивает отрасль тонкого химического синтеза высококачественной продукцией с улучшенными характеристиками. | Сырье и вспомогательные материалы для производства лакокрасочных материалов и покрытий; Сырье и вспомогательные материалы для производства адгезивов,maybe,review,mixed: product terms present but raw_material supplier evidence needs QA review,лакокрасочных материалов; покрытий; адгезив,raw_material; сырье; вспомогательные материалы,ok,,2026-07-14T19:28:58Z,expocentr-icatalog-v1.1.0
ИНТЕРЛАКОКРАСКА-2026,KAIFENG QUARK NEW MATERIAL CO. LTD,Китай,,Китай,4F130,ЧАЯНОВ,"Сырье и вспомогательные материалы для производства лакокрасочных материалов и покрытий; Антикоррозионные лакокрасочные материалы, защитные покрытия","Корпорация Quark производит высокопроизводительные экологически безопасные полисилоксановые смолы, полиамидимиды (PAI) и полиэфирсульфоны (PES) для производства термостойких, антикоррозийных и защитных покрытий. Предлагаем высокотехнологичные материалы и решения.",http://www.quarknano.com,sarah@quarknano.com,+86 037128883116,https://icatalog.expocentr.ru/ru/exhibitions/190a3ab6-1050-11f0-80ce-a0d3c1fab97f/exhibitors/378885?&stand=4F130,378885,"Корпорация Quark производит высокопроизводительные экологически безопасные полисилоксановые смолы, полиамидимиды (PAI) и полиэфирсульфоны (PES) для производства термостойких, антикоррозийных и защитных покрытий. Предлагаем высокотехнологичные материалы и решения. | Сырье и вспомогательные материалы для производства лакокрасочных материалов и покрытий; Антикоррозионные лакокрасочные материалы, защитные покрытия",maybe,review,mixed: product terms present but raw_material supplier evidence needs QA review,лакокрасочных материалов; лакокрасочные материалы; защитных покрытий; антикоррозионные; покрытия; покрытий,raw_material; сырье; вспомогательные материалы; смол; полиэфир,ok,,2026-07-14T19:28:58Z,expocentr-icatalog-v1.1.0
ИНТЕРЛАКОКРАСКА-2026,KANGNAM JEVISCO CO. LTD,Республика Корея,,Республика Корея,4E085,ЧАЯНОВ,Порошковые покрытия; Лакокрасочные материалы промышленного назначения,"Ведущий производитель лакокрасочных материалов в Корее. Порошковые краски, лаки для консервной промышленности, архитектурные краски и другое.",,,,https://icatalog.expocentr.ru/ru/exhibitions/190a3ab6-1050-11f0-80ce-a0d3c1fab97f/exhibitors/378311?&stand=4E085,378311,"Ведущий производитель лакокрасочных материалов в Корее. Порошковые краски, лаки для консервной промышленности, архитектурные краски и другое. | Порошковые покрытия; Лакокрасочные материалы промышленного назначения",yes,keep,product_manufacturer: likely packaged coating/chemical product target,лакокрасочных материалов; лакокрасочные материалы; порошковые покрытия; лаки; краски; покрытия,,ok,,2026-07-14T19:28:58Z,expocentr-icatalog-v1.1.0
ИНТЕРЛАКОКРАСКА-2026,KRIALIT,Россия,Новосибирск,"Россия, 630099, г. Новосибирск, ул. Ядринцевская, д. 18, оф. 2",4A085,ЧАЯНОВ,Сырье и вспомогательные материалы для производства лакокрасочных материалов и покрытий,"Производство модифицированных (силанизированных), цветных наполнителей и колеровочных паст на различных связующих: смолах (альдегид, акрил), пластификаторах, полиолах, на водной основе.",http://www.krialit.ru,info@krialit.ru,+7 (383) 383-0354,https://icatalog.expocentr.ru/ru/exhibitions/190a3ab6-1050-11f0-80ce-a0d3c1fab97f/exhibitors/378247?&stand=4A085,378247,"Производство модифицированных (силанизированных), цветных наполнителей и колеровочных паст на различных связующих: смолах (альдегид, акрил), пластификаторах, полиолах, на водной основе. | Сырье и вспомогательные материалы для производства лакокрасочных материалов и покрытий",maybe,review,mixed: product terms present but raw_material supplier evidence needs QA review,лакокрасочных материалов; покрытий,raw_material; сырье; вспомогательные материалы; смол; наполнител,ok,,2026-07-14T19:28:58Z,expocentr-icatalog-v1.1.0
ИНТЕРЛАКОКРАСКА-2026,LONG PARTNERS,Республика Казахстан,Алматы,"Республика Казахстан, 050050, г. Алматы, ул. Казыбаева, д. 9/1",4B100,ЧАЯНОВ,Порошковые покрытия,Казахстанский завод порошковых красок.,http://www.longpartners.kz,privet@longpartners.kz,+7 700 3470753,https://icatalog.expocentr.ru/ru/exhibitions/190a3ab6-1050-11f0-80ce-a0d3c1fab97f/exhibitors/378244?&stand=4B100,378244,Казахстанский завод порошковых красок. | Порошковые покрытия,yes,keep,product_manufacturer: likely packaged coating/chemical product target,порошковые покрытия; покрытия,,ok,,2026-07-14T19:28:58Z,expocentr-icatalog-v1.1.0
ИНТЕРЛАКОКРАСКА-2026,LONGLY GROUP CO. LTD,Китай,,Китай,2C158,ВАВИЛОВ,Оборудование для производства лакокрасочных материалов и получения покрытий; Сушильное оборудование,"Основанная в 2002 году компания Longly Intelligent — это высокотехнологичное предприятие, специализирующееся на разработке, производстве, продаже и обслуживании оборудования для обработки наноматериалов и умных заводов.",http://www.longlymill.com,ly01@longlymill.com,+86 13725725860,https://icatalog.expocentr.ru/ru/exhibitions/190a3ab6-1050-11f0-80ce-a0d3c1fab97f/exhibitors/378278?&stand=2C158,378278,"Основанная в 2002 году компания Longly Intelligent — это высокотехнологичное предприятие, специализирующееся на разработке, производстве, продаже и обслуживании оборудования для обработки наноматериалов и умных заводов. | Оборудование для производства лакокрасочных материалов и получения покрытий; Сушильное оборудование",maybe,review,mixed: product terms present but equipment/service supplier evidence needs QA review,лакокрасочных материалов; покрытий,equipment_service; оборудование,ok,,2026-07-14T19:28:58Z,expocentr-icatalog-v1.1.0
ИНТЕРЛАКОКРАСКА-2026,MATECH MAKINA SAN. TIC. LTD. ŞTI.,Турция,,Турция,2E125,ВАВИЛОВ,Оборудование для производства лакокрасочных материалов и получения покрытий,,https://matechmak.com,info@matechmak.com,+90 5468325768,https://icatalog.expocentr.ru/ru/exhibitions/190a3ab6-1050-11f0-80ce-a0d3c1fab97f/exhibitors/378691?&stand=2E125,378691,Оборудование для производства лакокрасочных материалов и получения покрытий,maybe,review,mixed: product terms present but equipment/service supplier evidence needs QA review,лакокрасочных материалов; покрытий,equipment_service; оборудование,ok,,2026-07-14T19:28:58Z,expocentr-icatalog-v1.1.0
ИНТЕРЛАКОКРАСКА-2026,MINGGUANG KEYTEC NEW MATERIAL CO. LTD,Китай,,Китай,4E150,ЧАЯНОВ,Сырье и вспомогательные материалы для производства лакокрасочных материалов и покрытий; Сырье и вспомогательные материалы для производства адгезивов,"Keytec — один из крупнейших производителей пигментных дисперсий в Китае, специализирующийся на высококачественных красителях более 25 лет. Продукция широко применяется при производстве декоративных, промышленных, деревообрабатывающих красок, чернил и т. д.",https://en.keyteccolors.com,victoria.lu@keyteccolors.com,+86 20 84587343,https://icatalog.expocentr.ru/ru/exhibitions/190a3ab6-1050-11f0-80ce-a0d3c1fab97f/exhibitors/379643?&stand=4E150,379643,"Keytec — один из крупнейших производителей пигментных дисперсий в Китае, специализирующийся на высококачественных красителях более 25 лет. Продукция широко применяется при производстве декоративных, промышленных, деревообрабатывающих красок, чернил и т. д. | Сырье и вспомогательные материалы для производства лакокрасочных материалов и покрытий; Сырье и вспомогательные материалы для производства адгезивов",maybe,review,mixed: product terms present but raw_material supplier evidence needs QA review,лакокрасочных материалов; покрытий; чернил; адгезив,raw_material; сырье; вспомогательные материалы; пигмент,ok,,2026-07-14T19:28:58Z,expocentr-icatalog-v1.1.0
ИНТЕРЛАКОКРАСКА-2026,MIRACLEARK (HEBEI) SCIENCE & TECHNOLOGY CO. LTD,Китай,,Китай,4E143,ЧАЯНОВ,Порошковые покрытия,"Kомпания MiracleArk (Hebei) Science & Technology Co. Ltd занимается разработкой, производством, продажей порошковых красок; обладает производственной мощностью 15 000 метрических тонн в год. Предоставляет сервис.",http://www.miracleark.com.cn,wanglijun@miracleark.com.cn,+86 173 5877 8181,https://icatalog.expocentr.ru/ru/exhibitions/190a3ab6-1050-11f0-80ce-a0d3c1fab97f/exhibitors/378811?&stand=4E143,378811,"Kомпания MiracleArk (Hebei) Science & Technology Co. Ltd занимается разработкой, производством, продажей порошковых красок; обладает производственной мощностью 15 000 метрических тонн в год. Предоставляет сервис. | Порошковые покрытия",yes,keep,product_manufacturer: likely packaged coating/chemical product target,порошковые покрытия; покрытия,,ok,,2026-07-14T19:28:58Z,expocentr-icatalog-v1.1.0
ИНТЕРЛАКОКРАСКА-2026,MJA LLC,Республика Корея,,Республика Корея,2F040,ВАВИЛОВ,Сырье и вспомогательные материалы для производства лакокрасочных материалов и покрытий; Сырье и вспомогательные материалы для производства адгезивов,"MJA LLC — корейская компания, которая осуществляет поставки промышленной химии (пластификаторов, стабилизаторов, смол для ПВХ, смолы для ЛКМ, TiO2 и др.) и оборудования. MJA имеет офис и склады в России.",,,,https://icatalog.expocentr.ru/ru/exhibitions/190a3ab6-1050-11f0-80ce-a0d3c1fab97f/exhibitors/380737?&stand=2F040,380737,"MJA LLC — корейская компания, которая осуществляет поставки промышленной химии (пластификаторов, стабилизаторов, смол для ПВХ, смолы для ЛКМ, TiO2 и др.) и оборудования. MJA имеет офис и склады в России. | Сырье и вспомогательные материалы для производства лакокрасочных материалов и покрытий; Сырье и вспомогательные материалы для производства адгезивов",maybe,review,mixed: product terms present but raw_material supplier evidence needs QA review,лакокрасочных материалов; покрытий; адгезив,raw_material; сырье; вспомогательные материалы; смол,ok,,2026-07-14T19:28:58Z,expocentr-icatalog-v1.1.0
ИНТЕРЛАКОКРАСКА-2026,NANJING JINSHAN CHEMICAL TECHNOLOGY CO. LTD,Китай,,Китай,2A040,ВАВИЛОВ,Сырье и вспомогательные материалы для производства лакокрасочных материалов и покрытий; Сырье и вспомогательные материалы для производства адгезивов,"Компания Jinshan Chemical — профессиональный поставщик добавок для лакокрасочных и строительных материалов. Ассортимент нашей продукции включает в себя эфир целлюлозы, углеводородные смолы, редиспергируемые полимерные порошки, нитроцеллюлоза и суперпластификаторы.",http://www.jinschem.com,vd@jinschem.com,+86 025 87180768,https://icatalog.expocentr.ru/ru/exhibitions/190a3ab6-1050-11f0-80ce-a0d3c1fab97f/exhibitors/378798?&stand=2A040,378798,"Компания Jinshan Chemical — профессиональный поставщик добавок для лакокрасочных и строительных материалов. Ассортимент нашей продукции включает в себя эфир целлюлозы, углеводородные смолы, редиспергируемые полимерные порошки, нитроцеллюлоза и суперпластификаторы. | Сырье и вспомогательные материалы для производства лакокрасочных материалов и покрытий; Сырье и вспомогательные материалы для производства адгезивов",maybe,review,mixed: product terms present but raw_material supplier evidence needs QA review,лакокрасочных материалов; покрытий; адгезив,raw_material; сырье; вспомогательные материалы; смол,ok,,2026-07-14T19:28:58Z,expocentr-icatalog-v1.1.0
ИНТЕРЛАКОКРАСКА-2026,NANJING LANYA CHEMICAL CO. LTD,Китай,,Китай,2A076,ВАВИЛОВ,Материалы для обработки поверхности,"Компания LANYACHEM, основанная в 2007 году, является международным предприятием, специализирующимся на разработке, производстве и применении силиконовых продуктов и химических добавок для производства покрытий и красок.",http://www.lanyachem.com,info@lanyachem.com,+86 25 83315620,https://icatalog.expocentr.ru/ru/exhibitions/190a3ab6-1050-11f0-80ce-a0d3c1fab97f/exhibitors/378806?&stand=2A076,378806,"Компания LANYACHEM, основанная в 2007 году, является международным предприятием, специализирующимся на разработке, производстве и применении силиконовых продуктов и химических добавок для производства покрытий и красок. | Материалы для обработки поверхности",maybe,review,product_terms_without_manufacturer_signal: manual review,покрытий,,ok,,2026-07-14T19:28:58Z,expocentr-icatalog-v1.1.0
ИНТЕРЛАКОКРАСКА-2026,NINGBO XINFU TITANIUM DIOXIDE CO. LTD,Китай,,Китай,2B113,ВАВИЛОВ,Сырье и вспомогательные материалы для производства лакокрасочных материалов и покрытий,"Компания Ningbo Xinfu Titanium Dioxide Co. Ltd — высокотехнологичное предприятие, специализирующееся на производстве высококачественного диоксида титана (рутила) и высокочистого непигментированного диоксида титана.",http://www.xinfu-tio2.com,sales@xinfu-tio2.com,+86 574 86669636,https://icatalog.expocentr.ru/ru/exhibitions/190a3ab6-1050-11f0-80ce-a0d3c1fab97f/exhibitors/378788?&stand=2B113,378788,"Компания Ningbo Xinfu Titanium Dioxide Co. Ltd — высокотехнологичное предприятие, специализирующееся на производстве высококачественного диоксида титана (рутила) и высокочистого непигментированного диоксида титана. | Сырье и вспомогательные материалы для производства лакокрасочных материалов и покрытий",maybe,review,mixed: product terms present but raw_material supplier evidence needs QA review,лакокрасочных материалов; покрытий,raw_material; сырье; вспомогательные материалы; пигмент,ok,,2026-07-14T19:28:58Z,expocentr-icatalog-v1.1.0
ИНТЕРЛАКОКРАСКА-2026,NMK BOYA KIMYA SANAYI VE TICARET A.Ş,Турция,,Турция,2E020,ВАВИЛОВ,,,,,,https://icatalog.expocentr.ru/ru/exhibitions/190a3ab6-1050-11f0-80ce-a0d3c1fab97f/exhibitors/380768?&stand=2E020,380768,,maybe,review,insufficient_public_evidence: manual review,,,partial_missing_fields,evidence_snippet,2026-07-14T19:28:58Z,expocentr-icatalog-v1.1.0
ИНТЕРЛАКОКРАСКА-2026,PEKA CHEMIE INDUSTRIAL COMPANY,Иран,,Иран,2E010,ВАВИЛОВ,Порошковые покрытия,"PekaChemie — 25 лет мирового лидерства в области производства порошковых красок для автопрома, бытовой техники и металлообработки в Иране и за рубежом.",https://pekachemie.com,office@belpeka.com,+98 21 83824,https://icatalog.expocentr.ru/ru/exhibitions/190a3ab6-1050-11f0-80ce-a0d3c1fab97f/exhibitors/378327?&stand=2E010,378327,"PekaChemie — 25 лет мирового лидерства в области производства порошковых красок для автопрома, бытовой техники и металлообработки в Иране и за рубежом. | Порошковые покрытия",maybe,review,product_terms_without_manufacturer_signal: manual review,порошковые покрытия; покрытия,,ok,,2026-07-14T19:28:58Z,expocentr-icatalog-v1.1.0
ИНТЕРЛАКОКРАСКА-2026,POLYCHEM MANUFACTURING SDN BHD,Малайзия,,Малайзия,2A135,ВАВИЛОВ,Сырье и вспомогательные материалы для производства лакокрасочных материалов и покрытий; Новые технологии и научные разработки,"Наши передовые решения для обработки поверхностей разработаны для решения ключевых задач, связанных с рецептурами — от снижения пористости и повышения непрозрачности до максимизации эффективности использования TiO2, и все это с помощью простого технологического процесса.",,scm2@polychempolymer.com,+60 125116772,https://icatalog.expocentr.ru/ru/exhibitions/190a3ab6-1050-11f0-80ce-a0d3c1fab97f/exhibitors/378604?&stand=2A135,378604,"Наши передовые решения для обработки поверхностей разработаны для решения ключевых задач, связанных с рецептурами — от снижения пористости и повышения непрозрачности до максимизации эффективности использования TiO2, и все это с помощью простого технологического процесса. | Сырье и вспомогательные материалы для производства лакокрасочных материалов и покрытий; Новые технологии и научные разработки",maybe,review,mixed: product terms present but raw_material supplier evidence needs QA review,лакокрасочных материалов; покрытий,raw_material; сырье; вспомогательные материалы,ok,,2026-07-14T19:28:58Z,expocentr-icatalog-v1.1.0
ИНТЕРЛАКОКРАСКА-2026,POLYWILL (SHANGHAI) ADVANCED MATERIAL CO. LTD,Китай,,Китай,4C070,ЧАЯНОВ,Сырье и вспомогательные материалы для производства лакокрасочных материалов и покрытий; Материалы для обработки поверхности,"Компания Polywill специализируется на производстве добавок для ЛКМ, опираясь на мощный научно-исследовательский потенциал и надежные системы управления. Мы предлагаем широкий ассортимент добавок, включая диспергаторы, пеногасители, выравнивающие добавки, модификаторы реологии и другие функциональные добавки, что делает нас надежным поставщиком для многих мировых производителей лакокрасочных материалов.",http://www.polywill.com,service@polywill.com,+86 21 2096-5181,https://icatalog.expocentr.ru/ru/exhibitions/190a3ab6-1050-11f0-80ce-a0d3c1fab97f/exhibitors/378398?&stand=4C070,378398,"Компания Polywill специализируется на производстве добавок для ЛКМ, опираясь на мощный научно-исследовательский потенциал и надежные системы управления. Мы предлагаем широкий ассортимент добавок, включая диспергаторы, пеногасители, выравнивающие добавки, модификаторы реологии и другие функциональные добавки, что делает нас надежным поставщиком для многих мировых производителей лакокрасочных материалов. | Сырье и вспомогательные материалы для производства лакокрасочных материалов и покрытий; Материалы для обработки поверхности",maybe,review,mixed: product terms present but raw_material supplier evidence needs QA review,лакокрасочных материалов; покрытий,raw_material; сырье; вспомогательные материалы; добавк; диспергатор; пеногасител,ok,,2026-07-14T19:28:58Z,expocentr-icatalog-v1.1.0
ИНТЕРЛАКОКРАСКА-2026,PUYANG ZHONGKE XINYUAN PETROLEUM CHEMICAL CO. LTD,Китай,,Китай,2B115,ВАВИЛОВ,Сырье и вспомогательные материалы для производства лакокрасочных материалов и покрытий; Сырье и вспомогательные материалы для производства адгезивов,"Компания Puyang Zhongke Xinyuan Petroleum Chemical Co. Ltd специализируется на производстве нефтяных смол, широко используемых в производстве красок для дорожной разметки, промышленных красок, чернил, термоплавкого клея, шин, резины и т. д.",http://www.zkxychem.com,shirley.wang@zkxychem.com,+86 393 8910876,https://icatalog.expocentr.ru/ru/exhibitions/190a3ab6-1050-11f0-80ce-a0d3c1fab97f/exhibitors/378805?&stand=2B115,378805,"Компания Puyang Zhongke Xinyuan Petroleum Chemical Co. Ltd специализируется на производстве нефтяных смол, широко используемых в производстве красок для дорожной разметки, промышленных красок, чернил, термоплавкого клея, шин, резины и т. д. | Сырье и вспомогательные материалы для производства лакокрасочных материалов и покрытий; Сырье и вспомогательные материалы для производства адгезивов",maybe,review,mixed: product terms present but raw_material supplier evidence needs QA review,лакокрасочных материалов; покрытий; чернил; адгезив,raw_material; сырье; вспомогательные материалы; смол,ok,,2026-07-14T19:28:58Z,expocentr-icatalog-v1.1.0
ИНТЕРЛАКОКРАСКА-2026,QIANJIANG XINYIHONG ORGANIC CHEMICAL CO. LTD,Китай,,Китай,2C160,ВАВИЛОВ,Сырье и вспомогательные материалы для производства лакокрасочных материалов и покрытий; Лакокрасочные материалы промышленного назначения,"Компания Wuhan Youji, дочерняя компания Qianjiang Xinyihong, производит бензиловый спирт, бензилхлорид и др., а также различные производные, полученные методом гидрирования.",http://www.chinaorganic.com,ruanhuayi@chinaorganic.com,+86 13 797601572,https://icatalog.expocentr.ru/ru/exhibitions/190a3ab6-1050-11f0-80ce-a0d3c1fab97f/exhibitors/378547?&stand=2C160,378547,"Компания Wuhan Youji, дочерняя компания Qianjiang Xinyihong, производит бензиловый спирт, бензилхлорид и др., а также различные производные, полученные методом гидрирования. | Сырье и вспомогательные материалы для производства лакокрасочных материалов и покрытий; Лакокрасочные материалы промышленного назначения",maybe,review,mixed: product terms present but raw_material supplier evidence needs QA review,лакокрасочных материалов; лакокрасочные материалы; покрытий,raw_material; сырье; вспомогательные материалы,ok,,2026-07-14T19:28:58Z,expocentr-icatalog-v1.1.0
ИНТЕРЛАКОКРАСКА-2026,QINGYUAN YAKOO CHEMICAL CO. LTD,Китай,,Китай,2A080,ВАВИЛОВ,Сырье и вспомогательные материалы для производства лакокрасочных материалов и покрытий; Автомобильные лакокрасочные материалы,Компания Qingyuan Yakoo Chemical Co. Ltd примет участие в выставке «Интерлакокраска-2026» для налаживания тесного взаимодействия с международными клиентами. Наша цель — выявить потребности рынка и передовые тенденции в области производства покрытий и материалов.,http://www.yakoo.com.cn,liushul@yakoo.com.cn,+86 07633607328,https://icatalog.expocentr.ru/ru/exhibitions/190a3ab6-1050-11f0-80ce-a0d3c1fab97f/exhibitors/378809?&stand=2A080,378809,Компания Qingyuan Yakoo Chemical Co. Ltd примет участие в выставке «Интерлакокраска-2026» для налаживания тесного взаимодействия с международными клиентами. Наша цель — выявить потребности рынка и передовые тенденции в области производства покрытий и материалов. | Сырье и вспомогательные материалы для производства лакокрасочных материалов и покрытий; Автомобильные лакокрасочные материалы,maybe,review,mixed: product terms present but raw_material supplier evidence needs QA review,лакокрасочных материалов; лакокрасочные материалы; покрытий,raw_material; сырье; вспомогательные материалы,ok,,2026-07-14T19:28:58Z,expocentr-icatalog-v1.1.0
ИНТЕРЛАКОКРАСКА-2026,RUNTAI CHEMICAL (TAIXING) CO. LTD,Китай,,Китай,2E113,ВАВИЛОВ,Лакокрасочные материалы промышленного назначения; Строительные лакокрасочные материалы (фасадные и для внутренних работ),Компания Runtai Chemical (Taixing) Co. Ltd — один из самых известных в мире китайских производителей коалесцентирующих агентов. В течение почти десяти лет основные продукты компании — RTC-12 и RTC-16 — активно экспортируются более чем в 100 стран и регионов мира.,http://www.runtaichem.com/index_en.html,Ada.ye@runtaichem.com,+86 523 80575509,https://icatalog.expocentr.ru/ru/exhibitions/190a3ab6-1050-11f0-80ce-a0d3c1fab97f/exhibitors/378789?&stand=2E113,378789,Компания Runtai Chemical (Taixing) Co. Ltd — один из самых известных в мире китайских производителей коалесцентирующих агентов. В течение почти десяти лет основные продукты компании — RTC-12 и RTC-16 — активно экспортируются более чем в 100 стран и регионов мира. | Лакокрасочные материалы промышленного назначения; Строительные лакокрасочные материалы (фасадные и для внутренних работ),yes,keep,product_manufacturer: likely packaged coating/chemical product target,лакокрасочные материалы,,ok,,2026-07-14T19:28:58Z,expocentr-icatalog-v1.1.0
ИНТЕРЛАКОКРАСКА-2026,SHALI CHEM. & ART.I/E CO. LIMITED,Китай,,Китай,2A020,ВАВИЛОВ,Сырье и вспомогательные материалы для производства лакокрасочных материалов и покрытий; Сырье и вспомогательные материалы для производства адгезивов,"Компания Shali Chem (SLCA), основанная в 2012 году, является ключевым поставщиком поливинилового спирта (PVA), эмульсий сополимера винилацетата и этилена (VAE), диспергируемых полимерных порошков, винилацетаного мономера (VAM) и метилацетата (MA). В 2022 году объем экспорта составил 30 млн долларов США. Наша профессиональная команда обладает более чем 25-летним опытом экспортной деятельности.",http://www.slca.cn,shali@shalichem.com,+86 15395157177,https://icatalog.expocentr.ru/ru/exhibitions/190a3ab6-1050-11f0-80ce-a0d3c1fab97f/exhibitors/379210?&stand=2A020,379210,"Компания Shali Chem (SLCA), основанная в 2012 году, является ключевым поставщиком поливинилового спирта (PVA), эмульсий сополимера винилацетата и этилена (VAE), диспергируемых полимерных порошков, винилацетаного мономера (VAM) и метилацетата (MA). В 2022 году объем экспорта составил 30 млн долларов США. Наша профессиональная команда обладает более чем 25-летним опытом экспортной деятельности. | Сырье и вспомогательные материалы для производства лакокрасочных материалов и покрытий; Сырье и вспомогательные материалы для производства адгезивов",maybe,review,mixed: product terms present but raw_material supplier evidence needs QA review,лакокрасочных материалов; покрытий; адгезив,raw_material; сырье; вспомогательные материалы,ok,,2026-07-14T19:28:58Z,expocentr-icatalog-v1.1.0
ИНТЕРЛАКОКРАСКА-2026,SHANDONG BISHAN SPECIAL COATING TECHNOLOGY CO. LTD,Китай,,Китай,2C155,ВАВИЛОВ,"Антикоррозионные лакокрасочные материалы, защитные покрытия; Лакокрасочные материалы промышленного назначения","Компания Bishan Technology была создана на основе инвестиций Shandong Sadelie Paint Group. Мы производим антикоррозионные порошковые и промышленные краски, краски на водной основе, специальные антикоррозионные краски, а также функциональные акриловые смолы.",http://www.b3kj.com,907262467@qq.com,+86 537 7176778,https://icatalog.expocentr.ru/ru/exhibitions/190a3ab6-1050-11f0-80ce-a0d3c1fab97f/exhibitors/378880?&stand=2C155,378880,"Компания Bishan Technology была создана на основе инвестиций Shandong Sadelie Paint Group. Мы производим антикоррозионные порошковые и промышленные краски, краски на водной основе, специальные антикоррозионные краски, а также функциональные акриловые смолы. | Антикоррозионные лакокрасочные материалы, защитные покрытия; Лакокрасочные материалы промышленного назначения",maybe,review,mixed: product terms present but raw_material supplier evidence needs QA review,лакокрасочные материалы; антикоррозионные; краски; покрытия,raw_material; смол,ok,,2026-07-14T19:28:58Z,expocentr-icatalog-v1.1.0
ИНТЕРЛАКОКРАСКА-2026,SHANDONG CHANGSHENG NEW FLAME RETARDANT CO. LTD,Китай,,Китай,2F030,ВАВИЛОВ,Сырье и вспомогательные материалы для производства лакокрасочных материалов и покрытий; Сырье и вспомогательные материалы для производства адгезивов,"Производитель безгалогенных антипиренов на основе полифосфата аммония (APP) для производства огнезащитных покрытий, резины, пластика; компаундов на основе меламина, Penta, MCA, MPP, AHP, ADP, пиперазина пирофосфата и т. д.",http://www.cs-app.cn,mark.liu@cs-nm.com,+86 15805449110,https://icatalog.expocentr.ru/ru/exhibitions/190a3ab6-1050-11f0-80ce-a0d3c1fab97f/exhibitors/378305?&stand=2F030,378305,"Производитель безгалогенных антипиренов на основе полифосфата аммония (APP) для производства огнезащитных покрытий, резины, пластика; компаундов на основе меламина, Penta, MCA, MPP, AHP, ADP, пиперазина пирофосфата и т. д. | Сырье и вспомогательные материалы для производства лакокрасочных материалов и покрытий; Сырье и вспомогательные материалы для производства адгезивов",maybe,review,mixed: product terms present but raw_material supplier evidence needs QA review,лакокрасочных материалов; защитных покрытий; покрытий; адгезив,raw_material; сырье; вспомогательные материалы,ok,,2026-07-14T19:28:58Z,expocentr-icatalog-v1.1.0
ИНТЕРЛАКОКРАСКА-2026,SHANDONG ETON NEW MATERIAL CO. LTD,Китай,,Китай,2C163,ВАВИЛОВ,Сырье и вспомогательные материалы для производства лакокрасочных материалов и покрытий; Сырье и вспомогательные материалы для производства адгезивов,"Компания Shandong Eton New Material Co. Ltd — профессиональный производитель эфиров целлюлозы и крахмала. Компания, основанная в 2004 году, в 2018 году переориентировалась на производство высококачественной продукции, специализируясь на HPMC, HEMC и HPS.",https://www.sdeton.com,info@sdeton.com,+86 053 83366213,https://icatalog.expocentr.ru/ru/exhibitions/190a3ab6-1050-11f0-80ce-a0d3c1fab97f/exhibitors/378317?&stand=2C163,378317,"Компания Shandong Eton New Material Co. Ltd — профессиональный производитель эфиров целлюлозы и крахмала. Компания, основанная в 2004 году, в 2018 году переориентировалась на производство высококачественной продукции, специализируясь на HPMC, HEMC и HPS. | Сырье и вспомогательные материалы для производства лакокрасочных материалов и покрытий; Сырье и вспомогательные материалы для производства адгезивов",maybe,review,mixed: product terms present but raw_material supplier evidence needs QA review,лакокрасочных материалов; покрытий; адгезив,raw_material; сырье; вспомогательные материалы,ok,,2026-07-14T19:28:58Z,expocentr-icatalog-v1.1.0
ИНТЕРЛАКОКРАСКА-2026,SHANDONG GRAND SAILU NEW MATERIALS TECHNOLOGY CO. LTD,Китай,,Китай,2D162,ВАВИЛОВ,Сырье и вспомогательные материалы для производства лакокрасочных материалов и покрытий; Сырье и вспомогательные материалы для производства адгезивов,"Высокотехнологичное предприятие, занимающееся разработкой, производством и продажей эфиров целлюлозы и крахмала. ГПМЦ, ГПС, РДП, ГЭЦ.",http://www.gdkjchem.com,gdkjowen@126.com,+86 538 6067777,https://icatalog.expocentr.ru/ru/exhibitions/190a3ab6-1050-11f0-80ce-a0d3c1fab97f/exhibitors/378304?&stand=2D162,378304,"Высокотехнологичное предприятие, занимающееся разработкой, производством и продажей эфиров целлюлозы и крахмала. ГПМЦ, ГПС, РДП, ГЭЦ. | Сырье и вспомогательные материалы для производства лакокрасочных материалов и покрытий; Сырье и вспомогательные материалы для производства адгезивов",maybe,review,mixed: product terms present but raw_material supplier evidence needs QA review,лакокрасочных материалов; покрытий; адгезив,raw_material; сырье; вспомогательные материалы,ok,,2026-07-14T19:28:58Z,expocentr-icatalog-v1.1.0
ИНТЕРЛАКОКРАСКА-2026,SHANDONG KUNDU CHEMICAL CO. LTD,Китай,,Китай,4D140,ЧАЯНОВ,Сырье и вспомогательные материалы для производства лакокрасочных материалов и покрытий; Сырье и вспомогательные материалы для производства адгезивов,"Оригинальный производитель эфиров целлюлозы, редиспергируемых полимерных порошков, поликарбоксилатных суперпластификаторов (в жидкой и порошкообразной форме), целлюлозного волокна, сульфированных меламиновых суперпластификаторов, эмульсии, пеногасителей, эфиров крахмала, силиконов и т. д.",http://www.kdochem.com,info@kdchemicals.com,+86 531 82924317/ 18769778258,https://icatalog.expocentr.ru/ru/exhibitions/190a3ab6-1050-11f0-80ce-a0d3c1fab97f/exhibitors/378546?&stand=4D140,378546,"Оригинальный производитель эфиров целлюлозы, редиспергируемых полимерных порошков, поликарбоксилатных суперпластификаторов (в жидкой и порошкообразной форме), целлюлозного волокна, сульфированных меламиновых суперпластификаторов, эмульсии, пеногасителей, эфиров крахмала, силиконов и т. д. | Сырье и вспомогательные материалы для производства лакокрасочных материалов и покрытий; Сырье и вспомогательные материалы для производства адгезивов",maybe,review,mixed: product terms present but raw_material supplier evidence needs QA review,лакокрасочных материалов; покрытий; адгезив,raw_material; сырье; вспомогательные материалы; пеногасител,ok,,2026-07-14T19:28:58Z,expocentr-icatalog-v1.1.0
ИНТЕРЛАКОКРАСКА-2026,SHANDONG LANDU NEW MATERIAL CO. LTD,Китай,,Китай,2E090,ВАВИЛОВ,Сырье и вспомогательные материалы для производства лакокрасочных материалов и покрытий; Сырье и вспомогательные материалы для производства адгезивов,"LANDU — сертифицированный производитель эфиров целлюлозы (HPMC, HEMC, HEC), RDP, PCE, SHP и функциональных добавок. Имея сертификаты ISO, REACH, ECOVADIS, мы поставляем продукцию более чем в 60 стран мира.",http://www.landu-china.com,lisa@landu-china.com,+86 18253977215,https://icatalog.expocentr.ru/ru/exhibitions/190a3ab6-1050-11f0-80ce-a0d3c1fab97f/exhibitors/378321?&stand=2E090,378321,"LANDU — сертифицированный производитель эфиров целлюлозы (HPMC, HEMC, HEC), RDP, PCE, SHP и функциональных добавок. Имея сертификаты ISO, REACH, ECOVADIS, мы поставляем продукцию более чем в 60 стран мира. | Сырье и вспомогательные материалы для производства лакокрасочных материалов и покрытий; Сырье и вспомогательные материалы для производства адгезивов",maybe,review,mixed: product terms present but raw_material supplier evidence needs QA review,лакокрасочных материалов; покрытий; адгезив,raw_material; сырье; вспомогательные материалы,ok,,2026-07-14T19:28:58Z,expocentr-icatalog-v1.1.0
ИНТЕРЛАКОКРАСКА-2026,SHANDONG LIXING ADVANCED MATERIAL CO. LTD,Китай,,Китай,2E111,ВАВИЛОВ,Сырье и вспомогательные материалы для производства лакокрасочных материалов и покрытий; Сырье и вспомогательные материалы для производства адгезивов,"Компания Shandong Lixing Advanced Material Co. Ltd, ранее известная как Linyi Lixing Chemical Co. Ltd, начала свою деятельность в 2003 году в городе Линьи, в провинции Шаньдун (Китай). Производственная база занимает площадь около 120 000 квадратных метров и сертифицирована в соответствии с международными стандартами.",http://www.cnlxhg.com,jessie@cnlxhg.com,+86 05396711666,https://icatalog.expocentr.ru/ru/exhibitions/190a3ab6-1050-11f0-80ce-a0d3c1fab97f/exhibitors/378879?&stand=2E111,378879,"Компания Shandong Lixing Advanced Material Co. Ltd, ранее известная как Linyi Lixing Chemical Co. Ltd, начала свою деятельность в 2003 году в городе Линьи, в провинции Шаньдун (Китай). Производственная база занимает площадь около 120 000 квадратных метров и сертифицирована в соответствии с международными стандартами. | Сырье и вспомогательные материалы для производства лакокрасочных материалов и покрытий; Сырье и вспомогательные материалы для производства адгезивов",maybe,review,mixed: product terms present but raw_material supplier evidence needs QA review,лакокрасочных материалов; покрытий; адгезив,raw_material; сырье; вспомогательные материалы,ok,,2026-07-14T19:28:58Z,expocentr-icatalog-v1.1.0
ИНТЕРЛАКОКРАСКА-2026,SHANDONG YINGRUI NEW MATERIALS CO. LTD,Китай,,Китай,4F105,ЧАЯНОВ,"Антикоррозионные лакокрасочные материалы, защитные покрытия; Лакокрасочные материалы промышленного назначения","Компания Shandong Yingrui New Materials Co. Ltd — производитель пирогенного диоксида кремния и силановых связующих, профессиональный поставщик альдегидных смол, поликетоновых смол и т. д.",http://www.sdyingrui.ru,rhea@sdyingrui.cn,+86 13285355246,https://icatalog.expocentr.ru/ru/exhibitions/190a3ab6-1050-11f0-80ce-a0d3c1fab97f/exhibitors/378282?&stand=4F105,378282,"Компания Shandong Yingrui New Materials Co. Ltd — производитель пирогенного диоксида кремния и силановых связующих, профессиональный поставщик альдегидных смол, поликетоновых смол и т. д. | Антикоррозионные лакокрасочные материалы, защитные покрытия; Лакокрасочные материалы промышленного назначения",maybe,review,mixed: product terms present but raw_material supplier evidence needs QA review,лакокрасочные материалы; антикоррозионные; покрытия,raw_material; смол,ok,,2026-07-14T19:28:58Z,expocentr-icatalog-v1.1.0
ИНТЕРЛАКОКРАСКА-2026,SHANGHAI AORUN GROUP CO. LTD,Китай,,Китай,2A075,ВАВИЛОВ,Сырье и вспомогательные материалы для производства лакокрасочных материалов и покрытий; Строительные лакокрасочные материалы (фасадные и для внутренних работ),"Группа Aorun — ведущий поставщик решений в области покрытий. Группа состоит из трех основных бизнес-подразделений: Aorun New Materials (строительные покрытия), Zhongyi Chemical (промышленные покрытия) и Lamasa New Materials (микробиология).",http://www.sh-aorun.com,,+86 2132521757,https://icatalog.expocentr.ru/ru/exhibitions/190a3ab6-1050-11f0-80ce-a0d3c1fab97f/exhibitors/378540?&stand=2A075,378540,"Группа Aorun — ведущий поставщик решений в области покрытий. Группа состоит из трех основных бизнес-подразделений: Aorun New Materials (строительные покрытия), Zhongyi Chemical (промышленные покрытия) и Lamasa New Materials (микробиология). | Сырье и вспомогательные материалы для производства лакокрасочных материалов и покрытий; Строительные лакокрасочные материалы (фасадные и для внутренних работ)",maybe,review,mixed: product terms present but raw_material supplier evidence needs QA review,лакокрасочных материалов; лакокрасочные материалы; покрытия; покрытий,raw_material; сырье; вспомогательные материалы,ok,,2026-07-14T19:28:58Z,expocentr-icatalog-v1.1.0
ИНТЕРЛАКОКРАСКА-2026,SHANGHAI ELE MECHANICAL & ELECTRICAL EQUIPMENT CO. LTD,Китай,,Китай,4E075,ЧАЯНОВ,Диссольверы,"Компания Shangh Ele Mechanical And Electrical Equipment Co. Ltd поставила тысячи единиц оборудования для смешивания красок, для производства чернил, красильного оборудования, оборудования для приготовления водо-масляных эмульсий и т. д.",http://www.ele-mix.com,Sandra@elemix.cn,+86 21 55387553,https://icatalog.expocentr.ru/ru/exhibitions/190a3ab6-1050-11f0-80ce-a0d3c1fab97f/exhibitors/378875?&stand=4E075,378875,"Компания Shangh Ele Mechanical And Electrical Equipment Co. Ltd поставила тысячи единиц оборудования для смешивания красок, для производства чернил, красильного оборудования, оборудования для приготовления водо-масляных эмульсий и т. д. | Диссольверы",maybe,review,product_terms_without_manufacturer_signal: manual review,чернил,,ok,,2026-07-14T19:28:58Z,expocentr-icatalog-v1.1.0
ИНТЕРЛАКОКРАСКА-2026,SHANGHAI GOLDEN SUCCESS INTERNATIONAL TRADE CO. LTD,Китай,,Китай,2B111,ВАВИЛОВ,Сырье и вспомогательные материалы для производства лакокрасочных материалов и покрытий; Сырье и вспомогательные материалы для производства адгезивов,"Компания Shanghai Golden Success International Trade Co. Ltd является ведущим производителем пеногасителей, выравнивающих агентов, смачивающих агентов, диспергирующих агентов, загустителей и поверхностно-активных веществ.",http://www.gsdefoamer.com,carreyyang@gsdefoamer.com,+86 02169589590,https://icatalog.expocentr.ru/ru/exhibitions/190a3ab6-1050-11f0-80ce-a0d3c1fab97f/exhibitors/378557?&stand=2B111,378557,"Компания Shanghai Golden Success International Trade Co. Ltd является ведущим производителем пеногасителей, выравнивающих агентов, смачивающих агентов, диспергирующих агентов, загустителей и поверхностно-активных веществ. | Сырье и вспомогательные материалы для производства лакокрасочных материалов и покрытий; Сырье и вспомогательные материалы для производства адгезивов",maybe,review,mixed: product terms present but raw_material supplier evidence needs QA review,лакокрасочных материалов; покрытий; адгезив,raw_material; сырье; вспомогательные материалы; пеногасител,ok,,2026-07-14T19:28:58Z,expocentr-icatalog-v1.1.0
ИНТЕРЛАКОКРАСКА-2026,SHANGHAI HONEST CHEM. CO. LTD,Китай,,Китай,4B077,ЧАЯНОВ,Сырье и вспомогательные материалы для производства лакокрасочных материалов и покрытий,"Компания Shanghai Honest Chem. Co. Ltd, основанная в 2002 году, является профессиональным поставщиком целлюлозных эфиров. В нашу продукцию входят ГЭЦ, ГПМЦ, ЭЦ, ГПЦ, МЦ, МГЭЦ, КМЦ, гидрофобизаторы, ПВА, РДП и другие продукты.",http://www.honestsh.com,lannie@honestsh.com,+86 2154012006,https://icatalog.expocentr.ru/ru/exhibitions/190a3ab6-1050-11f0-80ce-a0d3c1fab97f/exhibitors/378280?&stand=4B077,378280,"Компания Shanghai Honest Chem. Co. Ltd, основанная в 2002 году, является профессиональным поставщиком целлюлозных эфиров. В нашу продукцию входят ГЭЦ, ГПМЦ, ЭЦ, ГПЦ, МЦ, МГЭЦ, КМЦ, гидрофобизаторы, ПВА, РДП и другие продукты. | Сырье и вспомогательные материалы для производства лакокрасочных материалов и покрытий",maybe,review,mixed: product terms present but raw_material supplier evidence needs QA review,лакокрасочных материалов; покрытий,raw_material; сырье; вспомогательные материалы,ok,,2026-07-14T19:28:58Z,expocentr-icatalog-v1.1.0
ИНТЕРЛАКОКРАСКА-2026,SHANGHAI HUIGUANG FINE CHEMICAL INDUSTRY CO. LTD,Китай,,Китай,4E165,ЧАЯНОВ,Сырье и вспомогательные материалы для производства лакокрасочных материалов и покрытий; Сырье и вспомогательные материалы для производства адгезивов,"Shanghai Huiguang Fine Chemical Industry Co. Ltd — профессиональный производитель целлюлозного эфира, один из лучших производителей в Китае. Основная продукция — HEMC, HPMC, HEC, HPMC фармацевтического класса и т. д.",http://www.shhuiguang.com,tony.shen@shhuiguang.com,+86 13818628215,https://icatalog.expocentr.ru/ru/exhibitions/190a3ab6-1050-11f0-80ce-a0d3c1fab97f/exhibitors/378290?&stand=4E165,378290,"Shanghai Huiguang Fine Chemical Industry Co. Ltd — профессиональный производитель целлюлозного эфира, один из лучших производителей в Китае. Основная продукция — HEMC, HPMC, HEC, HPMC фармацевтического класса и т. д. | Сырье и вспомогательные материалы для производства лакокрасочных материалов и покрытий; Сырье и вспомогательные материалы для производства адгезивов",maybe,review,mixed: product terms present but raw_material supplier evidence needs QA review,лакокрасочных материалов; покрытий; адгезив,raw_material; сырье; вспомогательные материалы,ok,,2026-07-14T19:28:58Z,expocentr-icatalog-v1.1.0
ИНТЕРЛАКОКРАСКА-2026,SHANGHAI JIUTA CHEMICAL CO. LTD,Китай,,Китай,4E105,ЧАЯНОВ,Сырье и вспомогательные материалы для производства лакокрасочных материалов и покрытий,Группа JIUTA CHEMICAL была основана в 1995 году; это одно из крупнейших и ведущих производителей диоксида титана в Китае.,http://www.jt-titaniumdioxide.com,daniel.wang@shjiuta.com,+86 2152042175,https://icatalog.expocentr.ru/ru/exhibitions/190a3ab6-1050-11f0-80ce-a0d3c1fab97f/exhibitors/378600?&stand=4E105,378600,Группа JIUTA CHEMICAL была основана в 1995 году; это одно из крупнейших и ведущих производителей диоксида титана в Китае. | Сырье и вспомогательные материалы для производства лакокрасочных материалов и покрытий,maybe,review,mixed: product terms present but raw_material supplier evidence needs QA review,лакокрасочных материалов; покрытий,raw_material; сырье; вспомогательные материалы,ok,,2026-07-14T19:28:58Z,expocentr-icatalog-v1.1.0
ИНТЕРЛАКОКРАСКА-2026,SHANGHAI LANG CHEMICAL COMPANY LIMITED,Китай,,Китай,2A045,ВАВИЛОВ,Сырье и вспомогательные материалы для производства лакокрасочных материалов и покрытий; Сырье и вспомогательные материалы для производства адгезивов,,http://langyuan.com.cn/en,lyxsc2@langyuan.com.cn,+86 215 1289991,https://icatalog.expocentr.ru/ru/exhibitions/190a3ab6-1050-11f0-80ce-a0d3c1fab97f/exhibitors/378551?&stand=2A045,378551,Сырье и вспомогательные материалы для производства лакокрасочных материалов и покрытий; Сырье и вспомогательные материалы для производства адгезивов,maybe,review,mixed: product terms present but raw_material supplier evidence needs QA review,лакокрасочных материалов; покрытий; адгезив,raw_material; сырье; вспомогательные материалы,ok,,2026-07-14T19:28:58Z,expocentr-icatalog-v1.1.0
ИНТЕРЛАКОКРАСКА-2026,SHANGHAI MINGDEYANG INTERNATIONAL TRADE CO. LTD,Китай,,Китай,2B145,ВАВИЛОВ,"Сырье и вспомогательные материалы для производства лакокрасочных материалов и покрытий; Сырье и вспомогательные материалы для производства адгезивов; Лакокрасочные материалы промышленного назначения; Лакокрасочные материалы для судостроения; Лакокрасочные материалы для дорожных покрытий, мостов, тоннелей","— Хлорированные полиолефины CPO (CPP, CR, CEVA, Wax-70) для красок, покрытий и клеев; — сверхпрочные антикоррозионные покрытия для морской отрасли, судостроения и нефтехимии; — собственные исследования, разработки и производство, служба поддержки клиентов.",http://www.mdygj.com,mingdy88@outlook.com,+86 13915577834,https://icatalog.expocentr.ru/ru/exhibitions/190a3ab6-1050-11f0-80ce-a0d3c1fab97f/exhibitors/379209?&stand=2B145,379209,"— Хлорированные полиолефины CPO (CPP, CR, CEVA, Wax-70) для красок, покрытий и клеев; — сверхпрочные антикоррозионные покрытия для морской отрасли, судостроения и нефтехимии; — собственные исследования, разработки и производство, служба поддержки клиентов. | Сырье и вспомогательные материалы для производства лакокрасочных материалов и покрытий; Сырье и вспомогательные материалы для производства адгезивов; Лакокрасочные материалы промышленного назначения; Лакокрасочные материалы для судостроения; Лакокрасочные материалы для дорожных покрытий, мостов, тоннелей",maybe,review,mixed: product terms present but raw_material supplier evidence needs QA review,лакокрасочных материалов; лакокрасочные материалы; антикоррозионные; покрытия; покрытий; адгезив,raw_material; сырье; вспомогательные материалы,ok,,2026-07-14T19:28:58Z,expocentr-icatalog-v1.1.0
ИНТЕРЛАКОКРАСКА-2026,SHANGHAI TITANOS INDUSTRY CO. LTD,Китай,,Китай,4D150,ЧАЯНОВ,Сырье и вспомогательные материалы для производства лакокрасочных материалов и покрытий; Материалы для обработки поверхности,"Компания Titanos, основанная в 1989 году, специализируется на производстве диоксида титана, алюминиевых пигментов, изделий из сурьмы, а также сырья для производства лакокрасочных материалов, пластмасс и чернил. Наши преимущества — стабильное качество и своевременная доставка.",https://www.titanos.com,ella@titanos.com.cn,+86 21 3987 6888,https://icatalog.expocentr.ru/ru/exhibitions/190a3ab6-1050-11f0-80ce-a0d3c1fab97f/exhibitors/378319?&stand=4D150,378319,"Компания Titanos, основанная в 1989 году, специализируется на производстве диоксида титана, алюминиевых пигментов, изделий из сурьмы, а также сырья для производства лакокрасочных материалов, пластмасс и чернил. Наши преимущества — стабильное качество и своевременная доставка. | Сырье и вспомогательные материалы для производства лакокрасочных материалов и покрытий; Материалы для обработки поверхности",maybe,review,mixed: product terms present but raw_material supplier evidence needs QA review,лакокрасочных материалов; покрытий; чернил,raw_material; сырье; вспомогательные материалы; пигмент,ok,,2026-07-14T19:28:58Z,expocentr-icatalog-v1.1.0
ИНТЕРЛАКОКРАСКА-2026,SHANXI HENGYUAN KAOLIN CO. LTD,Китай,,Китай,4F071,ЧАЯНОВ,Сырье и вспомогательные материалы для производства лакокрасочных материалов и покрытий,"HY Kaolin — это профессиональный китайский производитель кальцинированного каолина. С помощью глубокой интеграции угля, кокса, газа, электроэнергии и угольной пустой породы, HY Kaolin формирует уникальную производственную цепочку.",http://www.hykaolin.com,sales@hykaolin.com,+86 357 3676666,https://icatalog.expocentr.ru/ru/exhibitions/190a3ab6-1050-11f0-80ce-a0d3c1fab97f/exhibitors/378554?&stand=4F071,378554,"HY Kaolin — это профессиональный китайский производитель кальцинированного каолина. С помощью глубокой интеграции угля, кокса, газа, электроэнергии и угольной пустой породы, HY Kaolin формирует уникальную производственную цепочку. | Сырье и вспомогательные материалы для производства лакокрасочных материалов и покрытий",maybe,review,mixed: product terms present but raw_material supplier evidence needs QA review,лакокрасочных материалов; покрытий,raw_material; сырье; вспомогательные материалы,ok,,2026-07-14T19:28:58Z,expocentr-icatalog-v1.1.0
ИНТЕРЛАКОКРАСКА-2026,SHENZHEN SMIDA INTELLIGENT EQUIPMENT CO. LTD,Китай,,Китай,2C150,ВАВИЛОВ,Диссольверы; Новые технологии и научные разработки,"Компания SMIDA предлагает сертифицированное оборудование для измельчения, смешивания и пеногашения лакокрасочных материалов. Ваш надежный международный партнер в сфере производства лакокрасочных материалов.",http://www.smidacn.com,blue_liu@smida.com.cn,+86 755 27858540,https://icatalog.expocentr.ru/ru/exhibitions/190a3ab6-1050-11f0-80ce-a0d3c1fab97f/exhibitors/378331?&stand=2C150,378331,"Компания SMIDA предлагает сертифицированное оборудование для измельчения, смешивания и пеногашения лакокрасочных материалов. Ваш надежный международный партнер в сфере производства лакокрасочных материалов. | Диссольверы; Новые технологии и научные разработки",maybe,review,mixed: product terms present but equipment/service supplier evidence needs QA review,лакокрасочных материалов,equipment_service; оборудование,ok,,2026-07-14T19:28:58Z,expocentr-icatalog-v1.1.0
ИНТЕРЛАКОКРАСКА-2026,SHIFANG CHANGFENG CHEMICAL CO. LTD,Китай,,Китай,4E175,ЧАЯНОВ,Сырье и вспомогательные материалы для производства лакокрасочных материалов и покрытий; Сырье и вспомогательные материалы для производства адгезивов,Компания Shifang Changfeng Chemical Co. Ltd более 20 лет специализируется на производстве и применении антипиренов на основе полифосфата аммония (KYLIN APP201) и является одним из членов CFRS (Китайского объединения производителей огнезащитных материалов).,http://www.cf-chem.com,changfeng@cf-chem.com,+86 838 8320699,https://icatalog.expocentr.ru/ru/exhibitions/190a3ab6-1050-11f0-80ce-a0d3c1fab97f/exhibitors/378295?&stand=4E175,378295,Компания Shifang Changfeng Chemical Co. Ltd более 20 лет специализируется на производстве и применении антипиренов на основе полифосфата аммония (KYLIN APP201) и является одним из членов CFRS (Китайского объединения производителей огнезащитных материалов). | Сырье и вспомогательные материалы для производства лакокрасочных материалов и покрытий; Сырье и вспомогательные материалы для производства адгезивов,maybe,review,mixed: product terms present but raw_material supplier evidence needs QA review,лакокрасочных материалов; покрытий; адгезив,raw_material; сырье; вспомогательные материалы,ok,,2026-07-14T19:28:58Z,expocentr-icatalog-v1.1.0
ИНТЕРЛАКОКРАСКА-2026,SHIFANG RUIBANG NEW MATERIALS CO. LTD,Китай,,Китай,4E168,ЧАЯНОВ,Сырье и вспомогательные материалы для производства лакокрасочных материалов и покрытий; Сырье и вспомогательные материалы для производства адгезивов,"Компания специализируется на разработке, производстве и продаже смол, полимеров и антипиренов. Мы предлагаем краски и покрытия, смолы для обработки конструкционных пластиков, эмульсии и антипирены для пластиков.",http://www.ruibangnm.com,market@ruibangnm.com,+86 19183826373,https://icatalog.expocentr.ru/ru/exhibitions/190a3ab6-1050-11f0-80ce-a0d3c1fab97f/exhibitors/378313?&stand=4E168,378313,"Компания специализируется на разработке, производстве и продаже смол, полимеров и антипиренов. Мы предлагаем краски и покрытия, смолы для обработки конструкционных пластиков, эмульсии и антипирены для пластиков. | Сырье и вспомогательные материалы для производства лакокрасочных материалов и покрытий; Сырье и вспомогательные материалы для производства адгезивов",maybe,review,mixed: product terms present but raw_material supplier evidence needs QA review,лакокрасочных материалов; краски; покрытия; покрытий; адгезив,raw_material; сырье; вспомогательные материалы; смол,ok,,2026-07-14T19:28:58Z,expocentr-icatalog-v1.1.0
ИНТЕРЛАКОКРАСКА-2026,SICHUAN TAIFENG NEW FLAME RETARDANT CO. LTD,Китай,,Китай,2B158,ВАВИЛОВ,Сырье и вспомогательные материалы для производства лакокрасочных материалов и покрытий; Сырье и вспомогательные материалы для производства адгезивов,"Производитель безгалогеновых огнестойких материалов (HFFR). Основная продукция — APP, MCA, AHP и некоторые другие огнестойкие материалы (IFR). Применяются для производства вспучивающихся покрытий, текстильных покрытий, пластика и резины.",http://www.taifeng-fr.com,wesley@taifeng-fr.com,+86 28 84721008,https://icatalog.expocentr.ru/ru/exhibitions/190a3ab6-1050-11f0-80ce-a0d3c1fab97f/exhibitors/378287?&stand=2B158,378287,"Производитель безгалогеновых огнестойких материалов (HFFR). Основная продукция — APP, MCA, AHP и некоторые другие огнестойкие материалы (IFR). Применяются для производства вспучивающихся покрытий, текстильных покрытий, пластика и резины. | Сырье и вспомогательные материалы для производства лакокрасочных материалов и покрытий; Сырье и вспомогательные материалы для производства адгезивов",maybe,review,mixed: product terms present but raw_material supplier evidence needs QA review,лакокрасочных материалов; покрытий; адгезив,raw_material; сырье; вспомогательные материалы,ok,,2026-07-14T19:28:58Z,expocentr-icatalog-v1.1.0
ИНТЕРЛАКОКРАСКА-2026,SIEHE GROUP CO. LTD,Китай,,Китай,2E060,ВАВИЛОВ,Оборудование для производства лакокрасочных материалов и получения покрытий; Сушильное оборудование,"Компания SIEHE производит двойные планетарные смесители, высокоскоростные диссольверы, миксеры, эмульгаторы, мельницы и сопутствующие системы для интеграции. Продукция широко используется в производстве покрытий, клеев и других областях.",https://www.siehe.ru,marketing@siehe.com,+86 13524976949,https://icatalog.expocentr.ru/ru/exhibitions/190a3ab6-1050-11f0-80ce-a0d3c1fab97f/exhibitors/378541?&stand=2E060,378541,"Компания SIEHE производит двойные планетарные смесители, высокоскоростные диссольверы, миксеры, эмульгаторы, мельницы и сопутствующие системы для интеграции. Продукция широко используется в производстве покрытий, клеев и других областях. | Оборудование для производства лакокрасочных материалов и получения покрытий; Сушильное оборудование",maybe,review,mixed: product terms present but equipment/service supplier evidence needs QA review,лакокрасочных материалов; покрытий,equipment_service; оборудование; смесител,ok,,2026-07-14T19:28:58Z,expocentr-icatalog-v1.1.0
ИНТЕРЛАКОКРАСКА-2026,STATIC PROJE MAKINE VE KIMYA SANAYI LTD. STI.,Турция,,Турция,2E045,ВАВИЛОВ,,,,,,https://icatalog.expocentr.ru/ru/exhibitions/190a3ab6-1050-11f0-80ce-a0d3c1fab97f/exhibitors/380769?&stand=2E045,380769,,maybe,review,insufficient_public_evidence: manual review,,,partial_missing_fields,evidence_snippet,2026-07-14T19:28:58Z,expocentr-icatalog-v1.1.0
ИНТЕРЛАКОКРАСКА-2026,SUZHOU MEGAWIDE CHEMICALS CO. LTD,Китай,,Китай,2F085,ВАВИЛОВ,Сырье и вспомогательные материалы для производства лакокрасочных материалов и покрытий; Сырье и вспомогательные материалы для производства адгезивов,"Компания Suzhou Megawide Chemicals Co. Ltd занимается производством химикатов из сосны и тонкой химической продукции. Мы специализируемся на производных канифоли, производных скипидара и УФ-мономерах, таких как гидрогенизированная канифоль.",http://www.megawidechem.com,sales@megawidechem.com,+86 512 56798579,https://icatalog.expocentr.ru/ru/exhibitions/190a3ab6-1050-11f0-80ce-a0d3c1fab97f/exhibitors/378873?&stand=2F085,378873,"Компания Suzhou Megawide Chemicals Co. Ltd занимается производством химикатов из сосны и тонкой химической продукции. Мы специализируемся на производных канифоли, производных скипидара и УФ-мономерах, таких как гидрогенизированная канифоль. | Сырье и вспомогательные материалы для производства лакокрасочных материалов и покрытий; Сырье и вспомогательные материалы для производства адгезивов",maybe,review,mixed: product terms present but raw_material supplier evidence needs QA review,лакокрасочных материалов; покрытий; адгезив,raw_material; сырье; вспомогательные материалы,ok,,2026-07-14T19:28:58Z,expocentr-icatalog-v1.1.0
ИНТЕРЛАКОКРАСКА-2026,SUZHOU SUNMUN TECHNOLOGY CO. LTD,Китай,,Китай,4B071,ЧАЯНОВ,Сырье и вспомогательные материалы для производства лакокрасочных материалов и покрытий; Новые технологии и научные разработки,"Мы производим и предлагаем цветные пасты для внутреннего применения, POS-красители для дозаторов и УФ-отверждаемые материалы. Сервис.",http://www.smcolor.com.cn,xiyang.zou@smcolor.com.cn,+86 051257665888,https://icatalog.expocentr.ru/ru/exhibitions/190a3ab6-1050-11f0-80ce-a0d3c1fab97f/exhibitors/378877?&stand=4B071,378877,"Мы производим и предлагаем цветные пасты для внутреннего применения, POS-красители для дозаторов и УФ-отверждаемые материалы. Сервис. | Сырье и вспомогательные материалы для производства лакокрасочных материалов и покрытий; Новые технологии и научные разработки",maybe,review,mixed: product terms present but raw_material supplier evidence needs QA review,лакокрасочных материалов; покрытий,raw_material; сырье; вспомогательные материалы,ok,,2026-07-14T19:28:58Z,expocentr-icatalog-v1.1.0
ИНТЕРЛАКОКРАСКА-2026,TECH POLYMER MATERIALS CO. LTD,Китай,,Китай,4C070,ЧАЯНОВ,Сырье и вспомогательные материалы для производства лакокрасочных материалов и покрытий; Сырье и вспомогательные материалы для производства адгезивов,"Tech Polymer Materials Co. Ltd — компания по производству специальных химических добавок, занимающаяся разработкой, производством, продажей добавок для выравнивания, пеногасителей, диспергаторов, добавок для улучшения смачивания подложки, усилителей адгезии, модификаторов реологии и других специальные функциональных добавок, применяемых в производстве красок, чернил, композитных материалов, клеев, кожи и текстиля, сельскохозяйственных химикатов, косметики и т. д. Техническая поддержка. Taiga Additives — эксперт по добавкам, который работает с вами.",http://www.tech-polymer.com,johnson.tian@tech-polymer.cn,+86 21 50796110,https://icatalog.expocentr.ru/ru/exhibitions/190a3ab6-1050-11f0-80ce-a0d3c1fab97f/exhibitors/378405?&stand=4C070,378405,"Tech Polymer Materials Co. Ltd — компания по производству специальных химических добавок, занимающаяся разработкой, производством, продажей добавок для выравнивания, пеногасителей, диспергаторов, добавок для улучшения смачивания подложки, усилителей адгезии, модификаторов реологии и других специальные функциональных добавок, применяемых в производстве красок, чернил, композитных материалов, клеев, кожи и текстиля, сельскохозяйственных химикатов, косметики и т. д. Техническая поддержка. Taiga Additives — эксперт по добавкам, который работает с вами. | Сырье и вспомогательные материалы для производства лакокрасочных материалов и покрытий; Сырье и вспомогательные материалы для производства адге",maybe,review,mixed: product terms present but raw_material supplier evidence needs QA review,лакокрасочных материалов; покрытий; чернил; адгезив,raw_material; сырье; вспомогательные материалы; добавк; диспергатор; пеногасител,ok,,2026-07-14T19:28:58Z,expocentr-icatalog-v1.1.0
ИНТЕРЛАКОКРАСКА-2026,TEXONG (DONGGUAN) SALES CO. LTD,Китай,,Китай,4B105,ЧАЯНОВ,Сырье и вспомогательные материалы для производства лакокрасочных материалов и покрытий; Новые технологии и научные разработки,"Компания TEXONG — ведущий китайский производитель специального технического углерода, предлагающий надежное качество и постоянные инновации для производства покрытий, чернил, пластмасс и токопроводящих материалов.",http://www.texong.com,kovinke@texong.com,+86 09923991666,https://icatalog.expocentr.ru/ru/exhibitions/190a3ab6-1050-11f0-80ce-a0d3c1fab97f/exhibitors/378294?&stand=4B105,378294,"Компания TEXONG — ведущий китайский производитель специального технического углерода, предлагающий надежное качество и постоянные инновации для производства покрытий, чернил, пластмасс и токопроводящих материалов. | Сырье и вспомогательные материалы для производства лакокрасочных материалов и покрытий; Новые технологии и научные разработки",maybe,review,mixed: product terms present but raw_material supplier evidence needs QA review,лакокрасочных материалов; покрытий; чернил,raw_material; сырье; вспомогательные материалы; технического углерода,ok,,2026-07-14T19:28:58Z,expocentr-icatalog-v1.1.0
ИНТЕРЛАКОКРАСКА-2026,TIANJIN JIUYUAN NEW MATERIAL TECHNOLOGY CO. LTD,Китай,,Китай,4E140,ЧАЯНОВ,Сырье и вспомогательные материалы для производства лакокрасочных материалов и покрытий; Сырье и вспомогательные материалы для производства адгезивов,"Компания Tianjin Jiuri New Materials Co. Ltd, основанная в 1998 году, занимается разработкой, производством и продажей УФ-отверждаемых материалов, таких как фотоинициаторы и мономеры, фоторезисты, фотосенсоры.",http://www.jiuri.com.cn,emmy@jiuri.com.cn,+86 022 58330771,https://icatalog.expocentr.ru/ru/exhibitions/190a3ab6-1050-11f0-80ce-a0d3c1fab97f/exhibitors/378878?&stand=4E140,378878,"Компания Tianjin Jiuri New Materials Co. Ltd, основанная в 1998 году, занимается разработкой, производством и продажей УФ-отверждаемых материалов, таких как фотоинициаторы и мономеры, фоторезисты, фотосенсоры. | Сырье и вспомогательные материалы для производства лакокрасочных материалов и покрытий; Сырье и вспомогательные материалы для производства адгезивов",maybe,review,mixed: product terms present but raw_material supplier evidence needs QA review,лакокрасочных материалов; покрытий; адгезив,raw_material; сырье; вспомогательные материалы,ok,,2026-07-14T19:28:58Z,expocentr-icatalog-v1.1.0
ИНТЕРЛАКОКРАСКА-2026,TIANPU CHEMICALS CO. LTD,Китай,,Китай,2E075,ВАВИЛОВ,Сырье и вспомогательные материалы для производства лакокрасочных материалов и покрытий,"Компания Tianpu Chemicals Company Limited (ранее известная как Hercules Tianpu) специализируется на проектировании, разработке, производстве и продвижении технологий применения эфирных производных целлюлозы, включая MHPC.",http://www.tianpuchemical.com,cjshen@tianpuchemical.com,+86 08302796448,https://icatalog.expocentr.ru/ru/exhibitions/190a3ab6-1050-11f0-80ce-a0d3c1fab97f/exhibitors/378601?&stand=2E075,378601,"Компания Tianpu Chemicals Company Limited (ранее известная как Hercules Tianpu) специализируется на проектировании, разработке, производстве и продвижении технологий применения эфирных производных целлюлозы, включая MHPC. | Сырье и вспомогательные материалы для производства лакокрасочных материалов и покрытий",maybe,review,mixed: product terms present but raw_material supplier evidence needs QA review,лакокрасочных материалов; покрытий,raw_material; сырье; вспомогательные материалы,ok,,2026-07-14T19:28:58Z,expocentr-icatalog-v1.1.0
ИНТЕРЛАКОКРАСКА-2026,TILICOATINGWORLD CO. LTD,Китай,,Китай,4F055,ЧАЯНОВ,Сырье и вспомогательные материалы для производства лакокрасочных материалов и покрытий; Лакокрасочные материалы со специальными свойствами,"С 1995 года компания Fenghuanghua поставляет полиуретановые краски для деревянной мебели и антикоррозионные покрытия Tili® для стальных конструкций, а также синтетические смолы. Это всемирно известная ODM-фабрика с сильной технической командой.",https://tilicoatingworld.com,tili.coating@gmail.com,+86 13532029063,https://icatalog.expocentr.ru/ru/exhibitions/190a3ab6-1050-11f0-80ce-a0d3c1fab97f/exhibitors/378599?&stand=4F055,378599,"С 1995 года компания Fenghuanghua поставляет полиуретановые краски для деревянной мебели и антикоррозионные покрытия Tili® для стальных конструкций, а также синтетические смолы. Это всемирно известная ODM-фабрика с сильной технической командой. | Сырье и вспомогательные материалы для производства лакокрасочных материалов и покрытий; Лакокрасочные материалы со специальными свойствами",maybe,review,mixed: product terms present but raw_material supplier evidence needs QA review,лакокрасочных материалов; лакокрасочные материалы; антикоррозионные; краски; покрытия; покрытий,raw_material; сырье; вспомогательные материалы; смол,ok,,2026-07-14T19:28:58Z,expocentr-icatalog-v1.1.0
ИНТЕРЛАКОКРАСКА-2026,TRIPLETCHEM CO. LTD,Китай,,Китай,2F055,ВАВИЛОВ,Сырье и вспомогательные материалы для производства лакокрасочных материалов и покрытий; Измельчители и смесители,"Компания Tripletchem Co., Ltd. — это группа компаний, объединяющая разработку, производство, продажу сырья для базовых отраслей промышленности, таких как производство лакокрасочных материалов, чернил, текстиля, защитных пленок, строительство и многое другое. Послепродажное обслуживание.",,willars.wang@hotmail.com,+86 15618985433,https://icatalog.expocentr.ru/ru/exhibitions/190a3ab6-1050-11f0-80ce-a0d3c1fab97f/exhibitors/378874?&stand=2F055,378874,"Компания Tripletchem Co., Ltd. — это группа компаний, объединяющая разработку, производство, продажу сырья для базовых отраслей промышленности, таких как производство лакокрасочных материалов, чернил, текстиля, защитных пленок, строительство и многое другое. Послепродажное обслуживание. | Сырье и вспомогательные материалы для производства лакокрасочных материалов и покрытий; Измельчители и смесители",maybe,review,mixed: product terms present but equipment/service supplier evidence needs QA review,лакокрасочных материалов; покрытий; чернил,raw_material; equipment_service; смесител; сырье; вспомогательные материалы,ok,,2026-07-14T19:28:58Z,expocentr-icatalog-v1.1.0
ИНТЕРЛАКОКРАСКА-2026,UNION Shaoguan Chemical,Китай,,Китай,4F150,ЧАЯНОВ,Сырье и вспомогательные материалы для производства лакокрасочных материалов и покрытий; Сырье и вспомогательные материалы для производства адгезивов,"Union производит широкий спектр насыщенных полиэфирных, акриловых, алкидных смол, водных дисперсий акриловых и алкидных смол, ТРА-смол, отвердителей.",,k.kachuro@sint.moscow,+86 13923116491,https://icatalog.expocentr.ru/ru/exhibitions/190a3ab6-1050-11f0-80ce-a0d3c1fab97f/exhibitors/380738?&stand=4F150,380738,"Union производит широкий спектр насыщенных полиэфирных, акриловых, алкидных смол, водных дисперсий акриловых и алкидных смол, ТРА-смол, отвердителей. | Сырье и вспомогательные материалы для производства лакокрасочных материалов и покрытий; Сырье и вспомогательные материалы для производства адгезивов",maybe,review,mixed: product terms present but raw_material supplier evidence needs QA review,лакокрасочных материалов; покрытий; адгезив,raw_material; сырье; вспомогательные материалы; смол; полиэфир,ok,,2026-07-14T19:28:58Z,expocentr-icatalog-v1.1.0
ИНТЕРЛАКОКРАСКА-2026,VERA GROUP TICARET ANONIM SIRKETI,Турция,,Турция,2E140,ВАВИЛОВ,,,,,,https://icatalog.expocentr.ru/ru/exhibitions/190a3ab6-1050-11f0-80ce-a0d3c1fab97f/exhibitors/380770?&stand=2E140,380770,,maybe,review,insufficient_public_evidence: manual review,,,partial_missing_fields,evidence_snippet,2026-07-14T19:28:58Z,expocentr-icatalog-v1.1.0
ИНТЕРЛАКОКРАСКА-2026,WEIFANG XINDAMEI NEW MATERIAL CO. LTD,Китай,,Китай,2C165,ВАВИЛОВ,Порошковые покрытия; Лакокрасочные материалы промышленного назначения,"Компания Damei, основанная в 2007 году, — предприятие тонкой химии. Специализируется на разработке, производстве и продаже порошковых покрытий, обладает развитой технической базой и возможностями международных поставок.",https://dameipc.com,info@dameipc.com,+86 18291211138,https://icatalog.expocentr.ru/ru/exhibitions/190a3ab6-1050-11f0-80ce-a0d3c1fab97f/exhibitors/378322?&stand=2C165,378322,"Компания Damei, основанная в 2007 году, — предприятие тонкой химии. Специализируется на разработке, производстве и продаже порошковых покрытий, обладает развитой технической базой и возможностями международных поставок. | Порошковые покрытия; Лакокрасочные материалы промышленного назначения",maybe,review,product_terms_without_manufacturer_signal: manual review,лакокрасочные материалы; порошковых покрытий; порошковые покрытия; покрытия; покрытий,,ok,,2026-07-14T19:28:58Z,expocentr-icatalog-v1.1.0
ИНТЕРЛАКОКРАСКА-2026,WINBOND MATERIALS CO. LTD,Китай,,Китай,4B020,ЧАЯНОВ,"Антикоррозионные лакокрасочные материалы, защитные покрытия; Лакокрасочные материалы промышленного назначения","Компания Winbond — производитель, имеющий три завода, выпускающий основные амины, ангидриды, полиамины, феналкамин, полиамидные отвердители, полиаспарагиновые смолы и эпоксидные смолы на водной основе.",http://www.whwinbond.com,aimee.lan@whwinbond.com,+86 18620177645,https://icatalog.expocentr.ru/ru/exhibitions/190a3ab6-1050-11f0-80ce-a0d3c1fab97f/exhibitors/378318?&stand=4B020,378318,"Компания Winbond — производитель, имеющий три завода, выпускающий основные амины, ангидриды, полиамины, феналкамин, полиамидные отвердители, полиаспарагиновые смолы и эпоксидные смолы на водной основе. | Антикоррозионные лакокрасочные материалы, защитные покрытия; Лакокрасочные материалы промышленного назначения",maybe,review,mixed: product terms present but raw_material supplier evidence needs QA review,лакокрасочные материалы; антикоррозионные; покрытия,raw_material; смол; эпоксид,ok,,2026-07-14T19:28:58Z,expocentr-icatalog-v1.1.0
ИНТЕРЛАКОКРАСКА-2026,WUHAN JIANGLING TECHNOLOGY CO. LTD,Китай,,Китай,4D002,ЧАЯНОВ,Сырье и вспомогательные материалы для производства лакокрасочных материалов и покрытий; Материалы для обработки поверхности,"Компания Wuhan Jiangling Technology Co. Ltd (HAN EPOXY GROUP) является одним из ведущих производителей эпоксидного сырья в Китае; специализируется на производстве эпоксидных смол, эпоксидных агентов полимеризации и т. д.",http://www.hanepoxy.com,sales@hanepoxy.com,+86 27 85679882,https://icatalog.expocentr.ru/ru/exhibitions/190a3ab6-1050-11f0-80ce-a0d3c1fab97f/exhibitors/379205?&stand=4D002,379205,"Компания Wuhan Jiangling Technology Co. Ltd (HAN EPOXY GROUP) является одним из ведущих производителей эпоксидного сырья в Китае; специализируется на производстве эпоксидных смол, эпоксидных агентов полимеризации и т. д. | Сырье и вспомогательные материалы для производства лакокрасочных материалов и покрытий; Материалы для обработки поверхности",maybe,review,mixed: product terms present but raw_material supplier evidence needs QA review,лакокрасочных материалов; покрытий,raw_material; сырье; вспомогательные материалы; смол; эпоксид,ok,,2026-07-14T19:28:58Z,expocentr-icatalog-v1.1.0
ИНТЕРЛАКОКРАСКА-2026,WUQIAO QIYUAN CELLULOSE CO. LTD,Китай,,Китай,2B160,ВАВИЛОВ,Сырье и вспомогательные материалы для производства лакокрасочных материалов и покрытий; Сырье и вспомогательные материалы для производства адгезивов,"Wuqiao Qiyuan Cellulose Co. Ltd — профессиональный китайский производитель, который объединяет разработку, производство и продажу различных видов ГПМЦ (гидроксипропилметилцеллюлозы).",http://www.keyoungchem.com,sofia@keyoungchem.com,+86 13703337810,https://icatalog.expocentr.ru/ru/exhibitions/190a3ab6-1050-11f0-80ce-a0d3c1fab97f/exhibitors/378291?&stand=2B160,378291,"Wuqiao Qiyuan Cellulose Co. Ltd — профессиональный китайский производитель, который объединяет разработку, производство и продажу различных видов ГПМЦ (гидроксипропилметилцеллюлозы). | Сырье и вспомогательные материалы для производства лакокрасочных материалов и покрытий; Сырье и вспомогательные материалы для производства адгезивов",maybe,review,mixed: product terms present but raw_material supplier evidence needs QA review,лакокрасочных материалов; покрытий; адгезив,raw_material; сырье; вспомогательные материалы,ok,,2026-07-14T19:28:58Z,expocentr-icatalog-v1.1.0
ИНТЕРЛАКОКРАСКА-2026,WUXI BROAD CHEMICAL TECHNOLOGY CO. LTD,Китай,,Китай,2A070,ВАВИЛОВ,Сырье и вспомогательные материалы для производства лакокрасочных материалов и покрытий; Сырье и вспомогательные материалы для производства адгезивов,"Наша компания — профессиональный дистрибьютор химической продукции с 15-летним опытом. Наша основная продукция включает в себя растворители, мономеры, промежуточные продукты и химикаты специального назначения, такие как этоксипропанол, изопропиловый спирт (IPA), метилэтилкетон (MEK), метоксипропилацетат (PMA), тексанол, неопентилгликоль, триметилолпропан триакрилат.",http://www.broad-chem.com,jackpei@broad-chem.com,+86 510 81771011,https://icatalog.expocentr.ru/ru/exhibitions/190a3ab6-1050-11f0-80ce-a0d3c1fab97f/exhibitors/379208?&stand=2A070,379208,"Наша компания — профессиональный дистрибьютор химической продукции с 15-летним опытом. Наша основная продукция включает в себя растворители, мономеры, промежуточные продукты и химикаты специального назначения, такие как этоксипропанол, изопропиловый спирт (IPA), метилэтилкетон (MEK), метоксипропилацетат (PMA), тексанол, неопентилгликоль, триметилолпропан триакрилат. | Сырье и вспомогательные материалы для производства лакокрасочных материалов и покрытий; Сырье и вспомогательные материалы для производства адгезивов",maybe,review,mixed: product terms present but raw_material supplier evidence needs QA review,лакокрасочных материалов; покрытий; адгезив,raw_material; сырье; вспомогательные материалы; растворител,ok,,2026-07-14T19:28:58Z,expocentr-icatalog-v1.1.0
ИНТЕРЛАКОКРАСКА-2026,XINJIANG TOP-CELLU POLYMER MATERIALS CO. LTD,Китай,,Китай,2E035,ВАВИЛОВ,Сырье и вспомогательные материалы для производства лакокрасочных материалов и покрытий,"Ведущий производитель HEMC в Китае, предлагающий комплексные решения для строительной отрасли и производства красок на водной основе.",http://www.topcellu.com,phil@topcellu.com,+86 17 839130215,https://icatalog.expocentr.ru/ru/exhibitions/190a3ab6-1050-11f0-80ce-a0d3c1fab97f/exhibitors/378325?&stand=2E035,378325,"Ведущий производитель HEMC в Китае, предлагающий комплексные решения для строительной отрасли и производства красок на водной основе. | Сырье и вспомогательные материалы для производства лакокрасочных материалов и покрытий",maybe,review,mixed: product terms present but raw_material supplier evidence needs QA review,лакокрасочных материалов; покрытий,raw_material; сырье; вспомогательные материалы,ok,,2026-07-14T19:28:58Z,expocentr-icatalog-v1.1.0
ИНТЕРЛАКОКРАСКА-2026,XUZHOU HUIDE CHEMICAL CO. LTD,Китай,,Китай,4F120,ЧАЯНОВ,Сырье и вспомогательные материалы для производства лакокрасочных материалов и покрытий; Сырье и вспомогательные материалы для производства адгезивов,"Xuzhou Huide Chemical Co. Ltd производит акриловый полимерный клей на водной основе, продукция которого используется в производстве красок, герметиков, промышленных антикоррозийных средств, красок для дерева и в других областях.",http://www.xzhdindustry.com,keralay@yeah.net,+86 18168253133,https://icatalog.expocentr.ru/ru/exhibitions/190a3ab6-1050-11f0-80ce-a0d3c1fab97f/exhibitors/378286?&stand=4F120,378286,"Xuzhou Huide Chemical Co. Ltd производит акриловый полимерный клей на водной основе, продукция которого используется в производстве красок, герметиков, промышленных антикоррозийных средств, красок для дерева и в других областях. | Сырье и вспомогательные материалы для производства лакокрасочных материалов и покрытий; Сырье и вспомогательные материалы для производства адгезивов",maybe,review,mixed: product terms present but raw_material supplier evidence needs QA review,лакокрасочных материалов; покрытий; адгезив; герметик,raw_material; сырье; вспомогательные материалы,ok,,2026-07-14T19:28:58Z,expocentr-icatalog-v1.1.0
ИНТЕРЛАКОКРАСКА-2026,YINGDE TONGFUGUI TECHNOLOGY MATERIALS CO. LTD,Китай,,Китай,4D142,ЧАЯНОВ,Сырье и вспомогательные материалы для производства лакокрасочных материалов и покрытий; Новые технологии и научные разработки,"Tongfugui Chemicals производит химические добавки, используемые для производства покрытий и печатных красок, специализируется на разработке, производстве и продаже пеногасителей, выравнивающих составов, диспергаторов, зеркально-серебряных смол и т. д.",http://www.tfg999.com,huiwen.tan@tfg999.com,+86 13250233133,https://icatalog.expocentr.ru/ru/exhibitions/190a3ab6-1050-11f0-80ce-a0d3c1fab97f/exhibitors/378312?&stand=4D142,378312,"Tongfugui Chemicals производит химические добавки, используемые для производства покрытий и печатных красок, специализируется на разработке, производстве и продаже пеногасителей, выравнивающих составов, диспергаторов, зеркально-серебряных смол и т. д. | Сырье и вспомогательные материалы для производства лакокрасочных материалов и покрытий; Новые технологии и научные разработки",maybe,review,mixed: product terms present but raw_material supplier evidence needs QA review,лакокрасочных материалов; покрытий; печатных красок,raw_material; сырье; вспомогательные материалы; смол; добавк; диспергатор; пеногасител,ok,,2026-07-14T19:28:58Z,expocentr-icatalog-v1.1.0
ИНТЕРЛАКОКРАСКА-2026,YONGXING LANGFENG PIGMENT INDUSTRIAL CO. LTD,Китай,,Китай,2E085,ВАВИЛОВ,Сырье и вспомогательные материалы для производства лакокрасочных материалов и покрытий,Компания Yongxing Langfeng Pigment Industrial Co. Ltd — профессиональным китайский производителем пигментов на основе оксида железа. Компания занимает площадь 70 000 квадратных метров.,http://www.lfpigment.com,lf002@lfpigment.com,+86 15622262262,https://icatalog.expocentr.ru/ru/exhibitions/190a3ab6-1050-11f0-80ce-a0d3c1fab97f/exhibitors/378876?&stand=2E085,378876,Компания Yongxing Langfeng Pigment Industrial Co. Ltd — профессиональным китайский производителем пигментов на основе оксида железа. Компания занимает площадь 70 000 квадратных метров. | Сырье и вспомогательные материалы для производства лакокрасочных материалов и покрытий,maybe,review,mixed: product terms present but raw_material supplier evidence needs QA review,лакокрасочных материалов; покрытий,raw_material; сырье; вспомогательные материалы; пигмент,ok,,2026-07-14T19:28:58Z,expocentr-icatalog-v1.1.0
ИНТЕРЛАКОКРАСКА-2026,YUXING PIGMENT CO. LTD,Китай,,Китай,2E114,ВАВИЛОВ,Порошковые покрытия,Участие в выставке помогает установлению взаимовыгодных отношений.,http://www.asiapigment.com,bcc@yuxingpigment.com,+86 510 87226708,https://icatalog.expocentr.ru/ru/exhibitions/190a3ab6-1050-11f0-80ce-a0d3c1fab97f/exhibitors/378872?&stand=2E114,378872,Участие в выставке помогает установлению взаимовыгодных отношений. | Порошковые покрытия,maybe,review,product_terms_without_manufacturer_signal: manual review,порошковые покрытия; покрытия,,ok,,2026-07-14T19:28:58Z,expocentr-icatalog-v1.1.0
ИНТЕРЛАКОКРАСКА-2026,ZHANGJIAGANG HUIERTONG IMPORT & EXPORT CO. LTD,Китай,,Китай,2A060,ВАВИЛОВ,Оборудование для производства лакокрасочных материалов и получения покрытий,"Компания TongHui Machinery, основанная в 2002 году, специализируется на разработке и производстве оборудования для химической промышленности. TongHui успешно удовлетворяет потребности различных отраслей, таких как производство красок, покрытий, чернил и т. д.",http://www.cnthjx.com,het@huiertong.com,+86 512 56379399,https://icatalog.expocentr.ru/ru/exhibitions/190a3ab6-1050-11f0-80ce-a0d3c1fab97f/exhibitors/378556?&stand=2A060,378556,"Компания TongHui Machinery, основанная в 2002 году, специализируется на разработке и производстве оборудования для химической промышленности. TongHui успешно удовлетворяет потребности различных отраслей, таких как производство красок, покрытий, чернил и т. д. | Оборудование для производства лакокрасочных материалов и получения покрытий",maybe,review,mixed: product terms present but equipment/service supplier evidence needs QA review,лакокрасочных материалов; покрытий; чернил,equipment_service; оборудование,ok,,2026-07-14T19:28:58Z,expocentr-icatalog-v1.1.0
ИНТЕРЛАКОКРАСКА-2026,ZHEJIANG BAOLIJIA SUPPLY CHAIN MANAGEMENT CO. LTD,Китай,,Китай,4B021,ЧАЯНОВ,Сырье и вспомогательные материалы для производства лакокрасочных материалов и покрытий; Сырье и вспомогательные материалы для производства адгезивов,"Компания BAOLIJIA, расположенная в Шанхае и основанная в августе 2001 года, является современным предприятием, объединяющим разработку, производство и продажу акриловых эмульсий на водной основе.",https://www.baolijia.com.cn,yangshangming@baolijia.com.cn,+86 15900991683,https://icatalog.expocentr.ru/ru/exhibitions/190a3ab6-1050-11f0-80ce-a0d3c1fab97f/exhibitors/378309?&stand=4B021,378309,"Компания BAOLIJIA, расположенная в Шанхае и основанная в августе 2001 года, является современным предприятием, объединяющим разработку, производство и продажу акриловых эмульсий на водной основе. | Сырье и вспомогательные материалы для производства лакокрасочных материалов и покрытий; Сырье и вспомогательные материалы для производства адгезивов",maybe,review,mixed: product terms present but raw_material supplier evidence needs QA review,лакокрасочных материалов; покрытий; адгезив,raw_material; сырье; вспомогательные материалы,ok,,2026-07-14T19:28:58Z,expocentr-icatalog-v1.1.0
ИНТЕРЛАКОКРАСКА-2026,ZHEJIANG BROTHER GUIDEPPOST PAINT CO. LTD,Китай,,Китай,4F045,ЧАЯНОВ,"Лакокрасочные материалы для дорожных покрытий, мостов, тоннелей",Компания Brother Guidepost была основана в 1986 году. Это крупнейший универсальный поставщик красок для дорожной разметки в Китае. Компания Brother Guidepost располагает пятью основными производственными базами. Мы лидируем в области производства красок.,http://www.xdlb.com,1057608740@qq.com,+86 05726901555,https://icatalog.expocentr.ru/ru/exhibitions/190a3ab6-1050-11f0-80ce-a0d3c1fab97f/exhibitors/378871?&stand=4F045,378871,"Компания Brother Guidepost была основана в 1986 году. Это крупнейший универсальный поставщик красок для дорожной разметки в Китае. Компания Brother Guidepost располагает пятью основными производственными базами. Мы лидируем в области производства красок. | Лакокрасочные материалы для дорожных покрытий, мостов, тоннелей",maybe,review,product_terms_without_manufacturer_signal: manual review,лакокрасочные материалы; покрытий,,ok,,2026-07-14T19:28:58Z,expocentr-icatalog-v1.1.0
ИНТЕРЛАКОКРАСКА-2026,ZHEJIANG CHANG'AN RENHENG TECHNOLOGY CO. LTD,Китай,,Китай,4E160,ЧАЯНОВ,Сырье и вспомогательные материалы для производства лакокрасочных материалов и покрытий; Сырье и вспомогательные материалы для производства адгезивов,Компания Zhejiang Chang'an Renheng Technology Co. Ltd — производитель бентонита.,https://www.renheng.com,zhanghuaiting@renheng.com,+86 15968227682,https://icatalog.expocentr.ru/ru/exhibitions/190a3ab6-1050-11f0-80ce-a0d3c1fab97f/exhibitors/378603?&stand=4E160,378603,Компания Zhejiang Chang'an Renheng Technology Co. Ltd — производитель бентонита. | Сырье и вспомогательные материалы для производства лакокрасочных материалов и покрытий; Сырье и вспомогательные материалы для производства адгезивов,maybe,review,mixed: product terms present but raw_material supplier evidence needs QA review,лакокрасочных материалов; покрытий; адгезив,raw_material; сырье; вспомогательные материалы,ok,,2026-07-14T19:28:58Z,expocentr-icatalog-v1.1.0
ИНТЕРЛАКОКРАСКА-2026,ZHEJIANG CHEMICALS IMPORT AND EXPORT CORPORATION,Китай,,Китай,2F031,ВАВИЛОВ,Сырье и вспомогательные материалы для производства лакокрасочных материалов и покрытий,"Компания была основана в 1980 году, а в 1988 году получила название Zhejiang Chemicals Import and Export Corporation. Наша компания занимается экспортом основных химикатов и растворителей.",http://www.zhechem.com,hongbin@zhechem.com,+86 18069800752,https://icatalog.expocentr.ru/ru/exhibitions/190a3ab6-1050-11f0-80ce-a0d3c1fab97f/exhibitors/378314?&stand=2F031,378314,"Компания была основана в 1980 году, а в 1988 году получила название Zhejiang Chemicals Import and Export Corporation. Наша компания занимается экспортом основных химикатов и растворителей. | Сырье и вспомогательные материалы для производства лакокрасочных материалов и покрытий",maybe,review,mixed: product terms present but raw_material supplier evidence needs QA review,лакокрасочных материалов; покрытий,raw_material; сырье; вспомогательные материалы; растворител,ok,,2026-07-14T19:28:58Z,expocentr-icatalog-v1.1.0
ИНТЕРЛАКОКРАСКА-2026,ZHEJIANG HUAYUAN NEW MATERIAL CO. LTD,Китай,,Китай,4B055,ЧАЯНОВ,Сырье и вспомогательные материалы для производства лакокрасочных материалов и покрытий,Мы являемся ведущим производителем высококачественных железооксидных пигментов с годовой производительностью 220 000 тонн. Наше современное оборудование позволяет нам поставлять полный спектр красителей для различных отраслей промышленности.,http://www.ironoxide.com.cn,sales@ironoxide.com.cn,+86 57185812160,https://icatalog.expocentr.ru/ru/exhibitions/190a3ab6-1050-11f0-80ce-a0d3c1fab97f/exhibitors/378336?&stand=4B055,378336,Мы являемся ведущим производителем высококачественных железооксидных пигментов с годовой производительностью 220 000 тонн. Наше современное оборудование позволяет нам поставлять полный спектр красителей для различных отраслей промышленности. | Сырье и вспомогательные материалы для производства лакокрасочных материалов и покрытий,maybe,review,mixed: product terms present but equipment/service supplier evidence needs QA review,лакокрасочных материалов; покрытий,raw_material; equipment_service; оборудование; сырье; вспомогательные материалы; пигмент,ok,,2026-07-14T19:28:58Z,expocentr-icatalog-v1.1.0
ИНТЕРЛАКОКРАСКА-2026,ZHEJIANG KAIRUN NEW MATERIALS CO. LTD,Китай,,Китай,4F073,ЧАЯНОВ,Сырье и вспомогательные материалы для производства лакокрасочных материалов и покрытий; Сырье и вспомогательные материалы для производства адгезивов,"Компания Zhejiang Kairun New Materials является ведущим производителем гидроксипропилметилцеллюлозы (HPMC), редиспергируемых полимерных порошков (RDP), гидрофобных редиспергируемых полимерных порошков, силиконового гидрофобного порошка (водоотталкивающего), силиконовых эмульсий и силиконовых пеногасителей.",http://www.krnm.cc,l.z@berenchem.com,+86 575 8291 3595,https://icatalog.expocentr.ru/ru/exhibitions/190a3ab6-1050-11f0-80ce-a0d3c1fab97f/exhibitors/379206?&stand=4F073,379206,"Компания Zhejiang Kairun New Materials является ведущим производителем гидроксипропилметилцеллюлозы (HPMC), редиспергируемых полимерных порошков (RDP), гидрофобных редиспергируемых полимерных порошков, силиконового гидрофобного порошка (водоотталкивающего), силиконовых эмульсий и силиконовых пеногасителей. | Сырье и вспомогательные материалы для производства лакокрасочных материалов и покрытий; Сырье и вспомогательные материалы для производства адгезивов",maybe,review,mixed: product terms present but raw_material supplier evidence needs QA review,лакокрасочных материалов; покрытий; адгезив,raw_material; сырье; вспомогательные материалы; пеногасител,ok,,2026-07-14T19:28:58Z,expocentr-icatalog-v1.1.0
ИНТЕРЛАКОКРАСКА-2026,ZHEJIANG SAINON CHEMICAL CO. LTD,Китай,,Китай,4F072,ЧАЯНОВ,Сырье и вспомогательные материалы для производства лакокрасочных материалов и покрытий; Автомобильные лакокрасочные материалы,"Компания Zhejiang Sainon Chemical Co. Ltd, расположенная в Национальной зоне экономического развития – высокотехнологичном промышленном парке Цюйчжоу, была основана в 2005 году. Компания объединяет разработки, производство и продажу.",http://www.chinameko.com,huibzheng@kailinchem.com,+86 570 3687898,https://icatalog.expocentr.ru/ru/exhibitions/190a3ab6-1050-11f0-80ce-a0d3c1fab97f/exhibitors/378552?&stand=4F072,378552,"Компания Zhejiang Sainon Chemical Co. Ltd, расположенная в Национальной зоне экономического развития – высокотехнологичном промышленном парке Цюйчжоу, была основана в 2005 году. Компания объединяет разработки, производство и продажу. | Сырье и вспомогательные материалы для производства лакокрасочных материалов и покрытий; Автомобильные лакокрасочные материалы",maybe,review,mixed: product terms present but raw_material supplier evidence needs QA review,лакокрасочных материалов; лакокрасочные материалы; покрытий,raw_material; сырье; вспомогательные материалы,ok,,2026-07-14T19:28:58Z,expocentr-icatalog-v1.1.0
ИНТЕРЛАКОКРАСКА-2026,ZHONGYUAN SHENGBANG (XIAMEN) TECHNOLOGY CO. LTD,Китай,,Китай,4C175,ЧАЯНОВ,Порошковые покрытия; Строительные лакокрасочные материалы (фасадные и для внутренних работ),"Компания SUNG BANG предлагает высококачественный диоксид титана и решения для цепочки поставок. Обладая опытом работы в отрасли с 1990-х годов, мы управляем семью складами в Китае и обслуживаем международных клиентов, работающих в сфере нанесения покрытий и производства пластмасс.",http://www.sunbangtio2.com,sales@sunbangtio2.com,+86 13950103502,https://icatalog.expocentr.ru/ru/exhibitions/190a3ab6-1050-11f0-80ce-a0d3c1fab97f/exhibitors/378548?&stand=4C175,378548,"Компания SUNG BANG предлагает высококачественный диоксид титана и решения для цепочки поставок. Обладая опытом работы в отрасли с 1990-х годов, мы управляем семью складами в Китае и обслуживаем международных клиентов, работающих в сфере нанесения покрытий и производства пластмасс. | Порошковые покрытия; Строительные лакокрасочные материалы (фасадные и для внутренних работ)",maybe,review,mixed: product terms present but raw_material supplier evidence needs QA review,лакокрасочные материалы; порошковые покрытия; покрытия; покрытий,raw_material; диоксид титана,ok,,2026-07-14T19:28:58Z,expocentr-icatalog-v1.1.0
ИНТЕРЛАКОКРАСКА-2026,"АВИАЦИОННЫЕ ЛАКОКРАСОЧНЫЕ ТЕХНОЛОГИИ, ООО",Россия,Московская обл.,"Россия, 140150, Московская обл., Раменский г. о., Быково р. п., Аэропортовская ул., д. 14",2E130,ВАВИЛОВ,Клеи и герметики; Профессиональные средства для смывки ЛКП,"Производим смывки краски, клеи, растворители, очистители, ингибирующие составы. При правильном использовании все средства не повреждают поверхность, безопасны для человека и окружающей среды.",http://ал-техн.рф,asi@ap-tech.ru,+7 (495) 788-1189,https://icatalog.expocentr.ru/ru/exhibitions/190a3ab6-1050-11f0-80ce-a0d3c1fab97f/exhibitors/378236?&stand=2E130,378236,"Производим смывки краски, клеи, растворители, очистители, ингибирующие составы. При правильном использовании все средства не повреждают поверхность, безопасны для человека и окружающей среды. | Клеи и герметики; Профессиональные средства для смывки ЛКП",maybe,review,mixed: product terms present but raw_material supplier evidence needs QA review,краски; клеи; герметик,raw_material; растворител,ok,,2026-07-14T19:28:58Z,expocentr-icatalog-v1.1.0
ИНТЕРЛАКОКРАСКА-2026,"АВИВИР, ООО",Россия,Москва,"Россия, 121205, г. Москва, ул. Нобеля, д. 5, тер. Инновационного центра «Сколково»",4E115,ЧАЯНОВ,Сырье и вспомогательные материалы для производства лакокрасочных материалов и покрытий; Измельчители и смесители; Диссольверы; Дозирующее оборудование; Системы очистки и переработки отходов,"«Авивир» — поставщик оборудования, расходных материалов и реагентов для ЛКМ-производств в России с фокусом на сложные технологические решения и международные поставки.",https://avivir.ru,info@avivir.ru,+7 (495) 241-5717,https://icatalog.expocentr.ru/ru/exhibitions/190a3ab6-1050-11f0-80ce-a0d3c1fab97f/exhibitors/379995?&stand=4E115,379995,"«Авивир» — поставщик оборудования, расходных материалов и реагентов для ЛКМ-производств в России с фокусом на сложные технологические решения и международные поставки. | Сырье и вспомогательные материалы для производства лакокрасочных материалов и покрытий; Измельчители и смесители; Диссольверы; Дозирующее оборудование; Системы очистки и переработки отходов",maybe,review,mixed: product terms present but equipment/service supplier evidence needs QA review,лакокрасочных материалов; покрытий,raw_material; equipment_service; оборудование; смесител; сырье; вспомогательные материалы,ok,,2026-07-14T19:28:58Z,expocentr-icatalog-v1.1.0
ИНТЕРЛАКОКРАСКА-2026,"АВК-ХИМ, ООО",Россия,Москва,"Россия, 105094, г. Москва, Семеновская наб., д. 2/1, стр. 1, комн. 14",4C085,ЧАЯНОВ,Сырье и вспомогательные материалы для производства лакокрасочных материалов и покрытий,"ООО «АВК-ХИМ» с 2016 года занимается производством химических добавок для использования в производстве лакокрасочных изделий и строительных материалов на основе ПВХ, а также в лакокрасочной промышленности и в производстве герметиков.",http://www.avkhim.ru,info@avkhim.ru,+7 (499) 426-0023,https://icatalog.expocentr.ru/ru/exhibitions/190a3ab6-1050-11f0-80ce-a0d3c1fab97f/exhibitors/378233?&stand=4C085,378233,"ООО «АВК-ХИМ» с 2016 года занимается производством химических добавок для использования в производстве лакокрасочных изделий и строительных материалов на основе ПВХ, а также в лакокрасочной промышленности и в производстве герметиков. | Сырье и вспомогательные материалы для производства лакокрасочных материалов и покрытий",maybe,review,mixed: product terms present but raw_material supplier evidence needs QA review,лакокрасочных материалов; покрытий; герметик,raw_material; сырье; вспомогательные материалы,ok,,2026-07-14T19:28:58Z,expocentr-icatalog-v1.1.0
ИНТЕРЛАКОКРАСКА-2026,"АВТОграф ПТ, ООО",Россия,Санкт-Петербург,"Россия, 197183, г. Санкт-Петербург, ул. Заусадебная, д. 15, литера В, пом. 26",4C004,ЧАЯНОВ,Оборудование для нанесения лакокрасочных материалов; Лакокрасочные материалы со специальными свойствами,Комплексные решения в сфере промышленной окраски и профессионального окрасочного оборудования.,https://avtograph-oem.ru,info@avtograph-oem.ru,8 800 550-4244,https://icatalog.expocentr.ru/ru/exhibitions/190a3ab6-1050-11f0-80ce-a0d3c1fab97f/exhibitors/378242?&stand=4C004,378242,Комплексные решения в сфере промышленной окраски и профессионального окрасочного оборудования. | Оборудование для нанесения лакокрасочных материалов; Лакокрасочные материалы со специальными свойствами,maybe,review,mixed: product terms present but equipment/service supplier evidence needs QA review,лакокрасочных материалов; лакокрасочные материалы; краски,equipment_service; оборудование,ok,,2026-07-14T19:28:58Z,expocentr-icatalog-v1.1.0
ИНТЕРЛАКОКРАСКА-2026,АГЕТТ,Россия,Москва,"Россия, 121601, г. Москва, Филёвский б-р, д. 24, корп. 1, кв. 35",4D120,ЧАЯНОВ,Сырье и вспомогательные материалы для производства лакокрасочных материалов и покрытий; Сырье и вспомогательные материалы для производства адгезивов,"ООО «Агетт» является поставщиком широкого спектра эфиров целлюлозы для различных отраслей, ПВХ российского и китайского производства и другого химического сырья.",http://www.agett.ru,info-ru@agett.ru,+7 (495) 025-5211,https://icatalog.expocentr.ru/ru/exhibitions/190a3ab6-1050-11f0-80ce-a0d3c1fab97f/exhibitors/378395?&stand=4D120,378395,"ООО «Агетт» является поставщиком широкого спектра эфиров целлюлозы для различных отраслей, ПВХ российского и китайского производства и другого химического сырья. | Сырье и вспомогательные материалы для производства лакокрасочных материалов и покрытий; Сырье и вспомогательные материалы для производства адгезивов",maybe,review,mixed: product terms present but raw_material supplier evidence needs QA review,лакокрасочных материалов; покрытий; адгезив,raw_material; сырье; вспомогательные материалы,ok,,2026-07-14T19:28:58Z,expocentr-icatalog-v1.1.0
ИНТЕРЛАКОКРАСКА-2026,АГСКАРБ-ИСКРА,Россия,Москва,"Россия, 125284, г. Москва, Ленинградский просп., д. 35, стр. 2, пом. 230",4D115,ЧАЯНОВ,Сырье и вспомогательные материалы для производства лакокрасочных материалов и покрытий; Сырье и вспомогательные материалы для производства адгезивов,"«АГСКАРБ-ИСКРА» — ведущий поставщик минеральных наполнителей из Турции (микрокальцита, талька, барита, бланфикса, химически осажденного мела, доломита, оксида кальция), алкидных и акриловых смол, отвердителей.",http://www.ags.ru,info@ags.ru,+7 (495) 320-3034,https://icatalog.expocentr.ru/ru/exhibitions/190a3ab6-1050-11f0-80ce-a0d3c1fab97f/exhibitors/379642?&stand=4D115,379642,"«АГСКАРБ-ИСКРА» — ведущий поставщик минеральных наполнителей из Турции (микрокальцита, талька, барита, бланфикса, химически осажденного мела, доломита, оксида кальция), алкидных и акриловых смол, отвердителей. | Сырье и вспомогательные материалы для производства лакокрасочных материалов и покрытий; Сырье и вспомогательные материалы для производства адгезивов",maybe,review,mixed: product terms present but raw_material supplier evidence needs QA review,лакокрасочных материалов; покрытий; адгезив,raw_material; сырье; вспомогательные материалы; смол; наполнител,ok,,2026-07-14T19:28:58Z,expocentr-icatalog-v1.1.0
ИНТЕРЛАКОКРАСКА-2026,"АКВИЛОН ПС, ООО",Россия,Московская обл.,"Россия, 141008, Московская обл., г. Мытищи, ул. Лётная, стр. 19, пом. 438",4A100,ЧАЯНОВ,Сырье и вспомогательные материалы для производства лакокрасочных материалов и покрытий,Надежный поставщик химического сырья для производства огнезащитных и теплозащитных ЛКМ. Крупнейший поставщик антипиренов для огнезащитных покрытий и материалов. Прямые поставки из Китая и стран Азии.,http://www.psaquilon.ru,psaquilon@bk.ru,+7 (495) 143-1820,https://icatalog.expocentr.ru/ru/exhibitions/190a3ab6-1050-11f0-80ce-a0d3c1fab97f/exhibitors/378271?&stand=4A100,378271,Надежный поставщик химического сырья для производства огнезащитных и теплозащитных ЛКМ. Крупнейший поставщик антипиренов для огнезащитных покрытий и материалов. Прямые поставки из Китая и стран Азии. | Сырье и вспомогательные материалы для производства лакокрасочных материалов и покрытий,maybe,review,mixed: product terms present but raw_material supplier evidence needs QA review,лакокрасочных материалов; защитных покрытий; покрытий,raw_material; сырье; вспомогательные материалы,ok,,2026-07-14T19:28:58Z,expocentr-icatalog-v1.1.0
ИНТЕРЛАКОКРАСКА-2026,АКРИТЕХ,Россия,Санкт-Петербург,"Россия, 190068, г. Санкт-Петербург, ул. Большая Подьяческая, д. 8, литера А, пом. 29Н",4F085,ЧАЯНОВ,Лакокрасочные материалы со специальными свойствами; Строительные лакокрасочные материалы (фасадные и для внутренних работ),"Компания «АкриТех» представит на выставке инновационный материал собственной разработки — усовершенствованный жидкий камень. Это событие ознаменует новый этап в эволюции отделочных решений, объединив передовые технологии и эстетику натурального камня.",http://akriteh.ru,sales@akriteh.ru,8 800 300-6072,https://icatalog.expocentr.ru/ru/exhibitions/190a3ab6-1050-11f0-80ce-a0d3c1fab97f/exhibitors/378427?&stand=4F085,378427,"Компания «АкриТех» представит на выставке инновационный материал собственной разработки — усовершенствованный жидкий камень. Это событие ознаменует новый этап в эволюции отделочных решений, объединив передовые технологии и эстетику натурального камня. | Лакокрасочные материалы со специальными свойствами; Строительные лакокрасочные материалы (фасадные и для внутренних работ)",maybe,review,product_terms_without_manufacturer_signal: manual review,лакокрасочные материалы,,ok,,2026-07-14T19:28:58Z,expocentr-icatalog-v1.1.0
ИНТЕРЛАКОКРАСКА-2026,АЛИСТЕРУС,Россия,Екатеринбург,"Россия, 620016, г. Екатеринбург, ул. Амундсена, стр. 105, пом. 87",4E015,ЧАЯНОВ,Сырье и вспомогательные материалы для производства лакокрасочных материалов и покрытий,Универсальные колеровочные пасты для машинной и ручной колеровки. Колоранты для водных паст и на растворителях. Колоранты для деревянных покрытий на масляной основе. Аналоги продукции европейских производителей.,http://www.alisterus.ru,kd@alisterus.ru,+7 (343) 344-3192,https://icatalog.expocentr.ru/ru/exhibitions/190a3ab6-1050-11f0-80ce-a0d3c1fab97f/exhibitors/378270?&stand=4E015,378270,Универсальные колеровочные пасты для машинной и ручной колеровки. Колоранты для водных паст и на растворителях. Колоранты для деревянных покрытий на масляной основе. Аналоги продукции европейских производителей. | Сырье и вспомогательные материалы для производства лакокрасочных материалов и покрытий,maybe,review,mixed: product terms present but raw_material supplier evidence needs QA review,лакокрасочных материалов; покрытий,raw_material; сырье; вспомогательные материалы; растворител,ok,,2026-07-14T19:28:58Z,expocentr-icatalog-v1.1.0
ИНТЕРЛАКОКРАСКА-2026,АЛЛНЕКС БЕЛГОРОД,Россия,Белгородская обл.,"Россия, 309296, Белгородская обл., г. Шебекино, Ржевское ш., д. 29а",2C110,ВАВИЛОВ,Сырье и вспомогательные материалы для производства лакокрасочных материалов и покрытий,"Компания «Аллнекс» является ведущим мировым производителем смол и добавок для строительных красок, защитных, автомобильных покрытий и покрытий специального назначения, а также типографских красок.",http://www.allnex.su,info@allnex.su,+7 (910) 365-7582,https://icatalog.expocentr.ru/ru/exhibitions/190a3ab6-1050-11f0-80ce-a0d3c1fab97f/exhibitors/378243?&stand=2C110,378243,"Компания «Аллнекс» является ведущим мировым производителем смол и добавок для строительных красок, защитных, автомобильных покрытий и покрытий специального назначения, а также типографских красок. | Сырье и вспомогательные материалы для производства лакокрасочных материалов и покрытий",maybe,review,mixed: product terms present but raw_material supplier evidence needs QA review,лакокрасочных материалов; покрытий,raw_material; сырье; вспомогательные материалы; смол,ok,,2026-07-14T19:28:58Z,expocentr-icatalog-v1.1.0
ИНТЕРЛАКОКРАСКА-2026,"АНКАР, ООО",Россия,Москва,"Россия, г. Москва, Ленинградский просп., д. 39, стр. 14, оф. 305",4D130,ЧАЯНОВ,Сырье и вспомогательные материалы для производства лакокрасочных материалов и покрытий; Лакокрасочные материалы со специальными свойствами,"ANKAR — команда экспертов, поставляющая оригинальное химическое сырье от ведущих мировых производителей. Импорт, экспорт и продажа химических материалов и компонентов для вашего бизнеса без границ.",http://www.ankargroup.su,info@ankargroup.su,+7 (499) 112-4830,https://icatalog.expocentr.ru/ru/exhibitions/190a3ab6-1050-11f0-80ce-a0d3c1fab97f/exhibitors/378310?&stand=4D130,378310,"ANKAR — команда экспертов, поставляющая оригинальное химическое сырье от ведущих мировых производителей. Импорт, экспорт и продажа химических материалов и компонентов для вашего бизнеса без границ. | Сырье и вспомогательные материалы для производства лакокрасочных материалов и покрытий; Лакокрасочные материалы со специальными свойствами",maybe,review,mixed: product terms present but raw_material supplier evidence needs QA review,лакокрасочных материалов; лакокрасочные материалы; покрытий,raw_material; сырье; вспомогательные материалы,ok,,2026-07-14T19:28:58Z,expocentr-icatalog-v1.1.0
ИНТЕРЛАКОКРАСКА-2026,"АРКТИМ, ООО",Россия,Санкт-Петербург,"Россия, 198097, г. Санкт-Петербург, ул. Трефолева, д. 2, литера Б, пом. 7Н/8Н",4B010,ЧАЯНОВ,Оборудование для производства лакокрасочных материалов и получения покрытий; Оборудование для подготовки поверхности,"ПКБ «АРКТИМ» — российский производитель оборудования для порошковой и жидкой окраски. Передовые технологии, высокое качество и надежная работа 24/7 в любых производственных условиях.",https://arktim.ru,com@arktim.ru,+7 (964) 326-4929,https://icatalog.expocentr.ru/ru/exhibitions/190a3ab6-1050-11f0-80ce-a0d3c1fab97f/exhibitors/380674?&stand=4B010,380674,"ПКБ «АРКТИМ» — российский производитель оборудования для порошковой и жидкой окраски. Передовые технологии, высокое качество и надежная работа 24/7 в любых производственных условиях. | Оборудование для производства лакокрасочных материалов и получения покрытий; Оборудование для подготовки поверхности",maybe,review,mixed: product terms present but equipment/service supplier evidence needs QA review,лакокрасочных материалов; краски; покрытий,equipment_service; оборудование,ok,,2026-07-14T19:28:58Z,expocentr-icatalog-v1.1.0
ИНТЕРЛАКОКРАСКА-2026,АРТ ИНДУСТРИЯ,Россия,,Россия,4F070,ЧАЯНОВ,,,,,,https://icatalog.expocentr.ru/ru/exhibitions/190a3ab6-1050-11f0-80ce-a0d3c1fab97f/exhibitors/380771?&stand=4F070,380771,,maybe,review,insufficient_public_evidence: manual review,,,partial_missing_fields,evidence_snippet,2026-07-14T19:28:58Z,expocentr-icatalog-v1.1.0
ИНТЕРЛАКОКРАСКА-2026,АССОЦИАЦИЯ ЭКСПОРТЕРОВ И ИМПОРТЕРОВ РОССИИ,Россия,,Россия,4A041,ЧАЯНОВ,,,,,,https://icatalog.expocentr.ru/ru/exhibitions/190a3ab6-1050-11f0-80ce-a0d3c1fab97f/exhibitors/380772?&stand=4A041,380772,,maybe,review,insufficient_public_evidence: manual review,,,partial_missing_fields,evidence_snippet,2026-07-14T19:28:58Z,expocentr-icatalog-v1.1.0
ИНТЕРЛАКОКРАСКА-2026,АСТРОЙСЕРВИС,Россия,Астраханская обл.,"Россия, 416170, Астраханская обл., Володарский р-н, пос. Володарский, ул. Суворова, д. 26",4A043,ЧАЯНОВ,Порошковые покрытия; Строительные лакокрасочные материалы (фасадные и для внутренних работ),"ООО «Астройсервис» — официальный представитель итальянской компании SUBLITEX на территории России. SUBLITEX — пленки и грунты для декорирования: алюминиевого профиля, металлоконструкций, фасадов.",https://kolerit.ru,info.kolerit@mail.ru,+7 (928) 588-3688,https://icatalog.expocentr.ru/ru/exhibitions/190a3ab6-1050-11f0-80ce-a0d3c1fab97f/exhibitors/378883?&stand=4A043,378883,"ООО «Астройсервис» — официальный представитель итальянской компании SUBLITEX на территории России. SUBLITEX — пленки и грунты для декорирования: алюминиевого профиля, металлоконструкций, фасадов. | Порошковые покрытия; Строительные лакокрасочные материалы (фасадные и для внутренних работ)",maybe,review,product_terms_without_manufacturer_signal: manual review,лакокрасочные материалы; порошковые покрытия; покрытия,,ok,,2026-07-14T19:28:58Z,expocentr-icatalog-v1.1.0
ИНТЕРЛАКОКРАСКА-2026,АФАЯ,Россия,Санкт-Петербург,"Россия, 199106, г. Санкт-Петербург, ул. Наличная, д. 5, литера А, пом. 8Н",4C015,ЧАЯНОВ,Сырье и вспомогательные материалы для производства лакокрасочных материалов и покрытий; Сырье и вспомогательные материалы для производства адгезивов,"АО «АФАЯ» является ведущим поставщиком химического сырья в РФ для производства лакокрасочных материалов, сухих строительных смесей, окрашивания строительных материалов, пластиков, резин и т. д.",http://www.afaya.ru,info@afaya.ru,+7 (812) 600-7039,https://icatalog.expocentr.ru/ru/exhibitions/190a3ab6-1050-11f0-80ce-a0d3c1fab97f/exhibitors/378410?&stand=4C015,378410,"АО «АФАЯ» является ведущим поставщиком химического сырья в РФ для производства лакокрасочных материалов, сухих строительных смесей, окрашивания строительных материалов, пластиков, резин и т. д. | Сырье и вспомогательные материалы для производства лакокрасочных материалов и покрытий; Сырье и вспомогательные материалы для производства адгезивов",maybe,review,mixed: product terms present but raw_material supplier evidence needs QA review,лакокрасочных материалов; покрытий; адгезив,raw_material; сырье; вспомогательные материалы,ok,,2026-07-14T19:28:58Z,expocentr-icatalog-v1.1.0
ИНТЕРЛАКОКРАСКА-2026,БЕЛ ПЕКА,Республика Беларусь,,Республика Беларусь,2E010,ВАВИЛОВ,Порошковые покрытия,"Продукция «Бел Пека» мирового уровня и широкий ассортимент обеспечили тесное сотрудничество с авто- и электротехнической промышленностью Беларуси, стран СНГ и Восточной Европы.",,office@belpeka.com,+375 17 3360542,https://icatalog.expocentr.ru/ru/exhibitions/190a3ab6-1050-11f0-80ce-a0d3c1fab97f/exhibitors/378333?&stand=2E010,378333,"Продукция «Бел Пека» мирового уровня и широкий ассортимент обеспечили тесное сотрудничество с авто- и электротехнической промышленностью Беларуси, стран СНГ и Восточной Европы. | Порошковые покрытия",maybe,review,product_terms_without_manufacturer_signal: manual review,порошковые покрытия; покрытия,,ok,,2026-07-14T19:28:58Z,expocentr-icatalog-v1.1.0
ИНТЕРЛАКОКРАСКА-2026,БЕЛНЕФТЕХИМ-РОС,Россия,Москва,"Россия, 127015, г. Москва, Большая Новодмитровская ул., д. 23, стр. 3, комн. 1",2B135,ВАВИЛОВ,Сырье и вспомогательные материалы для производства лакокрасочных материалов и покрытий; Строительные лакокрасочные материалы (фасадные и для внутренних работ),"Официальный поставщик нефтехимической продукции концерна «Белнефтехим» в Российской Федерации. Предприятие реализует полимерные материалы, технические волокна и нити, ЛКМ, шины и другую продукцию.",http://www.belneftehim-ros.ru,igor@belneftehim-ros.ru,+7 (495) 956-6123,https://icatalog.expocentr.ru/ru/exhibitions/190a3ab6-1050-11f0-80ce-a0d3c1fab97f/exhibitors/380001?&stand=2B135,380001,"Официальный поставщик нефтехимической продукции концерна «Белнефтехим» в Российской Федерации. Предприятие реализует полимерные материалы, технические волокна и нити, ЛКМ, шины и другую продукцию. | Сырье и вспомогательные материалы для производства лакокрасочных материалов и покрытий; Строительные лакокрасочные материалы (фасадные и для внутренних работ)",maybe,review,mixed: product terms present but raw_material supplier evidence needs QA review,лакокрасочных материалов; лакокрасочные материалы; покрытий,raw_material; сырье; вспомогательные материалы,ok,,2026-07-14T19:28:58Z,expocentr-icatalog-v1.1.0
ИНТЕРЛАКОКРАСКА-2026,"БЛЕСТЯЩАЯ ЛИНИЯ, АО",Россия,Москва,"Россия, 117292, г. Москва, ул. Профосоюзная, д. 3, оф. 701",4D110,ЧАЯНОВ,Оборудование для подготовки поверхности; Оборудование для нанесения лакокрасочных материалов,"Наша специализация: линии жидкого окрашивания, порошкового окрашивания, катафореза, окрасочные роботы, вспомогательное оборудование, монтаж, запуск, гарантийное, постгарантийное обслуживание.",http://bll-e.ru,ofice@bll.ru,+7 (499) 124-5926,https://icatalog.expocentr.ru/ru/exhibitions/190a3ab6-1050-11f0-80ce-a0d3c1fab97f/exhibitors/378406?&stand=4D110,378406,"Наша специализация: линии жидкого окрашивания, порошкового окрашивания, катафореза, окрасочные роботы, вспомогательное оборудование, монтаж, запуск, гарантийное, постгарантийное обслуживание. | Оборудование для подготовки поверхности; Оборудование для нанесения лакокрасочных материалов",no,exclude,equipment_service: poor fit pure equipment/logistics/service supplier,лакокрасочных материалов,equipment_service; оборудование; монтаж,ok,,2026-07-14T19:28:58Z,expocentr-icatalog-v1.1.0
ИНТЕРЛАКОКРАСКА-2026,"БОЯСАН, ООО",Россия,Московская обл.,"Россия, 140015, Московская обл., г. Люберцы, Инициативная ул., д. 15, пом. 2",4E090,ЧАЯНОВ,"Порошковые покрытия; Антикоррозионные лакокрасочные материалы, защитные покрытия","Boyasan — турецкий производитель порошковых покрытий, на рынке с 1969 года. Современные технологии и стабильное качество для архитектуры и промышленности. www.bpc.com.tr | sales@bpc.com.tr | +7 910 450-12-77",http://www.bpc.com.tr,sales@bpc.com.tr,+7 (985) 229-6682,https://icatalog.expocentr.ru/ru/exhibitions/190a3ab6-1050-11f0-80ce-a0d3c1fab97f/exhibitors/380739?&stand=4E090,380739,"Boyasan — турецкий производитель порошковых покрытий, на рынке с 1969 года. Современные технологии и стабильное качество для архитектуры и промышленности. www.bpc.com.tr | sales@bpc.com.tr | +7 910 450-12-77 | Порошковые покрытия; Антикоррозионные лакокрасочные материалы, защитные покрытия",yes,keep,product_manufacturer: likely packaged coating/chemical product target,лакокрасочные материалы; порошковых покрытий; порошковые покрытия; антикоррозионные; покрытия; покрытий,,ok,,2026-07-14T19:28:58Z,expocentr-icatalog-v1.1.0
ИНТЕРЛАКОКРАСКА-2026,"БСК ТЕХНОЛОДЖИ, ООО",Россия,Республика Татарстан,"Россия, 420095, Республика Татарстан, г. Казань, ул. Восстания, д. 100, корп. 205а, пом. 35",2D170,ВАВИЛОВ,Сопутствующее оборудование и приборы; Дозирующее оборудование,"Российский производитель насосно-фильтровального, дозирующего оборудования. Поставщик насосного оборудования и комплектующих к ним.",http://bsktechnology.ru,info@bsktechnology.ru,+7 (843) 248-7233,https://icatalog.expocentr.ru/ru/exhibitions/190a3ab6-1050-11f0-80ce-a0d3c1fab97f/exhibitors/378882?&stand=2D170,378882,"Российский производитель насосно-фильтровального, дозирующего оборудования. Поставщик насосного оборудования и комплектующих к ним. | Сопутствующее оборудование и приборы; Дозирующее оборудование",no,exclude,equipment_service: poor fit pure equipment/logistics/service supplier,,equipment_service; оборудование; насос,ok,,2026-07-14T19:28:58Z,expocentr-icatalog-v1.1.0
ИНТЕРЛАКОКРАСКА-2026,ВЕКТОР ПОЛИМЕР,Россия,,Россия,2B040,ВАВИЛОВ,,,,,,https://icatalog.expocentr.ru/ru/exhibitions/190a3ab6-1050-11f0-80ce-a0d3c1fab97f/exhibitors/380773?&stand=2B040,380773,,maybe,review,insufficient_public_evidence: manual review,,,partial_missing_fields,evidence_snippet,2026-07-14T19:28:58Z,expocentr-icatalog-v1.1.0
ИНТЕРЛАКОКРАСКА-2026,"ВЕКТОР ПРО, ООО",Россия,Удмуртская Республика,"Россия, 426006, Удмуртская Республика, г. Ижевск, пр-д им. Дерябина, зд. 33е",4F090,ЧАЯНОВ,Лакокрасочные материалы промышленного назначения; Лакокрасочные материалы для защиты и окраски древесины,"ООО «Вектор ПРО» — разработчик и производитель профессиональных колеровочных паст для промышленной колеровки. Работаем более 10 лет, предлагаем высокое качество продукции и индивидуальный подход.",http://www.armour18.ru,sales@vektor-pro18.ru,+7 (906) 819-9664,https://icatalog.expocentr.ru/ru/exhibitions/190a3ab6-1050-11f0-80ce-a0d3c1fab97f/exhibitors/378329?&stand=4F090,378329,"ООО «Вектор ПРО» — разработчик и производитель профессиональных колеровочных паст для промышленной колеровки. Работаем более 10 лет, предлагаем высокое качество продукции и индивидуальный подход. | Лакокрасочные материалы промышленного назначения; Лакокрасочные материалы для защиты и окраски древесины",yes,keep,product_manufacturer: likely packaged coating/chemical product target,лакокрасочные материалы; краски,,ok,,2026-07-14T19:28:58Z,expocentr-icatalog-v1.1.0
ИНТЕРЛАКОКРАСКА-2026,"ВЕКТОР, ООО",Россия,Нижегородская обл.,"Россия, 606019, Нижегородская обл., г. Дзержинск, ул. Гастелло, д. 18а, оф. 21",2E135,ВАВИЛОВ,Сырье и вспомогательные материалы для производства лакокрасочных материалов и покрытий; Сырье и вспомогательные материалы для производства адгезивов,"Основной деятельностью компании является поставка химической продукции производства России, стран Азии, Европы для различных отраслей промышленности: нефтегазовой, ЛКМ, полимерной, строительной и др.",http://www.vektor-nn.com,info@vektor-nn.com,+7 (831) 423-1327,https://icatalog.expocentr.ru/ru/exhibitions/190a3ab6-1050-11f0-80ce-a0d3c1fab97f/exhibitors/378408?&stand=2E135,378408,"Основной деятельностью компании является поставка химической продукции производства России, стран Азии, Европы для различных отраслей промышленности: нефтегазовой, ЛКМ, полимерной, строительной и др. | Сырье и вспомогательные материалы для производства лакокрасочных материалов и покрытий; Сырье и вспомогательные материалы для производства адгезивов",maybe,review,mixed: product terms present but raw_material supplier evidence needs QA review,лакокрасочных материалов; покрытий; адгезив,raw_material; сырье; вспомогательные материалы,ok,,2026-07-14T19:28:58Z,expocentr-icatalog-v1.1.0
ИНТЕРЛАКОКРАСКА-2026,ВИ ПИ ЭС,Россия,,Россия,2C100,ВАВИЛОВ,Сырье и вспомогательные материалы для производства лакокрасочных материалов и покрытий; Дозирующее оборудование,"Колеровочные системы: колоранты, колеровочное оборудование, веера, колориметры. Техподдержка, сервис.",http://www.vps-s.ru,go@vps-s.ru,+7 (925) 799-9010,https://icatalog.expocentr.ru/ru/exhibitions/190a3ab6-1050-11f0-80ce-a0d3c1fab97f/exhibitors/378889?&stand=2C100,378889,"Колеровочные системы: колоранты, колеровочное оборудование, веера, колориметры. Техподдержка, сервис. | Сырье и вспомогательные материалы для производства лакокрасочных материалов и покрытий; Дозирующее оборудование",maybe,review,mixed: product terms present but equipment/service supplier evidence needs QA review,лакокрасочных материалов; покрытий,raw_material; equipment_service; оборудование; сырье; вспомогательные материалы,ok,,2026-07-14T19:28:58Z,expocentr-icatalog-v1.1.0
ИНТЕРЛАКОКРАСКА-2026,"ВИТАХИМ, ООО",Россия,Нижегородская обл.,"Россия, 606000, Нижегородская обл., г. Дзержинск",4C100,ЧАЯНОВ,Сырье и вспомогательные материалы для производства лакокрасочных материалов и покрытий; Сырье и вспомогательные материалы для производства адгезивов,"ООО «ВитаХим» с 2006 г. поставляет химическое сырье для ЛКМ, полимерное сырье, продукцию на основе ПВХ, сырье для производства РТИ, бытовой химии, автохимии, косметики, агрохимии, водоподготовки.",http://www.vitahim.ru,info@vitahim.ru,8 800 551-2270,https://icatalog.expocentr.ru/ru/exhibitions/190a3ab6-1050-11f0-80ce-a0d3c1fab97f/exhibitors/378279?&stand=4C100,378279,"ООО «ВитаХим» с 2006 г. поставляет химическое сырье для ЛКМ, полимерное сырье, продукцию на основе ПВХ, сырье для производства РТИ, бытовой химии, автохимии, косметики, агрохимии, водоподготовки. | Сырье и вспомогательные материалы для производства лакокрасочных материалов и покрытий; Сырье и вспомогательные материалы для производства адгезивов",maybe,review,mixed: product terms present but raw_material supplier evidence needs QA review,лакокрасочных материалов; покрытий; адгезив,raw_material; сырье; вспомогательные материалы,ok,,2026-07-14T19:28:58Z,expocentr-icatalog-v1.1.0
ИНТЕРЛАКОКРАСКА-2026,"ВЛАДАКРИЛ, ООО",Россия,Владимирская обл.,"Россия, 600016, Владимирская обл., г. Владимир, Большая Нижегородская ул., д. 81г, пом. 33",4E080,ЧАЯНОВ,Сырье и вспомогательные материалы для производства лакокрасочных материалов и покрытий; Сырье и вспомогательные материалы для производства адгезивов,«Акрилан» — современное полностью автоматизированное производство акриловых дисперсий для лакокрасочной индустрии. Мощность – 50 000 т в год.,http://dispersions.ru,kazakov@akrilan.com,+7 (910) 775-5532,https://icatalog.expocentr.ru/ru/exhibitions/190a3ab6-1050-11f0-80ce-a0d3c1fab97f/exhibitors/378418?&stand=4E080,378418,«Акрилан» — современное полностью автоматизированное производство акриловых дисперсий для лакокрасочной индустрии. Мощность – 50 000 т в год. | Сырье и вспомогательные материалы для производства лакокрасочных материалов и покрытий; Сырье и вспомогательные материалы для производства адгезивов,maybe,review,mixed: product terms present but raw_material supplier evidence needs QA review,лакокрасочных материалов; покрытий; адгезив,raw_material; сырье; вспомогательные материалы,ok,,2026-07-14T19:28:58Z,expocentr-icatalog-v1.1.0
ИНТЕРЛАКОКРАСКА-2026,"ВОСТОК-СЕРВИС, ПКФ, ООО",Россия,Республика Татарстан,"Россия, 420095, Республика Татарстан, г. Казань, Химград тер., д. 19, оф. 7",2E165,ВАВИЛОВ,"Антикоррозионные лакокрасочные материалы, защитные покрытия; Лакокрасочные материалы промышленного назначения","Лакокрасочные материалы на водной основе собственной разработки. В реестре Российской продукции (ГИСП). Применяются на атомных объектах. Антиадгезионная бумага, лавсановая пленка, бумажные мешки.",http://www.vostok-plus.ru,rabenau@vostok-plus.ru,+7 (495) 380-3400,https://icatalog.expocentr.ru/ru/exhibitions/190a3ab6-1050-11f0-80ce-a0d3c1fab97f/exhibitors/378320?&stand=2E165,378320,"Лакокрасочные материалы на водной основе собственной разработки. В реестре Российской продукции (ГИСП). Применяются на атомных объектах. Антиадгезионная бумага, лавсановая пленка, бумажные мешки. | Антикоррозионные лакокрасочные материалы, защитные покрытия; Лакокрасочные материалы промышленного назначения",maybe,review,product_terms_without_manufacturer_signal: manual review,лакокрасочные материалы; антикоррозионные; покрытия,,ok,,2026-07-14T19:28:58Z,expocentr-icatalog-v1.1.0
ИНТЕРЛАКОКРАСКА-2026,"ГАРТ-УРАЛ, ООО",Россия,Удмуртская Республика,"Россия, 427950, Удмуртская Республика, г. Камбарка, Клубный пер., зд. 5",4E135,ЧАЯНОВ,Оборудование для производства лакокрасочных материалов и получения покрытий; Лабораторные испытания,"Погружные бисерные мельницы, диссольверы и перемешивающие устройства. Размольные корзины, комплектующие к погружным и проточным бисерным мельницам. Системы фильтрации.",http://gart-ural.ru,one182@mail.ru,+7 (922) 515-4252,https://icatalog.expocentr.ru/ru/exhibitions/190a3ab6-1050-11f0-80ce-a0d3c1fab97f/exhibitors/378337?&stand=4E135,378337,"Погружные бисерные мельницы, диссольверы и перемешивающие устройства. Размольные корзины, комплектующие к погружным и проточным бисерным мельницам. Системы фильтрации. | Оборудование для производства лакокрасочных материалов и получения покрытий; Лабораторные испытания",maybe,review,mixed: product terms present but equipment/service supplier evidence needs QA review,лакокрасочных материалов; покрытий,equipment_service; оборудование,ok,,2026-07-14T19:28:58Z,expocentr-icatalog-v1.1.0
ИНТЕРЛАКОКРАСКА-2026,"ГРАН ХИМИЧЕСКАЯ КОМПАНИЯ, ООО",Россия,Санкт-Петербург,"Россия, 195196, г. Санкт-Петербург, ул. Таллинская, д. 7, литера И, оф. 410",4B025,ЧАЯНОВ,Сырье и вспомогательные материалы для производства лакокрасочных материалов и покрытий; Оборудование для производства лакокрасочных материалов и получения покрытий,"ХК «Гран» — дистрибьютор химического сырья для производства ЛКМ, строительных материалов и пластика. Осуществляет поставки оборудования, сырья, предоставляет техническую поддержку.",http://www.ccg78.com,info@ccg78.com,+7 (812) 612-9969,https://icatalog.expocentr.ru/ru/exhibitions/190a3ab6-1050-11f0-80ce-a0d3c1fab97f/exhibitors/378235?&stand=4B025,378235,"ХК «Гран» — дистрибьютор химического сырья для производства ЛКМ, строительных материалов и пластика. Осуществляет поставки оборудования, сырья, предоставляет техническую поддержку. | Сырье и вспомогательные материалы для производства лакокрасочных материалов и покрытий; Оборудование для производства лакокрасочных материалов и получения покрытий",maybe,review,mixed: product terms present but equipment/service supplier evidence needs QA review,лакокрасочных материалов; покрытий,raw_material; equipment_service; оборудование; сырье; вспомогательные материалы,ok,,2026-07-14T19:28:58Z,expocentr-icatalog-v1.1.0
ИНТЕРЛАКОКРАСКА-2026,"ДИНАЛАК, ООО",Россия,Ярославская обл.,"Россия, 152240, Ярославская обл., г. Гаврилов-Ям, ул. Победы, д. 74, оф. 16",4A105,ЧАЯНОВ,Сырье и вспомогательные материалы для производства лакокрасочных материалов и покрытий; Лакокрасочные материалы промышленного назначения,"ООО «ПК «ДИНАЛАК» производит смолы и лаки для промышленности. Мы разрабатываем аналоги европейских материалов, сочетая качество, технологии и надежность, чтобы наши партнеры получали лучший результат.",http://www.dinalak.ru,dinalak@yandex.ru,+7 (961) 636-1628,https://icatalog.expocentr.ru/ru/exhibitions/190a3ab6-1050-11f0-80ce-a0d3c1fab97f/exhibitors/378238?&stand=4A105,378238,"ООО «ПК «ДИНАЛАК» производит смолы и лаки для промышленности. Мы разрабатываем аналоги европейских материалов, сочетая качество, технологии и надежность, чтобы наши партнеры получали лучший результат. | Сырье и вспомогательные материалы для производства лакокрасочных материалов и покрытий; Лакокрасочные материалы промышленного назначения",maybe,review,mixed: product terms present but raw_material supplier evidence needs QA review,лакокрасочных материалов; лакокрасочные материалы; лаки; покрытий,raw_material; сырье; вспомогательные материалы; смол,ok,,2026-07-14T19:28:58Z,expocentr-icatalog-v1.1.0
ИНТЕРЛАКОКРАСКА-2026,ДМЭ АЭРОЗОЛЬ,Россия,Тульская обл.,"Россия, 301212, Тульская обл., р-н Щекинский, р. п. Первомайский, ул. Симферопольская, д. 7",4B120,ЧАЯНОВ,Сырье и вспомогательные материалы для производства лакокрасочных материалов и покрытий,"Крупнейший производитель диметилового эфира в России и один из крупнейших в Европе. Проектная мощность — 20 000 т/год. Содержание ДМЭ ≥ 99,99 %, воды ≤ 0,005 %. Поставки в танк-контейнерах.",https://dme-aerosol.ru,info@dme-aerosol.ru,+7 (48751) 9-65-81,https://icatalog.expocentr.ru/ru/exhibitions/190a3ab6-1050-11f0-80ce-a0d3c1fab97f/exhibitors/378231?&stand=4B120,378231,"Крупнейший производитель диметилового эфира в России и один из крупнейших в Европе. Проектная мощность — 20 000 т/год. Содержание ДМЭ ≥ 99,99 %, воды ≤ 0,005 %. Поставки в танк-контейнерах. | Сырье и вспомогательные материалы для производства лакокрасочных материалов и покрытий",maybe,review,mixed: product terms present but raw_material supplier evidence needs QA review,лакокрасочных материалов; покрытий; аэрозол,raw_material; сырье; вспомогательные материалы,ok,,2026-07-14T19:28:58Z,expocentr-icatalog-v1.1.0
ИНТЕРЛАКОКРАСКА-2026,"ДОБРУС, OOO",Россия,Москва,"Россия, 121205, г. Москва, территория Инновационного центра «Сколково», Большой б-р, д. 62, оф. А 402",2D045,ВАВИЛОВ,Сырье и вспомогательные материалы для производства лакокрасочных материалов и покрытий; Сырье и вспомогательные материалы для производства адгезивов,"Компания «ДОБРУС» представляет на рынке комплексный портфель добавок для производства ЛКМ. Наш профессиональный опыт подкреплен современной лабораторной базой, расположенной в Инновационном центре «Сколково».",https://dob-rus.ru,sales@dob-rus.ru,+7 (495) 970-9591,https://icatalog.expocentr.ru/ru/exhibitions/190a3ab6-1050-11f0-80ce-a0d3c1fab97f/exhibitors/378269?&stand=2D045,378269,"Компания «ДОБРУС» представляет на рынке комплексный портфель добавок для производства ЛКМ. Наш профессиональный опыт подкреплен современной лабораторной базой, расположенной в Инновационном центре «Сколково». | Сырье и вспомогательные материалы для производства лакокрасочных материалов и покрытий; Сырье и вспомогательные материалы для производства адгезивов",maybe,review,mixed: product terms present but raw_material supplier evidence needs QA review,лакокрасочных материалов; покрытий; адгезив,raw_material; сырье; вспомогательные материалы,ok,,2026-07-14T19:28:58Z,expocentr-icatalog-v1.1.0
ИНТЕРЛАКОКРАСКА-2026,"ЕВРО КЕМИКАЛС, ООО",Россия,Москва,"Россия, г. Москва, ул. Вильгельма Пика, д. 11",2D045,ВАВИЛОВ,Сырье и вспомогательные материалы для производства лакокрасочных материалов и покрытий; Лакокрасочные материалы промышленного назначения,"«Евро Кемикалс» — это группа компаний, работающих в области химической торговли и производства и имеющих более чем 12-летний опытом работы в отрасли.",https://eurochemical.ru,hr@eurochemical.ru,+7 (495) 204-1252,https://icatalog.expocentr.ru/ru/exhibitions/190a3ab6-1050-11f0-80ce-a0d3c1fab97f/exhibitors/378308?&stand=2D045,378308,"«Евро Кемикалс» — это группа компаний, работающих в области химической торговли и производства и имеющих более чем 12-летний опытом работы в отрасли. | Сырье и вспомогательные материалы для производства лакокрасочных материалов и покрытий; Лакокрасочные материалы промышленного назначения",maybe,review,mixed: product terms present but raw_material supplier evidence needs QA review,лакокрасочных материалов; лакокрасочные материалы; покрытий,raw_material; сырье; вспомогательные материалы,ok,,2026-07-14T19:28:58Z,expocentr-icatalog-v1.1.0
ИНТЕРЛАКОКРАСКА-2026,"ЕВРОХИМ-1 ФУНКЦИОНАЛЬНЫЕ ДОБАВКИ, АО",Россия,Москва,"Россия, 129164, г. Москва, Ракетный б-р, д. 16",4C070,ЧАЯНОВ,Сырье и вспомогательные материалы для производства лакокрасочных материалов и покрытий; Материалы для обработки поверхности,"АО «Еврохим-1 ФД» предлагает полный спектр функциональных добавок для лакокрасочных и композитных материалов, покрытий, клея и герметиков, сырье для полимеризации, декора и многое другое.",http://www.eurohim.ru,lkm1@eurohim.ru,+7 (495) 150-5105,https://icatalog.expocentr.ru/ru/exhibitions/190a3ab6-1050-11f0-80ce-a0d3c1fab97f/exhibitors/378338?&stand=4C070,378338,"АО «Еврохим-1 ФД» предлагает полный спектр функциональных добавок для лакокрасочных и композитных материалов, покрытий, клея и герметиков, сырье для полимеризации, декора и многое другое. | Сырье и вспомогательные материалы для производства лакокрасочных материалов и покрытий; Материалы для обработки поверхности",maybe,review,mixed: product terms present but raw_material supplier evidence needs QA review,лакокрасочных материалов; покрытий; герметик,raw_material; сырье; вспомогательные материалы; добавк,ok,,2026-07-14T19:28:58Z,expocentr-icatalog-v1.1.0
ИНТЕРЛАКОКРАСКА-2026,ЕМКЕМИКАЛС,Россия,Москва,"Россия, 125424, г. Москва, Волоколамское ш., д. 71, корп. 5, пом. 3",4A047,ЧАЯНОВ,Сырье и вспомогательные материалы для производства лакокрасочных материалов и покрытий,"Производитель микрокальцита, барита и сульфата бария. А также трейдинговая компания, поставляющая смолы, каолины, мел, диоксид титана и прочее химическое сырье.",http://em-chemicals.com,info@em-chemicals.com,+7 (495) 723-3607,https://icatalog.expocentr.ru/ru/exhibitions/190a3ab6-1050-11f0-80ce-a0d3c1fab97f/exhibitors/379999?&stand=4A047,379999,"Производитель микрокальцита, барита и сульфата бария. А также трейдинговая компания, поставляющая смолы, каолины, мел, диоксид титана и прочее химическое сырье. | Сырье и вспомогательные материалы для производства лакокрасочных материалов и покрытий",maybe,review,mixed: product terms present but raw_material supplier evidence needs QA review,лакокрасочных материалов; покрытий,raw_material; сырье; вспомогательные материалы; смол; диоксид титана,ok,,2026-07-14T19:28:58Z,expocentr-icatalog-v1.1.0
ИНТЕРЛАКОКРАСКА-2026,"ЕТС, Группа Компаний, ООО",Россия,Санкт-Петербург,"Россия, 198216, г. Санкт-Петербург, Ленинский просп., д. 140, литера Л",2D010,ВАВИЛОВ,Сырье и вспомогательные материалы для производства лакокрасочных материалов и покрытий; Сырье и вспомогательные материалы для производства адгезивов,ГК ЕТС — крупнейший в России и странах СНГ поставщик сырья для производства лакокрасочных материалов и покрытий. Предлагаем широкий спектр продуктов.,http://www.utsrus.com,anna.lebedeva@utsrus.com,+7 (812) 389-5555,https://icatalog.expocentr.ru/ru/exhibitions/190a3ab6-1050-11f0-80ce-a0d3c1fab97f/exhibitors/379994?&stand=2D010,379994,ГК ЕТС — крупнейший в России и странах СНГ поставщик сырья для производства лакокрасочных материалов и покрытий. Предлагаем широкий спектр продуктов. | Сырье и вспомогательные материалы для производства лакокрасочных материалов и покрытий; Сырье и вспомогательные материалы для производства адгезивов,maybe,review,mixed: product terms present but raw_material supplier evidence needs QA review,лакокрасочных материалов; покрытий; адгезив,raw_material; сырье; вспомогательные материалы,ok,,2026-07-14T19:28:58Z,expocentr-icatalog-v1.1.0
ИНТЕРЛАКОКРАСКА-2026,"ЗАВОД МЕТАЛЛОТАРА, ООО",Россия,Воронежская обл.,"Россия, 396920, Воронежская обл., Семилукский р-н, с. Землянск, Садовая ул., д. 24",2E065,ВАВИЛОВ,"Тара и упаковка, фасовка","ООО «Завод ""Металлотара» — современное динамично развивающееся предприятие, выпускающее металлическую тару, обладающее большими производственными мощностями, оснащенное современным оборудованием.",http://www.metara.ru,metara@mail.ru,+7 (473) 333-5833,https://icatalog.expocentr.ru/ru/exhibitions/190a3ab6-1050-11f0-80ce-a0d3c1fab97f/exhibitors/378334?&stand=2E065,378334,"ООО «Завод ""Металлотара» — современное динамично развивающееся предприятие, выпускающее металлическую тару, обладающее большими производственными мощностями, оснащенное современным оборудованием. | Тара и упаковка, фасовка",no,exclude,equipment_service: poor fit pure equipment/logistics/service supplier,,equipment_service; оборудование,ok,,2026-07-14T19:28:58Z,expocentr-icatalog-v1.1.0
ИНТЕРЛАКОКРАСКА-2026,ЗАВОЛЖСКИЙ ПИГМЕНТ,Россия,Ивановская обл.,"Россия, 155800, Ивановская обл., г. Кинешма, ул. им. Ленина, д. 50",2D045,ВАВИЛОВ,Сырье и вспомогательные материалы для производства лакокрасочных материалов и покрытий,"Производитель и поставщик пигментных паст, кислотных, прямых и основных красителей для производства лакокрасочных материалов, пластиков, ПВХ-материалов, кожи, товаров детского творчества и других направлений.",http://www.z-pigment.ru,info@z-pigment.com,+7 (493) 315-4940,https://icatalog.expocentr.ru/ru/exhibitions/190a3ab6-1050-11f0-80ce-a0d3c1fab97f/exhibitors/378258?&stand=2D045,378258,"Производитель и поставщик пигментных паст, кислотных, прямых и основных красителей для производства лакокрасочных материалов, пластиков, ПВХ-материалов, кожи, товаров детского творчества и других направлений. | Сырье и вспомогательные материалы для производства лакокрасочных материалов и покрытий",maybe,review,mixed: product terms present but raw_material supplier evidence needs QA review,лакокрасочных материалов; покрытий,raw_material; сырье; вспомогательные материалы; пигмент,ok,,2026-07-14T19:28:58Z,expocentr-icatalog-v1.1.0
ИНТЕРЛАКОКРАСКА-2026,ЗТИ МЕТАЛЛПАК,Россия,Московская обл.,"Россия, 141733, Московская обл., г. Лобня, ул. Гагарина, д. 16",4E055,ЧАЯНОВ,"Тара и упаковка, фасовка","ООО «ЗТИ Металлпак» предлагает современные виды упаковочных решений для фасовки, хранения и транспортировки химической и пищевой продукции.",http://www.metallpak.ru,info@metalpak.ru,+7 (495) 577-7557,https://icatalog.expocentr.ru/ru/exhibitions/190a3ab6-1050-11f0-80ce-a0d3c1fab97f/exhibitors/378232?&stand=4E055,378232,"ООО «ЗТИ Металлпак» предлагает современные виды упаковочных решений для фасовки, хранения и транспортировки химической и пищевой продукции. | Тара и упаковка, фасовка",maybe,review,insufficient_public_evidence: manual review,,,ok,,2026-07-14T19:28:58Z,expocentr-icatalog-v1.1.0
ИНТЕРЛАКОКРАСКА-2026,"ИНДЛАК, ООО",Россия,Москва,"Россия, 124460, г. Москва, г. Зеленоград, 2-й Западный пр-д, д. 1, стр. 1, пом. I, комн. 71",2D015,ВАВИЛОВ,Сырье и вспомогательные материалы для производства лакокрасочных материалов и покрытий,"Разработка и производство добавок, смол и пигментных концентратов для производства ЛКМ, композитных материалов и смежных отраслей, начиная с 2001 года!",http://www.indlak.ru,tdindlak@yandex.ru,+7 (495) 730-1234,https://icatalog.expocentr.ru/ru/exhibitions/190a3ab6-1050-11f0-80ce-a0d3c1fab97f/exhibitors/378234?&stand=2D015,378234,"Разработка и производство добавок, смол и пигментных концентратов для производства ЛКМ, композитных материалов и смежных отраслей, начиная с 2001 года! | Сырье и вспомогательные материалы для производства лакокрасочных материалов и покрытий",maybe,review,mixed: product terms present but raw_material supplier evidence needs QA review,лакокрасочных материалов; покрытий,raw_material; сырье; вспомогательные материалы; смол; пигмент,ok,,2026-07-14T19:28:58Z,expocentr-icatalog-v1.1.0
ИНТЕРЛАКОКРАСКА-2026,"ИНКОМПРО, ООО",Россия,Санкт-Петербург,"Россия, 194017, г. Санкт-Петербург, Гданьская ул., д. 17, литера А, пом. 5Н",2D085,ВАВИЛОВ,"Дозирующее оборудование; Тара и упаковка, фасовка","ООО «ИнКомПро» — поставщик и интегратор технологического оборудования. Мы предлагаем комплексные решения под ключ: от проектирования и подбора техники до поставки, монтажа, пусконаладки и сервисного обслуживания. Наша цель — повысить эффективность и рентабельность вашего производства за счет внедрения современного надежного оборудования. Основные типы оборудования: — для производства клеев, герметиков и лакокрасочной продукции; — для фасовки вязких продуктов в картриджи, тубы, файл-пакеты; — для производства и наполнения туб, аэрозольных баллонов; — для розлива в банки, канистры, бочки; — эмульгирующие смесители и гомогенизаторы.",http://www.inkompro.ru,trade@inkompro.ru,+7 (812) 467-8779,https://icatalog.expocentr.ru/ru/exhibitions/190a3ab6-1050-11f0-80ce-a0d3c1fab97f/exhibitors/378399?&stand=2D085,378399,"ООО «ИнКомПро» — поставщик и интегратор технологического оборудования. Мы предлагаем комплексные решения под ключ: от проектирования и подбора техники до поставки, монтажа, пусконаладки и сервисного обслуживания. Наша цель — повысить эффективность и рентабельность вашего производства за счет внедрения современного надежного оборудования. Основные типы оборудования: — для производства клеев, герметиков и лакокрасочной продукции; — для фасовки вязких продуктов в картриджи, тубы, файл-пакеты; — для производства и наполнения туб, аэрозольных баллонов; — для розлива в банки, канистры, бочки; — эмульгирующие смесители и гомогенизаторы. | Дозирующее оборудование; Тара и упаковка, фасовка",no,exclude,equipment_service: poor fit pure equipment/logistics/service supplier,герметик; аэрозол,equipment_service; оборудование; смесител; монтаж,ok,,2026-07-14T19:28:58Z,expocentr-icatalog-v1.1.0
ИНТЕРЛАКОКРАСКА-2026,"ИНТЕРХИММЕТ, ООО",Россия,Санкт-Петербург,"Россия, 195196, г. Санкт-Петербург, ул. Таллинская, д. 7, литера И, пом. 5Н, оф. 415",4B165,ЧАЯНОВ,Материалы для обработки поверхности; Профессиональные средства для смывки ЛКП,"ООО «ИнтерХиммет» — разработчик и производитель промышленной химии для подготовки поверхности металла к нанесению защитных покрытий серии «КОМПО»: кислотных и щелочных обезжиривателей, флюсов, смывок.",http://www.interchemmet.com,mp@interchemmet.com,+7 (812) 449-2195,https://icatalog.expocentr.ru/ru/exhibitions/190a3ab6-1050-11f0-80ce-a0d3c1fab97f/exhibitors/378423?&stand=4B165,378423,"ООО «ИнтерХиммет» — разработчик и производитель промышленной химии для подготовки поверхности металла к нанесению защитных покрытий серии «КОМПО»: кислотных и щелочных обезжиривателей, флюсов, смывок. | Материалы для обработки поверхности; Профессиональные средства для смывки ЛКП",yes,keep,product_manufacturer: likely packaged coating/chemical product target,защитных покрытий; покрытий,,ok,,2026-07-14T19:28:58Z,expocentr-icatalog-v1.1.0
ИНТЕРЛАКОКРАСКА-2026,"КАМЕЛОТ ПАБЛИШИНГ, ООО",Россия,Москва,"Россия, г. Москва, Киевское ш., 22-й км, д. 4, стр. 1, корп. Б, оф. 506б",4E172,ЧАЯНОВ,Новые технологии и научные разработки,"Издательский дом «Камелот Паблишинг» предлагает вашему вниманию научно–технические журналы «Газовая промышленность» (учредитель журнала — ПАО «Газпром»), «Территория НЕФТЕГАЗ».",http://www.neftegas.info,office@neftegas.info,+7 (495) 240-5457,https://icatalog.expocentr.ru/ru/exhibitions/190a3ab6-1050-11f0-80ce-a0d3c1fab97f/exhibitors/380000?&stand=4E172,380000,"Издательский дом «Камелот Паблишинг» предлагает вашему вниманию научно–технические журналы «Газовая промышленность» (учредитель журнала — ПАО «Газпром»), «Территория НЕФТЕГАЗ». | Новые технологии и научные разработки",maybe,review,insufficient_public_evidence: manual review,,,ok,,2026-07-14T19:28:58Z,expocentr-icatalog-v1.1.0
ИНТЕРЛАКОКРАСКА-2026,КАРРИДЖА,Россия,Санкт-Петербург,"Россия, 197375, г. Санкт-Петербург, ул. Автобусная, д. 5, литера Б, пом. 314-2",2D140,ВАВИЛОВ,"Дозирующее оборудование; Тара и упаковка, фасовка","Кампания «Карриджа» производит оборудование следующего назначения: для дозирования технических жидкостей в потребительскую и промышленную тару, для наклейки этикеток на все виды тары.",http://www.karrija.ru,newtechnologies@inbox.ru,+7 (921) 311-7459,https://icatalog.expocentr.ru/ru/exhibitions/190a3ab6-1050-11f0-80ce-a0d3c1fab97f/exhibitors/378881?&stand=2D140,378881,"Кампания «Карриджа» производит оборудование следующего назначения: для дозирования технических жидкостей в потребительскую и промышленную тару, для наклейки этикеток на все виды тары. | Дозирующее оборудование; Тара и упаковка, фасовка",no,exclude,equipment_service: poor fit pure equipment/logistics/service supplier,,equipment_service; оборудование,ok,,2026-07-14T19:28:58Z,expocentr-icatalog-v1.1.0
ИНТЕРЛАКОКРАСКА-2026,КВАРЦВЕРКЕ УЛЬЯНОВСК,Россия,Ульяновская обл.,"Россия, 432011, Ульяновская обл., г. Ульяновск, ул. Радищева, д. 116а",4E130,ЧАЯНОВ,Сырье и вспомогательные материалы для производства лакокрасочных материалов и покрытий; Сырье и вспомогательные материалы для производства адгезивов,"«Кварцверке» — ведущий производитель и поставщик кварцевого песка и муки, широкой линейки минеральных наполнителей для разных отраслей промышленности. Наше сырье – правильный выбор для вашего бизнеса!",https://qw-russia.ru,sand@qwvostok.ru,+7 (8422) 759-022,https://icatalog.expocentr.ru/ru/exhibitions/190a3ab6-1050-11f0-80ce-a0d3c1fab97f/exhibitors/379998?&stand=4E130,379998,"«Кварцверке» — ведущий производитель и поставщик кварцевого песка и муки, широкой линейки минеральных наполнителей для разных отраслей промышленности. Наше сырье – правильный выбор для вашего бизнеса! | Сырье и вспомогательные материалы для производства лакокрасочных материалов и покрытий; Сырье и вспомогательные материалы для производства адгезивов",maybe,review,mixed: product terms present but raw_material supplier evidence needs QA review,лакокрасочных материалов; покрытий; адгезив,raw_material; сырье; вспомогательные материалы; наполнител,ok,,2026-07-14T19:28:58Z,expocentr-icatalog-v1.1.0
ИНТЕРЛАКОКРАСКА-2026,"КЕМИКАЛ ТЕХНОЛОДЖИС, ООО",Россия,Московская обл.,"Россия, 141707, Московская обл., г. Долгопрудный, Лихачёвский просп., д. 46, стр. 3, пом. 44",4C110,ЧАЯНОВ,Сырье и вспомогательные материалы для производства лакокрасочных материалов и покрытий; Материалы для обработки поверхности,"Наша сфера деятельности — перламутровые и алюминиевые пигменты, глиттеры, пластиковые, стеклянные шарики, водные связующие, а также другие материалы для создания визуальных и тактильных эффектов.",http://кемтек.рф,kt@chem-technologies.ru,+7 (495) 532-1218,https://icatalog.expocentr.ru/ru/exhibitions/190a3ab6-1050-11f0-80ce-a0d3c1fab97f/exhibitors/380735?&stand=4C110,380735,"Наша сфера деятельности — перламутровые и алюминиевые пигменты, глиттеры, пластиковые, стеклянные шарики, водные связующие, а также другие материалы для создания визуальных и тактильных эффектов. | Сырье и вспомогательные материалы для производства лакокрасочных материалов и покрытий; Материалы для обработки поверхности",maybe,review,mixed: product terms present but raw_material supplier evidence needs QA review,лакокрасочных материалов; покрытий,raw_material; сырье; вспомогательные материалы; пигмент,ok,,2026-07-14T19:28:58Z,expocentr-icatalog-v1.1.0
ИНТЕРЛАКОКРАСКА-2026,"КОЕЛГАМРАМОР, ООО",Россия,Челябинская обл.,"Россия, 456576, Челябинская обл., Еткульский р-н, с. Коелга, ул. Заводская, д. 3",4C055,ЧАЯНОВ,Сырье и вспомогательные материалы для производства лакокрасочных материалов и покрытий; Сырье и вспомогательные материалы для производства адгезивов,ООО «Коелгамрамор» является одним из ведущих производителей наполнителей высокой белизны для ЛКМ. Перечень выпускаемой продукции насчитывает более 40 марок. Имеет широкую сеть региональных складов.,http://www.koelgacarb.ru,koelgaooo@mail.ru,+7 (351) 200-3393,https://icatalog.expocentr.ru/ru/exhibitions/190a3ab6-1050-11f0-80ce-a0d3c1fab97f/exhibitors/378326?&stand=4C055,378326,ООО «Коелгамрамор» является одним из ведущих производителей наполнителей высокой белизны для ЛКМ. Перечень выпускаемой продукции насчитывает более 40 марок. Имеет широкую сеть региональных складов. | Сырье и вспомогательные материалы для производства лакокрасочных материалов и покрытий; Сырье и вспомогательные материалы для производства адгезивов,maybe,review,mixed: product terms present but raw_material supplier evidence needs QA review,лакокрасочных материалов; покрытий; адгезив,raw_material; сырье; вспомогательные материалы; наполнител,ok,,2026-07-14T19:28:58Z,expocentr-icatalog-v1.1.0
ИНТЕРЛАКОКРАСКА-2026,"КОНСТАНТА, ООО",Россия,Санкт-Петербург,"Россия, 198097, г. Санкт-Петербург, Огородный пер., д. 21",2D145,ВАВИЛОВ,Контрольно-измерительное оборудование; Лабораторное оборудование,Разработка и производство приборов и оборудования для контроля качества покрытий всех типов и качества ЛКМ. Дополнительное профессиональное обучение по программам повышения квалификации.,https://constanta.ru,k-m@constanta.ru,"+7 (812) 339-9264, 309-0199",https://icatalog.expocentr.ru/ru/exhibitions/190a3ab6-1050-11f0-80ce-a0d3c1fab97f/exhibitors/378262?&stand=2D145,378262,Разработка и производство приборов и оборудования для контроля качества покрытий всех типов и качества ЛКМ. Дополнительное профессиональное обучение по программам повышения квалификации. | Контрольно-измерительное оборудование; Лабораторное оборудование,maybe,review,mixed: product terms present but equipment/service supplier evidence needs QA review,покрытий,equipment_service; оборудование,ok,,2026-07-14T19:28:58Z,expocentr-icatalog-v1.1.0
ИНТЕРЛАКОКРАСКА-2026,"КОНСТАНТА, ООО",Россия,Москва,"Россия, 101000, г. Москва, ул. Мясницкая, д. 30/1/2, стр. 2",2B005,ВАВИЛОВ,Сырье и вспомогательные материалы для производства лакокрасочных материалов и покрытий; Сырье и вспомогательные материалы для производства адгезивов,"ГК «КОНСТАНТА» является поставщиком химического сырья. На нашем стенде вы сможете ознакомиться с различными добавками для производства ЛКМ: диоксидом титана, коалесцентами, пигментами, смолами, эфирами целлюлозы, воском и др.",http://www.constantachem.com,plusconstanta@gmail.com,+7 (916) 459-6077,https://icatalog.expocentr.ru/ru/exhibitions/190a3ab6-1050-11f0-80ce-a0d3c1fab97f/exhibitors/379992?&stand=2B005,379992,"ГК «КОНСТАНТА» является поставщиком химического сырья. На нашем стенде вы сможете ознакомиться с различными добавками для производства ЛКМ: диоксидом титана, коалесцентами, пигментами, смолами, эфирами целлюлозы, воском и др. | Сырье и вспомогательные материалы для производства лакокрасочных материалов и покрытий; Сырье и вспомогательные материалы для производства адгезивов",maybe,review,mixed: product terms present but raw_material supplier evidence needs QA review,лакокрасочных материалов; покрытий; адгезив,raw_material; сырье; вспомогательные материалы; смол; добавк; пигмент,ok,,2026-07-14T19:28:58Z,expocentr-icatalog-v1.1.0
ИНТЕРЛАКОКРАСКА-2026,"КРАС, ООО",Россия,Москва,"Россия, 109382, г. Москва, ул. Люблинская, д. 141, пом. 6",2C120,ВАВИЛОВ,Сырье и вспомогательные материалы для производства лакокрасочных материалов и покрытий; Оборудование для производства лакокрасочных материалов и получения покрытий; Оборудование для нанесения лакокрасочных материалов; Оборудование по подбору цвета; Порошковые покрытия,Торговля оптовая химическими продуктами.,http://www.huachen-russia.ru,info@huachen-russia.ru,+7 (495) 161-8118,https://icatalog.expocentr.ru/ru/exhibitions/190a3ab6-1050-11f0-80ce-a0d3c1fab97f/exhibitors/378340?&stand=2C120,378340,Торговля оптовая химическими продуктами. | Сырье и вспомогательные материалы для производства лакокрасочных материалов и покрытий; Оборудование для производства лакокрасочных материалов и получения покрытий; Оборудование для нанесения лакокрасочных материалов; Оборудование по подбору цвета; Порошковые покрытия,maybe,review,mixed: product terms present but equipment/service supplier evidence needs QA review,лакокрасочных материалов; порошковые покрытия; покрытия; покрытий,raw_material; equipment_service; оборудование; сырье; вспомогательные материалы,ok,,2026-07-14T19:28:58Z,expocentr-icatalog-v1.1.0
ИНТЕРЛАКОКРАСКА-2026,"КРАСКИ И ЛАКИ, ООО (ТОАСONE™)",Россия,Санкт-Петербург,"Россия, 192177, г. Санкт-Петербург, вн. тер. г. муниципальный округ Рыбацкое, ул. Караваевская, д. 57, литера Б, пом. 14-н, оф. 1",4A015,ЧАЯНОВ,"Антикоррозионные лакокрасочные материалы, защитные покрытия; Лакокрасочные материалы промышленного назначения","Производство промышленных профессиональных лакокрасочных материалов различного назначения на основе кремнеорганики, эпоксида, полиуретана, акрила, алкида и на других модифицированных основах.",http://www.toacone.ru,oal@toacone.ru,+7 (812) 971-1093,https://icatalog.expocentr.ru/ru/exhibitions/190a3ab6-1050-11f0-80ce-a0d3c1fab97f/exhibitors/380774?&stand=4A015,380774,"Производство промышленных профессиональных лакокрасочных материалов различного назначения на основе кремнеорганики, эпоксида, полиуретана, акрила, алкида и на других модифицированных основах. | Антикоррозионные лакокрасочные материалы, защитные покрытия; Лакокрасочные материалы промышленного назначения",maybe,review,mixed: product terms present but raw_material supplier evidence needs QA review,лакокрасочных материалов; лакокрасочные материалы; антикоррозионные; лаки; краски; покрытия,raw_material; эпоксид,ok,,2026-07-14T19:28:58Z,expocentr-icatalog-v1.1.0
ИНТЕРЛАКОКРАСКА-2026,"КУБАНЬ-АКРИЛАТ, ООО",Россия,Краснодарский край,"Россия, 352700, Краснодарский край, Тимашёвский р-н, г. Тимашёвск, ул. Науменко, д. 2Б",4E120,ЧАЯНОВ,"Сырье и вспомогательные материалы для производства лакокрасочных материалов и покрытий; Тара и упаковка, фасовка",Широкий ассортимент связующих для различных задач. Разработка рецептур под требования заказчика и техническое сопровождение. Наш ассортимент: — стирол-акриловые дисперсии; — дисперсии ПВА; — клеи.,http://www.kubanakrylat.ru,sales@kubanakrylat.ru,+7 (86130) 58-5-80,https://icatalog.expocentr.ru/ru/exhibitions/190a3ab6-1050-11f0-80ce-a0d3c1fab97f/exhibitors/378543?&stand=4E120,378543,"Широкий ассортимент связующих для различных задач. Разработка рецептур под требования заказчика и техническое сопровождение. Наш ассортимент: — стирол-акриловые дисперсии; — дисперсии ПВА; — клеи. | Сырье и вспомогательные материалы для производства лакокрасочных материалов и покрытий; Тара и упаковка, фасовка",maybe,review,mixed: product terms present but raw_material supplier evidence needs QA review,лакокрасочных материалов; покрытий; клеи,raw_material; сырье; вспомогательные материалы,ok,,2026-07-14T19:28:58Z,expocentr-icatalog-v1.1.0
ИНТЕРЛАКОКРАСКА-2026,"ЛАРЧФИЛД ЛСН, ООО",Россия,Москва,"Россия, 115280, г. Москва, ул. Ленинская Слобода, д. 26, стр. 5, под. 4, этаж 2",2C015,ВАВИЛОВ,Сырье и вспомогательные материалы для производства лакокрасочных материалов и покрытий; Сырье и вспомогательные материалы для производства адгезивов,"Стабильность поставок, опыт — более 35 лет, сырье от лучших поставщиков для производства ЛКМ и сухих смесей! Связующие: дисперсии и смолы, функциональные добавки: диспергаторы, пеногасители, загустители, колоранты.",http://www.larchfield-lsn.ru,lsn@larchfield.ru,+7 (495) 803-2134,https://icatalog.expocentr.ru/ru/exhibitions/190a3ab6-1050-11f0-80ce-a0d3c1fab97f/exhibitors/378402?&stand=2C015,378402,"Стабильность поставок, опыт — более 35 лет, сырье от лучших поставщиков для производства ЛКМ и сухих смесей! Связующие: дисперсии и смолы, функциональные добавки: диспергаторы, пеногасители, загустители, колоранты. | Сырье и вспомогательные материалы для производства лакокрасочных материалов и покрытий; Сырье и вспомогательные материалы для производства адгезивов",maybe,review,mixed: product terms present but raw_material supplier evidence needs QA review,лакокрасочных материалов; покрытий; адгезив,raw_material; сырье; вспомогательные материалы; смол; добавк; диспергатор; пеногасител,ok,,2026-07-14T19:28:58Z,expocentr-icatalog-v1.1.0
ИНТЕРЛАКОКРАСКА-2026,"ЛЕК-ИНСТРУМЕНТС, ООО",Россия,Москва,"Россия, 124482, г. Москва, г. Зеленоград, Савёлкинский пр-д, д. 4, этаж 12, пом. ХХ, комн. 13",4B096,ЧАЯНОВ,Контрольно-измерительное оборудование; Лабораторное оборудование,"Компания осуществляет поставки испытательного и лабораторного оборудования широкого профиля для исследования свойств различных материалов: покрытий, резин, полимеров, пластмасс, металлов и др.",http://www.lec-instruments.ru,sam@lec-instruments.ru,+7 (499) 707-1649,https://icatalog.expocentr.ru/ru/exhibitions/190a3ab6-1050-11f0-80ce-a0d3c1fab97f/exhibitors/378255?&stand=4B096,378255,"Компания осуществляет поставки испытательного и лабораторного оборудования широкого профиля для исследования свойств различных материалов: покрытий, резин, полимеров, пластмасс, металлов и др. | Контрольно-измерительное оборудование; Лабораторное оборудование",maybe,review,mixed: product terms present but equipment/service supplier evidence needs QA review,покрытий,equipment_service; оборудование,ok,,2026-07-14T19:28:58Z,expocentr-icatalog-v1.1.0
ИНТЕРЛАКОКРАСКА-2026,"ЛЕСОХИМИК, ОАО",Республика Беларусь,Минская обл.,"Республика Беларусь, 222518, Минская обл., г. Борисов, ул. Дёмина, д. 3",4B040,ЧАЯНОВ,Сырье и вспомогательные материалы для производства лакокрасочных материалов и покрытий; Сырье и вспомогательные материалы для производства адгезивов,"ОАО «Лесохимик» производит сырьевую продукцию для многих отраслей промышленности: канифоль сосновую, эфиры канифоли, нефтеполимерную смолу, скипидар живичный, растворители и клей.",http://www.lesohimik.by,tnp@lesohimik.by,+375 44 5788119,https://icatalog.expocentr.ru/ru/exhibitions/190a3ab6-1050-11f0-80ce-a0d3c1fab97f/exhibitors/378276?&stand=4B040,378276,"ОАО «Лесохимик» производит сырьевую продукцию для многих отраслей промышленности: канифоль сосновую, эфиры канифоли, нефтеполимерную смолу, скипидар живичный, растворители и клей. | Сырье и вспомогательные материалы для производства лакокрасочных материалов и покрытий; Сырье и вспомогательные материалы для производства адгезивов",maybe,review,mixed: product terms present but raw_material supplier evidence needs QA review,лакокрасочных материалов; покрытий; адгезив,raw_material; сырье; вспомогательные материалы; смол; растворител,ok,,2026-07-14T19:28:58Z,expocentr-icatalog-v1.1.0
ИНТЕРЛАКОКРАСКА-2026,"ЛИКИС КЕМИКАЛС, ООО",Россия,Москва,"Россия, 105523, г. Москва, МКАД, 104-й километр, д. 8А, оф. 401",4D090,ЧАЯНОВ,Сырье и вспомогательные материалы для производства лакокрасочных материалов и покрытий; Сырье и вспомогательные материалы для производства адгезивов,"LIKIS Chemicals — поставка сырьевых компонентов и техническая поддержка клиентов. — Полиамидные, полиэтиленовые, гибридные воски MONORAL; — функциональные добавки; — смолы для ЛКМ; — эпоксидные отвердители.",http://www.likischem.com,info@likischem.com,+7 (495) 973-6493,https://icatalog.expocentr.ru/ru/exhibitions/190a3ab6-1050-11f0-80ce-a0d3c1fab97f/exhibitors/378241?&stand=4D090,378241,"LIKIS Chemicals — поставка сырьевых компонентов и техническая поддержка клиентов. — Полиамидные, полиэтиленовые, гибридные воски MONORAL; — функциональные добавки; — смолы для ЛКМ; — эпоксидные отвердители. | Сырье и вспомогательные материалы для производства лакокрасочных материалов и покрытий; Сырье и вспомогательные материалы для производства адгезивов",maybe,review,mixed: product terms present but raw_material supplier evidence needs QA review,лакокрасочных материалов; покрытий; адгезив,raw_material; сырье; вспомогательные материалы; смол; добавк; эпоксид,ok,,2026-07-14T19:28:58Z,expocentr-icatalog-v1.1.0
ИНТЕРЛАКОКРАСКА-2026,"ЛКМ И ИХ ПРИМЕНЕНИЕ, ЖУРНАЛ, ООО",Россия,Москва,"Россия, 125319, г. Москва, вн. тер. г. мун. р-н Аэропорт, ул. Черняховского, д. 16",4E158,ЧАЯНОВ,Информационное обеспечение,Журнал «ЛКМ и их применение» — научно-практическое издание о производстве ЛКМ. Входит в Список ВАК и «Белый список». Издается с 1960 года. Участвует во всех мероприятиях отрасли.,http://paint-media.com,manager@paint-media.com,"+7 (499) 272-4570, (985) 193-9779",https://icatalog.expocentr.ru/ru/exhibitions/190a3ab6-1050-11f0-80ce-a0d3c1fab97f/exhibitors/378890?&stand=4E158,378890,Журнал «ЛКМ и их применение» — научно-практическое издание о производстве ЛКМ. Входит в Список ВАК и «Белый список». Издается с 1960 года. Участвует во всех мероприятиях отрасли. | Информационное обеспечение,no,exclude,equipment_service: poor fit pure equipment/logistics/service supplier,,equipment_service; информационное обеспечение,ok,,2026-07-14T19:28:58Z,expocentr-icatalog-v1.1.0
ИНТЕРЛАКОКРАСКА-2026,МЕГАПЛАСТ,Россия,Владимир,"Россия, 600022, г. Владимир, Ставровская ул., д. 10, литера В, оф. 3",4C001,ЧАЯНОВ,Сырье и вспомогательные материалы для производства лакокрасочных материалов и покрытий,"Предлагаем широкую палитру пигментных паст CanPlast: монопигменты, флуоресцентные, металлики; изготавливаем цвета по каталогу RAL и по образцу заказчика. Для смол, полиуретанов, акрилов, силиконов.",http://mp-composite.ru,info@mp-composite.ru,+7 (4922) 540-190,https://icatalog.expocentr.ru/ru/exhibitions/190a3ab6-1050-11f0-80ce-a0d3c1fab97f/exhibitors/378261?&stand=4C001,378261,"Предлагаем широкую палитру пигментных паст CanPlast: монопигменты, флуоресцентные, металлики; изготавливаем цвета по каталогу RAL и по образцу заказчика. Для смол, полиуретанов, акрилов, силиконов. | Сырье и вспомогательные материалы для производства лакокрасочных материалов и покрытий",maybe,review,mixed: product terms present but raw_material supplier evidence needs QA review,лакокрасочных материалов; покрытий,raw_material; сырье; вспомогательные материалы; смол; пигмент,ok,,2026-07-14T19:28:58Z,expocentr-icatalog-v1.1.0
ИНТЕРЛАКОКРАСКА-2026,"МЕРИТ КЕМИКАЛС, ООО",Республика Узбекистан,,Республика Узбекистан,4F040,ЧАЯНОВ,Сырье и вспомогательные материалы для производства лакокрасочных материалов и покрытий; Сырье и вспомогательные материалы для производства адгезивов,"Импорт, дистрибьюция химического сырья в широком ассортименте. Нашей деятельности — 20 лет!",,,,https://icatalog.expocentr.ru/ru/exhibitions/190a3ab6-1050-11f0-80ce-a0d3c1fab97f/exhibitors/378339?&stand=4F040,378339,"Импорт, дистрибьюция химического сырья в широком ассортименте. Нашей деятельности — 20 лет! | Сырье и вспомогательные материалы для производства лакокрасочных материалов и покрытий; Сырье и вспомогательные материалы для производства адгезивов",maybe,review,mixed: product terms present but raw_material supplier evidence needs QA review,лакокрасочных материалов; покрытий; адгезив,raw_material; сырье; вспомогательные материалы,ok,,2026-07-14T19:28:58Z,expocentr-icatalog-v1.1.0
ИНТЕРЛАКОКРАСКА-2026,"МЕТАПОЛИМЕР, ООО",Россия,Москва,"Россия, 115088, г. Москва, ул. Угрешская, д. 14, стр. 1, оф. 523",2C070,ВАВИЛОВ,Сырье и вспомогательные материалы для производства лакокрасочных материалов и покрытий; Сырье и вспомогательные материалы для производства адгезивов,"Мы поставляем сырье для ЛКМ: алюминиевые пигменты, матирующие и текстурирующие добавки для порошковых красок, микронизированные воски, оксид алюминия, диоксид кремния, добавки CORECHEM: реологические и тиксотропные, диспергаторы, агенты розлива.",http://www.metapolimer.ru,info@metapolimer.ru,+7 (495) 741-1558,https://icatalog.expocentr.ru/ru/exhibitions/190a3ab6-1050-11f0-80ce-a0d3c1fab97f/exhibitors/378407?&stand=2C070,378407,"Мы поставляем сырье для ЛКМ: алюминиевые пигменты, матирующие и текстурирующие добавки для порошковых красок, микронизированные воски, оксид алюминия, диоксид кремния, добавки CORECHEM: реологические и тиксотропные, диспергаторы, агенты розлива. | Сырье и вспомогательные материалы для производства лакокрасочных материалов и покрытий; Сырье и вспомогательные материалы для производства адгезивов",maybe,review,mixed: product terms present but raw_material supplier evidence needs QA review,лакокрасочных материалов; покрытий; адгезив,raw_material; сырье; вспомогательные материалы; добавк; пигмент; диспергатор,ok,,2026-07-14T19:28:58Z,expocentr-icatalog-v1.1.0
ИНТЕРЛАКОКРАСКА-2026,МИНИСТЕРСТВО ПРОМЫШЛЕННОСТИ И ТОРГОВЛИ РОССИЙСКОЙ ФЕДЕРАЦИИ (МИНПРОМТОРГ РОССИИ),Россия,Москва,"Россия, 123112, г. Москва, Пресненская наб., д. 10, стр. 2",4C010,ЧАЯНОВ,,"Минпромторг России — ведомство, отвечающее за разработку и реализацию политики в области промышленности, торговли, сфере инвестиций и поддерживающее инновации и развитие высоких технологий.",http://www.minpromtorg.gov.ru,info_admin@minprom.gov.ru,+7 (495) 539-2187,https://icatalog.expocentr.ru/ru/exhibitions/190a3ab6-1050-11f0-80ce-a0d3c1fab97f/exhibitors/380628?&stand=4C010,380628,"Минпромторг России — ведомство, отвечающее за разработку и реализацию политики в области промышленности, торговли, сфере инвестиций и поддерживающее инновации и развитие высоких технологий.",maybe,review,insufficient_public_evidence: manual review,,,ok,,2026-07-14T19:28:58Z,expocentr-icatalog-v1.1.0
ИНТЕРЛАКОКРАСКА-2026,МОНОМЕР,Россия,,Россия,2D045,ВАВИЛОВ,,,,,,https://icatalog.expocentr.ru/ru/exhibitions/190a3ab6-1050-11f0-80ce-a0d3c1fab97f/exhibitors/381281?&stand=2D045,381281,,maybe,review,insufficient_public_evidence: manual review,,,partial_missing_fields,evidence_snippet,2026-07-14T19:28:58Z,expocentr-icatalog-v1.1.0
ИНТЕРЛАКОКРАСКА-2026,"НЕО КЕМИКАЛ, ООО",Россия,Нижегородская обл.,"Россия, 606037, Нижегородская обл., г. Дзержинск, ул. Петрищева, д. 35а, пом. П5",2D100,ВАВИЛОВ,Сырье и вспомогательные материалы для производства лакокрасочных материалов и покрытий; Сырье и вспомогательные материалы для производства адгезивов,"Лидирующий поставщик химической продукции, на рынке более 20 лет. Сырье для различных отраслей промышленности: металлургической, нефтяной, газовой, лакокрасочной, полимерной, строительной и др.",http://www.neochemical.ru,contact@neochemical.ru,8 800 301-1588,https://icatalog.expocentr.ru/ru/exhibitions/190a3ab6-1050-11f0-80ce-a0d3c1fab97f/exhibitors/378414?&stand=2D100,378414,"Лидирующий поставщик химической продукции, на рынке более 20 лет. Сырье для различных отраслей промышленности: металлургической, нефтяной, газовой, лакокрасочной, полимерной, строительной и др. | Сырье и вспомогательные материалы для производства лакокрасочных материалов и покрытий; Сырье и вспомогательные материалы для производства адгезивов",maybe,review,mixed: product terms present but raw_material supplier evidence needs QA review,лакокрасочных материалов; покрытий; адгезив,raw_material; сырье; вспомогательные материалы,ok,,2026-07-14T19:28:58Z,expocentr-icatalog-v1.1.0
ИНТЕРЛАКОКРАСКА-2026,НЕОСТАТ,Россия,Нижегородская обл.,"Россия, 606019, Нижегородская обл., г. Дзержинск, ул. Гастелло, д. 18а, оф. 20",4B050,ЧАЯНОВ,Сырье и вспомогательные материалы для производства лакокрасочных материалов и покрытий; Сырье и вспомогательные материалы для производства адгезивов,"Компания «НЕОСТАТ» ориентирована на рынок лесохимии. Осуществляем поставки таких продуктова, как канифоль сосновая, скипидар живичный, глицериновые эфиры канифоли, гидрокарбоновая смола С5.",http://neostatnn.ru,sales@neostatnn.ru,+7 (8314) 239-636,https://icatalog.expocentr.ru/ru/exhibitions/190a3ab6-1050-11f0-80ce-a0d3c1fab97f/exhibitors/378263?&stand=4B050,378263,"Компания «НЕОСТАТ» ориентирована на рынок лесохимии. Осуществляем поставки таких продуктова, как канифоль сосновая, скипидар живичный, глицериновые эфиры канифоли, гидрокарбоновая смола С5. | Сырье и вспомогательные материалы для производства лакокрасочных материалов и покрытий; Сырье и вспомогательные материалы для производства адгезивов",maybe,review,mixed: product terms present but raw_material supplier evidence needs QA review,лакокрасочных материалов; покрытий; адгезив,raw_material; сырье; вспомогательные материалы; смол,ok,,2026-07-14T19:28:58Z,expocentr-icatalog-v1.1.0
ИНТЕРЛАКОКРАСКА-2026,НЕОХИМ,Россия,Санкт-Петербург,"Россия, 195197, г. Санкт-Петербург, Кондратьевский просп., д. 15, корп. 5, литера Б, пом. 10Н",2C075,ВАВИЛОВ,Сырье и вспомогательные материалы для производства лакокрасочных материалов и покрытий; Сырье и вспомогательные материалы для производства адгезивов,"«Неохим» — производитель биоцидов № 1 в России. Своевременные поставки химической продукции, помощь специалистов по их внедрению и применению, микробиологический мониторинг, технический сервис 24/7.",http://www.neohim.com,contact@neohim.com,+7 (812) 702-1246,https://icatalog.expocentr.ru/ru/exhibitions/190a3ab6-1050-11f0-80ce-a0d3c1fab97f/exhibitors/378260?&stand=2C075,378260,"«Неохим» — производитель биоцидов № 1 в России. Своевременные поставки химической продукции, помощь специалистов по их внедрению и применению, микробиологический мониторинг, технический сервис 24/7. | Сырье и вспомогательные материалы для производства лакокрасочных материалов и покрытий; Сырье и вспомогательные материалы для производства адгезивов",maybe,review,mixed: product terms present but raw_material supplier evidence needs QA review,лакокрасочных материалов; покрытий; адгезив,raw_material; сырье; вспомогательные материалы,ok,,2026-07-14T19:28:58Z,expocentr-icatalog-v1.1.0
ИНТЕРЛАКОКРАСКА-2026,НЕТЧ ТУЛА,Россия,Тульская обл.,"Россия, 301107, Тульская обл., Ленинский р-н, пос. Шатск, д. 1Б",2C085,ВАВИЛОВ,Оборудование для производства лакокрасочных материалов и получения покрытий; Лабораторные испытания,Собственное производство оборудования для предприятий лакокрасочной промышленности по немецкой технологии с использованием высококачественных комплектующих из Германии.,https://grinding.netzsch.com,info.ntr@netzsch.ru,+7 (4872) 252-820,https://icatalog.expocentr.ru/ru/exhibitions/190a3ab6-1050-11f0-80ce-a0d3c1fab97f/exhibitors/378299?&stand=2C085,378299,Собственное производство оборудования для предприятий лакокрасочной промышленности по немецкой технологии с использованием высококачественных комплектующих из Германии. | Оборудование для производства лакокрасочных материалов и получения покрытий; Лабораторные испытания,maybe,review,mixed: product terms present but equipment/service supplier evidence needs QA review,лакокрасочных материалов; покрытий,equipment_service; оборудование,ok,,2026-07-14T19:28:58Z,expocentr-icatalog-v1.1.0
ИНТЕРЛАКОКРАСКА-2026,"НОВАЯ БАНКА ИЗ ЕВРОПЫ (Н.Б.Е.), ООО",Россия,Тверская обл.,"Россия, 170040, Тверская обл., г. Тверь, просп. Николая Корыткова, д. 45, пом. 9",4D070,ЧАЯНОВ,"Лакокрасочные материалы промышленного назначения; Строительные лакокрасочные материалы (фасадные и для внутренних работ); Тара и упаковка, фасовка",Компания «Новая банка из Европы» (Innovative Canmakers EuropeSE) занимается производством большого ассортимента жестяной тары для химических и технических лакокрасочных продуктов с 2010 г. Наши производственные площадки с полным производственным циклом и складскими помещениями с общей площадью 9 500 кв. м расположены в г. Твери.,http://www.tver-nbe.ru,a.smirnova@tver-nbe.ru,+7 (495) 590-7604,https://icatalog.expocentr.ru/ru/exhibitions/190a3ab6-1050-11f0-80ce-a0d3c1fab97f/exhibitors/378330?&stand=4D070,378330,"Компания «Новая банка из Европы» (Innovative Canmakers EuropeSE) занимается производством большого ассортимента жестяной тары для химических и технических лакокрасочных продуктов с 2010 г. Наши производственные площадки с полным производственным циклом и складскими помещениями с общей площадью 9 500 кв. м расположены в г. Твери. | Лакокрасочные материалы промышленного назначения; Строительные лакокрасочные материалы (фасадные и для внутренних работ); Тара и упаковка, фасовка",yes,keep,product_manufacturer: likely packaged coating/chemical product target,лакокрасочные материалы,,ok,,2026-07-14T19:28:58Z,expocentr-icatalog-v1.1.0
ИНТЕРЛАКОКРАСКА-2026,"НОВЫЙ ДОМ, ООО (ПАЛИЖ™)",Россия,Удмуртская Республика,"Россия, 426053, Удмуртская Республика, г. Ижевск, ул. Салютовская, д. 31",4D015,ЧАЯНОВ,Сырье и вспомогательные материалы для производства лакокрасочных материалов и покрытий; Лакокрасочные материалы промышленного назначения,"ООО «Новый дом» — ведущий производитель лакокрасочных материалов и колеровочных систем. На протяжении 30 лет наполняет мир цветом, выпускает продукцию под брендами Palizh, GOL и KolerPark.",http://www.palizh.com,info@palizh.ru,+7 (3412) 464-700,https://icatalog.expocentr.ru/ru/exhibitions/190a3ab6-1050-11f0-80ce-a0d3c1fab97f/exhibitors/378400?&stand=4D015,378400,"ООО «Новый дом» — ведущий производитель лакокрасочных материалов и колеровочных систем. На протяжении 30 лет наполняет мир цветом, выпускает продукцию под брендами Palizh, GOL и KolerPark. | Сырье и вспомогательные материалы для производства лакокрасочных материалов и покрытий; Лакокрасочные материалы промышленного назначения",maybe,review,mixed: product terms present but raw_material supplier evidence needs QA review,лакокрасочных материалов; лакокрасочные материалы; покрытий,raw_material; сырье; вспомогательные материалы,ok,,2026-07-14T19:28:58Z,expocentr-icatalog-v1.1.0
ИНТЕРЛАКОКРАСКА-2026,"НОРТЕКС, ООО",Россия,,Россия,4D105,ЧАЯНОВ,Сырье и вспомогательные материалы для производства лакокрасочных материалов и покрытий; Сырье и вспомогательные материалы для производства адгезивов,Компания «Нортекс» — один из лидеров рынка дистрибьюции химического сырья и строительных систем в России и странах СНГ.,http://www.nortex-chem.ru,info@nortex.ru,+7 (495) 225-4440,https://icatalog.expocentr.ru/ru/exhibitions/190a3ab6-1050-11f0-80ce-a0d3c1fab97f/exhibitors/378250?&stand=4D105,378250,Компания «Нортекс» — один из лидеров рынка дистрибьюции химического сырья и строительных систем в России и странах СНГ. | Сырье и вспомогательные материалы для производства лакокрасочных материалов и покрытий; Сырье и вспомогательные материалы для производства адгезивов,maybe,review,mixed: product terms present but raw_material supplier evidence needs QA review,лакокрасочных материалов; покрытий; адгезив,raw_material; сырье; вспомогательные материалы,ok,,2026-07-14T19:28:58Z,expocentr-icatalog-v1.1.0
ИНТЕРЛАКОКРАСКА-2026,ОКСИД-ПИГМЕНТ,Россия,,Россия,4C115,ЧАЯНОВ,,,http://www.opigment.ru,,,https://icatalog.expocentr.ru/ru/exhibitions/190a3ab6-1050-11f0-80ce-a0d3c1fab97f/exhibitors/380775?&stand=4C115,380775,,no,exclude,raw_material: poor fit pure raw-material/additive supplier,,raw_material; пигмент,partial_missing_fields,evidence_snippet,2026-07-14T19:28:58Z,expocentr-icatalog-v1.1.0
ИНТЕРЛАКОКРАСКА-2026,"ОМИА АЛГОЛ РУС, АО",Россия,Москва,"Россия, 115054, г. Москва, Космодамианская наб., д. 52, стр. 4",2D070,ВАВИЛОВ,Сырье и вспомогательные материалы для производства лакокрасочных материалов и покрытий; Сырье и вспомогательные материалы для производства адгезивов,"Комплексные решения для производства ЛКМ, клеев и герметиков: наполнители, связующие, отвердители, пигменты, функциональные добавки.",http://www.omyalgol.com,info@omya-algol.com,+7 (495) 925-5630,https://icatalog.expocentr.ru/ru/exhibitions/190a3ab6-1050-11f0-80ce-a0d3c1fab97f/exhibitors/378248?&stand=2D070,378248,"Комплексные решения для производства ЛКМ, клеев и герметиков: наполнители, связующие, отвердители, пигменты, функциональные добавки. | Сырье и вспомогательные материалы для производства лакокрасочных материалов и покрытий; Сырье и вспомогательные материалы для производства адгезивов",maybe,review,mixed: product terms present but raw_material supplier evidence needs QA review,лакокрасочных материалов; покрытий; адгезив; герметик,raw_material; сырье; вспомогательные материалы; добавк; пигмент; наполнител,ok,,2026-07-14T19:28:58Z,expocentr-icatalog-v1.1.0
ИНТЕРЛАКОКРАСКА-2026,"ОМНИТИНТ, ООО",Россия,Москва,"Россия, г. Москва, Варшавское ш., д. 56, стр. 2",2B125,ВАВИЛОВ,Сырье и вспомогательные материалы для производства лакокрасочных материалов и покрытий; Лабораторные испытания,Мультибрендовая колеровочная система для розничных и оптовых точек продаж ЛКМ. Аутсорсинг разработки колеровочного сервиса для производителей.,http://omnitint.ru,ask@omnitint.ru,+7 (495) 211-0536,https://icatalog.expocentr.ru/ru/exhibitions/190a3ab6-1050-11f0-80ce-a0d3c1fab97f/exhibitors/378307?&stand=2B125,378307,Мультибрендовая колеровочная система для розничных и оптовых точек продаж ЛКМ. Аутсорсинг разработки колеровочного сервиса для производителей. | Сырье и вспомогательные материалы для производства лакокрасочных материалов и покрытий; Лабораторные испытания,maybe,review,mixed: product terms present but raw_material supplier evidence needs QA review,лакокрасочных материалов; покрытий,raw_material; сырье; вспомогательные материалы,ok,,2026-07-14T19:28:58Z,expocentr-icatalog-v1.1.0
ИНТЕРЛАКОКРАСКА-2026,ОРГСИНТЕЗ ПРОЛАБ,Россия,Нижегородская обл.,"Россия, 606000, Нижегородская обл., г. Дзержинск, Восточное ш., д. 88а",2E040,ВАВИЛОВ,Сырье и вспомогательные материалы для производства лакокрасочных материалов и покрытий; Сырье и вспомогательные материалы для производства адгезивов,"NOVAROLL — химические решения. Производство широкого спектра химической продукции: акриловых и стирол-акриловых дисперсий, эпоксидных смол и отвердителей, строительной химии, герметиков, ЛКМ и другого.",http://www.novadisp.ru,info@novaroll.ru,8 800 500-8767,https://icatalog.expocentr.ru/ru/exhibitions/190a3ab6-1050-11f0-80ce-a0d3c1fab97f/exhibitors/378692?&stand=2E040,378692,"NOVAROLL — химические решения. Производство широкого спектра химической продукции: акриловых и стирол-акриловых дисперсий, эпоксидных смол и отвердителей, строительной химии, герметиков, ЛКМ и другого. | Сырье и вспомогательные материалы для производства лакокрасочных материалов и покрытий; Сырье и вспомогательные материалы для производства адгезивов",maybe,review,mixed: product terms present but raw_material supplier evidence needs QA review,лакокрасочных материалов; покрытий; адгезив; герметик,raw_material; сырье; вспомогательные материалы; смол; эпоксид,ok,,2026-07-14T19:28:58Z,expocentr-icatalog-v1.1.0
ИНТЕРЛАКОКРАСКА-2026,"ОРГХИМПРОМ, ООО",Россия,Нижегородская обл.,"Россия, 606000, Нижегородская обл., г. Дзержинск, Восточное ш., д. 120",4B125,ЧАЯНОВ,Сырье и вспомогательные материалы для производства лакокрасочных материалов и покрытий; Клеи и герметики,"«ОРГХИМПРОМ» — современное автоматизированное производство полимерных дисперсий и клеевых материалов для лакокрасочной, мебельной, полиграфической, кожевенной, текстильной, автомобильной промышленности и других отраслей.",https://orgchimprom.ru,orgchimprom@r52.ru,+7 (8313) 201-125,https://icatalog.expocentr.ru/ru/exhibitions/190a3ab6-1050-11f0-80ce-a0d3c1fab97f/exhibitors/379997?&stand=4B125,379997,"«ОРГХИМПРОМ» — современное автоматизированное производство полимерных дисперсий и клеевых материалов для лакокрасочной, мебельной, полиграфической, кожевенной, текстильной, автомобильной промышленности и других отраслей. | Сырье и вспомогательные материалы для производства лакокрасочных материалов и покрытий; Клеи и герметики",maybe,review,mixed: product terms present but raw_material supplier evidence needs QA review,лакокрасочных материалов; покрытий; клеи; герметик,raw_material; сырье; вспомогательные материалы,ok,,2026-07-14T19:28:58Z,expocentr-icatalog-v1.1.0
ИНТЕРЛАКОКРАСКА-2026,ПЕКА ХЕМИ РУС,Россия,Москва,"Россия, 108811, г. Москва, Киевское ш., 22-й км (пос. Московский), д. 4, стр. 2г, оф. 637",2E010,ВАВИЛОВ,Порошковые покрытия,"Peka Chemie Rus — дистрибьютор высококачественных порошковых красок Peka Chemie (Иран) и «Бел Пека» (Беларусь) с техподдержкой и своевременными поставками по России, СНГ и Восточной Европе.",,office@belpeka.com,+7 (495) 240-5105,https://icatalog.expocentr.ru/ru/exhibitions/190a3ab6-1050-11f0-80ce-a0d3c1fab97f/exhibitors/378332?&stand=2E010,378332,"Peka Chemie Rus — дистрибьютор высококачественных порошковых красок Peka Chemie (Иран) и «Бел Пека» (Беларусь) с техподдержкой и своевременными поставками по России, СНГ и Восточной Европе. | Порошковые покрытия",maybe,review,product_terms_without_manufacturer_signal: manual review,порошковые покрытия; покрытия,,ok,,2026-07-14T19:28:58Z,expocentr-icatalog-v1.1.0
ИНТЕРЛАКОКРАСКА-2026,"ПИГМЕНТ, АО",Россия,Тамбовская обл.,"Россия, 392000, Тамбовская обл., г. Тамбов, ул. Монтажников, д. 1",2D080,ВАВИЛОВ,Сырье и вспомогательные материалы для производства лакокрасочных материалов и покрытий; Лакокрасочные материалы промышленного назначения,"Производство готовых ЛКМ строительного и промышленного назначения, полуфабрикатных лаков (ПФ, АУ, АФ), пигментов, акриловых эмульсий, антипиренов, МА, ФА, растворителей, специального сырья для ЛКП.",http://www.krata.ru,info@krata.ru,+7 (4752) 795-094,https://icatalog.expocentr.ru/ru/exhibitions/190a3ab6-1050-11f0-80ce-a0d3c1fab97f/exhibitors/378273?&stand=2D080,378273,"Производство готовых ЛКМ строительного и промышленного назначения, полуфабрикатных лаков (ПФ, АУ, АФ), пигментов, акриловых эмульсий, антипиренов, МА, ФА, растворителей, специального сырья для ЛКП. | Сырье и вспомогательные материалы для производства лакокрасочных материалов и покрытий; Лакокрасочные материалы промышленного назначения",maybe,review,mixed: product terms present but raw_material supplier evidence needs QA review,лакокрасочных материалов; лакокрасочные материалы; покрытий,raw_material; сырье; вспомогательные материалы; пигмент; растворител,ok,,2026-07-14T19:28:58Z,expocentr-icatalog-v1.1.0
ИНТЕРЛАКОКРАСКА-2026,"ПКФ ИНССТАЛЬ, ООО",Россия,Челябинская обл.,"Россия, 454010, Челябинская обл., г. Челябинск, ул. Енисейская, д. 32",2E055,ВАВИЛОВ,Сырье и вспомогательные материалы для производства лакокрасочных материалов и покрытий; Материалы для обработки поверхности,"Производство и продажа цинкового порошка: — высокодисперсного цинкового порошка (InstZn, ПЦ); — распыленного цинкового порошка (ПЦР, ПЦ). Термодиффузионное цинкование.",http://www.instzinc.ru,info@instzinc.ru,"+7 (351) 259-7521, (351) 202-0333",https://icatalog.expocentr.ru/ru/exhibitions/190a3ab6-1050-11f0-80ce-a0d3c1fab97f/exhibitors/378421?&stand=2E055,378421,"Производство и продажа цинкового порошка: — высокодисперсного цинкового порошка (InstZn, ПЦ); — распыленного цинкового порошка (ПЦР, ПЦ). Термодиффузионное цинкование. | Сырье и вспомогательные материалы для производства лакокрасочных материалов и покрытий; Материалы для обработки поверхности",maybe,review,mixed: product terms present but raw_material supplier evidence needs QA review,лакокрасочных материалов; покрытий,raw_material; сырье; вспомогательные материалы,ok,,2026-07-14T19:28:58Z,expocentr-icatalog-v1.1.0
ИНТЕРЛАКОКРАСКА-2026,"ПЛАСТИК-СТРОЙМАРКЕТ, ООО",Россия,Тверская обл.,"Россия, 170518, Тверская обл., Калининский р-н, Лебедево тер., ул. Маршала Василевского, зд. 3",4D135,ЧАЯНОВ,"Лакокрасочные материалы со специальными свойствами; Антикоррозионные лакокрасочные материалы, защитные покрытия","UNIVERSUM® — российский производитель строительных материалов. Ассортимент включает в себя промышленные полы, гидроизоляционные, антикоррозийные системы, огнезащиту, герметики, клеи, строительные смеси.",http://www.untec.ru,katya2006.06@mail.ru,8 800 775-5625,https://icatalog.expocentr.ru/ru/exhibitions/190a3ab6-1050-11f0-80ce-a0d3c1fab97f/exhibitors/378538?&stand=4D135,378538,"UNIVERSUM® — российский производитель строительных материалов. Ассортимент включает в себя промышленные полы, гидроизоляционные, антикоррозийные системы, огнезащиту, герметики, клеи, строительные смеси. | Лакокрасочные материалы со специальными свойствами; Антикоррозионные лакокрасочные материалы, защитные покрытия",yes,keep,product_manufacturer: likely packaged coating/chemical product target,лакокрасочные материалы; антикоррозионные; покрытия; клеи; герметик,,ok,,2026-07-14T19:28:58Z,expocentr-icatalog-v1.1.0
ИНТЕРЛАКОКРАСКА-2026,"ПОЛИВЕРС КЕМИКАЛ, ООО",Россия,Москва,"Россия, г. Москва, 3-я ул. Ямского Поля, д. 2, корп. 26, оф. 319",4E120,ЧАЯНОВ,Сырье и вспомогательные материалы для производства лакокрасочных материалов и покрытий,Поставка химического сырья для производства ССС и ЛКМ: — стирол-акриловых дисперсий; — дисперсий ПВА; — эфиров целлюлозы; — эфиров крахмала; — пеногасителей; — пластификаторов; — РПП; — волокна; — формиата Са; — L+.,,info@polyverse.ru,+7 (495) 228-7044,https://icatalog.expocentr.ru/ru/exhibitions/190a3ab6-1050-11f0-80ce-a0d3c1fab97f/exhibitors/378545?&stand=4E120,378545,Поставка химического сырья для производства ССС и ЛКМ: — стирол-акриловых дисперсий; — дисперсий ПВА; — эфиров целлюлозы; — эфиров крахмала; — пеногасителей; — пластификаторов; — РПП; — волокна; — формиата Са; — L+. | Сырье и вспомогательные материалы для производства лакокрасочных материалов и покрытий,maybe,review,mixed: product terms present but raw_material supplier evidence needs QA review,лакокрасочных материалов; покрытий,raw_material; сырье; вспомогательные материалы; пеногасител,ok,,2026-07-14T19:28:58Z,expocentr-icatalog-v1.1.0
ИНТЕРЛАКОКРАСКА-2026,"ПОЛИДИС, ООО",Россия,Рязанская обл.,"Россия, 390011, Рязанская обл., г. Рязань, р-н Южный промузел, д. 31",4E155,ЧАЯНОВ,Сырье и вспомогательные материалы для производства лакокрасочных материалов и покрытий; Клеи и герметики,"Рязанский завод «ПОЛИДИС» основан в 2012 году. Является субъектом МСП. Производит поливинилацетатные дисперсии по ГОСТ и СТО, клеи ПВА, сополимерные дисперсии для производства ЛКМ.",http://www.polydis.su,info@polydis.su,+7 (4912) 434-381,https://icatalog.expocentr.ru/ru/exhibitions/190a3ab6-1050-11f0-80ce-a0d3c1fab97f/exhibitors/378284?&stand=4E155,378284,"Рязанский завод «ПОЛИДИС» основан в 2012 году. Является субъектом МСП. Производит поливинилацетатные дисперсии по ГОСТ и СТО, клеи ПВА, сополимерные дисперсии для производства ЛКМ. | Сырье и вспомогательные материалы для производства лакокрасочных материалов и покрытий; Клеи и герметики",maybe,review,mixed: product terms present but raw_material supplier evidence needs QA review,лакокрасочных материалов; покрытий; клеи; герметик,raw_material; сырье; вспомогательные материалы,ok,,2026-07-14T19:28:58Z,expocentr-icatalog-v1.1.0
ИНТЕРЛАКОКРАСКА-2026,"ПОЛИМЕРНЫЕ МАТЕРИАЛЫ, ЖУРНАЛ",Россия,,Россия,,ВАВИЛОВ,,,,,,https://icatalog.expocentr.ru/ru/exhibitions/190a3ab6-1050-11f0-80ce-a0d3c1fab97f/exhibitors/380979,380979,,maybe,review,insufficient_public_evidence: manual review,,,partial_missing_fields,evidence_snippet,2026-07-14T19:28:58Z,expocentr-icatalog-v1.1.0
ИНТЕРЛАКОКРАСКА-2026,"ПОЛИПЛАСТ, АО",Россия,Тульская обл.,"Россия, 301661, Тульская обл., г. Новомосковск, Комсомольское ш., д. 72, оф. 1",4D040,ЧАЯНОВ,Сырье и вспомогательные материалы для производства лакокрасочных материалов и покрытий; Сырье и вспомогательные материалы для производства адгезивов,Группа компаний «Полипласт» — крупнейший российский специализированный производственный холдинг по выпуску наукоемких химических продуктов собственной разработки для различных отраслей промышленности.,http://www.polyplast-un.ru,sekretar@polyplast-nm.ru,+7 (48762) 21-136,https://icatalog.expocentr.ru/ru/exhibitions/190a3ab6-1050-11f0-80ce-a0d3c1fab97f/exhibitors/378246?&stand=4D040,378246,Группа компаний «Полипласт» — крупнейший российский специализированный производственный холдинг по выпуску наукоемких химических продуктов собственной разработки для различных отраслей промышленности. | Сырье и вспомогательные материалы для производства лакокрасочных материалов и покрытий; Сырье и вспомогательные материалы для производства адгезивов,maybe,review,mixed: product terms present but raw_material supplier evidence needs QA review,лакокрасочных материалов; покрытий; адгезив,raw_material; сырье; вспомогательные материалы,ok,,2026-07-14T19:28:58Z,expocentr-icatalog-v1.1.0
ИНТЕРЛАКОКРАСКА-2026,ПОЛИХИМ,Россия,Московская обл.,"Россия, 141143, Московская обл., дер. Медвежьи Озёра, д. 151, оф. 23",2C080,ВАВИЛОВ,"Сырье и вспомогательные материалы для производства лакокрасочных материалов и покрытий; Транспортные услуги, логистика","Компания «ПолиХим» — динамично развивающаяся компания, надежный поставщик сырья и вспомогательных материалов для производства лакокрасочных материалов и покрытий.",http://Poly-Him.ru,office@poly-him.ru,+7 (495) 145-7553,https://icatalog.expocentr.ru/ru/exhibitions/190a3ab6-1050-11f0-80ce-a0d3c1fab97f/exhibitors/378695?&stand=2C080,378695,"Компания «ПолиХим» — динамично развивающаяся компания, надежный поставщик сырья и вспомогательных материалов для производства лакокрасочных материалов и покрытий. | Сырье и вспомогательные материалы для производства лакокрасочных материалов и покрытий; Транспортные услуги, логистика",no,exclude,equipment_service: poor fit pure equipment/logistics/service supplier,лакокрасочных материалов; покрытий,raw_material; equipment_service; логистик; услуги; сырье; вспомогательные материалы,ok,,2026-07-14T19:28:58Z,expocentr-icatalog-v1.1.0
ИНТЕРЛАКОКРАСКА-2026,ПОЛИХИМКОМПЛЕКТ-М,Россия,Москва,"Россия, 119021, г. Москва, Зубовский б-р, д. 13, стр. 1",4E070,ЧАЯНОВ,Сырье и вспомогательные материалы для производства лакокрасочных материалов и покрытий; Сырье и вспомогательные материалы для производства адгезивов,"Продажа химических продуктов для производства ЛКМ и других отраслей. Биоциды, дисперсии, коалесценты, диспергаторы, целлюлозные, акриловые и полиуретановые загустители, ПАВы. Пигменты, пигментные пасты для воды и органики, пигментные пасты для промышленной и машинной колеровки. Эпоксидные материалы, изоцианаты. Антикоррозионные пигменты и смолы. Восковые добавки, силиконовые смолы и гидрофобизаторы. Пеногасители силиконовые и масляные, полимерные. Антикоррозионные пигменты. Каолин, химически осажденный мел, тальк, полевой шпат, кварцевая мука, барит, пирогенный диоксид кремния. Модификаторы реологии на основе бентонитов, органоглин. Функциональные добавки для индустриальных ЛКМ.",http://www.phkomp-m.ru,chemistry@phkomp-m.ru,+7 (495) 246-1384,https://icatalog.expocentr.ru/ru/exhibitions/190a3ab6-1050-11f0-80ce-a0d3c1fab97f/exhibitors/378696?&stand=4E070,378696,"Продажа химических продуктов для производства ЛКМ и других отраслей. Биоциды, дисперсии, коалесценты, диспергаторы, целлюлозные, акриловые и полиуретановые загустители, ПАВы. Пигменты, пигментные пасты для воды и органики, пигментные пасты для промышленной и машинной колеровки. Эпоксидные материалы, изоцианаты. Антикоррозионные пигменты и смолы. Восковые добавки, силиконовые смолы и гидрофобизаторы. Пеногасители силиконовые и масляные, полимерные. Антикоррозионные пигменты. Каолин, химически осажденный мел, тальк, полевой шпат, кварцевая мука, барит, пирогенный диоксид кремния. Модификаторы реологии на основе бентонитов, органоглин. Функциональные добавки для индустриальных ЛКМ. | Сырье и вс",maybe,review,mixed: product terms present but raw_material supplier evidence needs QA review,лакокрасочных материалов; антикоррозионные; покрытий; адгезив,raw_material; сырье; вспомогательные материалы; смол; добавк; пигмент; диспергатор; пеногасител; эпоксид,ok,,2026-07-14T19:28:58Z,expocentr-icatalog-v1.1.0
ИНТЕРЛАКОКРАСКА-2026,"ПРАНС, ООО",Россия,Московская обл.,"Россия, 142210, Московская обл., г. Серпухов, ул. Карла Маркса, д. 2/1, пом. 1",2C095,ВАВИЛОВ,Измельчители и смесители; Оборудование для подготовки поверхности,Установки для термоабразивоструйной очистки и нанесения защитных покрытий. Оборудование для интенсификации химических и фазовых явлений — получения материалов с новыми физико-химическими свойствами.,http://www.prans.ru,info@gvpb.ru,+7 (496) 775-7096,https://icatalog.expocentr.ru/ru/exhibitions/190a3ab6-1050-11f0-80ce-a0d3c1fab97f/exhibitors/378335?&stand=2C095,378335,Установки для термоабразивоструйной очистки и нанесения защитных покрытий. Оборудование для интенсификации химических и фазовых явлений — получения материалов с новыми физико-химическими свойствами. | Измельчители и смесители; Оборудование для подготовки поверхности,maybe,review,mixed: product terms present but equipment/service supplier evidence needs QA review,защитных покрытий; покрытий,equipment_service; оборудование; смесител,ok,,2026-07-14T19:28:58Z,expocentr-icatalog-v1.1.0
ИНТЕРЛАКОКРАСКА-2026,ПРО-2000,Россия,Санкт-Петербург,"Россия, 191144, г. Санкт-Петербург, ул. Атаманская, д. 3/6, литера С, пом. 1-Н",2D110,ВАВИЛОВ,Диссольверы; Диспергирующее оборудование,"RUCCA PRO производит оборудование для смешивания, диспергирования и мокрого перетира, обеспечивая высокую производительность, надежность и профессиональный сервис для каждого клиента.",http://www.rucca-pro.ru,sale@rucca-pro.ru,8 800 550-1989,https://icatalog.expocentr.ru/ru/exhibitions/190a3ab6-1050-11f0-80ce-a0d3c1fab97f/exhibitors/378272?&stand=2D110,378272,"RUCCA PRO производит оборудование для смешивания, диспергирования и мокрого перетира, обеспечивая высокую производительность, надежность и профессиональный сервис для каждого клиента. | Диссольверы; Диспергирующее оборудование",no,exclude,equipment_service: poor fit pure equipment/logistics/service supplier,,equipment_service; оборудование; диспергирующее,ok,,2026-07-14T19:28:58Z,expocentr-icatalog-v1.1.0
ИНТЕРЛАКОКРАСКА-2026,ПРОЛАКЪ,Россия,Москва,"Россия, 111020, г. Москва, вн. тер. г. м. о. Лефортово, ул. Боровая, д. 7, стр. 7, пом. 1/1",2F010,ВАВИЛОВ,Лакокрасочные материалы со специальными свойствами; Лакокрасочные материалы промышленного назначения; Автомобильные лакокрасочные материалы,"Российский производитель промышленных лаков и красок для пластика, стекла, металла и других материалов для предприятий автомобильной, стекольной промышленности, производителей бытовой техники и других отраслей. Полное сопровождение клиента — от дизайнерской идеи до мастер-проб и серийного производства.",http://www.pro-lack.ru,info@pro-lack.ru,+7 (495) 988-1187,https://icatalog.expocentr.ru/ru/exhibitions/190a3ab6-1050-11f0-80ce-a0d3c1fab97f/exhibitors/378397?&stand=2F010,378397,"Российский производитель промышленных лаков и красок для пластика, стекла, металла и других материалов для предприятий автомобильной, стекольной промышленности, производителей бытовой техники и других отраслей. Полное сопровождение клиента — от дизайнерской идеи до мастер-проб и серийного производства. | Лакокрасочные материалы со специальными свойствами; Лакокрасочные материалы промышленного назначения; Автомобильные лакокрасочные материалы",yes,keep,product_manufacturer: likely packaged coating/chemical product target,лакокрасочные материалы,,ok,,2026-07-14T19:28:58Z,expocentr-icatalog-v1.1.0
ИНТЕРЛАКОКРАСКА-2026,"ПРОМКОУТ, ООО",Россия,Санкт-Петербург,"Россия, 198097, г. Санкт-Петербург, просп. Стачек, д. 47, литера А, пом. 63, оф. 252",2D040,ВАВИЛОВ,Сырье и вспомогательные материалы для производства лакокрасочных материалов и покрытий; Сырье и вспомогательные материалы для производства адгезивов,"ООО «Промкоут» поставляет высококачественное химическое сырье, пигменты, акриловые эмульсии, специальные добавки для индустриальных, декоративных, строительных, огнезащитных покрытий и печатных красок.",http://www.promcoat.ru,elena.rumyantseva@promcoat.ru,+7 (812) 380-6066,https://icatalog.expocentr.ru/ru/exhibitions/190a3ab6-1050-11f0-80ce-a0d3c1fab97f/exhibitors/378420?&stand=2D040,378420,"ООО «Промкоут» поставляет высококачественное химическое сырье, пигменты, акриловые эмульсии, специальные добавки для индустриальных, декоративных, строительных, огнезащитных покрытий и печатных красок. | Сырье и вспомогательные материалы для производства лакокрасочных материалов и покрытий; Сырье и вспомогательные материалы для производства адгезивов",maybe,review,mixed: product terms present but raw_material supplier evidence needs QA review,лакокрасочных материалов; защитных покрытий; покрытий; печатных красок; адгезив,raw_material; сырье; вспомогательные материалы; добавк; пигмент,ok,,2026-07-14T19:28:58Z,expocentr-icatalog-v1.1.0
ИНТЕРЛАКОКРАСКА-2026,"ПРОМЫШЛЕННАЯ ОКРАСКА, ЖУРНАЛ (МСК)",Россия,Москва,"Россия, 125167, г. Москва, Ленинградский просп., д. 39, стр. 14, оф. 500в, БЦ «Горбачев Фонд»",4E133,ЧАЯНОВ,Информационное обеспечение,"«Промышленная окраска» издается с 2003 г., освещает проблемы применения ЛКМ: материалы, оборудование, технологии окраски, испытания, защиту древесины. Предназначен для технологов, руководителей.",http://www.industrial-coatings.ru,comers@mg-agency.com,+7 (495) 194-53820,https://icatalog.expocentr.ru/ru/exhibitions/190a3ab6-1050-11f0-80ce-a0d3c1fab97f/exhibitors/378816?&stand=4E133,378816,"«Промышленная окраска» издается с 2003 г., освещает проблемы применения ЛКМ: материалы, оборудование, технологии окраски, испытания, защиту древесины. Предназначен для технологов, руководителей. | Информационное обеспечение",no,exclude,equipment_service: poor fit pure equipment/logistics/service supplier,краски,equipment_service; оборудование; информационное обеспечение,ok,,2026-07-14T19:28:58Z,expocentr-icatalog-v1.1.0
ИНТЕРЛАКОКРАСКА-2026,ПРОХИМ,Россия,Москва,"Россия, 117216, г. Москва, ул. Грина, д. 1, корп. 7",4C040,ЧАЯНОВ,Сырье и вспомогательные материалы для производства лакокрасочных материалов и покрытий; Лакокрасочные материалы со специальными свойствами,ООО «ПРОХИМ» с 1999 года выступает на рынках России и стран СНГ. Компания осуществляет поставки химического сырья и декоративных добавок для ЛКМ для различных отраслей промышленности.,http://www.himiya.pro,info@himiya.pro,+7 (499) 744-1454,https://icatalog.expocentr.ru/ru/exhibitions/190a3ab6-1050-11f0-80ce-a0d3c1fab97f/exhibitors/378693?&stand=4C040,378693,ООО «ПРОХИМ» с 1999 года выступает на рынках России и стран СНГ. Компания осуществляет поставки химического сырья и декоративных добавок для ЛКМ для различных отраслей промышленности. | Сырье и вспомогательные материалы для производства лакокрасочных материалов и покрытий; Лакокрасочные материалы со специальными свойствами,maybe,review,mixed: product terms present but raw_material supplier evidence needs QA review,лакокрасочных материалов; лакокрасочные материалы; покрытий,raw_material; сырье; вспомогательные материалы,ok,,2026-07-14T19:28:58Z,expocentr-icatalog-v1.1.0
ИНТЕРЛАКОКРАСКА-2026,"Р2Р, ООО",Россия,Москва,"Россия, 107065, г. Москва, ул. Курганская, д. 3, этаж 1, пом. XXXIV",4A081,ЧАЯНОВ,Оборудование для производства лакокрасочных материалов и получения покрытий; Дистилляторы,"Дистрибьюция продукции итальянских производителей. BASCA — мойки дёж кубов, INKMAKER — станции дозирования, IST — дистилляторы растворителей мойки, RE — системы натяжения, STLECTRA — вискозиметры.",http://www.roll2roll.biz,sales2@roll2roll.biz,+7 (499) 968-5616,https://icatalog.expocentr.ru/ru/exhibitions/190a3ab6-1050-11f0-80ce-a0d3c1fab97f/exhibitors/379988?&stand=4A081,379988,"Дистрибьюция продукции итальянских производителей. BASCA — мойки дёж кубов, INKMAKER — станции дозирования, IST — дистилляторы растворителей мойки, RE — системы натяжения, STLECTRA — вискозиметры. | Оборудование для производства лакокрасочных материалов и получения покрытий; Дистилляторы",maybe,review,mixed: product terms present but equipment/service supplier evidence needs QA review,лакокрасочных материалов; покрытий,raw_material; equipment_service; оборудование; растворител,ok,,2026-07-14T19:28:58Z,expocentr-icatalog-v1.1.0
ИНТЕРЛАКОКРАСКА-2026,"РАДИАНТ КЕМИКАЛС, ООО",Россия,Москва,"Россия, 121069, г. Москва, Хлебный пер., д. 8, оф. 1/4",2D120,ВАВИЛОВ,Сырье и вспомогательные материалы для производства лакокрасочных материалов и покрытий; Сырье и вспомогательные материалы для производства адгезивов,"«РАДИАНТ КЕМИКАЛС» — крупнейший оператор на рынке цветных пигментов, красителей, химического сырья, добавок для производства лакокрасочных и композитных материалов и покрытий.",http://www.radiantchem.ru,info@radiantchem.ru,+7 (499) 426-2607,https://icatalog.expocentr.ru/ru/exhibitions/190a3ab6-1050-11f0-80ce-a0d3c1fab97f/exhibitors/378237?&stand=2D120,378237,"«РАДИАНТ КЕМИКАЛС» — крупнейший оператор на рынке цветных пигментов, красителей, химического сырья, добавок для производства лакокрасочных и композитных материалов и покрытий. | Сырье и вспомогательные материалы для производства лакокрасочных материалов и покрытий; Сырье и вспомогательные материалы для производства адгезивов",maybe,review,mixed: product terms present but raw_material supplier evidence needs QA review,лакокрасочных материалов; покрытий; адгезив,raw_material; сырье; вспомогательные материалы; пигмент,ok,,2026-07-14T19:28:58Z,expocentr-icatalog-v1.1.0
ИНТЕРЛАКОКРАСКА-2026,"РАЙНСТОН ТРЕЙДИНГ, ООО",Россия,Москва,"Россия, 115230, г. Москва, Каширское ш., д. 3, корп. 2, стр. 4",2E025,ВАВИЛОВ,"Сырье и вспомогательные материалы для производства лакокрасочных материалов и покрытий; Транспортные услуги, логистика",ООО «Райнстон Трейдинг» — надежный партнер в области поставок химического сырья напрямую от ведущих мировых производителей. Осуществляем полную цепочку поставки: от закупки продукта в любой точке мира до доставки на ваш склад.,https://rhinestone.pro,secretar@rhinestone.ch,+7 (495) 120-5583,https://icatalog.expocentr.ru/ru/exhibitions/190a3ab6-1050-11f0-80ce-a0d3c1fab97f/exhibitors/378301?&stand=2E025,378301,"ООО «Райнстон Трейдинг» — надежный партнер в области поставок химического сырья напрямую от ведущих мировых производителей. Осуществляем полную цепочку поставки: от закупки продукта в любой точке мира до доставки на ваш склад. | Сырье и вспомогательные материалы для производства лакокрасочных материалов и покрытий; Транспортные услуги, логистика",no,exclude,equipment_service: poor fit pure equipment/logistics/service supplier,лакокрасочных материалов; покрытий,raw_material; equipment_service; логистик; услуги; сырье; вспомогательные материалы,ok,,2026-07-14T19:28:58Z,expocentr-icatalog-v1.1.0
ИНТЕРЛАКОКРАСКА-2026,РАНПЛЕР,Россия,Москва,"Россия, 115280, г. Москва, ул. Ленинская Слобода, д. 26, пом. 32, 79, 4, 1",4C050,ЧАЯНОВ,Сырье и вспомогательные материалы для производства лакокрасочных материалов и покрытий; Сырье и вспомогательные материалы для производства адгезивов; Новые технологии и научные разработки,"Компания RUNPLER — поставщик химического сырья для производства лакокрасочных материалов и покрытий. Разработка специальных рецептур и организация производства. Проектирование, поставки и наладка оборудования. Лабораторные исследования любой сложности, экспертные заключения.",http://www.runpler.ru,info@runpler.ru,+7 (495) 741-8898,https://icatalog.expocentr.ru/ru/exhibitions/190a3ab6-1050-11f0-80ce-a0d3c1fab97f/exhibitors/378888?&stand=4C050,378888,"Компания RUNPLER — поставщик химического сырья для производства лакокрасочных материалов и покрытий. Разработка специальных рецептур и организация производства. Проектирование, поставки и наладка оборудования. Лабораторные исследования любой сложности, экспертные заключения. | Сырье и вспомогательные материалы для производства лакокрасочных материалов и покрытий; Сырье и вспомогательные материалы для производства адгезивов; Новые технологии и научные разработки",maybe,review,mixed: product terms present but raw_material supplier evidence needs QA review,лакокрасочных материалов; покрытий; адгезив,raw_material; сырье; вспомогательные материалы,ok,,2026-07-14T19:28:58Z,expocentr-icatalog-v1.1.0
ИНТЕРЛАКОКРАСКА-2026,РЕВАДА,Россия,Москва,"Россия, 117246, г. Москва, Научный пр-д, д. 19, этаж 8, комн. 112",2B045,ВАВИЛОВ,Сырье и вспомогательные материалы для производства лакокрасочных материалов и покрытий; Сырье и вспомогательные материалы для производства адгезивов,"Поставка сырья для производства водных, органорастворимых ЛКМ, строительных материалов, клеев и адгезивов: дисперсий, эпоксидных, полиэфирных смол, добавок, диоксида титана, коалесцентов, сиккативов.",http://www.revada-group.com,info@revada-group.com,+7 (495) 955-2442,https://icatalog.expocentr.ru/ru/exhibitions/190a3ab6-1050-11f0-80ce-a0d3c1fab97f/exhibitors/378403?&stand=2B045,378403,"Поставка сырья для производства водных, органорастворимых ЛКМ, строительных материалов, клеев и адгезивов: дисперсий, эпоксидных, полиэфирных смол, добавок, диоксида титана, коалесцентов, сиккативов. | Сырье и вспомогательные материалы для производства лакокрасочных материалов и покрытий; Сырье и вспомогательные материалы для производства адгезивов",maybe,review,mixed: product terms present but raw_material supplier evidence needs QA review,лакокрасочных материалов; покрытий; адгезив,raw_material; сырье; вспомогательные материалы; смол; полиэфир; эпоксид,ok,,2026-07-14T19:28:58Z,expocentr-icatalog-v1.1.0
ИНТЕРЛАКОКРАСКА-2026,РЕМ-КОЛОР,Республика Беларусь,Минск,"Республика Беларусь, 220030, г. Минск, ул. Комсомольская, д. 12",4D080,ЧАЯНОВ,"Антикоррозионные лакокрасочные материалы, защитные покрытия; Лакокрасочные материалы промышленного назначения","ООО «РЕМ-КОЛОР» — завод по производству профессиональных лакокрасочных материалов для строительной, нефтехимической, горнодобывающей промышленности и машиностроения.",http://www.rem-color.by,remcolor@gmail.com,+375 17 35313177,https://icatalog.expocentr.ru/ru/exhibitions/190a3ab6-1050-11f0-80ce-a0d3c1fab97f/exhibitors/378240?&stand=4D080,378240,"ООО «РЕМ-КОЛОР» — завод по производству профессиональных лакокрасочных материалов для строительной, нефтехимической, горнодобывающей промышленности и машиностроения. | Антикоррозионные лакокрасочные материалы, защитные покрытия; Лакокрасочные материалы промышленного назначения",yes,keep,product_manufacturer: likely packaged coating/chemical product target,лакокрасочных материалов; лакокрасочные материалы; антикоррозионные; покрытия,,ok,,2026-07-14T19:28:58Z,expocentr-icatalog-v1.1.0
ИНТЕРЛАКОКРАСКА-2026,"РИФ-МИКРОМРАМОР, ООО",Россия,Челябинская обл.,"Россия, 457388, Челябинская обл., Карталинский р-н, с. Еленинка, ул. Молодежная, д. 2, оф. 1",4C090,ЧАЯНОВ,Сырье и вспомогательные материалы для производства лакокрасочных материалов и покрытий; Сырье и вспомогательные материалы для производства адгезивов,«РИФ-Микромрамор» — лидер отрасли по производству самых белых мраморных наполнителей.,http://www.micromramor.ru,office@rif-mmr.ru,+7 (3519) 580-850,https://icatalog.expocentr.ru/ru/exhibitions/190a3ab6-1050-11f0-80ce-a0d3c1fab97f/exhibitors/378230?&stand=4C090,378230,«РИФ-Микромрамор» — лидер отрасли по производству самых белых мраморных наполнителей. | Сырье и вспомогательные материалы для производства лакокрасочных материалов и покрытий; Сырье и вспомогательные материалы для производства адгезивов,maybe,review,mixed: product terms present but raw_material supplier evidence needs QA review,лакокрасочных материалов; покрытий; адгезив,raw_material; сырье; вспомогательные материалы; наполнител,ok,,2026-07-14T19:28:58Z,expocentr-icatalog-v1.1.0
ИНТЕРЛАКОКРАСКА-2026,"РОСХИМ, АО",Россия,Москва,"Россия, 121151, г. Москва, вн. тер. г. м. о. Дорогомилово, наб. Тараса Шевченко, д. 23а, этаж 12, пом. I, комн. 77",4E010,ЧАЯНОВ,Сырье и вспомогательные материалы для производства лакокрасочных материалов и покрытий,"АО «Росхим» — управляющая компания группы химических предприятий, выпускающих продукцию для стекольной, нефтехимической, целлюлозно-бумажной, лакокрасочной, шинной, сельскохозяйственной промышленности.",https://ruschem.ru,info@ruschem.ru,+7 (495) 130-0011,https://icatalog.expocentr.ru/ru/exhibitions/190a3ab6-1050-11f0-80ce-a0d3c1fab97f/exhibitors/378697?&stand=4E010,378697,"АО «Росхим» — управляющая компания группы химических предприятий, выпускающих продукцию для стекольной, нефтехимической, целлюлозно-бумажной, лакокрасочной, шинной, сельскохозяйственной промышленности. | Сырье и вспомогательные материалы для производства лакокрасочных материалов и покрытий",maybe,review,mixed: product terms present but raw_material supplier evidence needs QA review,лакокрасочных материалов; покрытий,raw_material; сырье; вспомогательные материалы,ok,,2026-07-14T19:28:58Z,expocentr-icatalog-v1.1.0
ИНТЕРЛАКОКРАСКА-2026,РУСАЛ,Россия,Волгоградская обл.,"Россия, 400006, Волгоградская обл., г. Волгоград, ул. им. Шкирятова, д. 21, пом. 147",2B020,ВАВИЛОВ,"Сырье и вспомогательные материалы для производства лакокрасочных материалов и покрытий; Антикоррозионные лакокрасочные материалы, защитные покрытия",РУСАЛ — один из лидеров в области производства алюминиевых порошков на мировом рынке.,,Yuliya.Komarova2@rusal.com,+7 (8442) 745-688,https://icatalog.expocentr.ru/ru/exhibitions/190a3ab6-1050-11f0-80ce-a0d3c1fab97f/exhibitors/378782?&stand=2B020,378782,"РУСАЛ — один из лидеров в области производства алюминиевых порошков на мировом рынке. | Сырье и вспомогательные материалы для производства лакокрасочных материалов и покрытий; Антикоррозионные лакокрасочные материалы, защитные покрытия",maybe,review,mixed: product terms present but raw_material supplier evidence needs QA review,лакокрасочных материалов; лакокрасочные материалы; антикоррозионные; покрытия; покрытий,raw_material; сырье; вспомогательные материалы,ok,,2026-07-14T19:28:58Z,expocentr-icatalog-v1.1.0
ИНТЕРЛАКОКРАСКА-2026,"РУСКЕМИКАЛС ГРУПП, ООО",Россия,Санкт-Петербург,"Россия, 191123, г. Санкт-Петербург, ул. Шпалерная, д. 34, литера Б, пом. 13Н, оф. 1",4C080,ЧАЯНОВ,Сырье и вспомогательные материалы для производства лакокрасочных материалов и покрытий; Сырье и вспомогательные материалы для производства адгезивов,"RUSChemicals Group поставляет химическое сырье для лакокрасочной промышленности. Эксклюзивный представитель Nan Ya Plactic в России и СНГ, работаем с Evonik, Icason, Nubei Greenhome и др.",http://www.ruschemicals.com,info@ruschemicals.com,+7 (812) 407-2696,https://icatalog.expocentr.ru/ru/exhibitions/190a3ab6-1050-11f0-80ce-a0d3c1fab97f/exhibitors/378256?&stand=4C080,378256,"RUSChemicals Group поставляет химическое сырье для лакокрасочной промышленности. Эксклюзивный представитель Nan Ya Plactic в России и СНГ, работаем с Evonik, Icason, Nubei Greenhome и др. | Сырье и вспомогательные материалы для производства лакокрасочных материалов и покрытий; Сырье и вспомогательные материалы для производства адгезивов",maybe,review,mixed: product terms present but raw_material supplier evidence needs QA review,лакокрасочных материалов; покрытий; адгезив,raw_material; сырье; вспомогательные материалы,ok,,2026-07-14T19:28:58Z,expocentr-icatalog-v1.1.0
ИНТЕРЛАКОКРАСКА-2026,РУСКОЛОРЛАБ,Россия,Московская обл.,"Россия, 142505, Московская обл., г. Павловский Посад, Мишутинское ш., д. 66г, стр. 1",4C105,ЧАЯНОВ,Сырье и вспомогательные материалы для производства лакокрасочных материалов и покрытий; Новые технологии и научные разработки,"ООО «Русколорлаб» (ООО RCL) — совместное российско-китайское предприятие по производству колорантов в России. Компания RCL производит и поставляет на рынок колоранты для машинной и промышленной колеровки. Продукция брендов TONPaste®и TONPlant®, полный комплекс услуг по организации колеровки, программное обеспечение RuscolorPro со стандартным набором формул колеровки, лабораторные разработки, персонализированные базы рецептур – все для успеха вашего бизнеса в мире цвета!",http://ruscolorlab.com,info@ruscolorlab.com,"+7 (980) 196-7373, (980) 194-2323",https://icatalog.expocentr.ru/ru/exhibitions/190a3ab6-1050-11f0-80ce-a0d3c1fab97f/exhibitors/378265?&stand=4C105,378265,"ООО «Русколорлаб» (ООО RCL) — совместное российско-китайское предприятие по производству колорантов в России. Компания RCL производит и поставляет на рынок колоранты для машинной и промышленной колеровки. Продукция брендов TONPaste®и TONPlant®, полный комплекс услуг по организации колеровки, программное обеспечение RuscolorPro со стандартным набором формул колеровки, лабораторные разработки, персонализированные базы рецептур – все для успеха вашего бизнеса в мире цвета! | Сырье и вспомогательные материалы для производства лакокрасочных материалов и покрытий; Новые технологии и научные разработки",maybe,review,mixed: product terms present but raw_material supplier evidence needs QA review,лакокрасочных материалов; покрытий,raw_material; сырье; вспомогательные материалы,ok,,2026-07-14T19:28:58Z,expocentr-icatalog-v1.1.0
ИНТЕРЛАКОКРАСКА-2026,"РУСПРОМ-М, ООО",Россия,Москва,"Россия, 108814, г. Москва, Калужское ш., 24-й км (п. Сосенское), д. 1, стр. 1, пом. 1Н/4",2B090,ВАВИЛОВ,Сырье и вспомогательные материалы для производства лакокрасочных материалов и покрытий,"Компания «РУСПРОМ-М» является официальным представителем в России завода Henghe, крупнейшего производителя водных дисперсий в Азии. У нас вы найдете обширный список товаров для лакокрасочной промышленности: связующие различных типов, функциональные и декоративные добавки и многое другое.",http://www.rpchem.ru,info@rpchem.ru,+7 (499) 380-8737,https://icatalog.expocentr.ru/ru/exhibitions/190a3ab6-1050-11f0-80ce-a0d3c1fab97f/exhibitors/378229?&stand=2B090,378229,"Компания «РУСПРОМ-М» является официальным представителем в России завода Henghe, крупнейшего производителя водных дисперсий в Азии. У нас вы найдете обширный список товаров для лакокрасочной промышленности: связующие различных типов, функциональные и декоративные добавки и многое другое. | Сырье и вспомогательные материалы для производства лакокрасочных материалов и покрытий",maybe,review,mixed: product terms present but raw_material supplier evidence needs QA review,лакокрасочных материалов; декоративные; покрытий,raw_material; сырье; вспомогательные материалы; добавк,ok,,2026-07-14T19:28:58Z,expocentr-icatalog-v1.1.0
ИНТЕРЛАКОКРАСКА-2026,"РусСилика, ООО",Россия,Нижегородская обл.,"Россия, 606000, Нижегородская обл., г. Дзержинск, ш. Игумновское, д. 15ц",4E125,ЧАЯНОВ,Сырье и вспомогательные материалы для производства лакокрасочных материалов и покрытий; Материалы для обработки поверхности; Лакокрасочные материалы для защиты и окраски древесины; Новые технологии и научные разработки,"«РусСилика» представляет современные решения для ЛКМ. Порошковый кремнезем RUSGEL обеспечивает превосходную матовость поверхности. Коллоидный силиказоль RUSSOL работает как связующее, улучшая прочность пленки и стойкость к истиранию. Российский продукт мирового уровня напрямую от производителя.",http://russilica.ru,info@russilica.ru,8 800 222-8008,https://icatalog.expocentr.ru/ru/exhibitions/190a3ab6-1050-11f0-80ce-a0d3c1fab97f/exhibitors/378817?&stand=4E125,378817,"«РусСилика» представляет современные решения для ЛКМ. Порошковый кремнезем RUSGEL обеспечивает превосходную матовость поверхности. Коллоидный силиказоль RUSSOL работает как связующее, улучшая прочность пленки и стойкость к истиранию. Российский продукт мирового уровня напрямую от производителя. | Сырье и вспомогательные материалы для производства лакокрасочных материалов и покрытий; Материалы для обработки поверхности; Лакокрасочные материалы для защиты и окраски древесины; Новые технологии и научные разработки",maybe,review,mixed: product terms present but raw_material supplier evidence needs QA review,лакокрасочных материалов; лакокрасочные материалы; краски; покрытий,raw_material; сырье; вспомогательные материалы,ok,,2026-07-14T19:28:58Z,expocentr-icatalog-v1.1.0
ИНТЕРЛАКОКРАСКА-2026,"РУССКАЯ СЫРЬЕВАЯ КОМПАНИЯ, ООО",Россия,Москва,"Россия, 125363, г. Москва, ул. Сходненская, д. 56, БЦ «Калейдоскоп», оф. 5-27",4D010,ЧАЯНОВ,Сырье и вспомогательные материалы для производства лакокрасочных материалов и покрытий; Сырье и вспомогательные материалы для производства адгезивов,"РСК — надежный поставщик качественных функциональных добавок, смол, отвердителей, антипиренов и других продуктов для производителей ЛКМ в России и СНГ. Компания располагает лабораторией и имеет команду технологов, оказывая полный цикл услуг по внедрению новых продуктов и технической поддержке. Эксклюзивный дистрибьютор следующих компаний: — CHEONGWOO CFC (Южная Корея) — производителя широкого ряда функциональных добавок для ЛКМ; — LONGHAI CHEMICAL (Китай) — производителя восков и восковых эмульсий; — SOURCE CHEMICAL (Китай) — производителя функциональных добавок для порошковых красок.",http://www.rskmsk.ru,info@rsk.pro,+7 (495) 901-0180,https://icatalog.expocentr.ru/ru/exhibitions/190a3ab6-1050-11f0-80ce-a0d3c1fab97f/exhibitors/378300?&stand=4D010,378300,"РСК — надежный поставщик качественных функциональных добавок, смол, отвердителей, антипиренов и других продуктов для производителей ЛКМ в России и СНГ. Компания располагает лабораторией и имеет команду технологов, оказывая полный цикл услуг по внедрению новых продуктов и технической поддержке. Эксклюзивный дистрибьютор следующих компаний: — CHEONGWOO CFC (Южная Корея) — производителя широкого ряда функциональных добавок для ЛКМ; — LONGHAI CHEMICAL (Китай) — производителя восков и восковых эмульсий; — SOURCE CHEMICAL (Китай) — производителя функциональных добавок для порошковых красок. | Сырье и вспомогательные материалы для производства лакокрасочных материалов и покрытий; Сырье и вспомогате",maybe,review,mixed: product terms present but raw_material supplier evidence needs QA review,лакокрасочных материалов; покрытий; адгезив,raw_material; сырье; вспомогательные материалы; смол,ok,,2026-07-14T19:28:58Z,expocentr-icatalog-v1.1.0
ИНТЕРЛАКОКРАСКА-2026,"РУССО ИНДАСТРИАЛ, ООО",Россия,Москва,"Россия, 109377, г. Москва, Рязанский просп., д. 32, корп. 3, оф. 418",4C043,ЧАЯНОВ,Сырье и вспомогательные материалы для производства лакокрасочных материалов и покрытий; Сырье и вспомогательные материалы для производства адгезивов,"«Руссо Индастриал» — оптовый поставщик химического сырья для ЛКМ с многолетним опытом работы. Функциональные добавки, алкидные смолы, биоциды, антиграффити, ПАВ и другие продукты со склада и на заказ.",http://www.russoindustrial.ru,info@russoind.ru,+7 (495) 231-2216,https://icatalog.expocentr.ru/ru/exhibitions/190a3ab6-1050-11f0-80ce-a0d3c1fab97f/exhibitors/378544?&stand=4C043,378544,"«Руссо Индастриал» — оптовый поставщик химического сырья для ЛКМ с многолетним опытом работы. Функциональные добавки, алкидные смолы, биоциды, антиграффити, ПАВ и другие продукты со склада и на заказ. | Сырье и вспомогательные материалы для производства лакокрасочных материалов и покрытий; Сырье и вспомогательные материалы для производства адгезивов",maybe,review,mixed: product terms present but raw_material supplier evidence needs QA review,лакокрасочных материалов; покрытий; адгезив,raw_material; сырье; вспомогательные материалы; смол; добавк,ok,,2026-07-14T19:28:58Z,expocentr-icatalog-v1.1.0
ИНТЕРЛАКОКРАСКА-2026,РУСХИМСЕТЬ,Россия,Московская обл.,"Россия, 142450, Московская обл., г. Старая Купавна, Ногинский р-н, ул. Бетонная, д. 17, стр. 3",2B015,ВАВИЛОВ,Сырье и вспомогательные материалы для производства лакокрасочных материалов и покрытий; Сырье и вспомогательные материалы для производства адгезивов,"«Русхимсеть» — крупнейший дистрибьютор химического сырья, на рынке с 2000 года. Региональный вектор развития компании и наличие специализированных складов позволяет занимать лидирующие позиции на рынке.",http://www.rushimset.ru,mail@rushimset.ru,+7 (495) 291-4710,https://icatalog.expocentr.ru/ru/exhibitions/190a3ab6-1050-11f0-80ce-a0d3c1fab97f/exhibitors/378251?&stand=2B015,378251,"«Русхимсеть» — крупнейший дистрибьютор химического сырья, на рынке с 2000 года. Региональный вектор развития компании и наличие специализированных складов позволяет занимать лидирующие позиции на рынке. | Сырье и вспомогательные материалы для производства лакокрасочных материалов и покрытий; Сырье и вспомогательные материалы для производства адгезивов",maybe,review,mixed: product terms present but raw_material supplier evidence needs QA review,лакокрасочных материалов; покрытий; адгезив,raw_material; сырье; вспомогательные материалы,ok,,2026-07-14T19:28:58Z,expocentr-icatalog-v1.1.0
ИНТЕРЛАКОКРАСКА-2026,"САЛАВАТСКИЙ НЕФТЕХИМИЧЕСКИЙ КОМПЛЕКС, ООО",Россия,Санкт-Петербург,"Россия, 194044, г. Санкт-Петербург, Большой Сампсониевский просп., д. 4-6, литера А, пом. 123, оф. 301, БЦ «Монблан»",4E040,ЧАЯНОВ,Сырье и вспомогательные материалы для производства лакокрасочных материалов и покрытий; Сырье и вспомогательные материалы для производства адгезивов,"СНХК — совместное предприятие «СИБУР» и «Газпром Нефтехим Салават». Единственный в России производитель и поставщик бутилакрилата — ключевого сырья для производства ЛКМ, клеев и полимерных материалов.",https://snck.ru,info@snck.ru,+7 (812) 320-0770,https://icatalog.expocentr.ru/ru/exhibitions/190a3ab6-1050-11f0-80ce-a0d3c1fab97f/exhibitors/379993?&stand=4E040,379993,"СНХК — совместное предприятие «СИБУР» и «Газпром Нефтехим Салават». Единственный в России производитель и поставщик бутилакрилата — ключевого сырья для производства ЛКМ, клеев и полимерных материалов. | Сырье и вспомогательные материалы для производства лакокрасочных материалов и покрытий; Сырье и вспомогательные материалы для производства адгезивов",maybe,review,mixed: product terms present but raw_material supplier evidence needs QA review,лакокрасочных материалов; покрытий; адгезив,raw_material; сырье; вспомогательные материалы,ok,,2026-07-14T19:28:58Z,expocentr-icatalog-v1.1.0
ИНТЕРЛАКОКРАСКА-2026,СИБУР,Россия,,Россия,4E040,ЧАЯНОВ,Сырье и вспомогательные материалы для производства лакокрасочных материалов и покрытий; Сырье и вспомогательные материалы для производства адгезивов,"Мы выпускаем востребованные продукты для общества и используем передовые технологии для создания новых возможностей, инвестируем в социальную инфраструктуру, улучшая качество жизни людей.",http://www.sibur.ru,info@sibur.ru,+7 (495) 777-5500,https://icatalog.expocentr.ru/ru/exhibitions/190a3ab6-1050-11f0-80ce-a0d3c1fab97f/exhibitors/380672?&stand=4E040,380672,"Мы выпускаем востребованные продукты для общества и используем передовые технологии для создания новых возможностей, инвестируем в социальную инфраструктуру, улучшая качество жизни людей. | Сырье и вспомогательные материалы для производства лакокрасочных материалов и покрытий; Сырье и вспомогательные материалы для производства адгезивов",maybe,review,mixed: product terms present but raw_material supplier evidence needs QA review,лакокрасочных материалов; покрытий; адгезив,raw_material; сырье; вспомогательные материалы,ok,,2026-07-14T19:28:58Z,expocentr-icatalog-v1.1.0
ИНТЕРЛАКОКРАСКА-2026,"СИЛИ СИАЙЭС, ООО",Россия,Тульская обл.,"Россия, 300012, Тульская обл., г. Тула, ул. Мориса Тореза, д. 5, оф. 210",4B095,ЧАЯНОВ,Сырье и вспомогательные материалы для производства лакокрасочных материалов и покрытий; Новые технологии и научные разработки,SiLi — мировой производитель высококачественного стеклянного и керамического бисера SiLibeads. Головное производство и штаб-квартира находятся в Германии. ООО «СиЛи СиАйЭс» — 100 % дочернее предприятие в РФ.,http://www.sili-cis.ru,akhmatov@sili.eu,+7 (4872) 25-66-67,https://icatalog.expocentr.ru/ru/exhibitions/190a3ab6-1050-11f0-80ce-a0d3c1fab97f/exhibitors/378404?&stand=4B095,378404,SiLi — мировой производитель высококачественного стеклянного и керамического бисера SiLibeads. Головное производство и штаб-квартира находятся в Германии. ООО «СиЛи СиАйЭс» — 100 % дочернее предприятие в РФ. | Сырье и вспомогательные материалы для производства лакокрасочных материалов и покрытий; Новые технологии и научные разработки,maybe,review,mixed: product terms present but raw_material supplier evidence needs QA review,лакокрасочных материалов; покрытий,raw_material; сырье; вспомогательные материалы,ok,,2026-07-14T19:28:58Z,expocentr-icatalog-v1.1.0
ИНТЕРЛАКОКРАСКА-2026,СИНТЕЗ ЦВЕТА,Россия,,Россия,2B095,ВАВИЛОВ,,,,,,https://icatalog.expocentr.ru/ru/exhibitions/190a3ab6-1050-11f0-80ce-a0d3c1fab97f/exhibitors/380776?&stand=2B095,380776,,maybe,review,insufficient_public_evidence: manual review,,,partial_missing_fields,evidence_snippet,2026-07-14T19:28:58Z,expocentr-icatalog-v1.1.0
ИНТЕРЛАКОКРАСКА-2026,"СИНТЕЗ, ООО",Россия,Воронежская обл.,"Россия, 394016, Воронежская обл., г. Воронеж, ул. 45 Стрелковой дивизии, д. 230а, оф. 106",4F150,ЧАЯНОВ,Сырье и вспомогательные материалы для производства лакокрасочных материалов и покрытий; Сырье и вспомогательные материалы для производства адгезивов,"ООО «Синтез» — поставщик полиэфирных и алкидных смол, функциональных добавок для водо- и органорастворимых ЛКМ, ПАВ, биоцидов, ингибиторов коррозии, полиуретановых связующих и светостабилизаторов.",,info@sint.moscow,+7 (926) 265-6963,https://icatalog.expocentr.ru/ru/exhibitions/190a3ab6-1050-11f0-80ce-a0d3c1fab97f/exhibitors/378409?&stand=4F150,378409,"ООО «Синтез» — поставщик полиэфирных и алкидных смол, функциональных добавок для водо- и органорастворимых ЛКМ, ПАВ, биоцидов, ингибиторов коррозии, полиуретановых связующих и светостабилизаторов. | Сырье и вспомогательные материалы для производства лакокрасочных материалов и покрытий; Сырье и вспомогательные материалы для производства адгезивов",maybe,review,mixed: product terms present but raw_material supplier evidence needs QA review,лакокрасочных материалов; покрытий; адгезив,raw_material; сырье; вспомогательные материалы; смол; полиэфир,ok,,2026-07-14T19:28:58Z,expocentr-icatalog-v1.1.0
ИНТЕРЛАКОКРАСКА-2026,СЛАНЦЫ-ХИМ,Россия,Санкт-Петербург,"Россия, 199034, г. Санкт-Петербург, 14-я линия В. О., д. 7, литера А, пом. 41Н",2C050,ВАВИЛОВ,"Сырье и вспомогательные материалы для производства лакокрасочных материалов и покрытий; Сырье и вспомогательные материалы для производства адгезивов; Лакокрасочные материалы для дорожных покрытий, мостов, тоннелей","ТК «Сланцы-Хим» предлагает различные компоненты для производства ЛКМ, клеев и герметиков: функциональные добавки, акриловые и метакриловые смолы, дисперсии водные (1К, 2К), сополимеры винилхлорида и винилацетата, ПВС, силаны и силоксаны, гидрофобные покрытия, нефтеполимерные смолы (DCPD, С5-С9).",http://www.slantsy.spb.ru,info@slantsy.spb.ru,+7 (812) 325-9838,https://icatalog.expocentr.ru/ru/exhibitions/190a3ab6-1050-11f0-80ce-a0d3c1fab97f/exhibitors/378425?&stand=2C050,378425,"ТК «Сланцы-Хим» предлагает различные компоненты для производства ЛКМ, клеев и герметиков: функциональные добавки, акриловые и метакриловые смолы, дисперсии водные (1К, 2К), сополимеры винилхлорида и винилацетата, ПВС, силаны и силоксаны, гидрофобные покрытия, нефтеполимерные смолы (DCPD, С5-С9). | Сырье и вспомогательные материалы для производства лакокрасочных материалов и покрытий; Сырье и вспомогательные материалы для производства адгезивов; Лакокрасочные материалы для дорожных покрытий, мостов, тоннелей",maybe,review,mixed: product terms present but raw_material supplier evidence needs QA review,лакокрасочных материалов; лакокрасочные материалы; покрытия; покрытий; адгезив; герметик,raw_material; сырье; вспомогательные материалы; смол; добавк,ok,,2026-07-14T19:28:58Z,expocentr-icatalog-v1.1.0
ИНТЕРЛАКОКРАСКА-2026,СМАРТ ИНСТРУМЕНТС,Россия,Санкт-Петербург,"Россия, г. Санкт-Петербург, Средний просп. В. О., д. 88, оф. 426-428",2A030,ВАВИЛОВ,Контрольно-измерительное оборудование; Лабораторное оборудование,"«СМАРТ ИНСТРУМЕНТС» — официальный дистрибьютор компаний и брендов 3NH, TILO, RAL, BEVS, SONACME, SANWOOD, HOOSUN, SIEHE, JXEP, DJH, REATEC и др. Мы занимаемся поставками оборудования и приборов, комплексным оснащением и модернизацией испытательных лабораторий для контроля качества ЛКМ и ЛКП и производителей, использующих технологию койл-коатинга (COIL COATING).",http://www.smart-instruments.su,info@smart-instruments.ru,+7 (812) 320-7510,https://icatalog.expocentr.ru/ru/exhibitions/190a3ab6-1050-11f0-80ce-a0d3c1fab97f/exhibitors/378401?&stand=2A030,378401,"«СМАРТ ИНСТРУМЕНТС» — официальный дистрибьютор компаний и брендов 3NH, TILO, RAL, BEVS, SONACME, SANWOOD, HOOSUN, SIEHE, JXEP, DJH, REATEC и др. Мы занимаемся поставками оборудования и приборов, комплексным оснащением и модернизацией испытательных лабораторий для контроля качества ЛКМ и ЛКП и производителей, использующих технологию койл-коатинга (COIL COATING). | Контрольно-измерительное оборудование; Лабораторное оборудование",no,exclude,equipment_service: poor fit pure equipment/logistics/service supplier,,equipment_service; оборудование,ok,,2026-07-14T19:28:58Z,expocentr-icatalog-v1.1.0
ИНТЕРЛАКОКРАСКА-2026,"СОЮЗКРАСКА, АССОЦИАЦИЯ ПРОИЗВОДИТЕЛЕЙ ЛАКОКРАСОЧНЫХ МАТЕРИАЛОВ",Россия,,Россия,4B030,ЧАЯНОВ,,,,,,https://icatalog.expocentr.ru/ru/exhibitions/190a3ab6-1050-11f0-80ce-a0d3c1fab97f/exhibitors/380777?&stand=4B030,380777,,yes,keep,product_manufacturer: likely packaged coating/chemical product target,лакокрасочных материалов,,partial_missing_fields,evidence_snippet,2026-07-14T19:28:58Z,expocentr-icatalog-v1.1.0
ИНТЕРЛАКОКРАСКА-2026,"СТиМ, Группа компаний",Республика Беларусь,Брест,"Республика Беларусь, 224701, г. Брест, ул. Катин Бор, д. 103",4A095,ЧАЯНОВ,"Сырье и вспомогательные материалы для производства лакокрасочных материалов и покрытий; Лакокрасочные материалы для дорожных покрытий, мостов, тоннелей","Производитель сырьевых продуктов для лакокрасочной, резинотехнической сферы: однокомпонентных и двухкомпонентных акриловых смол, эфиров канифоли, канифоли сосновой, стеклобоя молотого фракционированного.",http://www.stim.by,zakaz@stim.by,+375 (162) 508282,https://icatalog.expocentr.ru/ru/exhibitions/190a3ab6-1050-11f0-80ce-a0d3c1fab97f/exhibitors/380736?&stand=4A095,380736,"Производитель сырьевых продуктов для лакокрасочной, резинотехнической сферы: однокомпонентных и двухкомпонентных акриловых смол, эфиров канифоли, канифоли сосновой, стеклобоя молотого фракционированного. | Сырье и вспомогательные материалы для производства лакокрасочных материалов и покрытий; Лакокрасочные материалы для дорожных покрытий, мостов, тоннелей",maybe,review,mixed: product terms present but raw_material supplier evidence needs QA review,лакокрасочных материалов; лакокрасочные материалы; покрытий,raw_material; сырье; вспомогательные материалы; смол,ok,,2026-07-14T19:28:58Z,expocentr-icatalog-v1.1.0
ИНТЕРЛАКОКРАСКА-2026,СУПЕР НЕЙЧЕР (ТМ LUNA),Россия,Москва,"Россия, г. Москва, Коровинское ш., д. 10",4F140,ЧАЯНОВ,Сырье и вспомогательные материалы для производства лакокрасочных материалов и покрытий; Лакокрасочные материалы для защиты и окраски древесины,"ООО «Супер Нейчер» производит масла, воски и краски, максимально безопасные для людей и животных. Вся продукция имеет открытую декларацию по сырью. Компания использует натуральные связующие.",https://luna-paints.ru,info@leinos.ru,+7 (495) 722-2462,https://icatalog.expocentr.ru/ru/exhibitions/190a3ab6-1050-11f0-80ce-a0d3c1fab97f/exhibitors/378264?&stand=4F140,378264,"ООО «Супер Нейчер» производит масла, воски и краски, максимально безопасные для людей и животных. Вся продукция имеет открытую декларацию по сырью. Компания использует натуральные связующие. | Сырье и вспомогательные материалы для производства лакокрасочных материалов и покрытий; Лакокрасочные материалы для защиты и окраски древесины",maybe,review,mixed: product terms present but raw_material supplier evidence needs QA review,лакокрасочных материалов; лакокрасочные материалы; краски; покрытий,raw_material; сырье; вспомогательные материалы,ok,,2026-07-14T19:28:58Z,expocentr-icatalog-v1.1.0
ИНТЕРЛАКОКРАСКА-2026,ТАЛЬКОМАГНЕЗИТ,Россия,Челябинская обл.,"Россия, 456317, Челябинская обл., г. о. Миасский, пос. Верхний Атлян, территория Сыростанской размольно-обогатительной фабрики",4B035,ЧАЯНОВ,Сырье и вспомогательные материалы для производства лакокрасочных материалов и покрытий; Сырье и вспомогательные материалы для производства адгезивов,ТАЛЬК.РФ (бренд «Уральские Минералы») — инновационное предприятиее по обогащению и производству высококачественного талька различных марок с производительностью свыше 24 000 т сортовых тальков в год.,http://тальк.рф,p.serova@uralcement.ru,8 800 222-2595,https://icatalog.expocentr.ru/ru/exhibitions/190a3ab6-1050-11f0-80ce-a0d3c1fab97f/exhibitors/378694?&stand=4B035,378694,ТАЛЬК.РФ (бренд «Уральские Минералы») — инновационное предприятиее по обогащению и производству высококачественного талька различных марок с производительностью свыше 24 000 т сортовых тальков в год. | Сырье и вспомогательные материалы для производства лакокрасочных материалов и покрытий; Сырье и вспомогательные материалы для производства адгезивов,maybe,review,mixed: product terms present but raw_material supplier evidence needs QA review,лакокрасочных материалов; покрытий; адгезив,raw_material; сырье; вспомогательные материалы,ok,,2026-07-14T19:28:58Z,expocentr-icatalog-v1.1.0
ИНТЕРЛАКОКРАСКА-2026,"ТЕКСА, ООО",Россия,Москва,"Россия, 129085, г. Москва, Звёздный б-р, д. 19, стр. 1, пом. 1007",2C040,ВАВИЛОВ,Сырье и вспомогательные материалы для производства лакокрасочных материалов и покрытий; Оборудование для производства лакокрасочных материалов и получения покрытий,"Более 30 лет ООО «ТЕКСА» поставляет широкий спектр технологического оборудования, расходных материалов, лабораторного оборудования, а также сырье для предприятий лакокрасочной промышленности.",http://www.tecsa.ru,info@tecsa.ru,+7 (495) 212-1160,https://icatalog.expocentr.ru/ru/exhibitions/190a3ab6-1050-11f0-80ce-a0d3c1fab97f/exhibitors/378426?&stand=2C040,378426,"Более 30 лет ООО «ТЕКСА» поставляет широкий спектр технологического оборудования, расходных материалов, лабораторного оборудования, а также сырье для предприятий лакокрасочной промышленности. | Сырье и вспомогательные материалы для производства лакокрасочных материалов и покрытий; Оборудование для производства лакокрасочных материалов и получения покрытий",maybe,review,mixed: product terms present but equipment/service supplier evidence needs QA review,лакокрасочных материалов; покрытий,raw_material; equipment_service; оборудование; сырье; вспомогательные материалы,ok,,2026-07-14T19:28:58Z,expocentr-icatalog-v1.1.0
ИНТЕРЛАКОКРАСКА-2026,ТЕРМАЛ-СПРЕЙ-ТЕК,Россия,,Россия,4A045,ЧАЯНОВ,,,,,,https://icatalog.expocentr.ru/ru/exhibitions/190a3ab6-1050-11f0-80ce-a0d3c1fab97f/exhibitors/380778?&stand=4A045,380778,,maybe,review,insufficient_public_evidence: manual review,,,partial_missing_fields,evidence_snippet,2026-07-14T19:28:58Z,expocentr-icatalog-v1.1.0
ИНТЕРЛАКОКРАСКА-2026,"ТЕХНОЛАЙН, ООО",Россия,Санкт-Петербург,"Россия, 194100, г. Санкт-Петербург, ул. Новолитовская, д. 606, пом. 1Н",2B105,ВАВИЛОВ,Оборудование для подготовки поверхности; Оборудование для нанесения лакокрасочных материалов,"Автоматизация покраски: от идеи до успеха! Производство оборудования для отделки, разработка и реализация проектов автоматических линий покраски с использованием промышленных роботов.",http://www.teh-line.com,info@teh-line.com,+7 (911) 902-7100,https://icatalog.expocentr.ru/ru/exhibitions/190a3ab6-1050-11f0-80ce-a0d3c1fab97f/exhibitors/378328?&stand=2B105,378328,"Автоматизация покраски: от идеи до успеха! Производство оборудования для отделки, разработка и реализация проектов автоматических линий покраски с использованием промышленных роботов. | Оборудование для подготовки поверхности; Оборудование для нанесения лакокрасочных материалов",maybe,review,mixed: product terms present but equipment/service supplier evidence needs QA review,лакокрасочных материалов; краски,equipment_service; оборудование,ok,,2026-07-14T19:28:58Z,expocentr-icatalog-v1.1.0
ИНТЕРЛАКОКРАСКА-2026,"ТЕХНОЛОГИИ ПРОМЫШЛЕННОГО СЕРВИСА, ООО",Россия,Санкт-Петербург,"Россия, 197183, г. Санкт-Петербург, ул. Заусадебная, д. 15, стр. 5",2C010,ВАВИЛОВ,"Оборудование для подготовки поверхности; Сушильное оборудование; Моющее оборудование; Инжиниринг, автоматизация и проектирование производственных предприятий","«Технологии Промышленного Сервиса» — инжиниринговая компания по проектированию и оснащению окрасочных цехов, поставщик промышленного окрасочного, дробеструйного, дробеметного, компрессорного оборудования.",http://www.prom-osk.ru,pr@prom-tool.ru,+7 (812) 777-0099,https://icatalog.expocentr.ru/ru/exhibitions/190a3ab6-1050-11f0-80ce-a0d3c1fab97f/exhibitors/380003?&stand=2C010,380003,"«Технологии Промышленного Сервиса» — инжиниринговая компания по проектированию и оснащению окрасочных цехов, поставщик промышленного окрасочного, дробеструйного, дробеметного, компрессорного оборудования. | Оборудование для подготовки поверхности; Сушильное оборудование; Моющее оборудование; Инжиниринг, автоматизация и проектирование производственных предприятий",no,exclude,equipment_service: poor fit pure equipment/logistics/service supplier,,equipment_service; оборудование,ok,,2026-07-14T19:28:58Z,expocentr-icatalog-v1.1.0
ИНТЕРЛАКОКРАСКА-2026,"ТЕХНОЛОГИИ, ООО",Россия,Челябинская обл.,"Россия, 456610, Челябинская обл., г. Копейск, ул. Энергетиков, д. 5, кв. 102",4C160,ЧАЯНОВ,Дистилляторы,"Основные направления деятельности ООО «Технологии» — это проектирование, конструирование и изготовление вакуум-выпарных установок ДЦС, дистилляторов растворителей DSR, машин для мойки деталей МДТЧ.",http://www.vypar.ru,89193000067@mail.ru,+7 (922) 233-3243,https://icatalog.expocentr.ru/ru/exhibitions/190a3ab6-1050-11f0-80ce-a0d3c1fab97f/exhibitors/378281?&stand=4C160,378281,"Основные направления деятельности ООО «Технологии» — это проектирование, конструирование и изготовление вакуум-выпарных установок ДЦС, дистилляторов растворителей DSR, машин для мойки деталей МДТЧ. | Дистилляторы",no,exclude,raw_material: poor fit pure raw-material/additive supplier,,raw_material; растворител,ok,,2026-07-14T19:28:58Z,expocentr-icatalog-v1.1.0
ИНТЕРЛАКОКРАСКА-2026,"ТЕХНОЛОГИЯ И МАТЕРИАЛЫ, ООО",Россия,,Россия,4D045,ЧАЯНОВ,Материалы для обработки поверхности; Оборудование для подготовки поверхности; Оборудование для нанесения лакокрасочных материалов; Моющее оборудование; Лакокрасочные материалы промышленного назначения; Автомобильные лакокрасочные материалы,"ООО «Технология и материалы» — ведущий российский производитель комплексных решений в области промышленных лакокрасочных материалов и химической обработки поверхности. Мы обеспечиваем полный технологический цикл — от подготовки металла до нанесения катафореза финишного покрытия, гарантируя высочайшее качество, долговечность и коррозионную стойкость продукции наших клиентов. Наша команда инженеров помогает внедрять наши материалы и оптимизировать процессы на производстве клиента.",http://www.technology-materials.ru,info@technology-materials.ru,+7 (495) 150-0875,https://icatalog.expocentr.ru/ru/exhibitions/190a3ab6-1050-11f0-80ce-a0d3c1fab97f/exhibitors/378415?&stand=4D045,378415,"ООО «Технология и материалы» — ведущий российский производитель комплексных решений в области промышленных лакокрасочных материалов и химической обработки поверхности. Мы обеспечиваем полный технологический цикл — от подготовки металла до нанесения катафореза финишного покрытия, гарантируя высочайшее качество, долговечность и коррозионную стойкость продукции наших клиентов. Наша команда инженеров помогает внедрять наши материалы и оптимизировать процессы на производстве клиента. | Материалы для обработки поверхности; Оборудование для подготовки поверхности; Оборудование для нанесения лакокрасочных материалов; Моющее оборудование; Лакокрасочные материалы промышленного назначения; Автомобильны",maybe,review,mixed: product terms present but equipment/service supplier evidence needs QA review,лакокрасочных материалов; лакокрасочные материалы; покрытия,equipment_service; оборудование,ok,,2026-07-14T19:28:58Z,expocentr-icatalog-v1.1.0
ИНТЕРЛАКОКРАСКА-2026,ТИЛАН,Россия,,Россия,4E100,ЧАЯНОВ,,,,,,https://icatalog.expocentr.ru/ru/exhibitions/190a3ab6-1050-11f0-80ce-a0d3c1fab97f/exhibitors/380779?&stand=4E100,380779,,maybe,review,insufficient_public_evidence: manual review,,,partial_missing_fields,evidence_snippet,2026-07-14T19:28:58Z,expocentr-icatalog-v1.1.0
ИНТЕРЛАКОКРАСКА-2026,ТОРГХИМПОСТАВКА,Россия,Иваново,"Россия, 153012, г. Иваново, ул. Сакко, д. 41а, этаж 3, пом. 3001",2E068,ВАВИЛОВ,Измельчители и смесители; Диссольверы,Поставка оборудования для жидкого диспергирования турецкой компании YOKES.,http://www.yokes.ru,sales@yokes.ru,8 800 550-0475,https://icatalog.expocentr.ru/ru/exhibitions/190a3ab6-1050-11f0-80ce-a0d3c1fab97f/exhibitors/378259?&stand=2E068,378259,Поставка оборудования для жидкого диспергирования турецкой компании YOKES. | Измельчители и смесители; Диссольверы,no,exclude,equipment_service: poor fit pure equipment/logistics/service supplier,,equipment_service; смесител,ok,,2026-07-14T19:28:58Z,expocentr-icatalog-v1.1.0
ИНТЕРЛАКОКРАСКА-2026,ТОСОЛ-СИНТЕЗ,Россия,Нижегородская обл.,"Россия, 606000, Нижегородская обл., г. Дзержинск, ул. Ватутина, д. 31а, комн. 7",2E120,ВАВИЛОВ,"Сырье и вспомогательные материалы для производства лакокрасочных материалов и покрытий; Сырье и вспомогательные материалы для производства адгезивов; Материалы для обработки поверхности; Тара и упаковка, фасовка","Производство промышленной полиэтиленовой тары с собственным современным парком выдувных и литьевых машин. Производство ПАВ и ПЭГ для бытовой химии, ЛКМ, инфраструктурного и промышленного строительства.",http://www.pav-ts.ru,t-s@t-s.ru,+7 (8313) 255-332,https://icatalog.expocentr.ru/ru/exhibitions/190a3ab6-1050-11f0-80ce-a0d3c1fab97f/exhibitors/378542?&stand=2E120,378542,"Производство промышленной полиэтиленовой тары с собственным современным парком выдувных и литьевых машин. Производство ПАВ и ПЭГ для бытовой химии, ЛКМ, инфраструктурного и промышленного строительства. | Сырье и вспомогательные материалы для производства лакокрасочных материалов и покрытий; Сырье и вспомогательные материалы для производства адгезивов; Материалы для обработки поверхности; Тара и упаковка, фасовка",maybe,review,mixed: product terms present but raw_material supplier evidence needs QA review,лакокрасочных материалов; покрытий; адгезив,raw_material; сырье; вспомогательные материалы,ok,,2026-07-14T19:28:58Z,expocentr-icatalog-v1.1.0
ИНТЕРЛАКОКРАСКА-2026,"ТОЧКА ОПОРЫ, РЕДАКЦИЯ ЖУРНАЛА",Россия,Москва,"Россия, 129090, г. Москва, пл. Малая Сухаревская, д. 1, стр. 1",4A107,ЧАЯНОВ,Новые технологии и научные разработки; Информационное обеспечение,"Журнал «ТОЧКА ОПОРЫ», издательство «АЛЬМЕГА». Темы выпусков: строительство, безопасность, энергетика, нефть и газ, автоматизация, связь. Журнал распространяется на крупнейших выставках Москвы.",http://www.to-inform.ru,2312114@mail.ru,+7 (926) 111-4407,https://icatalog.expocentr.ru/ru/exhibitions/190a3ab6-1050-11f0-80ce-a0d3c1fab97f/exhibitors/380673?&stand=4A107,380673,"Журнал «ТОЧКА ОПОРЫ», издательство «АЛЬМЕГА». Темы выпусков: строительство, безопасность, энергетика, нефть и газ, автоматизация, связь. Журнал распространяется на крупнейших выставках Москвы. | Новые технологии и научные разработки; Информационное обеспечение",no,exclude,equipment_service: poor fit pure equipment/logistics/service supplier,,equipment_service; информационное обеспечение,ok,,2026-07-14T19:28:58Z,expocentr-icatalog-v1.1.0
ИНТЕРЛАКОКРАСКА-2026,ТРЕЙДЭКС,Россия,Самарская обл.,"Россия, 443082, Самарская обл., г. Самара, ул. Ново-Урицкая, д. 6а",4B090,ЧАЯНОВ,Сырье и вспомогательные материалы для производства лакокрасочных материалов и покрытий; Сырье и вспомогательные материалы для производства адгезивов,"Обеспечиваем качественными и инновационными материалами: эфиром целлюлозы и крахмала, ПВС, латексным порошком и гидроксиэтилцеллюлозой. Надежные своевременные поставки для различных сфер применения.",http://www.hanpeony.ru,tradexru@gmail.com,+7 (927) 206-3777,https://icatalog.expocentr.ru/ru/exhibitions/190a3ab6-1050-11f0-80ce-a0d3c1fab97f/exhibitors/378887?&stand=4B090,378887,"Обеспечиваем качественными и инновационными материалами: эфиром целлюлозы и крахмала, ПВС, латексным порошком и гидроксиэтилцеллюлозой. Надежные своевременные поставки для различных сфер применения. | Сырье и вспомогательные материалы для производства лакокрасочных материалов и покрытий; Сырье и вспомогательные материалы для производства адгезивов",maybe,review,mixed: product terms present but raw_material supplier evidence needs QA review,лакокрасочных материалов; покрытий; адгезив,raw_material; сырье; вспомогательные материалы,ok,,2026-07-14T19:28:58Z,expocentr-icatalog-v1.1.0
ИНТЕРЛАКОКРАСКА-2026,"ФАБ ЯШАМ, ООО",Россия,Москва,"Россия, 109129, г. Москва, 8-я ул. Текстильщиков, д. 13, корп. 2",2B100,ВАВИЛОВ,Лакокрасочные материалы промышленного назначения; Строительные лакокрасочные материалы (фасадные и для внутренних работ),"ООО «ФАБ ЯШАМ» занимается продажей строительных и промышленных красок и сопутствующих товаров. Эксклюзивно на заказ компаний. Товары производятся в Турции и Азербайджане по немецкой технологии. Компания заинтересована в сотрудничестве с корпоративными клиентами и компаниями, желающими представлять нашу продукцию.",http://fab-yasham.ru,fab.yasham@gmail.com,+7 (968) 759-0910,https://icatalog.expocentr.ru/ru/exhibitions/190a3ab6-1050-11f0-80ce-a0d3c1fab97f/exhibitors/378698?&stand=2B100,378698,"ООО «ФАБ ЯШАМ» занимается продажей строительных и промышленных красок и сопутствующих товаров. Эксклюзивно на заказ компаний. Товары производятся в Турции и Азербайджане по немецкой технологии. Компания заинтересована в сотрудничестве с корпоративными клиентами и компаниями, желающими представлять нашу продукцию. | Лакокрасочные материалы промышленного назначения; Строительные лакокрасочные материалы (фасадные и для внутренних работ)",maybe,review,product_terms_without_manufacturer_signal: manual review,лакокрасочные материалы,,ok,,2026-07-14T19:28:58Z,expocentr-icatalog-v1.1.0
ИНТЕРЛАКОКРАСКА-2026,"ФАСАДКОЛОР, ООО",Россия,Ростов-на-Дону,"Россия, 344064, г. Ростов-на-Дону, Тракторная ул., д. 52в, оф. 1",4B041,ЧАЯНОВ,Порошковые покрытия; Лакокрасочные материалы промышленного назначения,"ООО «ФАСАДКОЛОР» предлагает порошковые краски. Сертификаты ISO 9001, ISO 14001, ISO 45001, QUALICOAT.",http://www.fasad-color.com,director@fasad-color.com,+7 (950) 866-8080,https://icatalog.expocentr.ru/ru/exhibitions/190a3ab6-1050-11f0-80ce-a0d3c1fab97f/exhibitors/378239?&stand=4B041,378239,"ООО «ФАСАДКОЛОР» предлагает порошковые краски. Сертификаты ISO 9001, ISO 14001, ISO 45001, QUALICOAT. | Порошковые покрытия; Лакокрасочные материалы промышленного назначения",maybe,review,product_terms_without_manufacturer_signal: manual review,лакокрасочные материалы; порошковые покрытия; краски; покрытия,,ok,,2026-07-14T19:28:58Z,expocentr-icatalog-v1.1.0
ИНТЕРЛАКОКРАСКА-2026,ФИНКРАСКА М,Россия,Московская обл.,"Россия, 142505, Московская обл., г. Павловский Посад, Мишутинское ш., д. 66г, стр. 1",4D100,ЧАЯНОВ,"Антикоррозионные лакокрасочные материалы, защитные покрытия; Лакокрасочные материалы промышленного назначения; Лакокрасочные материалы для защиты и окраски древесины","Поставка промышленных лакокрасочных-материалов (ЛКМ) для защиты дерева, металла, бетона TEKNOVA, KUPSA (Испания), PRIMATEK, FINNCOLOR INDUSTRIAL (бывшая TIKKURILA) на водной, алкидной, эпоксидной и полиуретановой основе. Поставляемые ЛКМ быстро сохнут и обеспечивают долговременную защиту окрашиваемых поверхностей, подтвержденную соответствующими заключениями. Любой цвет по каталогам RAL, NCS и др. Осуществляем техническую поддержку.",http://finkraska.ru,prom@finkraska.ru,+7 (495) 980-8779,https://icatalog.expocentr.ru/ru/exhibitions/190a3ab6-1050-11f0-80ce-a0d3c1fab97f/exhibitors/378266?&stand=4D100,378266,"Поставка промышленных лакокрасочных-материалов (ЛКМ) для защиты дерева, металла, бетона TEKNOVA, KUPSA (Испания), PRIMATEK, FINNCOLOR INDUSTRIAL (бывшая TIKKURILA) на водной, алкидной, эпоксидной и полиуретановой основе. Поставляемые ЛКМ быстро сохнут и обеспечивают долговременную защиту окрашиваемых поверхностей, подтвержденную соответствующими заключениями. Любой цвет по каталогам RAL, NCS и др. Осуществляем техническую поддержку. | Антикоррозионные лакокрасочные материалы, защитные покрытия; Лакокрасочные материалы промышленного назначения; Лакокрасочные материалы для защиты и окраски древесины",maybe,review,mixed: product terms present but raw_material supplier evidence needs QA review,лакокрасочные материалы; антикоррозионные; краски; покрытия,raw_material; эпоксид,ok,,2026-07-14T19:28:58Z,expocentr-icatalog-v1.1.0
ИНТЕРЛАКОКРАСКА-2026,ФИННДИСП,Россия,Московская обл.,"Россия, 140108, Московская обл., г. Раменское, ул. Михалевича, д. 69а",4E050,ЧАЯНОВ,Сырье и вспомогательные материалы для производства лакокрасочных материалов и покрытий; Сырье и вспомогательные материалы для производства адгезивов,"Завод «ФИННДИСП» — производитель современных акриловых дисперсий. Предприятие, организованное по международным стандартам безопасности и качества с использованием ведущих мировых химических технологий. Работает в Раменском с 2008 года. Производственные мощности позволяют выпускать до 20 тыс. тонн полимерных дисперсий для лакокрасочной промышленности. Собственный научно-исследовательский центр включает в себя 3 лаборатории: ОТК, лабораторию синтеза дисперсий, аппликационную лабораторию.",https://finndisp.ru,dispersion@finndisp.ru,+7 (495) 201-0777,https://icatalog.expocentr.ru/ru/exhibitions/190a3ab6-1050-11f0-80ce-a0d3c1fab97f/exhibitors/379453?&stand=4E050,379453,"Завод «ФИННДИСП» — производитель современных акриловых дисперсий. Предприятие, организованное по международным стандартам безопасности и качества с использованием ведущих мировых химических технологий. Работает в Раменском с 2008 года. Производственные мощности позволяют выпускать до 20 тыс. тонн полимерных дисперсий для лакокрасочной промышленности. Собственный научно-исследовательский центр включает в себя 3 лаборатории: ОТК, лабораторию синтеза дисперсий, аппликационную лабораторию. | Сырье и вспомогательные материалы для производства лакокрасочных материалов и покрытий; Сырье и вспомогательные материалы для производства адгезивов",maybe,review,mixed: product terms present but raw_material supplier evidence needs QA review,лакокрасочных материалов; покрытий; адгезив,raw_material; сырье; вспомогательные материалы,ok,,2026-07-14T19:28:58Z,expocentr-icatalog-v1.1.0
ИНТЕРЛАКОКРАСКА-2026,"ФЛИНТ, ООО",Россия,Москва,"Россия, 121467, г. Москва, Рублёвское ш., д. 91, корп. 1",4E025,ЧАЯНОВ,"Клеи и герметики; Лакокрасочные материалы со специальными свойствами; Антикоррозионные лакокрасочные материалы, защитные покрытия; Лакокрасочные материалы промышленного назначения; Автомобильные лакокрасочные материалы",ООО «Флинт» является дистрибьютором в России лакокрасочных материалов фирмы Donglai Coatings Technology и антикоррозионных покрытий фирмы HLS Coatings.,,flint.product@gmail.com,,https://icatalog.expocentr.ru/ru/exhibitions/190a3ab6-1050-11f0-80ce-a0d3c1fab97f/exhibitors/378886?&stand=4E025,378886,"ООО «Флинт» является дистрибьютором в России лакокрасочных материалов фирмы Donglai Coatings Technology и антикоррозионных покрытий фирмы HLS Coatings. | Клеи и герметики; Лакокрасочные материалы со специальными свойствами; Антикоррозионные лакокрасочные материалы, защитные покрытия; Лакокрасочные материалы промышленного назначения; Автомобильные лакокрасочные материалы",maybe,review,product_terms_without_manufacturer_signal: manual review,лакокрасочных материалов; лакокрасочные материалы; антикоррозионные; покрытия; покрытий; клеи; герметик,,ok,,2026-07-14T19:28:58Z,expocentr-icatalog-v1.1.0
ИНТЕРЛАКОКРАСКА-2026,"ФОРМУЛА УСПЕХА, ООО",Россия,Москва,"Россия, 125315, г. Москва, вн. тер. г. м. о. Аэропорт, ул. Усиевича, д. 24, пом. 2, комн. 2, 6",4D085,ЧАЯНОВ,Сырье и вспомогательные материалы для производства лакокрасочных материалов и покрытий; Материалы для обработки поверхности,"Поставки химического сырья из Китая. Смолы (акриловые для 1К и 2К, меламиноформальдегидные, насыщенные полиэфирные, альдегидные), матирующие добавки, пигменты и красители.",http://www.actischemicals.ru,hello@actischemicals.ru,+7 (495) 790-0373,https://icatalog.expocentr.ru/ru/exhibitions/190a3ab6-1050-11f0-80ce-a0d3c1fab97f/exhibitors/378422?&stand=4D085,378422,"Поставки химического сырья из Китая. Смолы (акриловые для 1К и 2К, меламиноформальдегидные, насыщенные полиэфирные, альдегидные), матирующие добавки, пигменты и красители. | Сырье и вспомогательные материалы для производства лакокрасочных материалов и покрытий; Материалы для обработки поверхности",maybe,review,mixed: product terms present but raw_material supplier evidence needs QA review,лакокрасочных материалов; покрытий,raw_material; сырье; вспомогательные материалы; смол; добавк; пигмент; полиэфир,ok,,2026-07-14T19:28:58Z,expocentr-icatalog-v1.1.0
ИНТЕРЛАКОКРАСКА-2026,"ФОРПЛАСТ ТРЕЙДИНГ, ООО",Россия,Пермь,"Россия, 614095, г. Пермь, ул. Мира, д. 45а",4A080,ЧАЯНОВ,Сырье и вспомогательные материалы для производства лакокрасочных материалов и покрытий,"Отечественный производитель восковых добавок для ЛКМ. Syntowax и Plastema: микронизированные воски, эмульсии и дисперсии. Делаем акцент на индивидуальные разработки для производств.",http://www.forplastwax.ru,office@ftchem.ru,+7 (342) 225-0013,https://icatalog.expocentr.ru/ru/exhibitions/190a3ab6-1050-11f0-80ce-a0d3c1fab97f/exhibitors/378257?&stand=4A080,378257,"Отечественный производитель восковых добавок для ЛКМ. Syntowax и Plastema: микронизированные воски, эмульсии и дисперсии. Делаем акцент на индивидуальные разработки для производств. | Сырье и вспомогательные материалы для производства лакокрасочных материалов и покрытий",maybe,review,mixed: product terms present but raw_material supplier evidence needs QA review,лакокрасочных материалов; покрытий,raw_material; сырье; вспомогательные материалы,ok,,2026-07-14T19:28:58Z,expocentr-icatalog-v1.1.0
ИНТЕРЛАКОКРАСКА-2026,"ФРЭЙМ, ДОБАВКИ В БЕТОН И ПИГМЕНТЫ",Россия,Смоленская обл.,"Россия, 214525, Смоленская обл., г. Смоленск, ул. Универсальная, д. 16, оф. 6",4B110,ЧАЯНОВ,"Другие виды лакокрасочных материалов; Антикоррозионные лакокрасочные материалы, защитные покрытия","Специализируемся на дистрибьюции широкой линейки красителей: китайских пигментов под собственной маркой FREM, железоокисных пигментов (Испания), пигментов (Германия), диоксида титана. Фосфат цинка.",http://www.frame-corp.ru,director@frame-corp.ru,+7 (499) 677-5787,https://icatalog.expocentr.ru/ru/exhibitions/190a3ab6-1050-11f0-80ce-a0d3c1fab97f/exhibitors/378298?&stand=4B110,378298,"Специализируемся на дистрибьюции широкой линейки красителей: китайских пигментов под собственной маркой FREM, железоокисных пигментов (Испания), пигментов (Германия), диоксида титана. Фосфат цинка. | Другие виды лакокрасочных материалов; Антикоррозионные лакокрасочные материалы, защитные покрытия",maybe,review,mixed: product terms present but raw_material supplier evidence needs QA review,лакокрасочных материалов; лакокрасочные материалы; антикоррозионные; покрытия,raw_material; добавк; пигмент,ok,,2026-07-14T19:28:58Z,expocentr-icatalog-v1.1.0
ИНТЕРЛАКОКРАСКА-2026,"ФРЭЙМ, ЗАВОД ДОБАВОК И СМАЗОК, ЗАО",Республика Беларусь,Минская обл.,"Республика Беларусь, 222731, Минская обл., Дзержинский р-н, Станьковский с/с, д. 100, вблизи д. Станьково",4B110,ЧАЯНОВ,"Другие виды лакокрасочных материалов; Антикоррозионные лакокрасочные материалы, защитные покрытия","Специализируемся на дистрибьюции широкой линейки красителей: китайских пигментов под собственной маркой FREM, железоокисных пигментов (Испания), пигментов (Германия), диоксида титана. Фосфат цинка.",http://frem.by,info@frem.by,+375 17 388-7387,https://icatalog.expocentr.ru/ru/exhibitions/190a3ab6-1050-11f0-80ce-a0d3c1fab97f/exhibitors/379989?&stand=4B110,379989,"Специализируемся на дистрибьюции широкой линейки красителей: китайских пигментов под собственной маркой FREM, железоокисных пигментов (Испания), пигментов (Германия), диоксида титана. Фосфат цинка. | Другие виды лакокрасочных материалов; Антикоррозионные лакокрасочные материалы, защитные покрытия",maybe,review,mixed: product terms present but raw_material supplier evidence needs QA review,лакокрасочных материалов; лакокрасочные материалы; антикоррозионные; покрытия,raw_material; пигмент,ok,,2026-07-14T19:28:58Z,expocentr-icatalog-v1.1.0
ИНТЕРЛАКОКРАСКА-2026,"ХИМАЛЬЯНС, ГК, ООО",Россия,Нижний Новгород,"Россия, 603073, г. Нижний Новгород, ул. Композиторская, д. 18, оф. 26",4E095,ЧАЯНОВ,Сырье и вспомогательные материалы для производства лакокрасочных материалов и покрытий; Сырье и вспомогательные материалы для производства адгезивов,"Группа компаний «ХимАльянс» — современное многопрофильное предприятие, активно развивающееся на рынке поставок химического сырья на территории РФ и стран СНГ.",http://www.himalyans.ru,info@himalyans.ru,+7 (831) 337-0535,https://icatalog.expocentr.ru/ru/exhibitions/190a3ab6-1050-11f0-80ce-a0d3c1fab97f/exhibitors/378267?&stand=4E095,378267,"Группа компаний «ХимАльянс» — современное многопрофильное предприятие, активно развивающееся на рынке поставок химического сырья на территории РФ и стран СНГ. | Сырье и вспомогательные материалы для производства лакокрасочных материалов и покрытий; Сырье и вспомогательные материалы для производства адгезивов",maybe,review,mixed: product terms present but raw_material supplier evidence needs QA review,лакокрасочных материалов; покрытий; адгезив,raw_material; сырье; вспомогательные материалы,ok,,2026-07-14T19:28:58Z,expocentr-icatalog-v1.1.0
ИНТЕРЛАКОКРАСКА-2026,ХИМБЕРГ,Россия,,Россия,2D095,ВАВИЛОВ,,,,,,https://icatalog.expocentr.ru/ru/exhibitions/190a3ab6-1050-11f0-80ce-a0d3c1fab97f/exhibitors/380780?&stand=2D095,380780,,maybe,review,insufficient_public_evidence: manual review,,,partial_missing_fields,evidence_snippet,2026-07-14T19:28:58Z,expocentr-icatalog-v1.1.0
ИНТЕРЛАКОКРАСКА-2026,"ХИМДОР, ООО",Россия,Нижегородская обл.,"Россия, 606000, Нижегородская обл., г. Дзержинск, Восточное ш., д. 7ж, оф. 18",4A044,ЧАЯНОВ,Сырье и вспомогательные материалы для производства лакокрасочных материалов и покрытий; Сырье и вспомогательные материалы для производства адгезивов,"Собственное производство лесохимической продукции: ГЭК, ПЭК, канифоли сосновой, талловой, модифицированной, промышленной химии.",,Ximdor@mail.ru,+7 (910) 101-3597,https://icatalog.expocentr.ru/ru/exhibitions/190a3ab6-1050-11f0-80ce-a0d3c1fab97f/exhibitors/380734?&stand=4A044,380734,"Собственное производство лесохимической продукции: ГЭК, ПЭК, канифоли сосновой, талловой, модифицированной, промышленной химии. | Сырье и вспомогательные материалы для производства лакокрасочных материалов и покрытий; Сырье и вспомогательные материалы для производства адгезивов",maybe,review,mixed: product terms present but raw_material supplier evidence needs QA review,лакокрасочных материалов; покрытий; адгезив,raw_material; сырье; вспомогательные материалы,ok,,2026-07-14T19:28:58Z,expocentr-icatalog-v1.1.0
ИНТЕРЛАКОКРАСКА-2026,ХИМПЭК,Россия,Москва,"Россия, 125424, г. Москва, Волоколамское ш., д. 75, корп. 1",4F010,ЧАЯНОВ,"Сырье и вспомогательные материалы для производства лакокрасочных материалов и покрытий; Тара и упаковка, фасовка",«ХИМПЭК» — мировой лидер в области производства промышленной упаковки для сыпучих грузов и надежный поставщик химического сырья для всех отраслей промышленности.,http://chempack.ru,chempack@chempack.ru,+7 (495) 234-3799,https://icatalog.expocentr.ru/ru/exhibitions/190a3ab6-1050-11f0-80ce-a0d3c1fab97f/exhibitors/378419?&stand=4F010,378419,"«ХИМПЭК» — мировой лидер в области производства промышленной упаковки для сыпучих грузов и надежный поставщик химического сырья для всех отраслей промышленности. | Сырье и вспомогательные материалы для производства лакокрасочных материалов и покрытий; Тара и упаковка, фасовка",maybe,review,mixed: product terms present but raw_material supplier evidence needs QA review,лакокрасочных материалов; покрытий,raw_material; сырье; вспомогательные материалы,ok,,2026-07-14T19:28:58Z,expocentr-icatalog-v1.1.0
ИНТЕРЛАКОКРАСКА-2026,"ХИМСВЕТ, НПК",Россия,Санкт-Петербург,"Россия, 197350, г. Санкт-Петербург, ул. Лётчика Акаева, д. 6, корп. 4, стр. 1",4D125,ЧАЯНОВ,,"НПК «ХИМСВЕТ» является надежным партнером для производителей лакокрасочных материалов, сухих строительных смесей, предприятий полимерной, стекольной, керамической и прочих отраслей промышленности.",http://www.himsvet.ru,himsvet@himsvet.ru,+7 (812) 445-4009,https://icatalog.expocentr.ru/ru/exhibitions/190a3ab6-1050-11f0-80ce-a0d3c1fab97f/exhibitors/378254?&stand=4D125,378254,"НПК «ХИМСВЕТ» является надежным партнером для производителей лакокрасочных материалов, сухих строительных смесей, предприятий полимерной, стекольной, керамической и прочих отраслей промышленности.",yes,keep,product_manufacturer: likely packaged coating/chemical product target,лакокрасочных материалов,,ok,,2026-07-14T19:28:58Z,expocentr-icatalog-v1.1.0
ИНТЕРЛАКОКРАСКА-2026,ХИМСЕРВИС-М,Россия,Москва,"Россия, 125459, г. Москва, ул. Туристская, д. 14, кв. 13",2C105,ВАВИЛОВ,Сырье и вспомогательные материалы для производства лакокрасочных материалов и покрытий; Строительные лакокрасочные материалы (фасадные и для внутренних работ),"ООО «ХИМСЕРВИС-М» является эксклюзивным поставщиком финских дисперсий, а также добавок для производства ЛКМ: диспергаторов, коалесцентов, загустителей, пеногасителей, биоцидов, МЭГ, натрия и др.",http://www.himserwis.ru,,,https://icatalog.expocentr.ru/ru/exhibitions/190a3ab6-1050-11f0-80ce-a0d3c1fab97f/exhibitors/378602?&stand=2C105,378602,"ООО «ХИМСЕРВИС-М» является эксклюзивным поставщиком финских дисперсий, а также добавок для производства ЛКМ: диспергаторов, коалесцентов, загустителей, пеногасителей, биоцидов, МЭГ, натрия и др. | Сырье и вспомогательные материалы для производства лакокрасочных материалов и покрытий; Строительные лакокрасочные материалы (фасадные и для внутренних работ)",maybe,review,mixed: product terms present but raw_material supplier evidence needs QA review,лакокрасочных материалов; лакокрасочные материалы; покрытий,raw_material; сырье; вспомогательные материалы; диспергатор; пеногасител,ok,,2026-07-14T19:28:58Z,expocentr-icatalog-v1.1.0
ИНТЕРЛАКОКРАСКА-2026,"ХИМСТРОЙКОМПЛЕКТ, ООО",Россия,Челябинская обл.,"Россия, 456867, Челябинская обл., г. Кыштым, пос. Увильды, ул. Набережная, д. 8, кв. 2",2F070,ВАВИЛОВ,Сырье и вспомогательные материалы для производства лакокрасочных материалов и покрытий; Сырье и вспомогательные материалы для производства адгезивов,"Эксклюзивный дистрибьютор эфиров целлюлозы Shijiazhuang Lvyuan Cellulose. Также предлагаем РПП, ПКБ, винную кислоту, эфиры крахмала, карбоновое стекловолокно, стекловолокно для фибробетона.",http://www.hsk-msk.ru,ahk@hsk.msk.ru,+7 (925) 445-7356,https://icatalog.expocentr.ru/ru/exhibitions/190a3ab6-1050-11f0-80ce-a0d3c1fab97f/exhibitors/379640?&stand=2F070,379640,"Эксклюзивный дистрибьютор эфиров целлюлозы Shijiazhuang Lvyuan Cellulose. Также предлагаем РПП, ПКБ, винную кислоту, эфиры крахмала, карбоновое стекловолокно, стекловолокно для фибробетона. | Сырье и вспомогательные материалы для производства лакокрасочных материалов и покрытий; Сырье и вспомогательные материалы для производства адгезивов",maybe,review,mixed: product terms present but raw_material supplier evidence needs QA review,лакокрасочных материалов; покрытий; адгезив,raw_material; сырье; вспомогательные материалы,ok,,2026-07-14T19:28:58Z,expocentr-icatalog-v1.1.0
ИНТЕРЛАКОКРАСКА-2026,ХОЛЛИДЕЙ ПИГМЕНТС,Россия,Санкт-Петербург,"Россия, 196084, г. Санкт-Петербург, ул. Киевская, д. 6, корп. 1, литера Б, пом. 20Н",4C045,ЧАЯНОВ,Сырье и вспомогательные материалы для производства лакокрасочных материалов и покрытий,"«Холлидей Пигментс» поставляет в Россию и СНГ антикоррозионные добавки и пигменты, перламутровые, флуоресцентные, органические и неорганические цветные пигменты из Индии, Китая, США, Европы.",http://www.holliday-pigments.ru,info@holliday-pigments.ru,+7 (812) 777-7334,https://icatalog.expocentr.ru/ru/exhibitions/190a3ab6-1050-11f0-80ce-a0d3c1fab97f/exhibitors/378249?&stand=4C045,378249,"«Холлидей Пигментс» поставляет в Россию и СНГ антикоррозионные добавки и пигменты, перламутровые, флуоресцентные, органические и неорганические цветные пигменты из Индии, Китая, США, Европы. | Сырье и вспомогательные материалы для производства лакокрасочных материалов и покрытий",maybe,review,mixed: product terms present but raw_material supplier evidence needs QA review,лакокрасочных материалов; антикоррозионные; покрытий,raw_material; сырье; вспомогательные материалы; добавк; пигмент,ok,,2026-07-14T19:28:58Z,expocentr-icatalog-v1.1.0
ИНТЕРЛАКОКРАСКА-2026,"ХОМА, КОМПАНИЯ, ООО",Россия,Нижегородская обл.,"Россия, 606000, Нижегородская обл., г. Дзержинск, Игумновское ш., д. 9т, этаж 1, пом. 31",2E070,ВАВИЛОВ,Сырье и вспомогательные материалы для производства лакокрасочных материалов и покрытий; Сырье и вспомогательные материалы для производства адгезивов,"Российский разработчик и производитель полимерных дисперсий и аддитивов. novopol® и homacryl® – акриловые и стирол-акриловые дисперсии, загустители, диспергаторы и смачиватели для ЛКМ.",http://www.homa.ru,zakaz@homa.ru,+7 (495) 781-6682,https://icatalog.expocentr.ru/ru/exhibitions/190a3ab6-1050-11f0-80ce-a0d3c1fab97f/exhibitors/378413?&stand=2E070,378413,"Российский разработчик и производитель полимерных дисперсий и аддитивов. novopol® и homacryl® – акриловые и стирол-акриловые дисперсии, загустители, диспергаторы и смачиватели для ЛКМ. | Сырье и вспомогательные материалы для производства лакокрасочных материалов и покрытий; Сырье и вспомогательные материалы для производства адгезивов",maybe,review,mixed: product terms present but raw_material supplier evidence needs QA review,лакокрасочных материалов; покрытий; адгезив,raw_material; сырье; вспомогательные материалы; диспергатор,ok,,2026-07-14T19:28:58Z,expocentr-icatalog-v1.1.0
ИНТЕРЛАКОКРАСКА-2026,"ЦВЕТ, ОАО",Россия,Костромская обл.,"Россия, 156019, Костромская обл., г. Кострома, ул. Локомотивная, д. 1",2D090,ВАВИЛОВ,Измельчители и смесители; Диссольверы,Производство емкостного оборудования.,http://www.cwet.ru,info@cwet.ru,+7 (4942) 778-203,https://icatalog.expocentr.ru/ru/exhibitions/190a3ab6-1050-11f0-80ce-a0d3c1fab97f/exhibitors/378275?&stand=2D090,378275,Производство емкостного оборудования. | Измельчители и смесители; Диссольверы,no,exclude,equipment_service: poor fit pure equipment/logistics/service supplier,,equipment_service; смесител,ok,,2026-07-14T19:28:58Z,expocentr-icatalog-v1.1.0
ИНТЕРЛАКОКРАСКА-2026,ЦЕНТР ВЗАИМОДЕЙСТВИЯ С ОТРАСЛЕВЫМИ ОРГАНИЗАЦИЯМИ,Россия,,Россия,"2A095, 4A048, 4A110",ВАВИЛОВ,,,,,,https://icatalog.expocentr.ru/ru/exhibitions/190a3ab6-1050-11f0-80ce-a0d3c1fab97f/exhibitors/380781?&stand=2A095,380781,,maybe,review,insufficient_public_evidence: manual review,,,partial_missing_fields,evidence_snippet,2026-07-14T19:28:58Z,expocentr-icatalog-v1.1.0
ИНТЕРЛАКОКРАСКА-2026,"ЦЕНТР КОМПЛЕКТАЦИИ ОБОРУДОВАНИЕМ, ООО",Россия,Московская обл.,"Россия, 140090, Московская обл., г. Дзержинский, ул. Энергетиков, д. 24, оф. 238",2B050,ВАВИЛОВ,Оборудование для производства лакокрасочных материалов и получения покрытий; Лабораторное оборудование,"Подбор, прямые поставки, сервисное обслуживание диспергирующего, фармацевтического, компрессорного оборудования, электрических и мембранно-пневматических насосов от проверенных заводов-производителей.",https://aec-profi.ru,info@aec-profi.ru,+7 (985) 728-4838,https://icatalog.expocentr.ru/ru/exhibitions/190a3ab6-1050-11f0-80ce-a0d3c1fab97f/exhibitors/378396?&stand=2B050,378396,"Подбор, прямые поставки, сервисное обслуживание диспергирующего, фармацевтического, компрессорного оборудования, электрических и мембранно-пневматических насосов от проверенных заводов-производителей. | Оборудование для производства лакокрасочных материалов и получения покрытий; Лабораторное оборудование",no,exclude,equipment_service: poor fit pure equipment/logistics/service supplier,лакокрасочных материалов; покрытий,equipment_service; оборудование; насос; сервисное обслуживание,ok,,2026-07-14T19:28:58Z,expocentr-icatalog-v1.1.0
ИНТЕРЛАКОКРАСКА-2026,"ЧАЙНА КЕМИКЛ, ООО",Россия,Ростовская обл.,"Россия, 344018,, Ростовская обл., г. Ростов-на-Дону, ул. Текучева, д. 234, пом. 1203",4E110,ЧАЯНОВ,Оборудование для производства лакокрасочных материалов и получения покрытий; Новые технологии и научные разработки,ООО «Чайна Кемикл» поставляет высококачественное оборудование от ведущих производителей Китая для лакокрасочной промышленности и химической отрасли.,http://www.dragon-cce.ru,koshelev@dragon-cce.ru,+7 (863) 200-7419,https://icatalog.expocentr.ru/ru/exhibitions/190a3ab6-1050-11f0-80ce-a0d3c1fab97f/exhibitors/378428?&stand=4E110,378428,ООО «Чайна Кемикл» поставляет высококачественное оборудование от ведущих производителей Китая для лакокрасочной промышленности и химической отрасли. | Оборудование для производства лакокрасочных материалов и получения покрытий; Новые технологии и научные разработки,maybe,review,mixed: product terms present but equipment/service supplier evidence needs QA review,лакокрасочных материалов; покрытий,equipment_service; оборудование,ok,,2026-07-14T19:28:58Z,expocentr-icatalog-v1.1.0
ИНТЕРЛАКОКРАСКА-2026,"ЭВА, ООО",Россия,Москва,"Россия, 123112, г. Москва, Пресненская наб., д. 12, этаж 12, оф. В, башня «Федерация» (Восток)",2E175,ВАВИЛОВ,Сырье и вспомогательные материалы для производства лакокрасочных материалов и покрытий,"ООО «ЭВА» — компания-производитель ингредиентов для агрохимии, косметики, бытовой и индустриальной химии с высоким уровнем технической поддержки и клиентского сервиса. Входит в холдинг КССС GROUP.",http://www.eva-si.ru,info@eva-si.ru,+7 (495) 744-3944,https://icatalog.expocentr.ru/ru/exhibitions/190a3ab6-1050-11f0-80ce-a0d3c1fab97f/exhibitors/378245?&stand=2E175,378245,"ООО «ЭВА» — компания-производитель ингредиентов для агрохимии, косметики, бытовой и индустриальной химии с высоким уровнем технической поддержки и клиентского сервиса. Входит в холдинг КССС GROUP. | Сырье и вспомогательные материалы для производства лакокрасочных материалов и покрытий",maybe,review,mixed: product terms present but raw_material supplier evidence needs QA review,лакокрасочных материалов; покрытий,raw_material; сырье; вспомогательные материалы,ok,,2026-07-14T19:28:58Z,expocentr-icatalog-v1.1.0
ИНТЕРЛАКОКРАСКА-2026,"ЭВЕРЕСТ, ООО",Россия,Свердловская обл.,"Россия, 623388, Свердловская обл., г. Полевской, ул. Трубников, д. 10, оф. 108",4B060,ЧАЯНОВ,Сырье и вспомогательные материалы для производства лакокрасочных материалов и покрытий; Сырье и вспомогательные материалы для производства адгезивов,"Компания «Эверест» входит в число крупнейших производителей мраморных наполнителей (крошки мраморной, микрокальцита, минерального порошка) для строительных и лакокрасочных материалов.",http://mramors.ru,info@everestmramor.ru,8 800 555-2952,https://icatalog.expocentr.ru/ru/exhibitions/190a3ab6-1050-11f0-80ce-a0d3c1fab97f/exhibitors/378268?&stand=4B060,378268,"Компания «Эверест» входит в число крупнейших производителей мраморных наполнителей (крошки мраморной, микрокальцита, минерального порошка) для строительных и лакокрасочных материалов. | Сырье и вспомогательные материалы для производства лакокрасочных материалов и покрытий; Сырье и вспомогательные материалы для производства адгезивов",maybe,review,mixed: product terms present but raw_material supplier evidence needs QA review,лакокрасочных материалов; покрытий; адгезив,raw_material; сырье; вспомогательные материалы; наполнител,ok,,2026-07-14T19:28:58Z,expocentr-icatalog-v1.1.0
ИНТЕРЛАКОКРАСКА-2026,"ЭВЭРТАЙМС НЬЮ МАТЕРИАЛС, ООО",Россия,Московская обл.,"Россия, 140743, Московская обл., г. Шатура, пос. Пустоши, ул. Центральная, д. 1, оф. 1",2F120,ВАВИЛОВ,Сырье и вспомогательные материалы для производства лакокрасочных материалов и покрытий,"Мы осуществляем производство порошковых красок для изделий из металла и любых металлических поверхностей. Наше предприятие постоянно развивается, расширяя производственные мощности.",http://www.evertimes.pro,office@evertimes.pro,+7 (495) 909-2008,https://icatalog.expocentr.ru/ru/exhibitions/190a3ab6-1050-11f0-80ce-a0d3c1fab97f/exhibitors/379991?&stand=2F120,379991,"Мы осуществляем производство порошковых красок для изделий из металла и любых металлических поверхностей. Наше предприятие постоянно развивается, расширяя производственные мощности. | Сырье и вспомогательные материалы для производства лакокрасочных материалов и покрытий",maybe,review,mixed: product terms present but raw_material supplier evidence needs QA review,лакокрасочных материалов; покрытий,raw_material; сырье; вспомогательные материалы,ok,,2026-07-14T19:28:58Z,expocentr-icatalog-v1.1.0
ИНТЕРЛАКОКРАСКА-2026,"ЭЛАСТОМЕРИК СИСТЕМС, ООО",Россия,Липецк,"Россия, г. Липецк, Лебедянское ш., д. 3а, пом. 27, 28",2C055,ВАВИЛОВ,Клеи и герметики; Лакокрасочные материалы промышленного назначения,"Российский производитель строительной химии и промышленных адгезивов. Гидроизоляционные мастики, грунтовки, акриловые краски, антикоррозийные и огнезащитные покрытия, эпоксидные полы, клеевые составы.",http://www.elastomeric.ru,info@elastomeric.ru,8 800 775-6105,https://icatalog.expocentr.ru/ru/exhibitions/190a3ab6-1050-11f0-80ce-a0d3c1fab97f/exhibitors/378297?&stand=2C055,378297,"Российский производитель строительной химии и промышленных адгезивов. Гидроизоляционные мастики, грунтовки, акриловые краски, антикоррозийные и огнезащитные покрытия, эпоксидные полы, клеевые составы. | Клеи и герметики; Лакокрасочные материалы промышленного назначения",maybe,review,mixed: product terms present but raw_material supplier evidence needs QA review,лакокрасочные материалы; краски; покрытия; клеи; адгезив; герметик,raw_material; эпоксид,ok,,2026-07-14T19:28:58Z,expocentr-icatalog-v1.1.0
ИНТЕРЛАКОКРАСКА-2026,ЮВМИЛК,Россия,Воронежская обл.,"Россия, 394070, Воронежская обл., г. Воронеж, ул. Тепличная, д. 26/8, оф. 1",4E047,ЧАЯНОВ,Системы очистки и переработки отходов; Новые технологии и научные разработки,"Российское производство фильтровального оборудования для очистки сырья, ингредиентов, готовой продукции на сельскохозяйственных, пищевых перерабатывающих заводах и промышленных предприятиях.",http://www.uvmilk.ru,uvmilk@yandex.ru,+7 (473) 234-5372,https://icatalog.expocentr.ru/ru/exhibitions/190a3ab6-1050-11f0-80ce-a0d3c1fab97f/exhibitors/380980?&stand=4E047,380980,"Российское производство фильтровального оборудования для очистки сырья, ингредиентов, готовой продукции на сельскохозяйственных, пищевых перерабатывающих заводах и промышленных предприятиях. | Системы очистки и переработки отходов; Новые технологии и научные разработки",maybe,review,insufficient_public_evidence: manual review,,,ok,,2026-07-14T19:28:58Z,expocentr-icatalog-v1.1.0
ИНТЕРЛАКОКРАСКА-2026,ЮСИДЖИ,Россия,Москва,"Россия, 111141, г. Москва, ул. Перовская, д. 31, пом. 2, комн. 14",4F030,ЧАЯНОВ,Сырье и вспомогательные материалы для производства лакокрасочных материалов и покрытий; Сырье и вспомогательные материалы для производства адгезивов,«ЮСИДЖИ» — комплексный поставщик химического сырья. В этом году мы представляем широкий ассортимент акриловых дисперсий Farovon Maksimum и диоксида титана SUN BANG.,http://www.ucgrus.com,info@ucgrus.com,+7 (495) 956-2873,https://icatalog.expocentr.ru/ru/exhibitions/190a3ab6-1050-11f0-80ce-a0d3c1fab97f/exhibitors/378302?&stand=4F030,378302,«ЮСИДЖИ» — комплексный поставщик химического сырья. В этом году мы представляем широкий ассортимент акриловых дисперсий Farovon Maksimum и диоксида титана SUN BANG. | Сырье и вспомогательные материалы для производства лакокрасочных материалов и покрытий; Сырье и вспомогательные материалы для производства адгезивов,maybe,review,mixed: product terms present but raw_material supplier evidence needs QA review,лакокрасочных материалов; покрытий; адгезив,raw_material; сырье; вспомогательные материалы,ok,,2026-07-14T19:28:58Z,expocentr-icatalog-v1.1.0
ИНТЕРЛАКОКРАСКА-2026,"ЮТГ, ООО",Россия,Санкт-Петербург,"Россия, 198095, г. Санкт-Петербург, ул. Маршала Говорова, д. 35, корп. 4, литера И, пом. 30Н, оф. 712",4E045,ЧАЯНОВ,Сырье и вспомогательные материалы для производства лакокрасочных материалов и покрытий; Сырье и вспомогательные материалы для производства адгезивов; Материалы для обработки поверхности,"С 2015 года компания «ЮТГ» является поставщиком сырья для производства ЛКМ и покрытий, нефтепромысловой химии, удобрений. Мы представляем продукцию международных и отечественных производителей.",http://www.utgrus.com,sales@utgrus.com,+7 (812) 240-4847,https://icatalog.expocentr.ru/ru/exhibitions/190a3ab6-1050-11f0-80ce-a0d3c1fab97f/exhibitors/379211?&stand=4E045,379211,"С 2015 года компания «ЮТГ» является поставщиком сырья для производства ЛКМ и покрытий, нефтепромысловой химии, удобрений. Мы представляем продукцию международных и отечественных производителей. | Сырье и вспомогательные материалы для производства лакокрасочных материалов и покрытий; Сырье и вспомогательные материалы для производства адгезивов; Материалы для обработки поверхности",maybe,review,mixed: product terms present but raw_material supplier evidence needs QA review,лакокрасочных материалов; покрытий; адгезив,raw_material; сырье; вспомогательные материалы,ok,,2026-07-14T19:28:58Z,expocentr-icatalog-v1.1.0
