event_name,event_dates,company_name,company_short_name,products,country,city,address,stand,pavilion,rubrics,product_notes,brands,website,public_email,public_phone,source_url,exhibitor_id,alpha_filter,evidence_snippet,parse_status,missing_fields,scraped_at,parser_version,short_name_check,products_check,qa_notes,signo_status,repeat_reason,matched_crm_email,matched_crm_domain,matched_crm_company,candidate_emails,candidate_top_domains,source_sheet,source_removed_reason,website_email_status,website_email_source_url,website_email_notes,main email,main_email_reason
ПИР Экспо 2026,26–29 октября 2026,SMEG,SMEG,Посудомоечное оборудование; Расстоечные шкафы; Хлебопекарные печи; Пароконвектоматы; Конвекционные печи,Россия / российский рынок,Москва,,"зал 14, стенд 2C18",14,Посудомоечное оборудование; Расстоечные шкафы; Хлебопекарные печи; Пароконвектоматы; Конвекционные печи,"Зонт вытяжной SMEG K510X с пароконденсатором для пароконвектоматов серии SPO с предустановкой для угольных фильтром. — (ШхГхВ) 800x781x251 мм, воздушный поток max 900 м3/час, электропитание 220В, 50 Гц, 0,32 кВт, диаметр воздуховода 150мм, лабиритные фильтры из нерж. стали, автоматическое включение при открытии двери пароконвектомата, 2 скорости: стандартная + интенсивная, сменный угольный фильтр, пароконденсатор (нужен только слив), нержавеющая сталь, для пароконвектоматов моделей SPO.; Пароконвектомат SMEG SPO4L2SDL, 4 уровня для противней 600х400; 5 уровней для гастроемкостей GN1/1, бойлер. — 4 уровня для противней 600х400 / 5 уровней для гастроемкостей GN1/1, ШхГхВ: 790х898х635 мм, 380В, 8 кВт, технология генерации насыщенного пара (100% пар, шаг -5%, бойлер + инжектор), таймер: 1 минута - 12 ч., 12 ч. - 59 минут, бесконечно; термостат: 30-270°C; светодиодная подсветка; сенсорный экран 7"" (русиф.); 512 программ по 8 шагов в каждой; 100 предустановленных рецептов; мультизонный термощуп, управляемый термический режим (ΔT°); регулируемая скорость вентилятора; автоматическая мойка (3 программы).; Подставка SMEG STDH с направляющими для гастроемкостей GN1/1 или противней 600х400 для пароконвектоматов моделей PO/SPO . — 8 уровней для гастроемкостей GN1/1 или противней 600х400 мм; ШхГхВ: 800x750x850 мм; материал - нержавеющая сталь.; Посудомоечная машина SMEG SPD515 серия ОПТИМУМ фронтальной загрузки для кассет 500 х 500 мм со встроенным дозатором моющего средства. — (ШхГхВ) 600х600х822 мм, 220В/380В, 4,5/7,3 кВт, электронный тип управления, панель управления с отображением температуры мойки и ополаскивания, размер кассет (мм) 500х500, производительность макс 60 касс/час, 6 программ (стекло - 70c, стекло -130с, тарелки - 120с, тарелки - 180с, кастрюли - 250с, программа пользователя от 190с до 610с), функция мягкого старта, моющие и ополаскивающие рукава по 2 шт. из нерж. стали марки AISI 304, сливная помпа с 5-ти ступенчатым фильтром (помпа работает в каждом цикле мойки для обеспечения чистой воды на следующий цикл мойки), система ополаскивания с атмосферным бойлером и насосом ополаскивания, двойная теплоизоляция моечной ванны, двойная теплоизоляция дверцы, дозатор ополаскивающих средств, дозатор моющего средства, полезная высота загрузки (мм)400, в комплекте 3 кассеты (PB50D01 для стаканов, PB50G02 c плоским дном и PHO0S02 для столовых приборов).; Фронтальная ПММ SMEG SPD526S серия ПРЕМИУМ для кассет 500х500 мм и кассет 600х500 для мойки GN и EN600х400 со встроенным водоумягчителем. — (ШхГхВ) 600x675x822 мм, 380В/3Ф/8,4 кВт, 220В/1Ф/3,1 кВт (мультифазность), электронный тип управления (сенсорный экран), панель управления с отображением температуры мойки и ополаскивания, производительность макс. 90 кас/час (1800 тарелок/час), 5 противней 600х400 мм одновременно, 10 предустановленных программ мойки с возможностью их изменения (Персонализация всех параметров), Вай-Фай подключение, USB интерфейс для обновления ПО, двойные стенки и дверца, цельнотянутый моющий бак и направляющие, моющие и ополаскивающие рукава из нерж стали марки AISI304, сливная помпа с 5-ти ступенчатым фильтром (помпа работает в каждом цикле мойки для обеспечения чистой воды на следующий цикл мойки), система ополаскивания с атмосферным бойлером и насосом ополаскивания (Термостоп), система изменяемого давления мойки , высота моечной камеры(мм)400, полезная глубина загрузки 605 мм, встроенный водоумягчитель непрерывного цикла, в комплекте 4 кассеты: кассета WB50T03 для 5 противней/GN1/1 (глубиной до 60 мм), PB50D01 для тарелок, PB50G02 для стаканов, PHO0S02 для столовых приборов).; Фронтальная ПММ SMEG SPD522S серия ПРЕМИУМ для мойки 2-х кассет 500х500 мм одновременно со встроенным водоумягчителем. — (ШхГхВ)600x600x822 мм, 380В/3Ф/8,4 кВт, 220В/1Ф/3,1 кВт (мультифазность), электронный тип управления (сенсорный экран), панель управления с отображением температуры мойки и ополаскивания, производительность макс. 90 x 2 кас/час (1620 x 2 тарелок/час), 10 предустановленных программ мойки с возможностью их изменения (Персонализация всех параметров) , Вай-Фай подключение, USB интерфейс для обновления ПО, двойные стенки и дверца, цельнотянутый моющий бак и направляющие, моющие и ополаскивающие рукава из нерж стали марки AISI304, сливная помпа с 5-ти ступенчатым фильтром (помпа работает в каждом цикле мойки для обеспечения чистой воды на следующий цикл мойки), система ополаскивания с атмосферным бойлером и насосом ополаскивания (Термостоп), система изменяемого давления мойки , встроенный водоумягчитель непрерывного цикла, высота рабочего проема моечной камеры(мм) 400, в комплекте 3 кассеты (PB50D01 для тарелок, PB50G02 с плоским дном и 2шт PHO0S01 для столовых приборов).; Стаканомоечная машина SMEG SPG405M электронное управление серия КОМФОРТ с фронтальной загрузкой для кассет 400 х 400 мм. — (ШхГхВ) 440x555x695 мм, 220В, 3,1 кВт, электронное управление, панель управления с отображением температуры мойки и ополаскивания, производительность 40/24/15, 3 программы, сливная помпа с 4-х ступенчатым фильтром (помпа работает в каждом цикле мойки для обеспечения чистой воды на следующий цикл мойки), функция мягкого старта, функция ""Чистая вода"", функция ""Экстра ополаскивание"", система ополаскивания с атмосферным бойлером и насосом ополаскивания, дозаторы моющего и ополаскивающих средств, высота моечной камеры(мм) 300, в комплекте 3 кассеты (PB40G01 для стаканов -2 шт. и PHO0S01 для столовых приборов).; Машина посудомоечная для мойки стекла SMEG SPG425 серия ПРЕМИУМ фронтальной загрузки для кассет 400х400 мм со встроенными дозаторами — (ШхГхВ) 460х600х705 мм, 380В/3Ф/6,6 кВт, 220В/1Ф/3,2 кВт (мультифазность), электронный тип управления (сенсорный экран), панель управления с отображением температуры мойки и ополаскивания, производительность макс. 90 кас/час (720 тарелок/час или 2250 бокалов/час), 10 предустановленных программ мойки с возможностью их изменения (Персонализация всех параметров) , Вай-Фай подключение, USB интерфейс для обновления ПО, двойные стенки и дверца, цельнотянутый моющий бак и направляющие, моющие и ополаскивающие рукава из нерж стали марки AISI304, сливная помпа с 5-ти ступенчатым фильтром (помпа работает в каждом цикле мойки для обеспечения чистой воды на следующий цикл мойки), система ополаскивания с атмосферным бойлером и насосом ополаскивания (Термостоп), система изменяемого давления мойки , высота рабочего проема моечной камеры(мм) 300, в комплекте 3 кассеты (WB40G02 для стаканов, WB40G01 с плоским дном и PHO0S01 для столовых приборов).",SMEG,https://www.smeg-professional.com/ru,professional@smeg.ru,8 800 707 00 29,https://pirexpo.com/exposition/all-exhibitors/1938,1938,include,"SMEG | Посудомоечное оборудование; Расстоечные шкафы; Хлебопекарные печи; Пароконвектоматы; Конвекционные печи | Зонт вытяжной SMEG K510X с пароконденсатором для пароконвектоматов серии SPO с предустановкой для угольных фильтром. — (ШхГхВ) 800x781x251 мм, воздушный поток max 900 м3/час, электропитание 220В, 50 Гц, 0,32 кВт, диаметр воздуховода 150мм, лабиритные фильтры из нерж. стали, автоматическое включение при открытии двери пароконвектомата, 2 скорости: стандартная + интенсивная, сменный угольный фильтр, пароконденсатор (нужен только слив), нержавеющая сталь, для пароконвектоматов моделей SPO.; Пароконвектомат SMEG SPO4L2SDL, 4 уровня для противней 600х400; 5 уровней для гастроемкостей GN1/1, бойлер. — 4 уровня для противней 600х400 / 5 уровней для гастроемкостей GN1/1, ШхГхВ: 790х898х635 мм, 380В, 8 кВт, технология генерации насыщенного пара (100% пар, шаг -5%, бойлер + инжектор), таймер: 1 минута - 12 ч., 12 ч. - 59 минут, бесконечно; термостат: 30-270°C; светодиодная подсветка; сенсорный экран 7"" (русиф.); 512 программ по 8 шагов в каждой; 100 предустановленных рецептов; мультизонный термощуп, управляемый термический режим (ΔT°); регулируемая скорость вентилятора; автоматическая мойка (3 программы).; Подставка SMEG STDH с направляющими для гастроемкостей GN1/1 или противней 600х400 для пароконвектоматов моделей PO/SPO . — 8 уровней для гастроемкостей GN1/1 или противней 600х400 мм; ШхГхВ: 800x750x850 мм; материал - нержавеющая сталь.; Посудомоечная машина SMEG SPD515 серия ОПТИМУМ фронтальной загрузки для кассет 500 х 500 мм со встроенным дозатором моющего средства. ",parsed_official_pirexpo_api,,2026-10-05T08:23:57Z,pir-expo-2026-official-pirexpo-api-signo-v1.0.2-service-product-leakage-remediation,ok,kept: official PIR Russian-market row with HoReCa product/category evidence,product_evidence,repeat,exact email matched current Twenty repeat index,professional@smeg.ru,,СМЕГ Руссия,professional@smeg.ru,smeg-professional.com; smeg.ru,official_pirexpo_brand_list_api,,skipped_official_email_present,,,professional@smeg.ru,official API email
ПИР Экспо 2026,26–29 октября 2026,LA PAVONI,LA PAVONI,Кофемашины; Автоматические; Эспрессо кофемолки; Полуавтоматические,Россия / российский рынок,Москва,,"зал 14, стенд 2C18",14,Кофемашины; Автоматические; Эспрессо кофемолки; Полуавтоматические,"Зонт вытяжной SMEG K510X с пароконденсатором для пароконвектоматов серии SPO с предустановкой для угольных фильтром. — (ШхГхВ) 800x781x251 мм, воздушный поток max 900 м3/час, электропитание 220В, 50 Гц, 0,32 кВт, диаметр воздуховода 150мм, лабиритные фильтры из нерж. стали, автоматическое включение при открытии двери пароконвектомата, 2 скорости: стандартная + интенсивная, сменный угольный фильтр, пароконденсатор (нужен только слив), нержавеющая сталь, для пароконвектоматов моделей SPO.; Пароконвектомат SMEG SPO4L2SDL, 4 уровня для противней 600х400; 5 уровней для гастроемкостей GN1/1, бойлер. — 4 уровня для противней 600х400 / 5 уровней для гастроемкостей GN1/1, ШхГхВ: 790х898х635 мм, 380В, 8 кВт, технология генерации насыщенного пара (100% пар, шаг -5%, бойлер + инжектор), таймер: 1 минута - 12 ч., 12 ч. - 59 минут, бесконечно; термостат: 30-270°C; светодиодная подсветка; сенсорный экран 7"" (русиф.); 512 программ по 8 шагов в каждой; 100 предустановленных рецептов; мультизонный термощуп, управляемый термический режим (ΔT°); регулируемая скорость вентилятора; автоматическая мойка (3 программы).; Подставка SMEG STDH с направляющими для гастроемкостей GN1/1 или противней 600х400 для пароконвектоматов моделей PO/SPO . — 8 уровней для гастроемкостей GN1/1 или противней 600х400 мм; ШхГхВ: 800x750x850 мм; материал - нержавеющая сталь.; Посудомоечная машина SMEG SPD515 серия ОПТИМУМ фронтальной загрузки для кассет 500 х 500 мм со встроенным дозатором моющего средства. — (ШхГхВ) 600х600х822 мм, 220В/380В, 4,5/7,3 кВт, электронный тип управления, панель управления с отображением температуры мойки и ополаскивания, размер кассет (мм) 500х500, производительность макс 60 касс/час, 6 программ (стекло - 70c, стекло -130с, тарелки - 120с, тарелки - 180с, кастрюли - 250с, программа пользователя от 190с до 610с), функция мягкого старта, моющие и ополаскивающие рукава по 2 шт. из нерж. стали марки AISI 304, сливная помпа с 5-ти ступенчатым фильтром (помпа работает в каждом цикле мойки для обеспечения чистой воды на следующий цикл мойки), система ополаскивания с атмосферным бойлером и насосом ополаскивания, двойная теплоизоляция моечной ванны, двойная теплоизоляция дверцы, дозатор ополаскивающих средств, дозатор моющего средства, полезная высота загрузки (мм)400, в комплекте 3 кассеты (PB50D01 для стаканов, PB50G02 c плоским дном и PHO0S02 для столовых приборов).; Фронтальная ПММ SMEG SPD526S серия ПРЕМИУМ для кассет 500х500 мм и кассет 600х500 для мойки GN и EN600х400 со встроенным водоумягчителем. — (ШхГхВ) 600x675x822 мм, 380В/3Ф/8,4 кВт, 220В/1Ф/3,1 кВт (мультифазность), электронный тип управления (сенсорный экран), панель управления с отображением температуры мойки и ополаскивания, производительность макс. 90 кас/час (1800 тарелок/час), 5 противней 600х400 мм одновременно, 10 предустановленных программ мойки с возможностью их изменения (Персонализация всех параметров), Вай-Фай подключение, USB интерфейс для обновления ПО, двойные стенки и дверца, цельнотянутый моющий бак и направляющие, моющие и ополаскивающие рукава из нерж стали марки AISI304, сливная помпа с 5-ти ступенчатым фильтром (помпа работает в каждом цикле мойки для обеспечения чистой воды на следующий цикл мойки), система ополаскивания с атмосферным бойлером и насосом ополаскивания (Термостоп), система изменяемого давления мойки , высота моечной камеры(мм)400, полезная глубина загрузки 605 мм, встроенный водоумягчитель непрерывного цикла, в комплекте 4 кассеты: кассета WB50T03 для 5 противней/GN1/1 (глубиной до 60 мм), PB50D01 для тарелок, PB50G02 для стаканов, PHO0S02 для столовых приборов).; Фронтальная ПММ SMEG SPD522S серия ПРЕМИУМ для мойки 2-х кассет 500х500 мм одновременно со встроенным водоумягчителем. — (ШхГхВ)600x600x822 мм, 380В/3Ф/8,4 кВт, 220В/1Ф/3,1 кВт (мультифазность), электронный тип управления (сенсорный экран), панель управления с отображением температуры мойки и ополаскивания, производительность макс. 90 x 2 кас/час (1620 x 2 тарелок/час), 10 предустановленных программ мойки с возможностью их изменения (Персонализация всех параметров) , Вай-Фай подключение, USB интерфейс для обновления ПО, двойные стенки и дверца, цельнотянутый моющий бак и направляющие, моющие и ополаскивающие рукава из нерж стали марки AISI304, сливная помпа с 5-ти ступенчатым фильтром (помпа работает в каждом цикле мойки для обеспечения чистой воды на следующий цикл мойки), система ополаскивания с атмосферным бойлером и насосом ополаскивания (Термостоп), система изменяемого давления мойки , встроенный водоумягчитель непрерывного цикла, высота рабочего проема моечной камеры(мм) 400, в комплекте 3 кассеты (PB50D01 для тарелок, PB50G02 с плоским дном и 2шт PHO0S01 для столовых приборов).; Стаканомоечная машина SMEG SPG405M электронное управление серия КОМФОРТ с фронтальной загрузкой для кассет 400 х 400 мм. — (ШхГхВ) 440x555x695 мм, 220В, 3,1 кВт, электронное управление, панель управления с отображением температуры мойки и ополаскивания, производительность 40/24/15, 3 программы, сливная помпа с 4-х ступенчатым фильтром (помпа работает в каждом цикле мойки для обеспечения чистой воды на следующий цикл мойки), функция мягкого старта, функция ""Чистая вода"", функция ""Экстра ополаскивание"", система ополаскивания с атмосферным бойлером и насосом ополаскивания, дозаторы моющего и ополаскивающих средств, высота моечной камеры(мм) 300, в комплекте 3 кассеты (PB40G01 для стаканов -2 шт. и PHO0S01 для столовых приборов).; Машина посудомоечная для мойки стекла SMEG SPG425 серия ПРЕМИУМ фронтальной загрузки для кассет 400х400 мм со встроенными дозаторами — (ШхГхВ) 460х600х705 мм, 380В/3Ф/6,6 кВт, 220В/1Ф/3,2 кВт (мультифазность), электронный тип управления (сенсорный экран), панель управления с отображением температуры мойки и ополаскивания, производительность макс. 90 кас/час (720 тарелок/час или 2250 бокалов/час), 10 предустановленных программ мойки с возможностью их изменения (Персонализация всех параметров) , Вай-Фай подключение, USB интерфейс для обновления ПО, двойные стенки и дверца, цельнотянутый моющий бак и направляющие, моющие и ополаскивающие рукава из нерж стали марки AISI304, сливная помпа с 5-ти ступенчатым фильтром (помпа работает в каждом цикле мойки для обеспечения чистой воды на следующий цикл мойки), система ополаскивания с атмосферным бойлером и насосом ополаскивания (Термостоп), система изменяемого давления мойки , высота рабочего проема моечной камеры(мм) 300, в комплекте 3 кассеты (WB40G02 для стаканов, WB40G01 с плоским дном и PHO0S01 для столовых приборов).",SMEG,https://lapavoni.com,professional@smeg.ru,8 800 707 00 29,https://pirexpo.com/exposition/all-exhibitors/1939,1939,include,"LA PAVONI | Кофемашины; Автоматические; Эспрессо кофемолки; Полуавтоматические | Зонт вытяжной SMEG K510X с пароконденсатором для пароконвектоматов серии SPO с предустановкой для угольных фильтром. — (ШхГхВ) 800x781x251 мм, воздушный поток max 900 м3/час, электропитание 220В, 50 Гц, 0,32 кВт, диаметр воздуховода 150мм, лабиритные фильтры из нерж. стали, автоматическое включение при открытии двери пароконвектомата, 2 скорости: стандартная + интенсивная, сменный угольный фильтр, пароконденсатор (нужен только слив), нержавеющая сталь, для пароконвектоматов моделей SPO.; Пароконвектомат SMEG SPO4L2SDL, 4 уровня для противней 600х400; 5 уровней для гастроемкостей GN1/1, бойлер. — 4 уровня для противней 600х400 / 5 уровней для гастроемкостей GN1/1, ШхГхВ: 790х898х635 мм, 380В, 8 кВт, технология генерации насыщенного пара (100% пар, шаг -5%, бойлер + инжектор), таймер: 1 минута - 12 ч., 12 ч. - 59 минут, бесконечно; термостат: 30-270°C; светодиодная подсветка; сенсорный экран 7"" (русиф.); 512 программ по 8 шагов в каждой; 100 предустановленных рецептов; мультизонный термощуп, управляемый термический режим (ΔT°); регулируемая скорость вентилятора; автоматическая мойка (3 программы).; Подставка SMEG STDH с направляющими для гастроемкостей GN1/1 или противней 600х400 для пароконвектоматов моделей PO/SPO . — 8 уровней для гастроемкостей GN1/1 или противней 600х400 мм; ШхГхВ: 800x750x850 мм; материал - нержавеющая сталь.; Посудомоечная машина SMEG SPD515 серия ОПТИМУМ фронтальной загрузки для кассет 500 х 500 мм со встроенным дозатором моющего средства. — (ШхГхВ) 600х600х822 мм, 220В/3",parsed_official_pirexpo_api,,2026-10-05T08:23:57Z,pir-expo-2026-official-pirexpo-api-signo-v1.0.2-service-product-leakage-remediation,ok,kept: official PIR Russian-market row with HoReCa product/category evidence,product_evidence,repeat,exact email matched current Twenty repeat index,professional@smeg.ru,,СМЕГ Руссия,professional@smeg.ru,lapavoni.com; smeg.ru,official_pirexpo_brand_list_api,,skipped_official_email_present,,,professional@smeg.ru,official API email
ПИР Экспо 2026,26–29 октября 2026,РЕСТОШЕФ,РЕСТОШЕФ,Профессиональная посуда; Барное стекло; Столовые приборы; Предметы сервировки,Россия / российский рынок,Москва,,"зал 14, стенд 2G80",14,Профессиональная посуда; Барное стекло; Столовые приборы; Предметы сервировки,"Компания Рестошеф занимается комплексным оснащением ресторанов, баров и отелей с 1997 года. За это время мы накопили основательный опыт в оснащении заведений сферы HoReCa, и это позволяет нам находить решения для самых сложных задач, которые ставит нам рынок и быстро меняющийся мир. Нашей целью является не только поставка качественных товаров для предприятий индустрии гостеприимства, но и построение долгосрочных отношений с нашими клиентами, призванных вдохновлять на новые идеи, помогать в поисках идеального продукта, грамотно планировать закупки. Главным критерием выбора поставляемых нами товаров, является соответствие требованиям рынка и гармоничное соотношение цены и качества. Все, поставляемые нами товары производятся для заведений общественного питания и рассчитаны на профессиональное использование. Разный ценовой уровень предлагаемой продукции определяет круг наших клиентов: маленькие кафе и демократичные рестораны, кейтеринговые компании и рестораны авторской кухни, предприятия street food и производственные столовые, а также отели всех уровней, включая крупные мировые гостиничные сети.",РЕСТОШЕФ,https://restochef.ru,ss@restochef.ru,8 (800) 301-17-78,https://pirexpo.com/exposition/all-exhibitors/2087,2087,include,"РЕСТОШЕФ | Профессиональная посуда; Барное стекло; Столовые приборы; Предметы сервировки | Компания Рестошеф занимается комплексным оснащением ресторанов, баров и отелей с 1997 года. За это время мы накопили основательный опыт в оснащении заведений сферы HoReCa, и это позволяет нам находить решения для самых сложных задач, которые ставит нам рынок и быстро меняющийся мир. Нашей целью является не только поставка качественных товаров для предприятий индустрии гостеприимства, но и построение долгосрочных отношений с нашими клиентами, призванных вдохновлять на новые идеи, помогать в поисках идеального продукта, грамотно планировать закупки. Главным критерием выбора поставляемых нами товаров, является соответствие требованиям рынка и гармоничное соотношение цены и качества. Все, постав",parsed_official_pirexpo_api,,2026-10-05T08:23:57Z,pir-expo-2026-official-pirexpo-api-signo-v1.0.2-service-product-leakage-remediation,ok,kept: official PIR Russian-market row with HoReCa product/category evidence,product_evidence,new,no exact email or safe company-owned domain match in current Twenty repeat index,,,,ss@restochef.ru,restochef.ru,official_pirexpo_brand_list_api,,skipped_official_email_present,,,ss@restochef.ru,official API email
ПИР Экспо 2026,26–29 октября 2026,АЛЕФ ТРЕЙД,АЛЕФ ТРЕЙД,Бойлеры; Кофемашины; Автоматические; Полуавтоматические; Суперавтомат; Запасные части для кофемашин; Кофемашины БУ; Сервисное обслуживание; Аренда кофемашин; Эспрессо кофемолки; Термосы; Чайники,Россия / российский рынок,Москва,,"зал 13, стенд 1D50",13,Бойлеры; Кофемашины; Автоматические; Полуавтоматические; Суперавтомат; Запасные части для кофемашин; Кофемашины БУ; Сервисное обслуживание; Аренда кофемашин; Эспрессо кофемолки; Термосы; Чайники,"Алеф Трейд – ваш надежный партнер более чем с 26-ти летним опытом на рынке HoReCa. Мы предлагаем широкий ассортимент профессионального оборудования и качественного сервиса по всей России. Наша компания является официальным дистрибьютором брендов кофемашин WMF, Rancilio, Nimbus, Wendougee, оборудования для приготовления горячих напитков. Наши клиенты – это компании, которые ценят безупречный сервис, комфорт в работе и непревзойденный кофе: премиальные отели и рестораны, сети быстрого питания, АЗС. Доверяя нам, вы радуете своих гостей и получаете от нас экспертную поддержку на всех уровнях.",АЛЕФ ТРЕЙД,https://alephtrade.com,aakimova@isttrade.ru,7(499)136-9-631,https://pirexpo.com/exposition/all-exhibitors/1916,1916,include,"АЛЕФ ТРЕЙД | Бойлеры; Кофемашины; Автоматические; Полуавтоматические; Суперавтомат; Запасные части для кофемашин; Кофемашины БУ; Сервисное обслуживание; Аренда кофемашин; Эспрессо кофемолки; Термосы; Чайники | Алеф Трейд – ваш надежный партнер более чем с 26-ти летним опытом на рынке HoReCa. Мы предлагаем широкий ассортимент профессионального оборудования и качественного сервиса по всей России. Наша компания является официальным дистрибьютором брендов кофемашин WMF, Rancilio, Nimbus, Wendougee, оборудования для приготовления горячих напитков. Наши клиенты – это компании, которые ценят безупречный сервис, комфорт в работе и непревзойденный кофе: премиальные отели и рестораны, сети быстрого питания, АЗС. Доверяя нам, вы радуете своих гостей и получаете от нас экспертную поддержку на всех уровнях.",parsed_official_pirexpo_api,,2026-10-05T08:23:57Z,pir-expo-2026-official-pirexpo-api-signo-v1.0.2-service-product-leakage-remediation,ok,kept: official PIR Russian-market row with HoReCa product/category evidence,product_evidence,new,no exact email or safe company-owned domain match in current Twenty repeat index,,,,aakimova@isttrade.ru,alephtrade.com; isttrade.ru,official_pirexpo_brand_list_api,,skipped_official_email_present,,,aakimova@isttrade.ru,official API email
ПИР Экспо 2026,26–29 октября 2026,FILTECH,FILTECH,Инженерное кухонное оборудование,Россия / российский рынок,Москва,,"зал 14, стенд 2A78",14,Инженерное кухонное оборудование,"Гидрозонт ГФП-3000 — Гидрозонт ""FILTECH"" - подходит для эксплуатации с оборудованием, работающим на открытом огне —грили, хосперы, мангалы, пицца-печи, тандыры. Гидрозонт защищает системы вентиляции от искр до 100%, охлаждает воздух до 30 – 40 °С, очищает воздух от сажи, жира, золы, дыма. Гидрозонт состоит из 2 блоков: гидрофильтр и зонт. Гидрофильтр снимается и может быть установлен на новый зонт при необходимости.; Вертикальный гидрофильтр ВФ-2000 — Вертикальный гидрофильтр ""FILTECH"" подходит для эксплуатации с оборудованием, работающим на открытом огне — грили, хосперы, мангалы, пицца-печи, тандыры. Гидрофильтр защищает системы вентиляции от искр до 100%, охлаждает воздух до 30 – 40 °С, очищает воздух от сажи, жира, золы, дыма. В конструкции гидрофильтра предусмотрено 6 этапов искрогашения и 6 этапов жироулавливания.; Горизонтальный гидрофильтр ГФ-2000 — Горизонтальный гидрофильтр ""FILTECH"" подходит для эксплуатации с оборудованием, работающим на открытом огне —грили, хосперы, мангалы, пицца-печи, тандыры. Гидрофильтр защищает системы вентиляции от искр до 100%, охлаждает воздух до 30 – 40 °С, очищает воздух от сажи, жира, золы, дыма. Легко интегрируется в любой проект: двусторонняя конструкция позволяет монтировать как слева, так и справа по ходу воздушного потока.; Бак-ресивер настенный — Бак-ресивер - представляет собой емкость, в которую собирается загрязненная жидкость, проходящая через гидрофильтр. Функция бака-ресивера заключается в том, чтобы удерживать отфильтрованные частицы и осадок, предотвращая их возвращение в систему. Это позволяет поддерживать чистоту и надежность работы системы на оптимальном уровне.; Система автоматики и мониторинга работы гидрофильтра — Комплект автоматики предназначен для контроля и безопасной эксплуатации гидрофильтров и гидрозонтов, работающих как с баком-ресивером, так и напрямую от водопровода. Система совместима со всеми гидрофильтрами линейки ""FILTECH"" и разработана с учетом требований СП 7.13130.2013 (проект изменений №3). Автоматика обеспечивает постоянный мониторинг температуры воздуха до и после гидрофильтра, а также визуальную индикацию состояния оборудования, что позволяет оперативно реагировать на отклонения в работе системы.",FILTECH,https://filttech.ru,zakazfiltech@mail.ru,+79039007477,https://pirexpo.com/exposition/all-exhibitors/2186,2186,include,"FILTECH | Инженерное кухонное оборудование | Гидрозонт ГФП-3000 — Гидрозонт ""FILTECH"" - подходит для эксплуатации с оборудованием, работающим на открытом огне —грили, хосперы, мангалы, пицца-печи, тандыры. Гидрозонт защищает системы вентиляции от искр до 100%, охлаждает воздух до 30 – 40 °С, очищает воздух от сажи, жира, золы, дыма. Гидрозонт состоит из 2 блоков: гидрофильтр и зонт. Гидрофильтр снимается и может быть установлен на новый зонт при необходимости.; Вертикальный гидрофильтр ВФ-2000 — Вертикальный гидрофильтр ""FILTECH"" подходит для эксплуатации с оборудованием, работающим на открытом огне — грили, хосперы, мангалы, пицца-печи, тандыры. Гидрофильтр защищает системы вентиляции от искр до 100%, охлаждает воздух до 30 – 40 °С, очищает воздух от сажи, жира, золы, дыма. В конструкции гидрофильтра предусмотрено 6 этапов искрогашения и 6 этапов жироулавливания.; Горизонтальный гидрофильтр ГФ-2000 — Горизонтальный гидрофильтр ""FILTECH"" подходит для эксплуатации с оборудованием, работающим на открытом огне —грили, хосперы, мангалы, пицца-печи, тандыры. Гидрофильтр защищает системы вентиляции от искр до 100%, охлаждает воздух до 30 – 40 °С, очищает воздух от сажи, жира, золы, дыма. Легко интегрируется в любой проект: двусторонняя конструкция позволяет монтировать как слева, так и справа по ходу воздушного потока.; Бак-ресивер настенный — Бак-ресивер - представляет собой емкость, в которую собирается загрязненная жидкость, проходящая через гидрофильтр. Функция бака-ресивера заключается в том, чтобы удерживать отфильтрованные частицы и осадок, предотвращая их возвращение в си",parsed_official_pirexpo_api,,2026-10-05T08:23:57Z,pir-expo-2026-official-pirexpo-api-signo-v1.0.2-service-product-leakage-remediation,ok,kept: official PIR Russian-market row with HoReCa product/category evidence,product_evidence,repeat,safe non-generic company-owned domain matched current Twenty repeat index,,filttech.ru,Велдинг,zakazfiltech@mail.ru,filttech.ru; mail.ru,official_pirexpo_brand_list_api,,skipped_official_email_present,,,zakazfiltech@mail.ru,official API email
ПИР Экспо 2026,26–29 октября 2026,ЗАВОД ПРОММАШ GALLEY,ЗАВОД ПРОММАШ GALLEY,"Оборудование для пищевых производств; Пищеварочные котлы, опрокидывающиеся сковороды; Пароконвектоматы; Электрические Плиты",Россия / российский рынок,Москва,,"зал 14, стенд 2A60",14,"Оборудование для пищевых производств; Пищеварочные котлы, опрокидывающиеся сковороды; Пароконвектоматы; Электрические Плиты","ОАО ""Завод ""Проммаш"" - отечественный производитель торгово-технологического оборудования для предприятий общественного питания на протяжении 30 лет. Основные направления деятельности: — Оборудование для профессиональной кухни; — Камбузное оборудование; — Оборудование для перерабатывающих комплексов; — Комплексное оснащение «под ключ»; — Гарантийное и сервисное обслуживание. — Разработка проектов для комплектации образовательных и социальных учреждений Завод поставляет продукцию во все регионы РФ и страны Ближнего Зарубежья",ЗАВОД ПРОММАШ GALLEY,https://prommash.com,op@prommash.com,+79603575903,https://pirexpo.com/exposition/all-exhibitors/2164,2164,include,"ЗАВОД ПРОММАШ GALLEY | Оборудование для пищевых производств; Пищеварочные котлы, опрокидывающиеся сковороды; Пароконвектоматы; Электрические Плиты | ОАО ""Завод ""Проммаш"" - отечественный производитель торгово-технологического оборудования для предприятий общественного питания на протяжении 30 лет. Основные направления деятельности: — Оборудование для профессиональной кухни; — Камбузное оборудование; — Оборудование для перерабатывающих комплексов; — Комплексное оснащение «под ключ»; — Гарантийное и сервисное обслуживание. — Разработка проектов для комплектации образовательных и социальных учреждений Завод поставляет продукцию во все регионы РФ и страны Ближнего Зарубежья",parsed_official_pirexpo_api,,2026-10-05T08:23:57Z,pir-expo-2026-official-pirexpo-api-signo-v1.0.2-service-product-leakage-remediation,ok,kept: official PIR Russian-market row with HoReCa product/category evidence,product_evidence,repeat,safe non-generic company-owned domain matched current Twenty repeat index,,prommash.com,Проммаш,op@prommash.com,prommash.com,official_pirexpo_brand_list_api,,skipped_official_email_present,,,op@prommash.com,official API email
ПИР Экспо 2026,26–29 октября 2026,PROXIMA,PROXIMA,Кофемашины,Россия / российский рынок,Москва,,"зал 13, стенд 1F30",13,Кофемашины,"PROXIMA – группа компаний, занимающихся дистрибуцией профессионального кофейного оборудования на рынке РФ и Таможенного Союза. Приобретая оборудование в PROXIMA, Вы всегда можете рассчитывать на следующее: • Оборудование будет соответствовать самым высоким стандартам. • Вы всегда получаете всестороннюю поддержку со стороны команды продаж и сервиса. • Сервисная компания обеспечивает поддержку всем клиентам PROXIMA. Наши специалисты сертифицированы заводами-изготовителями. • PROXIMA – это более 25 лет опыта на рынке кофейного оборудования, уникальная экспертиза и команда профессионалов.",PROXIMA,https://proxima.pro,opt@proxima.pro,+7 (495) 152-26-07,https://pirexpo.com/exposition/all-exhibitors/1912,1912,include,"PROXIMA | Кофемашины | PROXIMA – группа компаний, занимающихся дистрибуцией профессионального кофейного оборудования на рынке РФ и Таможенного Союза. Приобретая оборудование в PROXIMA, Вы всегда можете рассчитывать на следующее: • Оборудование будет соответствовать самым высоким стандартам. • Вы всегда получаете всестороннюю поддержку со стороны команды продаж и сервиса. • Сервисная компания обеспечивает поддержку всем клиентам PROXIMA. Наши специалисты сертифицированы заводами-изготовителями. • PROXIMA – это более 25 лет опыта на рынке кофейного оборудования, уникальная экспертиза и команда профессионалов.",parsed_official_pirexpo_api,,2026-10-05T08:23:57Z,pir-expo-2026-official-pirexpo-api-signo-v1.0.2-service-product-leakage-remediation,ok,kept: official PIR Russian-market row with HoReCa product/category evidence,product_evidence,new,no exact email or safe company-owned domain match in current Twenty repeat index,,,,opt@proxima.pro,proxima.pro,official_pirexpo_brand_list_api,,skipped_official_email_present,,,opt@proxima.pro,official API email
ПИР Экспо 2026,26–29 октября 2026,МАХЕЕВЪ,МАХЕЕВЪ,готовые приправы и соусы,Россия / российский рынок,Москва,,"зал 15, стенд 3D20",15,готовые приправы и соусы,"ТМ МАХЕЕВЪ делает прорыв в сегменте HORECA, создав идеальный продукт для вашего бизнеса. В 2025 году запущены новые линии для производства продукции специально для сегмента «кафе, отели, рестораны». Выпускается продукция в дой‑паках объёмом 1–3 кг: майонезы, кетчупы, соусы, горчицы, джемы и другие продукты. Все рецептуры разработаны для профессионального использования. Уникальный формат дой‑пака имеет ряд преимуществ по сравнению с традиционными ведрами и балк‑пакетами: - высокие барьерные свойства упаковки; - удобство в применении на профессиональной кухне; - компактное хранение; - длительное сохранение свежести продукта. Продукция «Махеевъ HoReCa» — решение для профессионалов: экономит место, деньги и время без компромиссов в качестве. АО «Эссен Продакшн АГ», торговая марка «Махеевъ» — один из крупнейших в России производителей майонезов, соусов, приправ и джемов. Ежегодно выпускается более 250 тыс. тонн готовой продукции; в ассортименте более 200 SKU. На экспорт приходится 20% объёма продаж — в 47 странах мира.",МАХЕЕВЪ,https://maheev.ru,elvira@maheev.ru,,https://pirexpo.com/exposition/all-exhibitors/2293,2293,include,"МАХЕЕВЪ | готовые приправы и соусы | ТМ МАХЕЕВЪ делает прорыв в сегменте HORECA, создав идеальный продукт для вашего бизнеса. В 2025 году запущены новые линии для производства продукции специально для сегмента «кафе, отели, рестораны». Выпускается продукция в дой‑паках объёмом 1–3 кг: майонезы, кетчупы, соусы, горчицы, джемы и другие продукты. Все рецептуры разработаны для профессионального использования. Уникальный формат дой‑пака имеет ряд преимуществ по сравнению с традиционными ведрами и балк‑пакетами: - высокие барьерные свойства упаковки; - удобство в применении на профессиональной кухне; - компактное хранение; - длительное сохранение свежести продукта. Продукция «Махеевъ HoReCa» — решение для профессионалов: экономит мес",parsed_official_pirexpo_api,,2026-10-05T08:23:57Z,pir-expo-2026-official-pirexpo-api-signo-v1.0.2-service-product-leakage-remediation,ok,kept: official PIR Russian-market row with HoReCa product/category evidence,product_evidence,repeat,safe non-generic company-owned domain matched current Twenty repeat index,,maheev.ru,Махеевъ,elvira@maheev.ru,maheev.ru,official_pirexpo_brand_list_api,,skipped_official_email_present,,,elvira@maheev.ru,official API email
ПИР Экспо 2026,26–29 октября 2026,SAMPLE ROASTERS,SAMPLE ROASTERS,Обжаренное зерно,Россия / российский рынок,Москва,,"зал 13, стенд 1F125",13,Обжаренное зерно,"Мы компания по обжарке кофе, активно работаем и изучаем кофейную индустрию с 2014 года, жарим 100% арабику, specialty и fine commercial. 6 своих кофеен в Ростове-на-Дону. Мы бережно относимся к продукту, с которым работаем. Всю обжаренную линейку мы тестируем в постоянных каппингах. Готовим продукт в наших кофейнях и видим живую реакцию гостей. Слышим наших партнеров, поставляя зерно для HoReCa и B2B",SAMPLE ROASTERS,https://sample-roasters.ru,sampleroasters4@gmail.com,89514950448,https://pirexpo.com/exposition/all-exhibitors/2289,2289,include,"SAMPLE ROASTERS | Обжаренное зерно | Мы компания по обжарке кофе, активно работаем и изучаем кофейную индустрию с 2014 года, жарим 100% арабику, specialty и fine commercial. 6 своих кофеен в Ростове-на-Дону. Мы бережно относимся к продукту, с которым работаем. Всю обжаренную линейку мы тестируем в постоянных каппингах. Готовим продукт в наших кофейнях и видим живую реакцию гостей. Слышим наших партнеров, поставляя зерно для HoReCa и B2B",parsed_official_pirexpo_api,,2026-10-05T08:23:57Z,pir-expo-2026-official-pirexpo-api-signo-v1.0.2-service-product-leakage-remediation,ok,kept: official PIR Russian-market row with HoReCa product/category evidence,product_evidence,repeat,safe non-generic company-owned domain matched current Twenty repeat index,,sample-roasters.ru,Sample Roasters,sampleroasters4@gmail.com,gmail.com; sample-roasters.ru,official_pirexpo_brand_list_api,,skipped_official_email_present,,,sampleroasters4@gmail.com,official API email
ПИР Экспо 2026,26–29 октября 2026,ТРИ-С ФУД,ТРИ-С ФУД,Чипсы и листы нори; Салаты и соленья для HoReCa; Консервированные продукты; Соусы и напитки,Россия / российский рынок,Москва,,"зал 15, стенд 3E110",15,,"Компания «Три‑С Фуд»: разнообразие вкусов для вашего успеха. Основана в 1998 году на принципах Созидания, Стремления, Стабильности. Наши производства: Чипсы и листы нори для суши и онигири: корейские технологии, оборудование и сырьё. Предлагаем сотрудничество по СТМ. Сертификация ISO и HACCP. Салаты и соленья под ТМ ""Добросот; солёные (маринованные) огурцы (слайсами, кубиками, соломкой), в пакетах и вёдрах — удобно для HoReCa и производств. Наши бренды: «Бояринъ» — консервированные продукты для HoReCa и розницы. Midori — паназиатская кухня, включая линейку Midori Teen. «Добросот» — салаты и соленья премиального качества. Бренды в портфеле: Cantabile — напитки корейского происхождения. Haday — соевый и устричный соусы от фабрики с 400‑летней историей. И другие. Преимущества: собственные производства; склады (20 тыс. кв. м) с разными температурными зонами; автопарк — 90 машин с мульти‑температурными режимами. География поставок: Россия (от Калининграда до Сахалина), Беларусь, Казахстан.",ТРИ-С ФУД,https://www.trisfood.ru,info@trisfood.ru,+7(495) 921-03-13,https://pirexpo.com/exposition/all-exhibitors/1935,1935,include,"ТРИ-С ФУД | Чипсы и листы нори; Салаты и соленья для HoReCa; Консервированные продукты; Соусы и напитки | Компания «Три‑С Фуд»: разнообразие вкусов для вашего успеха. Основана в 1998 году на принципах Созидания, Стремления, Стабильности. Наши производства: Чипсы и листы нори для суши и онигири: корейские технологии, оборудование и сырьё. Предлагаем сотрудничество по СТМ. Сертификация ISO и HACCP. Салаты и соленья под ТМ ""Добросот; солёные (маринованные) огурцы (слайсами, кубиками, соломкой), в пакетах и вёдрах — удобно для HoReCa и производств. Наши бренды: «Бояринъ» — консервированные продукты для HoReCa и розницы. Midori — паназиатская кухня, включая линейку Midori Teen. «Добросот» — салаты и соленья премиального качества. Бренды в портфеле: Cantabile — напитки корейского происхождения. Haday",parsed_official_pirexpo_api,,2026-10-05T08:23:57Z,pir-expo-2026-official-pirexpo-api-signo-v1.0.2-service-product-leakage-remediation,ok,kept: official PIR Russian-market row with HoReCa product/category evidence,product_evidence,repeat,exact email matched current Twenty repeat index,info@trisfood.ru,,Три С Фуд,info@trisfood.ru,trisfood.ru,official_pirexpo_brand_list_api,,skipped_official_email_present,,,info@trisfood.ru,official API email
ПИР Экспо 2026,26–29 октября 2026,GREEN MILK BARISTA,GREEN MILK BARISTA,Растительные напитки для HoReCa,Россия / российский рынок,Москва,,"зал 13, стенд 1B60",13,,"Профессиональный инструмент для идеального результата! Green Milk Barista – профессиональная линейка растительных напитков, созданная для Horeca. Это инструмент, который позволяет добиваться идеального результата, без компромиссов. Напитки созданы по уникальной технологии из цельного зерна, а не из муки, что дает: стабильную пену, гладкую текстуру, чистый вкус без осадка в чашке. Технология ферментации раскрывает естественную сладость. Green Milk – это 10+ вкусов, которые открывают новые горизонты для авторских напитков. Сосредоточьтесь на созидании. С Green Milk — легко быть профессионалом!",GREEN MILK BARISTA,https://greenmilk.ru,n.hitun@spp.ru,8 (351)-280-45-10,https://pirexpo.com/exposition/all-exhibitors/2315,2315,include,"GREEN MILK BARISTA | Растительные напитки для HoReCa | Профессиональный инструмент для идеального результата! Green Milk Barista – профессиональная линейка растительных напитков, созданная для Horeca. Это инструмент, который позволяет добиваться идеального результата, без компромиссов. Напитки созданы по уникальной технологии из цельного зерна, а не из муки, что дает: стабильную пену, гладкую текстуру, чистый вкус без осадка в чашке. Технология ферментации раскрывает естественную сладость. Green Milk – это 10+ вкусов, которые открывают новые горизонты для авторских напитков. Сосредоточьтесь на созидании. С Green Milk — легко быть профессионалом!",parsed_official_pirexpo_api,,2026-10-05T08:23:57Z,pir-expo-2026-official-pirexpo-api-signo-v1.0.2-service-product-leakage-remediation,ok,kept: official PIR Russian-market row with HoReCa product/category evidence,product_evidence,repeat,safe non-generic company-owned domain matched current Twenty repeat index,,spp.ru,Объединение,n.hitun@spp.ru,greenmilk.ru; spp.ru,official_pirexpo_brand_list_api,,skipped_official_email_present,,,n.hitun@spp.ru,official API email
ПИР Экспо 2026,26–29 октября 2026,КРИСТАЛЕКС РУС,КРИСТАЛЕКС РУС,Профессиональная посуда; Барное стекло; Предметы сервировки,Россия / российский рынок,Москва,,"зал 14, стенд 2B26",14,Профессиональная посуда; Барное стекло; Предметы сервировки,"«Кристалекс РУС» — официальный дистрибьютор чешского завода Crystalex, одного из самых известных производителей питьевого стекла в Европе. Более 13 лет мы успешно работаем на российском рынке, поставляя качественную посуду и развивая собственное производство. Ключевые направления деятельности: Дистрибуция стекла Crystalex: Прямые поставки высококачественной европейской посуды. Собственный цех декорирования: Мы предлагаем комплексные решения — от поставки посуды до её брендирования, что позволяет максимально отвечать запросам наших партнёров. Производство фарфора: В 2024 году мы запустили собственное производство фарфоровой посуды полного цикла Tikhoretsky Porcelain. Мы контролируем весь процесс: от проектирования форм и подбора сырья до выпуска готовых изделий. Собственный бренд Villin`s (2025): Развитие нового направления — фарфора, созданного на стыке высоких технологий, ремесленного мастерства и вдохновения природными формами.",КРИСТАЛЕКС РУС,https://tikhoretsky-porcelain.ru,sale@tikhoretsky-porcelain.ru,8-800-700-32-96,https://pirexpo.com/exposition/all-exhibitors/2320,2320,include,"КРИСТАЛЕКС РУС | Профессиональная посуда; Барное стекло; Предметы сервировки | «Кристалекс РУС» — официальный дистрибьютор чешского завода Crystalex, одного из самых известных производителей питьевого стекла в Европе. Более 13 лет мы успешно работаем на российском рынке, поставляя качественную посуду и развивая собственное производство. Ключевые направления деятельности: Дистрибуция стекла Crystalex: Прямые поставки высококачественной европейской посуды. Собственный цех декорирования: Мы предлагаем комплексные решения — от поставки посуды до её брендирования, что позволяет максимально отвечать запросам наших партнёров. Производство фарфора: В 2024 году мы запустили собственное производство фарфоровой посуды полного цикла Tikhoretsky Porcelain. Мы контролируем весь проц",parsed_official_pirexpo_api,,2026-10-05T08:23:57Z,pir-expo-2026-official-pirexpo-api-signo-v1.0.2-service-product-leakage-remediation,ok,kept: official PIR Russian-market row with HoReCa product/category evidence,product_evidence,new,no exact email or safe company-owned domain match in current Twenty repeat index,,,,sale@tikhoretsky-porcelain.ru,tikhoretsky-porcelain.ru,official_pirexpo_brand_list_api,,skipped_official_email_present,,,sale@tikhoretsky-porcelain.ru,official API email
ПИР Экспо 2026,26–29 октября 2026,BEZANT,BEZANT,"Профессиональная посуда; Барное стекло; Барный инвентарь; Столовые приборы; Предметы сервировки; Поварские ножи; Гастроемкости, противни",Россия / российский рынок,Москва,,"зал 14, стенд 2C50",14,"Профессиональная посуда; Барное стекло; Барный инвентарь; Столовые приборы; Предметы сервировки; Поварские ножи; Гастроемкости, противни","Группа компаний «БЕЗАНТ» с 1999 года является одним из лидеров в сфере посуды и товаров для дома. Сегодня компания также активно работает с сегментом HoReCa, предлагая посуду и профессиональное оборудование, включая гастроёмкости, для ресторанов, кафе и отелей. Мы представляем европейские бренды и развиваем собственные торговые марки, обеспечивая стабильные поставки по всей России благодаря 4 распределительно-складским комплексам.",BEZANT,https://bezant.ru,svetlana.kulikova@bezant.ru,+7 (495) 221 18 47 (доб. 1277),https://pirexpo.com/exposition/all-exhibitors/2190,2190,include,"BEZANT | Профессиональная посуда; Барное стекло; Барный инвентарь; Столовые приборы; Предметы сервировки; Поварские ножи; Гастроемкости, противни | Группа компаний «БЕЗАНТ» с 1999 года является одним из лидеров в сфере посуды и товаров для дома. Сегодня компания также активно работает с сегментом HoReCa, предлагая посуду и профессиональное оборудование, включая гастроёмкости, для ресторанов, кафе и отелей. Мы представляем европейские бренды и развиваем собственные торговые марки, обеспечивая стабильные поставки по всей России благодаря 4 распределительно-складским комплексам.",parsed_official_pirexpo_api,,2026-10-05T08:23:57Z,pir-expo-2026-official-pirexpo-api-signo-v1.0.2-service-product-leakage-remediation,ok,kept: official PIR Russian-market row with HoReCa product/category evidence,product_evidence,new,no exact email or safe company-owned domain match in current Twenty repeat index,,,,svetlana.kulikova@bezant.ru,bezant.ru,official_pirexpo_brand_list_api,,skipped_official_email_present,,,svetlana.kulikova@bezant.ru,official API email
ПИР Экспо 2026,26–29 октября 2026,KEEPFOOD,KEEPFOOD,Профессиональная посуда,Россия / российский рынок,Москва,,"зал 14, стенд 2E65",14,Профессиональная посуда,"Термос 25 л Keepfood полностью нержавеющий AISI 304 прорезиненное основание — Термос 25 л идеален для мероприятий выездного питания, кафе и ресторанов, общественного питания — всякий раз, когда важно, чтобы еда сохранила тепло (или оставалась холодной) длительное время. Объем 25 литров - вмещает до 25 порций первого блюда или 40–50 порций. Оптимальный выбор для коллективов от 20 до 50 человек. 100% нержавеющая сталь - корпус и внутренняя чаша изготовлены из высококачественной пищевой нержавейки. Материал не окисляется, не впитывает запахи, устойчив к коррозии и агрессивным моющим средствам. Прорезиненное основание - специальная накладка на дне предотвращает скольжение на гладких поверхностях, снижает шум при установке и защищает корпус от механических повреждений. Длительное сохранение температуры - пищи остается **не ниже 50–65 °C** даже спустя 6 часов. Широкое горло - упрощает загрузку блюд, перемешивание содержимого и тщательную гигиеническую обработку внутренней чаши. Герметичная крышка с клапаном - 6 усиленных защелок по периметру и силиконовый уплотнитель гарантируют полную герметичность при транспортировке. Встроенный клапан сброса давления предотвращает залипание крышки. Эргономичные ручки - прочные металлические рукоятки с рифленой поверхностью обеспечивают надежный хват и безопасную переноску полного термоса весом до 9,3 кг. Термос используют для любых блюд: от жидких супов до вязких каш, пловов, рагу, мяса и десертов.",KEEPFOOD,https://keepfood.ru,barrel.zakaz@gmail.com,89199174106,https://pirexpo.com/exposition/all-exhibitors/2339,2339,include,"KEEPFOOD | Профессиональная посуда | Термос 25 л Keepfood полностью нержавеющий AISI 304 прорезиненное основание — Термос 25 л идеален для мероприятий выездного питания, кафе и ресторанов, общественного питания — всякий раз, когда важно, чтобы еда сохранила тепло (или оставалась холодной) длительное время. Объем 25 литров - вмещает до 25 порций первого блюда или 40–50 порций. Оптимальный выбор для коллективов от 20 до 50 человек. 100% нержавеющая сталь - корпус и внутренняя чаша изготовлены из высококачественной пищевой нержавейки. Материал не окисляется, не впитывает запахи, устойчив к коррозии и агрессивным моющим средствам. Прорезиненное основание - специальная накладка на дне предотвращает скольжение на гладких поверхностях, снижает шум при установке и защищает корпус от механических повреждений. Длительное сохранение температуры - пищи остается **не ниже 50–65 °C** даже спустя 6 часов. Широкое горло - упрощает загрузку блюд, перемешивание содержимого и тщательную гигиеническую обработку внутренней чаши. Герметичная крышка с клапаном - 6 усиленных защелок по периметру и силиконовый уплотнитель гарантируют полную герметичность при транспортировке. Встроенный клапан сброса давления предотвращает залипание крышки. Эргономичные ручки - прочные металлические рукоятки с рифленой поверхностью обеспечивают надежный хват и безопасную переноску полного термоса весом до 9,3 кг. Термос используют для любых блюд: от жидких супов до вязких каш, пловов, рагу, мяса и десертов. | Компания Keepfood — российский производитель и поставщик профессиональной посуды из нержавеющей стали AISI 3",parsed_official_pirexpo_api,,2026-10-05T08:23:57Z,pir-expo-2026-official-pirexpo-api-signo-v1.0.2-service-product-leakage-remediation,ok,kept: official PIR Russian-market row with HoReCa product/category evidence,product_evidence,repeat,safe non-generic company-owned domain matched current Twenty repeat index,,keepfood.ru,KeepFood,barrel.zakaz@gmail.com,gmail.com; keepfood.ru,official_pirexpo_brand_list_api,,skipped_official_email_present,,,barrel.zakaz@gmail.com,official API email
ПИР Экспо 2026,26–29 октября 2026,ЗАВОД ТОРГМАШ ПЕРМЬ,ЗАВОД ТОРГМАШ ПЕРМЬ,"Тестомесы; Оборудование для пищевых производств; Мясорубки, пилы ленточные; Овощечистки и Овощерезки; Планетарные миксеры; Фаршмешалки, мясорыхлители (тендерайзеры)",Россия / российский рынок,Москва,,"зал 14, стенд 2H76",14,"Тестомесы; Оборудование для пищевых производств; Мясорубки, пилы ленточные; Овощечистки и Овощерезки; Планетарные миксеры; Фаршмешалки, мясорыхлители (тендерайзеры)","Рыбочистка РЧ-30М — Рыбочистка предназначена для очистки чешуйчатых пород рыб от чешуи. В состав изделия входят: -Приводной механизм - для приведения в действие насадки-рыбочистки; -Рыбочистка РЧ - для очистки рыб чешуйчатых пород от чешуи.; Мясорыхлитель МР-25 — Мясорыхлитель МР-25 предназначен для надрезания волокон порционных кусков мяса перед обжариванием в предприятиях общественного питания (столовые, кафе, рестораны), детских учреждениях и малых предприятий торговли.; Машина овощерезательно-протирочная ОМ-350М — Овощерезательно-протирочная машина ОМ-350М предназначена для нарезания сырых и вареных овощей и фруктов на частицы различной геометрической формы, шинковки капусты и протирания вареных овощей, фруктов и творога.; Мясорубка М-300Ч — Предназначена для измельчения мяса и рыбы на фарш и набивки колбас (купатов) на предприятиях общественного питания (столовые, кафе, рестораны), в малых колбасных цехах и фермерских хозяйствах. Мясорубка оснащена функцией ""Реверс"", которая позволяет при наматывании жил освободить шнек без дополнительной разборки. Выпускается с облицовкой из нержавеющей стали. В мясорубках установлен мощный электродвигатель и червячный редуктор, позволяющий перерабатывать даже сильно жилованное мясо. Применение червячного редуктора обеспечивает практически бесшумную работу мясорубки.; Мясорубка M-80Ч — Предназначена для измельчения мяса и рыбы на фарш и набивки колбас (купатов) на предприятиях общественного питания (столовые, кафе, рестораны), в малых колбасных цехах и фермерских хозяйствах. Мясорубка оснащена функцией ""Реверс"", которая позволяет при наматывании жил освободить шнек без дополнительной разборки. Выпускается с облицовкой из нержавеющей стали. В мясорубках установлен мощный электродвигатель и червячный редуктор, позволяющий перерабатывать даже сильно жилованное мясо. Применение червячного редуктора обеспечивает практически бесшумную работу мясорубки.; Машина тестомесильная спиральная МТ-20 — Машина МТ-20 предназначена для замеса дрожжевого теста при производстве хлебобулочных изделий, крутого теста для пельменей, вареников, чебуреков и домашней лапши, и рассчитана на использование в малых хлебопекарнях и на предприятиях общественного питания.; Картофелеочистительная машина К-200 — Машина К-200 предназначена для очистки картофеля и других корнеплодов от кожуры на предприятиях общественного питания (столовые, кафе, рестораны). Очистка кожуры осуществляется от трения картофеля о стенки рабочей камеры и вращающего терочного диска, на которых нанесено абразивное покрытие. Выгрузка очищенного картофеля осуществляется через лоток в рабочем режиме В картофелечистке облицовка, терочный диск, загрузочный лоток и крышка выполнены из нержавеющей стали. На внутренней поверхности обечайки и на поверхности терочного диска установлены сменные долговечные экологически чистые абразивные полотна. Выгрузка очищенного картофеля осуществляется через лоток при вращающемся абразивном диске.; Мясорубка М-50С — Мясорубка М-50С ( комплект ножей - полуунгер) Данная модель является наиболее перспективной мясорубкой, выпускаемой «Завод «ТОРГМАШ» г. Пермь На сегодняшний день – это самая маленькая профессиональная мясорубка производительностью от 50 до 80 кг/час, выпускаемая на российском рынке. Аналогичных моделей нет ни у одного из присутствующих сегодня на рынке Российских производителей. Мясорубка предназначена для измельчения мяса и рыбы при различных мясных и рыбных блюд на предприятиях общественного питания ( столовые, кафе, рестораны) в детских учреждениях и на малых предприятиях торговли.Мясорубка оснащена функцией ""Реверс"", которая позволяет при наматывании жил освободить шнек без дополнительной разборки.",ЗАВОД ТОРГМАШ ПЕРМЬ,http://torgmash.perm.ru,sb.torgmash@mail.ru,+7(342) 237 64 32,https://pirexpo.com/exposition/all-exhibitors/2167,2167,include,"ЗАВОД ТОРГМАШ ПЕРМЬ | Тестомесы; Оборудование для пищевых производств; Мясорубки, пилы ленточные; Овощечистки и Овощерезки; Планетарные миксеры; Фаршмешалки, мясорыхлители (тендерайзеры) | Рыбочистка РЧ-30М — Рыбочистка предназначена для очистки чешуйчатых пород рыб от чешуи. В состав изделия входят: -Приводной механизм - для приведения в действие насадки-рыбочистки; -Рыбочистка РЧ - для очистки рыб чешуйчатых пород от чешуи.; Мясорыхлитель МР-25 — Мясорыхлитель МР-25 предназначен для надрезания волокон порционных кусков мяса перед обжариванием в предприятиях общественного питания (столовые, кафе, рестораны), детских учреждениях и малых предприятий торговли.; Машина овощерезательно-протирочная ОМ-350М — Овощерезательно-протирочная машина ОМ-350М предназначена для нарезания сырых и вареных овощей и фруктов на частицы различной геометрической формы, шинковки капусты и протирания вареных овощей, фруктов и творога.; Мясорубка М-300Ч — Предназначена для измельчения мяса и рыбы на фарш и набивки колбас (купатов) на предприятиях общественного питания (столовые, кафе, рестораны), в малых колбасных цехах и фермерских хозяйствах. Мясорубка оснащена функцией ""Реверс"", которая позволяет при наматывании жил освободить шнек без дополнительной разборки. Выпускается с облицовкой из нержавеющей стали. В мясорубках установлен мощный электродвигатель и червячный редуктор, позволяющий перерабатывать даже сильно жилованное мясо. Применение червячного редуктора обеспечивает практически бесшумную работу мясорубки.; Мясорубка M-80Ч — Предназначена для измельчения мяса и рыбы на фарш и набивки колб",parsed_official_pirexpo_api,,2026-10-05T08:23:57Z,pir-expo-2026-official-pirexpo-api-signo-v1.0.2-service-product-leakage-remediation,ok,kept: official PIR Russian-market row with HoReCa product/category evidence,product_evidence,repeat,safe non-generic company-owned domain matched current Twenty repeat index,,torgmash.perm.ru,Завод Торгмаш,sb.torgmash@mail.ru,mail.ru; torgmash.perm.ru,official_pirexpo_brand_list_api,,skipped_official_email_present,,,sb.torgmash@mail.ru,official API email
ПИР Экспо 2026,26–29 октября 2026,АРТТЕКС ТД,АРТТЕКС ТД,"Текстиль для гостиниц; Текстиль для ресторанов; Аксессуары; Гостиничный текстиль, махровые изделия; Декоративный текстиль; Подушки, одеяла; Гостиничная и корпусная мебель; Гостиничная косметика и парфюмерия",Россия / российский рынок,Москва,,"зал 15, стенд 4F30",15,"Текстиль для гостиниц; Текстиль для ресторанов; Аксессуары; Гостиничный текстиль, махровые изделия; Декоративный текстиль; Подушки, одеяла; Гостиничная и корпусная мебель; Гостиничная косметика и парфюмерия",,АРТТЕКС ТД,,reklama@art-tex37.ru,,https://pirexpo.com/exposition/all-exhibitors/2383,2383,include,"АРТТЕКС ТД | Текстиль для гостиниц; Текстиль для ресторанов; Аксессуары; Гостиничный текстиль, махровые изделия; Декоративный текстиль; Подушки, одеяла; Гостиничная и корпусная мебель; Гостиничная косметика и парфюмерия",parsed_official_pirexpo_api,website,2026-10-05T08:23:57Z,pir-expo-2026-official-pirexpo-api-signo-v1.0.2-service-product-leakage-remediation,ok,kept: official PIR Russian-market row with HoReCa product/category evidence,product_evidence,new,no exact email or safe company-owned domain match in current Twenty repeat index,,,,reklama@art-tex37.ru,art-tex37.ru,official_pirexpo_brand_list_api,,skipped_official_email_present,,,reklama@art-tex37.ru,official API email
ПИР Экспо 2026,26–29 октября 2026,BARISTA COFFEE,BARISTA COFFEE,Топпинги; Бойлеры; Кофемашины; Сиропы; Автоматические; Зеленое зерно; Обжаренное зерно; Кофе в капсулах; Молотый кофе; Растворимый кофе; Зелёный; Черный; Улун; Пуэр; Матча; Пакетированные чаи; Саше; Быстрорастворимые чаи; Шоколад; Какао,Россия / российский рынок,Москва,,"зал 13, стенд 1C80",13,Топпинги; Бойлеры; Кофемашины; Сиропы; Автоматические; Зеленое зерно; Обжаренное зерно; Кофе в капсулах; Молотый кофе; Растворимый кофе; Зелёный; Черный; Улун; Пуэр; Матча; Пакетированные чаи; Саше; Быстрорастворимые чаи; Топпинги; Шоколад; Какао; Молоко; Сахар; Сиропы; Сливки,"Barista с 2009 года продвигает культуру натурального кофе и сегодня — лидер российского рынка. Компания делает ставку на качество и сервис: полный цикл производства (от зерна до напитка), собственное обжарочное производство (150 тонн в месяц), современный распределительный центр (2 600 м²) и автопарк. В сети — свыше 70 кофеен Barista, 57 филиалов и более 12 000 клиентов. Предлагает кофе, оборудование и вендинговые решения для бизнеса, опираясь на профессиональную команду и широкий ассортимент.",BARISTA COFFEE,https://baristacoffee.ru,e.jusupov@baristacoffee.ru,+79296732889,https://pirexpo.com/exposition/all-exhibitors/1957,1957,include,"BARISTA COFFEE | Топпинги; Бойлеры; Кофемашины; Сиропы; Автоматические; Зеленое зерно; Обжаренное зерно; Кофе в капсулах; Молотый кофе; Растворимый кофе; Зелёный; Черный; Улун; Пуэр; Матча; Пакетированные чаи; Саше; Быстрорастворимые чаи; Шоколад; Какао | Barista с 2009 года продвигает культуру натурального кофе и сегодня — лидер российского рынка. Компания делает ставку на качество и сервис: полный цикл производства (от зерна до напитка), собственное обжарочное производство (150 тонн в месяц), современный распределительный центр (2 600 м²) и автопарк. В сети — свыше 70 кофеен Barista, 57 филиалов и более 12 000 клиентов. Предлагает кофе, оборудование и вендинговые решения для бизнеса, опираясь на профессиональную команду и широкий ассортимент.",parsed_official_pirexpo_api,,2026-10-05T08:23:57Z,pir-expo-2026-official-pirexpo-api-signo-v1.0.2-service-product-leakage-remediation,ok,kept: official PIR Russian-market row with HoReCa product/category evidence,product_evidence,new,no exact email or safe company-owned domain match in current Twenty repeat index,,,,e.jusupov@baristacoffee.ru,baristacoffee.ru,official_pirexpo_brand_list_api,,skipped_official_email_present,,,e.jusupov@baristacoffee.ru,official API email
ПИР Экспо 2026,26–29 октября 2026,MUEHLDORFER,MUEHLDORFER,"Подушки, одеяла",Россия / российский рынок,Москва,,"зал 15, стенд 4G86",15,"Подушки, одеяла","Компания Mühldorfer основана в 1919 году в баварской горной деревушке Хайдмюле, на юго-востоке Германии. Компания поставляет свою продукцию в 5- звездочные отели в более чем 100 стран по всему миру и может по праву считаться одним из основных мировых поставщиков постельных принадлежностей премиум класса. Точная калибровка пуха и пера и наполнений изделий осуществляется с помощью современных технологий, под строгим многоступенчатым контролем качества. Уже не одно поколение пользуется высококачественными пуховыми одеялами, подушками, перинами от Mühldorfer, дающими ощущение здорового сна и абсолютного отдыха. Благодаря тщательному выбору исходного сырья, обработанного по особой технологии, пух и перо в изделиях Mühldorfer неповторимы чисты. Продукция Mühldorfer антибактериальна и гипоаллергенна, снабжена системой влагопереноса, обладает высокой теплоотдачей, удобна в уходе и может быть отшита в любом размере по индивидуальному запросу. На протяжении более 100 лет пуховые одеяла и подушки Mühldorfer обеспечивают самое высокое качество для здорового и плодотворного сна. История успеха компании связана в первую очередь с неизменно высоким качеством продукции и особым отношением к клиентам. Гости вашего отеля по достоинству оценят сервис, который дарит продукция Mühldorfer, и будут возвращаться за превосходными ощущениями, полученными во время сна еще много раз!",MUEHLDORFER,http://miko-group.org,officemoscow@miko-hotelservices.com,+7 495 651 09 45,https://pirexpo.com/exposition/all-exhibitors/2245,2245,include,"MUEHLDORFER | Подушки, одеяла | Компания Mühldorfer основана в 1919 году в баварской горной деревушке Хайдмюле, на юго-востоке Германии. Компания поставляет свою продукцию в 5- звездочные отели в более чем 100 стран по всему миру и может по праву считаться одним из основных мировых поставщиков постельных принадлежностей премиум класса. Точная калибровка пуха и пера и наполнений изделий осуществляется с помощью современных технологий, под строгим многоступенчатым контролем качества. Уже не одно поколение пользуется высококачественными пуховыми одеялами, подушками, перинами от Mühldorfer, дающими ощущение здорового сна и абсолютного отдыха. Благодаря тщательному выбору исходного сырья, обработанного по особой технологии, пух",parsed_official_pirexpo_api,,2026-10-05T08:23:57Z,pir-expo-2026-official-pirexpo-api-signo-v1.0.2-service-product-leakage-remediation,ok,kept: official PIR Russian-market row with HoReCa product/category evidence,product_evidence,new,no exact email or safe company-owned domain match in current Twenty repeat index,,,,officemoscow@miko-hotelservices.com,miko-group.org; miko-hotelservices.com,official_pirexpo_brand_list_api,,skipped_official_email_present,,,officemoscow@miko-hotelservices.com,official API email
ПИР Экспо 2026,26–29 октября 2026,ЮЛИУС МАЙНЛ РУССЛАНД,ЮЛИУС МАЙНЛ РУССЛАНД,Обжаренное зерно; Кофе в дрип-пакетах; Молотый кофе; Растворимый кофе; Бойлеры; Кофемашины; Автоматические; Термосы; Кофе в капсулах; Зелёный; Черный; Белый; Улун; Ройбуш; Травяной чай; Фруктовый чай; Пакетированные чаи,Россия / российский рынок,Москва,,"зал 13, стенд 1D75",13,Обжаренное зерно; Кофе в дрип-пакетах; Молотый кофе; Растворимый кофе; Бойлеры; Кофемашины; Автоматические; Термосы; Кофе в капсулах; Зелёный; Черный; Белый; Улун; Ройбуш; Травяной чай; Фруктовый чай; Пакетированные чаи,,JULIUS MEINL,,m.kuleshova@meinl-coffee.ru,,https://pirexpo.com/exposition/all-exhibitors/1960,1960,include,ЮЛИУС МАЙНЛ РУССЛАНД | Обжаренное зерно; Кофе в дрип-пакетах; Молотый кофе; Растворимый кофе; Бойлеры; Кофемашины; Автоматические; Термосы; Кофе в капсулах; Зелёный; Черный; Белый; Улун; Ройбуш; Травяной чай; Фруктовый чай; Пакетированные чаи,parsed_official_pirexpo_api,website,2026-10-05T08:23:57Z,pir-expo-2026-official-pirexpo-api-signo-v1.0.2-service-product-leakage-remediation,ok,kept: official PIR Russian-market row with HoReCa product/category evidence,product_evidence,new,no exact email or safe company-owned domain match in current Twenty repeat index,,,,m.kuleshova@meinl-coffee.ru,meinl-coffee.ru,official_pirexpo_brand_list_api,,skipped_official_email_present,,,m.kuleshova@meinl-coffee.ru,official API email
ПИР Экспо 2026,26–29 октября 2026,R.A.W. LIFE,R.A.W. LIFE,Продукты для здорового питания,Россия / российский рынок,Москва,,"зал 13, стенд 1F14",13,Продукты для здорового питания,"R.A.W. LIFE — инновационный бренд натуральных продуктов для тех, кому действительно важен состав. Мы создаём вкусные и питательные перекусы без добавленного сахара, глютена, консервантов, красителей и других искусственных добавок. В нашем широком ассортименте несколько видов батончиков, печенья и конфет, гранола, брауни, чипсы, драже и детская линейка. Мы развиваем разнообразные форматы продуктов, чтобы каждый мог найти для себя удобный, вкусный и полезный вариант на каждый день. Философия бренда отражена в трёх принципах: Real — чистый и честный состав, Aware — осознанный подход к питанию и качеству, Wild — энергия активной и насыщенной жизни. Мы создаём продукты для людей, которые выбирают баланс между вкусом, пользой и современным ритмом жизни. R.A.W. LIFE — это не просто снеки, а осознанный выбор пользы и натуральности, качества и внутренней энергии. Зарядись чистым вкусом вместе с R.A.W. LIFE!",R.A.W. LIFE,https://rawlifebar.ru,info@rawlifebar.ru,+7(495)120-24-11,https://pirexpo.com/exposition/all-exhibitors/1917,1917,include,"R.A.W. LIFE | Продукты для здорового питания | R.A.W. LIFE — инновационный бренд натуральных продуктов для тех, кому действительно важен состав. Мы создаём вкусные и питательные перекусы без добавленного сахара, глютена, консервантов, красителей и других искусственных добавок. В нашем широком ассортименте несколько видов батончиков, печенья и конфет, гранола, брауни, чипсы, драже и детская линейка. Мы развиваем разнообразные форматы продуктов, чтобы каждый мог найти для себя удобный, вкусный и полезный вариант на каждый день. Философия бренда отражена в трёх принципах: Real — чистый и честный состав, Aware — осознанный подход к питанию и качеству, Wild — энергия активной и насыщенной жизни. Мы создаём продукты для людей, которые выбирают",parsed_official_pirexpo_api,,2026-10-05T08:23:57Z,pir-expo-2026-official-pirexpo-api-signo-v1.0.2-service-product-leakage-remediation,ok,kept: official PIR Russian-market row with HoReCa product/category evidence,product_evidence,repeat,exact email matched current Twenty repeat index,info@rawlifebar.ru,,Роулайф,info@rawlifebar.ru,rawlifebar.ru,official_pirexpo_brand_list_api,,skipped_official_email_present,,,info@rawlifebar.ru,official API email
ПИР Экспо 2026,26–29 октября 2026,НАЦИОНАЛЬ,НАЦИОНАЛЬ,крупа,Россия / российский рынок,Москва,,"зал 15, стенд 3E71",15,крупа,"В направлении HORECA под ТМ «Националь» и «Tanbo» представлены рис и крупы для разных кухонь мира: Японской, Паназиатской, Восточной, Средиземноморской и Русской . Более 25 лет мы развиваем отечественное производство в нескольких регионах России, создаем любимые покупателями качественные продукты питания. Мы возродили и вывели на новый уровень традиции российского рисоводства и стали лидером в области выращивания и переработки риса. За каждым открытием стоят годы кропотливого труда и многочисленных испытаний. Все сорта отличаются превосходным качеством и высокой урожайностью.",НАЦИОНАЛЬ,https://krupa-national.ru,adm@krupa-national.ru,+7 (812) 303-93-90,https://pirexpo.com/exposition/all-exhibitors/2052,2052,include,"НАЦИОНАЛЬ | крупа | В направлении HORECA под ТМ «Националь» и «Tanbo» представлены рис и крупы для разных кухонь мира: Японской, Паназиатской, Восточной, Средиземноморской и Русской . Более 25 лет мы развиваем отечественное производство в нескольких регионах России, создаем любимые покупателями качественные продукты питания. Мы возродили и вывели на новый уровень традиции российского рисоводства и стали лидером в области выращивания и переработки риса. За каждым открытием стоят годы кропотливого труда и многочисленных испытаний. Все сорта отличаются превосходным качеством и высокой урожайностью.",parsed_official_pirexpo_api,,2026-10-05T08:23:57Z,pir-expo-2026-official-pirexpo-api-signo-v1.0.2-service-product-leakage-remediation,ok,kept: official PIR Russian-market row with HoReCa product/category evidence,product_evidence,new,no exact email or safe company-owned domain match in current Twenty repeat index,,,,adm@krupa-national.ru,krupa-national.ru,official_pirexpo_brand_list_api,,skipped_official_email_present,,,adm@krupa-national.ru,official API email
ПИР Экспо 2026,26–29 октября 2026,ПУТИНА,ПУТИНА,рыбные консервы и пресервы; икра рыб; полуфабрикаты из рыбы; рыбная кулинария; рыбные деликатесы; морепродукты,Россия / российский рынок,Москва,,"зал 15, стенд 3D90",15,рыбные консервы и пресервы; икра рыб; полуфабрикаты из рыбы; рыбная кулинария; рыбные деликатесы; морепродукты,"Компания с огромным опытом работы и большим охватом рынка – один из лидеров отрасли. Мы знаем себе цену, потому что ведём и видим бизнес от плеска волны до блеска витрины магазина. Мы, действительно, съели немало соли на сахалинской путине и по-настоящему любим своё дело. Не будет преувеличением сказать, что, совершенствуя технологии, компании «ПУТИНА» освоила несколько наук: как поймать, вырастить и засолить, как транспортировать и презентовать икру и другие виды морепродуктов. Мы освоили науку побеждать: побеждать стихию, время и те вызовы, которые предлагает нам современный рынок!",ПУТИНА,https://putina.org,zakaz@putina.org,+7(812)309-70-12,https://pirexpo.com/exposition/all-exhibitors/2040,2040,include,"ПУТИНА | рыбные консервы и пресервы; икра рыб; полуфабрикаты из рыбы; рыбная кулинария; рыбные деликатесы; морепродукты | Компания с огромным опытом работы и большим охватом рынка – один из лидеров отрасли. Мы знаем себе цену, потому что ведём и видим бизнес от плеска волны до блеска витрины магазина. Мы, действительно, съели немало соли на сахалинской путине и по-настоящему любим своё дело. Не будет преувеличением сказать, что, совершенствуя технологии, компании «ПУТИНА» освоила несколько наук: как поймать, вырастить и засолить, как транспортировать и презентовать икру и другие виды морепродуктов. Мы освоили науку побеждать: побеждать стихию, время и те вызовы, которые предлагает нам современный рынок!",parsed_official_pirexpo_api,,2026-10-05T08:23:57Z,pir-expo-2026-official-pirexpo-api-signo-v1.0.2-service-product-leakage-remediation,ok,kept: official PIR Russian-market row with HoReCa product/category evidence,product_evidence,repeat,exact email matched current Twenty repeat index,zakaz@putina.org,,Путина,zakaz@putina.org,putina.org,official_pirexpo_brand_list_api,,skipped_official_email_present,,,zakaz@putina.org,official API email
ПИР Экспо 2026,26–29 октября 2026,SILICO,SILICO,"Гастроемкости, противни; Посуда для приготовления пищи; Кондитерский и пекарский инвентарь; Пиццерийный инвентарь",Россия / российский рынок,Москва,,"зал 15, стенд 3A82",15,"Гастроемкости, противни; Посуда для приготовления пищи; Кондитерский и пекарский инвентарь; Пиццерийный инвентарь",Силико — Эксперт в производстве формовых изделий из силикона С 2005 года мы изготавливаем продукцию из силиконовых резин для высокотехнологичного оборудования на собственной площадке в Московской области. Мы не просто выпускаем готовые изделия — мы обеспечиваем бесперебойную работу вашего оборудования и чистоту производственных процессов.,SILICO,https://silico.ru,sales@silico.ru,+7 (499) 110-78-07,https://pirexpo.com/exposition/all-exhibitors/2373,2373,include,"SILICO | Гастроемкости, противни; Посуда для приготовления пищи; Кондитерский и пекарский инвентарь; Пиццерийный инвентарь | Силико — Эксперт в производстве формовых изделий из силикона С 2005 года мы изготавливаем продукцию из силиконовых резин для высокотехнологичного оборудования на собственной площадке в Московской области. Мы не просто выпускаем готовые изделия — мы обеспечиваем бесперебойную работу вашего оборудования и чистоту производственных процессов.",parsed_official_pirexpo_api,,2026-10-05T08:23:57Z,pir-expo-2026-official-pirexpo-api-signo-v1.0.2-service-product-leakage-remediation,ok,kept: official PIR Russian-market row with HoReCa product/category evidence,product_evidence,repeat,exact email matched current Twenty repeat index,sales@silico.ru,,Силико Производственная,sales@silico.ru,silico.ru,official_pirexpo_brand_list_api,,skipped_official_email_present,,,sales@silico.ru,official API email
ПИР Экспо 2026,26–29 октября 2026,OCOFFEEMIO,OCOFFEEMIO,"Бойлеры; Кофемашины; Оборудование для замеса, формовки и расстойки теста; Запасные части для кофемашин; Кофе в капсулах; Кофе в чалдах; Кофе в дрип-пакетах; Аренда кофемашин; Эспрессо кофемолки; Кофемолки для альтернативного заваривания; Молотый кофе; Тестомесы; Барный инвентарь; Слайсеры; Нейтральное и вспомогательное оборудование; Продукты питания, полуфабрикаты, специи и соусы крупной фасовки; Оборудование для контроля готовой продукции",Россия / российский рынок,Москва,,"зал 13, стенд 1E85",13,"Бойлеры; Кофемашины; Оборудование для замеса, формовки и расстойки теста; Запасные части для кофемашин; Кофе в капсулах; Кофе в чалдах; Кофе в дрип-пакетах; Аренда кофемашин; Эспрессо кофемолки; Кофемолки для альтернативного заваривания; Молотый кофе; Тестомесы; Барный инвентарь; Слайсеры; Нейтральное и вспомогательное оборудование; Продукты питания, полуфабрикаты, специи и соусы крупной фасовки; Оборудование для контроля готовой продукции","O Coffee Mio — официальный дистрибьютор премиального кофейного оборудования в России. Мы представляем эксклюзивные итальянские бренды с мировым именем, обеспечивая полный цикл обслуживания. Наши компании: - Кофемашины XLVI: единственные полностью кастомизируемые кофемашины в мире. Это итальянский производитель с 14-летним опытом. Ключевая особенность — все детали произведены в Европе и собраны вручную. - Кофемолки Ceado: лидер европейского рынка жерновых кофемолок. Генеральный спонсор World Barista Championship. Самая быстрорастущая компания производителей кофемолок в Европе. Также производитель лучшего барного оборудования в мире. - Тестомесы Bernardi: единственный производитель тестомесов с запатентованной технологией рычажного замеса. Тестомесы Bernardi позволяют работать с тестом любой гидратации, не перегревая его даже после долгих часов замеса. Условия сотрудничества: - Официальная гарантия от производителя - Сервисное обслуживание на территории РФ - Обучение персонала - Лизинг и рассрочка - Доставка по всей России Контакты: +79858368419 official@o-coffee-mio.ru https://o-coffee-mio.ru",OCOFFEEMIO,https://o-coffee-mio.ru,official@o-coffee-mio.ru,+79858368419,https://pirexpo.com/exposition/all-exhibitors/1911,1911,include,"OCOFFEEMIO | Бойлеры; Кофемашины; Оборудование для замеса, формовки и расстойки теста; Запасные части для кофемашин; Кофе в капсулах; Кофе в чалдах; Кофе в дрип-пакетах; Аренда кофемашин; Эспрессо кофемолки; Кофемолки для альтернативного заваривания; Молотый кофе; Тестомесы; Барный инвентарь; Слайсеры; Нейтральное и вспомогательное оборудование; Продукты питания, полуфабрикаты, специи и соусы крупной фасовки; Оборудование для контроля готовой продукции | O Coffee Mio — официальный дистрибьютор премиального кофейного оборудования в России. Мы представляем эксклюзивные итальянские бренды с мировым именем, обеспечивая полный цикл обслуживания. Наши компании: - Кофемашины XLVI: единственные полностью кастомизируемые кофемашины в мире. Это итальянский производитель с 14-летним опытом. Ключевая особенность — все детали произведены в Европе и собраны вручную. - Кофемолки Ceado: лидер европейского рынка жерновых кофемолок. Генеральный спонсор World Barista Championship. Самая быстрорастущая компания производителей кофемолок в Европе. Также производитель лучшего барного оборудования в мире. - Тестомесы Bernardi: единственный производитель тестомесов",parsed_official_pirexpo_api,,2026-10-05T08:23:57Z,pir-expo-2026-official-pirexpo-api-signo-v1.0.2-service-product-leakage-remediation,ok,kept: official PIR Russian-market row with HoReCa product/category evidence,product_evidence,new,no exact email or safe company-owned domain match in current Twenty repeat index,,,,official@o-coffee-mio.ru,o-coffee-mio.ru,official_pirexpo_brand_list_api,,skipped_official_email_present,,,official@o-coffee-mio.ru,official API email
ПИР Экспо 2026,26–29 октября 2026,CHEESEBERRY,CHEESEBERRY,пирожные; печенье; замороженные изделия; торты,Россия / российский рынок,Москва,,"зал 15, стенд 3C80",15,пирожные; печенье; замороженные изделия; торты,"CHEESEBERRY - российский производитель замороженных и охлаждённых десертов для HoReCa, Retail и сетевых клиентов. Более 20 лет компания работает на профессиональном рынке, объединяя авторские рецептуры, полный цикл производства, стабильное качество и современные технологии заморозки. В ассортименте продукции- чизкейки, торты, тарты, кукисы, порционные десерты и мягкие сыры. CHEESEBERRY - надёжный партнёр для тех, кто развивает десертную категорию как прибыльное направление бизнеса.",CHEESEBERRY,https://cheeseberry.ru,office@cheeseberry.ru,+7-985-920-63-20,https://pirexpo.com/exposition/all-exhibitors/2256,2256,include,"CHEESEBERRY | пирожные; печенье; замороженные изделия; торты | CHEESEBERRY - российский производитель замороженных и охлаждённых десертов для HoReCa, Retail и сетевых клиентов. Более 20 лет компания работает на профессиональном рынке, объединяя авторские рецептуры, полный цикл производства, стабильное качество и современные технологии заморозки. В ассортименте продукции- чизкейки, торты, тарты, кукисы, порционные десерты и мягкие сыры. CHEESEBERRY - надёжный партнёр для тех, кто развивает десертную категорию как прибыльное направление бизнеса.",parsed_official_pirexpo_api,,2026-10-05T08:23:57Z,pir-expo-2026-official-pirexpo-api-signo-v1.0.2-service-product-leakage-remediation,ok,kept: official PIR Russian-market row with HoReCa product/category evidence,product_evidence,repeat,safe non-generic company-owned domain matched current Twenty repeat index,,cheeseberry.ru,Чизберри,office@cheeseberry.ru,cheeseberry.ru,official_pirexpo_brand_list_api,,skipped_official_email_present,,,office@cheeseberry.ru,official API email
ПИР Экспо 2026,26–29 октября 2026,БОТАНИКА,БОТАНИКА,Пюре; Сиропы,Россия / российский рынок,Москва,,"зал 13, стенд 1E89",13,Пюре; Сиропы,"Наше производство — это не просто фабрика, это сердце, в котором рождаются чистые вкусы природы. Мы — объединение брендов Botanika Stories, Proff Puree, Dolce Primavera и Botanika , и наша миссия — обеспечивать профессионалов индустрии питания и гостеприимства безупречными ингредиентами. Наши натуральные сиропы и пюре — это фундамент для ваших кулинарных шедевров, будь то изысканный кофейный напиток, авторский коктейль или нежный десерт",БОТАНИКА,https://botanikastories.ru,info@botanikastories.ru,8 (925) 645-57-69,https://pirexpo.com/exposition/all-exhibitors/2004,2004,include,"БОТАНИКА | Пюре; Сиропы | Наше производство — это не просто фабрика, это сердце, в котором рождаются чистые вкусы природы. Мы — объединение брендов Botanika Stories, Proff Puree, Dolce Primavera и Botanika , и наша миссия — обеспечивать профессионалов индустрии питания и гостеприимства безупречными ингредиентами. Наши натуральные сиропы и пюре — это фундамент для ваших кулинарных шедевров, будь то изысканный кофейный напиток, авторский коктейль или нежный десерт",parsed_official_pirexpo_api,,2026-10-05T08:23:57Z,pir-expo-2026-official-pirexpo-api-signo-v1.0.2-service-product-leakage-remediation,ok,kept: official PIR Russian-market row with HoReCa product/category evidence,product_evidence,new,no exact email or safe company-owned domain match in current Twenty repeat index,,,,info@botanikastories.ru,botanikastories.ru,official_pirexpo_brand_list_api,,skipped_official_email_present,,,info@botanikastories.ru,official API email
ПИР Экспо 2026,26–29 октября 2026,БРАТЬЯ КАРАВАЕВЫ,БРАТЬЯ КАРАВАЕВЫ,Продукты для здорового питания; Готовая еда; хлеб; Кулинария; мучные полуфабрикаты; хлебобулочные полуфабрикаты; готовые блюда,Россия / российский рынок,Москва,,"зал 15, стенд 3E60",15,Продукты для здорового питания; Готовая еда; хлеб; Кулинария; мучные полуфабрикаты; хлебобулочные полуфабрикаты; готовые блюда,"«Братья Караваевы» — сеть кулинарных лавок, задающая стандарт городской гастрономии в Москве. Формат объединяет кулинарию, пекарню и кафе: гость может перекусить, взять еду с собой, посидеть за чашкой кофе или заказать доставку. В сети — более 79 точек в удобных локациях столицы; по данным РБК, бренд входит в топ‑30 самых посещаемых заведений России.Ключевая особенность — полный цикл собственного производства. Продукция готовится вручную на фабриках‑кухнях, сертифицированных по стандарту ISO 22000.Компания расширяет ассортимент: в меню регулярно появляются сезонные и авторские новинки. Недавно запущена линейка фермерских хлебов холодной ферментации — они отличаются насыщенным вкусом, полезными свойствами и особой текстурой.Отдельное направление — кофейная культура. У сети есть собственный цех обжарки; зерно соответствует уровню Specialty (оценка Q86). Ежемесячно посетители выпивают миллион чашек кофе.В меню — свыше 150 позиций, включая авторские блюда от бренд‑шефа Мишеля Эвана, шефа со звездой «Мишлен».Компания развивает франшизу: партнёрам предоставляют комплексную поддержку — от обучения в собственной Академии до IT‑решений, маркетинга и ежедневных поставок.Миссия «Братьев Караваевых» — дарить людям радость от вкусной, свежей и качественной домашней еды, улучшая повседневную жизнь и освобождая время. Эта философия определяет все процессы: от рецептур и стандартов производства до атмосферы в лавках и подхода к сервису.",БРАТЬЯ КАРАВАЕВЫ,https://www.karavaevi.ru/?ysclid=mr0cet9c7o897797380,b2bwork@karavaevi.ru,+74957874644,https://pirexpo.com/exposition/all-exhibitors/2372,2372,include,"БРАТЬЯ КАРАВАЕВЫ | Продукты для здорового питания; Готовая еда; хлеб; Кулинария; мучные полуфабрикаты; хлебобулочные полуфабрикаты; готовые блюда | «Братья Караваевы» — сеть кулинарных лавок, задающая стандарт городской гастрономии в Москве. Формат объединяет кулинарию, пекарню и кафе: гость может перекусить, взять еду с собой, посидеть за чашкой кофе или заказать доставку. В сети — более 79 точек в удобных локациях столицы; по данным РБК, бренд входит в топ‑30 самых посещаемых заведений России.Ключевая особенность — полный цикл собственного производства. Продукция готовится вручную на фабриках‑кухнях, сертифицированных по стандарту ISO 22000.Компания расширяет ассортимент: в меню регулярно появляются сезонные и авторские новинки. Недавно запущена линейка фермерских хлебов холодной ферментации — они отличаются насыщенным вкусом, полезны",parsed_official_pirexpo_api,,2026-10-05T08:23:57Z,pir-expo-2026-official-pirexpo-api-signo-v1.0.2-service-product-leakage-remediation,ok,kept: official PIR Russian-market row with HoReCa product/category evidence,product_evidence,repeat,safe non-generic company-owned domain matched current Twenty repeat index,,karavaevi.ru,Карамель,b2bwork@karavaevi.ru,karavaevi.ru,official_pirexpo_brand_list_api,,skipped_official_email_present,,,b2bwork@karavaevi.ru,official API email
ПИР Экспо 2026,26–29 октября 2026,SATE,SATE,Профессиональная посуда; Барный инвентарь; Предметы сервировки,Россия / российский рынок,Москва,,"зал 14, стенд 2E111",14,Профессиональная посуда; Барный инвентарь; Предметы сервировки,"Небьющаяся посуда SATE — это современный взгляд на посуду, созданную для жизни в движении. Мы верим, что прочность и лёгкость могут идти рука об руку. Каждая деталь SATE объединяет в себе изящество формы, надёжность и удобство в использовании.",SATE,https://sateglass.ru,sate@europartner.su,+7 (812) 448 18 70; +7 (812) 339 61 51,https://pirexpo.com/exposition/all-exhibitors/2347,2347,include,"SATE | Профессиональная посуда; Барный инвентарь; Предметы сервировки | Небьющаяся посуда SATE — это современный взгляд на посуду, созданную для жизни в движении. Мы верим, что прочность и лёгкость могут идти рука об руку. Каждая деталь SATE объединяет в себе изящество формы, надёжность и удобство в использовании.",parsed_official_pirexpo_api,,2026-10-05T08:23:57Z,pir-expo-2026-official-pirexpo-api-signo-v1.0.2-service-product-leakage-remediation,ok,kept: official PIR Russian-market row with HoReCa product/category evidence,product_evidence,repeat,safe non-generic company-owned domain matched current Twenty repeat index,,europartner.su,Европартнер,sate@europartner.su,europartner.su; sateglass.ru,official_pirexpo_brand_list_api,,skipped_official_email_present,,,sate@europartner.su,official API email
ПИР Экспо 2026,26–29 октября 2026,ФРАНКО,ФРАНКО,Кофемолки для альтернативного заваривания; Ручные кофемолки; Кофемашины; Полуавтоматические; Суперавтомат; Запасные части для кофемашин; Эспрессо кофемолки,Россия / российский рынок,Москва,,"зал 13, стенд 1D30",13,Кофемолки для альтернативного заваривания; Ручные кофемолки; Кофемашины; Полуавтоматические; Суперавтомат; Запасные части для кофемашин; Эспрессо кофемолки,"Компания ФРАНКО — признанный эксперт в сфере кофейных решений в сегментах быстрого питания. Два десятилетия мы создаем передовые и инновационные бизнес-решения в формате «одного окна». Эксклюзивно поставляем на рынок России и СНГ профессиональное кофеварочное и водонагревательное оборудование выдающихся брендов FRANKE, Dalla Corte, Marco, ZKM, Varia. В мире быстрого питания каждая деталь важна, и мы стремимся предложить лучшее — как в оборудовании, так и в обслуживании. ФРАНКО позволяет кафе и ресторанам достигать вершины успеха, оставаясь верными своим клиентам и традициям.",ФРАНКО,https://franko.su,info@franko.su,88006007117,https://pirexpo.com/exposition/all-exhibitors/1949,1949,include,"ФРАНКО | Кофемолки для альтернативного заваривания; Ручные кофемолки; Кофемашины; Полуавтоматические; Суперавтомат; Запасные части для кофемашин; Эспрессо кофемолки | Компания ФРАНКО — признанный эксперт в сфере кофейных решений в сегментах быстрого питания. Два десятилетия мы создаем передовые и инновационные бизнес-решения в формате «одного окна». Эксклюзивно поставляем на рынок России и СНГ профессиональное кофеварочное и водонагревательное оборудование выдающихся брендов FRANKE, Dalla Corte, Marco, ZKM, Varia. В мире быстрого питания каждая деталь важна, и мы стремимся предложить лучшее — как в оборудовании, так и в обслуживании. ФРАНКО позволяет кафе и ресторанам достигать вершины успеха, оставаясь верными своим клиентам и традициям.",parsed_official_pirexpo_api,,2026-10-05T08:23:57Z,pir-expo-2026-official-pirexpo-api-signo-v1.0.2-service-product-leakage-remediation,ok,kept: official PIR Russian-market row with HoReCa product/category evidence,product_evidence,new,no exact email or safe company-owned domain match in current Twenty repeat index,,,,info@franko.su,franko.su,official_pirexpo_brand_list_api,,skipped_official_email_present,,,info@franko.su,official API email
ПИР Экспо 2026,26–29 октября 2026,ФРАНКО,ФРАНКО,Бойлеры; Кофемашины; Автоматические; Полуавтоматические; Суперавтомат; Запасные части для кофемашин; Сервисное обслуживание; Эспрессо кофемолки; Кофемолки для альтернативного заваривания; Ручные кофемолки; Чайники,Россия / российский рынок,Москва,,"зал 13, стенд 1C120",13,Бойлеры; Кофемашины; Автоматические; Полуавтоматические; Суперавтомат; Запасные части для кофемашин; Сервисное обслуживание; Эспрессо кофемолки; Кофемолки для альтернативного заваривания; Ручные кофемолки; Чайники,"Компания ФРАНКО — признанный эксперт в сфере кофейных решений в сегментах быстрого питания. Два десятилетия мы создаем передовые и инновационные бизнес-решения в формате «одного окна». Эксклюзивно поставляем на рынок России и СНГ профессиональное кофеварочное и водонагревательное оборудование выдающихся брендов FRANKE, Dalla Corte, Marco, ZKM, Varia. В мире быстрого питания каждая деталь важна, и мы стремимся предложить лучшее — как в оборудовании, так и в обслуживании. ФРАНКО позволяет кафе и ресторанам достигать вершины успеха, оставаясь верными своим клиентам и традициям.",ФРАНКО,https://franko.su,info@franko.su,88006007117,https://pirexpo.com/exposition/all-exhibitors/2241,2241,include,"ФРАНКО | Бойлеры; Кофемашины; Автоматические; Полуавтоматические; Суперавтомат; Запасные части для кофемашин; Сервисное обслуживание; Эспрессо кофемолки; Кофемолки для альтернативного заваривания; Ручные кофемолки; Чайники | Компания ФРАНКО — признанный эксперт в сфере кофейных решений в сегментах быстрого питания. Два десятилетия мы создаем передовые и инновационные бизнес-решения в формате «одного окна». Эксклюзивно поставляем на рынок России и СНГ профессиональное кофеварочное и водонагревательное оборудование выдающихся брендов FRANKE, Dalla Corte, Marco, ZKM, Varia. В мире быстрого питания каждая деталь важна, и мы стремимся предложить лучшее — как в оборудовании, так и в обслуживании. ФРАНКО позволяет кафе и ресторанам достигать вершины успеха, оставаясь верными своим клиентам и традициям.",parsed_official_pirexpo_api,,2026-10-05T08:23:57Z,pir-expo-2026-official-pirexpo-api-signo-v1.0.2-service-product-leakage-remediation,ok,kept: official PIR Russian-market row with HoReCa product/category evidence,product_evidence,new,no exact email or safe company-owned domain match in current Twenty repeat index,,,,info@franko.su,franko.su,official_pirexpo_brand_list_api,,skipped_official_email_present,,,info@franko.su,official API email
ПИР Экспо 2026,26–29 октября 2026,OSNOVA-TECH,OSNOVA-TECH,Топпинги; Молочные напитки; Какао; горячий шоколад; Сиропы; Растворимый кофе,Россия / российский рынок,Москва,,"зал 13, стенд 1B120",13,Топпинги; Молочные напитки; Какао; горячий шоколад; Сиропы; Растворимый кофе,"Основа Фуд Тэк* — российская foodtech-компания, создающая сухие основы для напитков нового поколения. Мы объединяем пищевые технологии, тренды рынка и глубокую экспертизу в разработке вкусов. Мы создаем готовые решения для бизнеса и дома. Благодаря сухому формату наши продукты легко транспортируются, не требуют сложных условий хранения и позволяют получать стабильный результат всего за несколько секунд. Без концентратов и лишних этапов. В ассортименте напитки на любой запрос и сезон: десертные кофейные вкусы, которые превращают обычную чашку кофе в полноценный десерт; функциональные напитки с витаминами и протеином; растительные решения; освежающие лимонады, тоники и чаи; матча, какао и коктейли. Мы любим экспериментировать со вкусами и создавать продукты, которые удивляют. Соленая фисташка, ягодные и тропические сочетания, сливочные десертные композиции и даже сияющие напитки с пищевым глиттером. Основа Фуд Тэк — это место, где современные технологии встречаются со вкусом. Мы создаем напитки, которые выглядят эффектно, готовятся за секунды и оставляют приятное послевкусие. *Резидент Сколково, Росконгресс, ""Сделано в Москве"" и МИК.",OSNOVA-TECH,https://osnova-tech.ru,info@osnova-tech.ru,89895770165,https://pirexpo.com/exposition/all-exhibitors/1953,1953,include,"OSNOVA-TECH | Топпинги; Молочные напитки; Какао; горячий шоколад; Сиропы; Растворимый кофе | Основа Фуд Тэк* — российская foodtech-компания, создающая сухие основы для напитков нового поколения. Мы объединяем пищевые технологии, тренды рынка и глубокую экспертизу в разработке вкусов. Мы создаем готовые решения для бизнеса и дома. Благодаря сухому формату наши продукты легко транспортируются, не требуют сложных условий хранения и позволяют получать стабильный результат всего за несколько секунд. Без концентратов и лишних этапов. В ассортименте напитки на любой запрос и сезон: десертные кофейные вкусы, которые превращают обычную чашку кофе в полноценный десерт; функциональные напитки с витаминами и протеином; растительные решения; освежающие лимонады, тоники и чаи; матча, какао и кокт",parsed_official_pirexpo_api,,2026-10-05T08:23:57Z,pir-expo-2026-official-pirexpo-api-signo-v1.0.2-service-product-leakage-remediation,ok,kept: official PIR Russian-market row with HoReCa product/category evidence,product_evidence,new,no exact email or safe company-owned domain match in current Twenty repeat index,,,,info@osnova-tech.ru,osnova-tech.ru,official_pirexpo_brand_list_api,,skipped_official_email_present,,,info@osnova-tech.ru,official API email
ПИР Экспо 2026,26–29 октября 2026,МИКРОТОН,МИКРОТОН,Печи для пиццы; Конвекционные печи,Россия / российский рынок,Москва,,"зал 14, стенд 2F60",14,Печи для пиццы; Конвекционные печи,"МИКРОТОН — российский бренд высокоскоростного оборудования для предприятий общественного питания. МИКРОТОН создает решения, которые помогают предприятиям HoReCa работать быстрее, эффективнее и увереннее в условиях высокой нагрузки. Инженерные разработки, программные технологии и искусственный интеллект объединяются в единую экосистему, где каждая технология решает практические задачи бизнеса: сокращает время выполнения операций, повышает стабильность результата, упрощает обучение персонала и помогает эффективнее использовать ресурсы кухни. В основе философии бренда — стремление сделать передовые технологии доступными российскому рынку общественного питания. Поэтому МИКРОТОН развивает не только профессиональное оборудование, но и цифровые продукты, формируя комплексную экосистему для автоматизации процессов, повышения производительности и поддержки персонала.",МИКРОТОН,https://microton.ru,hello@microton.ru,8 (800) 555-28-64,https://pirexpo.com/exposition/all-exhibitors/2187,2187,include,"МИКРОТОН | Печи для пиццы; Конвекционные печи | МИКРОТОН — российский бренд высокоскоростного оборудования для предприятий общественного питания. МИКРОТОН создает решения, которые помогают предприятиям HoReCa работать быстрее, эффективнее и увереннее в условиях высокой нагрузки. Инженерные разработки, программные технологии и искусственный интеллект объединяются в единую экосистему, где каждая технология решает практические задачи бизнеса: сокращает время выполнения операций, повышает стабильность результата, упрощает обучение персонала и помогает эффективнее использовать ресурсы кухни. В основе философии бренда — стремление сделать передовые технологии доступными российскому рынку общественного питания. Поэтому МИКРОТОН развивает не толь",parsed_official_pirexpo_api,,2026-10-05T08:23:57Z,pir-expo-2026-official-pirexpo-api-signo-v1.0.2-service-product-leakage-remediation,ok,kept: official PIR Russian-market row with HoReCa product/category evidence,product_evidence,repeat,exact email matched current Twenty repeat index,hello@microton.ru,,Микротон,hello@microton.ru,microton.ru,official_pirexpo_brand_list_api,,skipped_official_email_present,,,hello@microton.ru,official API email
ПИР Экспо 2026,26–29 октября 2026,МВ ФУД,МВ ФУД,масло растительное; ингридиенты для пищевой промышленности; готовые приправы и соусы; уксус; пищевые ароматизаторы; пищевые красители,Россия / российский рынок,Москва,,"зал 15, стенд 3D81",15,масло растительное; ингридиенты для пищевой промышленности; готовые приправы и соусы; уксус; пищевые ароматизаторы; пищевые красители,"Разработка и производство соевого соуса, рисового уксуса, прочих кулинарных соусов и маринадов",МВ ФУД,https://www.mv-food.ru,info@mv-food.ru,+78619910529,https://pirexpo.com/exposition/all-exhibitors/2379,2379,include,"МВ ФУД | масло растительное; ингридиенты для пищевой промышленности; готовые приправы и соусы; уксус; пищевые ароматизаторы; пищевые красители | Разработка и производство соевого соуса, рисового уксуса, прочих кулинарных соусов и маринадов",parsed_official_pirexpo_api,,2026-10-05T08:23:57Z,pir-expo-2026-official-pirexpo-api-signo-v1.0.2-service-product-leakage-remediation,ok,kept: official PIR Russian-market row with HoReCa product/category evidence,product_evidence,repeat,safe non-generic company-owned domain matched current Twenty repeat index,,mv-food.ru,Мв Фуд,info@mv-food.ru,mv-food.ru,official_pirexpo_brand_list_api,,skipped_official_email_present,,,info@mv-food.ru,official API email
ПИР Экспо 2026,26–29 октября 2026,РУССКИЙ КРАБ,РУССКИЙ КРАБ,морепродукты,Россия / российский рынок,Москва,,"зал 15, стенд 3E51",15,морепродукты,"Группа компаний «Русский Краб» — одно из крупнейших в России предприятие по добыче краба. Группа ведет промысел камчатского, синего, равношипого и волосатого четырехугольного крабов, крабов-стригунов опилио и Бэрди, а также трубача в холодных водах Берингова, Охотского, Японского и Баренцева морей. «Русский краб» имеет собственный флот из 45 промысловых судов и реализует инвестиционную программу по строительству современных судов-краболовов.",РУССКИЙ КРАБ,https://www.russiancrab.ru,office@russiancrab.ru,+7 (423) 264-37-37,https://pirexpo.com/exposition/all-exhibitors/2093,2093,include,"РУССКИЙ КРАБ | морепродукты | Группа компаний «Русский Краб» — одно из крупнейших в России предприятие по добыче краба. Группа ведет промысел камчатского, синего, равношипого и волосатого четырехугольного крабов, крабов-стригунов опилио и Бэрди, а также трубача в холодных водах Берингова, Охотского, Японского и Баренцева морей. «Русский краб» имеет собственный флот из 45 промысловых судов и реализует инвестиционную программу по строительству современных судов-краболовов.",parsed_official_pirexpo_api,,2026-10-05T08:23:57Z,pir-expo-2026-official-pirexpo-api-signo-v1.0.2-service-product-leakage-remediation,ok,kept: official PIR Russian-market row with HoReCa product/category evidence,product_evidence,new,no exact email or safe company-owned domain match in current Twenty repeat index,,,,office@russiancrab.ru,russiancrab.ru,official_pirexpo_brand_list_api,,skipped_official_email_present,,,office@russiancrab.ru,official API email
ПИР Экспо 2026,26–29 октября 2026,НОВЫЕ ГОРИЗОНТЫ,НОВЫЕ ГОРИЗОНТЫ,Игровое оборудование; Оборудования для спортивных и детских площадок; Малые архитектурные формы; Транспорт и гольф-кары,Россия / российский рынок,Москва,,"зал 15, стенд 4G114",15,Игровое оборудование; Оборудования для спортивных и детских площадок; Малые архитектурные формы; Транспорт и гольф-кары,"Компания «Новые Горизонты» более 25 лет создает самые современные игровые пространства для детей. Мы строим детские развлекательные центры, лабиринты, игровые комнаты, батутные парки, а также уникальные детские площадки по индивидуальным проектам для парков, жилых кварталов и образовательных учреждений. Полный цикл работ — от консалтинга и проектирования до производства и монтажа — позволил реализовать более 1000 проектов по всей России и СНГ. Мы – архитекторы детских радостей, создающие уникальные игровые пространства, где дизайн, технологичность и функциональность сплетаются в единый шедевр.",НОВЫЕ ГОРИЗОНТЫ,https://www.newhorizons.ru,ng@newhorizons.ru,+74951208999,https://pirexpo.com/exposition/all-exhibitors/2364,2364,include,"НОВЫЕ ГОРИЗОНТЫ | Игровое оборудование; Оборудования для спортивных и детских площадок; Малые архитектурные формы; Транспорт и гольф-кары | Компания «Новые Горизонты» более 25 лет создает самые современные игровые пространства для детей. Мы строим детские развлекательные центры, лабиринты, игровые комнаты, батутные парки, а также уникальные детские площадки по индивидуальным проектам для парков, жилых кварталов и образовательных учреждений. Полный цикл работ — от консалтинга и проектирования до производства и монтажа — позволил реализовать более 1000 проектов по всей России и СНГ. Мы – архитекторы детских радостей, создающие уникальные игровые пространства, где дизайн, технологичность и функциональность сплетаются в единый шедевр.",parsed_official_pirexpo_api,,2026-10-05T08:23:57Z,pir-expo-2026-official-pirexpo-api-signo-v1.0.2-service-product-leakage-remediation,ok,kept: official PIR Russian-market row with HoReCa product/category evidence,product_evidence,repeat,exact email matched current Twenty repeat index,ng@newhorizons.ru,,Новые горизонты,ng@newhorizons.ru,newhorizons.ru,official_pirexpo_brand_list_api,,skipped_official_email_present,,,ng@newhorizons.ru,official API email
ПИР Экспо 2026,26–29 октября 2026,НОМЕРНОЙ ФОНД,НОМЕРНОЙ ФОНД,Гостиничная косметика и парфюмерия,Россия / российский рынок,Москва,,"зал 15, стенд 4K58",15,Гостиничная косметика и парфюмерия,"Косметика для отелей стала доступней напрямую от импортера. Основные склады нашей компании находятся в Московской области, но мы работаем со всеми регионами РФ, доставляя товар сразу к Вам в отель. Сократив свои издержки, являясь прямым представителем европейских производителей и самостоятельным импортером, мы обеспечили рынку - лучшие цены, а наши профессиональные менеджеры - высокий уровень сервиса! В Москве, Санкт-Петербурге, Новосибирске, Екатеринбурге и Белгороде в Ваш отель всегда готовы приехать на встречу наши сотрудники для презентации образцов одноразовой продукции и обсуждения условий сотрудничества. Для всех остальных регионов мы готовы предоставлять бесплатные образцы гостиничной косметики курьерской службой.",НОМЕРНОЙ ФОНД,https://nomernoyfond.ru,sale@nomernoyfond.ru,+7 (495) 128-52-99,https://pirexpo.com/exposition/all-exhibitors/1933,1933,include,"НОМЕРНОЙ ФОНД | Гостиничная косметика и парфюмерия | Косметика для отелей стала доступней напрямую от импортера. Основные склады нашей компании находятся в Московской области, но мы работаем со всеми регионами РФ, доставляя товар сразу к Вам в отель. Сократив свои издержки, являясь прямым представителем европейских производителей и самостоятельным импортером, мы обеспечили рынку - лучшие цены, а наши профессиональные менеджеры - высокий уровень сервиса! В Москве, Санкт-Петербурге, Новосибирске, Екатеринбурге и Белгороде в Ваш отель всегда готовы приехать на встречу наши сотрудники для презентации образцов одноразовой продукции и обсуждения условий сотрудничества. Для всех остальных регионов мы готовы предоставлять бесплатные образцы гостинично",parsed_official_pirexpo_api,,2026-10-05T08:23:57Z,pir-expo-2026-official-pirexpo-api-signo-v1.0.2-service-product-leakage-remediation,ok,kept: official PIR Russian-market row with HoReCa product/category evidence,product_evidence,new,no exact email or safe company-owned domain match in current Twenty repeat index,,,,sale@nomernoyfond.ru,nomernoyfond.ru,official_pirexpo_brand_list_api,,skipped_official_email_present,,,sale@nomernoyfond.ru,official API email
ПИР Экспо 2026,26–29 октября 2026,REFETTORIO,REFETTORIO,"Кондитерские витрины; Тепловые витрины; Холодильные горки; Холодильные витрины; Мармиты, чафиндиши; Буфеты, Шведские столы, Салат-бары; Линии раздачи",Россия / российский рынок,Москва,,"зал 14, стенд 2C90",14,"Кондитерские витрины; Тепловые витрины; Холодильные горки; Холодильные витрины; Мармиты, чафиндиши; Буфеты, Шведские столы, Салат-бары; Линии раздачи","Refettorio® — бренд, который определяет новый стандарт оборудования для демонстрации и раздачи питания в премиальном сегменте российского рынка. Refettorio® производит полный спектр решений для индустрии питания и торговли: модульные линии раздачи, прилавки самообслуживания в формате «шведский стол», витрины и кулинарные модули, а также мобильные кулинарные станции. Каждое изделие — это сплав технологий, качества и продуманного дизайна. Современные дизайнерские и конструктивные решения обеспечивают актуальность и стабильную эксплуатацию до 10 лет и более, а высококачественные материалы отделки надолго сохраняют презентабельный внешний вид оборудования даже при интенсивной коммерческой нагрузке. Именно поэтому оборудование Refettorio® выбирают заведения, для которых важны не только функциональность, но и эстетика пространства. Дилерская сеть Refettorio® охватывает более 50 городов России и стран СНГ, обеспечивая клиентам стабильный доступ к продукции, сервисному обслуживанию и технической поддержке. Refettorio® — это выбор тех, кто ценит надёжность, эстетику и технологичность в каждой детали.",REFETTORIO,https://refettorio.ru,sales2@chtt.ru,+7 (906) 865-84-12,https://pirexpo.com/exposition/all-exhibitors/2128,2128,include,"REFETTORIO | Кондитерские витрины; Тепловые витрины; Холодильные горки; Холодильные витрины; Мармиты, чафиндиши; Буфеты, Шведские столы, Салат-бары; Линии раздачи | Refettorio® — бренд, который определяет новый стандарт оборудования для демонстрации и раздачи питания в премиальном сегменте российского рынка. Refettorio® производит полный спектр решений для индустрии питания и торговли: модульные линии раздачи, прилавки самообслуживания в формате «шведский стол», витрины и кулинарные модули, а также мобильные кулинарные станции. Каждое изделие — это сплав технологий, качества и продуманного дизайна. Современные дизайнерские и конструктивные решения обеспечивают актуальность и стабильную эксплуатацию до 10 лет и более, а высококачественные материалы отделки надолго сохраняют презентабельный внешний вид оборудования даже при интенсивной коммерческой нагруз",parsed_official_pirexpo_api,,2026-10-05T08:23:57Z,pir-expo-2026-official-pirexpo-api-signo-v1.0.2-service-product-leakage-remediation,ok,kept: official PIR Russian-market row with HoReCa product/category evidence,product_evidence,new,no exact email or safe company-owned domain match in current Twenty repeat index,,,,sales2@chtt.ru,chtt.ru; refettorio.ru,official_pirexpo_brand_list_api,,skipped_official_email_present,,,sales2@chtt.ru,official API email
ПИР Экспо 2026,26–29 октября 2026,RHEAVENDORS EAST,RHEAVENDORS EAST,Кофемашины,Россия / российский рынок,Москва,,"зал 13, стенд 1D80",13,Кофемашины,"ООО «Риа Вендорз Восток» — официальный представитель итальянского завода Rheavendors Group в России с 2010 года. Мы предлагаем профессиональное кофейное и вендинговое оборудование напрямую с завода в Италии; экспертный подбор, сервис и запчасти. На ПИР Экспо 2026 мы впервые представим флагманскую новинку — суперавтомат rhTT.10. Это кофемашина соответствует всем требованиям рынка: молочная система, ротационная помпа, плоские жернова и приготовление двух напитков одновременно. Быстрая, бесшумная и производительная. А цена этого суперавтомата делает его хитом продаж! Вы увидите как четко rhTT.10 работает на огромном потоке гостей. В экспозиции также будут представлены другие обновлённые модели кофемашин и вендинговые аппараты. И, как всегда, мы подготовили новые креативные рецепты — мы любим удивлять и показывать, на что способно наше оборудование. Rheavendors Group — это более 65 лет итальянской инженерной истории. Оборудование сертифицировано по европейским стандартам и рассчитано на срок службы не менее 10 лет. Наши преимущества — прямые поставки, запчасти в наличии, сервис по всей России, штатные инженеры, горячая линия 8-800 и сервисная платформа с отчётностью по каждой точке. Мы работаем с сетями АЗС, ритейлом, HoReCa, вендинговыми операторами, офисами и отелями. Наши клиенты выбирают нас за надёжность, европейское качество, партнёрский подход и ответственность.",RHEAVENDORS EAST,http://rheavendors.su,office@rheavendors.su,+74997456092,https://pirexpo.com/exposition/all-exhibitors/1967,1967,include,"RHEAVENDORS EAST | Кофемашины | ООО «Риа Вендорз Восток» — официальный представитель итальянского завода Rheavendors Group в России с 2010 года. Мы предлагаем профессиональное кофейное и вендинговое оборудование напрямую с завода в Италии; экспертный подбор, сервис и запчасти. На ПИР Экспо 2026 мы впервые представим флагманскую новинку — суперавтомат rhTT.10. Это кофемашина соответствует всем требованиям рынка: молочная система, ротационная помпа, плоские жернова и приготовление двух напитков одновременно. Быстрая, бесшумная и производительная. А цена этого суперавтомата делает его хитом продаж! Вы увидите как четко rhTT.10 работает на огромном потоке гостей. В экспозиции также будут представлены другие обновлённые модели",parsed_official_pirexpo_api,,2026-10-05T08:23:57Z,pir-expo-2026-official-pirexpo-api-signo-v1.0.2-service-product-leakage-remediation,ok,kept: official PIR Russian-market row with HoReCa product/category evidence,product_evidence,new,no exact email or safe company-owned domain match in current Twenty repeat index,,,,office@rheavendors.su,rheavendors.su,official_pirexpo_brand_list_api,,skipped_official_email_present,,,office@rheavendors.su,official API email
ПИР Экспо 2026,26–29 октября 2026,LAMI,LAMI,полутвердые сыры; рассольные сыры; Готовая еда; снеки; масло сливочное; готовые блюда; Продукты для здорового питания; Фермерские продукты; Топпинги,Россия / российский рынок,Москва,,"зал 15, стенд 3E62",15,полутвердые сыры; рассольные сыры; Готовая еда; снеки; масло сливочное; готовые блюда; Продукты для здорового питания; Фермерские продукты; Топпинги,"ООО «Рикон» — надёжный поставщик натуральной молочной продукции для HoReCa ООО «Рикон» — динамично развивающийся алтайский производитель, специализирующийся на выпуске натуральной молочной продукции премиального качества. Компания работает с 2001 года, используя в производстве коровье молоко с ферм Алтайского края — региона, известного своей экологически чистой природой и вековыми традициями молочного дела. Продукция компании представлена торговыми марками LAMI, ELLAZAN, Фермерская сбойка, Зимаречье. В ассортименте — моцарелла, мягкие и рассольные сыры, сыр для жарки и гриля, сливочное и топлёное масло, топлёное масло ГХИ. Для профессионалов HoReCa компания предлагает: — стабильное качество и всей продукции; — широкий ассортимент, позволяющий закрыть потребности заведений разных форматов; — уникальные продуктовые решения — инновационные концепции готовых блюд на основе сыров с алтайскими дикоросами (папоротник, кедровый орех); — удобные форматы упаковки для ресторанного использования; — гибкость в работе и готовность к сотрудничеству с дистрибьюторами и производственными партнёрами. ООО «Рикон» ежегодно участвует в ключевых отраслевых выставках, включая «ПИР Экспо», «WorldFood Moscow», «FoodExpo Vietnam», и другие, демонстрируя инновационные решения для рынка гостеприимства. Приглашаем к сотрудничеству рестораторов, отельеров и дистрибьюторов, ценящих натуральное качество и настоящий вкус Алтая.",LAMI,https://lamialtai.ru,grishina@zimarechye.com,+79835557009,https://pirexpo.com/exposition/all-exhibitors/2053,2053,include,"LAMI | полутвердые сыры; рассольные сыры; Готовая еда; снеки; масло сливочное; готовые блюда; Продукты для здорового питания; Фермерские продукты; Топпинги | ООО «Рикон» — надёжный поставщик натуральной молочной продукции для HoReCa ООО «Рикон» — динамично развивающийся алтайский производитель, специализирующийся на выпуске натуральной молочной продукции премиального качества. Компания работает с 2001 года, используя в производстве коровье молоко с ферм Алтайского края — региона, известного своей экологически чистой природой и вековыми традициями молочного дела. Продукция компании представлена торговыми марками LAMI, ELLAZAN, Фермерская сбойка, Зимаречье. В ассортименте — моцарелла, мягкие и рассольные сыры, сыр для жарки и гриля, сливочное и топлёное масло, топлёное масло ГХИ. Для профессионалов HoReCa компания предлагает: — стабильное качество",parsed_official_pirexpo_api,,2026-10-05T08:23:57Z,pir-expo-2026-official-pirexpo-api-signo-v1.0.2-service-product-leakage-remediation,ok,kept: official PIR Russian-market row with HoReCa product/category evidence,product_evidence,repeat,exact email matched current Twenty repeat index,grishina@zimarechye.com,,Lami,grishina@zimarechye.com,lamialtai.ru; zimarechye.com,official_pirexpo_brand_list_api,,skipped_official_email_present,,,grishina@zimarechye.com,official API email
ПИР Экспо 2026,26–29 октября 2026,QUALITYFRY,QUALITYFRY,Фритюрницы,Россия / российский рынок,Москва,,"зал 14, стенд 2G81",14,Фритюрницы,"Quality-Fry — это инновационное оборудование для жарки, которое сводит к минимуму потери тепла и поддерживает оптимальную температуру масла, что позволяет: Экономия до 24% электроэнергии по сравнению с обычной фритюрницей. На 27% ускоряет время приготовления продукта. На 37% экономит расход масла. А система приготовления, сушки и фильтрации удаляет воду, частицы и остатки, в результате чего продукты содержат меньше жира. Мы — международная компания со штаб квартирой и производственным центром в Испании. У нас обширная сеть дистрибьюторов и специалистов по техническому обслуживанию на всех континентах, что позволяет нам оказывать качественную поддержку и помощь, где бы вы не находились.",QUALITYFRY,https://quality-fry.ru,info@quality-fry.ru,+7 (812) 708-9047,https://pirexpo.com/exposition/all-exhibitors/2434,2434,include,"QUALITYFRY | Фритюрницы | Quality-Fry — это инновационное оборудование для жарки, которое сводит к минимуму потери тепла и поддерживает оптимальную температуру масла, что позволяет: Экономия до 24% электроэнергии по сравнению с обычной фритюрницей. На 27% ускоряет время приготовления продукта. На 37% экономит расход масла. А система приготовления, сушки и фильтрации удаляет воду, частицы и остатки, в результате чего продукты содержат меньше жира. Мы — международная компания со штаб квартирой и производственным центром в Испании. У нас обширная сеть дистрибьюторов и специалистов по техническому обслуживанию на всех континентах, что позволяет нам оказывать качественную поддержку и помощь, где бы вы не находились.",parsed_official_pirexpo_api,,2026-10-05T08:23:57Z,pir-expo-2026-official-pirexpo-api-signo-v1.0.2-service-product-leakage-remediation,ok,kept: official PIR Russian-market row with HoReCa product/category evidence,product_evidence,new,no exact email or safe company-owned domain match in current Twenty repeat index,,,,info@quality-fry.ru,quality-fry.ru,official_pirexpo_brand_list_api,,skipped_official_email_present,,,info@quality-fry.ru,official API email
ПИР Экспо 2026,26–29 октября 2026,TASTY COFFEE,TASTY COFFEE,Обжаренное зерно; Кофе в капсулах; Кофе в дрип-пакетах; Растворимый кофе,Россия / российский рынок,Москва,,"зал 13, стенд 1E135",13,Обжаренное зерно; Кофе в капсулах; Кофе в дрип-пакетах; Растворимый кофе,"Tasty Coffee — обжарщики из Ижевска с одним из самых технологичных производств в России. Они сами ездят за кофе в страны произрастания, а зёрна обжаривают только после вашего заказа — всё это, чтобы кофе был максимально свежим и ярким в вашей чашке. Историю зерна в каждой пачке легко проследить по уникальному QR-коду, который никогда не повторяется. Компания делает знания о кофе простыми и доступными: ведёт свой Журнал о кофе, делятся внутряками индустрии в своих соцсетях, снимают познавательные ролики о спешелти для видеоплатформ, развивают кофейное Сообщество на своём сайте.",TASTY COFFEE,https://tastycoffee.ru,sales@tastycoffee.ru,8 (800) 500-41-70,https://pirexpo.com/exposition/all-exhibitors/1921,1921,include,"TASTY COFFEE | Обжаренное зерно; Кофе в капсулах; Кофе в дрип-пакетах; Растворимый кофе | Tasty Coffee — обжарщики из Ижевска с одним из самых технологичных производств в России. Они сами ездят за кофе в страны произрастания, а зёрна обжаривают только после вашего заказа — всё это, чтобы кофе был максимально свежим и ярким в вашей чашке. Историю зерна в каждой пачке легко проследить по уникальному QR-коду, который никогда не повторяется. Компания делает знания о кофе простыми и доступными: ведёт свой Журнал о кофе, делятся внутряками индустрии в своих соцсетях, снимают познавательные ролики о спешелти для видеоплатформ, развивают кофейное Сообщество на своём сайте.",parsed_official_pirexpo_api,,2026-10-05T08:23:57Z,pir-expo-2026-official-pirexpo-api-signo-v1.0.2-service-product-leakage-remediation,ok,kept: official PIR Russian-market row with HoReCa product/category evidence,product_evidence,repeat,exact email matched current Twenty repeat index,sales@tastycoffee.ru,,Tasty Coffee,sales@tastycoffee.ru,tastycoffee.ru,official_pirexpo_brand_list_api,,skipped_official_email_present,,,sales@tastycoffee.ru,official API email
ПИР Экспо 2026,26–29 октября 2026,RU-CHEF,RU-CHEF,Топпинги; специи и пряности; Кулинария,Россия / российский рынок,Москва,,"зал 15, стенд 3E81",15,Топпинги; специи и пряности; Кулинария,"RU-CHEF — российский производитель профессиональных соусов и технологических решений для индустрии питания. Работаем с HoReCa, QSR, стритфудом, кейтерингом, ритейлом и производителями готовой еды. В ассортименте — соусы на майонезной, томатной, овощной и фруктовой основах, топпинги и другие решения для профессиональной кухни. Соусы RU-CHEF решают вопрос операционной эффективности, снижают себестоимость и обеспечивают стабильный вкус блюд от заказа к заказу. RU-CHEF — ДЛЯ ТЕХ, КТО РАБОТАЕТ СО ВКУСОМ!",RU-CHEF,https://ru-chef.com,info@ru-chef.com,+7 (495) 540-48-85,https://pirexpo.com/exposition/all-exhibitors/2281,2281,include,"RU-CHEF | Топпинги; специи и пряности; Кулинария | RU-CHEF — российский производитель профессиональных соусов и технологических решений для индустрии питания. Работаем с HoReCa, QSR, стритфудом, кейтерингом, ритейлом и производителями готовой еды. В ассортименте — соусы на майонезной, томатной, овощной и фруктовой основах, топпинги и другие решения для профессиональной кухни. Соусы RU-CHEF решают вопрос операционной эффективности, снижают себестоимость и обеспечивают стабильный вкус блюд от заказа к заказу. RU-CHEF — ДЛЯ ТЕХ, КТО РАБОТАЕТ СО ВКУСОМ!",parsed_official_pirexpo_api,,2026-10-05T08:23:57Z,pir-expo-2026-official-pirexpo-api-signo-v1.0.2-service-product-leakage-remediation,ok,kept: official PIR Russian-market row with HoReCa product/category evidence,product_evidence,repeat,safe non-generic company-owned domain matched current Twenty repeat index,,ru-chef.com,Ледокул,info@ru-chef.com,ru-chef.com,official_pirexpo_brand_list_api,,skipped_official_email_present,,,info@ru-chef.com,official API email
ПИР Экспо 2026,26–29 октября 2026,28SEEDS,28SEEDS,Продукты для здорового питания,Россия / российский рынок,Москва,,"зал 15, стенд 3C140",15,Продукты для здорового питания,"Российский разработчик и производитель инновационных продуктов питания. Компания специализируется на безалкогольных коктейлях и концентратах 0%, функциональных напитках с пребиотиками и чиа, а также средиземноморских продуктах: оливках, антипасти, вяленых томатах и брускеттах. Мы поставляем продукцию для розничных сетей, HoReCa и дистрибьюторов, а также выпускаем СТМ (Private Label). Приглашаем к сотрудничеству партнеров в России и за рубежом.",28SEEDS,https://www.28seeds.ru,info@28seeds.ru,+7 (812) 568 48 16; 8 (800) 5005628,https://pirexpo.com/exposition/all-exhibitors/2438,2438,include,"28SEEDS | Продукты для здорового питания | Российский разработчик и производитель инновационных продуктов питания. Компания специализируется на безалкогольных коктейлях и концентратах 0%, функциональных напитках с пребиотиками и чиа, а также средиземноморских продуктах: оливках, антипасти, вяленых томатах и брускеттах. Мы поставляем продукцию для розничных сетей, HoReCa и дистрибьюторов, а также выпускаем СТМ (Private Label). Приглашаем к сотрудничеству партнеров в России и за рубежом.",parsed_official_pirexpo_api,,2026-10-05T08:23:57Z,pir-expo-2026-official-pirexpo-api-signo-v1.0.2-service-product-leakage-remediation,ok,kept: official PIR Russian-market row with HoReCa product/category evidence,product_evidence,new,no exact email or safe company-owned domain match in current Twenty repeat index,,,,info@28seeds.ru,28seeds.ru,official_pirexpo_brand_list_api,,skipped_official_email_present,,,info@28seeds.ru,official API email
ПИР Экспо 2026,26–29 октября 2026,ТОРГОВЫЙ ДОМ С ТЕКСТИЛЬ,ТОРГОВЫЙ ДОМ С ТЕКСТИЛЬ,"Текстиль для гостиниц; Текстиль для ресторанов; Гостиничный текстиль, махровые изделия; Подушки, одеяла; Специализированный текстиль (ткани)",Россия / российский рынок,Москва,,"зал 15, стенд 4K50",15,"Текстиль для гостиниц; Текстиль для ресторанов; Гостиничный текстиль, махровые изделия; Подушки, одеяла; Специализированный текстиль (ткани)","«Торговый Дом С Текстиль» — федеральный производитель и поставщик тканей и готового текстиля с 25-летним стажем. В 2015 году специально для гостиничного бизнеса мы создали бренд «S Textile HORECA»: постельное бельё, махровые изделия, текстиль под ключ. Наши ключевые возможности и решения: — Прямой импорт с собственным производством (3 цеха) — выгодные цены. — Входной контроль и экспертиза в ведущих лабораториях РФ — гарантия качества. — Полное сопровождение: консультации, сложные проекты, пост-сервис. — Премиальные решения для отелей 4–5* и бутик-отелей: партнёрство с мировым лидером Standard Textile. Приглашаем на наш стенд. Обсудим проект и подберём текстиль под ваш бюджет!",ТОРГОВЫЙ ДОМ С ТЕКСТИЛЬ,https://textilehoreca.ru,info@s-textile.ru,+7 495 585-57-57,https://pirexpo.com/exposition/all-exhibitors/2237,2237,include,"ТОРГОВЫЙ ДОМ С ТЕКСТИЛЬ | Текстиль для гостиниц; Текстиль для ресторанов; Гостиничный текстиль, махровые изделия; Подушки, одеяла; Специализированный текстиль (ткани) | «Торговый Дом С Текстиль» — федеральный производитель и поставщик тканей и готового текстиля с 25-летним стажем. В 2015 году специально для гостиничного бизнеса мы создали бренд «S Textile HORECA»: постельное бельё, махровые изделия, текстиль под ключ. Наши ключевые возможности и решения: — Прямой импорт с собственным производством (3 цеха) — выгодные цены. — Входной контроль и экспертиза в ведущих лабораториях РФ — гарантия качества. — Полное сопровождение: консультации, сложные проекты, пост-сервис. — Премиальные решения для отелей 4–5* и бутик-отелей: партнёрство с мировым лидером Standard Textile. Приглашаем на наш стенд. Обсудим проект и подберём текстиль под ваш бюджет!",parsed_official_pirexpo_api,,2026-10-05T08:23:57Z,pir-expo-2026-official-pirexpo-api-signo-v1.0.2-service-product-leakage-remediation,ok,kept: official PIR Russian-market row with HoReCa product/category evidence,product_evidence,new,no exact email or safe company-owned domain match in current Twenty repeat index,,,,info@s-textile.ru,s-textile.ru; textilehoreca.ru,official_pirexpo_brand_list_api,,skipped_official_email_present,,,info@s-textile.ru,official API email
ПИР Экспо 2026,26–29 октября 2026,SIMPLE MIX,SIMPLE MIX,Ингредиентные решения; Сухие бульоны; Соусы; Основы для готовых блюд,Россия / российский рынок,Москва,,"зал 15, стенд 3B36",15,,"SimpleMix — ингредиентные решения clean label для готовой еды. Производим сухие бульоны, соусы, основы для вторых блюд и решения для онигири и суши для фабрик-кухонь и HoReCa. Помогаем создавать продукты с чистым составом, стабильным вкусом и удобной технологией приготовления.",SIMPLE MIX,https://simplemix.ru,zakaz@simplemix.ru,+78002225430,https://pirexpo.com/exposition/all-exhibitors/2310,2310,include,"SIMPLE MIX | Ингредиентные решения; Сухие бульоны; Соусы; Основы для готовых блюд | SimpleMix — ингредиентные решения clean label для готовой еды. Производим сухие бульоны, соусы, основы для вторых блюд и решения для онигири и суши для фабрик-кухонь и HoReCa. Помогаем создавать продукты с чистым составом, стабильным вкусом и удобной технологией приготовления.",parsed_official_pirexpo_api,,2026-10-05T08:23:57Z,pir-expo-2026-official-pirexpo-api-signo-v1.0.2-service-product-leakage-remediation,ok,kept: official PIR Russian-market row with HoReCa product/category evidence,product_evidence,repeat,exact email matched current Twenty repeat index,zakaz@simplemix.ru,,Simplemix,zakaz@simplemix.ru,simplemix.ru,official_pirexpo_brand_list_api,,skipped_official_email_present,,,zakaz@simplemix.ru,official API email
ПИР Экспо 2026,26–29 октября 2026,TEK&СТИЛЬ,TEK&СТИЛЬ,Контрактный текстиль; Постельное и столовое белье; Полотенца; Тапочки,Россия / российский рынок,Москва,,"зал 15, стенд 4F88",15,,"Компания ТЕК&СТИЛЬ предлагает весь спектр контрактного текстиля: постельное и столовое белье, шторы, одеяла, подушки, махровые полотенца, саше и пледы, ковролин, тапочки. ООО «Северная Игла» (TEK&STIL) более 20 лет работает на текстильном рынке России, являясь крупным импортером тканей и производителем готовых швейных изделий. Продукция выпускается на собственных производственных площадках, аккредитованных системой Международного Стандарта ISO 9001 и имеет все необходимые сертификаты качества для профессионального использования.",ТЕК&СТИЛЬ,https://tek-stil.ru,info@tek-stil.ru,+7(812)7030221,https://pirexpo.com/exposition/all-exhibitors/2112,2112,include,"TEK&СТИЛЬ | Контрактный текстиль; Постельное и столовое белье; Полотенца; Тапочки | Компания ТЕК&СТИЛЬ предлагает весь спектр контрактного текстиля: постельное и столовое белье, шторы, одеяла, подушки, махровые полотенца, саше и пледы, ковролин, тапочки. ООО «Северная Игла» (TEK&STIL) более 20 лет работает на текстильном рынке России, являясь крупным импортером тканей и производителем готовых швейных изделий. Продукция выпускается на собственных производственных площадках, аккредитованных системой Международного Стандарта ISO 9001 и имеет все необходимые сертификаты качества для профессионального использования.",parsed_official_pirexpo_api,,2026-10-05T08:23:57Z,pir-expo-2026-official-pirexpo-api-signo-v1.0.2-service-product-leakage-remediation,ok,kept: official PIR Russian-market row with HoReCa product/category evidence,product_evidence,new,no exact email or safe company-owned domain match in current Twenty repeat index,,,,info@tek-stil.ru,tek-stil.ru,official_pirexpo_brand_list_api,,skipped_official_email_present,,,info@tek-stil.ru,official API email
ПИР Экспо 2026,26–29 октября 2026,АУРА,АУРА,"Барные стойки, ресепшн; Мебель для ресторанов, кафе и иных предприятий питания; Гостиничная и корпусная мебель; Мягкая мебель; Матрасы; Мебель для конференц- и концертных залов; Текстиль для гостиниц; Текстиль для ресторанов; Аксессуары; Гостиничный текстиль, махровые изделия; Декоративный текстиль; Подушки, одеяла",Россия / российский рынок,Москва,,"зал 15, стенд 4K64",15,"Барные стойки, ресепшн; Мебель для ресторанов, кафе и иных предприятий питания; Гостиничная и корпусная мебель; Мягкая мебель; Матрасы; Мебель для конференц- и концертных залов; Текстиль для гостиниц; Текстиль для ресторанов; Аксессуары; Гостиничный текстиль, махровые изделия; Декоративный текстиль; Подушки, одеяла","Мы — молодая команда, но каждый из нас давно живёт индустрией отельного сервиса. У нас за плечами сотни реализованных проектов, обновлённых гостиниц, перезапущенных номеров и лобби. Мы видели, как рождаются и перестраиваются отели, и знаем, чего от них ждут гости и собственники. АУРА — это не «мягкий или удобный» подрядчик, который боится говорить правду. Мы смелые — в идеях, решениях, сроках и ответственности. Мы честно говорим, если что‑то в концепции не работает — даже когда это неудобно. Мы предлагаем решения, которые не просто красиво выглядят, но реально выдерживают нагрузку отеля. Мы молоды в бренде, но не молоды в опыте.",АУРА,https://auragroup.pro,info@otlpro.ru,+79065153003,https://pirexpo.com/exposition/all-exhibitors/2414,2414,include,"АУРА | Барные стойки, ресепшн; Мебель для ресторанов, кафе и иных предприятий питания; Гостиничная и корпусная мебель; Мягкая мебель; Матрасы; Мебель для конференц- и концертных залов; Текстиль для гостиниц; Текстиль для ресторанов; Аксессуары; Гостиничный текстиль, махровые изделия; Декоративный текстиль; Подушки, одеяла | Мы — молодая команда, но каждый из нас давно живёт индустрией отельного сервиса. У нас за плечами сотни реализованных проектов, обновлённых гостиниц, перезапущенных номеров и лобби. Мы видели, как рождаются и перестраиваются отели, и знаем, чего от них ждут гости и собственники. АУРА — это не «мягкий или удобный» подрядчик, который боится говорить правду. Мы смелые — в идеях, решениях, сроках и ответственности. Мы честно говорим, если что‑то в концепции не работает — даже когда это неудобно. Мы предлагаем решения, которые не просто красиво выглядят, но реально выдерживают нагрузку отеля. Мы молоды в бренде, но не молоды в опыте.",parsed_official_pirexpo_api,,2026-10-05T08:23:57Z,pir-expo-2026-official-pirexpo-api-signo-v1.0.2-service-product-leakage-remediation,ok,kept: official PIR Russian-market row with HoReCa product/category evidence,product_evidence,new,no exact email or safe company-owned domain match in current Twenty repeat index,,,,info@otlpro.ru,auragroup.pro; otlpro.ru,official_pirexpo_brand_list_api,,skipped_official_email_present,,,info@otlpro.ru,official API email
ПИР Экспо 2026,26–29 октября 2026,ЮПИТЕР-PRACHKA.RU,ЮПИТЕР-PRACHKA.RU,"Стирально-отжимная машина HE-40 — Стирально-отжимная машина, промышленная, разовая загрузка 18 кг. Имеет входы для автоматической подачи жидких моющих средств и отсек с вынимающимися ковшами для сухих и жидких моющих средств. Скорость отжима 500-600 об/мин, двигатель с инверторным приводом. Наклон барабана на пять градусов назад, для уменьшения нагрузки на ступицу и долговечности конструкции. Простое управление, свободно-программируемый микропроцессор на 30 программ, из них 10 заводских. Передняя панель, внешний и внутренний барабаны - нержавеющая сталь. Обеспечивает высокое качество обработки белья. Допустимый режим эксплуатации - круглосуточно.; Сушильная машина DE-35 — Промышленная сушильная машина. Разовая загрузка 16 кг. Барабан изготовлен из нержавеющей стали. Реверс обеспечивает равномерное просушивание белья, уменьшает заломы, что облегчает дальнейшее глажение. Мощные двойные подшипники и надежная опорная рама для долговечности машины. Максимальная площадь фильтра. Интуитивно простое надежное электронное управление - выбор температуры и времени сушки, обдув прохладным воздухом.; Гладильный стол FVC — Профессиональный гладильный стол (размеры доски 1100 x 380 конец 230 мм.) С АСПИРАЦИЕЙ и электрическим разогревом, регулируемым термостатом. Оснащен: электрическим бойлером с электронным контролем, давление 2,8 бар, объем 5 л, тэн 3,3 кВт. Встроенный аспиратор и утюг. Блок, подвеска для утюга и лампа. Форма для глажения рукавов с разогревом.",Россия / российский рынок,Москва,,"зал 15, стенд 4M42",15,,"Стирально-отжимная машина HE-40 — Стирально-отжимная машина, промышленная, разовая загрузка 18 кг. Имеет входы для автоматической подачи жидких моющих средств и отсек с вынимающимися ковшами для сухих и жидких моющих средств. Скорость отжима 500-600 об/мин, двигатель с инверторным приводом. Наклон барабана на пять градусов назад, для уменьшения нагрузки на ступицу и долговечности конструкции. Простое управление, свободно-программируемый микропроцессор на 30 программ, из них 10 заводских. Передняя панель, внешний и внутренний барабаны - нержавеющая сталь. Обеспечивает высокое качество обработки белья. Допустимый режим эксплуатации - круглосуточно.; Сушильная машина DE-35 — Промышленная сушильная машина. Разовая загрузка 16 кг. Барабан изготовлен из нержавеющей стали. Реверс обеспечивает равномерное просушивание белья, уменьшает заломы, что облегчает дальнейшее глажение. Мощные двойные подшипники и надежная опорная рама для долговечности машины. Максимальная площадь фильтра. Интуитивно простое надежное электронное управление - выбор температуры и времени сушки, обдув прохладным воздухом.; Гладильный стол FVC — Профессиональный гладильный стол (размеры доски 1100 x 380 конец 230 мм.) С АСПИРАЦИЕЙ и электрическим разогревом, регулируемым термостатом. Оснащен: электрическим бойлером с электронным контролем, давление 2,8 бар, объем 5 л, тэн 3,3 кВт. Встроенный аспиратор и утюг. Блок, подвеска для утюга и лампа. Форма для глажения рукавов с разогревом.",ЮПИТЕР -PRACHKA.RU,http://prachka.ru,info@prachka.ru,+74995530151,https://pirexpo.com/exposition/all-exhibitors/2150,2150,include,"ЮПИТЕР-PRACHKA.RU | Стирально-отжимная машина HE-40 — Стирально-отжимная машина, промышленная, разовая загрузка 18 кг. Имеет входы для автоматической подачи жидких моющих средств и отсек с вынимающимися ковшами для сухих и жидких моющих средств. Скорость отжима 500-600 об/мин, двигатель с инверторным приводом. Наклон барабана на пять градусов назад, для уменьшения нагрузки на ступицу и долговечности конструкции. Простое управление, свободно-программируемый микропроцессор на 30 программ, из них 10 заводских. Передняя панель, внешний и внутренний барабаны - нержавеющая сталь. Обеспечивает высокое качество обработки белья. Допустимый режим эксплуатации - круглосуточно.; Сушильная машина DE-35 — Промышленная сушильная машина. Разовая загрузка 16 кг. Барабан изготовлен из нержавеющей стали. Реверс обеспечивает равномерное просушивание белья, уменьшает заломы, что облегчает дальнейшее глажение. Мощные двойные подшипники и надежная опорная рама для долговечности машины. Максимальная площадь фильтра. Интуитивно простое надежное электронное управление - выбор температуры и времени сушки, обдув прохладным воздухом.; Гладильный стол FVC — Профессиональный гладильный стол (размеры доски 1100 x 380 конец 230 мм.) С АСПИРАЦИЕЙ и электрическим разогревом, регулируемым термостатом. Оснащен: электрическим бойлером с электронным контролем, давление 2,8 бар, объем 5 л, тэн 3,3 кВт. Встроенный аспиратор и утюг. Блок, подвеска для утюга и лампа. Форма для глажения рукавов с разогревом. | Компания ЮПИТЕР-Торговый Дом Коломенские Дворики - профессиональна команда, которая с 1994 года специализиру",parsed_official_pirexpo_api,,2026-10-05T08:23:57Z,pir-expo-2026-official-pirexpo-api-signo-v1.0.2-service-product-leakage-remediation,ok,kept: official PIR Russian-market row with HoReCa product/category evidence,product_evidence,new,no exact email or safe company-owned domain match in current Twenty repeat index,,,,info@prachka.ru,prachka.ru,official_pirexpo_brand_list_api,,skipped_official_email_present,,,info@prachka.ru,official API email
ПИР Экспо 2026,26–29 октября 2026,ВОКРУГ СВЕТА КОФЕЙНАЯ КОМПАНИЯ,ВОКРУГ СВЕТА КОФЕЙНАЯ КОМПАНИЯ,Саше; Черный; Обжаренное зерно; Иван-чай; Травяной чай; горячий шоколад; Растворимый кофе,российский рынок (официальный каталог ПИР Экспо; страна не указана),Москва,,"зал 13, стенд 1G100",13,Саше; Черный; Обжаренное зерно; Иван-чай; Травяной чай; горячий шоколад; Растворимый кофе,,ВОКРУГ СВЕТА,,,,https://pirexpo.com/exposition/all-exhibitors/2261,2261,include,ВОКРУГ СВЕТА КОФЕЙНАЯ КОМПАНИЯ | Саше; Черный; Обжаренное зерно; Иван-чай; Травяной чай; горячий шоколад; Растворимый кофе,parsed_official_pirexpo_api,website; public_email,2026-10-05T08:23:57Z,pir-expo-2026-official-pirexpo-api-signo-v1.0.2-service-product-leakage-remediation,ok,kept: official PIR Russian-market row with HoReCa product/category evidence,product_evidence,new,no exact email or safe company-owned domain match in current Twenty repeat index,,,,,,official_pirexpo_brand_list_api,,skipped_no_website,,,,
ПИР Экспо 2026,26–29 октября 2026,ПРО-БРАЙТ,ПРО-БРАЙТ,Профессиональная химия; Профессиональная химия для кофемашин; Профессиональные услуги; Чистящие средства; Оборудование для уборки,Россия / российский рынок,Москва,,"зал 15, стенд 4K14",15,Профессиональная химия; Профессиональная химия для кофемашин; Профессиональные услуги; Чистящие средства; Оборудование для уборки,"PRO-BRITE — российский производитель профессиональной химии и комплексных решений для предприятий HoReCa, гостиничного бизнеса, клининговых компаний, пищевых производств, прачечных, объектов торговли, коммерческой недвижимости и промышленности. Более 20 лет компания разрабатывает и выпускает эффективные решения для профессиональной уборки, санитарной обработки и поддержания высоких стандартов гигиены. Ассортимент включает профессиональные средства для ежедневной и генеральной уборки, кухонь и пищевых производств, санитарных зон, гостиниц, прачечных, текстиля и ковровых покрытий, специализированную химию для посудомоечных и кофемашин, дезинфицирующие средства, жидкое мыло, а также решения для строительной очистки и фасадной мойки. PRO-BRITE предлагает не только продукцию, но и комплексный сервис: тестирование химии на объектах, подбор технологических решений, внедрение дозаторных систем, обучение персонала и техническое сопровождение клиентов. Такой подход позволяет повысить эффективность процессов, сократить расход химии и обеспечить стабильный результат. На стенде компании будут представлены профессиональная химия, дезинфицирующие средства, жидкое мыло, дозаторные системы и комплексные решения для предприятий HoReCa, гостиничного бизнеса, пищевой промышленности и клининга.",ПРО-БРАЙТ,https://pro-brite.com,pb@pro-brite.com,8 (800) 700-06-85,https://pirexpo.com/exposition/all-exhibitors/2147,2147,include,"ПРО-БРАЙТ | Профессиональная химия; Профессиональная химия для кофемашин; Профессиональные услуги; Чистящие средства; Оборудование для уборки | PRO-BRITE — российский производитель профессиональной химии и комплексных решений для предприятий HoReCa, гостиничного бизнеса, клининговых компаний, пищевых производств, прачечных, объектов торговли, коммерческой недвижимости и промышленности. Более 20 лет компания разрабатывает и выпускает эффективные решения для профессиональной уборки, санитарной обработки и поддержания высоких стандартов гигиены. Ассортимент включает профессиональные средства для ежедневной и генеральной уборки, кухонь и пищевых производств, санитарных зон, гостиниц, прачечных, текстиля и ковровых покрытий, специализированную химию для посудомоечных и кофемашин, дезинфицирующие средства, жидкое мыло, а также решения для",parsed_official_pirexpo_api,,2026-10-05T08:23:57Z,pir-expo-2026-official-pirexpo-api-signo-v1.0.2-service-product-leakage-remediation,ok,kept: official PIR Russian-market row with HoReCa product/category evidence,product_evidence,repeat,safe non-generic company-owned domain matched current Twenty repeat index,,pro-brite.com,Про-Брайт,pb@pro-brite.com,pro-brite.com,official_pirexpo_brand_list_api,,skipped_official_email_present,,,pb@pro-brite.com,official API email
ПИР Экспо 2026,26–29 октября 2026,СЕГМЕНТФИШ,СЕГМЕНТФИШ,рыба охлажденная; рыба мороженая; полуфабрикаты из рыбы; морепродукты,Россия / российский рынок,Москва,,"зал 15, стенд 3E50",15,рыба охлажденная; рыба мороженая; полуфабрикаты из рыбы; морепродукты,"Компания «Сегмент» — поставщик свежей рыбы и морепродуктов с доставкой по всей России. Наше главное преимущество — собственное производство, которое позволяет исключить посредников, сохранить свежесть продукции и обеспечить стабильное качество по выгодным ценам для оптовых и розничных покупателей. Особая гордость компании — собственная коптильня, где рыба проходит бережную обработку по традиционным и современным технологиям. Мы производим слабосолёную семгу, копчёную скумбрию, форель, лосось и тунца холодного копчения — натуральные деликатесы с насыщенным вкусом и ароматом. Каждая партия продукции проходит строгий контроль качества на всех этапах производства и хранения. Современная логистика и собственный транспорт позволяют доставлять заказы быстро и с соблюдением всех условий хранения. Компания «Сегмент» также предлагает полный комплекс услуг по переработке семги и форели: разделку, филетирование, посол и копчение. Принимаем охлаждённое и замороженное сырьё, гарантируя соблюдение технологий и высокое качество готовой продукции. Профессиональные менеджеры помогут подобрать ассортимент и предложат оптимальные условия сотрудничества. Компания «Сегмент» — это свежесть, качество и надежный партнер для вашего бизнеса.",СЕГМЕНТФИШ,https://segmentfish.ru,gapontseva@fishopt24.ru,+79302977778,https://pirexpo.com/exposition/all-exhibitors/2041,2041,include,"СЕГМЕНТФИШ | рыба охлажденная; рыба мороженая; полуфабрикаты из рыбы; морепродукты | Компания «Сегмент» — поставщик свежей рыбы и морепродуктов с доставкой по всей России. Наше главное преимущество — собственное производство, которое позволяет исключить посредников, сохранить свежесть продукции и обеспечить стабильное качество по выгодным ценам для оптовых и розничных покупателей. Особая гордость компании — собственная коптильня, где рыба проходит бережную обработку по традиционным и современным технологиям. Мы производим слабосолёную семгу, копчёную скумбрию, форель, лосось и тунца холодного копчения — натуральные деликатесы с насыщенным вкусом и ароматом. Каждая партия продукции проходит строгий контроль качества на всех этапах производства и хранения. Современная логистик",parsed_official_pirexpo_api,,2026-10-05T08:23:57Z,pir-expo-2026-official-pirexpo-api-signo-v1.0.2-service-product-leakage-remediation,ok,kept: official PIR Russian-market row with HoReCa product/category evidence,product_evidence,new,no exact email or safe company-owned domain match in current Twenty repeat index,,,,gapontseva@fishopt24.ru,fishopt24.ru; segmentfish.ru,official_pirexpo_brand_list_api,,skipped_official_email_present,,,gapontseva@fishopt24.ru,official API email
ПИР Экспо 2026,26–29 октября 2026,MAKALA,MAKALA,Обжаренное зерно; Кофемашины; Молотый кофе; Топпинги; Сиропы; Кофемашины БУ; Кофе в дрип-пакетах; Зелёный; Черный; Улун; Ройбуш; Травяной чай; Фруктовый чай,Россия / российский рынок,Москва,,"зал 13, стенд 1E60",13,Обжаренное зерно; Кофемашины; Молотый кофе; Топпинги; Сиропы; Кофемашины БУ; Кофе в дрип-пакетах; Зелёный; Черный; Улун; Ройбуш; Травяной чай; Фруктовый чай,"MAKALA работает с 2001 года. Изначально фокус был на вендинговом сегменте, но спустя 10 лет компания пришла к необходимости собственного производства — так появились завод по обжарке кофе и линия сухих ингредиентов. Сегодня мы ориентированы на сегмент HoReCa и знаем, как помочь заведениям сохранить насыщенный вкус и стабильно высокое качество напитков. На сегодня компания добавила в продажу линейку заварочного чая. Для гостиничного бизнеса предлагает уникальный продукт- фильтр-кофе для заваривания в чашке. Наш 20‑летний опыт и лояльность клиентов — лучшее подтверждение экспертизы в работе с ресторанным и кофейным бизнесом.",MAKALA,https://makala.ru,info@makala.ru,+79651633771,https://pirexpo.com/exposition/all-exhibitors/1913,1913,include,"MAKALA | Обжаренное зерно; Кофемашины; Молотый кофе; Топпинги; Сиропы; Кофемашины БУ; Кофе в дрип-пакетах; Зелёный; Черный; Улун; Ройбуш; Травяной чай; Фруктовый чай | MAKALA работает с 2001 года. Изначально фокус был на вендинговом сегменте, но спустя 10 лет компания пришла к необходимости собственного производства — так появились завод по обжарке кофе и линия сухих ингредиентов. Сегодня мы ориентированы на сегмент HoReCa и знаем, как помочь заведениям сохранить насыщенный вкус и стабильно высокое качество напитков. На сегодня компания добавила в продажу линейку заварочного чая. Для гостиничного бизнеса предлагает уникальный продукт- фильтр-кофе для заваривания в чашке. Наш 20‑летний опыт и лояльность клиентов — лучшее подтверждение экспертизы в работе с ресторанным и кофейным бизнесом.",parsed_official_pirexpo_api,,2026-10-05T08:23:57Z,pir-expo-2026-official-pirexpo-api-signo-v1.0.2-service-product-leakage-remediation,ok,kept: official PIR Russian-market row with HoReCa product/category evidence,product_evidence,new,no exact email or safe company-owned domain match in current Twenty repeat index,,,,info@makala.ru,makala.ru,official_pirexpo_brand_list_api,,skipped_official_email_present,,,info@makala.ru,official API email
ПИР Экспо 2026,26–29 октября 2026,PONNATH,PONNATH,баранина; говядина; дичь; свинина; кролик; телятина; ягнятина; мясные субпродукты; мясные полуфабрикаты; мясные деликатесы; колбасы и колбасные изделия; мясные консервы; мясная кулинария,Россия / российский рынок,Москва,,"зал 15, стенд 3E31",15,баранина; говядина; дичь; свинина; кролик; телятина; ягнятина; мясные субпродукты; мясные полуфабрикаты; мясные деликатесы; колбасы и колбасные изделия; мясные консервы; мясная кулинария,"Компания ""PONNATH DIE MEISTERMETZGER"" GmbH является одним из самых старейших, знаменитых и современных германских предприятий по производству мясной продукции с 300-летней историей. В октябре 2003 г. организованно производство баварских сосисок и колбасок в Москве. Торгово-производственное предприятие ООО «ПОННАТ» успешно работает на российском рынке HoReCa и ритейла и является одним из немногих производителей баварских сосисок и колбасок для жарки и гриля в России, производимых по немецким рецептам и технологиям.",PONNATH,https://www.ponnath.ru,info@ponnath.ru,+7 (495) 739-58-98,https://pirexpo.com/exposition/all-exhibitors/2306,2306,include,"PONNATH | баранина; говядина; дичь; свинина; кролик; телятина; ягнятина; мясные субпродукты; мясные полуфабрикаты; мясные деликатесы; колбасы и колбасные изделия; мясные консервы; мясная кулинария | Компания ""PONNATH DIE MEISTERMETZGER"" GmbH является одним из самых старейших, знаменитых и современных германских предприятий по производству мясной продукции с 300-летней историей. В октябре 2003 г. организованно производство баварских сосисок и колбасок в Москве. Торгово-производственное предприятие ООО «ПОННАТ» успешно работает на российском рынке HoReCa и ритейла и является одним из немногих производителей баварских сосисок и колбасок для жарки и гриля в России, производимых по немецким рецептам и технологиям.",parsed_official_pirexpo_api,,2026-10-05T08:23:57Z,pir-expo-2026-official-pirexpo-api-signo-v1.0.2-service-product-leakage-remediation,ok,kept: official PIR Russian-market row with HoReCa product/category evidence,product_evidence,new,no exact email or safe company-owned domain match in current Twenty repeat index,,,,info@ponnath.ru,ponnath.ru,official_pirexpo_brand_list_api,,skipped_official_email_present,,,info@ponnath.ru,official API email
ПИР Экспо 2026,26–29 октября 2026,МОРОШКА,МОРОШКА,грибы; плоды и ягоды,Россия / российский рынок,Москва,,"зал 15, стенд 3D42",15,грибы; плоды и ягоды,"Производственная компания полного цикла. Сбор, производство, доставка дикорастущих ягод и грибов, а так же продуктов их переработки.",МОРОШКА,https://moroshka.ru,a.sverchkov@moroshka.ru,+79990011251,https://pirexpo.com/exposition/all-exhibitors/2346,2346,include,"МОРОШКА | грибы; плоды и ягоды | Производственная компания полного цикла. Сбор, производство, доставка дикорастущих ягод и грибов, а так же продуктов их переработки.",parsed_official_pirexpo_api,,2026-10-05T08:23:57Z,pir-expo-2026-official-pirexpo-api-signo-v1.0.2-service-product-leakage-remediation,ok,kept: official PIR Russian-market row with HoReCa product/category evidence,product_evidence,new,no exact email or safe company-owned domain match in current Twenty repeat index,,,,a.sverchkov@moroshka.ru,moroshka.ru,official_pirexpo_brand_list_api,,skipped_official_email_present,,,a.sverchkov@moroshka.ru,official API email
ПИР Экспо 2026,26–29 октября 2026,РОКВЕЛЛ СНГ,РОКВЕЛЛ СНГ,Морозильные и холодильные шкафы,Россия / российский рынок,Москва,,"зал 14, стенд 2B30",14,Морозильные и холодильные шкафы,"Rockwell (rockwell.com.ru) — официальное представительство и единственный дистрибьютор одноименного завода холодильного оборудования на территории Российской Федерации. Российский филиал, зарегистрированный как ООО «РОКВЕЛЛ СНГ», начал свою деятельность в начале 2026 года. Компания осуществляет прямые поставки профессионального холодильного оборудования для предприятий общественного питания, торговли и сегмента HoReCa.",РОКВЕЛЛ СНГ,https://rockwell.com.ru,ei@rockwell.com.ru,+7 (812) 998 03 32,https://pirexpo.com/exposition/all-exhibitors/2484,2484,include,"РОКВЕЛЛ СНГ | Морозильные и холодильные шкафы | Rockwell (rockwell.com.ru) — официальное представительство и единственный дистрибьютор одноименного завода холодильного оборудования на территории Российской Федерации. Российский филиал, зарегистрированный как ООО «РОКВЕЛЛ СНГ», начал свою деятельность в начале 2026 года. Компания осуществляет прямые поставки профессионального холодильного оборудования для предприятий общественного питания, торговли и сегмента HoReCa.",parsed_official_pirexpo_api,,2026-10-05T08:23:57Z,pir-expo-2026-official-pirexpo-api-signo-v1.0.2-service-product-leakage-remediation,ok,kept: official PIR Russian-market row with HoReCa product/category evidence,product_evidence,new,no exact email or safe company-owned domain match in current Twenty repeat index,,,,ei@rockwell.com.ru,rockwell.com.ru,official_pirexpo_brand_list_api,,skipped_official_email_present,,,ei@rockwell.com.ru,official API email
ПИР Экспо 2026,26–29 октября 2026,КАСТЕР,КАСТЕР,"Одноразовая посуда; Контейнеры, миски, емкости",Россия / российский рынок,Москва,,"зал 15, стенд 3B40",15,"Одноразовая посуда; Контейнеры, миски, емкости","Собственное производство пластиковой упаковки. Нанесение логотипа на изделия. Изготовление пресс-форм по индивидуальным чертежам. Оперативное серийное производство.Опыт работы с крупными сетями, своевременные поставки. Полный комплекс логистических услуг: ответственное хранение продукции на нашем складе, паллетирование и доставка.",КАСТЕР,https://orsy.pro,t.gluhova@casterpack.ru,+7920 024 73 63,https://pirexpo.com/exposition/all-exhibitors/2377,2377,include,"КАСТЕР | Одноразовая посуда; Контейнеры, миски, емкости | Собственное производство пластиковой упаковки. Нанесение логотипа на изделия. Изготовление пресс-форм по индивидуальным чертежам. Оперативное серийное производство.Опыт работы с крупными сетями, своевременные поставки. Полный комплекс логистических услуг: ответственное хранение продукции на нашем складе, паллетирование и доставка.",parsed_official_pirexpo_api,,2026-10-05T08:23:57Z,pir-expo-2026-official-pirexpo-api-signo-v1.0.2-service-product-leakage-remediation,ok,kept: official PIR Russian-market row with HoReCa product/category evidence,product_evidence,new,no exact email or safe company-owned domain match in current Twenty repeat index,,,,t.gluhova@casterpack.ru,casterpack.ru; orsy.pro,official_pirexpo_brand_list_api,,skipped_official_email_present,,,t.gluhova@casterpack.ru,official API email
ПИР Экспо 2026,26–29 октября 2026,ФУД СОЛЮШЕНС PROFESSIONAL,ФУД СОЛЮШЕНС PROFESSIONAL,крахмал; Газированные напитки; готовые приправы и соусы,российский рынок (официальный каталог ПИР Экспо; страна не указана),Москва,,"зал 15, стенд 3E10",15,крахмал; Газированные напитки; готовые приправы и соусы,"Фуд Солюшенс Professional - подразделение компании Арнест ЮниРусь, один из крупных лидеров по производству продуктов для индустрии общественного питания. Поставляем продукцию под брендами Кнорр Professional, Хеллманн'с, Мондамин",ФУД СОЛЮШЕНС PROFESSIONAL,https://fs.pro,,,https://pirexpo.com/exposition/all-exhibitors/2376,2376,include,"ФУД СОЛЮШЕНС PROFESSIONAL | крахмал; Газированные напитки; готовые приправы и соусы | Фуд Солюшенс Professional - подразделение компании Арнест ЮниРусь, один из крупных лидеров по производству продуктов для индустрии общественного питания. Поставляем продукцию под брендами Кнорр Professional, Хеллманн'с, Мондамин",parsed_official_pirexpo_api,public_email,2026-10-05T08:23:57Z,pir-expo-2026-official-pirexpo-api-signo-v1.0.2-service-product-leakage-remediation,ok,kept: official PIR Russian-market row with HoReCa product/category evidence,product_evidence,new,no exact email or safe company-owned domain match in current Twenty repeat index,,,,,fs.pro,official_pirexpo_brand_list_api,,not_found,,no usable email found on sampled public pages,,
ПИР Экспо 2026,26–29 октября 2026,МОГУНЦИЯ-ИНТЕРРУС,МОГУНЦИЯ-ИНТЕРРУС,специи и пряности; готовые приправы и соусы; ингридиенты для пищевой промышленности; пищевые ароматизаторы; пищевые красители,Россия / российский рынок,Москва,,"зал 15, стенд 3E70",15,специи и пряности; готовые приправы и соусы; ингридиенты для пищевой промышленности; пищевые ароматизаторы; пищевые красители,"Могунция-Интеррус уже 30 лет предлагает на российском рынке широкий ассортимент ингредиентов для пищевой промышленности: специи, технологические добавки, готовые смеси приправ, ароматизаторы, стартовые культуры, маринады, соусы, подливки, бульоны и другие продукты самого высокого качества. Неизменным преимуществом являются: высокий профессионализм, инновационный подход, безупречное качество и ориентированность на клиентов. В 2023 году Могунция начала производство пищевых добавок в России. В г. Долгопрудный Московской области введен в эксплуатацию производственный комплекс мощностью 300 тонн готовой продукции в месяц. Могунция-вкус успеха!",МОГУНЦИЯ-ИНТЕРРУС,http://www.moguntia.ru,moguntia@moguntia.ru,+7 (495) 234-08-18,https://pirexpo.com/exposition/all-exhibitors/2374,2374,include,"МОГУНЦИЯ-ИНТЕРРУС | специи и пряности; готовые приправы и соусы; ингридиенты для пищевой промышленности; пищевые ароматизаторы; пищевые красители | Могунция-Интеррус уже 30 лет предлагает на российском рынке широкий ассортимент ингредиентов для пищевой промышленности: специи, технологические добавки, готовые смеси приправ, ароматизаторы, стартовые культуры, маринады, соусы, подливки, бульоны и другие продукты самого высокого качества. Неизменным преимуществом являются: высокий профессионализм, инновационный подход, безупречное качество и ориентированность на клиентов. В 2023 году Могунция начала производство пищевых добавок в России. В г. Долгопрудный Московской области введен в эксплуатацию производственный комплекс мощностью 300 тонн готовой продукции в месяц. Могунция-вкус успеха!",parsed_official_pirexpo_api,,2026-10-05T08:23:57Z,pir-expo-2026-official-pirexpo-api-signo-v1.0.2-service-product-leakage-remediation,ok,kept: official PIR Russian-market row with HoReCa product/category evidence,product_evidence,new,no exact email or safe company-owned domain match in current Twenty repeat index,,,,moguntia@moguntia.ru,moguntia.ru,official_pirexpo_brand_list_api,,skipped_official_email_present,,,moguntia@moguntia.ru,official API email
ПИР Экспо 2026,26–29 октября 2026,HORS',HORS,Зеленое зерно; Обжаренное зерно; Кофе в капсулах; Молотый кофе; Растворимый кофе,Россия / российский рынок,Москва,,"зал 13, стенд 1D100",13,Зеленое зерно; Обжаренное зерно; Кофе в капсулах; Молотый кофе; Растворимый кофе,"Кофейный Дом «ХОРСЪ» — это большая и взаимная любовь с кофейной культурой. Мы стремимся постоянно совершенствовать качество продуктов и делать их доступными каждому. Среди наших известных брендов — EGOISTE, BUSHIDO, TODAY, МОСКОФЕ и ELZA. В проекте HORS' Coffee Lab мы выводим экспертизу на новый уровень, предлагая эксклюзивные микролоты. Мы закупаем зёрна напрямую у фермеров и обжариваем с особым вниманием, чтобы раскрыть весь их потенциал.",ХОРСЪ,https://www.hors.ru,info@hors.ru,+7 (965) 444-33-44,https://pirexpo.com/exposition/all-exhibitors/1972,1972,include,"HORS' | Зеленое зерно; Обжаренное зерно; Кофе в капсулах; Молотый кофе; Растворимый кофе | Кофейный Дом «ХОРСЪ» — это большая и взаимная любовь с кофейной культурой. Мы стремимся постоянно совершенствовать качество продуктов и делать их доступными каждому. Среди наших известных брендов — EGOISTE, BUSHIDO, TODAY, МОСКОФЕ и ELZA. В проекте HORS' Coffee Lab мы выводим экспертизу на новый уровень, предлагая эксклюзивные микролоты. Мы закупаем зёрна напрямую у фермеров и обжариваем с особым вниманием, чтобы раскрыть весь их потенциал.",parsed_official_pirexpo_api,,2026-10-05T08:23:57Z,pir-expo-2026-official-pirexpo-api-signo-v1.0.2-service-product-leakage-remediation,normalized from legal/brand prefix,kept: official PIR Russian-market row with HoReCa product/category evidence,product_evidence,new,no exact email or safe company-owned domain match in current Twenty repeat index,,,,info@hors.ru,hors.ru,official_pirexpo_brand_list_api,,skipped_official_email_present,,,info@hors.ru,official API email
ПИР Экспо 2026,26–29 октября 2026,АВИКО,АВИКО,"Готовые решения, фудтраки; лимонады; морсы; соки; Другое; Барный инвентарь; Запасные части для кофемашин; Оборудовние для интенсивного охлаждения; Мобильные кофейни/кухни; Вендинг; Нейтральное и вспомогательное оборудование; Вода; Газированные напитки; Нитро кофе",Россия / российский рынок,Москва,,"зал 13, стенд 1G30",13,"Готовые решения, фудтраки; лимонады; морсы; соки; Другое; Барный инвентарь; Запасные части для кофемашин; Оборудовние для интенсивного охлаждения; Мобильные кофейни/кухни; Вендинг; Нейтральное и вспомогательное оборудование; Вода; Газированные напитки; Нитро кофе",,AVICO,,li@multiflow.ru,,https://pirexpo.com/exposition/all-exhibitors/2027,2027,include,"АВИКО | Готовые решения, фудтраки; лимонады; морсы; соки; Другое; Барный инвентарь; Запасные части для кофемашин; Оборудовние для интенсивного охлаждения; Мобильные кофейни/кухни; Вендинг; Нейтральное и вспомогательное оборудование; Вода; Газированные напитки; Нитро кофе",parsed_official_pirexpo_api,website,2026-10-05T08:23:57Z,pir-expo-2026-official-pirexpo-api-signo-v1.0.2-service-product-leakage-remediation,ok,kept: official PIR Russian-market row with HoReCa product/category evidence,product_evidence,new,no exact email or safe company-owned domain match in current Twenty repeat index,,,,li@multiflow.ru,multiflow.ru,official_pirexpo_brand_list_api,,skipped_official_email_present,,,li@multiflow.ru,official API email
ПИР Экспо 2026,26–29 октября 2026,ELEMENT,ELEMENT,Расходные материалы; Гостиничная косметика и парфюмерия,Россия / российский рынок,Москва,,"зал 15, стенд 4G52",15,Расходные материалы; Гостиничная косметика и парфюмерия,"Element — российский бренд уходовой косметики из Санкт-Петербурга. С 2015 года мы создаём средства для лица, волос и тела, которые превращают привычный уход в маленький ежедневный ритуал заботы о себе. Для индустрии гостеприимства Element — это готовое решение под ключ. Мы помогаем отелям, ресторанам и SPA-комплексам создавать тот самый wow-эффект, который запоминается гостю: кремы, мыло, аромадиффузоры, шампуни и кондиционеры с деликатными текстурами и приятным ароматом, стильные дозаторы и надёжные антивандальные крепления. Особое внимание — деталям, которые выделяют сервис среди конкурентов. Наборы женской гигиены в продуманной комплектации — забота о госте, о которой не приходится просить у ресепшена. А гель для ног против запаха в удобном саше — небольшая находка, которая решает деликатную проблему и оставляет по-настоящему приятное впечатление после долгого дня. Element — это не просто косметика для номера или туалетной комнаты. Это возможность удивить гостя там, где этого меньше всего ждёшь, и превратить стандартный сервис в запоминающийся опыт. Приходите на стенд — попробуйте сами.",ELEMENT,https://onelement.ru,marketing@onelement.ru,+7 (905) 231-81-31 / 8 (800) 600-70-84,https://pirexpo.com/exposition/all-exhibitors/2446,2446,include,"ELEMENT | Расходные материалы; Гостиничная косметика и парфюмерия | Element — российский бренд уходовой косметики из Санкт-Петербурга. С 2015 года мы создаём средства для лица, волос и тела, которые превращают привычный уход в маленький ежедневный ритуал заботы о себе. Для индустрии гостеприимства Element — это готовое решение под ключ. Мы помогаем отелям, ресторанам и SPA-комплексам создавать тот самый wow-эффект, который запоминается гостю: кремы, мыло, аромадиффузоры, шампуни и кондиционеры с деликатными текстурами и приятным ароматом, стильные дозаторы и надёжные антивандальные крепления. Особое внимание — деталям, которые выделяют сервис среди конкурентов. Наборы женской гигиены в продуманной комплектации — забота о госте, о которой не приходится просит",parsed_official_pirexpo_api,,2026-10-05T08:23:57Z,pir-expo-2026-official-pirexpo-api-signo-v1.0.2-service-product-leakage-remediation,ok,kept: official PIR Russian-market row with HoReCa product/category evidence,product_evidence,repeat,safe non-generic company-owned domain matched current Twenty repeat index,,onelement.ru,"ООО ""ЭЛЕМЕНТ""",marketing@onelement.ru,onelement.ru,official_pirexpo_brand_list_api,,skipped_official_email_present,,,marketing@onelement.ru,official API email
ПИР Экспо 2026,26–29 октября 2026,FIXSEN,FIXSEN,Сантехническое оборудование и аксессуары; Аксессуары,Россия / российский рынок,Москва,,"зал 15, стенд 4G35",15,Сантехническое оборудование и аксессуары; Аксессуары,Компания Fixsen успешно ведет деятельность с 1998 года и занимает одну из лидирующих позиций по поставкам аксессуаров для ванных комнат. Мы осуществляем разработку собственного дизайна и эффективно вводим его на производство. Развитая дилерская сеть позволяет реализовывать качественную логистику и успешно внедрять на рынок новые товары. Различный дизайн и популярные коллекции дают большие возможности выбора для покупателей и надежно зарекомендовали себя в конечных продажах. Наша партнерская программа включает широкие возможности для бизнеса и дает неоспоримые преимущества при текущей деятельности.,FIXSEN,https://fixsen.su,info@fixsen.ru,+74956444758,https://pirexpo.com/exposition/all-exhibitors/2418,2418,include,FIXSEN | Сантехническое оборудование и аксессуары; Аксессуары | Компания Fixsen успешно ведет деятельность с 1998 года и занимает одну из лидирующих позиций по поставкам аксессуаров для ванных комнат. Мы осуществляем разработку собственного дизайна и эффективно вводим его на производство. Развитая дилерская сеть позволяет реализовывать качественную логистику и успешно внедрять на рынок новые товары. Различный дизайн и популярные коллекции дают большие возможности выбора для покупателей и надежно зарекомендовали себя в конечных продажах. Наша партнерская программа включает широкие возможности для бизнеса и дает неоспоримые преимущества при текущей деятельности.,parsed_official_pirexpo_api,,2026-10-05T08:23:57Z,pir-expo-2026-official-pirexpo-api-signo-v1.0.2-service-product-leakage-remediation,ok,kept: official PIR Russian-market row with HoReCa product/category evidence,product_evidence,new,no exact email or safe company-owned domain match in current Twenty repeat index,,,,info@fixsen.ru,fixsen.ru; fixsen.su,official_pirexpo_brand_list_api,,skipped_official_email_present,,,info@fixsen.ru,official API email
ПИР Экспо 2026,26–29 октября 2026,GROUP ORISE,GROUP ORISE,"Уборочный инвентарь,контейнеры и урны; Буфеты, Шведские столы, Салат-бары; Банкетная мебель; Тележки гостиничные",Россия / российский рынок,Москва,,"зал 15, стенд 4K76",15,"Уборочный инвентарь,контейнеры и урны; Буфеты, Шведские столы, Салат-бары; Банкетная мебель; Тележки гостиничные","Группа компаний Орайс уже более 15 лет занимается производством оборудования и мебели для индустрии гостеприимства. Орайс объединяет три фабрики, расположенные на юге Китая в городах Гуанчжоу и Фошань, и фабрику в Индии в городе Удайпур. Индийская фабрика производит уличную мебель. Китайские фабрики производят товары для HoReCa. Каждая из фабрик имеет свою специализацию. Первая фабрика производит багажные тележки, тележки для уборки и обслуживания номеров, корзины для мусора для номерного фонда и общественных зон, уличные урны и контейнеры для мусора. Вторая фабрика производит банкетную мебель и мебель для ресторанов, складные столы и стулья для кейтеринга. Третья фабрика производит модули приготовления и подогрева пищи для шведского стола и буфеты линии раздачи. Для всех наших товаров возможно производство по индивидуальным проектам (FF&E), а также кастомизация по желанию клиента, OEM & ODM. Группа компаний Орайс поставляет свою продукцию в Индию, ОАЭ, США, Саудовскую Аравию, Катар, Израиль, Сербию и другие страны. Мы сотрудничаем с такими брендами как Sheraton, Raffles, Marriott, Hilton, Radisson, La Meridian, Conrad, Ramada, Taj, Holiday Inn и многими другими. Цель группы компаний Орайс заключается в том, чтобы обеспечить наших клиентов продукцией высокого качества, используя наш опыт, знания и инновации. В нашей команде работают лучшие технические специалисты и дизайнеры, которые всегда готовы помочь нашим клиентам и заказчикам.",GROUP ORISE,https://www.grouporise.com,ekaterina@grouporise.com,+79251433479,https://pirexpo.com/exposition/all-exhibitors/2048,2048,include,"GROUP ORISE | Уборочный инвентарь,контейнеры и урны; Буфеты, Шведские столы, Салат-бары; Банкетная мебель; Тележки гостиничные | Группа компаний Орайс уже более 15 лет занимается производством оборудования и мебели для индустрии гостеприимства. Орайс объединяет три фабрики, расположенные на юге Китая в городах Гуанчжоу и Фошань, и фабрику в Индии в городе Удайпур. Индийская фабрика производит уличную мебель. Китайские фабрики производят товары для HoReCa. Каждая из фабрик имеет свою специализацию. Первая фабрика производит багажные тележки, тележки для уборки и обслуживания номеров, корзины для мусора для номерного фонда и общественных зон, уличные урны и контейнеры для мусора. Вторая фабрика производит банкетную мебель и мебель для ресторанов, складные столы и стулья для кейтеринга. Третья фабрика производит модули п",parsed_official_pirexpo_api,,2026-10-05T08:23:57Z,pir-expo-2026-official-pirexpo-api-signo-v1.0.2-service-product-leakage-remediation,ok,kept: official PIR Russian-market row with HoReCa product/category evidence,product_evidence,new,no exact email or safe company-owned domain match in current Twenty repeat index,,,,ekaterina@grouporise.com,grouporise.com,official_pirexpo_brand_list_api,,skipped_official_email_present,,,ekaterina@grouporise.com,official API email
ПИР Экспо 2026,26–29 октября 2026,LANIMA HOME,LANIMA HOME,"Предметы интерьера; Мягкая мебель; Мебель для ресторанов, кафе и иных предприятий питания",Россия / российский рынок,Москва,,"зал 15, стенд 4G48",15,"Предметы интерьера; Мягкая мебель; Мебель для ресторанов, кафе и иных предприятий питания","Lanima Home – российский бренд, который уже 8 лет производит премиум-текстиль для дома.",LANIMA HOME,https://lanima-home.ru,textileforhome@mail.ru,89636660640,https://pirexpo.com/exposition/all-exhibitors/2307,2307,include,"LANIMA HOME | Предметы интерьера; Мягкая мебель; Мебель для ресторанов, кафе и иных предприятий питания | Lanima Home – российский бренд, который уже 8 лет производит премиум-текстиль для дома.",parsed_official_pirexpo_api,,2026-10-05T08:23:57Z,pir-expo-2026-official-pirexpo-api-signo-v1.0.2-service-product-leakage-remediation,ok,kept: official PIR Russian-market row with HoReCa product/category evidence,product_evidence,new,no exact email or safe company-owned domain match in current Twenty repeat index,,,,textileforhome@mail.ru,lanima-home.ru; mail.ru,official_pirexpo_brand_list_api,,skipped_official_email_present,,,textileforhome@mail.ru,official API email
ПИР Экспо 2026,26–29 октября 2026,ТОРГОВЫЙ ДОМ ШОКОЛАДА,ТОРГОВЫЙ ДОМ ШОКОЛАДА,шоколад; конфеты,Россия / российский рынок,Москва,,"зал 15, стенд 3D76",15,шоколад; конфеты,"Уникальная фабрика по производству шоколада и шоколадных изделий. Ключевой особенностью является гибкий подход к каждому клиенту. Команда профессионалов оперативно и нестандартно подходит к решению вопроса любого уровня сложности от производства классических шоколадных изделий до создания оригинальных удивительных продуктов. Фабрика выпускает широкий ассортимент шоколадных плиток, трюфелей, драже, корпусных конфет и многое другое. Кроме классических вкусов, фабрика выпускает серию линеек из области здорового питания: изделия без сахара, изделия на овсяном и рисовом молоке, постный шоколад, суперфуды, протеиновую линейку. Производство работает по системе ХАССП, обеспечивая контроль на всех этапах производства, хранения и реализации продукции. Вся продукция сертифицирована, и не содержит ГМО.",ТОРГОВЫЙ ДОМ ШОКОЛАДА,https://domchoco.ru,info@domchoco.ru,8(495)575-34-00,https://pirexpo.com/exposition/all-exhibitors/2420,2420,include,"ТОРГОВЫЙ ДОМ ШОКОЛАДА | шоколад; конфеты | Уникальная фабрика по производству шоколада и шоколадных изделий. Ключевой особенностью является гибкий подход к каждому клиенту. Команда профессионалов оперативно и нестандартно подходит к решению вопроса любого уровня сложности от производства классических шоколадных изделий до создания оригинальных удивительных продуктов. Фабрика выпускает широкий ассортимент шоколадных плиток, трюфелей, драже, корпусных конфет и многое другое. Кроме классических вкусов, фабрика выпускает серию линеек из области здорового питания: изделия без сахара, изделия на овсяном и рисовом молоке, постный шоколад, суперфуды, протеиновую линейку. Производство работает по системе ХАССП, обеспечивая контроль на всех эт",parsed_official_pirexpo_api,,2026-10-05T08:23:57Z,pir-expo-2026-official-pirexpo-api-signo-v1.0.2-service-product-leakage-remediation,ok,kept: official PIR Russian-market row with HoReCa product/category evidence,product_evidence,repeat,safe non-generic company-owned domain matched current Twenty repeat index,,domchoco.ru,Торговый Дом Шоколада,info@domchoco.ru,domchoco.ru,official_pirexpo_brand_list_api,,skipped_official_email_present,,,info@domchoco.ru,official API email
ПИР Экспо 2026,26–29 октября 2026,КЕМАН,КЕМАН,Нейтральное и вспомогательное оборудование,Россия / российский рынок,Москва,,"зал 15, стенд 4M84",15,Нейтральное и вспомогательное оборудование,"ООО KЕМАН - ведущая Российская производственная компания специализируется на контрактном производстве, изготовлении продукции под БРЕНДОМ заказчика: диспенсеров с наливной колбой для мыла, косметических и моющих средств, антисептиков; держателей для флаконов в номерные фонды и т.д.",КЕМАН,http://pocustm.ru,pocustm@mail.ru,7(989) 126-04-08,https://pirexpo.com/exposition/all-exhibitors/2283,2283,include,"КЕМАН | Нейтральное и вспомогательное оборудование | ООО KЕМАН - ведущая Российская производственная компания специализируется на контрактном производстве, изготовлении продукции под БРЕНДОМ заказчика: диспенсеров с наливной колбой для мыла, косметических и моющих средств, антисептиков; держателей для флаконов в номерные фонды и т.д.",parsed_official_pirexpo_api,,2026-10-05T08:23:57Z,pir-expo-2026-official-pirexpo-api-signo-v1.0.2-service-product-leakage-remediation,ok,kept: official PIR Russian-market row with HoReCa product/category evidence,product_evidence,new,no exact email or safe company-owned domain match in current Twenty repeat index,,,,pocustm@mail.ru,mail.ru; pocustm.ru,official_pirexpo_brand_list_api,,skipped_official_email_present,,,pocustm@mail.ru,official API email
ПИР Экспо 2026,26–29 октября 2026,ТК ТРЕАРТЕКС,ТРЕАРТЕКС,"Текстиль для гостиниц; Текстиль для ресторанов; Гостиничный текстиль, махровые изделия; Декоративный текстиль; Специализированный текстиль (ткани)",Россия / российский рынок,Москва,,"зал 15, стенд 4F72",15,"Текстиль для гостиниц; Текстиль для ресторанов; Гостиничный текстиль, махровые изделия; Декоративный текстиль; Специализированный текстиль (ткани)","«Треартекс»: Комплексные текстильные решения для индустрии гостеприимства Мы выступаем не просто поставщиком, а стратегическим партнером для отелей, ресторанов и загородных комплексов, обеспечивая материалами, которые сочетают в себе эстетическую безупречность и износостойкость. В индустрии гостеприимства безопасность гостей является безусловным приоритетом. Мы уделяем особое внимание ассортименту огнестойких материалов. Наш текстиль обладает подтвержденными характеристиками и соответствует строгим регламентам пожарной безопасности. Мы понимаем, что текстиль в коммерческом секторе подвергается интенсивным нагрузкам. Наши ткани сохраняют цвет, структуру и плотность даже при агрессивном режиме эксплуатации. Это позволяет существенно снизить частоту обновления текстильного фонда, оптимизируя ваши операционные расходы в долгосрочной перспективе. Каждый объект HoReCa — это уникальная история и визуальный имидж бренда. Мы предлагаем широкую палитру фактур, оттенков и принтов, позволяя дизайнерам и управляющим реализовывать самые амбициозные идеи. «Треартекс» — профессиональный текстиль для безупречного сервиса.",ТК ТРЕАРТЕКС,https://treartex.ru,market1@tk-treartex.ru,+7(495)128-10-50,https://pirexpo.com/exposition/all-exhibitors/2044,2044,include,"ТК ТРЕАРТЕКС | Текстиль для гостиниц; Текстиль для ресторанов; Гостиничный текстиль, махровые изделия; Декоративный текстиль; Специализированный текстиль (ткани) | «Треартекс»: Комплексные текстильные решения для индустрии гостеприимства Мы выступаем не просто поставщиком, а стратегическим партнером для отелей, ресторанов и загородных комплексов, обеспечивая материалами, которые сочетают в себе эстетическую безупречность и износостойкость. В индустрии гостеприимства безопасность гостей является безусловным приоритетом. Мы уделяем особое внимание ассортименту огнестойких материалов. Наш текстиль обладает подтвержденными характеристиками и соответствует строгим регламентам пожарной безопасности. Мы понимаем, что текстиль в коммерческом секторе подвергается интенсивным нагрузкам. Наши ткани сохраняют цвет, структуру и плотность даже при агрессивном режиме",parsed_official_pirexpo_api,,2026-10-05T08:23:57Z,pir-expo-2026-official-pirexpo-api-signo-v1.0.2-service-product-leakage-remediation,normalized from legal/brand prefix,kept: official PIR Russian-market row with HoReCa product/category evidence,product_evidence,new,no exact email or safe company-owned domain match in current Twenty repeat index,,,,market1@tk-treartex.ru,tk-treartex.ru; treartex.ru,official_pirexpo_brand_list_api,,skipped_official_email_present,,,market1@tk-treartex.ru,official API email
ПИР Экспо 2026,26–29 октября 2026,БЬЮТИ ПЛАСТ,БЬЮТИ ПЛАСТ,Гостиничная косметика и парфюмерия,Россия / российский рынок,Москва,,"зал 15, стенд 4G36",15,Гостиничная косметика и парфюмерия,"БЬЮТИ ПЛАСТ — российский производственный комплекс полного цикла — от упаковки до готовой продукции. Мы создаем продукцию на высокопроизводительном варочном оборудовании, опираясь на собственную лабораторию и команду квалифицированных специалистов. Наш обширный каталог флаконов и укупорочных средств (флип-топы, колпачки, крышки, помповые дозаторы) позволяет создавать индивидуальную упаковку для проектов СТМ, полностью локализованную в России — без оглядки на импорт и китайских поставщиков.",БЬЮТИ ПЛАСТ,https://beauty-plast.ru,horeca@beauty-plast.ru,+7 (495) 025-03-33,https://pirexpo.com/exposition/all-exhibitors/2143,2143,include,"БЬЮТИ ПЛАСТ | Гостиничная косметика и парфюмерия | БЬЮТИ ПЛАСТ — российский производственный комплекс полного цикла — от упаковки до готовой продукции. Мы создаем продукцию на высокопроизводительном варочном оборудовании, опираясь на собственную лабораторию и команду квалифицированных специалистов. Наш обширный каталог флаконов и укупорочных средств (флип-топы, колпачки, крышки, помповые дозаторы) позволяет создавать индивидуальную упаковку для проектов СТМ, полностью локализованную в России — без оглядки на импорт и китайских поставщиков.",parsed_official_pirexpo_api,,2026-10-05T08:23:57Z,pir-expo-2026-official-pirexpo-api-signo-v1.0.2-service-product-leakage-remediation,ok,kept: official PIR Russian-market row with HoReCa product/category evidence,product_evidence,new,no exact email or safe company-owned domain match in current Twenty repeat index,,,,horeca@beauty-plast.ru,beauty-plast.ru,official_pirexpo_brand_list_api,,skipped_official_email_present,,,horeca@beauty-plast.ru,official API email
ПИР Экспо 2026,26–29 октября 2026,МЕЛЬКОМБИНАТ №3,МЕЛЬКОМБИНАТ №3,мука и мучные смеси,Россия / российский рынок,Москва,,"зал 15, стенд 3B20",15,мука и мучные смеси,"Мелькомбинат № 3- это современное предприятие, которое представляет собой динамично развивающуюся компанию, занимающую лидирующие позиции в производстве муки из твердых сортов пшеницы для макаронных изделий, муки пшеничной хлебопекарной. Ассортимент предлагаемой продукции постоянно расширяется с учетом потребностей покупателей. Широкое развитие получила продукция: мука для пиццы ""Mamma Mia Pizza"", которая уже по достоинству отмечена потребителями. Вся выпускаемая продукция отвечает высоким требованиям мировых стандартов по качеству и безопасности пищевых продуктов",МЕЛЬКОМБИНАТ №3,http://melkombinat3.ru,info@melkombinat3.ru,+74955301101,https://pirexpo.com/exposition/all-exhibitors/2175,2175,include,"МЕЛЬКОМБИНАТ №3 | мука и мучные смеси | Мелькомбинат № 3- это современное предприятие, которое представляет собой динамично развивающуюся компанию, занимающую лидирующие позиции в производстве муки из твердых сортов пшеницы для макаронных изделий, муки пшеничной хлебопекарной. Ассортимент предлагаемой продукции постоянно расширяется с учетом потребностей покупателей. Широкое развитие получила продукция: мука для пиццы ""Mamma Mia Pizza"", которая уже по достоинству отмечена потребителями. Вся выпускаемая продукция отвечает высоким требованиям мировых стандартов по качеству и безопасности пищевых продуктов",parsed_official_pirexpo_api,,2026-10-05T08:23:57Z,pir-expo-2026-official-pirexpo-api-signo-v1.0.2-service-product-leakage-remediation,ok,kept: official PIR Russian-market row with HoReCa product/category evidence,product_evidence,repeat,exact email matched current Twenty repeat index,info@melkombinat3.ru,,Мелькомбинат 3,info@melkombinat3.ru,melkombinat3.ru,official_pirexpo_brand_list_api,,skipped_official_email_present,,,info@melkombinat3.ru,official API email
ПИР Экспо 2026,26–29 октября 2026,ПРОМИНДУСТРИЯ СПБ,ПРОМИНДУСТРИЯ СПБ,Одноразовая посуда; Упаковка для доставки (to-go); Расходные материалы и хозяйственные товары; Сопутствующие услуги,Россия / российский рынок,Москва,,"зал 15, стенд 3B72",15,Одноразовая посуда; Упаковка для доставки (to-go); Расходные материалы и хозяйственные товары; Сопутствующие услуги,"ПромИндустрия СПб: Лидер рынка упаковочных материалов с более чем 15-летним опытом ООО «ПромИндустрия СПб» — ведущий российский поставщик упаковочных и расходных материалов. Мы накопили огромный опыт, обеспечивая крупнейшие торговые сети, кондитерские, медицинские учреждения и другие бизнесы по всей России. Наши эксклюзивные контракты с российскими и зарубежными производителями позволяют предлагать широкий ассортимент высококачественных товаров по лучшим ценам, а также расширять сеть партнеров. Мы ежегодно участвуем в престижных тендерах, демонстрируя стабильно положительные результаты. «ПромИндустрия СПб» является поставщиком комплексных решений для таких гигантов, как «О`кей», «Ашан», «Лента», X5 Retail Group, Купер, Хлебник и другие. Опыт работы с крупными сетями, своевременные поставки, высококлассный клиентский сервис и продуманная логистика формируют нашу репутацию ответственного поставщика. Это позволяет нам постоянно расширять ассортимент, предлагая удобство комплексных поставок.",ПРОМИНДУСТРИЯ СПБ,https://promispb.ru,zakaz@promispb.ru,+7-812-777-04-84,https://pirexpo.com/exposition/all-exhibitors/2381,2381,include,"ПРОМИНДУСТРИЯ СПБ | Одноразовая посуда; Упаковка для доставки (to-go); Расходные материалы и хозяйственные товары; Сопутствующие услуги | ПромИндустрия СПб: Лидер рынка упаковочных материалов с более чем 15-летним опытом ООО «ПромИндустрия СПб» — ведущий российский поставщик упаковочных и расходных материалов. Мы накопили огромный опыт, обеспечивая крупнейшие торговые сети, кондитерские, медицинские учреждения и другие бизнесы по всей России. Наши эксклюзивные контракты с российскими и зарубежными производителями позволяют предлагать широкий ассортимент высококачественных товаров по лучшим ценам, а также расширять сеть партнеров. Мы ежегодно участвуем в престижных тендерах, демонстрируя стабильно положительные результаты. «ПромИндустрия СПб» является поставщиком комплексных решений для таких гигантов, как «О`кей», «Ашан», «Лен",parsed_official_pirexpo_api,,2026-10-05T08:23:57Z,pir-expo-2026-official-pirexpo-api-signo-v1.0.2-service-product-leakage-remediation,ok,kept: official PIR Russian-market row with HoReCa product/category evidence,product_evidence,repeat,exact email matched current Twenty repeat index,zakaz@promispb.ru,,Проминдустрия Спб,zakaz@promispb.ru,promispb.ru,official_pirexpo_brand_list_api,,skipped_official_email_present,,,zakaz@promispb.ru,official API email
ПИР Экспо 2026,26–29 октября 2026,WIKE,WIKE,рыба охлажденная; полуфабрикаты из рыбы; рыбные деликатесы; морепродукты,Россия / российский рынок,Москва,,"зал 15, стенд 3D101",15,рыба охлажденная; полуфабрикаты из рыбы; рыбные деликатесы; морепродукты,"Производство ООО ""УАЙК"" выпускает высококачественную рыбную продукцию премиум класса без пищевых добавок и консервантов по классическим технологиям.За сравнительно небольшой срок торговая марка ООО ""УАЙК"", вышла на лидирующие позиции в сегменте рынка порционных продуктов и рыбных полуфабрикатов При этом наши цены являются конкурентоспособными, что выгодно отличает нас от других производителей. Наш девиз: Каждый клиент - это победа! Довольный клиент - это награда!",WIKE,https://wike.biz,restkap@mail.ru,+7 925-316-64-60 +7(495)617-09-93,https://pirexpo.com/exposition/all-exhibitors/2494,2494,include,"WIKE | рыба охлажденная; полуфабрикаты из рыбы; рыбные деликатесы; морепродукты | Производство ООО ""УАЙК"" выпускает высококачественную рыбную продукцию премиум класса без пищевых добавок и консервантов по классическим технологиям.За сравнительно небольшой срок торговая марка ООО ""УАЙК"", вышла на лидирующие позиции в сегменте рынка порционных продуктов и рыбных полуфабрикатов При этом наши цены являются конкурентоспособными, что выгодно отличает нас от других производителей. Наш девиз: Каждый клиент - это победа! Довольный клиент - это награда!",parsed_official_pirexpo_api,,2026-10-05T08:23:57Z,pir-expo-2026-official-pirexpo-api-signo-v1.0.2-service-product-leakage-remediation,ok,kept: official PIR Russian-market row with HoReCa product/category evidence,product_evidence,repeat,safe non-generic company-owned domain matched current Twenty repeat index,,wike.biz,Уайк,restkap@mail.ru,mail.ru; wike.biz,official_pirexpo_brand_list_api,,skipped_official_email_present,,,restkap@mail.ru,official API email
ПИР Экспо 2026,26–29 октября 2026,ДЕСЕРТНЫЕ ИСТОРИИ,ДЕСЕРТНЫЕ ИСТОРИИ,замороженные изделия,Россия / российский рынок,Москва,,"зал 15, стенд 3B70",15,замороженные изделия,"Компания Десертные истории специализируется на производстве замороженных тарталеток, эклеров, профитролей, пирожных, кукисов, чизкейков и тортов для сегмента HoReCa и сетевой розницы",ДЕСЕРТНЫЕ ИСТОРИИ,https://dessert-story.ru,zoo@konfetti.pro,+79092062424,https://pirexpo.com/exposition/all-exhibitors/2456,2456,include,"ДЕСЕРТНЫЕ ИСТОРИИ | замороженные изделия | Компания Десертные истории специализируется на производстве замороженных тарталеток, эклеров, профитролей, пирожных, кукисов, чизкейков и тортов для сегмента HoReCa и сетевой розницы",parsed_official_pirexpo_api,,2026-10-05T08:23:57Z,pir-expo-2026-official-pirexpo-api-signo-v1.0.2-service-product-leakage-remediation,ok,kept: official PIR Russian-market row with HoReCa product/category evidence,product_evidence,repeat,exact email matched current Twenty repeat index,zoo@konfetti.pro,,Десертные Истории Плюс,zoo@konfetti.pro,dessert-story.ru; konfetti.pro,official_pirexpo_brand_list_api,,skipped_official_email_present,,,zoo@konfetti.pro,official API email
ПИР Экспо 2026,26–29 октября 2026,ВОЛЬГИНСКИЙ ЗАВОД ЛИТЬЕВЫХ ПЛАСТМАСС,ВОЛЬГИНСКИЙ ЗАВОД ЛИТЬЕВЫХ ПЛАСТМАСС,"Столовые приборы; Одноразовая посуда; Упаковка для доставки (to-go); Расходные материалы и хозяйственные товары; Расходные материалы для упаковки, лотки, контейнеры; Контейнеры, миски, емкости",Россия / российский рынок,Москва,,"зал 15, стенд 3C30",15,"Столовые приборы; Одноразовая посуда; Упаковка для доставки (to-go); Расходные материалы и хозяйственные товары; Расходные материалы для упаковки, лотки, контейнеры; Контейнеры, миски, емкости","Вольгинский завод литьевых пластмасс-российский производитель пластиковой упаковки и одноразовой посуды для пищевой промышленности и индустрии HORECA (Hotel, Restaurant, Cafe), а также активно развивающейся индустрии доставки готовой еды.",ВОЛЬГИНСКИЙ ЗАВОД ЛИТЬЕВЫХ ПЛАСТМАСС,https://vzlp.ru,info@vzlp.ru,+74959098187,https://pirexpo.com/exposition/all-exhibitors/2236,2236,include,"ВОЛЬГИНСКИЙ ЗАВОД ЛИТЬЕВЫХ ПЛАСТМАСС | Столовые приборы; Одноразовая посуда; Упаковка для доставки (to-go); Расходные материалы и хозяйственные товары; Расходные материалы для упаковки, лотки, контейнеры; Контейнеры, миски, емкости | Вольгинский завод литьевых пластмасс-российский производитель пластиковой упаковки и одноразовой посуды для пищевой промышленности и индустрии HORECA (Hotel, Restaurant, Cafe), а также активно развивающейся индустрии доставки готовой еды.",parsed_official_pirexpo_api,,2026-10-05T08:23:57Z,pir-expo-2026-official-pirexpo-api-signo-v1.0.2-service-product-leakage-remediation,ok,kept: official PIR Russian-market row with HoReCa product/category evidence,product_evidence,repeat,exact email matched current Twenty repeat index,info@vzlp.ru,,Вольгинский Завод,info@vzlp.ru,vzlp.ru,official_pirexpo_brand_list_api,,skipped_official_email_present,,,info@vzlp.ru,official API email
ПИР Экспо 2026,26–29 октября 2026,PROFI PROJECT,PROFI PROJECT,"Экстерьерное освещение; Барные стойки, ресепшн; Мебель для ресторанов, кафе и иных предприятий питания; Мебель для летних кафе, уличная мебель; Гостиничная и корпусная мебель; Мягкая мебель; Матрасы; Банкетная мебель; Мебель для конференц- и концертных залов; Текстиль для гостиниц; Текстиль для ресторанов; Аксессуары; Гостиничный текстиль, махровые изделия; Декоративный текстиль; Подушки, одеяла; Специализированный текстиль (ткани); Фартуки; Униформа, обувь; Дизайнерская одежда; Инженерное кухонное оборудование",российский рынок (официальный каталог ПИР Экспо; страна не указана),Москва,,"зал 15, стенд 4G24",15,"Проектирование и консалтинговые услуги; Экстерьерное освещение; Барные стойки, ресепшн; Мебель для ресторанов, кафе и иных предприятий питания; Мебель для летних кафе, уличная мебель; Гостиничная и корпусная мебель; Мягкая мебель; Матрасы; Банкетная мебель; Мебель для конференц- и концертных залов; Текстиль для гостиниц; Текстиль для ресторанов; Аксессуары; Гостиничный текстиль, махровые изделия; Декоративный текстиль; Подушки, одеяла; Специализированный текстиль (ткани); Фартуки; Униформа, обувь; Дизайнерская одежда; Инженерное кухонное оборудование; Линии раздачи; Мармиты, чафиндиши; Буфеты, Шведские столы, Салат-бары; Нейтральное и вспомогательное оборудование; Оборудование для пищевых производств; Посудомоечное оборудование; Оборудование для прачечных и химчисток; Интерьерное и декоративное освещение",,ПРОФЭКВИП,,,,https://pirexpo.com/exposition/all-exhibitors/1947,1947,include,"PROFI PROJECT | Экстерьерное освещение; Барные стойки, ресепшн; Мебель для ресторанов, кафе и иных предприятий питания; Мебель для летних кафе, уличная мебель; Гостиничная и корпусная мебель; Мягкая мебель; Матрасы; Банкетная мебель; Мебель для конференц- и концертных залов; Текстиль для гостиниц; Текстиль для ресторанов; Аксессуары; Гостиничный текстиль, махровые изделия; Декоративный текстиль; Подушки, одеяла; Специализированный текстиль (ткани); Фартуки; Униформа, обувь; Дизайнерская одежда; Инженерное кухонное оборудование",parsed_official_pirexpo_api,website; public_email,2026-10-05T08:23:57Z,pir-expo-2026-official-pirexpo-api-signo-v1.0.2-service-product-leakage-remediation,ok,kept: official PIR Russian-market row with HoReCa product/category evidence,product_evidence,new,no exact email or safe company-owned domain match in current Twenty repeat index,,,,,,official_pirexpo_brand_list_api,,skipped_no_website,,,,
ПИР Экспо 2026,26–29 октября 2026,РУСАГРО,РУСАГРО,сахар; мясные полуфабрикаты; масло растительное; готовые приправы и соусы; свинина,Россия / российский рынок,Москва,,"зал 15, стенд 3D20",15,сахар; мясные полуфабрикаты; масло растительное; готовые приправы и соусы; свинина,"Группа Компаний «Русагро» - это крупнейший вертикальный агрохолдинг России. ""Русагро"" занимает лидирующие позиции в производстве сахара, свиноводстве, растениеводстве и масложировом бизнесе.",РУСАГРО,https://www.rusagrogroup.ru/ru,im.kukushkina@rusagromaslo.com,89040551813,https://pirexpo.com/exposition/all-exhibitors/2375,2375,include,"РУСАГРО | сахар; мясные полуфабрикаты; масло растительное; готовые приправы и соусы; свинина | Группа Компаний «Русагро» - это крупнейший вертикальный агрохолдинг России. ""Русагро"" занимает лидирующие позиции в производстве сахара, свиноводстве, растениеводстве и масложировом бизнесе.",parsed_official_pirexpo_api,,2026-10-05T08:23:57Z,pir-expo-2026-official-pirexpo-api-signo-v1.0.2-service-product-leakage-remediation,ok,kept: official PIR Russian-market row with HoReCa product/category evidence,product_evidence,repeat,safe non-generic company-owned domain matched current Twenty repeat index,,rusagrogroup.ru,Русагро,im.kukushkina@rusagromaslo.com,rusagrogroup.ru; rusagromaslo.com,official_pirexpo_brand_list_api,,skipped_official_email_present,,,im.kukushkina@rusagromaslo.com,official API email
ПИР Экспо 2026,26–29 октября 2026,BETTY'S CAKE,BETTYS CAKE,пирожные; замороженные изделия; торты,Россия / российский рынок,Москва,,"зал 15, стенд 3C53",15,пирожные; замороженные изделия; торты,"Betty’s Cake — производитель замороженных десертов для ресторанов, кофеен, отелей, кейтеринга и других проектов индустрии гостеприимства. Мы создаём продукт, который помогает бизнесу формировать привлекательную десертную витрину и предлагать гостям стабильно высокое качество без необходимости организовывать собственное кондитерское производство. В ассортименте Betty’s Cake — чизкейки, торты и десерты в индивидуальных упаковках: от узнаваемой классики до современных вкусовых сочетаний и эффектных решений для подачи. Особое внимание мы уделяем вкусу, качеству ингредиентов, внешнему виду и стабильности продукта от партии к партии. Наша продукция разработана с учётом задач HoReCa: удобство хранения и работы с десертами, предсказуемый результат, оптимизация процессов на кухне и возможность подобрать ассортимент под концепцию конкретного заведения. На выставке ПИР мы представим ассортимент Betty’s Cake и наши новинки. Приглашаем владельцев и управляющих ресторанов и кофеен, шеф-поваров, кондитеров, закупщиков и дистрибьюторов познакомиться с продукцией, продегустировать десерты и обсудить условия сотрудничества.",BETTY'S CAKE,https://bettyscake.ru,info@bettyscake.ru,88002001339,https://pirexpo.com/exposition/all-exhibitors/2092,2092,include,"BETTY'S CAKE | пирожные; замороженные изделия; торты | Betty’s Cake — производитель замороженных десертов для ресторанов, кофеен, отелей, кейтеринга и других проектов индустрии гостеприимства. Мы создаём продукт, который помогает бизнесу формировать привлекательную десертную витрину и предлагать гостям стабильно высокое качество без необходимости организовывать собственное кондитерское производство. В ассортименте Betty’s Cake — чизкейки, торты и десерты в индивидуальных упаковках: от узнаваемой классики до современных вкусовых сочетаний и эффектных решений для подачи. Особое внимание мы уделяем вкусу, качеству ингредиентов, внешнему виду и стабильности продукта от партии к партии. Наша продукция разработана с учётом задач HoReCa: удобство хране",parsed_official_pirexpo_api,,2026-10-05T08:23:57Z,pir-expo-2026-official-pirexpo-api-signo-v1.0.2-service-product-leakage-remediation,normalized from legal/brand prefix,kept: official PIR Russian-market row with HoReCa product/category evidence,product_evidence,repeat,exact email matched current Twenty repeat index,info@bettyscake.ru,,Betty s cake,info@bettyscake.ru,bettyscake.ru,official_pirexpo_brand_list_api,,skipped_official_email_present,,,info@bettyscake.ru,official API email
ПИР Экспо 2026,26–29 октября 2026,MONOMOUNT,MONOMOUNT,Аксессуары; Барный инвентарь; Столовые приборы; Предметы сервировки; Предметы интерьера,Россия / российский рынок,Москва,,"зал 14, стенд 2H70",14,Аксессуары; Барный инвентарь; Столовые приборы; Предметы сервировки; Предметы интерьера,"Компания Monomount основана в Белгороде в 2012 году. С самого начала мы стремились создавать аксессуары из натуральных материалов, которые будут не просто вещами, а станут решением на все случаи жизни. Мы выбрали фокус — изделия из натуральной кожи и массива дерева. За годы работы мы сформировали широкий ассортимент продукции: от оригинальных аксессуаров закрывающих потребности всей сферы услуг - до классической кожгалантереи и разнообразных изделий из массива дерева. В нашем портфолио стабильно пополняются кейсы с крупными корпоративными заказчиками по всей России.",MONOMOUNT,https://monomount.com,info@monomount.com,+7 (915) 522 80 00,https://pirexpo.com/exposition/all-exhibitors/2542,2542,include,"MONOMOUNT | Аксессуары; Барный инвентарь; Столовые приборы; Предметы сервировки; Предметы интерьера | Компания Monomount основана в Белгороде в 2012 году. С самого начала мы стремились создавать аксессуары из натуральных материалов, которые будут не просто вещами, а станут решением на все случаи жизни. Мы выбрали фокус — изделия из натуральной кожи и массива дерева. За годы работы мы сформировали широкий ассортимент продукции: от оригинальных аксессуаров закрывающих потребности всей сферы услуг - до классической кожгалантереи и разнообразных изделий из массива дерева. В нашем портфолио стабильно пополняются кейсы с крупными корпоративными заказчиками по всей России.",parsed_official_pirexpo_api,,2026-10-05T08:23:57Z,pir-expo-2026-official-pirexpo-api-signo-v1.0.2-service-product-leakage-remediation,ok,kept: official PIR Russian-market row with HoReCa product/category evidence,product_evidence,new,no exact email or safe company-owned domain match in current Twenty repeat index,,,,info@monomount.com,monomount.com,official_pirexpo_brand_list_api,,skipped_official_email_present,,,info@monomount.com,official API email
ПИР Экспо 2026,26–29 октября 2026,MIXOMANIA,MIXOMANIA,квас; сиропы,Россия / российский рынок,Москва,,"зал 15, стенд 3E101",15,квас; сиропы,"MIXOMANIA | Сиропы для HoReCa ТОТ САМЫЙ ВКУС, ЧТОБЫ СМЕШИВАТЬ Mixomania™ — это не просто сиропы, а результат совместных усилий технологов, инженеров и экспертов пищевой индустрии. Собственная научная база, современное оборудование, полный контроль качества — от рецептуры до готовой партии. Наши преимущества: • Собственные разработки, лабораторный контроль, стабильные вкусовые характеристики. • Упрощенный барный ассортимент, минимизация ошибок, подходит для постмикса и премикса. • Работа с юрлицами, индивидуальные предложения, консультации. • Эксклюзивные вкусы на заказ. Для кого мы работаем: ✓ Для тех, кто понимает вкус и ценит стабильность. ✓ Для баров, ресторанов, кофеен, отелей, кондитерских. ✓ Для профессионалов и взыскательных ценителей. Мы здесь telegram.me/mixomaniasirop Вместе в мир вкуса!",MIXOMANIA,https://mixomania.ru,mixomania@bk.ru,+7 (903) 796-6653,https://pirexpo.com/exposition/all-exhibitors/2292,2292,include,"MIXOMANIA | квас; сиропы | MIXOMANIA | Сиропы для HoReCa ТОТ САМЫЙ ВКУС, ЧТОБЫ СМЕШИВАТЬ Mixomania™ — это не просто сиропы, а результат совместных усилий технологов, инженеров и экспертов пищевой индустрии. Собственная научная база, современное оборудование, полный контроль качества — от рецептуры до готовой партии. Наши преимущества: • Собственные разработки, лабораторный контроль, стабильные вкусовые характеристики. • Упрощенный барный ассортимент, минимизация ошибок, подходит для постмикса и премикса. • Работа с юрлицами, индивидуальные предложения, консультации. • Эксклюзивные вкусы на заказ. Для кого мы работаем: ✓ Для тех, кто понимает вкус и ценит стабильность. ✓ Для баров, ресторанов, кофеен, отелей, кондитерс",parsed_official_pirexpo_api,,2026-10-05T08:23:57Z,pir-expo-2026-official-pirexpo-api-signo-v1.0.2-service-product-leakage-remediation,ok,kept: official PIR Russian-market row with HoReCa product/category evidence,product_evidence,new,no exact email or safe company-owned domain match in current Twenty repeat index,,,,mixomania@bk.ru,bk.ru; mixomania.ru,official_pirexpo_brand_list_api,,skipped_official_email_present,,,mixomania@bk.ru,official API email
ПИР Экспо 2026,26–29 октября 2026,АКВАБРИТ,АКВАБРИТ,Фильтры для очистки воды; Оборудование для пищевых производств; Нейтральное и вспомогательное оборудование; Инженерное кухонное оборудование,Россия / российский рынок,Москва,,"зал 14, стенд 2B21",14,Фильтры для очистки воды; Оборудование для пищевых производств; Нейтральное и вспомогательное оборудование; Инженерное кухонное оборудование,"Компания «АкваБрит» расширяет портфель профессиональных решений для водоподготовки в сегменте HoReCa. В 2026 году запущена специализированная серия «АКВАБРИТ ПАР» — для пароконвектоматов, конвекционных и пекарских печей и посудомоечных машин малого и среднего объёма. АКВАБРИТ ПАР прекрасно подходит для пекарского оборудования, помогая получать стабильное качество и превосходный вкус выпечки. Универсальная серия АКВАБРИТ 250, 500 и 1200 разработана для кофеен, ресторанов и других предприятий HoReCa. Системы АКВАБРИТ помогают улучшать органолептические свойства воды и обеспечивать высокое питьевое качество. Восьмиступенчатая технология водоподготовки «8 в 1», включая умягчение, и встроенный байпас позволяют самостоятельно настраивать состав воды. Компактные картриджи удобно размещаются даже в ограниченном пространстве, а их замена не требует специального инструмента и вызова сервисного инженера. Для сложных случаев, когда входная вода не соответствует требованиям к питьевой воде или содержит избыток растворённых минералов, способных сделать её коррозионно-активной, предусмотрено решение АКВАБРИТ ОСМОС. Система позволяет регулировать уровень минерализации воды. ООО «АкваБрит» — один из ведущих российских производителей профессиональных систем водоподготовки для HoReCa. 19 лет опыта, собственное производство полного цикла и более 120 000 предприятий в России и ЕАЭС, выбравших АКВАБРИТ за надёжность и качество.",АКВАБРИТ,https://horecawater.ru,mail@aquabrit.ru,+7 (495) 280-70-02,https://pirexpo.com/exposition/all-exhibitors/2509,2509,include,"АКВАБРИТ | Фильтры для очистки воды; Оборудование для пищевых производств; Нейтральное и вспомогательное оборудование; Инженерное кухонное оборудование | Компания «АкваБрит» расширяет портфель профессиональных решений для водоподготовки в сегменте HoReCa. В 2026 году запущена специализированная серия «АКВАБРИТ ПАР» — для пароконвектоматов, конвекционных и пекарских печей и посудомоечных машин малого и среднего объёма. АКВАБРИТ ПАР прекрасно подходит для пекарского оборудования, помогая получать стабильное качество и превосходный вкус выпечки. Универсальная серия АКВАБРИТ 250, 500 и 1200 разработана для кофеен, ресторанов и других предприятий HoReCa. Системы АКВАБРИТ помогают улучшать органолептические свойства воды и обеспечивать высокое питьевое качество. Восьмиступенчатая технология водоподготовки «8 в 1», включая умягчение, и встроенный ба",parsed_official_pirexpo_api,,2026-10-05T08:23:57Z,pir-expo-2026-official-pirexpo-api-signo-v1.0.2-service-product-leakage-remediation,ok,kept: official PIR Russian-market row with HoReCa product/category evidence,product_evidence,new,no exact email or safe company-owned domain match in current Twenty repeat index,,,,mail@aquabrit.ru,aquabrit.ru; horecawater.ru,official_pirexpo_brand_list_api,,skipped_official_email_present,,,mail@aquabrit.ru,official API email
ПИР Экспо 2026,26–29 октября 2026,АКВАБРИТ,АКВАБРИТ,Фильтры для очистки воды; Инженерное кухонное оборудование; Нейтральное и вспомогательное оборудование; Оборудование для пищевых производств,российский рынок (официальный каталог ПИР Экспо; страна не указана),Москва,,"зал 13, стенд 1D70",13,Фильтры для очистки воды; Инженерное кухонное оборудование; Нейтральное и вспомогательное оборудование; Оборудование для пищевых производств,,AQUABRIT,,,,https://pirexpo.com/exposition/all-exhibitors/2239,2239,include,АКВАБРИТ | Фильтры для очистки воды; Инженерное кухонное оборудование; Нейтральное и вспомогательное оборудование; Оборудование для пищевых производств,parsed_official_pirexpo_api,website; public_email,2026-10-05T08:23:57Z,pir-expo-2026-official-pirexpo-api-signo-v1.0.2-service-product-leakage-remediation,ok,kept: official PIR Russian-market row with HoReCa product/category evidence,product_evidence,new,no exact email or safe company-owned domain match in current Twenty repeat index,,,,,,official_pirexpo_brand_list_api,,skipped_no_website,,,,
ПИР Экспо 2026,26–29 октября 2026,САМСОН,САМСОН,"Подушки, одеяла",Россия / российский рынок,Москва,,"зал 15, стенд 4G60",15,"Подушки, одеяла","Предприятие САМСОН специализируется на производстве одеял, подушек, наматрацников, топперов для дома и объектов гостиничного бизнеса. САМСОН является одним из немногих российских предприятий, на которых пухоперовое сырьё проходит полный цикл технологической обработки. Наша продукция представлена в большинстве регионов России и в ряде стран зарубежья. Безопасность и качество продукции подтверждена Сертификатами или Декларациями о соответствии Техническим регламентам Таможенного союза.",САМСОН,https://hotel-standard.com,info@hotel-standard.com,+7-915-820-51-44,https://pirexpo.com/exposition/all-exhibitors/2304,2304,include,"САМСОН | Подушки, одеяла | Предприятие САМСОН специализируется на производстве одеял, подушек, наматрацников, топперов для дома и объектов гостиничного бизнеса. САМСОН является одним из немногих российских предприятий, на которых пухоперовое сырьё проходит полный цикл технологической обработки. Наша продукция представлена в большинстве регионов России и в ряде стран зарубежья. Безопасность и качество продукции подтверждена Сертификатами или Декларациями о соответствии Техническим регламентам Таможенного союза.",parsed_official_pirexpo_api,,2026-10-05T08:23:57Z,pir-expo-2026-official-pirexpo-api-signo-v1.0.2-service-product-leakage-remediation,ok,kept: official PIR Russian-market row with HoReCa product/category evidence,product_evidence,new,no exact email or safe company-owned domain match in current Twenty repeat index,,,,info@hotel-standard.com,hotel-standard.com,official_pirexpo_brand_list_api,,skipped_official_email_present,,,info@hotel-standard.com,official API email
ПИР Экспо 2026,26–29 октября 2026,РАМАЙ,РАМАЙ,мясные полуфабрикаты; замороженные изделия; готовые блюда; колбасы и колбасные изделия; баранина; говядина; курица; индейка; мясная кулинария,Россия / российский рынок,Москва,,"зал 15, стенд 3C70",15,мясные полуфабрикаты; замороженные изделия; готовые блюда; колбасы и колбасные изделия; мясные полуфабрикаты; баранина; говядина; курица; индейка; мясная кулинария,"ООО «МПК Обнинский» — производитель мясной продукции с ассортиментом более 60 наименований. Предприятие выпускает вареные колбасные изделия, сосиски, сардельки, колбаски гриль, полуфабрикаты, фарш, тесто и готовую продукцию. На ПИР ЭКСПО компания представляет бренд «Рамай» и линейку продуктов для HoReCa: колбаски гриль и сосиски для хот-догов, готовые пельмени, блин-доги, тесто и наборы для хот-догов. Производство основано на строгом контроле качества и использовании высококачественного отечественного сырья. Продукция сертифицирована по стандартам Халяль.",РАМАЙ,https://mpkobninsk.ru,mpk@obninsk.ru,+7 (906) 508-66-00 (Отдел продаж),https://pirexpo.com/exposition/all-exhibitors/1954,1954,include,"РАМАЙ | мясные полуфабрикаты; замороженные изделия; готовые блюда; колбасы и колбасные изделия; баранина; говядина; курица; индейка; мясная кулинария | ООО «МПК Обнинский» — производитель мясной продукции с ассортиментом более 60 наименований. Предприятие выпускает вареные колбасные изделия, сосиски, сардельки, колбаски гриль, полуфабрикаты, фарш, тесто и готовую продукцию. На ПИР ЭКСПО компания представляет бренд «Рамай» и линейку продуктов для HoReCa: колбаски гриль и сосиски для хот-догов, готовые пельмени, блин-доги, тесто и наборы для хот-догов. Производство основано на строгом контроле качества и использовании высококачественного отечественного сырья. Продукция сертифицирована по стандартам Халяль.",parsed_official_pirexpo_api,,2026-10-05T08:23:57Z,pir-expo-2026-official-pirexpo-api-signo-v1.0.2-service-product-leakage-remediation,ok,kept: official PIR Russian-market row with HoReCa product/category evidence,product_evidence,repeat,exact email matched current Twenty repeat index,mpk@obninsk.ru,,Обнинский Колбасный Завод,mpk@obninsk.ru,mpkobninsk.ru; obninsk.ru,official_pirexpo_brand_list_api,,skipped_official_email_present,,,mpk@obninsk.ru,official API email
ПИР Экспо 2026,26–29 октября 2026,КОФЕ ГЛОБАЛ,КОФЕ ГЛОБАЛ,Обжаренное зерно; Кофе в дрип-пакетах; Чистящие средства,Россия / российский рынок,Москва,,"зал 13, стенд 1C81",13,Обжаренное зерно; Кофе в дрип-пакетах; Чистящие средства,"Профессиональная кофемолка LD-037 (V1) — Ключевые преимущества: * электронная настройка через дисплей * точная регулировка степени помола * регулируемый держатель холдера * жернова 74 мм * вместительный бункер 1 кг * алюминиевый корпус. Познакомьтесь с оборудованием на стенде 1C81. Кофе Глобал - подберём кофемолку под формат и загрузку вашей точки.; Кофемолка 8083 (V1) WT — Точный помол. Встроенные весы. Контроль каждой порции. ✓ Встроенные весы — не требуется дополнительное оборудование ✓ Настройка помола по весу и времени ✓ Электронный дисплей для точного контроля ✓ Жернова 74 мм ✓ Бункер 1500 г ✓ Производительность для интенсивной работы в HoReCa. Познакомьтесь с оборудованием на стенде 1C81. Кофе Глобал - подберём кофемолку под формат и загрузку вашей точки.; Профессиональная кофемолка для HoReCa - LD-900E — Надёжное решение для кофеен, ресторанов и других форматов с постоянным потоком гостей. Ключевые преимущества: * вместительный бункер — до 1,5 кг * электронная настройка через дисплей * регулируемый держатель холдера * жернова 64 мм * алюминиевый корпус. Познакомьтесь с оборудованием на стенде 1C81. Кофе Глобал - подберём кофемолку под формат и загрузку вашей точки.; Профессиональная кофемолка LD-032 — Компактное решение для кофеен, баров и ресторанов, где важны стабильность, низкий уровень шума и удобство работы. Ключевые преимущества: * минимальный уровень шума и вибрации * стабильный и точный помол * надёжная защита от перегрева * жернова 60 мм * скорость вращения 800–1500 об/мин * алюминиевый корпус. Познакомьтесь с оборудование на стенде 1С81. Кофе Глобал - подберём кофемолку под формат и загрузку вашей точки.",BARISTA LINE,https://coffeeglobal.ru,sale@coffeeglobal.ru,+79272501159,https://pirexpo.com/exposition/all-exhibitors/2358,2358,include,"КОФЕ ГЛОБАЛ | Обжаренное зерно; Кофе в дрип-пакетах; Чистящие средства | Профессиональная кофемолка LD-037 (V1) — Ключевые преимущества: * электронная настройка через дисплей * точная регулировка степени помола * регулируемый держатель холдера * жернова 74 мм * вместительный бункер 1 кг * алюминиевый корпус. Познакомьтесь с оборудованием на стенде 1C81. Кофе Глобал - подберём кофемолку под формат и загрузку вашей точки.; Кофемолка 8083 (V1) WT — Точный помол. Встроенные весы. Контроль каждой порции. ✓ Встроенные весы — не требуется дополнительное оборудование ✓ Настройка помола по весу и времени ✓ Электронный дисплей для точного контроля ✓ Жернова 74 мм ✓ Бункер 1500 г ✓ Производительность для интенсивной работы в HoReCa. Познакомьтесь с оборудованием на стенде 1C81. Кофе Глобал - подберём кофемолку под формат и загрузку вашей точки.; Профессиональная кофемолка для HoReCa - LD-900E — Надёжное решение для кофеен, ресторанов и других форматов с постоянным потоком гостей. Ключевые преимущества: * вместительный бункер — до 1,5 кг * электронная настройка через дисплей * регулируемый держатель холдера * жернова 64 мм * алюминиевый корпус. Познакомьтесь с оборудованием на стенде 1C81. Кофе Глобал - подберём кофемолку под формат и загрузку вашей точки.; Профессиональная кофемолка LD-032 — Компактное решение для кофеен, баров и ресторанов, где важны стабильность, низкий уровень шума и удобство работы. Ключевые преимущества: * минимальный уровень шума и вибрации * стабильный и точный помол * надёжная защита от перегрева * жернова 60 мм * скорость вращения 800–1500 об/мин * алюминиевы",parsed_official_pirexpo_api,,2026-10-05T08:23:57Z,pir-expo-2026-official-pirexpo-api-signo-v1.0.2-service-product-leakage-remediation,ok,kept: official PIR Russian-market row with HoReCa product/category evidence,product_evidence,new,no exact email or safe company-owned domain match in current Twenty repeat index,,,,sale@coffeeglobal.ru,coffeeglobal.ru,official_pirexpo_brand_list_api,,skipped_official_email_present,,,sale@coffeeglobal.ru,official API email
ПИР Экспо 2026,26–29 октября 2026,АГРАНА ФРУТ МОСКОВСКИЙ РЕГИОН,АГРАНА ФРУТ МОСКОВСКИЙ РЕГИОН,Топпинги; Сиропы; Фруктовое пюре; лимонады; морсы; Пюре; Газированные напитки,российский рынок (официальный каталог ПИР Экспо; страна не указана),Москва,,"зал 13, стенд 1E40",13,Топпинги; Сиропы; Фруктовое пюре; лимонады; морсы; Пюре; Сиропы; Топпинги; Газированные напитки,,WATSON SAYS,,,,https://pirexpo.com/exposition/all-exhibitors/1982,1982,include,АГРАНА ФРУТ МОСКОВСКИЙ РЕГИОН | Топпинги; Сиропы; Фруктовое пюре; лимонады; морсы; Пюре; Газированные напитки,parsed_official_pirexpo_api,website; public_email,2026-10-05T08:23:57Z,pir-expo-2026-official-pirexpo-api-signo-v1.0.2-service-product-leakage-remediation,ok,kept: official PIR Russian-market row with HoReCa product/category evidence,product_evidence,new,no exact email or safe company-owned domain match in current Twenty repeat index,,,,,,official_pirexpo_brand_list_api,,skipped_no_website,,,,
ПИР Экспо 2026,26–29 октября 2026,ZEALANDIA,ZEALANDIA,масло сливочное,Россия / российский рынок,Москва,,"зал 15, стенд 3C82",15,масло сливочное,"В эпоху высоких скоростей и изменений ресторанный бизнес требует решений повышенной прочности. Сливочное масло Zealandia — это профессиональный ингредиент для сегмента HoReCa, который минимизирует ваши технологические риски. Благодаря самых строгим стандартам пищевой безопасности с использованием передовых Новозеландских технологий, мы гарантируем самый высокий уровень качества продукта. Масло из свежих сливок обеспечивает предсказуемый премиальный результат, помогая шефам, кондитерам и пекарям сохранять высокий уровень кухни, удерживать фудкост и защищать бизнес от технологических сбоев",ZEALANDIA,http://zealandia.pro,zealandia@unifood.ru,+7 812 303-68-09,https://pirexpo.com/exposition/all-exhibitors/2311,2311,include,"ZEALANDIA | масло сливочное | В эпоху высоких скоростей и изменений ресторанный бизнес требует решений повышенной прочности. Сливочное масло Zealandia — это профессиональный ингредиент для сегмента HoReCa, который минимизирует ваши технологические риски. Благодаря самых строгим стандартам пищевой безопасности с использованием передовых Новозеландских технологий, мы гарантируем самый высокий уровень качества продукта. Масло из свежих сливок обеспечивает предсказуемый премиальный результат, помогая шефам, кондитерам и пекарям сохранять высокий уровень кухни, удерживать фудкост и защищать бизнес от технологических сбоев",parsed_official_pirexpo_api,,2026-10-05T08:23:57Z,pir-expo-2026-official-pirexpo-api-signo-v1.0.2-service-product-leakage-remediation,ok,kept: official PIR Russian-market row with HoReCa product/category evidence,product_evidence,repeat,safe non-generic company-owned domain matched current Twenty repeat index,,unifood.ru,Юнифуд,zealandia@unifood.ru,unifood.ru; zealandia.pro,official_pirexpo_brand_list_api,,skipped_official_email_present,,,zealandia@unifood.ru,official API email
ПИР Экспо 2026,26–29 октября 2026,ВУЛКАН HEIDEBRENNER,ВУЛКАН HEIDEBRENNER,"Грили; Фритюрницы; Готовые решения, фудтраки; Конвеерные системы, линии, комплексы; Печи для пиццы; Оборудование для шаурмы, шашлычницы; Тепловое оборудование; Инженерное кухонное оборудование; Нейтральное и вспомогательное оборудование; Оборудование для пищевых производств; Конвекционные печи; Электрические Плиты; Газовые плиты",Россия / российский рынок,Москва,,"зал 14, стенд 2E35",14,"Грили; Фритюрницы; Готовые решения, фудтраки; Конвеерные системы, линии, комплексы; Печи для пиццы; Оборудование для шаурмы, шашлычницы; Тепловое оборудование; Инженерное кухонное оборудование; Нейтральное и вспомогательное оборудование; Оборудование для пищевых производств; Конвекционные печи; Электрические Плиты; Газовые плиты","Газовая WOK-станция KSW 02 — Напольная газовая WOK-станция из нержавеющей стали со сплошной герметичной столешницей. Две мощные горелки, суммарная мощность 36 кВт. Работа на природном или сжиженном газе. Оснащение: газ-контроль, запальная горелка, пьезоподжиг и кольцевая WOK-насадка. Габариты: 1250 × 700 × 800 мм.; Газовый вапо-гриль BPD 03V «Омолон» — Напольный газовый водяной гриль из нержавеющей стали с тремя независимыми зонами нагрева. Поддон с водой снижает образование дыма и помогает сохранять сочность продукта. Чугунные решётки формируют выраженный рисунок гриля. Мощность 36,3 кВт. Работа на природном или сжиженном газе. Габариты: 1200 × 700 × 850 мм; Газовая плита ПРГ-IIА-4М ДШ Standart, серия 700 — Напольная газовая плита из нержавеющей стали с четырьмя горелками по 6 кВт и газовым духовым шкафом. Герметичная столешница, съёмная решётка, газ-контроль и регулируемые по высоте ножки. Суммарная мощность 30 кВт. Работа на природном или сжиженном газе. Габариты: 800 × 700 × 850 мм.; Газовая плита-табурет GK 2101 под казан 18 л — Напольная газовая плита-табурет под казан объёмом 18 л. Корпус из нержавеющей стали, звездообразная горелка мощностью 10,5 кВт. Оснащение: газ-контроль, запальная горелка, пьезоподжиг и поддон для сбора мусора. Работа на природном или сжиженном газе. Габариты: 650 × 650 × 720 мм.; Конвейерная печь для пиццы ETP «Марсили» — Настольная электрическая конвейерная печь из нержавеющей стали. Высокоскоростные потоки горячего воздуха обеспечивают равномерное приготовление продукта. Электронное управление с сохранением режимов и изменением направления движения ленты. Ширина конвейера 410 мм, температура 50–315 °C, время приготовления 45–900 секунд. Мощность 6 кВт; Индукционная плита ETK4 — Напольная индукционная плита из нержавеющей стали с четырьмя конфорками по 3,5 кВт. Стеклокерамика SCHOTT CERAN или EURO KERA толщиной 6 мм, 16-позиционная регулировка мощности и система распознавания посуды. Размер каждой конфорки 310 × 270 мм. Суммарная мощность 14 кВт. Габариты: 800 × 700 × 850 мм.; Электрическая шашлычница ETK-BST2 «Иджен» — Напольная электрическая шашлычница из нержавеющей стали с двумя зонами нагрева и десятью шампурами. Лавовые камни аккумулируют тепло и создают лёгкий аромат дыма. Шампуры оснащены деревянными ручками и фиксируются в нескольких положениях. Мощность 10,8 кВт. Габариты: 700 × 700 × 850 мм.; Тэппанъяки электрический ETP2 ""Тенрю"" — Напольный электрический теппан с зеркальным хромированным покрытием рабочей поверхности. Две независимые зоны нагрева позволяют одновременно готовить разные блюда. Предусмотрены сливное отверстие и съёмный жиросборник. Рабочая поверхность 696 × 540 мм, мощность 9 кВт. Габариты: 800 × 700 × 850 мм.",ВУЛКАН HEIDEBRENNER,https://vlkn.ru,office@agnigroup.ru,+7 (4912) 95-01-89,https://pirexpo.com/exposition/all-exhibitors/2365,2365,include,"ВУЛКАН HEIDEBRENNER | Грили; Фритюрницы; Готовые решения, фудтраки; Конвеерные системы, линии, комплексы; Печи для пиццы; Оборудование для шаурмы, шашлычницы; Тепловое оборудование; Инженерное кухонное оборудование; Нейтральное и вспомогательное оборудование; Оборудование для пищевых производств; Конвекционные печи; Электрические Плиты; Газовые плиты | Газовая WOK-станция KSW 02 — Напольная газовая WOK-станция из нержавеющей стали со сплошной герметичной столешницей. Две мощные горелки, суммарная мощность 36 кВт. Работа на природном или сжиженном газе. Оснащение: газ-контроль, запальная горелка, пьезоподжиг и кольцевая WOK-насадка. Габариты: 1250 × 700 × 800 мм.; Газовый вапо-гриль BPD 03V «Омолон» — Напольный газовый водяной гриль из нержавеющей стали с тремя независимыми зонами нагрева. Поддон с водой снижает образование дыма и помогает сохранять сочность продукта. Чугунные решётки формируют выраженный рисунок гриля. Мощность 36,3 кВт. Работа на природном или сжиженном газе. Габариты: 1200 × 700 × 850 мм; Газовая плита ПРГ-IIА-4М ДШ Standart, серия 700 — Напольная газовая плита из нержавеющей стали с четырьмя горелками по 6 кВт и газовым духовым шкафом. Герметичная столешница, съёмная решётка, газ-контроль и регулируемые по высоте ножки. Суммарная мощность 30 кВт. Работа на природном или сжиженном газе. Габариты: 800 × 700 × 850 мм.; Газовая плита-табурет GK 2101 под казан 18 л — Напольная газовая плита-табурет под казан объёмом 18 л. Корпус из нержавеющей стали, звездообразная горелка мощностью 10,5 кВт. Оснащение: газ-контроль, запальная горелка, пьезоподжиг и поддон дл",parsed_official_pirexpo_api,,2026-10-05T08:23:57Z,pir-expo-2026-official-pirexpo-api-signo-v1.0.2-service-product-leakage-remediation,ok,kept: official PIR Russian-market row with HoReCa product/category evidence,product_evidence,new,no exact email or safe company-owned domain match in current Twenty repeat index,,,,office@agnigroup.ru,agnigroup.ru; vlkn.ru,official_pirexpo_brand_list_api,,skipped_official_email_present,,,office@agnigroup.ru,official API email
ПИР Экспо 2026,26–29 октября 2026,АТМОСФЕРА,АТМОСФЕРА,"Текстиль для гостиниц; Гостиничный текстиль, махровые изделия; Подушки, одеяла; Гостиничная и корпусная мебель; Матрасы",российский рынок (официальный каталог ПИР Экспо; страна не указана),Москва,,"зал 15, стенд 4K80",15,"Текстиль для гостиниц; Гостиничный текстиль, махровые изделия; Подушки, одеяла; Гостиничная и корпусная мебель; Матрасы",,АТМОСФЕРА ГК,,,,https://pirexpo.com/exposition/all-exhibitors/1952,1952,include,"АТМОСФЕРА | Текстиль для гостиниц; Гостиничный текстиль, махровые изделия; Подушки, одеяла; Гостиничная и корпусная мебель; Матрасы",parsed_official_pirexpo_api,website; public_email,2026-10-05T08:23:57Z,pir-expo-2026-official-pirexpo-api-signo-v1.0.2-service-product-leakage-remediation,ok,kept: official PIR Russian-market row with HoReCa product/category evidence,product_evidence,new,no exact email or safe company-owned domain match in current Twenty repeat index,,,,,,official_pirexpo_brand_list_api,,skipped_no_website,,,,
ПИР Экспо 2026,26–29 октября 2026,MEYVEL,MEYVEL,Винные шкафы; Мини-бары; Шкафы для сухого вызревания мяса,Россия / российский рынок,Москва,,"зал 15, стенд 4G90",15,Винные шкафы; Мини-бары; Шкафы для сухого вызревания мяса,"15 лет на страже комфорта: компания «Лимарс-Р» С 2009 года мы задаем стандарты качества на рынке климатической и бытовой техники в России. Базируясь в Электростали, мы стали надежным мостом между мировыми производителями и российским потребителем. В нашем портфеле — премиальные бренды, включая итальянский Meyvel, а также Alpicool и Indel B. Мы предлагаем не просто технику, а комплексные решения: от автомобильных холодильников и кондиционеров до изысканных винных шкафов и профессионального оборудования для гостиничного бизнеса. Работая с крупнейшими федеральными сетями — DNS, М.Видео, Ozon, — мы остаемся гибкими: готовы отгрузить как крупную партию, так и единицу товара. Приглашаем партнеров посетить наши шоу-румы в Москве, чтобы лично оценить безупречное качество итальянской сборки.",ЛИМАРС-Р,https://limars.ru,sales@limars.ru,8 (800) 500-61-80,https://pirexpo.com/exposition/all-exhibitors/2138,2138,include,"MEYVEL | Винные шкафы; Мини-бары; Шкафы для сухого вызревания мяса | 15 лет на страже комфорта: компания «Лимарс-Р» С 2009 года мы задаем стандарты качества на рынке климатической и бытовой техники в России. Базируясь в Электростали, мы стали надежным мостом между мировыми производителями и российским потребителем. В нашем портфеле — премиальные бренды, включая итальянский Meyvel, а также Alpicool и Indel B. Мы предлагаем не просто технику, а комплексные решения: от автомобильных холодильников и кондиционеров до изысканных винных шкафов и профессионального оборудования для гостиничного бизнеса. Работая с крупнейшими федеральными сетями — DNS, М.Видео, Ozon, — мы остаемся гибкими: готовы отгрузить как крупную партию, так и единицу товара. Приглашаем партнеров",parsed_official_pirexpo_api,,2026-10-05T08:23:57Z,pir-expo-2026-official-pirexpo-api-signo-v1.0.2-service-product-leakage-remediation,ok,kept: official PIR Russian-market row with HoReCa product/category evidence,product_evidence,new,no exact email or safe company-owned domain match in current Twenty repeat index,,,,sales@limars.ru,limars.ru,official_pirexpo_brand_list_api,,skipped_official_email_present,,,sales@limars.ru,official API email
ПИР Экспо 2026,26–29 октября 2026,DANVEL,DANVEL,"Мармиты, чафиндиши; Буфеты, Шведские столы, Салат-бары; Линии раздачи",Россия / российский рынок,Москва,,"зал 14, стенд 2D61",14,"Мармиты, чафиндиши; Буфеты, Шведские столы, Салат-бары; Линии раздачи","DANVEL — российский производитель торгового оборудования с 22-летним опытом. Производство полного цикла площадью 3000 м² позволяет создавать серийное и индивидуальное оборудование для магазинов, супермаркетов, пекарен, кафе и предприятий общественного питания. Проектируем и производим стеллажи, витрины, кассовые зоны, линии раздачи и другое оборудование. Выполняем проекты под ключ: проектирование, производство, доставка и монтаж. Более 6000 клиентов по России и СНГ.",DANVEL,https://danvel-company.ru,sales1@danvel-company.ru,8(800) 222-85-53,https://pirexpo.com/exposition/all-exhibitors/2421,2421,include,"DANVEL | Мармиты, чафиндиши; Буфеты, Шведские столы, Салат-бары; Линии раздачи | DANVEL — российский производитель торгового оборудования с 22-летним опытом. Производство полного цикла площадью 3000 м² позволяет создавать серийное и индивидуальное оборудование для магазинов, супермаркетов, пекарен, кафе и предприятий общественного питания. Проектируем и производим стеллажи, витрины, кассовые зоны, линии раздачи и другое оборудование. Выполняем проекты под ключ: проектирование, производство, доставка и монтаж. Более 6000 клиентов по России и СНГ.",parsed_official_pirexpo_api,,2026-10-05T08:23:57Z,pir-expo-2026-official-pirexpo-api-signo-v1.0.2-service-product-leakage-remediation,ok,kept: official PIR Russian-market row with HoReCa product/category evidence,product_evidence,repeat,safe non-generic company-owned domain matched current Twenty repeat index,,danvel-company.ru,Danvel,sales1@danvel-company.ru,danvel-company.ru,official_pirexpo_brand_list_api,,skipped_official_email_present,,,sales1@danvel-company.ru,official API email
ПИР Экспо 2026,26–29 октября 2026,КОМПАНИЯ КОФЕЙНЫЙ МИР,КОМПАНИЯ КОФЕЙНЫЙ МИР,Сиропы; Кофемашины; Автоматические; Обжаренное зерно; Холодильные шкафы; Суперавтомат; Запасные части для кофемашин; Аренда кофемашин,Россия / российский рынок,Москва,,"зал 13, стенд 1F60",13,Сиропы; Кофемашины; Автоматические; Обжаренное зерно; Холодильные шкафы; Суперавтомат; Запасные части для кофемашин; Аренда кофемашин,"Компания «Кофейный Мир» с 2006 года оказывает услуги по продаже кофемашин, ремонту и обслуживанию кофейных аппаратов, реализации кофе и сопутствующих товаров. Наша компания является одним из крупнейших поставщиков кофемашин и запчастей для них на рынке РФ. На сегодняшний день наши филиалы открыты в более чем 40 регионах по всей России. Мы являемся дистрибьютором ТМ Dr.Coffee, ТМ Kalerm , ТМ Gemilai, профессиональных холодильников, охладителей и кофемолкок для кофемашин и т.д. Телеметрия и мониторинг кофемашин Dr.Coffee. Мы заинтересованы в расширении нашего ассортимента в сегменте HoReCa Предлагаем вам взаимовыгодное сотрудничество по реализации вашего товара.",КОМПАНИЯ КОФЕЙНЫЙ МИР,https://coffeemir.com,in@coffeemir.com,+79938900880,https://pirexpo.com/exposition/all-exhibitors/2556,2556,include,"КОМПАНИЯ КОФЕЙНЫЙ МИР | Сиропы; Кофемашины; Автоматические; Обжаренное зерно; Холодильные шкафы; Суперавтомат; Запасные части для кофемашин; Аренда кофемашин | Компания «Кофейный Мир» с 2006 года оказывает услуги по продаже кофемашин, ремонту и обслуживанию кофейных аппаратов, реализации кофе и сопутствующих товаров. Наша компания является одним из крупнейших поставщиков кофемашин и запчастей для них на рынке РФ. На сегодняшний день наши филиалы открыты в более чем 40 регионах по всей России. Мы являемся дистрибьютором ТМ Dr.Coffee, ТМ Kalerm , ТМ Gemilai, профессиональных холодильников, охладителей и кофемолкок для кофемашин и т.д. Телеметрия и мониторинг кофемашин Dr.Coffee. Мы заинтересованы в расширении нашего ассортимента в сегменте HoReCa Предлагаем вам взаимовыгодное сотрудничество по реализации вашего товара.",parsed_official_pirexpo_api,,2026-10-05T08:23:57Z,pir-expo-2026-official-pirexpo-api-signo-v1.0.2-service-product-leakage-remediation,ok,kept: official PIR Russian-market row with HoReCa product/category evidence,product_evidence,new,no exact email or safe company-owned domain match in current Twenty repeat index,,,,in@coffeemir.com,coffeemir.com,official_pirexpo_brand_list_api,,skipped_official_email_present,,,in@coffeemir.com,official API email
ПИР Экспо 2026,26–29 октября 2026,РУССКИЙ ПРОЕКТ®,РУССКИЙ ПРОЕКТ®,"Грили; Тостеры; Фритюрницы; Пищеварочные котлы, опрокидывающиеся сковороды; Оборудование Sous-Vide; Печи для пиццы; Холодильные витрины; Кондитерские витрины; Тепловые витрины; Морозильные лари, бонеты; Холодильные горки; Холодильные шкафы; Торговые стеллажи; Холодильные столы; Морозильные и холодильные шкафы; Аппаараты для шокового охлаждения и заморозки; Холодильные камеры, моноблоки, сплит-системы; Мини-бары; Шкафы для сухого вызревания мяса; Кегераторы",Россия / российский рынок,Москва,,"зал 14, стенд 2D10",14,"Грили; Тостеры; Фритюрницы; Пищеварочные котлы, опрокидывающиеся сковороды; Оборудование Sous-Vide; Печи для пиццы; Холодильные витрины; Кондитерские витрины; Тепловые витрины; Морозильные лари, бонеты; Холодильные горки; Холодильные шкафы; Торговые стеллажи; Холодильные столы; Морозильные и холодильные шкафы; Аппаараты для шокового охлаждения и заморозки; Холодильные камеры, моноблоки, сплит-системы; Мини-бары; Шкафы для сухого вызревания мяса; Кегераторы; Винные шкафы; Расстоечные шкафы; Хлебопекарные печи; Тестомесы; Планетарные миксеры; Тестораскаточные/тестозакаточные машины; Оборудование для шоколада; Аппараты для приготовления десертов; Аппараты для сахарной ваты, попкорна, кукурузы; Аппараты для горячего шоколада; Оборудование для шаурмы, шашлычницы; Грили для приготовления кур; Аппараты для хот-догов; Пончиковые аппараты, чебуречницы; Блинницы, Вафельницы; Мясорубки, пилы ленточные; Овощечистки и Овощерезки; Куттеры, бликсеры; Слайсеры; Фаршмешалки, мясорыхлители (тендерайзеры); Измельчители пищевых отходов; Лапшерезки; Оборудование для мойки продуктов; Оборудование для чистки фруктов и овощей; Оборудование измельчения и нарезки; Дозаторы сыпучих и жидких компонентов; Тепловое оборудование; Оборудование для замеса, формовки и расстойки теста; Хлебопекарное оборудование; Оборудовние для шоковой заморозки; Оборудовние для интенсивного охлаждения; Фасовочное и упаковочное оборудование, трейсилеры; Маркировочно-этикировочное оборудование; Оборудование для контроля готовой продукции; Холодильные и морозильные камеры; Услуги по проектированию и оснащению пищевых производств, фабрик-кухонь; Инженерное кухонное оборудование; Линии раздачи; Диспенсеры для сыпучих продуктов; Мармиты, чафиндиши; Буфеты, Шведские столы, Салат-бары; Накопители; Нейтральное и вспомогательное оборудование; Оборудование для производства мороженого; Транспортировочные и банкетные тележки; Термобоксы, термоконтейнеры; Оборудование для пищевых производств; Посудомоечное оборудование; Пароконвектоматы; Конвекционные печи; Электрические Плиты","Компания «Русский Проект»® 36 лет осуществляет полный комплекс работ по проектированию, оснащению и техническому обслуживанию предприятий общественного питания и торговли. В портфеле компании мировые бренды холодильного, технологического, пекарского, весового, упаковочного оборудования, профессиональной посуды, инвентаря и аксессаров для HoReCa. Компания «Русский Проект»® ценит доверие своих потребителей, стремится предоставить максимально удобные условия сотрудничества и стабильное качество продукции. Компания «Русский Проект»® - надежный поставщик оборудования!",РУССКИЙ ПРОЕКТ®,https://www.rp.ru,almaty@rproject.kz; astana@rproject.kz; vladivostok@rp.ru; vladikavkaz@rp.ru; yaroslavl@yar.rp.ru,+7 (495) 540-46-00,https://pirexpo.com/exposition/all-exhibitors/2079,2079,include,"РУССКИЙ ПРОЕКТ® | Грили; Тостеры; Фритюрницы; Пищеварочные котлы, опрокидывающиеся сковороды; Оборудование Sous-Vide; Печи для пиццы; Холодильные витрины; Кондитерские витрины; Тепловые витрины; Морозильные лари, бонеты; Холодильные горки; Холодильные шкафы; Торговые стеллажи; Холодильные столы; Морозильные и холодильные шкафы; Аппаараты для шокового охлаждения и заморозки; Холодильные камеры, моноблоки, сплит-системы; Мини-бары; Шкафы для сухого вызревания мяса; Кегераторы | Компания «Русский Проект»® 36 лет осуществляет полный комплекс работ по проектированию, оснащению и техническому обслуживанию предприятий общественного питания и торговли. В портфеле компании мировые бренды холодильного, технологического, пекарского, весового, упаковочного оборудования, профессиональной посуды, инвентаря и аксессаров для HoReCa. Компания «Русский Проект»® ценит доверие своих потребителей, стремится предоставить максимально удобные условия сотрудничества и стабильное качество продукции. Компания «Русский Проект»® - надежный поставщик оборудования!",parsed_official_pirexpo_api,public_email,2026-10-05T08:23:57Z,pir-expo-2026-official-pirexpo-api-signo-v1.0.2-service-product-leakage-remediation,ok,kept: official PIR Russian-market row with HoReCa product/category evidence,product_evidence,repeat,safe non-generic company-owned domain matched current Twenty repeat index,,rp.ru,Русский Проект,almaty@rproject.kz; astana@rproject.kz; vladivostok@rp.ru; vladikavkaz@rp.ru; yaroslavl@yar.rp.ru,rp.ru; rproject.kz; yar.rp.ru,official_pirexpo_brand_list_api,,found,https://www.rp.ru/contacts/,public website email extraction,almaty@rproject.kz,public website enrichment
ПИР Экспо 2026,26–29 октября 2026,IPITA / ИПИТА,IPITA / ИПИТА,"Грили; Тостеры; Фритюрницы; Пищеварочные котлы, опрокидывающиеся сковороды; Оборудование Sous-Vide; Печи для пиццы; Холодильные витрины; Кондитерские витрины; Тепловые витрины; Морозильные лари, бонеты; Холодильные горки; Холодильные шкафы; Вендинговые аппараты; Прилавки и кассовые боксы; Холодильные столы; Морозильные и холодильные шкафы; Аппаараты для шокового охлаждения и заморозки; Холодильные камеры, моноблоки, сплит-системы; Мини-бары; Шкафы для сухого вызревания мяса",Россия / российский рынок,Москва,,"зал 14, стенд 2E54",14,"Грили; Тостеры; Фритюрницы; Пищеварочные котлы, опрокидывающиеся сковороды; Оборудование Sous-Vide; Печи для пиццы; Холодильные витрины; Кондитерские витрины; Тепловые витрины; Морозильные лари, бонеты; Холодильные горки; Холодильные шкафы; Вендинговые аппараты; Прилавки и кассовые боксы; Холодильные столы; Морозильные и холодильные шкафы; Аппаараты для шокового охлаждения и заморозки; Холодильные камеры, моноблоки, сплит-системы; Мини-бары; Шкафы для сухого вызревания мяса; Кегераторы; Винные шкафы; Расстоечные шкафы; Хлебопекарные печи; Тестомесы; Планетарные миксеры; Тестораскаточные/тестозакаточные машины; Проектирование; Оборудование для шоколада; Аппараты для приготовления десертов; Аппараты для сахарной ваты, попкорна, кукурузы; Аппараты для горячего шоколада; Оборудование для шаурмы, шашлычницы; Грили для приготовления кур; Аппараты для хот-догов; Пончиковые аппараты, чебуречницы; Блинницы, Вафельницы; Мясорубки, пилы ленточные; Овощечистки и Овощерезки; Куттеры, бликсеры; Слайсеры; Фаршмешалки, мясорыхлители (тендерайзеры); Измельчители пищевых отходов; Лапшерезки; Минибары; Тележки гостиничные; Продукты питания, полуфабрикаты, специи и соусы крупной фасовки; Складское оборудование, логистика; Пищевая безопасность; Профессиональная химия, клининг; Оборудование для мойки продуктов; Оборудование для чистки фруктов и овощей; Оборудование измельчения и нарезки; Конвеерные системы, линии, комплексы; Дозаторы сыпучих и жидких компонентов; Тепловое оборудование; Оборудование для замеса, формовки и расстойки теста; Кондитерское оборудование: глазировочные машины, дозаторы крема, темперирование шоколада; Хлебопекарное оборудование; Оборудовние для шоковой заморозки; Оборудовние для интенсивного охлаждения; Фасовочное и упаковочное оборудование, трейсилеры; Расходные материалы для упаковки, лотки, контейнеры; Маркировочно-этикировочное оборудование; Оборудование для контроля готовой продукции; Холодильные и морозильные камеры; Услуги по проектированию и оснащению пищевых производств, фабрик-кухонь; Инженерное кухонное оборудование; Линии раздачи; Диспенсеры для сыпучих продуктов; Мармиты, чафиндиши; Буфеты, Шведские столы, Салат-бары; Накопители; Нейтральное и вспомогательное оборудование; Оборудование для производства мороженого; Транспортировочные и банкетные тележки; Термобоксы, термоконтейнеры; Оборудование для пищевых производств; Посудомоечное оборудование; Пароконвектоматы; Конвекционные печи; Электрические Плиты; Газовые плиты",,IPITA,,arseneva@ipita.ru,,https://pirexpo.com/exposition/all-exhibitors/2082,2082,include,"IPITA / ИПИТА | Грили; Тостеры; Фритюрницы; Пищеварочные котлы, опрокидывающиеся сковороды; Оборудование Sous-Vide; Печи для пиццы; Холодильные витрины; Кондитерские витрины; Тепловые витрины; Морозильные лари, бонеты; Холодильные горки; Холодильные шкафы; Вендинговые аппараты; Прилавки и кассовые боксы; Холодильные столы; Морозильные и холодильные шкафы; Аппаараты для шокового охлаждения и заморозки; Холодильные камеры, моноблоки, сплит-системы; Мини-бары; Шкафы для сухого вызревания мяса",parsed_official_pirexpo_api,website,2026-10-05T08:23:57Z,pir-expo-2026-official-pirexpo-api-signo-v1.0.2-service-product-leakage-remediation,ok,kept: official PIR Russian-market row with HoReCa product/category evidence,product_evidence,new,no exact email or safe company-owned domain match in current Twenty repeat index,,,,arseneva@ipita.ru,ipita.ru,official_pirexpo_brand_list_api,,skipped_official_email_present,,,arseneva@ipita.ru,official API email
ПИР Экспо 2026,26–29 октября 2026,DIFFUSIA,DIFFUSIA,Инженерное кухонное оборудование,Россия / российский рынок,Москва,,"зал 14, стенд 2C96",14,Инженерное кухонное оборудование,"Компания «Diffusia» является официальным представителем и поставщиком высокотехнологичных систем очистки и обеззараживания воздуха марки «Diffusia», разработанных на основе передовой технологии электростатического осаждения с эффективностью очистки до 99,99%, что подтверждено испытаниями. Основные преимущества наших систем: 1. Максимальная очистка – улавливаются частицы размером до 0,01 мкм, включая жировые аэрозоли, сажу, пыльцу, а также вирусы и бактерии, которые уничтожаются в электрическом поле; 2. Отсутствие расходных материалов – фильтрующие блоки многократно моются и служат до 10 лет без замены; 3. Низкое аэродинамическое сопротивление от 65 Па – снижает энергопотребление и продлевает ресурс вентиляторов. В зависимости от типа Вашей вентиляционной системы и требований по производительности мы предлагаем: • Очистители вытяжного воздуха из ресторанных кухонь – специализированные электростатические фильтры для улавливания жировых аэрозолей, дыма и запахов. Доступны модели с функцией автоматической мойки, что значительно сокращает затраты на техническое обслуживание; • Канальные очистители – устанавливаются непосредственно в воздуховод, эффективно работая даже при высокой скорости потока и в условиях повышенной влажности; • Очистители для приточно-вытяжных установок – модульные системы, которые могут заменить традиционную секцию рукавных фильтров в ПВУ. Они компактны, легки и обеспечивают высокую эффективность при низком сопротивлении.",DIFFUSIA,https://diffusia.ru,post@potok.com,+7 495 025-20-20,https://pirexpo.com/exposition/all-exhibitors/2170,2170,include,"DIFFUSIA | Инженерное кухонное оборудование | Компания «Diffusia» является официальным представителем и поставщиком высокотехнологичных систем очистки и обеззараживания воздуха марки «Diffusia», разработанных на основе передовой технологии электростатического осаждения с эффективностью очистки до 99,99%, что подтверждено испытаниями. Основные преимущества наших систем: 1. Максимальная очистка – улавливаются частицы размером до 0,01 мкм, включая жировые аэрозоли, сажу, пыльцу, а также вирусы и бактерии, которые уничтожаются в электрическом поле; 2. Отсутствие расходных материалов – фильтрующие блоки многократно моются и служат до 10 лет без замены; 3. Низкое аэродинамическое сопротивление от 65 Па – снижает энергопотребление и продлевает",parsed_official_pirexpo_api,,2026-10-05T08:23:57Z,pir-expo-2026-official-pirexpo-api-signo-v1.0.2-service-product-leakage-remediation,ok,kept: official PIR Russian-market row with HoReCa product/category evidence,product_evidence,repeat,exact email matched current Twenty repeat index,post@potok.com,,Поток Интер,post@potok.com,diffusia.ru; potok.com,official_pirexpo_brand_list_api,,skipped_official_email_present,,,post@potok.com,official API email
ПИР Экспо 2026,26–29 октября 2026,ОТЕЛЬПРОФИ,ОТЕЛЬПРОФИ,"Диспенсеры для сыпучих продуктов; Мармиты, чафиндиши; Буфеты, Шведские столы, Салат-бары; Накопители; Линии раздачи",Россия / российский рынок,Москва,,"зал 14, стенд 2D100",14,"Диспенсеры для сыпучих продуктов; Мармиты, чафиндиши; Буфеты, Шведские столы, Салат-бары; Накопители; Линии раздачи",,РЕСТОПРОФИ,,maxim@restoprofi.ru,,https://pirexpo.com/exposition/all-exhibitors/2086,2086,include,"ОТЕЛЬПРОФИ | Диспенсеры для сыпучих продуктов; Мармиты, чафиндиши; Буфеты, Шведские столы, Салат-бары; Накопители; Линии раздачи",parsed_official_pirexpo_api,website,2026-10-05T08:23:57Z,pir-expo-2026-official-pirexpo-api-signo-v1.0.2-service-product-leakage-remediation,ok,kept: official PIR Russian-market row with HoReCa product/category evidence,product_evidence,new,no exact email or safe company-owned domain match in current Twenty repeat index,,,,maxim@restoprofi.ru,restoprofi.ru,official_pirexpo_brand_list_api,,skipped_official_email_present,,,maxim@restoprofi.ru,official API email
ПИР Экспо 2026,26–29 октября 2026,LUKER CHOCOLATE,LUKER CHOCOLATE,шоколад; Шоколад; Какао; Ингредиенты для пищевой промышленности; горячий шоколад,Россия / российский рынок,Москва,,"зал 15, стенд 3E111",15,шоколад; Шоколад; Какао; Ингредиенты для пищевой промышленности; горячий шоколад,"LUKER CHOCOLATE - уникальная марка высококачественного шоколада для профессионалов из Колумбии. Вся продукция бренда производится исключительно из ароматических какао бобов Fino de Aroma на заводе компании Casa Luker в городе Богота. Официальным представителем бренда на территории РФ и стран ЕАЭС является компания ""Аскол"". Основная цель нашей компании - обеспечить прямые поставки уникальных колумбийских продуктов непосредственно от производителей, минуя промежуточные сбытовые звенья, что гарантирует нашим клиентам стабильное качество товара.",LUKER CHOCOLATE,https://info@lukerchocolate.ru,sales@ascol.ru,7 495 780 67 35/34,https://pirexpo.com/exposition/all-exhibitors/2552,2552,include,"LUKER CHOCOLATE | шоколад; Шоколад; Какао; Ингредиенты для пищевой промышленности; горячий шоколад | LUKER CHOCOLATE - уникальная марка высококачественного шоколада для профессионалов из Колумбии. Вся продукция бренда производится исключительно из ароматических какао бобов Fino de Aroma на заводе компании Casa Luker в городе Богота. Официальным представителем бренда на территории РФ и стран ЕАЭС является компания ""Аскол"". Основная цель нашей компании - обеспечить прямые поставки уникальных колумбийских продуктов непосредственно от производителей, минуя промежуточные сбытовые звенья, что гарантирует нашим клиентам стабильное качество товара.",parsed_official_pirexpo_api,,2026-10-05T08:23:57Z,pir-expo-2026-official-pirexpo-api-signo-v1.0.2-service-product-leakage-remediation,ok,kept: official PIR Russian-market row with HoReCa product/category evidence,product_evidence,repeat,safe non-generic company-owned domain matched current Twenty repeat index,,ascol.ru,Аскол,sales@ascol.ru,ascol.ru; lukerchocolate.ru,official_pirexpo_brand_list_api,,skipped_official_email_present,,,sales@ascol.ru,official API email
ПИР Экспо 2026,26–29 октября 2026,HONGRUN,HONGRUN,овощи,Россия / российский рынок,Москва,,"зал 15, стенд 3E120",15,овощи,"ООО ""138"" официальный представитель HONGRUN, в России. HONGRUN (Китай) – производитель изделий из замороженного картофеля, овощей и полуфабрикатов. Мощность завода - более 100 тыс. тонн/год. Завод сертифицирован в соответствии с международными стандартами качества и пищевой безопасности (ISO 22000, Intertek BROS FS), HACCP. Сертификат HALAL – больше возможностей для продаж. Наш ассортимент - готовое решение для клиентов HoReCa (Картофельные Хашбрауны Овальные и Круглые, Луковые Кольца в панировке, Картофель фри 7 и 9 мм в /без панировки). Качеству продукта доверяют профессионалы в 30 странах мира. Теперь этот продукт в России!",HONGRUN,,n.abramova@pro138.ru,+79160354174,https://pirexpo.com/exposition/all-exhibitors/2042,2042,include,"HONGRUN | овощи | ООО ""138"" официальный представитель HONGRUN, в России. HONGRUN (Китай) – производитель изделий из замороженного картофеля, овощей и полуфабрикатов. Мощность завода - более 100 тыс. тонн/год. Завод сертифицирован в соответствии с международными стандартами качества и пищевой безопасности (ISO 22000, Intertek BROS FS), HACCP. Сертификат HALAL – больше возможностей для продаж. Наш ассортимент - готовое решение для клиентов HoReCa (Картофельные Хашбрауны Овальные и Круглые, Луковые Кольца в панировке, Картофель фри 7 и 9 мм в /без панировки). Качеству продукта доверяют профессионалы в 30 странах мира. Теперь этот продукт в России!",parsed_official_pirexpo_api,website,2026-10-05T08:23:57Z,pir-expo-2026-official-pirexpo-api-signo-v1.0.2-service-product-leakage-remediation,ok,kept: official PIR Russian-market row with HoReCa product/category evidence,product_evidence,new,no exact email or safe company-owned domain match in current Twenty repeat index,,,,n.abramova@pro138.ru,pro138.ru,official_pirexpo_brand_list_api,,skipped_official_email_present,,,n.abramova@pro138.ru,official API email
ПИР Экспо 2026,26–29 октября 2026,CARIMALI,CARIMALI,Кофемашины,Россия / российский рынок,Москва,,"зал 13, стенд 1F20",13,Кофемашины,"PROXIMA – группа компаний – дистрибьюторов профессионального кофейного оборудования Carimali, Elektra и Heylo на рынке РФ. Мы представляем оборудование для самого широкого списка клиентов HoReCa традиционные рожковые и суперавтоматические кофемашины, а так же аксессуары к ним. В рамках развития собственного бренда наша команда выбирает самые удачные решения для Российского рынка и стремится обеспечить всестороннюю поддержку своих дилеров и конечных клиентов. Бренд PROXIMA – это гарантия качества, ответственного выбора оборудования дистрибьютором и сервисного сопровождения на протяжении всего срока эксплуатации.",CARIMALI,https://carimali.ru,info@carimali.ru,+7 (499) 649-77-99,https://pirexpo.com/exposition/all-exhibitors/1924,1924,include,"CARIMALI | Кофемашины | PROXIMA – группа компаний – дистрибьюторов профессионального кофейного оборудования Carimali, Elektra и Heylo на рынке РФ. Мы представляем оборудование для самого широкого списка клиентов HoReCa традиционные рожковые и суперавтоматические кофемашины, а так же аксессуары к ним. В рамках развития собственного бренда наша команда выбирает самые удачные решения для Российского рынка и стремится обеспечить всестороннюю поддержку своих дилеров и конечных клиентов. Бренд PROXIMA – это гарантия качества, ответственного выбора оборудования дистрибьютором и сервисного сопровождения на протяжении всего срока эксплуатации.",parsed_official_pirexpo_api,,2026-10-05T08:23:57Z,pir-expo-2026-official-pirexpo-api-signo-v1.0.2-service-product-leakage-remediation,ok,kept: official PIR Russian-market row with HoReCa product/category evidence,product_evidence,new,no exact email or safe company-owned domain match in current Twenty repeat index,,,,info@carimali.ru,carimali.ru,official_pirexpo_brand_list_api,,skipped_official_email_present,,,info@carimali.ru,official API email
ПИР Экспо 2026,26–29 октября 2026,ОМЕГА ФУД ТЕХНОЛОДЖИС,ОМЕГА ФУД ТЕХНОЛОДЖИС,ингридиенты для пищевой промышленности; специи и пряности; готовые приправы и соусы,российский рынок (официальный каталог ПИР Экспо; страна не указана),Москва,,"зал 15, стенд 3D41",15,ингридиенты для пищевой промышленности; специи и пряности; готовые приправы и соусы,,ГК ОМЕГА,,,,https://pirexpo.com/exposition/all-exhibitors/1927,1927,include,ОМЕГА ФУД ТЕХНОЛОДЖИС | ингридиенты для пищевой промышленности; специи и пряности; готовые приправы и соусы,parsed_official_pirexpo_api,website; public_email,2026-10-05T08:23:57Z,pir-expo-2026-official-pirexpo-api-signo-v1.0.2-service-product-leakage-remediation,ok,kept: official PIR Russian-market row with HoReCa product/category evidence,product_evidence,new,no exact email or safe company-owned domain match in current Twenty repeat index,,,,,,official_pirexpo_brand_list_api,,skipped_no_website,,,,
ПИР Экспо 2026,26–29 октября 2026,VARIA BREWING,VARIA BREWING,Кофемолки для альтернативного заваривания; Ручные кофемолки,российский рынок (официальный каталог ПИР Экспо; страна не указана),Москва,,,,Кофемолки для альтернативного заваривания; Ручные кофемолки,"Varia Brewing разрабатывает и производит высокоточные инструменты для заваривания кофе, которые поднимают качество приготовления кофе и чая в домашних условиях на новый уровень. Каждый продукт Varia создан для того, чтобы пробудить любопытство, побудить к экспериментам и углубить понимание экстракции, баланса и вкуса. Кофе никогда не бывает одномерным — каждое происхождение, обжарка и способ заваривания рассказывают свою историю — и наша цель — дать вам инструменты, чтобы вы могли уверенно исследовать эти истории.",,https://franko.su/info/brands/varia-brewing,info@franko.su,8(800)600-7117,https://pirexpo.com/exposition/all-exhibitors/2461,2461,include,"VARIA BREWING | Кофемолки для альтернативного заваривания; Ручные кофемолки | Varia Brewing разрабатывает и производит высокоточные инструменты для заваривания кофе, которые поднимают качество приготовления кофе и чая в домашних условиях на новый уровень. Каждый продукт Varia создан для того, чтобы пробудить любопытство, побудить к экспериментам и углубить понимание экстракции, баланса и вкуса. Кофе никогда не бывает одномерным — каждое происхождение, обжарка и способ заваривания рассказывают свою историю — и наша цель — дать вам инструменты, чтобы вы могли уверенно исследовать эти истории.",parsed_official_pirexpo_api,,2026-10-05T08:23:57Z,pir-expo-2026-official-pirexpo-api-signo-v1.0.2-service-product-leakage-remediation,ok,kept: official PIR Russian-market row with HoReCa product/category evidence,product_evidence,new,no exact email or safe company-owned domain match in current Twenty repeat index,,,,info@franko.su,franko.su,official_pirexpo_brand_list_api,,skipped_official_email_present,,,info@franko.su,official API email
ПИР Экспо 2026,26–29 октября 2026,KINK LIGHT,KINK LIGHT,"Электротехническое оборудование, приборы",Россия / российский рынок,Москва,,"зал 15, стенд 4G32",15,"Электротехническое оборудование, приборы","KINK LIGHT: СВЕТОВЫЕ РЕШЕНИЯ ДЛЯ ИНДУСТРИИ ГОСТЕПРИИМСТВА KINK LIGHT - ведущий российский производитель интерьерного освещения, завоевавший доверие покупателей по всей России и за ее пределами . Наша специализация - создание функциональных и эстетичных светильников, способных преобразить любое пространство. Для сектора HoReCa мы предлагаем не просто продукцию, а комплексные световые решения, которые формируют уникальную атмосферу в отелях, ресторанах и кафе. Реализация самых смелых идей клиентов — наш главный приоритет . Мы понимаем, что каждый проект в сфере гостеприимства уникален. Поэтому наш ассортимент включает разнообразные стили: от изысканного арт-деко и скандинавского минимализма до брутального лофта и современных неоклассических моделей . У нас вы найдете подвесные люстры, встраиваемые, уличные и архитектурные светильники, а также широкий выбор настольных ламп и бра, которые идеально впишутся в интерьер лобби, ресторанного зала или уютного номера . Используя современные технологии и материалы, мы создаем продукцию, которая сочетает в себе красоту и долговечность . Современные LED-технологии гарантируют энергоэффективность и комфортную цветовую температуру, создавая уютную обстановку для ваших гостей . Мы готовы предложить эксклюзивные решения для вашего бизнеса, включая изготовление светильников по индивидуальным эскизам и размерам . Посетите наш стенд, чтобы обсудить ваш проект!",KINK LIGHT,https://kinklight.ru,info@kinklight.ru,+7-495-662-71-90,https://pirexpo.com/exposition/all-exhibitors/2274,2274,include,"KINK LIGHT | Электротехническое оборудование, приборы | KINK LIGHT: СВЕТОВЫЕ РЕШЕНИЯ ДЛЯ ИНДУСТРИИ ГОСТЕПРИИМСТВА KINK LIGHT - ведущий российский производитель интерьерного освещения, завоевавший доверие покупателей по всей России и за ее пределами . Наша специализация - создание функциональных и эстетичных светильников, способных преобразить любое пространство. Для сектора HoReCa мы предлагаем не просто продукцию, а комплексные световые решения, которые формируют уникальную атмосферу в отелях, ресторанах и кафе. Реализация самых смелых идей клиентов — наш главный приоритет . Мы понимаем, что каждый проект в сфере гостеприимства уникален. Поэтому наш ассортимент включает разнообразные стили: от изысканного арт-деко и скандинавского минимализма до",parsed_official_pirexpo_api,,2026-10-05T08:23:57Z,pir-expo-2026-official-pirexpo-api-signo-v1.0.2-service-product-leakage-remediation,ok,kept: official PIR Russian-market row with HoReCa product/category evidence,product_evidence,new,no exact email or safe company-owned domain match in current Twenty repeat index,,,,info@kinklight.ru,kinklight.ru,official_pirexpo_brand_list_api,,skipped_official_email_present,,,info@kinklight.ru,official API email
ПИР Экспо 2026,26–29 октября 2026,ЯГОДЫ КАРЕЛИИ,ЯГОДЫ КАРЕЛИИ,Сиропы; морсы; соки; сиропы; Пюре; Продукты для здорового питания; ягоды; плоды и ягоды,Россия / российский рынок,Москва,,"зал 15, стенд 3B60",15,Сиропы; морсы; соки; сиропы; Пюре; Продукты для здорового питания; ягоды; плоды и ягоды,"Компания «Ягоды Карелии» является одним из лидеров по сбору и переработке дикорастущих ягод и грибов в России. Производственный автоматизированный комплекс предприятия мощностью более 50 000 тонн продукции в год расположен в Республике Карелия. Продукция выпускается при строгом соблюдении норм безопасности и в соответствии со всеми стандартами пищевой безопасности. «Ягоды Карелии» - переработчик полного цикла - от леса до полки, отслеживаем весь процесс производства от сезонного сбора ягод до упаковки и доставки нашему покупателю.",ЯГОДЫ КАРЕЛИИ,https://yagody.ru,yagody@yagody.ru,+74997030570,https://pirexpo.com/exposition/all-exhibitors/2444,2444,include,"ЯГОДЫ КАРЕЛИИ | Сиропы; морсы; соки; сиропы; Пюре; Продукты для здорового питания; ягоды; плоды и ягоды | Компания «Ягоды Карелии» является одним из лидеров по сбору и переработке дикорастущих ягод и грибов в России. Производственный автоматизированный комплекс предприятия мощностью более 50 000 тонн продукции в год расположен в Республике Карелия. Продукция выпускается при строгом соблюдении норм безопасности и в соответствии со всеми стандартами пищевой безопасности. «Ягоды Карелии» - переработчик полного цикла - от леса до полки, отслеживаем весь процесс производства от сезонного сбора ягод до упаковки и доставки нашему покупателю.",parsed_official_pirexpo_api,,2026-10-05T08:23:57Z,pir-expo-2026-official-pirexpo-api-signo-v1.0.2-service-product-leakage-remediation,ok,kept: official PIR Russian-market row with HoReCa product/category evidence,product_evidence,repeat,safe non-generic company-owned domain matched current Twenty repeat index,,yagody.ru,Ягоды Карелии,yagody@yagody.ru,yagody.ru,official_pirexpo_brand_list_api,,skipped_official_email_present,,,yagody@yagody.ru,official API email
ПИР Экспо 2026,26–29 октября 2026,MERECA,MERECA,"Гостиничная и корпусная мебель; Текстиль для гостиниц; Аксессуары; Гостиничный текстиль, махровые изделия; Декоративный текстиль; Подушки, одеяла; Специализированный текстиль (ткани); Гостиничная косметика и парфюмерия",Россия / российский рынок,Москва,,"зал 15, стенд 4K82",15,"Гостиничная и корпусная мебель; Текстиль для гостиниц; Аксессуары; Гостиничный текстиль, махровые изделия; Декоративный текстиль; Подушки, одеяла; Специализированный текстиль (ткани); Гостиничная косметика и парфюмерия","MERECA — российский производитель гостиничного текстиля и комплексный поставщик для отелей, гостиниц, СПА-центров и других объектов HoReCa. Мы оснащаем объекты под ключ, помогая заказчикам экономить время на поиске, согласовании и взаимодействии с несколькими поставщиками. Предлагаем полный комплекс продукции: -Гостиничный текстиль: постельное бельё, полотенца, халаты, подушки, одеяла и тапочки; -Гостевую косметику для номеров и СПА-зон; -Мебель по индивидуальным проектам; -Брендирование продукции в фирменном стиле заказчика. Собственное производство в Иванове площадью более 2 000 м² выпускает свыше 350 000 изделий в год. Это позволяет нам выполнять заказы любого объёма, контролировать качество на всех этапах и гарантировать стабильность поставок. Нам доверяют более 10 тыс. клиентов. Мы предоставляем образцы для тестирования, организуем доставку и обеспечиваем регулярные поставки. Приглашаем вас на стенд 4К82. Обсудим ваш проект и подберём комплексное решение с учётом стандартов, сроков и бюджета объекта. MERECA — всё для оснащения отеля в одном месте.",MERECA,https://mereca.ru,info@mereca.ru,8 (962) 168-16-08,https://pirexpo.com/exposition/all-exhibitors/2204,2204,include,"MERECA | Гостиничная и корпусная мебель; Текстиль для гостиниц; Аксессуары; Гостиничный текстиль, махровые изделия; Декоративный текстиль; Подушки, одеяла; Специализированный текстиль (ткани); Гостиничная косметика и парфюмерия | MERECA — российский производитель гостиничного текстиля и комплексный поставщик для отелей, гостиниц, СПА-центров и других объектов HoReCa. Мы оснащаем объекты под ключ, помогая заказчикам экономить время на поиске, согласовании и взаимодействии с несколькими поставщиками. Предлагаем полный комплекс продукции: -Гостиничный текстиль: постельное бельё, полотенца, халаты, подушки, одеяла и тапочки; -Гостевую косметику для номеров и СПА-зон; -Мебель по индивидуальным проектам; -Брендирование продукции в фирменном стиле заказчика. Собственное производство в Иванове площадью более 2 000 м² выпускает свыше 350 000 изделий в год. Это позволяет нам выполнять заказы любого объёма, контролировать качес",parsed_official_pirexpo_api,,2026-10-05T08:23:57Z,pir-expo-2026-official-pirexpo-api-signo-v1.0.2-service-product-leakage-remediation,ok,kept: official PIR Russian-market row with HoReCa product/category evidence,product_evidence,new,no exact email or safe company-owned domain match in current Twenty repeat index,,,,info@mereca.ru,mereca.ru,official_pirexpo_brand_list_api,,skipped_official_email_present,,,info@mereca.ru,official API email
ПИР Экспо 2026,26–29 октября 2026,DINNER SERVICE,DINNER SERVICE,мука и мучные смеси; продукты быстрого приготовления; специи и пряности; готовые приправы и соусы; ингридиенты для пищевой промышленности; крахмал,Россия / российский рынок,Москва,,"зал 15, стенд 3C42",15,мука и мучные смеси; продукты быстрого приготовления; специи и пряности; готовые приправы и соусы; ингридиенты для пищевой промышленности; крахмал,"DINNER SERVICE - российский производитель №1 профессиональных ингредиентов для HoReCa и промышленных производств готовой еды. Технологичные решения, которые не требуют установки дополнительного оборудования и органично встраиваются в действующие процессы кухни или цеха. Стабильность результата подтверждена многолетним опытом сотрудничества с шеф-поварами и технологами. В ассортименте представлена новая линейка азиатских концентратов: Tom Kha, Tom Yum, Pho Bo, Pho. Они позволяют готовить популярные блюда за минимальное время без редких ингредиентов и сложных процессов, обеспечивая при этом единый стандарт вкуса во всех точках сети или партиях продукции. DINNER SERVICE - это технологичность, предсказуемое качество и экономия ресурсов. Выбор в пользу профессиональных ингредиентов, к которым возвращаются.",DINNER SERVICE,https://dinner-service.ru,info@dinner-servise.ru,+7(495) 108-24-36,https://pirexpo.com/exposition/all-exhibitors/2468,2468,include,"DINNER SERVICE | мука и мучные смеси; продукты быстрого приготовления; специи и пряности; готовые приправы и соусы; ингридиенты для пищевой промышленности; крахмал | DINNER SERVICE - российский производитель №1 профессиональных ингредиентов для HoReCa и промышленных производств готовой еды. Технологичные решения, которые не требуют установки дополнительного оборудования и органично встраиваются в действующие процессы кухни или цеха. Стабильность результата подтверждена многолетним опытом сотрудничества с шеф-поварами и технологами. В ассортименте представлена новая линейка азиатских концентратов: Tom Kha, Tom Yum, Pho Bo, Pho. Они позволяют готовить популярные блюда за минимальное время без редких ингредиентов и сложных процессов, обеспечивая при этом единый стандарт вкуса во всех точках сети или партиях продукции. DINNER SERVICE - это технологичность, п",parsed_official_pirexpo_api,,2026-10-05T08:23:57Z,pir-expo-2026-official-pirexpo-api-signo-v1.0.2-service-product-leakage-remediation,ok,kept: official PIR Russian-market row with HoReCa product/category evidence,product_evidence,repeat,exact email matched current Twenty repeat index,info@dinner-servise.ru,,Dinner Service,info@dinner-servise.ru,dinner-service.ru; dinner-servise.ru,official_pirexpo_brand_list_api,,skipped_official_email_present,,,info@dinner-servise.ru,official API email
ПИР Экспо 2026,26–29 октября 2026,YOSHIMI ASIAN CHEF,YOSHIMI ASIAN CHEF,готовые блюда,Россия / российский рынок,Москва,,"зал 15, стенд 3C58",15,готовые блюда,"Yoshimi — российский производитель азиатской замороженной продукции для HoReCa, ритейла и СТМ. Продукция создаётся под руководством известного японского бренд-шефа Кацухико Кобаяши, имеющего опыт работы в ресторанах, отмеченных звёздами Michelin. В ассортименте — гёдза и спринг-роллы для ресторанов, торговых сетей и собственных торговых марок. Производство работает по системе HACCP. Работая с Yoshimi, вы получаете: 1. Аутентичные вкусы, созданные японским шеф-поваром; 2. Экономию времени и ресурсов кухни — приготовление занимает всего 5–7 минут; 3. Актуальный и качественный продукт с натуральным составом для вашего меню или ассортимента; 3. Разработку индивидуальных рецептур совместно с бренд-шефом Кацухико Кобаяши; 4. Производство продукции под СТМ.",YOSHIMI ASIAN CHEF,https://www.yoshimi.pro,yoshimi.pro@gmail.com,+7 495 165 1043,https://pirexpo.com/exposition/all-exhibitors/2555,2555,include,"YOSHIMI ASIAN CHEF | готовые блюда | Yoshimi — российский производитель азиатской замороженной продукции для HoReCa, ритейла и СТМ. Продукция создаётся под руководством известного японского бренд-шефа Кацухико Кобаяши, имеющего опыт работы в ресторанах, отмеченных звёздами Michelin. В ассортименте — гёдза и спринг-роллы для ресторанов, торговых сетей и собственных торговых марок. Производство работает по системе HACCP. Работая с Yoshimi, вы получаете: 1. Аутентичные вкусы, созданные японским шеф-поваром; 2. Экономию времени и ресурсов кухни — приготовление занимает всего 5–7 минут; 3. Актуальный и качественный продукт с натуральным составом для вашего меню или ассортимента; 3. Разработку индивидуальных рецептур совместно с брен",parsed_official_pirexpo_api,,2026-10-05T08:23:57Z,pir-expo-2026-official-pirexpo-api-signo-v1.0.2-service-product-leakage-remediation,ok,kept: official PIR Russian-market row with HoReCa product/category evidence,product_evidence,new,no exact email or safe company-owned domain match in current Twenty repeat index,,,,yoshimi.pro@gmail.com,gmail.com; yoshimi.pro,official_pirexpo_brand_list_api,,skipped_official_email_present,,,yoshimi.pro@gmail.com,official API email
ПИР Экспо 2026,26–29 октября 2026,СВАРЩИЦА ЕКАТЕРИНА,СВАРЩИЦА ЕКАТЕРИНА,Обжаренное зерно; Кофе в капсулах; Кофе в дрип-пакетах; Молотый кофе; Растворимый кофе,российский рынок (официальный каталог ПИР Экспо; страна не указана),Москва,,"зал 13, стенд 1E140",13,Обжаренное зерно; Кофе в капсулах; Кофе в дрип-пакетах; Молотый кофе; Растворимый кофе,,THE WELDER CATHERINE,,,,https://pirexpo.com/exposition/all-exhibitors/1943,1943,include,СВАРЩИЦА ЕКАТЕРИНА | Обжаренное зерно; Кофе в капсулах; Кофе в дрип-пакетах; Молотый кофе; Растворимый кофе,parsed_official_pirexpo_api,website; public_email,2026-10-05T08:23:57Z,pir-expo-2026-official-pirexpo-api-signo-v1.0.2-service-product-leakage-remediation,ok,kept: official PIR Russian-market row with HoReCa product/category evidence,product_evidence,new,no exact email or safe company-owned domain match in current Twenty repeat index,,,,,,official_pirexpo_brand_list_api,,skipped_no_website,,,,
ПИР Экспо 2026,26–29 октября 2026,FRESHCLUB,FRESHCLUB,Готовая еда,Россия / российский рынок,Москва,,"зал 15, стенд 3D30",15,Готовая еда,"Fresh Club – еда , которой можно доверять: - привычные блюда и новые интересные вкусы – приготовленные из качественных ингредиентов на сертифицированном производстве со строгим контролем качества. - широкий ассортимент охлажденных готовых блюд, перекусов (сэндвичей, роллов), завтраков Отличительные особенности продуктов бренда Fresh Club: - сбалансированный состав, - вкус и высокое качество продуктов - натуральные ингредиенты и честный состав - современное производство Fresh Club – качество проверено, ешь уверено!",КОЛОМЕНСКИЙ EXPERT,https://khleb.ru,poponov_p@khleb.ru,8 499 613-85-44,https://pirexpo.com/exposition/all-exhibitors/2543,2543,include,"FRESHCLUB | Готовая еда | Fresh Club – еда , которой можно доверять: - привычные блюда и новые интересные вкусы – приготовленные из качественных ингредиентов на сертифицированном производстве со строгим контролем качества. - широкий ассортимент охлажденных готовых блюд, перекусов (сэндвичей, роллов), завтраков Отличительные особенности продуктов бренда Fresh Club: - сбалансированный состав, - вкус и высокое качество продуктов - натуральные ингредиенты и честный состав - современное производство Fresh Club – качество проверено, ешь уверено!",parsed_official_pirexpo_api,,2026-10-05T08:23:57Z,pir-expo-2026-official-pirexpo-api-signo-v1.0.2-service-product-leakage-remediation,ok,kept: official PIR Russian-market row with HoReCa product/category evidence,product_evidence,repeat,safe non-generic company-owned domain matched current Twenty repeat index,,khleb.ru,Коломенский,poponov_p@khleb.ru,khleb.ru,official_pirexpo_brand_list_api,,skipped_official_email_present,,,poponov_p@khleb.ru,official API email
ПИР Экспо 2026,26–29 октября 2026,ПЛАВЫЧ,ПЛАВЫЧ,полутвердые сыры; рассольные сыры; плавленые сыры,Россия / российский рынок,Москва,,"зал 15, стенд 3E150",15,полутвердые сыры; рассольные сыры; плавленые сыры,"ПЛАВЫЧ - один крупнейших российских производителей плавленых, творожных и рассольных сыров. Более пятнадцати лет сыры из Алтайского края поставляются в 40 регионов страны, в страны Европы и ближнего зарубежья. Деятельность направлена на сохранение уникальных технологий и введение в ассортимент новых для региона видов сыров, тем самым расширяя доступ рядового потребителя к традициям европейского сыроделия. Многолетний опыт, собственные рецептуры и внимание к деталям производственного процесса позволяют получать разнообразные высококачественные сыры с отменным вкусом.",ПЛАВЫЧ,https://plavych.ru,market@plavych.ru,+78007005900,https://pirexpo.com/exposition/all-exhibitors/2380,2380,include,"ПЛАВЫЧ | полутвердые сыры; рассольные сыры; плавленые сыры | ПЛАВЫЧ - один крупнейших российских производителей плавленых, творожных и рассольных сыров. Более пятнадцати лет сыры из Алтайского края поставляются в 40 регионов страны, в страны Европы и ближнего зарубежья. Деятельность направлена на сохранение уникальных технологий и введение в ассортимент новых для региона видов сыров, тем самым расширяя доступ рядового потребителя к традициям европейского сыроделия. Многолетний опыт, собственные рецептуры и внимание к деталям производственного процесса позволяют получать разнообразные высококачественные сыры с отменным вкусом.",parsed_official_pirexpo_api,,2026-10-05T08:23:57Z,pir-expo-2026-official-pirexpo-api-signo-v1.0.2-service-product-leakage-remediation,ok,kept: official PIR Russian-market row with HoReCa product/category evidence,product_evidence,repeat,exact email matched current Twenty repeat index,market@plavych.ru,,Плавыч,market@plavych.ru,plavych.ru,official_pirexpo_brand_list_api,,skipped_official_email_present,,,market@plavych.ru,official API email
ПИР Экспо 2026,26–29 октября 2026,VIAGGIO/ВИАДЖИО,VIAGGIO/ВИАДЖИО,лимонады; Вода; Газированные напитки,Россия / российский рынок,Москва,,"зал 15, стенд 3C130",15,лимонады; Вода; Газированные напитки,"VIAGGIO — вода, рождённая в сердце гор Вода из уникального источника заповедной зоны Кавказских Минеральных вод добывается у долины реки Подкумок. Это особый экологический и курортный регион России, известный своим богатством природных ресурсов. «VIAGGIO» заключает в себе всю энергию гор и подходит для ценителей первозданной природы. Вода от природы уже обогащена важными микро- и макроэлементами: кальцием, магнием, гидрокарбонатами, цинком и другими. Мы оказываем минимальное воздействие на то, какой воду создала сама природа, используя щадящие методы ее обработки сразу после добычи из источника глубиной более 230 метров.",VIAGGIO/ВИАДЖИО,https://viaggio-aqua.ru,morozova@senegskaya.ru,+7(499) 189-37-37,https://pirexpo.com/exposition/all-exhibitors/2005,2005,include,"VIAGGIO/ВИАДЖИО | лимонады; Вода; Газированные напитки | VIAGGIO — вода, рождённая в сердце гор Вода из уникального источника заповедной зоны Кавказских Минеральных вод добывается у долины реки Подкумок. Это особый экологический и курортный регион России, известный своим богатством природных ресурсов. «VIAGGIO» заключает в себе всю энергию гор и подходит для ценителей первозданной природы. Вода от природы уже обогащена важными микро- и макроэлементами: кальцием, магнием, гидрокарбонатами, цинком и другими. Мы оказываем минимальное воздействие на то, какой воду создала сама природа, используя щадящие методы ее обработки сразу после добычи из источника глубиной более 230 метров.",parsed_official_pirexpo_api,,2026-10-05T08:23:57Z,pir-expo-2026-official-pirexpo-api-signo-v1.0.2-service-product-leakage-remediation,ok,kept: official PIR Russian-market row with HoReCa product/category evidence,product_evidence,repeat,exact email matched current Twenty repeat index,morozova@senegskaya.ru,,Бобимэкс Фкпчф,morozova@senegskaya.ru,senegskaya.ru; viaggio-aqua.ru,official_pirexpo_brand_list_api,,skipped_official_email_present,,,morozova@senegskaya.ru,official API email
ПИР Экспо 2026,26–29 октября 2026,ИНФОТЕКС,ИНФОТЕКС,"Текстиль для гостиниц; Текстиль для ресторанов; Гостиничный текстиль, махровые изделия; Декоративный текстиль; Подушки, одеяла; Специализированный текстиль (ткани)",Россия / российский рынок,Москва,,"зал 15, стенд 4K60",15,"Текстиль для гостиниц; Текстиль для ресторанов; Гостиничный текстиль, махровые изделия; Декоративный текстиль; Подушки, одеяла; Специализированный текстиль (ткани)","ООО ""Инфотекс"" - одна из крупнейших фирм, успешно работающих с 1991 года в сфере производства и реализации постельного и столового белья из тканей отечественного и импортного производства. Изготавливаем постельное и столовое белье для домов отдыха, гостиниц, ресторанов и медицинских учреждений. В нашем ассортименте постельное белье; одеяла и подушки; наматрасники гигиенические и непромокаемые; вафельные и махровые полотенца и халаты; пледы, декоративные подушки и покрывала; шторы; галеты и сидушки, матрасы на садовую мебель, скатерти и салфетки.",ИНФОТЕКС,http://infoteks.net,info@infoteks.net,"+7-495-280-37-28, +7-916-956-95-61",https://pirexpo.com/exposition/all-exhibitors/2177,2177,include,"ИНФОТЕКС | Текстиль для гостиниц; Текстиль для ресторанов; Гостиничный текстиль, махровые изделия; Декоративный текстиль; Подушки, одеяла; Специализированный текстиль (ткани) | ООО ""Инфотекс"" - одна из крупнейших фирм, успешно работающих с 1991 года в сфере производства и реализации постельного и столового белья из тканей отечественного и импортного производства. Изготавливаем постельное и столовое белье для домов отдыха, гостиниц, ресторанов и медицинских учреждений. В нашем ассортименте постельное белье; одеяла и подушки; наматрасники гигиенические и непромокаемые; вафельные и махровые полотенца и халаты; пледы, декоративные подушки и покрывала; шторы; галеты и сидушки, матрасы на садовую мебель, скатерти и салфетки.",parsed_official_pirexpo_api,,2026-10-05T08:23:57Z,pir-expo-2026-official-pirexpo-api-signo-v1.0.2-service-product-leakage-remediation,ok,kept: official PIR Russian-market row with HoReCa product/category evidence,product_evidence,new,no exact email or safe company-owned domain match in current Twenty repeat index,,,,info@infoteks.net,infoteks.net,official_pirexpo_brand_list_api,,skipped_official_email_present,,,info@infoteks.net,official API email
ПИР Экспо 2026,26–29 октября 2026,КОЛОМЕНСКИЙ EXPERT,КОЛОМЕНСКИЙ EXPERT,замороженные изделия; хлебобулочные полуфабрикаты; хлеб,Россия / российский рынок,Москва,,"зал 15, стенд 3D30",15,замороженные изделия; хлебобулочные полуфабрикаты; хлеб,"Коломенский Expert – лидер отрасли по производству готовых замороженных хлебобулочных изделий для допекания в канале HoReCa. Отличительные особенности: • наличие широкого ассортимента, покрывающего потребности в разных категориях • вкусные современные продукты, отвечающие самым высоким стандартам качества • технологичное высокопроизводительное автоматизированное оборудование, расположенное на 14-ти производственных площадках • индивидуальный комплексный подход к клиентам с высоким уровнем сервиса • простота и удобство – все продукты не требуют предварительной расстойки и разморозки перед выпеканием",КОЛОМЕНСКИЙ EXPERT,https://khleb.ru,poponov_p@khleb.ru,8(499) 613–85-44,https://pirexpo.com/exposition/all-exhibitors/2325,2325,include,"КОЛОМЕНСКИЙ EXPERT | замороженные изделия; хлебобулочные полуфабрикаты; хлеб | Коломенский Expert – лидер отрасли по производству готовых замороженных хлебобулочных изделий для допекания в канале HoReCa. Отличительные особенности: • наличие широкого ассортимента, покрывающего потребности в разных категориях • вкусные современные продукты, отвечающие самым высоким стандартам качества • технологичное высокопроизводительное автоматизированное оборудование, расположенное на 14-ти производственных площадках • индивидуальный комплексный подход к клиентам с высоким уровнем сервиса • простота и удобство – все продукты не требуют предварительной расстойки и разморозки перед выпеканием",parsed_official_pirexpo_api,,2026-10-05T08:23:57Z,pir-expo-2026-official-pirexpo-api-signo-v1.0.2-service-product-leakage-remediation,ok,kept: official PIR Russian-market row with HoReCa product/category evidence,product_evidence,repeat,safe non-generic company-owned domain matched current Twenty repeat index,,khleb.ru,Коломенский,poponov_p@khleb.ru,khleb.ru,official_pirexpo_brand_list_api,,skipped_official_email_present,,,poponov_p@khleb.ru,official API email
ПИР Экспо 2026,26–29 октября 2026,MR. FOOD,MR. FOOD,печенье; вафли; пряничные изделия; кексы; рулеты; торты; пирожные; конфеты; замороженные изделия; хлеб; Кулинария; мясные полуфабрикаты; рыбные полуфабрикаты; мучные полуфабрикаты; хлебобулочные полуфабрикаты; готовые блюда,Россия / российский рынок,Москва,,"зал 15, стенд 3E20",15,печенье; вафли; пряничные изделия; кексы; рулеты; торты; пирожные; конфеты; замороженные изделия; хлеб; Кулинария; мясные полуфабрикаты; рыбные полуфабрикаты; мучные полуфабрикаты; хлебобулочные полуфабрикаты; готовые блюда,"Mr.Food – одно из крупнейших и технологичных пищевых производств в России, на котором производится готовая кулинария, полуфабрикаты, хлебобулочные и кондитерские изделия. 3 фабрики-кухни в Москве и Краснодаре позволяют ежедневно производить 240 тонн продукции. Мы работаем в направлениях ретейла и HoReCa, развивая собственные бренды (Креатив Китчен, Кук Чарт, Петит Кафе) и бренды партнеров. Mr.Food – это стабильное качество и безупречный вкус продукта на полке.",MR. FOOD,https://mr-food.ru,info@mr-food.ru,+7 (495)118-08-88,https://pirexpo.com/exposition/all-exhibitors/2519,2519,include,"MR. FOOD | печенье; вафли; пряничные изделия; кексы; рулеты; торты; пирожные; конфеты; замороженные изделия; хлеб; Кулинария; мясные полуфабрикаты; рыбные полуфабрикаты; мучные полуфабрикаты; хлебобулочные полуфабрикаты; готовые блюда | Mr.Food – одно из крупнейших и технологичных пищевых производств в России, на котором производится готовая кулинария, полуфабрикаты, хлебобулочные и кондитерские изделия. 3 фабрики-кухни в Москве и Краснодаре позволяют ежедневно производить 240 тонн продукции. Мы работаем в направлениях ретейла и HoReCa, развивая собственные бренды (Креатив Китчен, Кук Чарт, Петит Кафе) и бренды партнеров. Mr.Food – это стабильное качество и безупречный вкус продукта на полке.",parsed_official_pirexpo_api,,2026-10-05T08:23:57Z,pir-expo-2026-official-pirexpo-api-signo-v1.0.2-service-product-leakage-remediation,ok,kept: official PIR Russian-market row with HoReCa product/category evidence,product_evidence,repeat,exact email matched current Twenty repeat index,info@mr-food.ru,,Mr Food,info@mr-food.ru,mr-food.ru,official_pirexpo_brand_list_api,,skipped_official_email_present,,,info@mr-food.ru,official API email
ПИР Экспо 2026,26–29 октября 2026,GLACIER INDUSTRIAL АТЕЛЬЕ ХОЛОДА,GLACIER INDUSTRIAL АТЕЛЬЕ ХОЛОДА,Винные шкафы; Холодильные столы; Морозильные и холодильные шкафы,Россия / российский рынок,Москва,,"зал 14, стенд 2D67",14,Винные шкафы; Холодильные столы; Морозильные и холодильные шкафы,"GLACIER INDUSTRIAL (Ателье Холода - Завод «РБТ») крупнейший производитель торгового и холодильного оборудования на Юге России. Заводом разработано более 1500 видов холодильного и торгового оборудования для HoReCa, осуществляется сервисное обслуживание. Имеется выставочный зал 1700м2. Налажен выпуск вертикальной кондитерской витрины с вращающимися стеклянными полками и винной из натурального дерева, категории экстра-класса. Регулярно GLACIER INDUSTRIAL становится призером и лауреатом Международных и Всероссийских конкурсов и выставок.",GLACIER INDUSTRIAL ЗАВОД РЕМБЫТМАШПРИБОР,https://zavod-rbt.ru,zavod-rbt@mail.ru,+78617760066,https://pirexpo.com/exposition/all-exhibitors/2080,2080,include,"GLACIER INDUSTRIAL АТЕЛЬЕ ХОЛОДА | Винные шкафы; Холодильные столы; Морозильные и холодильные шкафы | GLACIER INDUSTRIAL (Ателье Холода - Завод «РБТ») крупнейший производитель торгового и холодильного оборудования на Юге России. Заводом разработано более 1500 видов холодильного и торгового оборудования для HoReCa, осуществляется сервисное обслуживание. Имеется выставочный зал 1700м2. Налажен выпуск вертикальной кондитерской витрины с вращающимися стеклянными полками и винной из натурального дерева, категории экстра-класса. Регулярно GLACIER INDUSTRIAL становится призером и лауреатом Международных и Всероссийских конкурсов и выставок.",parsed_official_pirexpo_api,,2026-10-05T08:23:57Z,pir-expo-2026-official-pirexpo-api-signo-v1.0.2-service-product-leakage-remediation,ok,kept: official PIR Russian-market row with HoReCa product/category evidence,product_evidence,repeat,exact email matched current Twenty repeat index,zavod-rbt@mail.ru,,Рембытмашприбор,zavod-rbt@mail.ru,mail.ru; zavod-rbt.ru,official_pirexpo_brand_list_api,,skipped_official_email_present,,,zavod-rbt@mail.ru,official API email
ПИР Экспо 2026,26–29 октября 2026,ШОКОЛАТЕРРА,ШОКОЛАТЕРРА,Топпинги; шоколад; Шоколад; какао-порошок; кондитерский декор,Россия / российский рынок,Москва,,"зал 15, стенд 3C100",15,Топпинги; Топпинги; шоколад; Шоколад; какао-порошок; кондитерский декор,"«ШОКОЛАТЕРРА» — эксклюзивный представитель испанского бренда Norte Eurocao в РФ и СНГ. Мы предлагаем премиальную линейку ингредиентов для кондитерского производства: термостабильные начинки, готовые кремы, зеркальные глазури, эмульгаторы и хрустящие добавки. Также мы представляем натуральный шоколад в виде кондитерских добавок: капли, дропсы, чипсы и декоры из премиального испанского шоколада, идеальные для украшения десертов, выпечки и конфет. Европейское качество, стабильные поставки со склада в РФ, техническая поддержка и образцы для тестирования.",ШОКОЛАТЕРРА,https://norte-eurocao.com/en,info@eurocao.ru,+7 (989) 420-01-51,https://pirexpo.com/exposition/all-exhibitors/2384,2384,include,"ШОКОЛАТЕРРА | Топпинги; шоколад; Шоколад; какао-порошок; кондитерский декор | «ШОКОЛАТЕРРА» — эксклюзивный представитель испанского бренда Norte Eurocao в РФ и СНГ. Мы предлагаем премиальную линейку ингредиентов для кондитерского производства: термостабильные начинки, готовые кремы, зеркальные глазури, эмульгаторы и хрустящие добавки. Также мы представляем натуральный шоколад в виде кондитерских добавок: капли, дропсы, чипсы и декоры из премиального испанского шоколада, идеальные для украшения десертов, выпечки и конфет. Европейское качество, стабильные поставки со склада в РФ, техническая поддержка и образцы для тестирования.",parsed_official_pirexpo_api,,2026-10-05T08:23:57Z,pir-expo-2026-official-pirexpo-api-signo-v1.0.2-service-product-leakage-remediation,ok,kept: official PIR Russian-market row with HoReCa product/category evidence,product_evidence,new,no exact email or safe company-owned domain match in current Twenty repeat index,,,,info@eurocao.ru,eurocao.ru; norte-eurocao.com,official_pirexpo_brand_list_api,,skipped_official_email_present,,,info@eurocao.ru,official API email
ПИР Экспо 2026,26–29 октября 2026,СЕВЕРО-ВОСТОК,СЕВЕРО-ВОСТОК,Нейтральное и вспомогательное оборудование; Холодильные витрины,российский рынок (официальный каталог ПИР Экспо; страна не указана),Москва,,"зал 14, стенд 2A96; зал 14, стенд 2A86",14,Нейтральное и вспомогательное оборудование; Холодильные витрины,"Компания СЕВЕРО-ВОСТОК является производителем нейтрального и холодильного оборудования, а также дистрибьютором профессионального оборудования от ведущих мировых производителей. Мы специализируемся на комплексном оснащении предприятий общественного питания и гостиничного сектора. Компания зарекомендовала себя как надежный партнер, предоставляя клиентам удобный сервис и широкий ассортимент продукции. Мы стремимся создать максимально комфортные условия, направленные на обеспечение высокого качества продукции, услуг, а также конкурентоспособных цен.",СЕВЕРО-ВОСТОК,https://horeca.uno,info@horeca.uno,8 (800) 777-75-98,https://pirexpo.com/exposition/all-exhibitors/2183,2183,include,"СЕВЕРО-ВОСТОК | Нейтральное и вспомогательное оборудование; Холодильные витрины | Компания СЕВЕРО-ВОСТОК является производителем нейтрального и холодильного оборудования, а также дистрибьютором профессионального оборудования от ведущих мировых производителей. Мы специализируемся на комплексном оснащении предприятий общественного питания и гостиничного сектора. Компания зарекомендовала себя как надежный партнер, предоставляя клиентам удобный сервис и широкий ассортимент продукции. Мы стремимся создать максимально комфортные условия, направленные на обеспечение высокого качества продукции, услуг, а также конкурентоспособных цен.",parsed_official_pirexpo_api,,2026-10-05T08:23:57Z,pir-expo-2026-official-pirexpo-api-signo-v1.0.2-service-product-leakage-remediation,ok,kept: official PIR Russian-market row with HoReCa product/category evidence,product_evidence,new,no exact email or safe company-owned domain match in current Twenty repeat index,,,,info@horeca.uno,horeca.uno,official_pirexpo_brand_list_api,,skipped_official_email_present,,,info@horeca.uno,official API email
ПИР Экспо 2026,26–29 октября 2026,ГУРМЕТА,ГУРМЕТА,гусь; Топпинги; Сиропы; Фруктовое пюре; утка; цесарка; перепелка; дичь; яйцо; курица; масло растительное; масло сливочное; индейка; кисломолочные продукты; молоко; мороженое; сливки; твердые сыры; полутвердые сыры; сыр с плесенью,Россия / российский рынок,Москва,,"зал 15, стенд 3D36",15,гусь; Топпинги; Сиропы; Фруктовое пюре; утка; цесарка; перепелка; дичь; яйцо; курица; масло растительное; масло сливочное; индейка; кисломолочные продукты; молоко; мороженое; сливки; твердые сыры; полутвердые сыры; сыр с плесенью; рассольные сыры; плавленые сыры; баранина; говядина; дичь; свинина; кролик; телятина; ягнятина; мясные полуфабрикаты; мясные деликатесы; колбасы и колбасные изделия; мясные консервы; мясная кулинария; макаронные изделия; консервированная продукция; крупа; масло растительное; специи и пряности; готовые приправы и соусы; уксус; снеки; плоды и ягоды; овощи; грибы; мясные полуфабрикаты; рыбные полуфабрикаты; мучные полуфабрикаты; хлебобулочные полуфабрикаты; готовые блюда; мороженое; рыба охлажденная; рыба мороженая; рыбные консервы и пресервы; икра рыб; полуфабрикаты из рыбы; морепродукты,Оптово-розничная торговля продуктами питания. Хорека. Продукты премиум качества от лучших производителей Италии и Турции.,ГУРМЕТА,https://www.gutrade.org,gourmet_group@mail.ru,+7(499) 782-40-81,https://pirexpo.com/exposition/all-exhibitors/1928,1928,include,ГУРМЕТА | гусь; Топпинги; Сиропы; Фруктовое пюре; утка; цесарка; перепелка; дичь; яйцо; курица; масло растительное; масло сливочное; индейка; кисломолочные продукты; молоко; мороженое; сливки; твердые сыры; полутвердые сыры; сыр с плесенью | Оптово-розничная торговля продуктами питания. Хорека. Продукты премиум качества от лучших производителей Италии и Турции.,parsed_official_pirexpo_api,,2026-10-05T08:23:57Z,pir-expo-2026-official-pirexpo-api-signo-v1.0.2-service-product-leakage-remediation,ok,kept: official PIR Russian-market row with HoReCa product/category evidence,product_evidence,new,no exact email or safe company-owned domain match in current Twenty repeat index,,,,gourmet_group@mail.ru,gutrade.org; mail.ru,official_pirexpo_brand_list_api,,skipped_official_email_present,,,gourmet_group@mail.ru,official API email
ПИР Экспо 2026,26–29 октября 2026,DJEMKA.RU,DJEMKA.RU,морсы; Сиропы; соки,Россия / российский рынок,Москва,,"зал 13, стенд 1C32",13,морсы; Сиропы; Сиропы; соки,"Djemka.ru — российский производитель концентрированных основ для напитков и сиропов. С 2016 г. более 1000 клиентов из России и ближнего зарубежья доверяют нам развитие своей продукции. В ассортименте более 90 вкусов, которые помогают расширять линейку продуктов и оптимизировать затраты. Мы ориентированы на долгосрочное сотрудничество, обеспечивая стабильное качество и конкурентные преимущества.",DJEMKA.RU,https://djemka.ru,manager2@djemka.ru,+7-996-349-72-41,https://pirexpo.com/exposition/all-exhibitors/2313,2313,include,"DJEMKA.RU | морсы; Сиропы; соки | Djemka.ru — российский производитель концентрированных основ для напитков и сиропов. С 2016 г. более 1000 клиентов из России и ближнего зарубежья доверяют нам развитие своей продукции. В ассортименте более 90 вкусов, которые помогают расширять линейку продуктов и оптимизировать затраты. Мы ориентированы на долгосрочное сотрудничество, обеспечивая стабильное качество и конкурентные преимущества.",parsed_official_pirexpo_api,,2026-10-05T08:23:57Z,pir-expo-2026-official-pirexpo-api-signo-v1.0.2-service-product-leakage-remediation,ok,kept: official PIR Russian-market row with HoReCa product/category evidence,product_evidence,repeat,safe non-generic company-owned domain matched current Twenty repeat index,,djemka.ru,Беликов,manager2@djemka.ru,djemka.ru,official_pirexpo_brand_list_api,,skipped_official_email_present,,,manager2@djemka.ru,official API email
ПИР Экспо 2026,26–29 октября 2026,РЕСТОМАРКЕТ,РЕСТОМАРКЕТ,Профессиональная посуда; Барное стекло; Столовые приборы,Россия / российский рынок,Москва,,"зал 14, стенд 2F54",14,Профессиональная посуда; Барное стекло; Столовые приборы,"ООО «РЕСТОМАРКЕТ» — надёжный оптовый поставщик профессиональной посуды, столовых приборов, стекла и инвентаря для сферы HoReCa. Мы комплексно оснащаем рестораны, кафе и отели посудой ведущих мировых производителей, уделяя особое внимание качеству каждой позиции, эстетике и практичности в условиях профессиональной кухни. Наши специалисты помогут подобрать оптимальное решение под любую концепцию — будь то авторская подача, классическая сервировка или банкетный формат. Выставочный зал с образцами открыт для знакомства с коллекциями, а гибкая система поставок — из наличия на собственном складе или под заказ — позволяет работать с любым объёмом и ассортиментом. Работаем по всей России — от небольших заведений до крупных сетей. Гибкие условия сотрудничества. Развиваем дилерскую сеть и предлагаем специальные условия партнёрам.",РЕСТОМАРКЕТ,https://restomarket.me,showroom.spb@restomarket.club,+7 (812) 777-16-15,https://pirexpo.com/exposition/all-exhibitors/2424,2424,include,"РЕСТОМАРКЕТ | Профессиональная посуда; Барное стекло; Столовые приборы | ООО «РЕСТОМАРКЕТ» — надёжный оптовый поставщик профессиональной посуды, столовых приборов, стекла и инвентаря для сферы HoReCa. Мы комплексно оснащаем рестораны, кафе и отели посудой ведущих мировых производителей, уделяя особое внимание качеству каждой позиции, эстетике и практичности в условиях профессиональной кухни. Наши специалисты помогут подобрать оптимальное решение под любую концепцию — будь то авторская подача, классическая сервировка или банкетный формат. Выставочный зал с образцами открыт для знакомства с коллекциями, а гибкая система поставок — из наличия на собственном складе или под заказ — позволяет работать с любым объёмом и ассортиментом. Работаем по всей России — от неболь",parsed_official_pirexpo_api,,2026-10-05T08:23:57Z,pir-expo-2026-official-pirexpo-api-signo-v1.0.2-service-product-leakage-remediation,ok,kept: official PIR Russian-market row with HoReCa product/category evidence,product_evidence,new,no exact email or safe company-owned domain match in current Twenty repeat index,,,,showroom.spb@restomarket.club,restomarket.club; restomarket.me,official_pirexpo_brand_list_api,,skipped_official_email_present,,,showroom.spb@restomarket.club,official API email
ПИР Экспо 2026,26–29 октября 2026,TDN FOOD&MEDICAL,TDN FOOD&MEDICAL,"Фартуки; Фасовочное и упаковочное оборудование, трейсилеры; Униформа, обувь; Пищевая безопасность; Спецодежда, средства индивидуальной защиты; Профессиональная химия, клининг",Россия / российский рынок,Москва,,"зал 15, стенд 3C120",15,"Фартуки; Фасовочное и упаковочное оборудование, трейсилеры; Униформа, обувь; Пищевая безопасность; Спецодежда, средства индивидуальной защиты; Профессиональная химия, клининг","Каждая смена начинается с готовности — команды, формы, инвентаря и расходных материалов. TDN Food&Medical, собственная торговая марка ООО «Инлайн Трейдинг», с 2004 года помогает предприятиям HoReCa, пищевым производствам, фабрикам-кухням, кафе и ресторанам поддерживать эту готовность каждый день. Мы выстроили систему снабжения так, чтобы заказчик получал не набор разрозненных товаров, а решение под свои задачи. Общая площадь собственных производственных площадок компании превышает 3200 м². В Москве мы разрабатываем и шьём униформу по техническому заданию заказчика, выполняем брендирование и сопровождаем проект от идеи до готовой партии. Часть производства расположена в Новочебоксарске. Здесь выпускаются полиэтиленовые фартуки и перчатки, мешки для мусора и фасовочные пакеты. Из Китая мы напрямую импортируем нитриловые, виниловые и нитровиниловые перчатки, шапочки-сеточки и другие востребованные расходные материалы. Ассортимент дополняют рабочая обувь, уборочный инвентарь, салфетки и микрофибра. Такое сочетание собственного производства и прямого импорта позволяет гибко комплектовать заказы, подбирать продукцию под требования бизнеса и обеспечивать регулярные поставки. Мы вникаем в задачу, рассчитываем объёмы, готовим коммерческое предложение и сопровождаем каждую партию необходимыми документами. TDN Food&Medical — одно решение для ежедневной работы бизнеса.",TDN FOOD&MEDICAL,https://tdn-co.ru,info@inlinetrading.ru,+74958224494,https://pirexpo.com/exposition/all-exhibitors/2493,2493,include,"TDN FOOD&MEDICAL | Фартуки; Фасовочное и упаковочное оборудование, трейсилеры; Униформа, обувь; Пищевая безопасность; Спецодежда, средства индивидуальной защиты; Профессиональная химия, клининг | Каждая смена начинается с готовности — команды, формы, инвентаря и расходных материалов. TDN Food&Medical, собственная торговая марка ООО «Инлайн Трейдинг», с 2004 года помогает предприятиям HoReCa, пищевым производствам, фабрикам-кухням, кафе и ресторанам поддерживать эту готовность каждый день. Мы выстроили систему снабжения так, чтобы заказчик получал не набор разрозненных товаров, а решение под свои задачи. Общая площадь собственных производственных площадок компании превышает 3200 м². В Москве мы разрабатываем и шьём униформу по техническому заданию заказчика, выполняем брендирование и сопровождаем проект от идеи до готовой партии. Часть производства расположена в Новочебоксарске. Здесь",parsed_official_pirexpo_api,,2026-10-05T08:23:57Z,pir-expo-2026-official-pirexpo-api-signo-v1.0.2-service-product-leakage-remediation,ok,kept: official PIR Russian-market row with HoReCa product/category evidence,product_evidence,new,no exact email or safe company-owned domain match in current Twenty repeat index,,,,info@inlinetrading.ru,inlinetrading.ru; tdn-co.ru,official_pirexpo_brand_list_api,,skipped_official_email_present,,,info@inlinetrading.ru,official API email
ПИР Экспо 2026,26–29 октября 2026,SERVOLUX,SERVOLUX,мясные полуфабрикаты; готовые блюда; Готовая еда; кисломолочные продукты,Россия / российский рынок,Москва,,"зал 15, стенд 3E80",15,мясные полуфабрикаты; готовые блюда; Готовая еда; кисломолочные продукты,"Группа компаний SERVOLUX - признанный эксперт в области птицеводства и производства продуктов питания. Агрохолдинг входит в ТОП-10 производителей мяса птицы в СНГ и №1 в Республике Беларусь. Продуктовый портфель компании насчитывает более 15 брендов в различных категориях: от сырого мяса цыплят-бройлеров до продуктов высокой степени готовности. Ключевые ценности компании: СИСТЕМА КАЧЕСТВА: все производственные площадки имеют полный пакет сертификатов качества: FSCC 22000, Halal ТЕХНОЛОГИИ И РАЗРАБОТКИ: создан современный отдел инновационных разработок SERVICE LEVEL: 100%-ное отслеживание всех логистических цепочек: от сырья до поставок готового продукта. Продукты бренда SERVOLUX PROFESSIONAL разработаны с учетом требований и особенностей профессиональной кухни. SERVOLUX PROFESSIONAL - надёжный поставщик продуктов питания для разного формата заведений канала HoReCa: от малого бизнеса и до партнерства с крупнейшими представителями сегмента QSR.",SERVOLUX,https://servolux.pro,sv@servolux.com,+7 495 651 61 06,https://pirexpo.com/exposition/all-exhibitors/2156,2156,include,"SERVOLUX | мясные полуфабрикаты; готовые блюда; Готовая еда; кисломолочные продукты | Группа компаний SERVOLUX - признанный эксперт в области птицеводства и производства продуктов питания. Агрохолдинг входит в ТОП-10 производителей мяса птицы в СНГ и №1 в Республике Беларусь. Продуктовый портфель компании насчитывает более 15 брендов в различных категориях: от сырого мяса цыплят-бройлеров до продуктов высокой степени готовности. Ключевые ценности компании: СИСТЕМА КАЧЕСТВА: все производственные площадки имеют полный пакет сертификатов качества: FSCC 22000, Halal ТЕХНОЛОГИИ И РАЗРАБОТКИ: создан современный отдел инновационных разработок SERVICE LEVEL: 100%-ное отслеживание всех логистических цепочек: от сырья до поставок готового продукта. Продукты бренда SERVOLUX PROFESSIONAL",parsed_official_pirexpo_api,,2026-10-05T08:23:57Z,pir-expo-2026-official-pirexpo-api-signo-v1.0.2-service-product-leakage-remediation,ok,kept: official PIR Russian-market row with HoReCa product/category evidence,product_evidence,new,no exact email or safe company-owned domain match in current Twenty repeat index,,,,sv@servolux.com,servolux.com; servolux.pro,official_pirexpo_brand_list_api,,skipped_official_email_present,,,sv@servolux.com,official API email
ПИР Экспо 2026,26–29 октября 2026,КРЕАТИВ ГРУПП,КРЕАТИВ ГРУПП,"Барные стойки, ресепшн; Мебель для ресторанов, кафе и иных предприятий питания; Мебель для летних кафе, уличная мебель; Предметы интерьера; Гостиничная и корпусная мебель; Мягкая мебель; Банкетная мебель; Мебель для конференц- и концертных залов; Офисная мебель",Россия / российский рынок,Москва,,"зал 15, стенд 4M90",15,"Барные стойки, ресепшн; Мебель для ресторанов, кафе и иных предприятий питания; Мебель для летних кафе, уличная мебель; Предметы интерьера; Гостиничная и корпусная мебель; Мягкая мебель; Банкетная мебель; Мебель для конференц- и концертных залов; Офисная мебель","Ключевое направление CR Group — строительство, реконструкция и полное оснащение интерьеров для ресторанов, бутиков, шоу-румов, отелей, частных резиденций и общественных пространств. Мы ведём проект от первой эскизной линии до финальной расстановки мебели, замыкая на себе все этапы: проектирование, инженерные сети, черновую и чистовую отделку, изготовление предметов интерьера и монтаж. Заказчику не нужно координировать разрозненных подрядчиков — за результат отвечает одна команда.",КРЕАТИВ ГРУПП,https://crgroup.ru,info@crgroup.ru,89257277237,https://pirexpo.com/exposition/all-exhibitors/2436,2436,include,"КРЕАТИВ ГРУПП | Барные стойки, ресепшн; Мебель для ресторанов, кафе и иных предприятий питания; Мебель для летних кафе, уличная мебель; Предметы интерьера; Гостиничная и корпусная мебель; Мягкая мебель; Банкетная мебель; Мебель для конференц- и концертных залов; Офисная мебель | Ключевое направление CR Group — строительство, реконструкция и полное оснащение интерьеров для ресторанов, бутиков, шоу-румов, отелей, частных резиденций и общественных пространств. Мы ведём проект от первой эскизной линии до финальной расстановки мебели, замыкая на себе все этапы: проектирование, инженерные сети, черновую и чистовую отделку, изготовление предметов интерьера и монтаж. Заказчику не нужно координировать разрозненных подрядчиков — за результат отвечает одна команда.",parsed_official_pirexpo_api,,2026-10-05T08:23:57Z,pir-expo-2026-official-pirexpo-api-signo-v1.0.2-service-product-leakage-remediation,ok,kept: official PIR Russian-market row with HoReCa product/category evidence,product_evidence,new,no exact email or safe company-owned domain match in current Twenty repeat index,,,,info@crgroup.ru,crgroup.ru,official_pirexpo_brand_list_api,,skipped_official_email_present,,,info@crgroup.ru,official API email
ПИР Экспо 2026,26–29 октября 2026,ТЕХНОКОМ ИНЖИНИРИНГ РУС,ТЕХНОКОМ ИНЖИНИРИНГ РУС,Упаковка для кофе; Газовые ростеры; Запасные части для ростеров; ПО для обжарки; Оборудование для обжарочного производства,российский рынок (официальный каталог ПИР Экспо; страна не указана),Москва,,"зал 13, стенд 1F45",13,Упаковка для кофе; Газовые ростеры; Запасные части для ростеров; ПО для обжарки; Оборудование для обжарочного производства,,"ТЕХНОКОМ ИНЖИНИРИНГ РУС, ООО",,,,https://pirexpo.com/exposition/all-exhibitors/1979,1979,include,ТЕХНОКОМ ИНЖИНИРИНГ РУС | Упаковка для кофе; Газовые ростеры; Запасные части для ростеров; ПО для обжарки; Оборудование для обжарочного производства,parsed_official_pirexpo_api,website; public_email,2026-10-05T08:23:57Z,pir-expo-2026-official-pirexpo-api-signo-v1.0.2-service-product-leakage-remediation,ok,kept: official PIR Russian-market row with HoReCa product/category evidence,product_evidence,new,no exact email or safe company-owned domain match in current Twenty repeat index,,,,,,official_pirexpo_brand_list_api,,skipped_no_website,,,,
ПИР Экспо 2026,26–29 октября 2026,РБК КОММЕРЧЕСКАЯ ЛОГИСТИКА,РБК КОММЕРЧЕСКАЯ ЛОГИСТИКА,Топпинги; Сиропы; Фруктовое пюре; Зелёный; Черный; Матча,Россия / российский рынок,Москва,,"зал 13, стенд 1C11",13,Топпинги; Сиропы; Фруктовое пюре; Зелёный; Черный; Матча,,KIFOOD,https://kifood.ru,rbklogist@mail.ru,,https://pirexpo.com/exposition/all-exhibitors/2208,2208,include,РБК КОММЕРЧЕСКАЯ ЛОГИСТИКА | Топпинги; Сиропы; Фруктовое пюре; Зелёный; Черный; Матча,parsed_official_pirexpo_api,,2026-10-05T08:23:57Z,pir-expo-2026-official-pirexpo-api-signo-v1.0.2-service-product-leakage-remediation,ok,kept: official PIR Russian-market row with HoReCa product/category evidence,product_evidence,new,no exact email or safe company-owned domain match in current Twenty repeat index,,,,rbklogist@mail.ru,kifood.ru; mail.ru,official_pirexpo_brand_list_api,,skipped_official_email_present,,,rbklogist@mail.ru,official API email
ПИР Экспо 2026,26–29 октября 2026,ИМБИРЬ,ИМБИРЬ,готовые приправы и соусы,Россия / российский рынок,Москва,,"зал 15, стенд 3D110",15,готовые приправы и соусы,"Начиная с 2012 года компания ""Имбирь"" производит различные порционные продукты в индивидуальной упаковке дип-пот: от соусов для сегмента HoReCa до чая. А с 2025 года производим ещё и соковые шарики, и напитки бабл-ти. На сегодня под торговыми марками ""Имбирь"" и Porcio выпускается 10 видов соусов, 8 видов порционных джемов и 8 видов салатных заправок, а также продукты для японской кухни. Благодаря порционной упаковке дип-пот, наши продукты сохраняют все полезные свойства и вкусовые качества.",ИМБИРЬ,https://imbir.spb.ru,info@imbir.spb.ru,+7 (981) 184-06-36,https://pirexpo.com/exposition/all-exhibitors/2254,2254,include,"ИМБИРЬ | готовые приправы и соусы | Начиная с 2012 года компания ""Имбирь"" производит различные порционные продукты в индивидуальной упаковке дип-пот: от соусов для сегмента HoReCa до чая. А с 2025 года производим ещё и соковые шарики, и напитки бабл-ти. На сегодня под торговыми марками ""Имбирь"" и Porcio выпускается 10 видов соусов, 8 видов порционных джемов и 8 видов салатных заправок, а также продукты для японской кухни. Благодаря порционной упаковке дип-пот, наши продукты сохраняют все полезные свойства и вкусовые качества.",parsed_official_pirexpo_api,,2026-10-05T08:23:57Z,pir-expo-2026-official-pirexpo-api-signo-v1.0.2-service-product-leakage-remediation,ok,kept: official PIR Russian-market row with HoReCa product/category evidence,product_evidence,repeat,exact email matched current Twenty repeat index,info@imbir.spb.ru,,Имбирь,info@imbir.spb.ru,imbir.spb.ru,official_pirexpo_brand_list_api,,skipped_official_email_present,,,info@imbir.spb.ru,official API email
ПИР Экспо 2026,26–29 октября 2026,РЕЛАКСА СТАР,РЕЛАКСА СТАР,"Оборудование для Wellness & SPA; Оборудование для СПА-комплексов; Мебель для ресторанов, кафе и иных предприятий питания; Гостиничная и корпусная мебель; Мягкая мебель; Мебель для конференц- и концертных залов; Офисная мебель",Россия / российский рынок,Москва,,"зал 15, стенд 4F60",15,"Оборудование для Wellness & SPA; Оборудование для СПА-комплексов; Мебель для ресторанов, кафе и иных предприятий питания; Гостиничная и корпусная мебель; Мягкая мебель; Мебель для конференц- и концертных залов; Офисная мебель","Релакса Стар - лидер в индустрии профессионального массажа и поставщик известных мировых брендов товаров для здоровья FUJIMO, OGAWA и D.Core. Мы представляем комплексные решения для гостинично-ресторанного бизнеса (HoReCa), где комфорт и восстановление становятся ключевым конкурентным преимуществом. Наш портфель включает инновационные массажные кресла, портативные массажеры и специализированное оборудование для зон отдыха персонала, VIP-номеров отелей, лаунж-зон ресторанов, фитнес-центров и спа-комплексов. Мы работаем с ведущими мировыми брендами, гарантируя подлинность, передовые технологии 4D-массажа, интеллектуальное сканирование тела и премиальные материалы обивки. Интеграция наших решений напрямую влияет на экономику вашего бизнеса: качественный отдых повышает лояльность и снижает выгорание команды, а зоны релаксации для гостей увеличивают время их пребывания в заведении и средний чек. Оборудование сертифицировано по стандартам ЕАС, отличается интуитивным управлением, лаконичным дизайном, который легко вписывается в любой интерьер, и низкими затратами на обслуживание. Помимо техники, мы предлагаем полный цикл сервиса: от дизайн-проекта зоны релаксации и помощи в подборе моделей под ваш бюджет до профессионального монтажа, обучения персонала и расширенной технической поддержки. Посетите наш стенд на ПИР Экспо. Мы проведем персональную демонстрацию, предложим специальные условия и покажем, как превратить заботу о здоровье в мощный инструмент развития вашего бизнеса.",РЕЛАКСА СТАР,https://relaxa.ru,web@relaxa.ru,+78003330051,https://pirexpo.com/exposition/all-exhibitors/2047,2047,include,"РЕЛАКСА СТАР | Оборудование для Wellness & SPA; Оборудование для СПА-комплексов; Мебель для ресторанов, кафе и иных предприятий питания; Гостиничная и корпусная мебель; Мягкая мебель; Мебель для конференц- и концертных залов; Офисная мебель | Релакса Стар - лидер в индустрии профессионального массажа и поставщик известных мировых брендов товаров для здоровья FUJIMO, OGAWA и D.Core. Мы представляем комплексные решения для гостинично-ресторанного бизнеса (HoReCa), где комфорт и восстановление становятся ключевым конкурентным преимуществом. Наш портфель включает инновационные массажные кресла, портативные массажеры и специализированное оборудование для зон отдыха персонала, VIP-номеров отелей, лаунж-зон ресторанов, фитнес-центров и спа-комплексов. Мы работаем с ведущими мировыми брендами, гарантируя подлинность, передовые технологии 4D-массажа, интеллектуальное сканирование тела и премиальные материалы обивки. Интеграция наших решен",parsed_official_pirexpo_api,,2026-10-05T08:23:57Z,pir-expo-2026-official-pirexpo-api-signo-v1.0.2-service-product-leakage-remediation,ok,kept: official PIR Russian-market row with HoReCa product/category evidence,product_evidence,repeat,exact email matched current Twenty repeat index,web@relaxa.ru,,Релакса Стар,web@relaxa.ru,relaxa.ru,official_pirexpo_brand_list_api,,skipped_official_email_present,,,web@relaxa.ru,official API email
ПИР Экспо 2026,26–29 октября 2026,SIMPATEA,SIMPATEA,Чайные экстракты,Россия / российский рынок,Москва,,"зал 13, стенд 1B82",13,Чайные экстракты,"С 2012 года компания ""Имбирь"" производит инновационные продукты в индивидуальной упаковке дип-пот: от чая и лимонадных миксов до соусов. А с 2025 года производим соковые шарики и напитки бабл-ти. Под брендом SimpaTea выпускается чай на основе заварки из чайного листа, ягод или фруктов с добавлением специй и пряностей. Благодаря порционной упаковке дип-пот, наши продукты сохраняют полезные свойства. Для получения готового напитка достаточно содержимое стаканчика вылить в кружку или в стакан и залить водой. Таким образом можно получить 250-300 мл вкусного и ароматного чая с натуральным составом!",SIMPATEA,https://simpatea.com,info@imbir.spb.ru,+7 (981) 184-06-36,https://pirexpo.com/exposition/all-exhibitors/2259,2259,include,"SIMPATEA | Чайные экстракты | С 2012 года компания ""Имбирь"" производит инновационные продукты в индивидуальной упаковке дип-пот: от чая и лимонадных миксов до соусов. А с 2025 года производим соковые шарики и напитки бабл-ти. Под брендом SimpaTea выпускается чай на основе заварки из чайного листа, ягод или фруктов с добавлением специй и пряностей. Благодаря порционной упаковке дип-пот, наши продукты сохраняют полезные свойства. Для получения готового напитка достаточно содержимое стаканчика вылить в кружку или в стакан и залить водой. Таким образом можно получить 250-300 мл вкусного и ароматного чая с натуральным составом!",parsed_official_pirexpo_api,,2026-10-05T08:23:57Z,pir-expo-2026-official-pirexpo-api-signo-v1.0.2-service-product-leakage-remediation,ok,kept: official PIR Russian-market row with HoReCa product/category evidence,product_evidence,repeat,exact email matched current Twenty repeat index,info@imbir.spb.ru,,Имбирь,info@imbir.spb.ru,imbir.spb.ru; simpatea.com,official_pirexpo_brand_list_api,,skipped_official_email_present,,,info@imbir.spb.ru,official API email
ПИР Экспо 2026,26–29 октября 2026,АРИКОН-ПРО,АРИКОН-ПРО,продукты быстрого приготовления; специи и пряности; готовые приправы и соусы; сухие завтраки и мюсли; крахмал,Россия / российский рынок,Москва,,"зал 15, стенд 3D80",15,продукты быстрого приготовления; специи и пряности; готовые приправы и соусы; сухие завтраки и мюсли; крахмал,"Компания «Арикон» — лидер российского рынка в производстве сухих бульонов, специй, приправ, пряностей, бакалеи, кондитерских добавок , успешно представляющий свою продукцию на рынке России, в странах СНГ и Дальнего зарубежья с 1997 года. Современное производство оснащено высокопроизводительным оборудованием и сертифицировано по системе менеджмента безопасности FSSC 22000, что гарантирует полное соответствие всей выпускаемой продукции государственным нормативам ГОСТ/ТУ и подтверждается соответствующими декларациями о соответствии.",АРИКОН ГРУПП,https://www.arikon.ru,kuzina.ev@arikon.ru,+79037303915,https://pirexpo.com/exposition/all-exhibitors/2524,2524,include,"АРИКОН-ПРО | продукты быстрого приготовления; специи и пряности; готовые приправы и соусы; сухие завтраки и мюсли; крахмал | Компания «Арикон» — лидер российского рынка в производстве сухих бульонов, специй, приправ, пряностей, бакалеи, кондитерских добавок , успешно представляющий свою продукцию на рынке России, в странах СНГ и Дальнего зарубежья с 1997 года. Современное производство оснащено высокопроизводительным оборудованием и сертифицировано по системе менеджмента безопасности FSSC 22000, что гарантирует полное соответствие всей выпускаемой продукции государственным нормативам ГОСТ/ТУ и подтверждается соответствующими декларациями о соответствии.",parsed_official_pirexpo_api,,2026-10-05T08:23:57Z,pir-expo-2026-official-pirexpo-api-signo-v1.0.2-service-product-leakage-remediation,ok,kept: official PIR Russian-market row with HoReCa product/category evidence,product_evidence,repeat,safe non-generic company-owned domain matched current Twenty repeat index,,arikon.ru,Арикон Групп,kuzina.ev@arikon.ru,arikon.ru,official_pirexpo_brand_list_api,,skipped_official_email_present,,,kuzina.ev@arikon.ru,official API email
ПИР Экспо 2026,26–29 октября 2026,EX TEMPORE,EX TEMPORE,Гостиничная косметика и парфюмерия,Россия / российский рынок,Москва,,"зал 15, стенд 4G55",15,Гостиничная косметика и парфюмерия,Мы делаем натуральную косметику на растительных экстрактах трав.,EX TEMPORE,https://ex-temp.ru/main,biolab@ex-temp.ru,+7(916)413-36-04,https://pirexpo.com/exposition/all-exhibitors/2030,2030,include,EX TEMPORE | Гостиничная косметика и парфюмерия | Мы делаем натуральную косметику на растительных экстрактах трав.,parsed_official_pirexpo_api,,2026-10-05T08:23:57Z,pir-expo-2026-official-pirexpo-api-signo-v1.0.2-service-product-leakage-remediation,ok,kept: official PIR Russian-market row with HoReCa product/category evidence,product_evidence,new,no exact email or safe company-owned domain match in current Twenty repeat index,,,,biolab@ex-temp.ru,ex-temp.ru,official_pirexpo_brand_list_api,,skipped_official_email_present,,,biolab@ex-temp.ru,official API email
ПИР Экспо 2026,26–29 октября 2026,ТЕХНО-ТТ,ТЕХНО-ТТ,"Грили; Оборудование для мойки продуктов; Тепловое оборудование; Холодильные витрины; Блинницы, Вафельницы; Линии раздачи; Измельчители пищевых отходов; Холодильные столы; Буфеты, Шведские столы, Салат-бары; Мармиты, чафиндиши; Нейтральное и вспомогательное оборудование; Оборудование для пищевых производств; Электрические Плиты",Россия / российский рынок,Москва,,"зал 14, стенд 2C70",14,"Грили; Оборудование для мойки продуктов; Тепловое оборудование; Холодильные витрины; Блинницы, Вафельницы; Линии раздачи; Измельчители пищевых отходов; Холодильные столы; Буфеты, Шведские столы, Салат-бары; Мармиты, чафиндиши; Нейтральное и вспомогательное оборудование; Оборудование для пищевых производств; Электрические Плиты","Компания ТЕХНО-ТТ — признанный эксперт в области профессионального кухонного оборудования для предприятий общественного питания с 28-летней историей успеха. Пройдя впечатляющий путь от небольшого частного производства до статуса одного из лидеров рынка, сегодня компания задает высокие стандарты качества в индустрии HoReCa. Производственно-складские мощности завода находятся в подмосковной Старой Купавне. В ассортименте завода представлено более 16 000 наименований: от нейтрального оборудования из нержавеющей стали, тепловых и холодильных столов до витрин и встраиваемых линий раздачи. Особая гордость компании — инновации в сфере индукционных технологий. Еще 16 лет назад ТЕХНО-ТТ одними из первых в стране начали выпуск индукционных плит. Детально изучив мировой опыт, завод совершил технологический прорыв, который будет представлен на выставке - индукционные плиты НОВОГО ПОКОЛЕНИЯ. Это оборудование с полным циклом производства в России, работающее на базе отечественного программного обеспечения, но обладающее европейским качеством и характеристиками лучших мировых образцов. Главной премьерой экспозиции станут буфеты шведской линии «МОТИВЫ» — современное, надежное и эстетичное решение для безупречной организации питания. ТЕХНО-ТТ продолжает доказывать, что российское производство способно не просто конкурировать с зарубежными брендами, но и создавать передовые тренды на рынке профессионального оборудования.",ТЕХНО-ТТ,https://www.tehno-tt.ru,info@tehnott.ru,+7 (495) 702-98-78,https://pirexpo.com/exposition/all-exhibitors/1945,1945,include,"ТЕХНО-ТТ | Грили; Оборудование для мойки продуктов; Тепловое оборудование; Холодильные витрины; Блинницы, Вафельницы; Линии раздачи; Измельчители пищевых отходов; Холодильные столы; Буфеты, Шведские столы, Салат-бары; Мармиты, чафиндиши; Нейтральное и вспомогательное оборудование; Оборудование для пищевых производств; Электрические Плиты | Компания ТЕХНО-ТТ — признанный эксперт в области профессионального кухонного оборудования для предприятий общественного питания с 28-летней историей успеха. Пройдя впечатляющий путь от небольшого частного производства до статуса одного из лидеров рынка, сегодня компания задает высокие стандарты качества в индустрии HoReCa. Производственно-складские мощности завода находятся в подмосковной Старой Купавне. В ассортименте завода представлено более 16 000 наименований: от нейтрального оборудования из нержавеющей стали, тепловых и холодильных столов до витрин и встраиваемых линий раздачи. Особая гордость компании — инновации в сфере индукционных технологий. Еще 16 лет назад ТЕХНО-ТТ одними из пер",parsed_official_pirexpo_api,,2026-10-05T08:23:57Z,pir-expo-2026-official-pirexpo-api-signo-v1.0.2-service-product-leakage-remediation,ok,kept: official PIR Russian-market row with HoReCa product/category evidence,product_evidence,repeat,exact email matched current Twenty repeat index,info@tehnott.ru,,Техно ТТ,info@tehnott.ru,tehno-tt.ru; tehnott.ru,official_pirexpo_brand_list_api,,skipped_official_email_present,,,info@tehnott.ru,official API email
ПИР Экспо 2026,26–29 октября 2026,EFKO FOOD PRODUCTS,EFKO FOOD PRODUCTS,масло растительное; готовые приправы и соусы,Россия / российский рынок,Москва,,"зал 15, стенд 3D123",15,масло растительное; готовые приправы и соусы,"EFKO FOOD Products – это специализированная линейка для рынка HoReCa, подготовленная группой компаний «ЭФКО», также известной по популярным потребительским брендам «Слобода» и «Altero». Ассортимент продуктов EFKO FOOD включает в себя масла, кетчупы, майонезы, маринады и широкий выбор соусов, а также растительное мясо и молоко линейки Barista Hi!.",EFKO FOOD PRODUCTS,https://www.efkofood.ru,marketing.efx@efko.ru,8-800-200-70-80,https://pirexpo.com/exposition/all-exhibitors/2327,2327,include,"EFKO FOOD PRODUCTS | масло растительное; готовые приправы и соусы | EFKO FOOD Products – это специализированная линейка для рынка HoReCa, подготовленная группой компаний «ЭФКО», также известной по популярным потребительским брендам «Слобода» и «Altero». Ассортимент продуктов EFKO FOOD включает в себя масла, кетчупы, майонезы, маринады и широкий выбор соусов, а также растительное мясо и молоко линейки Barista Hi!.",parsed_official_pirexpo_api,,2026-10-05T08:23:57Z,pir-expo-2026-official-pirexpo-api-signo-v1.0.2-service-product-leakage-remediation,ok,kept: official PIR Russian-market row with HoReCa product/category evidence,product_evidence,repeat,safe non-generic company-owned domain matched current Twenty repeat index,,efko.ru,Эфко,marketing.efx@efko.ru,efko.ru; efkofood.ru,official_pirexpo_brand_list_api,,skipped_official_email_present,,,marketing.efx@efko.ru,official API email
ПИР Экспо 2026,26–29 октября 2026,FROSTOR,FROSTOR,"Морозильные лари, бонеты",Россия / российский рынок,Москва,,"зал 14, стенд 2E76",14,"Морозильные лари, бонеты","Frostor — ведущий российский завод-производитель профессионального холодильного оборудования, выпускающий надежные морозильные лари для сегментов HoReCa и ритейла. Компания предлагает полностью локализованные решения с высоким ресурсом прочности, адаптированные к интенсивным нагрузкам ресторанных кухонь и торговых залов. Выбирая Frostor, вы получаете передовые отечественные технологии заморозки, гарантированную сервисную поддержку и независимость от импортных поставок.",FROSTOR,https://frostor.ru,secretariat@frostor.ru,8 800 775 09 08,https://pirexpo.com/exposition/all-exhibitors/2191,2191,include,"FROSTOR | Морозильные лари, бонеты | Frostor — ведущий российский завод-производитель профессионального холодильного оборудования, выпускающий надежные морозильные лари для сегментов HoReCa и ритейла. Компания предлагает полностью локализованные решения с высоким ресурсом прочности, адаптированные к интенсивным нагрузкам ресторанных кухонь и торговых залов. Выбирая Frostor, вы получаете передовые отечественные технологии заморозки, гарантированную сервисную поддержку и независимость от импортных поставок.",parsed_official_pirexpo_api,,2026-10-05T08:23:57Z,pir-expo-2026-official-pirexpo-api-signo-v1.0.2-service-product-leakage-remediation,ok,kept: official PIR Russian-market row with HoReCa product/category evidence,product_evidence,new,no exact email or safe company-owned domain match in current Twenty repeat index,,,,secretariat@frostor.ru,frostor.ru,official_pirexpo_brand_list_api,,skipped_official_email_present,,,secretariat@frostor.ru,official API email
ПИР Экспо 2026,26–29 октября 2026,АБСОЛЮТ КОНТРАКТ,АБСОЛЮТ КОНТРАКТ,"Двери, входные группы",Россия / российский рынок,Москва,,"зал 15, стенд 4F72",15,"Двери, входные группы","Абсолют Контракт – это производственная компания с 20ти летним стажем, специализирующаяся на производстве деревянных противопожарных звукоизоляционных дверей для индустрии гостеприимства. Под проект также изготавливаем стеновые панели, корпусную мебель, системы хранения и прочие смежные интерьерные решения. Среди наших клиентов десятки международных и Российских отелей по всей России.",АБСОЛЮТ КОНТРАКТ,http://absolut-contract.ru,info@rucore-doors.ru,+7 (915) 236-88-86,https://pirexpo.com/exposition/all-exhibitors/2043,2043,include,"АБСОЛЮТ КОНТРАКТ | Двери, входные группы | Абсолют Контракт – это производственная компания с 20ти летним стажем, специализирующаяся на производстве деревянных противопожарных звукоизоляционных дверей для индустрии гостеприимства. Под проект также изготавливаем стеновые панели, корпусную мебель, системы хранения и прочие смежные интерьерные решения. Среди наших клиентов десятки международных и Российских отелей по всей России.",parsed_official_pirexpo_api,,2026-10-05T08:23:57Z,pir-expo-2026-official-pirexpo-api-signo-v1.0.2-service-product-leakage-remediation,ok,kept: official PIR Russian-market row with HoReCa product/category evidence,product_evidence,new,no exact email or safe company-owned domain match in current Twenty repeat index,,,,info@rucore-doors.ru,absolut-contract.ru; rucore-doors.ru,official_pirexpo_brand_list_api,,skipped_official_email_present,,,info@rucore-doors.ru,official API email
ПИР Экспо 2026,26–29 октября 2026,РБК ТЕХНОЛОГИЯ,РБК ТЕХНОЛОГИЯ,Оборудование для пищевых производств,Россия / российский рынок,Москва,,"зал 14, стенд 2E30",14,Оборудование для пищевых производств,"Крупнейший импортер холодильного, морозильного и теплового оборудования. Мы предоставляем полный цикл услуг для предприятий HoReCa - от разработки концепции и оборудования до запуска и послепродажного обслуживания, гарантируя надежную поддержку и сервис.",РБК ТЕХНОЛОГИЯ,https://rbk-tehnology.ru,info@rbk-tehnology.ru,+7 495 120 30 74,https://pirexpo.com/exposition/all-exhibitors/1936,1936,include,"РБК ТЕХНОЛОГИЯ | Оборудование для пищевых производств | Крупнейший импортер холодильного, морозильного и теплового оборудования. Мы предоставляем полный цикл услуг для предприятий HoReCa - от разработки концепции и оборудования до запуска и послепродажного обслуживания, гарантируя надежную поддержку и сервис.",parsed_official_pirexpo_api,,2026-10-05T08:23:57Z,pir-expo-2026-official-pirexpo-api-signo-v1.0.2-service-product-leakage-remediation,ok,kept: official PIR Russian-market row with HoReCa product/category evidence,product_evidence,new,no exact email or safe company-owned domain match in current Twenty repeat index,,,,info@rbk-tehnology.ru,rbk-tehnology.ru,official_pirexpo_brand_list_api,,skipped_official_email_present,,,info@rbk-tehnology.ru,official API email
ПИР Экспо 2026,26–29 октября 2026,CARGILL,CARGILL,масло растительное; ингридиенты для пищевой промышленности; крахмал,Россия / российский рынок,Москва,,"зал 15, стенд 3D50",15,масло растительное; масло растительное; ингридиенты для пищевой промышленности; крахмал,"Компания «Каргилл» является мировым производителем широкого ассортимента пищевых ингредиентов, таких как растительные масла и жиры, крахмалы, патоки и сиропы, какао-продукты, лецитины и пектины. Наш ассортимент профессиональных фритюрных масел и смесей под торговыми марками Sunny GoldⓇ, ВегафрайⓇ и ПрофилюксⓇ обеспечивает хрустящую корочку у продуктов по всему миру, а такие продукты как майонез и Баттеринг Sunny GoldⓇ станут незаменимыми помощниками на вашей кухне.",CARGILL,https://www.cargill.ru,reception_moscow@cargill.ru,8(495) 213-34-12,https://pirexpo.com/exposition/all-exhibitors/2326,2326,include,"CARGILL | масло растительное; ингридиенты для пищевой промышленности; крахмал | Компания «Каргилл» является мировым производителем широкого ассортимента пищевых ингредиентов, таких как растительные масла и жиры, крахмалы, патоки и сиропы, какао-продукты, лецитины и пектины. Наш ассортимент профессиональных фритюрных масел и смесей под торговыми марками Sunny GoldⓇ, ВегафрайⓇ и ПрофилюксⓇ обеспечивает хрустящую корочку у продуктов по всему миру, а такие продукты как майонез и Баттеринг Sunny GoldⓇ станут незаменимыми помощниками на вашей кухне.",parsed_official_pirexpo_api,,2026-10-05T08:23:57Z,pir-expo-2026-official-pirexpo-api-signo-v1.0.2-service-product-leakage-remediation,ok,kept: official PIR Russian-market row with HoReCa product/category evidence,product_evidence,repeat,exact email matched current Twenty repeat index,reception_moscow@cargill.ru,,Каргилл,reception_moscow@cargill.ru,cargill.ru,official_pirexpo_brand_list_api,,skipped_official_email_present,,,reception_moscow@cargill.ru,official API email
ПИР Экспо 2026,26–29 октября 2026,SKYFOODS,SKYFOODS,Топпинги; плоды и ягоды; овощи; экзотические фрукты; Пюре; Сиропы; Сливки,Россия / российский рынок,Москва,,"зал 15, стенд 3D72",15,Топпинги; плоды и ягоды; овощи; экзотические фрукты; Пюре; Сиропы; Сливки,"ООО «Скайфудс» — компания-импортер экзотических фруктов, ягод, овощей шоковой заморозки и ингредиентов для бабл ти для HoReCa, пищевых производств и розничных сетей. Мы осуществляем прямые поставки из Вьетнама, Китая, Узбекистана, Перу и Египта, объединяя производителей из стран происхождения продукции с профессиональными покупателями в России и странах СНГ. Ключевые направления — собственный бренд FRUITEX с ассортиментом фруктов и пюре шоковой заморозки из Вьетнама и официальное представительство BODUO в России по ингредиентам для бабл ти и напитков (джус боллы, тапиока, кокосовое желе, сухие смеси таро, матча, шоколад, сливки, сиропы-концентраты).","SKYFOODS, FRUITEX",https://skyfoods.ru,sale@skyfoods.ru,+7(915) 898 -17-98,https://pirexpo.com/exposition/all-exhibitors/2294,2294,include,"SKYFOODS | Топпинги; плоды и ягоды; овощи; экзотические фрукты; Пюре; Сиропы; Сливки | ООО «Скайфудс» — компания-импортер экзотических фруктов, ягод, овощей шоковой заморозки и ингредиентов для бабл ти для HoReCa, пищевых производств и розничных сетей. Мы осуществляем прямые поставки из Вьетнама, Китая, Узбекистана, Перу и Египта, объединяя производителей из стран происхождения продукции с профессиональными покупателями в России и странах СНГ. Ключевые направления — собственный бренд FRUITEX с ассортиментом фруктов и пюре шоковой заморозки из Вьетнама и официальное представительство BODUO в России по ингредиентам для бабл ти и напитков (джус боллы, тапиока, кокосовое желе, сухие смеси таро, матча, шоколад, сливки, сиропы-концентраты).",parsed_official_pirexpo_api,,2026-10-05T08:23:57Z,pir-expo-2026-official-pirexpo-api-signo-v1.0.2-service-product-leakage-remediation,ok,kept: official PIR Russian-market row with HoReCa product/category evidence,product_evidence,new,no exact email or safe company-owned domain match in current Twenty repeat index,,,,sale@skyfoods.ru,skyfoods.ru,official_pirexpo_brand_list_api,,skipped_official_email_present,,,sale@skyfoods.ru,official API email
ПИР Экспо 2026,26–29 октября 2026,FRUITEX,FRUITEX,овощи; экзотические фрукты; фрукты; плоды и ягоды,Россия / российский рынок,Москва,,"зал 15, стенд 3D72",15,овощи; экзотические фрукты; фрукты; плоды и ягоды,"FRUITEX — абсолютно новый бренд компании ООО «Скайфудс», производителя и прямого импортера натуральных замороженных фруктов и фруктового пюре из Вьетнама. Мы работаем напрямую с производителями в странах происхождения продукции, самостоятельно выбираем сырьё, контролируем его качество и выстраиваем долгосрочные партнёрские отношения с заводами. Такой подход позволяет обеспечивать стабильные поставки и сохранять природный вкус, аромат, цвет и текстуру фруктов благодаря быстрой шоковой заморозке сразу после сбора. В ассортименте FRUITEX — популярные экзотические фрукты, включая манго, маракуйю, ананас, личи, джекфрут, каламанси, лайм, авокадо, а также фруктовые пюре, замороженные ягоды и овощи. Продукция представлена в различных форматах — от промышленной фасовки до удобной упаковки для розничной продажи. Мы поставляем продукцию для HoReCa, пищевых производств и торговых сетей, помогая партнёрам расширять ассортимент и предлагать покупателям качественные продукты из натурального сырья.","SKYFOODS, FRUITEX",https://skyfoods.ru,sale@skyfoods.ru,+79158981798,https://pirexpo.com/exposition/all-exhibitors/2486,2486,include,"FRUITEX | овощи; экзотические фрукты; фрукты; плоды и ягоды | FRUITEX — абсолютно новый бренд компании ООО «Скайфудс», производителя и прямого импортера натуральных замороженных фруктов и фруктового пюре из Вьетнама. Мы работаем напрямую с производителями в странах происхождения продукции, самостоятельно выбираем сырьё, контролируем его качество и выстраиваем долгосрочные партнёрские отношения с заводами. Такой подход позволяет обеспечивать стабильные поставки и сохранять природный вкус, аромат, цвет и текстуру фруктов благодаря быстрой шоковой заморозке сразу после сбора. В ассортименте FRUITEX — популярные экзотические фрукты, включая манго, маракуйю, ананас, личи, джекфрут, каламанси, лайм, авокадо, а также фруктовые пюре, замороженные ягоды и овощи",parsed_official_pirexpo_api,,2026-10-05T08:23:57Z,pir-expo-2026-official-pirexpo-api-signo-v1.0.2-service-product-leakage-remediation,ok,kept: official PIR Russian-market row with HoReCa product/category evidence,product_evidence,new,no exact email or safe company-owned domain match in current Twenty repeat index,,,,sale@skyfoods.ru,skyfoods.ru,official_pirexpo_brand_list_api,,skipped_official_email_present,,,sale@skyfoods.ru,official API email
ПИР Экспо 2026,26–29 октября 2026,KUKMARA,KUKMARA,Посуда для приготовления пищи,Россия / российский рынок,Москва,,"зал 14, стенд 2C32",14,Посуда для приготовления пищи,KUKMARA - ВЕДУЩЕЕ РОССИЙСКОЕ ПРЕДПРИЯТИЕ ПО ПРОИЗВОДСТВУ ЛИТОЙ АЛЮМИНИЕВОЙ ПОСУДЫ И ПОСУДЫ ИЗ НЕРЖАВЕЮЩЕЙ СТАЛИ. ПРЕДПРИЯТИЕ УСПЕШНО НАЛАДИЛО ПРОИЗВОДСТВО ПОСУДЫ В СЕГМЕНТЕ HoReCa. КОМПАНИЯ УЖЕ БОЛЕЕ 75 ЛЕТ НА РЫНКЕ. ДОЛЯ ПРОИЗВОДСТВА ПРОДУКЦИИ KUKMARA НА РЫНКЕ БОЛЕЕ 25 %. В УСЛОВИЯХ ЖЁСТКОЙ КОНКУРЕНЦИИ ПРОДАЖИ КОМПАНИИ ЕЖЕГОДНО РАСТУТ. СЕТЬ ДИСТРИБЬЮЦИИ КОМПАНИИ: 400 ПАРТНЁРОВ В 89 РЕГИОНАХ РОССИИ И В 11 СТРАНАХ ЗАРУБЕЖЬЯ.,KUKMARA,https://kukmara.com,kzmp@kukmara.com,8(84364)26242,https://pirexpo.com/exposition/all-exhibitors/2322,2322,include,KUKMARA | Посуда для приготовления пищи | KUKMARA - ВЕДУЩЕЕ РОССИЙСКОЕ ПРЕДПРИЯТИЕ ПО ПРОИЗВОДСТВУ ЛИТОЙ АЛЮМИНИЕВОЙ ПОСУДЫ И ПОСУДЫ ИЗ НЕРЖАВЕЮЩЕЙ СТАЛИ. ПРЕДПРИЯТИЕ УСПЕШНО НАЛАДИЛО ПРОИЗВОДСТВО ПОСУДЫ В СЕГМЕНТЕ HoReCa. КОМПАНИЯ УЖЕ БОЛЕЕ 75 ЛЕТ НА РЫНКЕ. ДОЛЯ ПРОИЗВОДСТВА ПРОДУКЦИИ KUKMARA НА РЫНКЕ БОЛЕЕ 25 %. В УСЛОВИЯХ ЖЁСТКОЙ КОНКУРЕНЦИИ ПРОДАЖИ КОМПАНИИ ЕЖЕГОДНО РАСТУТ. СЕТЬ ДИСТРИБЬЮЦИИ КОМПАНИИ: 400 ПАРТНЁРОВ В 89 РЕГИОНАХ РОССИИ И В 11 СТРАНАХ ЗАРУБЕЖЬЯ.,parsed_official_pirexpo_api,,2026-10-05T08:23:57Z,pir-expo-2026-official-pirexpo-api-signo-v1.0.2-service-product-leakage-remediation,ok,kept: official PIR Russian-market row with HoReCa product/category evidence,product_evidence,repeat,safe non-generic company-owned domain matched current Twenty repeat index,,kukmara.com,Кукморский Завод Металлопосуды,kzmp@kukmara.com,kukmara.com,official_pirexpo_brand_list_api,,skipped_official_email_present,,,kzmp@kukmara.com,official API email
ПИР Экспо 2026,26–29 октября 2026,ПЕТРОВСКИЙ И К МЯСОКОМБИНАТ,ПЕТРОВСКИЙ И К МЯСОКОМБИНАТ,колбасы и колбасные изделия,Россия / российский рынок,Москва,,"зал 15, стенд 3C110",15,колбасы и колбасные изделия,"Мясокомбинат «Петровский и К» основан в 2006 году. Сегодня — это градообразующее предприятие Ленинского района Московской области, оснащенное современным европейским оборудованием, сертифицированное в соответствии с требованиями ISO 22 000 и аккредитованное по международной системе безопасности пищевой продукции ХАССП Мясо. На производстве предприятия используется современное оборудование, произведенное в Германии. Предприятие успешно прошло сертификацию по III компартменту, что гарантирует безопасность и изолированность от инфекций. Продукция ООО «Петровский и К» — это всегда гарантия вкуса и качества.",ПЕТРОВСКИЙ И К,https://petrovskyik.ru,utkin@petrovskyik.ru,89037132862,https://pirexpo.com/exposition/all-exhibitors/2378,2378,include,"ПЕТРОВСКИЙ И К МЯСОКОМБИНАТ | колбасы и колбасные изделия | Мясокомбинат «Петровский и К» основан в 2006 году. Сегодня — это градообразующее предприятие Ленинского района Московской области, оснащенное современным европейским оборудованием, сертифицированное в соответствии с требованиями ISO 22 000 и аккредитованное по международной системе безопасности пищевой продукции ХАССП Мясо. На производстве предприятия используется современное оборудование, произведенное в Германии. Предприятие успешно прошло сертификацию по III компартменту, что гарантирует безопасность и изолированность от инфекций. Продукция ООО «Петровский и К» — это всегда гарантия вкуса и качества.",parsed_official_pirexpo_api,,2026-10-05T08:23:57Z,pir-expo-2026-official-pirexpo-api-signo-v1.0.2-service-product-leakage-remediation,ok,kept: official PIR Russian-market row with HoReCa product/category evidence,product_evidence,repeat,safe non-generic company-owned domain matched current Twenty repeat index,,petrovskyik.ru,Петровский и К,utkin@petrovskyik.ru,petrovskyik.ru,official_pirexpo_brand_list_api,,skipped_official_email_present,,,utkin@petrovskyik.ru,official API email
ПИР Экспо 2026,26–29 октября 2026,REDGASTRO,REDGASTRO,"Грили; Тостеры; Фритюрницы; Печи для пиццы; Тепловые витрины; Расстоечные шкафы; Хлебопекарные печи; Тестомесы; Планетарные миксеры; Тестораскаточные/тестозакаточные машины; Оборудование для шаурмы, шашлычницы; Аппараты для хот-догов; Блинницы, Вафельницы; Бойлеры; Кофемашины; Автоматические; Полуавтоматические; Суперавтомат; Гастроемкости, противни; Посуда для приготовления пищи",Россия / российский рынок,Москва,,"зал 15, стенд 4F10",15,"Грили; Тостеры; Фритюрницы; Печи для пиццы; Тепловые витрины; Расстоечные шкафы; Хлебопекарные печи; Тестомесы; Планетарные миксеры; Тестораскаточные/тестозакаточные машины; Оборудование для шаурмы, шашлычницы; Аппараты для хот-догов; Блинницы, Вафельницы; Бойлеры; Кофемашины; Автоматические; Полуавтоматические; Суперавтомат; Гастроемкости, противни; Посуда для приготовления пищи; Контейнеры, миски, емкости; Эспрессо кофемолки; Нок-боксы; Питчеры; Термосы; Фильтры; Фильтры; Термосы; Мармиты, чафиндиши; Нейтральное и вспомогательное оборудование; Оборудование для производства мороженого; Транспортировочные и банкетные тележки; Термобоксы, термоконтейнеры; Посудомоечное оборудование; Пароконвектоматы; Конвекционные печи","Компания REDGASTRO является дистрибьютором профессионального оборудования для предприятий общественного питания и сферы гостеприимства. REDGASTRO входит в группу компаний ВИСТЕКС, которая ведет свою деятельность на рынке оборудования для HoReCa с 1999 года. REDGASTRO – это официальный дистрибьютор ведущих брендов Европы и Азии. Ассортимент компании позволяет оснастить любое предприятие сферы HoReCa: от кофейни, точки фаст-фуд, кафе и ресторана до прачечной и отеля. ПРЕИМУЩЕСТВА работы с REDGASTRO: - Команда профессионалов с многолетним опытом, - Прямые поставки оборудования ведущих мировых брендов, - Услуги сервиса и технического облуживания по всей России, - Наличие на складе запасных частей и расходных материалов, - Шоурум и зона для проведения мастер-классов в Москве, - Три склада в Москве и оперативная доставка.",REDGASTRO,https://redgastro.ru,info@redgastro.ru,+7 (495) 664-40-41,https://pirexpo.com/exposition/all-exhibitors/2590,2590,include,"REDGASTRO | Грили; Тостеры; Фритюрницы; Печи для пиццы; Тепловые витрины; Расстоечные шкафы; Хлебопекарные печи; Тестомесы; Планетарные миксеры; Тестораскаточные/тестозакаточные машины; Оборудование для шаурмы, шашлычницы; Аппараты для хот-догов; Блинницы, Вафельницы; Бойлеры; Кофемашины; Автоматические; Полуавтоматические; Суперавтомат; Гастроемкости, противни; Посуда для приготовления пищи | Компания REDGASTRO является дистрибьютором профессионального оборудования для предприятий общественного питания и сферы гостеприимства. REDGASTRO входит в группу компаний ВИСТЕКС, которая ведет свою деятельность на рынке оборудования для HoReCa с 1999 года. REDGASTRO – это официальный дистрибьютор ведущих брендов Европы и Азии. Ассортимент компании позволяет оснастить любое предприятие сферы HoReCa: от кофейни, точки фаст-фуд, кафе и ресторана до прачечной и отеля. ПРЕИМУЩЕСТВА работы с REDGASTRO: - Команда профессионалов с многолетним опытом, - Прямые поставки оборудования ведущих мировых брендов, - Услуги сервиса и технического облуживания по всей России, - Наличие на складе запасных часте",parsed_official_pirexpo_api,,2026-10-05T08:23:57Z,pir-expo-2026-official-pirexpo-api-signo-v1.0.2-service-product-leakage-remediation,ok,kept: official PIR Russian-market row with HoReCa product/category evidence,product_evidence,new,no exact email or safe company-owned domain match in current Twenty repeat index,,,,info@redgastro.ru,redgastro.ru,official_pirexpo_brand_list_api,,skipped_official_email_present,,,info@redgastro.ru,official API email
ПИР Экспо 2026,26–29 октября 2026,ГК ПИТЕРПРОМ,ПИТЕРПРОМ,Продукты для здорового питания; мороженое; сливки; рассольные сыры; десерты молочные; кисломолочные продукты,Россия / российский рынок,Москва,,"зал 15, стенд 3B56",15,Продукты для здорового питания; мороженое; сливки; рассольные сыры; десерты молочные; кисломолочные продукты,"Группа компаний «Питерпром» на протяжении 20 лет представляет на российском и международном рынках высококачественные ингредиенты для пищевой промышленности. Активно работает в направлении обеспечения технологического и сырьевого суверенитета. Развивается в сфере разработок и производства комплексных вспомогательных ингредиентов под торговыми марками «МИЛКМИКС», «МИЛКСТАБ», «ConPound MIX PK» для пищевой промышленности. Также занимается производством продуктов функциональной направленности («правильное питание», ЗОЖ) под собственной торговой маркой UMight («Юмайт»). В 2025 г.была запущен ассортимент ингредиентов для HoReCa и сегмента «Готовая еда» под названием «Юмайт.Шеф». В кейсах ГК «Питерпром» находится ассортимент решений для HoReCa и «Готовая еда». Мы предлагаем решения для производства творожного сыра, творожного крема и соусов на его основе, слайсового творожного сыров, сухих смесей для мороженого и коктейлей, коктейлей для стритфуда и многого другого. За весь период работы компания зарекомендовала себя как надёжный и ответственный партнёр и поставщик качественного сырья и ингредиентов.",ГК ПИТЕРПРОМ,https://piterprom.com,info@piterprom.com,+7 812 565-01-01,https://pirexpo.com/exposition/all-exhibitors/2515,2515,include,"ГК ПИТЕРПРОМ | Продукты для здорового питания; мороженое; сливки; рассольные сыры; десерты молочные; кисломолочные продукты | Группа компаний «Питерпром» на протяжении 20 лет представляет на российском и международном рынках высококачественные ингредиенты для пищевой промышленности. Активно работает в направлении обеспечения технологического и сырьевого суверенитета. Развивается в сфере разработок и производства комплексных вспомогательных ингредиентов под торговыми марками «МИЛКМИКС», «МИЛКСТАБ», «ConPound MIX PK» для пищевой промышленности. Также занимается производством продуктов функциональной направленности («правильное питание», ЗОЖ) под собственной торговой маркой UMight («Юмайт»). В 2025 г.была запущен ассортимент ингредиентов для HoReCa и сегмента «Готовая еда» под названием «Юмайт.Шеф». В кейсах ГК «Питер",parsed_official_pirexpo_api,,2026-10-05T08:23:57Z,pir-expo-2026-official-pirexpo-api-signo-v1.0.2-service-product-leakage-remediation,normalized from legal/brand prefix,kept: official PIR Russian-market row with HoReCa product/category evidence,product_evidence,new,no exact email or safe company-owned domain match in current Twenty repeat index,,,,info@piterprom.com,piterprom.com,official_pirexpo_brand_list_api,,skipped_official_email_present,,,info@piterprom.com,official API email
ПИР Экспо 2026,26–29 октября 2026,THUN 1794,THUN 1794,Чашки для каппинга; Профессиональная посуда; Барный инвентарь; Предметы сервировки,Россия / российский рынок,Москва,,"зал 14, стенд 2G70",14,Чашки для каппинга; Профессиональная посуда; Барный инвентарь; Предметы сервировки,"Thun 1794 a.s. — крупнейший чешский производитель фарфора. В ассортименте компании — бытовой фарфор, гостиничный фарфор, специальная посуда для приготовления пищи, фарфор для детей и изделия на заказ для крупных международных сетей. Компания производит особый вид так называемого твердого фарфора с температурой обжига 1405 °C. Высокое качество и уникальный дизайн, основанные на 230-летней традиции производства фарфора в Чешской Республике, гарантируют нашим клиентам высокие стандарты. Штаб-квартира компании находится в городе Нова-Роле недалеко от Карловых Вар, который называют городом фарфора.",CRYSTAL BOHEMIA / THUN 1794,https://crystal-bohemia.ru,info@crystal-bohemia.ru,+7(495) 380-30-85,https://pirexpo.com/exposition/all-exhibitors/2182,2182,include,"THUN 1794 | Чашки для каппинга; Профессиональная посуда; Барный инвентарь; Предметы сервировки | Thun 1794 a.s. — крупнейший чешский производитель фарфора. В ассортименте компании — бытовой фарфор, гостиничный фарфор, специальная посуда для приготовления пищи, фарфор для детей и изделия на заказ для крупных международных сетей. Компания производит особый вид так называемого твердого фарфора с температурой обжига 1405 °C. Высокое качество и уникальный дизайн, основанные на 230-летней традиции производства фарфора в Чешской Республике, гарантируют нашим клиентам высокие стандарты. Штаб-квартира компании находится в городе Нова-Роле недалеко от Карловых Вар, который называют городом фарфора.",parsed_official_pirexpo_api,,2026-10-05T08:23:57Z,pir-expo-2026-official-pirexpo-api-signo-v1.0.2-service-product-leakage-remediation,ok,kept: official PIR Russian-market row with HoReCa product/category evidence,product_evidence,new,no exact email or safe company-owned domain match in current Twenty repeat index,,,,info@crystal-bohemia.ru,crystal-bohemia.ru,official_pirexpo_brand_list_api,,skipped_official_email_present,,,info@crystal-bohemia.ru,official API email
ПИР Экспо 2026,26–29 октября 2026,КРИСТАЛ БОГЕМИЯ РУС,КРИСТАЛ БОГЕМИЯ РУС,Профессиональная посуда; Барное стекло; Барный инвентарь; Предметы сервировки,Россия / российский рынок,Москва,,"зал 14, стенд 2G70",14,Профессиональная посуда; Барное стекло; Барный инвентарь; Предметы сервировки,,CRYSTAL BOHEMIA / THUN 1794,,makarovama@crystal-bohemia.ru,,https://pirexpo.com/exposition/all-exhibitors/2181,2181,include,КРИСТАЛ БОГЕМИЯ РУС | Профессиональная посуда; Барное стекло; Барный инвентарь; Предметы сервировки,parsed_official_pirexpo_api,website,2026-10-05T08:23:57Z,pir-expo-2026-official-pirexpo-api-signo-v1.0.2-service-product-leakage-remediation,ok,kept: official PIR Russian-market row with HoReCa product/category evidence,product_evidence,new,no exact email or safe company-owned domain match in current Twenty repeat index,,,,makarovama@crystal-bohemia.ru,crystal-bohemia.ru,official_pirexpo_brand_list_api,,skipped_official_email_present,,,makarovama@crystal-bohemia.ru,official API email
ПИР Экспо 2026,26–29 октября 2026,ТРЕЙД КОМФОРТ,ТРЕЙД КОМФОРТ,Гостиничная косметика и парфюмерия,Россия / российский рынок,Москва,,"зал 15, стенд 4K40",15,Гостиничная косметика и парфюмерия,"Группа Компаний Трейд Комфорт — ведущий лидер на Российском рынке с 1998 года. Обеспечиваем широким спектром продукции, необходимых для создания высокого уровня сервиса в сфере обслуживания и создание чистоты на предприятиях. Наша цель — помочь клиентам заботиться о своих потребителях и сотрудниках, предлагая качественные и комплексные решения.",ТРЕЙД КОМФОРТ,https://www.trade-comfort.ru,mos@trade-comfort.ru,+7 (495) 532 86 03,https://pirexpo.com/exposition/all-exhibitors/1932,1932,include,"ТРЕЙД КОМФОРТ | Гостиничная косметика и парфюмерия | Группа Компаний Трейд Комфорт — ведущий лидер на Российском рынке с 1998 года. Обеспечиваем широким спектром продукции, необходимых для создания высокого уровня сервиса в сфере обслуживания и создание чистоты на предприятиях. Наша цель — помочь клиентам заботиться о своих потребителях и сотрудниках, предлагая качественные и комплексные решения.",parsed_official_pirexpo_api,,2026-10-05T08:23:57Z,pir-expo-2026-official-pirexpo-api-signo-v1.0.2-service-product-leakage-remediation,ok,kept: official PIR Russian-market row with HoReCa product/category evidence,product_evidence,repeat,exact email matched current Twenty repeat index,mos@trade-comfort.ru,,Трейд Комфорт,mos@trade-comfort.ru,trade-comfort.ru,official_pirexpo_brand_list_api,,skipped_official_email_present,,,mos@trade-comfort.ru,official API email
ПИР Экспо 2026,26–29 октября 2026,OSQ GROUP,OSQ GROUP,Профессиональная посуда; Предметы сервировки; Одноразовая посуда; Упаковка для доставки (to-go); Расходные материалы и хозяйственные товары,Россия / российский рынок,Москва,,"зал 15, стенд 3C26",15,Профессиональная посуда; Предметы сервировки; Одноразовая посуда; Упаковка для доставки (to-go); Расходные материалы и хозяйственные товары,"Компания OSQ Group, крупнейший российский производитель крафтовой упаковки, предлагает комплексные решения, которые помогают рестораторам, отельерам и кейтеринговым службам выводить свой бизнес на новый уровень. За 17-летний опыт работы наша компания произвела более 16 миллиардов единиц продукции, заслужив доверие 10 000 партнеров в 65 странах мира. Два высокотехнологичных завода полного цикла в Московской области и Калининграде оснащены оборудованием, позволяющим выпускать более 900 миллионов единиц упаковки в год. OSQ Group — не просто производитель, а разработчик инновационных решений. Конструкции OSQ OCTOBOX, OSQ ROUND BOWL, OSQ CASE BOWL запатентованные универсальные упаковочные решения идеально подходят для любых блюд — от супов до сэндвичей. Сильные конструкторские разработки OSQ для каждого продукта меню полностью решают проблему сохранности блюд в доставке и на витрине. Многие универсальные контейнеры идеально подходят под системы запайки, что делает их экономически выгодными и технологичными для производств и доставки. Безопасность, экологичность и полное соответствие международным стандартам FSSC 22000-это то, что выгодно отличает наши решения на рынке. Упаковка OSQ влаго- и жироустойчива, выдерживает нагрев в СВЧ-печах и может быть адаптирована под фирменный стиль вашего бренда с помощью нанесения печати. Выбирая OSQ Group, вы получаете стратегического партнера, который обеспечивает совершенство упаковки на каждом этапе — от производства до подачи блюда гостю.",OSQ GROUP,https://osqgroup.ru,achuprova@osqgroup.ru,+79857291531,https://pirexpo.com/exposition/all-exhibitors/2146,2146,include,"OSQ GROUP | Профессиональная посуда; Предметы сервировки; Одноразовая посуда; Упаковка для доставки (to-go); Расходные материалы и хозяйственные товары | Компания OSQ Group, крупнейший российский производитель крафтовой упаковки, предлагает комплексные решения, которые помогают рестораторам, отельерам и кейтеринговым службам выводить свой бизнес на новый уровень. За 17-летний опыт работы наша компания произвела более 16 миллиардов единиц продукции, заслужив доверие 10 000 партнеров в 65 странах мира. Два высокотехнологичных завода полного цикла в Московской области и Калининграде оснащены оборудованием, позволяющим выпускать более 900 миллионов единиц упаковки в год. OSQ Group — не просто производитель, а разработчик инновационных решений. Конструкции OSQ OCTOBOX, OSQ ROUND BOWL, OSQ CASE BOWL запатентованные универсальные упаковочные решения",parsed_official_pirexpo_api,,2026-10-05T08:23:57Z,pir-expo-2026-official-pirexpo-api-signo-v1.0.2-service-product-leakage-remediation,ok,kept: official PIR Russian-market row with HoReCa product/category evidence,product_evidence,repeat,safe non-generic company-owned domain matched current Twenty repeat index,,osqgroup.ru,OSQ Group,achuprova@osqgroup.ru,osqgroup.ru,official_pirexpo_brand_list_api,,skipped_official_email_present,,,achuprova@osqgroup.ru,official API email
ПИР Экспо 2026,26–29 октября 2026,ПРОСТИЛЬ,ПРОСТИЛЬ,"Мягкая мебель; Матрасы; Текстиль для гостиниц; Текстиль для ресторанов; Аксессуары; Гостиничный текстиль, махровые изделия; Декоративный текстиль; Подушки, одеяла; Специализированный текстиль (ткани)",российский рынок (официальный каталог ПИР Экспо; страна не указана),Москва,,"зал 15, стенд 4G105",15,"Мягкая мебель; Матрасы; Текстиль для гостиниц; Текстиль для ресторанов; Аксессуары; Гостиничный текстиль, махровые изделия; Декоративный текстиль; Подушки, одеяла; Специализированный текстиль (ткани)",,ПРОСТИЛЬ,,,,https://pirexpo.com/exposition/all-exhibitors/2395,2395,include,"ПРОСТИЛЬ | Мягкая мебель; Матрасы; Текстиль для гостиниц; Текстиль для ресторанов; Аксессуары; Гостиничный текстиль, махровые изделия; Декоративный текстиль; Подушки, одеяла; Специализированный текстиль (ткани)",parsed_official_pirexpo_api,website; public_email,2026-10-05T08:23:57Z,pir-expo-2026-official-pirexpo-api-signo-v1.0.2-service-product-leakage-remediation,ok,kept: official PIR Russian-market row with HoReCa product/category evidence,product_evidence,new,no exact email or safe company-owned domain match in current Twenty repeat index,,,,,,official_pirexpo_brand_list_api,,skipped_no_website,,,,
ПИР Экспо 2026,26–29 октября 2026,MECON,MECON,Оборудование для пищевых производств; Нейтральное и вспомогательное оборудование,Россия / российский рынок,Москва,,,,Оборудование для пищевых производств; Нейтральное и вспомогательное оборудование,"MECON — 20 лет мы строим опору для кухонь и бизнеса. Мы проектируем и производим нейтральное оборудование для профессиональных кухонь по всей стране. Семь складов в ключевых регионах и федеральный масштаб — это наша гарантия того, что ваши клиенты получат заказы быстро, а вы — репутацию надёжного поставщика.",,https://www.mecon.ru,ekb@mecon.ru,+7(343) 270-22-55 (многоканальный),https://pirexpo.com/exposition/all-exhibitors/2073,2073,include,"MECON | Оборудование для пищевых производств; Нейтральное и вспомогательное оборудование | MECON — 20 лет мы строим опору для кухонь и бизнеса. Мы проектируем и производим нейтральное оборудование для профессиональных кухонь по всей стране. Семь складов в ключевых регионах и федеральный масштаб — это наша гарантия того, что ваши клиенты получат заказы быстро, а вы — репутацию надёжного поставщика.",parsed_official_pirexpo_api,,2026-10-05T08:23:57Z,pir-expo-2026-official-pirexpo-api-signo-v1.0.2-service-product-leakage-remediation,ok,kept: official PIR Russian-market row with HoReCa product/category evidence,product_evidence,new,no exact email or safe company-owned domain match in current Twenty repeat index,,,,ekb@mecon.ru,mecon.ru,official_pirexpo_brand_list_api,,skipped_official_email_present,,,ekb@mecon.ru,official API email
ПИР Экспо 2026,26–29 октября 2026,РОДОС,РОДОС,рыба живая; рыба охлажденная; рыба мороженая; рыбные консервы и пресервы; икра рыб; полуфабрикаты из рыбы; рыбная кулинария; рыбные деликатесы; морепродукты; Фермерские продукты,Россия / российский рынок,Москва,,"зал 15, стенд 3B120",15,рыба живая; рыба охлажденная; рыба мороженая; рыбные консервы и пресервы; икра рыб; полуфабрикаты из рыбы; рыбная кулинария; рыбные деликатесы; морепродукты; Фермерские продукты,"Предприятие аквакультуры ""РОДОС"" специализируется на производстве высококачественной рыбной продукции. Форелевое хозяйство расположено в экологически чистом районе Республики Северная Осетия-Алании и использует родникову воду для проточной системы водоснабжения рыбных участков. На предприятии реализуется полный производственный цикл по разведению ""Радужной форели"", от закладки икры, до выращивания товарной рыбы. При организации технологического процесса используется икра от лучших мировых селекционных центров, а также при выборе кормов предпочтение отдается проверенным отечественным производителям.",РОДОС,,rodosfish@mail.ru,+7 (909)472-16-55,https://pirexpo.com/exposition/all-exhibitors/2602,2602,include,"РОДОС | рыба живая; рыба охлажденная; рыба мороженая; рыбные консервы и пресервы; икра рыб; полуфабрикаты из рыбы; рыбная кулинария; рыбные деликатесы; морепродукты; Фермерские продукты | Предприятие аквакультуры ""РОДОС"" специализируется на производстве высококачественной рыбной продукции. Форелевое хозяйство расположено в экологически чистом районе Республики Северная Осетия-Алании и использует родникову воду для проточной системы водоснабжения рыбных участков. На предприятии реализуется полный производственный цикл по разведению ""Радужной форели"", от закладки икры, до выращивания товарной рыбы. При организации технологического процесса используется икра от лучших мировых селекционных центров, а также при выборе кормов предпочтение отдается проверенным отечественным производителям.",parsed_official_pirexpo_api,website,2026-10-05T08:23:57Z,pir-expo-2026-official-pirexpo-api-signo-v1.0.2-service-product-leakage-remediation,ok,kept: official PIR Russian-market row with HoReCa product/category evidence,product_evidence,new,no exact email or safe company-owned domain match in current Twenty repeat index,,,,rodosfish@mail.ru,mail.ru,official_pirexpo_brand_list_api,,skipped_official_email_present,,,rodosfish@mail.ru,official API email
ПИР Экспо 2026,26–29 октября 2026,НПФ ЛПК,ЛПК,Сопутствующие услуги,Россия / российский рынок,Москва,,"зал 15, стенд 3D112",15,Сопутствующие услуги,"Один из ведущих производителей бумажной и картонной упаковки и одноразовой посуды. Полное обеспечение пекарен, кофеен, фастфуда, ресторанов, служб доставки. Лучшие цены и доставка по всей стране.",НПФ ЛПК,https://lpk.su,zakaz@lpk.su,+7 (981) 717-80-76,https://pirexpo.com/exposition/all-exhibitors/2402,2402,include,"НПФ ЛПК | Сопутствующие услуги | Один из ведущих производителей бумажной и картонной упаковки и одноразовой посуды. Полное обеспечение пекарен, кофеен, фастфуда, ресторанов, служб доставки. Лучшие цены и доставка по всей стране.",parsed_official_pirexpo_api,,2026-10-05T08:23:57Z,pir-expo-2026-official-pirexpo-api-signo-v1.0.2-service-product-leakage-remediation,normalized from legal/brand prefix,kept: official PIR Russian-market row with HoReCa product/category evidence,product_evidence,repeat,safe non-generic company-owned domain matched current Twenty repeat index,,lpk.su,Нпф Лпк,zakaz@lpk.su,lpk.su,official_pirexpo_brand_list_api,,skipped_official_email_present,,,zakaz@lpk.su,official API email
ПИР Экспо 2026,26–29 октября 2026,ТАЙ ШЕФ,ТАЙ ШЕФ,макаронные изделия; масло растительное; специи и пряности; готовые приправы и соусы; ингридиенты для пищевой промышленности; готовые блюда,российский рынок (официальный каталог ПИР Экспо; страна не указана),Москва,,"зал 15, стенд 3B66",15,макаронные изделия; масло растительное; специи и пряности; готовые приправы и соусы; ингридиенты для пищевой промышленности; готовые блюда,,ТАЙ ШЕФ,,,,https://pirexpo.com/exposition/all-exhibitors/2406,2406,include,ТАЙ ШЕФ | макаронные изделия; масло растительное; специи и пряности; готовые приправы и соусы; ингридиенты для пищевой промышленности; готовые блюда,parsed_official_pirexpo_api,website; public_email,2026-10-05T08:23:57Z,pir-expo-2026-official-pirexpo-api-signo-v1.0.2-service-product-leakage-remediation,ok,kept: official PIR Russian-market row with HoReCa product/category evidence,product_evidence,new,no exact email or safe company-owned domain match in current Twenty repeat index,,,,,,official_pirexpo_brand_list_api,,skipped_no_website,,,,
ПИР Экспо 2026,26–29 октября 2026,ПОЖТЕХНИКА,ПОЖТЕХНИКА,Инженерное кухонное оборудование,Россия / российский рынок,Москва,,"зал 14, стенд 2A10",14,Инженерное кухонное оборудование,"ООО «Пожтехника» - лидер в области противопожарной защиты кухонного оборудования. Компания специализируется на полном комплексе работ: от оценки состояния и проектирования систем до монтажа, пусконаладки и технического обслуживания. Решения для кухонного пожаротушения востребованы на объектах гостиничного и ресторанного назначения, где необходимо защищать зоны приготовления пищи, вытяжные зонты и воздуховоды. Автономная установка кухонного пожаротушения (АУКПТ) «Кухмистер-2М» - это современное российское решение для защиты профессиональных кухонь. Установка разработана для тушения возгораний жиров и масел на кухонном оборудовании, в вытяжных колпаках и воздуховодах; решение ориентировано на применение в кафе, ресторанах, отелях, больницах, школах и других объектах с профессиональной кухней. АУКПТ «Кухмистер-2М» является полноценной заменой ANSUL R-102 и полностью российским продуктом — от огнетушащего вещества до самой установки, что упрощает поставку компонентов, сервис и эксплуатацию в текущих условиях.",ПОЖТЕХНИКА,https://firepro.ru,sale@firepro.ru,+7 495 540-41-04,https://pirexpo.com/exposition/all-exhibitors/2448,2448,include,"ПОЖТЕХНИКА | Инженерное кухонное оборудование | ООО «Пожтехника» - лидер в области противопожарной защиты кухонного оборудования. Компания специализируется на полном комплексе работ: от оценки состояния и проектирования систем до монтажа, пусконаладки и технического обслуживания. Решения для кухонного пожаротушения востребованы на объектах гостиничного и ресторанного назначения, где необходимо защищать зоны приготовления пищи, вытяжные зонты и воздуховоды. Автономная установка кухонного пожаротушения (АУКПТ) «Кухмистер-2М» - это современное российское решение для защиты профессиональных кухонь. Установка разработана для тушения возгораний жиров и масел на кухонном оборудовании, в вытяжных колпаках и воздуховодах; решение ориентировано на",parsed_official_pirexpo_api,,2026-10-05T08:23:57Z,pir-expo-2026-official-pirexpo-api-signo-v1.0.2-service-product-leakage-remediation,ok,kept: official PIR Russian-market row with HoReCa product/category evidence,product_evidence,new,no exact email or safe company-owned domain match in current Twenty repeat index,,,,sale@firepro.ru,firepro.ru,official_pirexpo_brand_list_api,,skipped_official_email_present,,,sale@firepro.ru,official API email
ПИР Экспо 2026,26–29 октября 2026,LABEL COFFEE,LABEL COFFEE,"Упаковка для кофе; Кофемашины; Зеленое зерно; Обжаренное зерно; Кофе в капсулах; Кадры, курсы; Кофе в дрип-пакетах; Молотый кофе; Растворимый кофе; Учебные заведения",Россия / российский рынок,Москва,,"зал 13, стенд 1F86",13,"Упаковка для кофе; Кофемашины; Зеленое зерно; Обжаренное зерно; Кофе в капсулах; Кадры, курсы; Кофе в дрип-пакетах; Молотый кофе; Растворимый кофе; Учебные заведения","LABELCOFFEE - кофейная компания полного цикла с собственным производством в Краснодаре мощностью до 600 тонн кофе в месяц. Мы отбираем и контролируем зелёный кофе в странах произрастания, создаём СТМ под ключ - от идеи, разработки продукта и дизайна упаковки до готовой продукции. Развиваем собственный бренд LABEL для HoReCa, поставляем зелёный кофе и оборудование, обучаем команды партнёров в собственном тренинг-центре и обеспечиваем фулфилмент для маркетплейсов по моделям FBO и FBS. Контролируем качество на всех этапах — от зелёного зерна до готовой пачки. LABELCOFFEE: объединяя людей через кофе.",LABEL COFFEE,https://labelcoffee.shop,sales@labelcoffee.ru,+7 985 684 22 44,https://pirexpo.com/exposition/all-exhibitors/2387,2387,include,"LABEL COFFEE | Упаковка для кофе; Кофемашины; Зеленое зерно; Обжаренное зерно; Кофе в капсулах; Кадры, курсы; Кофе в дрип-пакетах; Молотый кофе; Растворимый кофе; Учебные заведения | LABELCOFFEE - кофейная компания полного цикла с собственным производством в Краснодаре мощностью до 600 тонн кофе в месяц. Мы отбираем и контролируем зелёный кофе в странах произрастания, создаём СТМ под ключ - от идеи, разработки продукта и дизайна упаковки до готовой продукции. Развиваем собственный бренд LABEL для HoReCa, поставляем зелёный кофе и оборудование, обучаем команды партнёров в собственном тренинг-центре и обеспечиваем фулфилмент для маркетплейсов по моделям FBO и FBS. Контролируем качество на всех этапах — от зелёного зерна до готовой пачки. LABELCOFFEE: объединяя людей через кофе.",parsed_official_pirexpo_api,,2026-10-05T08:23:57Z,pir-expo-2026-official-pirexpo-api-signo-v1.0.2-service-product-leakage-remediation,ok,kept: official PIR Russian-market row with HoReCa product/category evidence,product_evidence,new,no exact email or safe company-owned domain match in current Twenty repeat index,,,,sales@labelcoffee.ru,labelcoffee.ru; labelcoffee.shop,official_pirexpo_brand_list_api,,skipped_official_email_present,,,sales@labelcoffee.ru,official API email
ПИР Экспо 2026,26–29 октября 2026,ТЕКСТИЛЬНАЯ КОМПАНИЯ ОЛИВТЕКС,ТЕКСТИЛЬНАЯ КОМПАНИЯ ОЛИВТЕКС,"Текстиль для гостиниц; Текстиль для ресторанов; Аксессуары; Гостиничный текстиль, махровые изделия; Декоративный текстиль; Подушки, одеяла",Россия / российский рынок,Москва,,"зал 15, стенд 4M58",15,"Текстиль для гостиниц; Текстиль для ресторанов; Аксессуары; Гостиничный текстиль, махровые изделия; Декоративный текстиль; Подушки, одеяла","Текстильная компания «Оливтекс» — это правильный выбор и надежное сотрудничество с партнёрами, проверенное временем. «Оливтекс» производит качественную продукцию и адаптируют её под индивидуальные запросы оптовых покупателей, уже больше 10 лет предоставляя широкий спектр текстильных товаров на заказ для сферы гостеприимства (HORECA). Среди наших постоянных клиентов - курортные комплексы, оздоровительные санатории, отели, гостиницы и хостелы. Почему выбирают «Оливтекс»? 1) Широкий ассортимент В ассортименте компании представлены высококачественные текстильные изделия: от махровых полотенец и халатов до фуршетных юбок и чехлов для стульев. Изготовление мягкого инвентаря возможно из более чем 75 видов тканей и разнообразных наполнителей. Мы производим текстильные товары как стандартных размеров и кроя, так и по индивидуальному заказу. Современное производственное оборудование и высококвалифицированный персонал позволяют нам изготавливать любые размеры комплектов постельного белья, одеял, наматрацников, мягкого инвентаря. Для заказа доступны как бюджетные, так и люксовые варианты продукции. 2) Качественная продукция Компания «Оливтекс» тщательно подходит к выбору материалов и поставщиков, что позволяет производить высококачественную продукцию, которая соответствует стандартам ГОСТ и требованиям сертификации ЕАЭС. С текстильной компанией «Оливтекс» ваш мир станет ярче, уютнее и комфортнее!",ТЕКСТИЛЬНАЯ КОМПАНИЯ ОЛИВТЕКС,https://olivteks.ru,info@olivteks.ru,+79219456534,https://pirexpo.com/exposition/all-exhibitors/2246,2246,include,"ТЕКСТИЛЬНАЯ КОМПАНИЯ ОЛИВТЕКС | Текстиль для гостиниц; Текстиль для ресторанов; Аксессуары; Гостиничный текстиль, махровые изделия; Декоративный текстиль; Подушки, одеяла | Текстильная компания «Оливтекс» — это правильный выбор и надежное сотрудничество с партнёрами, проверенное временем. «Оливтекс» производит качественную продукцию и адаптируют её под индивидуальные запросы оптовых покупателей, уже больше 10 лет предоставляя широкий спектр текстильных товаров на заказ для сферы гостеприимства (HORECA). Среди наших постоянных клиентов - курортные комплексы, оздоровительные санатории, отели, гостиницы и хостелы. Почему выбирают «Оливтекс»? 1) Широкий ассортимент В ассортименте компании представлены высококачественные текстильные изделия: от махровых полотенец и халатов до фуршетных юбок и чехлов для стульев. Изготовление мягкого инвентаря возможно из более чем 7",parsed_official_pirexpo_api,,2026-10-05T08:23:57Z,pir-expo-2026-official-pirexpo-api-signo-v1.0.2-service-product-leakage-remediation,ok,kept: official PIR Russian-market row with HoReCa product/category evidence,product_evidence,new,no exact email or safe company-owned domain match in current Twenty repeat index,,,,info@olivteks.ru,olivteks.ru,official_pirexpo_brand_list_api,,skipped_official_email_present,,,info@olivteks.ru,official API email
ПИР Экспо 2026,26–29 октября 2026,ЛАНИКС М,ЛАНИКС М,снеки; Готовая еда; Газированные напитки; мука и мучные смеси,российский рынок (официальный каталог ПИР Экспо; страна не указана),Москва,,"зал 15, стенд 3D56",15,снеки; Готовая еда; Газированные напитки; мука и мучные смеси,,ЛАНИКС М,,,,https://pirexpo.com/exposition/all-exhibitors/1929,1929,include,ЛАНИКС М | снеки; Готовая еда; Газированные напитки; мука и мучные смеси,parsed_official_pirexpo_api,website; public_email,2026-10-05T08:23:57Z,pir-expo-2026-official-pirexpo-api-signo-v1.0.2-service-product-leakage-remediation,ok,kept: official PIR Russian-market row with HoReCa product/category evidence,product_evidence,new,no exact email or safe company-owned domain match in current Twenty repeat index,,,,,,official_pirexpo_brand_list_api,,skipped_no_website,,,,
ПИР Экспо 2026,26–29 октября 2026,TUTTO DA VINCE,TUTTO DA VINCE,"мороженое; Оборудовние для шоковой заморозки; Морозильные лари, бонеты; Холодильные и морозильные камеры; Морозильные и холодильные шкафы; Аппаараты для шокового охлаждения и заморозки; Оборудование для производства мороженого",Россия / российский рынок,Москва,,"зал 15, стенд 3B102",15,"мороженое; Оборудовние для шоковой заморозки; Морозильные лари, бонеты; Холодильные и морозильные камеры; Морозильные и холодильные шкафы; Аппаараты для шокового охлаждения и заморозки; Оборудование для производства мороженого; мороженое","Мы являемся экспертами в производстве премиального мороженого под руководством маэстро, доцента высших европейских курсов по мороженому, итальянца Винченцо Бальдассарре. Более 18 лет мы занимаемся разработкой любых, от эксклюзивных до классических рецептов, поставкой оборудования и компонентов для производства мороженого. Имеем многолетние деловые связи с ведущими итальянскими производителями оборудования для производства мороженого, которое можно приобрести у нас отдельно или в рамках оказания услуг по консультированию и техническому насыщению под ключ кафе, баров, ресторанов","YOGURTISSIMO, TUTTO DA VINCE",https://www.tuttodavince.ru,mastergelatorussia@gmail.com,+79114528505; +79114864419,https://pirexpo.com/exposition/all-exhibitors/2479,2479,include,"TUTTO DA VINCE | мороженое; Оборудовние для шоковой заморозки; Морозильные лари, бонеты; Холодильные и морозильные камеры; Морозильные и холодильные шкафы; Аппаараты для шокового охлаждения и заморозки; Оборудование для производства мороженого | Мы являемся экспертами в производстве премиального мороженого под руководством маэстро, доцента высших европейских курсов по мороженому, итальянца Винченцо Бальдассарре. Более 18 лет мы занимаемся разработкой любых, от эксклюзивных до классических рецептов, поставкой оборудования и компонентов для производства мороженого. Имеем многолетние деловые связи с ведущими итальянскими производителями оборудования для производства мороженого, которое можно приобрести у нас отдельно или в рамках оказания услуг по консультированию и техническому насыщению под ключ кафе, баров, ресторанов",parsed_official_pirexpo_api,,2026-10-05T08:23:57Z,pir-expo-2026-official-pirexpo-api-signo-v1.0.2-service-product-leakage-remediation,ok,kept: official PIR Russian-market row with HoReCa product/category evidence,product_evidence,new,no exact email or safe company-owned domain match in current Twenty repeat index,,,,mastergelatorussia@gmail.com,gmail.com; tuttodavince.ru,official_pirexpo_brand_list_api,,skipped_official_email_present,,,mastergelatorussia@gmail.com,official API email
ПИР Экспо 2026,26–29 октября 2026,BIBOK,BIBOK,"Холодильные камеры, моноблоки, сплит-системы; Газированные напитки; Оборудование для производства мороженого; мороженое",Россия / российский рынок,Москва,,"зал 15, стенд 3D135",15,"Холодильные камеры, моноблоки, сплит-системы; Газированные напитки; Оборудование для производства мороженого; мороженое","BIBOK: откройте мир неповторимых вкусов! BIBOK—производитель сиропов и поставщик оборудования. У нас—самая широкая линейка сиропов с эксклюзивными рецептурами: от классики до смелых экспериментов. Предлагаем полный комплекс решений—от оборудования до реализации продукта. В том числе—тележки для уличной торговли со слаш‑машиной, фризером для мягкого мороженого и аппаратом Постмикс + стартовый запас всего необходимого для начала работы. С ними вы легко организуете мобильную точку и порадуете клиентов напитками и десертами. Доверьтесь BIBOK — покоряйте клиентов безупречными вкусами!",BIBOK,https://bibok.ru,info@bibok.ru,88007700175,https://pirexpo.com/exposition/all-exhibitors/2463,2463,include,"BIBOK | Холодильные камеры, моноблоки, сплит-системы; Газированные напитки; Оборудование для производства мороженого; мороженое | BIBOK: откройте мир неповторимых вкусов! BIBOK—производитель сиропов и поставщик оборудования. У нас—самая широкая линейка сиропов с эксклюзивными рецептурами: от классики до смелых экспериментов. Предлагаем полный комплекс решений—от оборудования до реализации продукта. В том числе—тележки для уличной торговли со слаш‑машиной, фризером для мягкого мороженого и аппаратом Постмикс + стартовый запас всего необходимого для начала работы. С ними вы легко организуете мобильную точку и порадуете клиентов напитками и десертами. Доверьтесь BIBOK — покоряйте клиентов безупречными вкусами!",parsed_official_pirexpo_api,,2026-10-05T08:23:57Z,pir-expo-2026-official-pirexpo-api-signo-v1.0.2-service-product-leakage-remediation,ok,kept: official PIR Russian-market row with HoReCa product/category evidence,product_evidence,new,no exact email or safe company-owned domain match in current Twenty repeat index,,,,info@bibok.ru,bibok.ru,official_pirexpo_brand_list_api,,skipped_official_email_present,,,info@bibok.ru,official API email
ПИР Экспо 2026,26–29 октября 2026,YOGURTISSIMO,YOGURTISSIMO,мороженое; Морозильные и холодильные шкафы; Аппаараты для шокового охлаждения и заморозки; Оборудование для производства мороженого,Россия / российский рынок,Москва,,"зал 15, стенд 3B102",15,мороженое; Морозильные и холодильные шкафы; Аппаараты для шокового охлаждения и заморозки; Оборудование для производства мороженого,"YOGURTISSIMO – йогуртовое мороженное с элементами интерактива для каждого и системой самообслуживания. Премиальное качество, творческий подход к каждой порции, забота о здоровье и незабываемые вкусы - от классических до сезонных. 100% натуральный продукт в виде мягкого мороженого, в основе которого классический йогурт, свежее молоко, сливки и натуральные вкусовые добавки. Наши замороженные йогурты готовятся исключительно на итальянском оборудовании высшего уровня, преимуществами которого являются автономность производства, компактность, формат быстрого самообслуживания гостей.","YOGURTISSIMO, TUTTO DA VINCE",https://www.tuttodavince.ru,mastergelatorussia@gmail.com,+79114528505; +79114864419,https://pirexpo.com/exposition/all-exhibitors/2478,2478,include,"YOGURTISSIMO | мороженое; Морозильные и холодильные шкафы; Аппаараты для шокового охлаждения и заморозки; Оборудование для производства мороженого | YOGURTISSIMO – йогуртовое мороженное с элементами интерактива для каждого и системой самообслуживания. Премиальное качество, творческий подход к каждой порции, забота о здоровье и незабываемые вкусы - от классических до сезонных. 100% натуральный продукт в виде мягкого мороженого, в основе которого классический йогурт, свежее молоко, сливки и натуральные вкусовые добавки. Наши замороженные йогурты готовятся исключительно на итальянском оборудовании высшего уровня, преимуществами которого являются автономность производства, компактность, формат быстрого самообслуживания гостей.",parsed_official_pirexpo_api,,2026-10-05T08:23:57Z,pir-expo-2026-official-pirexpo-api-signo-v1.0.2-service-product-leakage-remediation,ok,kept: official PIR Russian-market row with HoReCa product/category evidence,product_evidence,new,no exact email or safe company-owned domain match in current Twenty repeat index,,,,mastergelatorussia@gmail.com,gmail.com; tuttodavince.ru,official_pirexpo_brand_list_api,,skipped_official_email_present,,,mastergelatorussia@gmail.com,official API email
ПИР Экспо 2026,26–29 октября 2026,КОВАЛИ.РУ,КОВАЛИ.РУ,Предметы интерьера,Россия / российский рынок,Москва,,"зал 14, стенд 2H100",14,Предметы интерьера,"Мы создаем уникальные предметы интерьера — от элитных светильников ручной работы до изысканной мебели и декоративных аксессуаров. Каждое изделие производится с безупречным вниманием к деталям, сочетая традиционные технологии и современный дизайн.",КОВАЛИ.РУ,https://covali.ru,office@covali.ru,+7 (925) 006-07-88,https://pirexpo.com/exposition/all-exhibitors/2600,2600,include,"КОВАЛИ.РУ | Предметы интерьера | Мы создаем уникальные предметы интерьера — от элитных светильников ручной работы до изысканной мебели и декоративных аксессуаров. Каждое изделие производится с безупречным вниманием к деталям, сочетая традиционные технологии и современный дизайн.",parsed_official_pirexpo_api,,2026-10-05T08:23:57Z,pir-expo-2026-official-pirexpo-api-signo-v1.0.2-service-product-leakage-remediation,ok,kept: official PIR Russian-market row with HoReCa product/category evidence,product_evidence,new,no exact email or safe company-owned domain match in current Twenty repeat index,,,,office@covali.ru,covali.ru,official_pirexpo_brand_list_api,,skipped_official_email_present,,,office@covali.ru,official API email
ПИР Экспо 2026,26–29 октября 2026,HIWATER,HIWATER,Фильтры для очистки воды,Россия / российский рынок,Москва,,"зал 13, стенд 1E150",13,Фильтры для очистки воды,"HIWATER — известный в кофейной индустрии бренд, производящий профессиональные системы фильтрации воды с точной настройкой минерализации для HoReCa. Команда HIWATER — это эксперты в водоподготовке, которые постоянно совершенствуются и делятся опытом, помогая бизнесу выстраивать правильную работу с водой под конкретные задачи.",HIWATER,https://hiwater.ru,sales@hiwater.ru,+7 (999) 545 2771,https://pirexpo.com/exposition/all-exhibitors/2312,2312,include,"HIWATER | Фильтры для очистки воды | HIWATER — известный в кофейной индустрии бренд, производящий профессиональные системы фильтрации воды с точной настройкой минерализации для HoReCa. Команда HIWATER — это эксперты в водоподготовке, которые постоянно совершенствуются и делятся опытом, помогая бизнесу выстраивать правильную работу с водой под конкретные задачи.",parsed_official_pirexpo_api,,2026-10-05T08:23:57Z,pir-expo-2026-official-pirexpo-api-signo-v1.0.2-service-product-leakage-remediation,ok,kept: official PIR Russian-market row with HoReCa product/category evidence,product_evidence,new,no exact email or safe company-owned domain match in current Twenty repeat index,,,,sales@hiwater.ru,hiwater.ru,official_pirexpo_brand_list_api,,skipped_official_email_present,,,sales@hiwater.ru,official API email
ПИР Экспо 2026,26–29 октября 2026,ТОП-ОСТРОВ,ТОП-ОСТРОВ,"Предметы интерьера; Оборудования для спортивных и детских площадок; Ассоциации / Объединения, производители/дистрибьюторы; Мебель для ресторанов, кафе и иных предприятий питания",Россия / российский рынок,Москва,,"зал 14, стенд 2A16",14,"Предметы интерьера; Оборудования для спортивных и детских площадок; Ассоциации / Объединения, производители/дистрибьюторы; Мебель для ресторанов, кафе и иных предприятий питания","Компания «Топ-Остров» специализируется на создании оригинальных игровых пространств для детей в сегменте B2B. Наши проекты создают гармонию в любой организации. Дети всех возрастов могут увлекательно и безопасно играть в наших игровых зонах. Мы с уверенностью можем назвать себя профессионалами в данной области. Основное детское оборудование производится в России. Создавая оригинальное игровое пространство для детей, Вы совершенствуете свой бизнес, привлекая новых посетителей с детьми.",ТОП-ОСТРОВ,https://top-ostrov.ru,ludmila@top-ostrov.ru,88005505093,https://pirexpo.com/exposition/all-exhibitors/2529,2529,include,"ТОП-ОСТРОВ | Предметы интерьера; Оборудования для спортивных и детских площадок; Ассоциации / Объединения, производители/дистрибьюторы; Мебель для ресторанов, кафе и иных предприятий питания | Компания «Топ-Остров» специализируется на создании оригинальных игровых пространств для детей в сегменте B2B. Наши проекты создают гармонию в любой организации. Дети всех возрастов могут увлекательно и безопасно играть в наших игровых зонах. Мы с уверенностью можем назвать себя профессионалами в данной области. Основное детское оборудование производится в России. Создавая оригинальное игровое пространство для детей, Вы совершенствуете свой бизнес, привлекая новых посетителей с детьми.",parsed_official_pirexpo_api,,2026-10-05T08:23:57Z,pir-expo-2026-official-pirexpo-api-signo-v1.0.2-service-product-leakage-remediation,ok,kept: official PIR Russian-market row with HoReCa product/category evidence,product_evidence,repeat,safe non-generic company-owned domain matched current Twenty repeat index,,top-ostrov.ru,Топ Остров,ludmila@top-ostrov.ru,top-ostrov.ru,official_pirexpo_brand_list_api,,skipped_official_email_present,,,ludmila@top-ostrov.ru,official API email
ПИР Экспо 2026,26–29 октября 2026,КОКАР,КОКАР,"Упаковка для кофе; Кофемашины; Зеленое зерно; Запасные части для кофемашин; Фасовочное и упаковочное оборудование, трейсилеры; Сервисное обслуживание; Кофе в дрип-пакетах; Эспрессо кофемолки; Кофемолки для альтернативного заваривания; Оборудование для пищевых производств; Запасные части для ростеров; Оборудование для обжарочного производства",российский рынок (официальный каталог ПИР Экспо; страна не указана),Москва,,"зал 13, стенд 1D85",13,"Упаковка для кофе; Кофемашины; Зеленое зерно; Запасные части для кофемашин; Фасовочное и упаковочное оборудование, трейсилеры; Сервисное обслуживание; Кофе в дрип-пакетах; Эспрессо кофемолки; Кофемолки для альтернативного заваривания; Оборудование для пищевых производств; Запасные части для ростеров; Оборудование для обжарочного производства",,COCAR,,,,https://pirexpo.com/exposition/all-exhibitors/1973,1973,include,"КОКАР | Упаковка для кофе; Кофемашины; Зеленое зерно; Запасные части для кофемашин; Фасовочное и упаковочное оборудование, трейсилеры; Сервисное обслуживание; Кофе в дрип-пакетах; Эспрессо кофемолки; Кофемолки для альтернативного заваривания; Оборудование для пищевых производств; Запасные части для ростеров; Оборудование для обжарочного производства",parsed_official_pirexpo_api,website; public_email,2026-10-05T08:23:57Z,pir-expo-2026-official-pirexpo-api-signo-v1.0.2-service-product-leakage-remediation,ok,kept: official PIR Russian-market row with HoReCa product/category evidence,product_evidence,new,no exact email or safe company-owned domain match in current Twenty repeat index,,,,,,official_pirexpo_brand_list_api,,skipped_no_website,,,,
ПИР Экспо 2026,26–29 октября 2026,ГРАНО МАРКЕТ,ГРАНО МАРКЕТ,Какао; Зеленое зерно; Обжаренное зерно; Молотый кофе; шоколад; какао-порошок; Шоколад; горячий шоколад,Россия / российский рынок,Москва,,"зал 15, стенд 3E100",15,Какао; Зеленое зерно; Обжаренное зерно; Молотый кофе; шоколад; какао-порошок; Шоколад; горячий шоколад,"Грано Маркет - поставщик элитного кофе и какао-бобов премиального качества из Венесуэлы. Мы напрямую сотрудничаем с кооперативами и фермерами внутри страны, тщательно подходя к выбору партнёров. Это позволяет гарантировать стабильные поставки высококачественной арабики и какао-бобов с выдающимися вкусовыми характеристиками. Отлаженная логистика обеспечивает оперативную доставку продукции в Россию. Мы предлагаем как зеленый кофе, так и обжаренный (под контролем профессионального Q-грейдера) под собственным СТМ. В нашем ассортименте какао-продуктов - какао-бобы, какао тёртое и какао-масло.",ГРАНО МАРКЕТ,http://grano-market.ru,info@grano-market.ru,89096887046,https://pirexpo.com/exposition/all-exhibitors/2282,2282,include,"ГРАНО МАРКЕТ | Какао; Зеленое зерно; Обжаренное зерно; Молотый кофе; шоколад; какао-порошок; Шоколад; горячий шоколад | Грано Маркет - поставщик элитного кофе и какао-бобов премиального качества из Венесуэлы. Мы напрямую сотрудничаем с кооперативами и фермерами внутри страны, тщательно подходя к выбору партнёров. Это позволяет гарантировать стабильные поставки высококачественной арабики и какао-бобов с выдающимися вкусовыми характеристиками. Отлаженная логистика обеспечивает оперативную доставку продукции в Россию. Мы предлагаем как зеленый кофе, так и обжаренный (под контролем профессионального Q-грейдера) под собственным СТМ. В нашем ассортименте какао-продуктов - какао-бобы, какао тёртое и какао-масло.",parsed_official_pirexpo_api,,2026-10-05T08:23:57Z,pir-expo-2026-official-pirexpo-api-signo-v1.0.2-service-product-leakage-remediation,ok,kept: official PIR Russian-market row with HoReCa product/category evidence,product_evidence,new,no exact email or safe company-owned domain match in current Twenty repeat index,,,,info@grano-market.ru,grano-market.ru,official_pirexpo_brand_list_api,,skipped_official_email_present,,,info@grano-market.ru,official API email
ПИР Экспо 2026,26–29 октября 2026,МЕЛИУС ХОРЕКА,МЕЛИУС ХОРЕКА,"Пищеварочные котлы, опрокидывающиеся сковороды; Аппаараты для шокового охлаждения и заморозки; Пароконвектоматы; Посудомоечное оборудование; Овощечистки и Овощерезки; Электрические Плиты",Россия / российский рынок,Москва,,"зал 14, стенд 2E13",14,"Пищеварочные котлы, опрокидывающиеся сковороды; Аппаараты для шокового охлаждения и заморозки; Пароконвектоматы; Посудомоечное оборудование; Овощечистки и Овощерезки; Электрические Плиты","Пароконвектомат Convotherm maxxpro eT10.10 EB DD — Пароконвектомат Convotherm maxxpro eT10.10 EB DD Характеристики модели: - бойлерное парообразование - панель easyTouch, 10” TFT-дисплей HiRes-Glass-Touch с функцией прокрутки - LED-подсветка в рабочей камере - Энергоэффективное тройное стекло двери рабочей камеры - Дверная ручка с предохранительным затвором и функцией захлопывания - Дополнительный уровень – максимальная вместимость - Материал изготовления рабочей камеры AISI 304 Скидка распространятся на выставочный образец.; Пароконвектомат Convotherm mini pro easyTouch 6.10 — Пароконвектомат Convotherm mini pro easyTouch 6.10 - цена со скидкой Характеристики модели: - инжекторное парообразование - ширина 49,8 см - панель easyTouch, 7” TFT-дисплей HiRes-Glass-Touch с функцией прокрутки - LED-подсветка в рабочей камере - Энергоэффективное тройное стекло двери рабочей камеры - Дверная ручка с предохранительным затвором и функцией захлопывания - Гастроемкости GN 1/1 - Материал изготовления рабочей камеры AISI 304 Скидка распространятся на выставочный образец.; Шкаф шоковой заморозки ILSA Evolution, 5 уровней, нижняя панель — Шкаф шоковой заморозки ILSA Evolution, 5 уровней, нижняя панель. Характеристики: - Шкаф шоковой заморозки Evolution 5 уровней, версия с нижним расположением панели - Конструкция из нержавеющей стали AISI 304 - Универсальные направляющие - GN 1/1, EN - Теплоизоляция из пенополиуретана высокой плотности толщиной 60 мм - Дверь с пружинным возвратным механизмом и съемным уплотнителем - Регулируемые ножки из нержавеющей стали Скидка распространятся на выставочный образец.; Сковорода JIPA JUMP 101 DS + AC-05-003 — Сковорода JIPA JUMP 101 DS + подставка с выдвижными полками. Характеристики: - Многофункциональное оборудование - Настольная модель в комплекте с подставкой - Цветной сенсорный дисплей 12"" c интуитивно понятным управлением - Автоматический подъем корзины - 800 программ по 12 шагов - Температура: 30 - 250 °C - 2 чаши для приготовления по 29 л - Площадь чаши: 355 х 561 мм - Технология приготовления: варка, деликатная варка, фритюр, жарка, тушение, низкотемпературное приготовление, гриль, конфи, сувид, ночное приготовление. Скидка распространятся на выставочный образец.; Овощерезка Skymsen PA7 PRO (без дисков) — Овощерезка Skymsen PA7 PRO (без дисков) Характеристики: - Мощность — 0,5 л.с./ 368 Вт - Точная и однородная нарезка - Широкое загрузочное отверстие - Съемная крышка - Система безопасности - Более 20 вариантов дисков в дополнение Скидка распространятся на выставочный образец.; Процессор кухонный Skymsen PA-14-N — Процессор кухонный Skymsen PA-14-N Характеристики: - Мощность — 1 л.с./753 Вт - Простая очистка - Конструкция из закаленной нержавеющей стали - Объем емкости: 16,5 литров - Диаметр загрузочного отверстия - 160 мм - Высокая производительность Скидка распространятся на выставочный образец.; Котломоечная машина Hobart U704-11B Ecomax — Котломоечная машина Hobart U704-11B Ecomax Характеристики: - Машина котломоечная фронтальная типа Ecomax. Подходит для мытья кухонного инвентаря (кастрюли, сковороды, подносы и гастроемкости) - Удобная панель - управление одной кнопкой - Цельнотянутый моечный бак - Съемные моечные рукава без дополнительных инструментов - 3 моечных цикла + специальные программы Скидка распространятся на выставочный образец.; Печь комбинированная Merrychef conneX 12e — Печь комбинированная Merrychef conneX 12e. Характеристики: - Сенсорная панель управления, 7” TFT-дисплей HiRes-Glass-Touch с функцией прокрутки - Технологии приготовления tri-pleX: микроволны, конвекция, тепловой удар - Каталитический преобразователь с очисткой воздуха - 1 магнетрон 800 Вт - Подключение 220 В Скидка распространятся на выставочный образец.",МЕЛИУС ХОРЕКА,https://melius-horeca.ru,horeca@melius-ltd.ru,+7 (495) 182-34-82,https://pirexpo.com/exposition/all-exhibitors/2321,2321,include,"МЕЛИУС ХОРЕКА | Пищеварочные котлы, опрокидывающиеся сковороды; Аппаараты для шокового охлаждения и заморозки; Пароконвектоматы; Посудомоечное оборудование; Овощечистки и Овощерезки; Электрические Плиты | Пароконвектомат Convotherm maxxpro eT10.10 EB DD — Пароконвектомат Convotherm maxxpro eT10.10 EB DD Характеристики модели: - бойлерное парообразование - панель easyTouch, 10” TFT-дисплей HiRes-Glass-Touch с функцией прокрутки - LED-подсветка в рабочей камере - Энергоэффективное тройное стекло двери рабочей камеры - Дверная ручка с предохранительным затвором и функцией захлопывания - Дополнительный уровень – максимальная вместимость - Материал изготовления рабочей камеры AISI 304 Скидка распространятся на выставочный образец.; Пароконвектомат Convotherm mini pro easyTouch 6.10 — Пароконвектомат Convotherm mini pro easyTouch 6.10 - цена со скидкой Характеристики модели: - инжекторное парообразование - ширина 49,8 см - панель easyTouch, 7” TFT-дисплей HiRes-Glass-Touch с функцией прокрутки - LED-подсветка в рабочей камере - Энергоэффективное тройное стекло двери рабочей камеры - Дверная ручка с предохранительным затвором и функцией захлопывания - Гастроемкости GN 1/1 - Материал изготовления рабочей камеры AISI 304 Скидка распространятся на выставочный образец.; Шкаф шоковой заморозки ILSA Evolution, 5 уровней, нижняя панель — Шкаф шоковой заморозки ILSA Evolution, 5 уровней, нижняя панель. Характеристики: - Шкаф шоковой заморозки Evolution 5 уровней, версия с нижним расположением панели - Конструкция из нержавеющей стали AISI 304 - Универсальные направляющие - GN 1/1, EN - Те",parsed_official_pirexpo_api,,2026-10-05T08:23:57Z,pir-expo-2026-official-pirexpo-api-signo-v1.0.2-service-product-leakage-remediation,ok,kept: official PIR Russian-market row with HoReCa product/category evidence,product_evidence,repeat,safe non-generic company-owned domain matched current Twenty repeat index,,melius-ltd.ru,Мелиус,horeca@melius-ltd.ru,melius-horeca.ru; melius-ltd.ru,official_pirexpo_brand_list_api,,skipped_official_email_present,,,horeca@melius-ltd.ru,official API email
ПИР Экспо 2026,26–29 октября 2026,FLORIS,FLORIS,Саше; Чай в стиках; Быстрорастворимые чаи; Чайные экстракты; лимонады; Газированные напитки; Продукты для здорового питания; Зелёный; Черный; Колд-брю; Иван-чай; Травяной чай; Тизан; Фруктовый чай; Пакетированные чаи,российский рынок (официальный каталог ПИР Экспо; страна не указана),Москва,,"зал 13, стенд 1C131",13,Саше; Чай в стиках; Быстрорастворимые чаи; Чайные экстракты; лимонады; Газированные напитки; Продукты для здорового питания; Зелёный; Черный; Колд-брю; Иван-чай; Травяной чай; Тизан; Фруктовый чай; Пакетированные чаи,,FLORIS,https://floristea.com,e.bratash@floristea.com; dudinova@floristea.com; zakupki@floristea.com; ingredients@floristea.com,,https://pirexpo.com/exposition/all-exhibitors/2558,2558,include,FLORIS | Саше; Чай в стиках; Быстрорастворимые чаи; Чайные экстракты; лимонады; Газированные напитки; Продукты для здорового питания; Зелёный; Черный; Колд-брю; Иван-чай; Травяной чай; Тизан; Фруктовый чай; Пакетированные чаи,parsed_official_pirexpo_api,public_email,2026-10-05T08:23:57Z,pir-expo-2026-official-pirexpo-api-signo-v1.0.2-service-product-leakage-remediation,ok,kept: official PIR Russian-market row with HoReCa product/category evidence,product_evidence,repeat,safe non-generic company-owned domain matched current Twenty repeat index,,floristea.com,Аксион,e.bratash@floristea.com; dudinova@floristea.com; zakupki@floristea.com; ingredients@floristea.com,floristea.com,official_pirexpo_brand_list_api,,found,https://floristea.com/contacts,public website email extraction,e.bratash@floristea.com,public website enrichment
ПИР Экспо 2026,26–29 октября 2026,SMART NUTRITION,SMART NUTRITION,Газированные напитки,российский рынок (официальный каталог ПИР Экспо; страна не указана),Москва,,"зал 15, стенд 3C145",15,Газированные напитки,,SMART NUTRITION,,,,https://pirexpo.com/exposition/all-exhibitors/2070,2070,include,SMART NUTRITION | Газированные напитки,parsed_official_pirexpo_api,website; public_email,2026-10-05T08:23:57Z,pir-expo-2026-official-pirexpo-api-signo-v1.0.2-service-product-leakage-remediation,ok,kept: official PIR Russian-market row with HoReCa product/category evidence,product_evidence,new,no exact email or safe company-owned domain match in current Twenty repeat index,,,,,,official_pirexpo_brand_list_api,,skipped_no_website,,,,
ПИР Экспо 2026,26–29 октября 2026,KANGA,KANGA,Обжаренное зерно; Кофе в дрип-пакетах,Россия / российский рынок,Москва,,"зал 13, стенд 1E106",13,Обжаренное зерно; Кофе в дрип-пакетах,"Kanga – обжарщики спешелти-кофе из Ставрополя и бренд-проводник в мире вкуса. Мы работаем с зерном так, чтобы каждый лот становился отдельным открытием: от отборного зелёного сырья из стран произрастания до аккуратной обжарки и поставки в кофейни, рестораны и дома по всей России. Сегодня мы уверенно развиваем свою экосистему: интернет-магазин, маркетплейсы и прямую работу с кофейнями. Наш путь начался в 2017 году с одного ростера и объёма около 200 кг обжарки в месяц. Сегодня мы обжариваем порядка 75 тонн кофе ежемесячно и поставляем кофе более чем в 2000 заведений по России, оставаясь при этом компактной и сфокусированной командой из 20 специалистов, любящих свой продукт и работу. Мы постоянно совершенствуем навыки, учимся и участвуем в чемпионатах по обжарке и завариванию кофе. Наша команда – это профессиональные обжарщики, бариста и специалисты индустрии, многие из которых имеют международное образование, а также опыт участия и побед в кофейных чемпионатах. В 2023 году наша команда стала победителем национальной премии «Обжарщик года». Мы регулярно тестируем новые подходы к обжарке и завариванию, развиваем собственную лабораторию вкуса и стремимся к тому, чтобы каждая партия была не просто стабильной, а осознанно выверенной.",KANGA,https://www.kanga.ru,info@kanga.ru,+79097732051,https://pirexpo.com/exposition/all-exhibitors/1964,1964,include,"KANGA | Обжаренное зерно; Кофе в дрип-пакетах | Kanga – обжарщики спешелти-кофе из Ставрополя и бренд-проводник в мире вкуса. Мы работаем с зерном так, чтобы каждый лот становился отдельным открытием: от отборного зелёного сырья из стран произрастания до аккуратной обжарки и поставки в кофейни, рестораны и дома по всей России. Сегодня мы уверенно развиваем свою экосистему: интернет-магазин, маркетплейсы и прямую работу с кофейнями. Наш путь начался в 2017 году с одного ростера и объёма около 200 кг обжарки в месяц. Сегодня мы обжариваем порядка 75 тонн кофе ежемесячно и поставляем кофе более чем в 2000 заведений по России, оставаясь при этом компактной и сфокусированной командой из 20 специалистов, любящих свой продукт и работу. Мы постоя",parsed_official_pirexpo_api,,2026-10-05T08:23:57Z,pir-expo-2026-official-pirexpo-api-signo-v1.0.2-service-product-leakage-remediation,ok,kept: official PIR Russian-market row with HoReCa product/category evidence,product_evidence,new,no exact email or safe company-owned domain match in current Twenty repeat index,,,,info@kanga.ru,kanga.ru,official_pirexpo_brand_list_api,,skipped_official_email_present,,,info@kanga.ru,official API email
ПИР Экспо 2026,26–29 октября 2026,AROME,AROME,Обжаренное зерно,Россия / российский рынок,Москва,,"зал 13, стенд 1E75",13,Обжаренное зерно,"Наша чайно-кофейная фабрика — 20 лет на рынке горячих напитков. Мы обжариваем кофе, купажируем чай, варим сиропы и производим кофемашины. Закрываем все потребности сегмента HoReCa — от зерна и сиропов до ремонта кофейного оборудования. Подберём линейку под ваш формат: от базовых позиций до спешелти — с учётом целевой аудитории и среднего чека. Гибкая логистика и гарантированные объёмы: никаких срывов в пиковые периоды. Один надежный B2B-партнер вместо множества подрядчиков.",AROME,https://аромэ.рф,info@arome-samara.ru,88007008242,https://pirexpo.com/exposition/all-exhibitors/2359,2359,include,"AROME | Обжаренное зерно | Наша чайно-кофейная фабрика — 20 лет на рынке горячих напитков. Мы обжариваем кофе, купажируем чай, варим сиропы и производим кофемашины. Закрываем все потребности сегмента HoReCa — от зерна и сиропов до ремонта кофейного оборудования. Подберём линейку под ваш формат: от базовых позиций до спешелти — с учётом целевой аудитории и среднего чека. Гибкая логистика и гарантированные объёмы: никаких срывов в пиковые периоды. Один надежный B2B-партнер вместо множества подрядчиков.",parsed_official_pirexpo_api,,2026-10-05T08:23:57Z,pir-expo-2026-official-pirexpo-api-signo-v1.0.2-service-product-leakage-remediation,ok,kept: official PIR Russian-market row with HoReCa product/category evidence,product_evidence,new,no exact email or safe company-owned domain match in current Twenty repeat index,,,,info@arome-samara.ru,arome-samara.ru; аромэ.рф,official_pirexpo_brand_list_api,,skipped_official_email_present,,,info@arome-samara.ru,official API email
ПИР Экспо 2026,26–29 октября 2026,MEAL BOX,MEAL BOX,"Продукты питания, полуфабрикаты, специи и соусы крупной фасовки; Фасовочное и упаковочное оборудование, трейсилеры",Россия / российский рынок,Москва,,"зал 15, стенд 3B26",15,"Продукты питания, полуфабрикаты, специи и соусы крупной фасовки; Фасовочное и упаковочное оборудование, трейсилеры","Предлагаем Вашему вниманию оборудование и упаковку производства компании Mealbox. Продукция Компании Mealbox соответствует всем самым современным запросам рынка. Концепция соединяет в себе богатые практические знания и современный дизайн. Основываясь на многолетнем опыте и технических знаниях, Компания Mealbox создаст идеальное упаковочное решение именно для Вас.",MEAL BOX,https://mealbox.pro/?ysclid=mu3obzgeab420162385,sale4@mealbox.pro,+79774444848,https://pirexpo.com/exposition/all-exhibitors/2530,2530,include,"MEAL BOX | Продукты питания, полуфабрикаты, специи и соусы крупной фасовки; Фасовочное и упаковочное оборудование, трейсилеры | Предлагаем Вашему вниманию оборудование и упаковку производства компании Mealbox. Продукция Компании Mealbox соответствует всем самым современным запросам рынка. Концепция соединяет в себе богатые практические знания и современный дизайн. Основываясь на многолетнем опыте и технических знаниях, Компания Mealbox создаст идеальное упаковочное решение именно для Вас.",parsed_official_pirexpo_api,,2026-10-05T08:23:57Z,pir-expo-2026-official-pirexpo-api-signo-v1.0.2-service-product-leakage-remediation,ok,kept: official PIR Russian-market row with HoReCa product/category evidence,product_evidence,repeat,exact email matched current Twenty repeat index,sale4@mealbox.pro,,Meal-Box,sale4@mealbox.pro,mealbox.pro,official_pirexpo_brand_list_api,,skipped_official_email_present,,,sale4@mealbox.pro,official API email
ПИР Экспо 2026,26–29 октября 2026,H-ESSEN,H-ESSEN,Нейтральное и вспомогательное оборудование,Россия / российский рынок,Москва,,"зал 14, стенд 2D90",14,Нейтральное и вспомогательное оборудование,"H‑ESSEN — российский завод‑производитель, более 20 лет разрабатывающий и выпускающий профессиональное оборудование из нержавеющей стали для предприятий общественного питания, кафе, баров и ресторанов. За годы работы компания завоевала репутацию надёжного партнёра и поставщика качественной продукции.",H-ESSEN,https://h-essen.ru,makss1205@yandex.ru,+7(8362)383538,https://pirexpo.com/exposition/all-exhibitors/2597,2597,include,"H-ESSEN | Нейтральное и вспомогательное оборудование | H‑ESSEN — российский завод‑производитель, более 20 лет разрабатывающий и выпускающий профессиональное оборудование из нержавеющей стали для предприятий общественного питания, кафе, баров и ресторанов. За годы работы компания завоевала репутацию надёжного партнёра и поставщика качественной продукции.",parsed_official_pirexpo_api,,2026-10-05T08:23:57Z,pir-expo-2026-official-pirexpo-api-signo-v1.0.2-service-product-leakage-remediation,ok,kept: official PIR Russian-market row with HoReCa product/category evidence,product_evidence,new,no exact email or safe company-owned domain match in current Twenty repeat index,,,,makss1205@yandex.ru,h-essen.ru; yandex.ru,official_pirexpo_brand_list_api,,skipped_official_email_present,,,makss1205@yandex.ru,official API email
ПИР Экспо 2026,26–29 октября 2026,IL PUNTO ITALIANA,IL PUNTO ITALIANA,кондитерский декор; Сиропы; формы кондитерские,Россия / российский рынок,Москва,,"зал 15, стенд 3A36",15,кондитерский декор; Сиропы; формы кондитерские,Эксклюзивный импортер итальянских красителей и декора для кондитерских изделий. А так же поликарбонатные формы для шоколада и ингредиенты для выпечки.,IL PUNTO ITALIANA,https://gradiente.ru,info@gradiente.ru,+79851474774,https://pirexpo.com/exposition/all-exhibitors/2583,2583,include,IL PUNTO ITALIANA | кондитерский декор; Сиропы; формы кондитерские | Эксклюзивный импортер итальянских красителей и декора для кондитерских изделий. А так же поликарбонатные формы для шоколада и ингредиенты для выпечки.,parsed_official_pirexpo_api,,2026-10-05T08:23:57Z,pir-expo-2026-official-pirexpo-api-signo-v1.0.2-service-product-leakage-remediation,ok,kept: official PIR Russian-market row with HoReCa product/category evidence,product_evidence,new,no exact email or safe company-owned domain match in current Twenty repeat index,,,,info@gradiente.ru,gradiente.ru,official_pirexpo_brand_list_api,,skipped_official_email_present,,,info@gradiente.ru,official API email
ПИР Экспо 2026,26–29 октября 2026,KRAFT,KRAFT,"Морозильные лари, бонеты; Мини-бары; Холодильные и морозильные камеры",Россия / российский рынок,Москва,,"зал 14, стенд 2F56",14,"Морозильные лари, бонеты; Мини-бары; Холодильные и морозильные камеры","KRAFT — российский бренд бытовой техники и торгового холодильного оборудования. В ассортименте представлены морозильные лари и витрины, холодильники и мини-бары, стиральные машины, плиты, климатическая техника, а также мелкая техника для дома. По данным GfK, морозильная техника KRAFT занимает ТОП 6 по продажам на Юге России за период с января по июль 2026 года. Собственное российское производство — завод KRAFT Technology, выпускающий морозильную технику, — гарантирует стабильно высокое качество, соблюдение сроков производства и своевременные поставки техники по всей России и зарубежом.",KRAFT,https://kraftltd.com,info@kraftltd.com,+7 (863) 255 44 56,https://pirexpo.com/exposition/all-exhibitors/2653,2653,include,"KRAFT | Морозильные лари, бонеты; Мини-бары; Холодильные и морозильные камеры | KRAFT — российский бренд бытовой техники и торгового холодильного оборудования. В ассортименте представлены морозильные лари и витрины, холодильники и мини-бары, стиральные машины, плиты, климатическая техника, а также мелкая техника для дома. По данным GfK, морозильная техника KRAFT занимает ТОП 6 по продажам на Юге России за период с января по июль 2026 года. Собственное российское производство — завод KRAFT Technology, выпускающий морозильную технику, — гарантирует стабильно высокое качество, соблюдение сроков производства и своевременные поставки техники по всей России и зарубежом.",parsed_official_pirexpo_api,,2026-10-05T08:23:57Z,pir-expo-2026-official-pirexpo-api-signo-v1.0.2-service-product-leakage-remediation,ok,kept: official PIR Russian-market row with HoReCa product/category evidence,product_evidence,repeat,exact email matched current Twenty repeat index,info@kraftltd.com,,Крафт Технолоджи,info@kraftltd.com,kraftltd.com,official_pirexpo_brand_list_api,,skipped_official_email_present,,,info@kraftltd.com,official API email
ПИР Экспо 2026,26–29 октября 2026,COOLBREW,COOLBREW,молоко; Зеленое зерно; Обжаренное зерно; Молотый кофе; Растворимый кофе,Россия / российский рынок,Москва,,"зал 13, стенд 1D131",13,молоко; Зеленое зерно; Обжаренное зерно; Молотый кофе; Растворимый кофе,"CoolBrew — кофейный бренд, созданный людьми из кофейной индустрии. Мы делаем готовые напитки и экстракты по собственной запатентованной технологии горячей экстракции. Полный цикл производства от зерна до банки, только натуральные ингредиенты. Наша задача — освободить человека от выбора между качеством и временем: пять секунд, и в руках напиток со стандартом кофейни. Располагать своим временем — это свобода. CoolBrew освобождает минуты, принадлежащие тебе.",COOLBREW,https://coolbrew.ru,marketing@coolbrewco.com,+79099755055,https://pirexpo.com/exposition/all-exhibitors/2398,2398,include,"COOLBREW | молоко; Зеленое зерно; Обжаренное зерно; Молотый кофе; Растворимый кофе | CoolBrew — кофейный бренд, созданный людьми из кофейной индустрии. Мы делаем готовые напитки и экстракты по собственной запатентованной технологии горячей экстракции. Полный цикл производства от зерна до банки, только натуральные ингредиенты. Наша задача — освободить человека от выбора между качеством и временем: пять секунд, и в руках напиток со стандартом кофейни. Располагать своим временем — это свобода. CoolBrew освобождает минуты, принадлежащие тебе.",parsed_official_pirexpo_api,,2026-10-05T08:23:57Z,pir-expo-2026-official-pirexpo-api-signo-v1.0.2-service-product-leakage-remediation,ok,kept: official PIR Russian-market row with HoReCa product/category evidence,product_evidence,repeat,exact email matched current Twenty repeat index,marketing@coolbrewco.com,,Кулбрю,marketing@coolbrewco.com,coolbrew.ru; coolbrewco.com,official_pirexpo_brand_list_api,,skipped_official_email_present,,,marketing@coolbrewco.com,official API email
ПИР Экспо 2026,26–29 октября 2026,SAMOVARTIME,SAMOVARTIME,Зелёный; Черный; Белый; Желтый; Улун; Пуэр; Ройбуш; Матэ; Матча; Иван-чай; Травяной чай; Тизан; Фруктовый чай; Пакетированные чаи; Саше; Чай в стиках; Быстрорастворимые чаи; Чайные экстракты,Россия / российский рынок,Москва,,"зал 13, стенд 1B110",13,Зелёный; Черный; Белый; Желтый; Улун; Пуэр; Ройбуш; Матэ; Матча; Иван-чай; Травяной чай; Тизан; Фруктовый чай; Пакетированные чаи; Саше; Чай в стиках; Быстрорастворимые чаи; Чайные экстракты,"Samovartime - производитель и импортер чая для розничного и профессионального рынка. Импортируем чай напрямую из Вьетнама, Китая и Индии, контролируя качество сырья и поставок. Собственное производство позволяет создавать чайные купажи и выпускать продукцию под собственным брендом и СТМ. Работаем с HoReCa, розничными сетями, магазинами, маркетплейсами и оптовыми клиентами.",ПЕРМСКИЙ ФОНД РАЗВИТИЯ ПРЕДПРИНИМАТЕЛЬСТВА,https://samovartime.ru,ponomarev.orient@yandex.ru,+79630156233,https://pirexpo.com/exposition/all-exhibitors/2622,2622,include,"SAMOVARTIME | Зелёный; Черный; Белый; Желтый; Улун; Пуэр; Ройбуш; Матэ; Матча; Иван-чай; Травяной чай; Тизан; Фруктовый чай; Пакетированные чаи; Саше; Чай в стиках; Быстрорастворимые чаи; Чайные экстракты | Samovartime - производитель и импортер чая для розничного и профессионального рынка. Импортируем чай напрямую из Вьетнама, Китая и Индии, контролируя качество сырья и поставок. Собственное производство позволяет создавать чайные купажи и выпускать продукцию под собственным брендом и СТМ. Работаем с HoReCa, розничными сетями, магазинами, маркетплейсами и оптовыми клиентами.",parsed_official_pirexpo_api,,2026-10-05T08:23:57Z,pir-expo-2026-official-pirexpo-api-signo-v1.0.2-service-product-leakage-remediation,ok,kept: official PIR Russian-market row with HoReCa product/category evidence,product_evidence,repeat,safe non-generic company-owned domain matched current Twenty repeat index,,samovartime.ru,Ориент,ponomarev.orient@yandex.ru,samovartime.ru; yandex.ru,official_pirexpo_brand_list_api,,skipped_official_email_present,,,ponomarev.orient@yandex.ru,official API email
ПИР Экспо 2026,26–29 октября 2026,РУССКИЙ ЛЕС,РУССКИЙ ЛЕС,Топпинги; консервированная продукция; Сиропы; Фруктовое пюре; Продукты для здорового питания; Готовая еда; фрукты; ягоды; плоды и ягоды,Россия / российский рынок,Москва,,"зал 13, стенд 1B110",13,Топпинги; консервированная продукция; Сиропы; Фруктовое пюре; Продукты для здорового питания; Готовая еда; фрукты; ягоды; плоды и ягоды,"""Русский лес"" - производитель натуральных ягодных джемов, варенья и десертов из Пермского края. Мы создаем продукты, в которых сохраняем знакомые вкусы ягод, лесных орехов, шишек и трав.",ПЕРМСКИЙ ФОНД РАЗВИТИЯ ПРЕДПРИНИМАТЕЛЬСТВА,https://forestrussia.ru,nik@forestrussia.ru,+79822351717,https://pirexpo.com/exposition/all-exhibitors/2623,2623,include,"РУССКИЙ ЛЕС | Топпинги; консервированная продукция; Сиропы; Фруктовое пюре; Продукты для здорового питания; Готовая еда; фрукты; ягоды; плоды и ягоды | ""Русский лес"" - производитель натуральных ягодных джемов, варенья и десертов из Пермского края. Мы создаем продукты, в которых сохраняем знакомые вкусы ягод, лесных орехов, шишек и трав.",parsed_official_pirexpo_api,,2026-10-05T08:23:57Z,pir-expo-2026-official-pirexpo-api-signo-v1.0.2-service-product-leakage-remediation,ok,kept: official PIR Russian-market row with HoReCa product/category evidence,product_evidence,repeat,safe non-generic company-owned domain matched current Twenty repeat index,,forestrussia.ru,Русский Лес,nik@forestrussia.ru,forestrussia.ru,official_pirexpo_brand_list_api,,skipped_official_email_present,,,nik@forestrussia.ru,official API email
ПИР Экспо 2026,26–29 октября 2026,NICKS HOUSE COFFEE ROASTING,NICKS HOUSE COFFEE ROASTING,Зеленое зерно; Обжаренное зерно; Кофе в капсулах; Кофе в чалдах; Кофе в дрип-пакетах; Молотый кофе; Растворимый кофе; Каскара,Россия / российский рынок,Москва,,"зал 13, стенд 1B110",13,Зеленое зерно; Обжаренное зерно; Кофе в капсулах; Кофе в чалдах; Кофе в дрип-пакетах; Молотый кофе; Растворимый кофе; Каскара,"Nicks House coffee - производство и обжарка кофе. Поставки в кофейни, кафе, рестораны, офисы.",ПЕРМСКИЙ ФОНД РАЗВИТИЯ ПРЕДПРИНИМАТЕЛЬСТВА,https://www.nickshouse.ru,brodnikoff@bk.ru,+79523399166,https://pirexpo.com/exposition/all-exhibitors/2624,2624,include,"NICKS HOUSE COFFEE ROASTING | Зеленое зерно; Обжаренное зерно; Кофе в капсулах; Кофе в чалдах; Кофе в дрип-пакетах; Молотый кофе; Растворимый кофе; Каскара | Nicks House coffee - производство и обжарка кофе. Поставки в кофейни, кафе, рестораны, офисы.",parsed_official_pirexpo_api,,2026-10-05T08:23:57Z,pir-expo-2026-official-pirexpo-api-signo-v1.0.2-service-product-leakage-remediation,ok,kept: official PIR Russian-market row with HoReCa product/category evidence,product_evidence,new,no exact email or safe company-owned domain match in current Twenty repeat index,,,,brodnikoff@bk.ru,bk.ru; nickshouse.ru,official_pirexpo_brand_list_api,,skipped_official_email_present,,,brodnikoff@bk.ru,official API email
ПИР Экспо 2026,26–29 октября 2026,ПРОМЁД,ПРОМЁД,Камбуча; Сиропы; сиропы; Продукты для здорового питания; Фермерские продукты; Готовая еда; Топпинги,Россия / российский рынок,Москва,,"зал 13, стенд 1B110",13,Камбуча; Сиропы; сиропы; Сиропы; Продукты для здорового питания; Фермерские продукты; Готовая еда; Топпинги,"Натуральные продукты для Вашего здоровья - ""Научно-производственное объединение ""Промёд"". Основа всей продукции компании - натуральные природные компоненты высокого качества, без консервантов, красителей, искусственных добавок. Собственная пасека. Собственное производство. Собственные технологии. Индивидуальный подход. Комбуча, бальзамы, медовые смеси, варенье.",ПЕРМСКИЙ ФОНД РАЗВИТИЯ ПРЕДПРИНИМАТЕЛЬСТВА,https://promed.pro,info@promed.pro,+79194871530,https://pirexpo.com/exposition/all-exhibitors/2625,2625,include,"ПРОМЁД | Камбуча; Сиропы; сиропы; Продукты для здорового питания; Фермерские продукты; Готовая еда; Топпинги | Натуральные продукты для Вашего здоровья - ""Научно-производственное объединение ""Промёд"". Основа всей продукции компании - натуральные природные компоненты высокого качества, без консервантов, красителей, искусственных добавок. Собственная пасека. Собственное производство. Собственные технологии. Индивидуальный подход. Комбуча, бальзамы, медовые смеси, варенье.",parsed_official_pirexpo_api,,2026-10-05T08:23:57Z,pir-expo-2026-official-pirexpo-api-signo-v1.0.2-service-product-leakage-remediation,ok,kept: official PIR Russian-market row with HoReCa product/category evidence,product_evidence,repeat,exact email matched current Twenty repeat index,info@promed.pro,,Промёд,info@promed.pro,promed.pro,official_pirexpo_brand_list_api,,skipped_official_email_present,,,info@promed.pro,official API email
ПИР Экспо 2026,26–29 октября 2026,КАМА СПА,КАМА СПА,Оборудование для Wellness & SPA; Другое; Предметы интерьера; Гостиничная и корпусная мебель; Оборудование для барбекю; Уличная мебель; Оборудование для СПА-комплексов; Бани; Предметы интерьера и декора; Бассейны. Оборудование. Химия,Россия / российский рынок,Москва,,"зал 15, стенд 4G138",15,Оборудование для Wellness & SPA; Другое; Предметы интерьера; Гостиничная и корпусная мебель; Оборудование для барбекю; Уличная мебель; Оборудование для СПА-комплексов; Бани; Предметы интерьера и декора; Бассейны. Оборудование. Химия; Другое,"Компания КАМА СПА - производитель премиальных купелей фурако и ледяных ванн. КАМА СПА создает стильные пространства в отелях, глэмпингах и спа-комплексах. Создаем и развиваем новую культуру загородной жизни в России.",ПЕРМСКИЙ ФОНД РАЗВИТИЯ ПРЕДПРИНИМАТЕЛЬСТВА,https://elbrus-grill.ru,info@elbrus-grill.ru,+79197022878,https://pirexpo.com/exposition/all-exhibitors/2626,2626,include,"КАМА СПА | Оборудование для Wellness & SPA; Другое; Предметы интерьера; Гостиничная и корпусная мебель; Оборудование для барбекю; Уличная мебель; Оборудование для СПА-комплексов; Бани; Предметы интерьера и декора; Бассейны. Оборудование. Химия | Компания КАМА СПА - производитель премиальных купелей фурако и ледяных ванн. КАМА СПА создает стильные пространства в отелях, глэмпингах и спа-комплексах. Создаем и развиваем новую культуру загородной жизни в России.",parsed_official_pirexpo_api,,2026-10-05T08:23:57Z,pir-expo-2026-official-pirexpo-api-signo-v1.0.2-service-product-leakage-remediation,ok,kept: official PIR Russian-market row with HoReCa product/category evidence,product_evidence,repeat,safe non-generic company-owned domain matched current Twenty repeat index,,elbrus-grill.ru,Elbrus Home,info@elbrus-grill.ru,elbrus-grill.ru,official_pirexpo_brand_list_api,,skipped_official_email_present,,,info@elbrus-grill.ru,official API email
ПИР Экспо 2026,26–29 октября 2026,TAPOLETTI,TAPOLETTI,"Униформа, обувь; Расходные материалы; Гостиничный текстиль, махровые изделия; Расходные материалы и хозяйственные товары",Россия / российский рынок,Москва,,"зал 15, стенд 4G138",15,"Униформа, обувь; Расходные материалы; Гостиничный текстиль, махровые изделия; Расходные материалы и хозяйственные товары","Tapoletti - производитель одноразовых и домашних тапочек с 2007 года. Собственное производство в г.Пермь. Изготавливаем тапочки для отелей, SPA, клиник и других предприятий сферы гостеприимства и сервиса. Работаем с оптовыми компаниями, поставщиками и гостиничными сетями. Производим стандартные модели и тапочки с логотипом и индивидуальным дизайном.",ПЕРМСКИЙ ФОНД РАЗВИТИЯ ПРЕДПРИНИМАТЕЛЬСТВА,https://vk.ru/tapochkiperm,altair.ural@mail.ru,+79082715713,https://pirexpo.com/exposition/all-exhibitors/2627,2627,include,"TAPOLETTI | Униформа, обувь; Расходные материалы; Гостиничный текстиль, махровые изделия; Расходные материалы и хозяйственные товары | Tapoletti - производитель одноразовых и домашних тапочек с 2007 года. Собственное производство в г.Пермь. Изготавливаем тапочки для отелей, SPA, клиник и других предприятий сферы гостеприимства и сервиса. Работаем с оптовыми компаниями, поставщиками и гостиничными сетями. Производим стандартные модели и тапочки с логотипом и индивидуальным дизайном.",parsed_official_pirexpo_api,,2026-10-05T08:23:57Z,pir-expo-2026-official-pirexpo-api-signo-v1.0.2-service-product-leakage-remediation,ok,kept: official PIR Russian-market row with HoReCa product/category evidence,product_evidence,repeat,safe non-generic company-owned domain matched current Twenty repeat index,,vk.ru,Кондитерская фабрика Верность качеству,altair.ural@mail.ru,mail.ru; vk.ru,official_pirexpo_brand_list_api,,skipped_official_email_present,,,altair.ural@mail.ru,official API email
ПИР Экспо 2026,26–29 октября 2026,"EQUIP GROUP (VENIX, CANCAN, LIEBHERR)","EQUIP GROUP (VENIX, CANCAN, LIEBHERR)",Нейтральное и вспомогательное оборудование; Оборудование для производства мороженого; Оборудование для пищевых производств; Посудомоечное оборудование; Инженерное кухонное оборудование,российский рынок (официальный каталог ПИР Экспо; страна не указана),Москва,,"зал 14, стенд 2D44; зал 14, стенд 2D50",14,Нейтральное и вспомогательное оборудование; Оборудование для производства мороженого; Оборудование для пищевых производств; Посудомоечное оборудование; Инженерное кухонное оборудование,,EQUIP GROUP,,kartashov@equip.group,,https://pirexpo.com/exposition/all-exhibitors/2088,2088,include,"EQUIP GROUP (VENIX, CANCAN, LIEBHERR) | Нейтральное и вспомогательное оборудование; Оборудование для производства мороженого; Оборудование для пищевых производств; Посудомоечное оборудование; Инженерное кухонное оборудование",parsed_official_pirexpo_api,website,2026-10-05T08:23:57Z,pir-expo-2026-official-pirexpo-api-signo-v1.0.2-service-product-leakage-remediation,ok,kept: official PIR Russian-market row with HoReCa product/category evidence,product_evidence,new,no exact email or safe company-owned domain match in current Twenty repeat index,,,,kartashov@equip.group,equip.group,official_pirexpo_brand_list_api,,skipped_official_email_present,,,kartashov@equip.group,official API email
ПИР Экспо 2026,26–29 октября 2026,LA MARZOCCO,LA MARZOCCO,Запасные части для кофемашин; Кофемашины; Эспрессо кофемолки,Россия / российский рынок,Москва,,,,Запасные части для кофемашин; Кофемашины; Эспрессо кофемолки,"ООО «ЛМ Рус» - эксклюзивный дистрибьютор La Marzocco на территории Российской Федерации и Республики Беларусь. Мы являемся официальным импортером оборудования и комплектующих легендарного итальянского бренда La Marzocco - производителя профессиональных эспрессо-машин, модульных решений Modbar и фирменных кофемолок. Принцип работы компании «ЛМ Рус» - предлагать только оригинальные продукты и сервис мирового уровня. Мы сопровождаем клиента на всех этапах: от подбора конфигурации и опций до персонализации и модификаций, поставки, монтажа, обучения. «ЛМ Рус» обеспечивает рынок HoReCa надёжным современным оборудованием и качественной сервисной поддержкой. Мы поддерживаем крупный складской запас техники и комплектующих в Москве, что позволяет обеспечивать минимально возможные сроки поставки и оперативно закрывать потребности партнёров. Компания уделяет особое внимание сервису и техническому сопровождению. Разветвлённая сеть сертифицированных партнёров обеспечивает поддержку по всей России и Беларуси: более 100 сервисных компаний в 60 городах, а постгарантийное обслуживание доступно благодаря 159 компаниям-партнёрам. Это охватывает весь спектр работ: от диагностики до восстановления оборудования. La Marzocco - бренд с флорентийским наследием, основанный в 1927 году, чьи решения ценят профессионалы по всему миру за стабильность, технологичность и культ дизайна эспрессо. С «ЛМ Рус» вы получаете доступ к этому опыту и качеству - в формате, удобном вашему бизнесу.",,https://www.lamarzocco.su,sales@lamarzocco.su,+7 (495) 960-70-75,https://pirexpo.com/exposition/all-exhibitors/1937,1937,include,"LA MARZOCCO | Запасные части для кофемашин; Кофемашины; Эспрессо кофемолки | ООО «ЛМ Рус» - эксклюзивный дистрибьютор La Marzocco на территории Российской Федерации и Республики Беларусь. Мы являемся официальным импортером оборудования и комплектующих легендарного итальянского бренда La Marzocco - производителя профессиональных эспрессо-машин, модульных решений Modbar и фирменных кофемолок. Принцип работы компании «ЛМ Рус» - предлагать только оригинальные продукты и сервис мирового уровня. Мы сопровождаем клиента на всех этапах: от подбора конфигурации и опций до персонализации и модификаций, поставки, монтажа, обучения. «ЛМ Рус» обеспечивает рынок HoReCa надёжным современным оборудованием и качественной сервисной поддержкой. Мы поддерживаем крупный складской запас т",parsed_official_pirexpo_api,,2026-10-05T08:23:57Z,pir-expo-2026-official-pirexpo-api-signo-v1.0.2-service-product-leakage-remediation,ok,kept: official PIR Russian-market row with HoReCa product/category evidence,product_evidence,new,no exact email or safe company-owned domain match in current Twenty repeat index,,,,sales@lamarzocco.su,lamarzocco.su,official_pirexpo_brand_list_api,,skipped_official_email_present,,,sales@lamarzocco.su,official API email
ПИР Экспо 2026,26–29 октября 2026,СМИРНОВЪ,СМИРНОВЪ,"Грили; Тостеры; Фритюрницы; Пищеварочные котлы, опрокидывающиеся сковороды; Оборудование Sous-Vide; Печи для пиццы; Оборудование для мойки продуктов; Холодильные витрины; Кондитерские витрины; Тепловые витрины; Морозильные лари, бонеты; Холодильные горки; Холодильные шкафы; Вендинговые аппараты; Прилавки и кассовые боксы; Торговые стеллажи; Хлебопекарное оборудование; Холодильные столы; Морозильные и холодильные шкафы; Аппаараты для шокового охлаждения и заморозки",Россия / российский рынок,Москва,,"зал 14, стенд 2E70",14,"Грили; Тостеры; Фритюрницы; Пищеварочные котлы, опрокидывающиеся сковороды; Оборудование Sous-Vide; Печи для пиццы; Оборудование для мойки продуктов; Холодильные витрины; Кондитерские витрины; Тепловые витрины; Морозильные лари, бонеты; Холодильные горки; Холодильные шкафы; Вендинговые аппараты; Прилавки и кассовые боксы; Торговые стеллажи; Хлебопекарное оборудование; Холодильные столы; Морозильные и холодильные шкафы; Аппаараты для шокового охлаждения и заморозки; Холодильные камеры, моноблоки, сплит-системы; Холодильные и морозильные камеры; Шкафы для сухого вызревания мяса; Винные шкафы; Расстоечные шкафы; Хлебопекарные печи; Тестомесы; Планетарные миксеры; Тестораскаточные/тестозакаточные машины; Аппараты для сахарной ваты, попкорна, кукурузы; Аппараты для горячего шоколада; Оборудование для шаурмы, шашлычницы; Грили для приготовления кур; Аппараты для хот-догов; Пончиковые аппараты, чебуречницы; Блинницы, Вафельницы; Мясорубки, пилы ленточные; Овощечистки и Овощерезки; Куттеры, бликсеры; Слайсеры; Фаршмешалки, мясорыхлители (тендерайзеры); Измельчители пищевых отходов; Лапшерезки; Оборудование измельчения и нарезки; Тележки гостиничные; Тепловое оборудование; Оборудование для замеса, формовки и расстойки теста; Оборудовние для шоковой заморозки; Оборудовние для интенсивного охлаждения; Линии раздачи; Мармиты, чафиндиши; Буфеты, Шведские столы, Салат-бары; Нейтральное и вспомогательное оборудование; Оборудование для производства мороженого; Транспортировочные и банкетные тележки; Термобоксы, термоконтейнеры; Оборудование для пищевых производств; Посудомоечное оборудование; Пароконвектоматы; Конвекционные печи; Электрические Плиты; Газовые плиты","«СМИРНОВЪ» - это крупнейший дистрибьюторский центр, реализующий коммерческое и промышленное холодильное оборудование, а также электро-механическое, нейтральное и профессиональное кухонное оборудование для баров, кафе, ресторанов и многих других мест общественного питания, прачечное оборудование. Компании более 29 лет. Развитая складская логистика на территории РФ и стран ближнего зарубежья, более 20 складов.",СМИРНОВЪ,https://www.smirnov.ooo,info@grk.su,+7 (800) 250-55-66,https://pirexpo.com/exposition/all-exhibitors/2129,2129,include,"СМИРНОВЪ | Грили; Тостеры; Фритюрницы; Пищеварочные котлы, опрокидывающиеся сковороды; Оборудование Sous-Vide; Печи для пиццы; Оборудование для мойки продуктов; Холодильные витрины; Кондитерские витрины; Тепловые витрины; Морозильные лари, бонеты; Холодильные горки; Холодильные шкафы; Вендинговые аппараты; Прилавки и кассовые боксы; Торговые стеллажи; Хлебопекарное оборудование; Холодильные столы; Морозильные и холодильные шкафы; Аппаараты для шокового охлаждения и заморозки | «СМИРНОВЪ» - это крупнейший дистрибьюторский центр, реализующий коммерческое и промышленное холодильное оборудование, а также электро-механическое, нейтральное и профессиональное кухонное оборудование для баров, кафе, ресторанов и многих других мест общественного питания, прачечное оборудование. Компании более 29 лет. Развитая складская логистика на территории РФ и стран ближнего зарубежья, более 20 складов.",parsed_official_pirexpo_api,,2026-10-05T08:23:57Z,pir-expo-2026-official-pirexpo-api-signo-v1.0.2-service-product-leakage-remediation,ok,kept: official PIR Russian-market row with HoReCa product/category evidence,product_evidence,new,no exact email or safe company-owned domain match in current Twenty repeat index,,,,info@grk.su,grk.su; smirnov.ooo,official_pirexpo_brand_list_api,,skipped_official_email_present,,,info@grk.su,official API email
ПИР Экспо 2026,26–29 октября 2026,ОРТГРАФ,ОРТГРАФ,"Отделочные материалы, покрытия",Россия / российский рынок,Москва,,"зал 15, стенд 4G72",15,"Отделочные материалы, покрытия","ОРТГРАФ — профессиональный эксперт в подборе материалов для отелей, общественных и коммерческих пространств. С 1997 года компания работает с архитекторами, дизайнерами, девелоперами и гостиничными операторами, помогая подбирать материалы под задачи проекта, бюджет и требования эксплуатации. В портфеле ОРТГРАФ — напольные и настенные покрытия, текстильные решения, акустические материалы и другие продукты для оформления интерьеров. Компания сопровождает проект на всех этапах — от концепции и образцов до поставки и реализации, обеспечивая качество, надежность и профессиональную поддержку.",ОРТГРАФ,https://ortgraph.ru,ortgraph@ortgraph.ru,+7 (495) 221 0038,https://pirexpo.com/exposition/all-exhibitors/2495,2495,include,"ОРТГРАФ | Отделочные материалы, покрытия | ОРТГРАФ — профессиональный эксперт в подборе материалов для отелей, общественных и коммерческих пространств. С 1997 года компания работает с архитекторами, дизайнерами, девелоперами и гостиничными операторами, помогая подбирать материалы под задачи проекта, бюджет и требования эксплуатации. В портфеле ОРТГРАФ — напольные и настенные покрытия, текстильные решения, акустические материалы и другие продукты для оформления интерьеров. Компания сопровождает проект на всех этапах — от концепции и образцов до поставки и реализации, обеспечивая качество, надежность и профессиональную поддержку.",parsed_official_pirexpo_api,,2026-10-05T08:23:57Z,pir-expo-2026-official-pirexpo-api-signo-v1.0.2-service-product-leakage-remediation,ok,kept: official PIR Russian-market row with HoReCa product/category evidence,product_evidence,new,no exact email or safe company-owned domain match in current Twenty repeat index,,,,ortgraph@ortgraph.ru,ortgraph.ru,official_pirexpo_brand_list_api,,skipped_official_email_present,,,ortgraph@ortgraph.ru,official API email
ПИР Экспо 2026,26–29 октября 2026,СУЛТАН,СУЛТАН,мучные полуфабрикаты; замороженные изделия,Россия / российский рынок,Москва,,"зал 15, стенд 3A46",15,мучные полуфабрикаты; замороженные изделия,"Компания SULTAN занимает лидирующие позиции в сфере производства замороженной продукции на рынке России. Ассортимент продукции – замороженные готовые блюда, кондитерская продукция любого уровня сложности, традиционная и национальная выпечка, хлебобулочные изделия, 100% готовности.",СУЛТАН,https://sultanfood.ru,kam1@sultanfood.ru,+7-965 592-99-97,https://pirexpo.com/exposition/all-exhibitors/2564,2564,include,"СУЛТАН | мучные полуфабрикаты; замороженные изделия | Компания SULTAN занимает лидирующие позиции в сфере производства замороженной продукции на рынке России. Ассортимент продукции – замороженные готовые блюда, кондитерская продукция любого уровня сложности, традиционная и национальная выпечка, хлебобулочные изделия, 100% готовности.",parsed_official_pirexpo_api,,2026-10-05T08:23:57Z,pir-expo-2026-official-pirexpo-api-signo-v1.0.2-service-product-leakage-remediation,ok,kept: official PIR Russian-market row with HoReCa product/category evidence,product_evidence,repeat,safe non-generic company-owned domain matched current Twenty repeat index,,sultanfood.ru,Султан,kam1@sultanfood.ru,sultanfood.ru,official_pirexpo_brand_list_api,,skipped_official_email_present,,,kam1@sultanfood.ru,official API email
ПИР Экспо 2026,26–29 октября 2026,REDGASTRO,REDGASTRO,"Грили; Тостеры; Фритюрницы; Печи для пиццы; Тепловые витрины; Расстоечные шкафы; Хлебопекарные печи; Тестомесы; Планетарные миксеры; Тестораскаточные/тестозакаточные машины; Оборудование для шаурмы, шашлычницы; Аппараты для хот-догов; Блинницы, Вафельницы; Нейтральное и вспомогательное оборудование; Оборудование для производства мороженого; Транспортировочные и банкетные тележки; Термобоксы, термоконтейнеры; Посудомоечное оборудование; Пароконвектоматы; Конвекционные печи",Россия / российский рынок,Москва,,"зал 13, стенд 1C51",13,"Грили; Тостеры; Фритюрницы; Печи для пиццы; Тепловые витрины; Расстоечные шкафы; Хлебопекарные печи; Тестомесы; Планетарные миксеры; Тестораскаточные/тестозакаточные машины; Оборудование для шаурмы, шашлычницы; Аппараты для хот-догов; Блинницы, Вафельницы; Нейтральное и вспомогательное оборудование; Оборудование для производства мороженого; Транспортировочные и банкетные тележки; Термобоксы, термоконтейнеры; Посудомоечное оборудование; Пароконвектоматы; Конвекционные печи","Компания REDGASTRO является дистрибьютором профессионального оборудования для предприятий общественного питания и сферы гостеприимства. REDGASTRO входит в группу компаний ВИСТЕКС, которая ведет свою деятельность на рынке оборудования для HoReCa с 1999 года. REDGASTRO – это официальный дистрибьютор ведущих брендов Европы и Азии. Ассортимент компании позволяет оснастить любое предприятие сферы HoReCa: от кофейни, точки фаст-фуд, кафе и ресторана до прачечной и отеля. ПРЕИМУЩЕСТВА работы с REDGASTRO: - Команда профессионалов с многолетним опытом, - Прямые поставки оборудования ведущих мировых брендов, - Услуги сервиса и технического облуживания по всей России, - Наличие на складе запасных частей и расходных материалов, - Шоурум и зона для проведения мастер-классов в Москве, - Три склада в Москве и оперативная доставка.",REDGASTRO,https://redgastro.ru,info@redgastro.ru,+7 (495) 664-40-41,https://pirexpo.com/exposition/all-exhibitors/2679,2679,include,"REDGASTRO | Грили; Тостеры; Фритюрницы; Печи для пиццы; Тепловые витрины; Расстоечные шкафы; Хлебопекарные печи; Тестомесы; Планетарные миксеры; Тестораскаточные/тестозакаточные машины; Оборудование для шаурмы, шашлычницы; Аппараты для хот-догов; Блинницы, Вафельницы; Нейтральное и вспомогательное оборудование; Оборудование для производства мороженого; Транспортировочные и банкетные тележки; Термобоксы, термоконтейнеры; Посудомоечное оборудование; Пароконвектоматы; Конвекционные печи | Компания REDGASTRO является дистрибьютором профессионального оборудования для предприятий общественного питания и сферы гостеприимства. REDGASTRO входит в группу компаний ВИСТЕКС, которая ведет свою деятельность на рынке оборудования для HoReCa с 1999 года. REDGASTRO – это официальный дистрибьютор ведущих брендов Европы и Азии. Ассортимент компании позволяет оснастить любое предприятие сферы HoReCa: от кофейни, точки фаст-фуд, кафе и ресторана до прачечной и отеля. ПРЕИМУЩЕСТВА работы с REDGASTRO: - Команда профессионалов с многолетним опытом, - Прямые поставки оборудования ведущих мировых брендов, - Услуги сервиса и технического облуживания по всей России, - Наличие на складе запасных часте",parsed_official_pirexpo_api,,2026-10-05T08:23:57Z,pir-expo-2026-official-pirexpo-api-signo-v1.0.2-service-product-leakage-remediation,ok,kept: official PIR Russian-market row with HoReCa product/category evidence,product_evidence,new,no exact email or safe company-owned domain match in current Twenty repeat index,,,,info@redgastro.ru,redgastro.ru,official_pirexpo_brand_list_api,,skipped_official_email_present,,,info@redgastro.ru,official API email
ПИР Экспо 2026,26–29 октября 2026,GOURMET STYLE,GOURMET STYLE,Бойлеры; Кофемашины; Автоматические; Полуавтоматические; Суперавтомат; Запасные части для кофемашин; Сервисное обслуживание; Эспрессо кофемолки; Кофемолки для альтернативного заваривания; Ручные кофемолки; Весы; Воронки для заваривания; Питчеры; Сервировочные чайники; Приспособление для колд-брю; Темперы; Чайники для альтернативного заваривания кофе; Фильтры; Термосы; Чайники,Россия / российский рынок,Москва,,"зал 13, стенд 1E20",13,"Бойлеры; Кофемашины; Автоматические; Полуавтоматические; Суперавтомат; Запасные части для кофемашин; Сервисное обслуживание; Эспрессо кофемолки; Кофемолки для альтернативного заваривания; Ручные кофемолки; Весы; Воронки для заваривания; Питчеры; Сервировочные чайники; Приспособление для колд-брю; Темперы; Чайники для альтернативного заваривания кофе; Фильтры; Фильтры; Термосы; Чайники; Фильтры для очистки воды; Насосы и помпы для воды; Профессиональная химия, клининг","Gourmet Style — российская компания, уже более 25 лет поставляющая профессиональное оборудование для индустрии напитков: кофеен, ресторанов, баров, сетей быстрого питания и АЗС. Компания представляет свыше 20 всемирно известных брендов оборудования, включая Eversys, и позиционирует себя как эксперта в области кофейной и чайной индустрии для бизнеса любого масштаба — от частных клиентов до федеральных сетей. Специалисты Gourmet Style регулярно проходят международную сертификацию и делятся экспертизой с партнёрами через семинары и мастер-классы.",GOURMET STYLE,https://gourmetstyle.ru,sales@gourmetstyle.ru,+74959701742,https://pirexpo.com/exposition/all-exhibitors/2264,2264,include,"GOURMET STYLE | Бойлеры; Кофемашины; Автоматические; Полуавтоматические; Суперавтомат; Запасные части для кофемашин; Сервисное обслуживание; Эспрессо кофемолки; Кофемолки для альтернативного заваривания; Ручные кофемолки; Весы; Воронки для заваривания; Питчеры; Сервировочные чайники; Приспособление для колд-брю; Темперы; Чайники для альтернативного заваривания кофе; Фильтры; Термосы; Чайники | Gourmet Style — российская компания, уже более 25 лет поставляющая профессиональное оборудование для индустрии напитков: кофеен, ресторанов, баров, сетей быстрого питания и АЗС. Компания представляет свыше 20 всемирно известных брендов оборудования, включая Eversys, и позиционирует себя как эксперта в области кофейной и чайной индустрии для бизнеса любого масштаба — от частных клиентов до федеральных сетей. Специалисты Gourmet Style регулярно проходят международную сертификацию и делятся экспертизой с партнёрами через семинары и мастер-классы.",parsed_official_pirexpo_api,,2026-10-05T08:23:57Z,pir-expo-2026-official-pirexpo-api-signo-v1.0.2-service-product-leakage-remediation,ok,kept: official PIR Russian-market row with HoReCa product/category evidence,product_evidence,new,no exact email or safe company-owned domain match in current Twenty repeat index,,,,sales@gourmetstyle.ru,gourmetstyle.ru,official_pirexpo_brand_list_api,,skipped_official_email_present,,,sales@gourmetstyle.ru,official API email
ПИР Экспо 2026,26–29 октября 2026,РЕСТИНТЕРНЭШНЛ,РЕСТИНТЕРНЭШНЛ,Профессиональная посуда; Барный инвентарь; Сиропы; Оборудование для ресторанов,Россия / российский рынок,Москва,,"зал 14, стенд 2E82",14,,"Экспертный поставщик профессионального фарфора, стекла, инвентаря, сиропов и оборудования для ресторанов, баров и отелей! Тщательно изучаем модные тенденции и предлагаем востребованный ассортимент, одобренный шеф-поварами и дизайнерами. Продукция поставляется напрямую из Европы, Китая, Индии и Турции. Все товары сертифицированы и безопасны. Наши менеджеры говорят с вами на одном языке. Мы быстро решаем сложные задачи и понимаем потребности бизнеса.",РЕСТИНТЕРНЭШНЛ,http://WWW.RESTINTERNATIONAL.RU,info@restinternational.ru,88123317420,https://pirexpo.com/exposition/all-exhibitors/2338,2338,include,"РЕСТИНТЕРНЭШНЛ | Профессиональная посуда; Барный инвентарь; Сиропы; Оборудование для ресторанов | Экспертный поставщик профессионального фарфора, стекла, инвентаря, сиропов и оборудования для ресторанов, баров и отелей! Тщательно изучаем модные тенденции и предлагаем востребованный ассортимент, одобренный шеф-поварами и дизайнерами. Продукция поставляется напрямую из Европы, Китая, Индии и Турции. Все товары сертифицированы и безопасны. Наши менеджеры говорят с вами на одном языке. Мы быстро решаем сложные задачи и понимаем потребности бизнеса.",parsed_official_pirexpo_api,,2026-10-05T08:23:57Z,pir-expo-2026-official-pirexpo-api-signo-v1.0.2-service-product-leakage-remediation,ok,kept: official PIR Russian-market row with HoReCa product/category evidence,product_evidence,new,no exact email or safe company-owned domain match in current Twenty repeat index,,,,info@restinternational.ru,restinternational.ru,official_pirexpo_brand_list_api,,skipped_official_email_present,,,info@restinternational.ru,official API email
ПИР Экспо 2026,26–29 октября 2026,РУССКИЙ ПРОЕКТ®,РУССКИЙ ПРОЕКТ®,"Грили; Тостеры; Фритюрницы; Пищеварочные котлы, опрокидывающиеся сковороды; Оборудование Sous-Vide; Печи для пиццы; Холодильные витрины; Кондитерские витрины; Тепловые витрины; Морозильные лари, бонеты; Холодильные горки; Холодильные шкафы; Торговые стеллажи; Оборудование для производства мороженого; Транспортировочные и банкетные тележки; Термобоксы, термоконтейнеры; Оборудование для пищевых производств; Посудомоечное оборудование; Пароконвектоматы; Конвекционные печи",Россия / российский рынок,Москва,,,,"Грили; Тостеры; Фритюрницы; Пищеварочные котлы, опрокидывающиеся сковороды; Оборудование Sous-Vide; Печи для пиццы; Холодильные витрины; Кондитерские витрины; Тепловые витрины; Морозильные лари, бонеты; Холодильные горки; Холодильные шкафы; Торговые стеллажи; Оборудование для производства мороженого; Транспортировочные и банкетные тележки; Термобоксы, термоконтейнеры; Оборудование для пищевых производств; Посудомоечное оборудование; Пароконвектоматы; Конвекционные печи; Электрические Плиты; Холодильные столы; Морозильные и холодильные шкафы; Аппаараты для шокового охлаждения и заморозки; Холодильные камеры, моноблоки, сплит-системы; Мини-бары; Шкафы для сухого вызревания мяса; Винные шкафы; Расстоечные шкафы; Хлебопекарные печи; Тестомесы; Планетарные миксеры; Тестораскаточные/тестозакаточные машины; Проектирование; Оборудование для шоколада; Аппараты для приготовления десертов; Аппараты для сахарной ваты, попкорна, кукурузы; Аппараты для горячего шоколада; Оборудование для шаурмы, шашлычницы; Грили для приготовления кур; Аппараты для хот-догов; Пончиковые аппараты, чебуречницы; Блинницы, Вафельницы; Мясорубки, пилы ленточные; Овощечистки и Овощерезки; Куттеры, бликсеры; Слайсеры; Фаршмешалки, мясорыхлители (тендерайзеры); Измельчители пищевых отходов; Лапшерезки; Минибары; Тележки гостиничные; Кофемашины; Автоматические; Капсульные; Полуавтоматические; Суперавтомат; Гибридные; Запасные части для кофемашин; Кофемашины БУ; Сервисное обслуживание; Эспрессо кофемолки; Кофемолки для альтернативного заваривания; Термосы; Пищевая безопасность; Профессиональная химия, клининг; Оборудование для мойки продуктов; Оборудование для чистки фруктов и овощей; Оборудование измельчения и нарезки; Конвеерные системы, линии, комплексы; Дозаторы сыпучих и жидких компонентов; Тепловое оборудование; Оборудование для замеса, формовки и расстойки теста; Кондитерское оборудование: глазировочные машины, дозаторы крема, темперирование шоколада; Хлебопекарное оборудование; Оборудовние для шоковой заморозки; Оборудовние для интенсивного охлаждения; Фасовочное и упаковочное оборудование, трейсилеры; Оборудование для контроля готовой продукции; Холодильные и морозильные камеры; Услуги по проектированию и оснащению пищевых производств, фабрик-кухонь; Профессиональная химия; Чистящие средства; Поварские ножи; Гастроемкости, противни; Посуда для приготовления пищи; Инвентарь для очистки, нарезки и измельчения; Контейнеры, миски, емкости; Кондитерский и пекарский инвентарь; Пиццерийный инвентарь; Профессиональная посуда; Барное стекло; Столовые приборы; Предметы сервировки; Линии раздачи; Диспенсеры для сыпучих продуктов; Мармиты, чафиндиши; Буфеты, Шведские столы, Салат-бары; Накопители; Нейтральное и вспомогательное оборудование","Компания «Русский Проект»® 36 лет осуществляет полный комплекс работ по проектированию, оснащению и техническому обслуживанию предприятий общественного питания и торговли. В портфеле компании мировые бренды холодильного, технологического, пекарского, весового, упаковочного оборудования, профессиональной посуды, инвентаря и аксессаров для HoReCa. Компания «Русский Проект»® ценит доверие своих потребителей, стремится предоставить максимально удобные условия сотрудничества и стабильное качество продукции. Компания «Русский Проект»® - надежный поставщик оборудования!",,https://www.rp.ru,almaty@rproject.kz; astana@rproject.kz; vladivostok@rp.ru; vladikavkaz@rp.ru; yaroslavl@yar.rp.ru,+7 (495) 540-46-00,https://pirexpo.com/exposition/all-exhibitors/2447,2447,include,"РУССКИЙ ПРОЕКТ® | Грили; Тостеры; Фритюрницы; Пищеварочные котлы, опрокидывающиеся сковороды; Оборудование Sous-Vide; Печи для пиццы; Холодильные витрины; Кондитерские витрины; Тепловые витрины; Морозильные лари, бонеты; Холодильные горки; Холодильные шкафы; Торговые стеллажи; Оборудование для производства мороженого; Транспортировочные и банкетные тележки; Термобоксы, термоконтейнеры; Оборудование для пищевых производств; Посудомоечное оборудование; Пароконвектоматы; Конвекционные печи | Компания «Русский Проект»® 36 лет осуществляет полный комплекс работ по проектированию, оснащению и техническому обслуживанию предприятий общественного питания и торговли. В портфеле компании мировые бренды холодильного, технологического, пекарского, весового, упаковочного оборудования, профессиональной посуды, инвентаря и аксессаров для HoReCa. Компания «Русский Проект»® ценит доверие своих потребителей, стремится предоставить максимально удобные условия сотрудничества и стабильное качество продукции. Компания «Русский Проект»® - надежный поставщик оборудования!",parsed_official_pirexpo_api,public_email,2026-10-05T08:23:57Z,pir-expo-2026-official-pirexpo-api-signo-v1.0.2-service-product-leakage-remediation,ok,kept: official PIR Russian-market row with HoReCa product/category evidence,product_evidence,repeat,safe non-generic company-owned domain matched current Twenty repeat index,,rp.ru,Русский Проект,almaty@rproject.kz; astana@rproject.kz; vladivostok@rp.ru; vladikavkaz@rp.ru; yaroslavl@yar.rp.ru,rp.ru; rproject.kz; yar.rp.ru,official_pirexpo_brand_list_api,,found,https://www.rp.ru/contacts/,public website email extraction,almaty@rproject.kz,public website enrichment
ПИР Экспо 2026,26–29 октября 2026,GHIBLI,GHIBLI,Профессиональная химия; Оборудование для уборки,Россия / российский рынок,Москва,,"зал 15, стенд 4M50",15,Профессиональная химия; Оборудование для уборки,"Ghibli — всемирно известный итальянский бренд профессиональной клининговой техники для HoReCa, выпускается в Италии с 1968 года. На российском рынке продукция Ghibli появилась в далёком 2016 году, но уже пользуется заслуженной популярностью среди профессионалов. В ассортименте бренда: — пылесосы; — водососы; — пароочистители; — экстракторы; — промышленные пылесосы. Официальный представитель завода Ghibli в России — ООО «Фаэтон»",GHIBLI,https://ghibliwirbel.pro,info@ghibliwirbel.pro,7(495)204-32-50,https://pirexpo.com/exposition/all-exhibitors/2489,2489,include,"GHIBLI | Профессиональная химия; Оборудование для уборки | Ghibli — всемирно известный итальянский бренд профессиональной клининговой техники для HoReCa, выпускается в Италии с 1968 года. На российском рынке продукция Ghibli появилась в далёком 2016 году, но уже пользуется заслуженной популярностью среди профессионалов. В ассортименте бренда: — пылесосы; — водососы; — пароочистители; — экстракторы; — промышленные пылесосы. Официальный представитель завода Ghibli в России — ООО «Фаэтон»",parsed_official_pirexpo_api,,2026-10-05T08:23:57Z,pir-expo-2026-official-pirexpo-api-signo-v1.0.2-service-product-leakage-remediation,ok,kept: official PIR Russian-market row with HoReCa product/category evidence,product_evidence,new,no exact email or safe company-owned domain match in current Twenty repeat index,,,,info@ghibliwirbel.pro,ghibliwirbel.pro,official_pirexpo_brand_list_api,,skipped_official_email_present,,,info@ghibliwirbel.pro,official API email
ПИР Экспо 2026,26–29 октября 2026,ТАБЕРА,ТАБЕРА,Профессиональная химия для кофемашин; Кофемашины; Обжаренное зерно; Кофе в капсулах; Сервисное обслуживание; Кофе в дрип-пакетах,Россия / российский рынок,Москва,,"зал 13, стенд 1C30",13,Профессиональная химия для кофемашин; Кофемашины; Обжаренное зерно; Кофе в капсулах; Сервисное обслуживание; Кофе в дрип-пакетах,"Сообщество кофейных ремесленников, занятых любимым делом. Уникальные купажи свежеобжаренного кофе от победителя премии «Обжарщик года» Сергея Таберы и его команды. - Жарим кофе для дома, офиса, кофеен и вашего бизнеса - Доставка по всей России - 4 кофейни в Москве и 2 в Санкт-Петербурге - Ремонт и обслуживание кофейного оборудования - 2 обжарочных цеха",ТАБЕРА КОФЕ,https://www.taberacoffee.ru,info@taberacoffee.ru,84959089085,https://pirexpo.com/exposition/all-exhibitors/2615,2615,include,"ТАБЕРА | Профессиональная химия для кофемашин; Кофемашины; Обжаренное зерно; Кофе в капсулах; Сервисное обслуживание; Кофе в дрип-пакетах | Сообщество кофейных ремесленников, занятых любимым делом. Уникальные купажи свежеобжаренного кофе от победителя премии «Обжарщик года» Сергея Таберы и его команды. - Жарим кофе для дома, офиса, кофеен и вашего бизнеса - Доставка по всей России - 4 кофейни в Москве и 2 в Санкт-Петербурге - Ремонт и обслуживание кофейного оборудования - 2 обжарочных цеха",parsed_official_pirexpo_api,,2026-10-05T08:23:57Z,pir-expo-2026-official-pirexpo-api-signo-v1.0.2-service-product-leakage-remediation,ok,kept: official PIR Russian-market row with HoReCa product/category evidence,product_evidence,new,no exact email or safe company-owned domain match in current Twenty repeat index,,,,info@taberacoffee.ru,taberacoffee.ru,official_pirexpo_brand_list_api,,skipped_official_email_present,,,info@taberacoffee.ru,official API email
ПИР Экспо 2026,26–29 октября 2026,RESTOWARE,RESTOWARE,"Поварские ножи; Гастроемкости, противни; Посуда для приготовления пищи; Инвентарь для очистки, нарезки и измельчения; Контейнеры, миски, емкости; Кондитерский и пекарский инвентарь; Пиццерийный инвентарь; Весы; Ложки; Нок-боксы; Питчеры; Сервировочные чайники; Таймеры; Темперы; Термокружки; Термосы; Чашки для каппинга; Фильтры; Чабани; Чайные кисточки",Россия / российский рынок,Москва,,"зал 14, стенд 2C12",14,"Поварские ножи; Гастроемкости, противни; Посуда для приготовления пищи; Инвентарь для очистки, нарезки и измельчения; Контейнеры, миски, емкости; Кондитерский и пекарский инвентарь; Пиццерийный инвентарь; Весы; Ложки; Нок-боксы; Питчеры; Сервировочные чайники; Таймеры; Темперы; Термокружки; Термосы; Чашки для каппинга; Фильтры; Чабани; Чайные кисточки; Ситечки; Газовые горелки; Аксессуары для чайной церемонии; Профессиональная посуда; Барное стекло; Барный инвентарь; Столовые приборы; Предметы сервировки; Чашки для каппинга","Профессиональное оснащение для ресторанов, отелей и кейтеринговых компаний. Мы располагаем собственными складами и шоу-румом в Москве, а также развиваем партнерскую сеть в России и странах СНГ. В нашем ассортименте представлено все необходимое для комплексного оснащения предприятий общественного питания: Профессиональная посуда, столовые приборы, предметы сервировки, предметы шведской линии и кухонный инвентарь. 6 лет на рынке Horeca. Наша компания является эксклюзивным дистрибьютором различных брендов посуды и в этом году на выставке будет впервые представлена СТМ профессиональной посуды Vareto.",RESTOWARE,https://restoware.ru,info@restoware.ru,+7 926 636-0888,https://pirexpo.com/exposition/all-exhibitors/2140,2140,include,"RESTOWARE | Поварские ножи; Гастроемкости, противни; Посуда для приготовления пищи; Инвентарь для очистки, нарезки и измельчения; Контейнеры, миски, емкости; Кондитерский и пекарский инвентарь; Пиццерийный инвентарь; Весы; Ложки; Нок-боксы; Питчеры; Сервировочные чайники; Таймеры; Темперы; Термокружки; Термосы; Чашки для каппинга; Фильтры; Чабани; Чайные кисточки | Профессиональное оснащение для ресторанов, отелей и кейтеринговых компаний. Мы располагаем собственными складами и шоу-румом в Москве, а также развиваем партнерскую сеть в России и странах СНГ. В нашем ассортименте представлено все необходимое для комплексного оснащения предприятий общественного питания: Профессиональная посуда, столовые приборы, предметы сервировки, предметы шведской линии и кухонный инвентарь. 6 лет на рынке Horeca. Наша компания является эксклюзивным дистрибьютором различных брендов посуды и в этом году на выставке будет впервые представлена СТМ профессиональной посуды Vareto.",parsed_official_pirexpo_api,,2026-10-05T08:23:57Z,pir-expo-2026-official-pirexpo-api-signo-v1.0.2-service-product-leakage-remediation,ok,kept: official PIR Russian-market row with HoReCa product/category evidence,product_evidence,new,no exact email or safe company-owned domain match in current Twenty repeat index,,,,info@restoware.ru,restoware.ru,official_pirexpo_brand_list_api,,skipped_official_email_present,,,info@restoware.ru,official API email
ПИР Экспо 2026,26–29 октября 2026,РОСХОЛОД,РОСХОЛОД,"Грили; Тостеры; Фритюрницы; Пищеварочные котлы, опрокидывающиеся сковороды; Печи для пиццы; Холодильные витрины; Кондитерские витрины; Тепловые витрины; Морозильные лари, бонеты; Холодильные горки; Холодильные шкафы; Вендинговые аппараты; Торговые стеллажи; Холодильные столы; Морозильные и холодильные шкафы; Аппаараты для шокового охлаждения и заморозки; Холодильные камеры, моноблоки, сплит-системы; Мини-бары; Шкафы для сухого вызревания мяса; Кегераторы",Россия / российский рынок,Москва,,"зал 14, стенд 2D91",14,"Грили; Тостеры; Фритюрницы; Пищеварочные котлы, опрокидывающиеся сковороды; Печи для пиццы; Холодильные витрины; Кондитерские витрины; Тепловые витрины; Морозильные лари, бонеты; Холодильные горки; Холодильные шкафы; Вендинговые аппараты; Торговые стеллажи; Холодильные столы; Морозильные и холодильные шкафы; Аппаараты для шокового охлаждения и заморозки; Холодильные камеры, моноблоки, сплит-системы; Мини-бары; Шкафы для сухого вызревания мяса; Кегераторы; Винные шкафы; Оборудование для производства мороженого; Оборудование для пищевых производств; Посудомоечное оборудование; Пароконвектоматы; Конвекционные печи; Электрические Плиты","Росхолод- клиентоориентированная компания, и поэтому более 2000 Партнёров-дилеров говорят нам Спасибо! Вместе мы оснащаем школы, детские сады, медицинские центры, оздоровительные комплексы и больницы, комбинаты питания. Вместе строим склады для хранения продуктов, оснащаем пищевые производства и фермерские хозяйства. Вместе открываем магазины, объекты общественного питания (рестораны, столовые…), отели и многое другое. Наши сильные стороны и преимущества, это: - Широкий ассортимент продукции: более 80 торговых марок. - Разветвлённая транспортная и складская логистика: 21 собственный склад с продукцией по всей России, 103 единицы собственной грузовой техники, контракты с ведущими логистическими компаниями. - Собственное производство «Intercold» - мы создаём холодильное оборудование для всех отраслей Российской экономики. Росхолод - прогрессивная компания с высокой культурой организации труда!",РОСХОЛОД,https://rosholod.org,gilmanova.g@rosholod.org,+79677565507,https://pirexpo.com/exposition/all-exhibitors/2531,2531,include,"РОСХОЛОД | Грили; Тостеры; Фритюрницы; Пищеварочные котлы, опрокидывающиеся сковороды; Печи для пиццы; Холодильные витрины; Кондитерские витрины; Тепловые витрины; Морозильные лари, бонеты; Холодильные горки; Холодильные шкафы; Вендинговые аппараты; Торговые стеллажи; Холодильные столы; Морозильные и холодильные шкафы; Аппаараты для шокового охлаждения и заморозки; Холодильные камеры, моноблоки, сплит-системы; Мини-бары; Шкафы для сухого вызревания мяса; Кегераторы | Росхолод- клиентоориентированная компания, и поэтому более 2000 Партнёров-дилеров говорят нам Спасибо! Вместе мы оснащаем школы, детские сады, медицинские центры, оздоровительные комплексы и больницы, комбинаты питания. Вместе строим склады для хранения продуктов, оснащаем пищевые производства и фермерские хозяйства. Вместе открываем магазины, объекты общественного питания (рестораны, столовые…), отели и многое другое. Наши сильные стороны и преимущества, это: - Широкий ассортимент продукции: более 80 торговых марок. - Разветвлённая транспортная и складская логистика: 21 собственный склад с продукцией по всей России, 103 единицы собственной грузовой техники, контракты с ведущими логистически",parsed_official_pirexpo_api,,2026-10-05T08:23:57Z,pir-expo-2026-official-pirexpo-api-signo-v1.0.2-service-product-leakage-remediation,ok,kept: official PIR Russian-market row with HoReCa product/category evidence,product_evidence,repeat,safe non-generic company-owned domain matched current Twenty repeat index,,rosholod.org,Intercold,gilmanova.g@rosholod.org,rosholod.org,official_pirexpo_brand_list_api,,skipped_official_email_present,,,gilmanova.g@rosholod.org,official API email
ПИР Экспо 2026,26–29 октября 2026,ITALMAS,ITALMAS,Профессиональная химия; Профессиональная химия для кофемашин; Чистящие средства,Россия / российский рынок,Москва,,"зал 13, стенд 1B90",13,Профессиональная химия; Профессиональная химия для кофемашин; Чистящие средства,"ITALMAS — профессиональная химия для HoReCa, где чистота становится системой. Мы создаём решения для кухни, санитарных зон, клининга, стирки и ухода за профессиональным оборудованием. Собственное производство и многолетняя экспертиза «Ижсинтез-Химпром» позволяют нам разрабатывать эффективные продукты под реальные задачи бизнеса — от ежедневной уборки до специализированных технологических процессов.",ПК ИЖСИНТЕЗ-ХИМПРОМ,https://pk-izhsintez.ru,marketing@pk-izhsintez.ru,8(800)250-18-13,https://pirexpo.com/exposition/all-exhibitors/2248,2248,include,"ITALMAS | Профессиональная химия; Профессиональная химия для кофемашин; Чистящие средства | ITALMAS — профессиональная химия для HoReCa, где чистота становится системой. Мы создаём решения для кухни, санитарных зон, клининга, стирки и ухода за профессиональным оборудованием. Собственное производство и многолетняя экспертиза «Ижсинтез-Химпром» позволяют нам разрабатывать эффективные продукты под реальные задачи бизнеса — от ежедневной уборки до специализированных технологических процессов.",parsed_official_pirexpo_api,,2026-10-05T08:23:57Z,pir-expo-2026-official-pirexpo-api-signo-v1.0.2-service-product-leakage-remediation,ok,kept: official PIR Russian-market row with HoReCa product/category evidence,product_evidence,repeat,safe non-generic company-owned domain matched current Twenty repeat index,,pk-izhsintez.ru,ПК Ижсинтез-Химпром,marketing@pk-izhsintez.ru,pk-izhsintez.ru,official_pirexpo_brand_list_api,,skipped_official_email_present,,,marketing@pk-izhsintez.ru,official API email
ПИР Экспо 2026,26–29 октября 2026,WINE STORAGE SYSTEMS,WINE STORAGE SYSTEMS,Винные шкафы; Винные холодильники; Витрины и стеллажи для вина,Россия / российский рынок,Москва,,"зал 14, стенд 2F55",14,,"Компания ""Вайн Сторейдж Системс"" занимается проектированием и производством изделий для хранения вина. Мы изготавливаем винные шкафы на заказ, винные холодильники и витрины, стеллажи из дерева и металла, также реализуем интерьеры винных погребов на заказ. Наша продукция подходит как для оформления частных интерьеров: квартир, загородных домов, так и для общественных пространств: ресторанов, баров, магазинов, офисов, отелей. Компания имеет большой опыт в данной сфере, и за это время мы реализовали большое количество объектов разного уровня сложности. Своему клиенту мы предлагаем полный перечень услуг по реализации поставленной задачи: дизайн и проектирование, производство полного цикла, монтаж изделий, изготовление и пусконаладка холодильного оборудования, а также гарантийное обслуживание. Наша команда - профессионалы своего дела, и мы гарантируем Вам высокое качество продукции, реализацию заказа в срок и высокий уровень сервиса!",WINE STORAGE SYSTEMS,https://wine-storage.ru,info@wine-storage.ru,+7 (495) 989-64-90,https://pirexpo.com/exposition/all-exhibitors/2137,2137,include,"WINE STORAGE SYSTEMS | Винные шкафы; Винные холодильники; Витрины и стеллажи для вина | Компания ""Вайн Сторейдж Системс"" занимается проектированием и производством изделий для хранения вина. Мы изготавливаем винные шкафы на заказ, винные холодильники и витрины, стеллажи из дерева и металла, также реализуем интерьеры винных погребов на заказ. Наша продукция подходит как для оформления частных интерьеров: квартир, загородных домов, так и для общественных пространств: ресторанов, баров, магазинов, офисов, отелей. Компания имеет большой опыт в данной сфере, и за это время мы реализовали большое количество объектов разного уровня сложности. Своему клиенту мы предлагаем полный перечень услуг по реализации поставленной задачи: дизайн и проектирование, производство полного цикла, монта",parsed_official_pirexpo_api,,2026-10-05T08:23:57Z,pir-expo-2026-official-pirexpo-api-signo-v1.0.2-service-product-leakage-remediation,ok,kept: official PIR Russian-market row with HoReCa product/category evidence,product_evidence,new,no exact email or safe company-owned domain match in current Twenty repeat index,,,,info@wine-storage.ru,wine-storage.ru,official_pirexpo_brand_list_api,,skipped_official_email_present,,,info@wine-storage.ru,official API email
ПИР Экспо 2026,26–29 октября 2026,ГЕЙЗЕР ФИЛЬТРЫ ДЛЯ ВОДЫ,ГЕЙЗЕР ФИЛЬТРЫ ДЛЯ ВОДЫ,Фильтры; Фильтры для очистки воды,российский рынок (официальный каталог ПИР Экспо; страна не указана),Москва,,"зал 13, стенд 1F75",13,Фильтры; Фильтры для очистки воды,"ГЕЙЗЕР — это научно-производственный холдинг с многолетней историей. Уникальные разработки и запатентованные технологии стали базой успешного развития компании. Присоединяя к ним лучший мировой опыт отрасли бытовой и промышленной водоочистки, мы разрабатываем и производим фильтры для воды, отвечающие самым сложным (взыскательным) запросам современного потребителя. Сегодня основные усилия компании сконцентрированы на следующих направлениях: - бытовые фильтры, - системы очистки воды для загородных домов, - фильтры для Horeca, - промышленное оборудование для водоподготовки, - очистка сточных вод.",ГЕЙЗЕР ФИЛЬТРЫ ДЛЯ ВОДЫ,https://geizer.com,office@geizer.com,88126050055,https://pirexpo.com/exposition/all-exhibitors/2688,2688,include,"ГЕЙЗЕР ФИЛЬТРЫ ДЛЯ ВОДЫ | Фильтры; Фильтры для очистки воды | ГЕЙЗЕР — это научно-производственный холдинг с многолетней историей. Уникальные разработки и запатентованные технологии стали базой успешного развития компании. Присоединяя к ним лучший мировой опыт отрасли бытовой и промышленной водоочистки, мы разрабатываем и производим фильтры для воды, отвечающие самым сложным (взыскательным) запросам современного потребителя. Сегодня основные усилия компании сконцентрированы на следующих направлениях: - бытовые фильтры, - системы очистки воды для загородных домов, - фильтры для Horeca, - промышленное оборудование для водоподготовки, - очистка сточных вод.",parsed_official_pirexpo_api,,2026-10-05T08:23:57Z,pir-expo-2026-official-pirexpo-api-signo-v1.0.2-service-product-leakage-remediation,ok,kept: official PIR Russian-market row with HoReCa product/category evidence,product_evidence,repeat,exact email matched current Twenty repeat index,office@geizer.com,,Гейзер-Вита,office@geizer.com,geizer.com,official_pirexpo_brand_list_api,,skipped_official_email_present,,,office@geizer.com,official API email
ПИР Экспо 2026,26–29 октября 2026,АГРОГРУППИНВЕСТ,АГРОГРУППИНВЕСТ,Зеленое зерно; Обжаренное зерно,Россия / российский рынок,Москва,,"зал 13, стенд 1V22",13,Зеленое зерно; Обжаренное зерно,"Эфиопская Арабика от истоков до вашей чашки Мы специализируемся на прямых поставках органически выращенного зеленого кофе сорта Арабика из колыбели этого прекрасного напитка — Эфиопии. Наш продукт рождается в уникальных условиях высокогорных и лесных массивов страны, где кофейные деревья произрастают в их естественной среде. Мы предлагаем высококачественные моносорта, каждый из которых обладает неповторимым терруаром: • Йргачеффе с яркими нотами цветов, жасмина и бергамота; • Гуджи с яркой сладостью, одновременно интенсивным вкусом лайма, цветов, карамели и специй; • Сидамо с профилями сухофруктов, пряностей и сладостью лесных ягод; • Лекемпти со сложным фруктово-ореховым и шоколадным вкусом; • Каффа с нотами чёрной смородины, вина, черного чая, пряностей и плотным телом. Этот перечень постоянно расширяется, ведь мы внимательно изучаем новые микро-регионы этой удивительной страны. Философия нашей работы строится вокруг вас. Тщательно анализируя пожелания и вкусовые предпочтения наших клиентов, мы не только непрерывно расширяем ассортимент зеленого зерна, но и сделали следующий шаг в развитии. Теперь вы можете заказывать у нас как аутентичное зеленое зерно для самостоятельной обжарки, так и свежеобжаренный кофе высочайшего качества. От зеленых зерен из сердца Африки до профессионально обжаренного кофе - мы сопровождаем наш продукт на всем пути к вашей чашке.",АГРОГРУППИНВЕСТ,https://www.agrogroupinvest.com,di.gorya4eva@yandex.ru,+79645855349,https://pirexpo.com/exposition/all-exhibitors/2566,2566,include,"АГРОГРУППИНВЕСТ | Зеленое зерно; Обжаренное зерно | Эфиопская Арабика от истоков до вашей чашки Мы специализируемся на прямых поставках органически выращенного зеленого кофе сорта Арабика из колыбели этого прекрасного напитка — Эфиопии. Наш продукт рождается в уникальных условиях высокогорных и лесных массивов страны, где кофейные деревья произрастают в их естественной среде. Мы предлагаем высококачественные моносорта, каждый из которых обладает неповторимым терруаром: • Йргачеффе с яркими нотами цветов, жасмина и бергамота; • Гуджи с яркой сладостью, одновременно интенсивным вкусом лайма, цветов, карамели и специй; • Сидамо с профилями сухофруктов, пряностей и сладостью лесных ягод; • Лекемпти со сложным фруктово-ореховым и шоколадным вкусом",parsed_official_pirexpo_api,,2026-10-05T08:23:57Z,pir-expo-2026-official-pirexpo-api-signo-v1.0.2-service-product-leakage-remediation,ok,kept: official PIR Russian-market row with HoReCa product/category evidence,product_evidence,new,no exact email or safe company-owned domain match in current Twenty repeat index,,,,di.gorya4eva@yandex.ru,agrogroupinvest.com; yandex.ru,official_pirexpo_brand_list_api,,skipped_official_email_present,,,di.gorya4eva@yandex.ru,official API email
ПИР Экспо 2026,26–29 октября 2026,SYD'S STARTUP FOREVER,SYDS STARTUP FOREVER,Зеленое зерно,Россия / российский рынок,Москва,,"зал 13, стенд 1D110",13,Зеленое зерно,"syd’s — эксперт по поиску и импорту зелёного кофе, который подбирает лоты под конкретную задачу: профиль, цена, объём и маржинальность. Компания работает с проверенными экспортёрами и трейдерами, обеспечивая стабильные поставки — от мешка до контейнера — с контролем качества по стандартам SCA и cupping-профилю. Сопровождает закупки аналитикой рынка, прозрачной ценой, логистикой и таможенным оформлением, снижая риски при импорте. Надёжный партнёр для обжарщиков, которые хотят купить зелёный кофе в РФ выгодно и с прогнозируемым результатом в чашке. Яркие микролоты и базовый кофе доступны круглый год.",SYD'S STARTUP FOREVER,https://sydspeople.com,v.ladygin@sydspeople.com,+79156961379,https://pirexpo.com/exposition/all-exhibitors/2525,2525,include,"SYD'S STARTUP FOREVER | Зеленое зерно | syd’s — эксперт по поиску и импорту зелёного кофе, который подбирает лоты под конкретную задачу: профиль, цена, объём и маржинальность. Компания работает с проверенными экспортёрами и трейдерами, обеспечивая стабильные поставки — от мешка до контейнера — с контролем качества по стандартам SCA и cupping-профилю. Сопровождает закупки аналитикой рынка, прозрачной ценой, логистикой и таможенным оформлением, снижая риски при импорте. Надёжный партнёр для обжарщиков, которые хотят купить зелёный кофе в РФ выгодно и с прогнозируемым результатом в чашке. Яркие микролоты и базовый кофе доступны круглый год.",parsed_official_pirexpo_api,,2026-10-05T08:23:57Z,pir-expo-2026-official-pirexpo-api-signo-v1.0.2-service-product-leakage-remediation,normalized from legal/brand prefix,kept: official PIR Russian-market row with HoReCa product/category evidence,product_evidence,new,no exact email or safe company-owned domain match in current Twenty repeat index,,,,v.ladygin@sydspeople.com,sydspeople.com,official_pirexpo_brand_list_api,,skipped_official_email_present,,,v.ladygin@sydspeople.com,official API email
ПИР Экспо 2026,26–29 октября 2026,BADESIGN,BADESIGN,"Мягкая мебель; Мебель для конференц- и концертных залов; Мебель для ресторанов, кафе и иных предприятий питания",Россия / российский рынок,Москва,,"зал 14, стенд 2F71",14,"Мягкая мебель; Мебель для конференц- и концертных залов; Мебель для ресторанов, кафе и иных предприятий питания","BADesign — мебель с характером Российский производитель дизайнерской мягкой мебели. Фабрика основана в 2015 году. Мы не делаем «ещё один диван». Мы создаём артефакты, которые выдерживают 150 000+ посадок и выглядят так, будто их придумали вчера. Что мы показываем на ПирЭкспо 2026: «Инженерный спектакль: один модуль — три сценария». На стенде — действующая модель пространства. Диван-восьмёрка меняет конфигурацию три раза за день: деловой завтрак, лаунж, винный бар. Прямо при посетителях. За 3 минуты. Без перегородок и ремонта. Почему нам доверяют HoReCa: — Индивидуальные проекты: от 5 до 30 дней, единичные изделия и крупные партии — Антивандальные ткани для проходимости — Сертификаты: пожарная безопасность, износостойкость — Пилотный заказ для теста — Бесплатное хранение до сдачи объекта — Фотоотчёт до отгрузки — Работа через тендеры — Гарантия 7 лет — не слоган, а протокол Наша философия: Мы не просто продаём диваны. Мы приглашаем в диалог. Иногда жёсткий. Но всегда честный. Мы показываем внутренности — каркасы, узлы, механизмы. Потому что нам нечего скрывать. Вы платите за дизайн-проект один раз. Через 2–3 года вы не делаете капремонт. Вы докупаете 2 модуля, переставляете старые, меняете чехлы — и ваш ресторан выглядит заново.",BADESIGN,https://badesign.ru,pir2026@badesign.ru,8 (495) 150-52-18,https://pirexpo.com/exposition/all-exhibitors/2585,2585,include,"BADESIGN | Мягкая мебель; Мебель для конференц- и концертных залов; Мебель для ресторанов, кафе и иных предприятий питания | BADesign — мебель с характером Российский производитель дизайнерской мягкой мебели. Фабрика основана в 2015 году. Мы не делаем «ещё один диван». Мы создаём артефакты, которые выдерживают 150 000+ посадок и выглядят так, будто их придумали вчера. Что мы показываем на ПирЭкспо 2026: «Инженерный спектакль: один модуль — три сценария». На стенде — действующая модель пространства. Диван-восьмёрка меняет конфигурацию три раза за день: деловой завтрак, лаунж, винный бар. Прямо при посетителях. За 3 минуты. Без перегородок и ремонта. Почему нам доверяют HoReCa: — Индивидуальные проекты: от 5 до 30 дней, единичные изделия и крупные партии — Антивандальные ткани для проходимости — Сертификаты: пожарна",parsed_official_pirexpo_api,,2026-10-05T08:23:57Z,pir-expo-2026-official-pirexpo-api-signo-v1.0.2-service-product-leakage-remediation,ok,kept: official PIR Russian-market row with HoReCa product/category evidence,product_evidence,new,no exact email or safe company-owned domain match in current Twenty repeat index,,,,pir2026@badesign.ru,badesign.ru,official_pirexpo_brand_list_api,,skipped_official_email_present,,,pir2026@badesign.ru,official API email
ПИР Экспо 2026,26–29 октября 2026,ФУДЭК,ФУДЭК,"Грили; Тостеры; Фритюрницы; Пищеварочные котлы, опрокидывающиеся сковороды; Печи для пиццы; Холодильные столы; Морозильные и холодильные шкафы; Аппаараты для шокового охлаждения и заморозки; Холодильные камеры, моноблоки, сплит-системы; Кегераторы; Винные шкафы; Расстоечные шкафы; Тестомесы; Тестораскаточные/тестозакаточные машины; Грили для приготовления кур; Аппараты для хот-догов; Блинницы, Вафельницы; Мясорубки, пилы ленточные; Овощечистки и Овощерезки; Куттеры, бликсеры",Россия / российский рынок,Москва,,"зал 14, стенд 2F30",14,"Грили; Тостеры; Фритюрницы; Пищеварочные котлы, опрокидывающиеся сковороды; Печи для пиццы; Холодильные столы; Морозильные и холодильные шкафы; Аппаараты для шокового охлаждения и заморозки; Холодильные камеры, моноблоки, сплит-системы; Кегераторы; Винные шкафы; Расстоечные шкафы; Тестомесы; Тестораскаточные/тестозакаточные машины; Грили для приготовления кур; Аппараты для хот-догов; Блинницы, Вафельницы; Мясорубки, пилы ленточные; Овощечистки и Овощерезки; Куттеры, бликсеры; Слайсеры; Линии раздачи; Диспенсеры для сыпучих продуктов; Мармиты, чафиндиши; Буфеты, Шведские столы, Салат-бары; Нейтральное и вспомогательное оборудование; Оборудование для производства мороженого; Посудомоечное оборудование; Пароконвектоматы; Конвекционные печи; Электрические Плиты; Газовые плиты","Контактный гриль Jupeng JP-JL-01 — - 1 зона готовки - Независимый контроль температуры жарочной поверхности и верхней створки - Мощность нагрева верхней створки - 2 х 1,3 кВт - Мощность нагрева жарочной поверхности - 3 х 1,9 кВт - Температурный диапазон - 50~300 ℃ - Размер верхней створки - 280х535 мм - Размер нижней жарочной поверхности - 335 x 620 мм - Тефлоновые листы для верхних створок (опционально), облегчающие чистку гриля - Автоматическое поднятие и опускание верхних створок - Регулируемый зазор между жарочной поверхностью и верхней створкой в диапазоне 3-27.5 мм - USB-интерфейс, облегчающий загрузку и выгрузку программ готовки - Многоступенчатое приготовление - Съемные жиросборники по обе стороны жарочной поверхности - Гладкая хромированная нижняя жарочная поверхность - Корпус из нержавеющей стали - Габаритные размеры (ШхГхВ) - 400 х 985 х 970 мм - Потребляемая мощность - 8,85 кВт 380V (3 фазы) Скидка распространяется только на выставочный образец. Отгрузка оборудования производится после выставки со склада поставщика.; Яйцежарка Antunes ES-1200 — - Позволяет одновременно готовить до 12 яиц. - Приготовление яиц комнатной температуры занимает ∼120 секунд, охлажденных яиц (4 - 10 °C) ∼ 150 секунд. - Компактные размеры позволяют разместить аппарат на маленькой кухне. - Корпус выполнен из нержавеющей стали. - Никелированная жарочная поверхность. - Крышка может быть установлена как с открытием вправо, так и влево. - По окончанию цикла готовки аппарат подает звуковой и световой сигналы. - В комплекте поставляется 12 круглых силиконовых колец диаметром 76 мм. Скидка распространяется только на выставочный образец. Отгрузка оборудования производится после выставки со склада поставщика.; Фризер для мягкого мороженого Spaceman 6228AB-C — - 1 вкус (мягкое мороженое или замороженный йогурт) - Пастеризация - Охлаждаемый бункер - Мешалка бункера - Индикатор температуры - Режим ожидания - Индикация низкого уровня смеси - Подача сигнала о низком уровне смеси - Защита от перемораживания смеси - Защита от колебаний силы тока - Контроль уровня давления - Быстрый выход из режима ожидания - Помпа - Корпус из нержавеющей стали - Производительность 300 порций (80 гр) в час Скидка распространяется только на выставочный образец. Отгрузка оборудования производится после выставки со склада поставщика.; Фризер для мягкого мороженого Spaceman 6236AB-C — - 1 вкус (мягкое мороженое или замороженный йогурт) - Автоматическая пастеризация - Электронное управление - Индикаторы температуры - Охлаждаемый бункер, оснащенный мешалками - Режим ожидания - Самозакрывающийся клапан раздачи - Контроль скорости подачи смеси - Индикация низкого уровня смеси - Защита от перемораживания смеси - Защита от колебаний силы тока - Контроль уровня давления - Помпа - Габаритные размеры (ШхГхВ) - 454 x 681 x 976 мм - Вес - 170 кг - Потребляемая мощность - 2,90 кВт, 380V (3 фазы) - Объем бункера - 12 литров - Объем цилиндра - 1 х 3,2 литра - Воздушное охлаждение - Производительность - 400 порций (80 гр) в час Скидка распространяется только на выставочный образец. Отгрузка оборудования производится после выставки со склада поставщика.; Тепловые шкафы Henny Penny MPC — - Универсальные тепловые шкафы для хранения готовых продуктов в горячем виде. приготовленным продуктам. - Температура хранения от 60° до 132°C независимо для каждой секции - оптимальные условия хранения готовой курицы, картофеля, котлет и множества других продуктов. - Лотки GN 1/3 с ручкой (в сквозных моделях у лотков ручки расположены и спереди, и сзади). Скидки распространяются только на выставочные образцы. Отгрузка оборудования производится после выставки со склада поставщика.; Пароконвектомат Henny Penny FPE615 — - Вместимость составляет 6 уровней GN 1/1 или FlexiRack (+50% по сравнению с GN 1/1). - 350 пользовательских программ приготовления, каждая из которых может содержать до 20 шагов; - Встроенные приложения для готовки, чистки и диагностики оборудования, наличие USB-порта для их скачивания; - Система самоочистки WaveClean™, которая использует на 36% меньше воды, чем аналоги конкурентов; - 5-скоростной вентилятор обеспечивает равномерное распределение тепла; - Высокоэффективный мотор потребляет на 15% меньше энергии, чем аналоги конкурентов; - Режим отложенного старта готовки. Скидка распространяется только на выставочный образец. Отгрузка оборудования производится после выставки со склада поставщика.",ФУДЭК,https://foodeq.ru,foodeq@foodeq.ru,+74952233565,https://pirexpo.com/exposition/all-exhibitors/2077,2077,include,"ФУДЭК | Грили; Тостеры; Фритюрницы; Пищеварочные котлы, опрокидывающиеся сковороды; Печи для пиццы; Холодильные столы; Морозильные и холодильные шкафы; Аппаараты для шокового охлаждения и заморозки; Холодильные камеры, моноблоки, сплит-системы; Кегераторы; Винные шкафы; Расстоечные шкафы; Тестомесы; Тестораскаточные/тестозакаточные машины; Грили для приготовления кур; Аппараты для хот-догов; Блинницы, Вафельницы; Мясорубки, пилы ленточные; Овощечистки и Овощерезки; Куттеры, бликсеры | Контактный гриль Jupeng JP-JL-01 — - 1 зона готовки - Независимый контроль температуры жарочной поверхности и верхней створки - Мощность нагрева верхней створки - 2 х 1,3 кВт - Мощность нагрева жарочной поверхности - 3 х 1,9 кВт - Температурный диапазон - 50~300 ℃ - Размер верхней створки - 280х535 мм - Размер нижней жарочной поверхности - 335 x 620 мм - Тефлоновые листы для верхних створок (опционально), облегчающие чистку гриля - Автоматическое поднятие и опускание верхних створок - Регулируемый зазор между жарочной поверхностью и верхней створкой в диапазоне 3-27.5 мм - USB-интерфейс, облегчающий загрузку и выгрузку программ готовки - Многоступенчатое приготовление - Съемные жиросборники по обе стороны жарочной поверхности - Гладкая хромированная нижняя жарочная поверхность - Корпус из нержавеющей стали - Габаритные размеры (ШхГхВ) - 400 х 985 х 970 мм - Потребляемая мощность - 8,85 кВт 380V (3 фазы) Скидка распространяется только на выставочный образец. Отгрузка оборудования производится после выставки со склада поставщика.; Яйцежарка Antunes ES-1200 — - Позволяет одновременно готовить до ",parsed_official_pirexpo_api,,2026-10-05T08:23:57Z,pir-expo-2026-official-pirexpo-api-signo-v1.0.2-service-product-leakage-remediation,ok,kept: official PIR Russian-market row with HoReCa product/category evidence,product_evidence,new,no exact email or safe company-owned domain match in current Twenty repeat index,,,,foodeq@foodeq.ru,foodeq.ru,official_pirexpo_brand_list_api,,skipped_official_email_present,,,foodeq@foodeq.ru,official API email
ПИР Экспо 2026,26–29 октября 2026,FUSO INTERNATIONAL,FUSO INTERNATIONAL,Упаковочное оборудование для чая и кофе; Фильтр-материалы для кофе; Упаковочные машины,Россия / российский рынок,Москва,,"зал 13, стенд 1F87",13,,"FUSO International Japan является пионером в производстве оборудования для упаковки чайной пирамиды и линии упаковки кофе в дрип пакеты. Мы представим на выставке наши новейшие разработки и решения для фасовки чая и кофе, включая новые виды фильтр-материалов для кофе “Chaput”, фильтр-материал для дрип пакетов увеличенного формата“O3R” , “VFR Large”, “А6“. Также на стенде будет проходить видео-презентация новой упаковочной машины FPG-MT1 и FPG-MS , и новые решения групповой упаковки дрип пакетов в картонные коробки и пленку.",FUSO INTERNATIONAL,http://www.fuso-int.ru,sales@solmark.ru,+7-495-9300550,https://pirexpo.com/exposition/all-exhibitors/2504,2504,include,"FUSO INTERNATIONAL | Упаковочное оборудование для чая и кофе; Фильтр-материалы для кофе; Упаковочные машины | FUSO International Japan является пионером в производстве оборудования для упаковки чайной пирамиды и линии упаковки кофе в дрип пакеты. Мы представим на выставке наши новейшие разработки и решения для фасовки чая и кофе, включая новые виды фильтр-материалов для кофе “Chaput”, фильтр-материал для дрип пакетов увеличенного формата“O3R” , “VFR Large”, “А6“. Также на стенде будет проходить видео-презентация новой упаковочной машины FPG-MT1 и FPG-MS , и новые решения групповой упаковки дрип пакетов в картонные коробки и пленку.",parsed_official_pirexpo_api,,2026-10-05T08:23:57Z,pir-expo-2026-official-pirexpo-api-signo-v1.0.2-service-product-leakage-remediation,ok,kept: official PIR Russian-market row with HoReCa product/category evidence,product_evidence,new,no exact email or safe company-owned domain match in current Twenty repeat index,,,,sales@solmark.ru,fuso-int.ru; solmark.ru,official_pirexpo_brand_list_api,,skipped_official_email_present,,,sales@solmark.ru,official API email
ПИР Экспо 2026,26–29 октября 2026,СИСОРТ,СИСОРТ,Оборудование для обжарочного производства,Россия / российский рынок,Москва,,"зал 13, стенд 1F74",13,Оборудование для обжарочного производства,"Компания СиСорт лидер в разработке и производстве фотосепарационного оборудования на территории России и СНГ. с 2007 года, входит в ассоциацию «Росспецмаш» и Алтайский кластер аграрного машиностроения. Головной офис компании расположен в Алтайском крае, Россия. Имеет собственный НИОКР полного цикла, собственные производственные и сборочные мощности. Компания имеет представительства в 9 странах мира, поставки оборудования идут в 30 стран. В 2019 году компания стала участником приоритетного проекта Минэкономразвития России «Национальные чемпионы»",СИСОРТ,https://csort.ru/coffee/?ysclid=munwux4xxs787688806,lukyanov@csort.ru,+79069410350,https://pirexpo.com/exposition/all-exhibitors/2385,2385,include,"СИСОРТ | Оборудование для обжарочного производства | Компания СиСорт лидер в разработке и производстве фотосепарационного оборудования на территории России и СНГ. с 2007 года, входит в ассоциацию «Росспецмаш» и Алтайский кластер аграрного машиностроения. Головной офис компании расположен в Алтайском крае, Россия. Имеет собственный НИОКР полного цикла, собственные производственные и сборочные мощности. Компания имеет представительства в 9 странах мира, поставки оборудования идут в 30 стран. В 2019 году компания стала участником приоритетного проекта Минэкономразвития России «Национальные чемпионы»",parsed_official_pirexpo_api,,2026-10-05T08:23:57Z,pir-expo-2026-official-pirexpo-api-signo-v1.0.2-service-product-leakage-remediation,ok,kept: official PIR Russian-market row with HoReCa product/category evidence,product_evidence,repeat,safe non-generic company-owned domain matched current Twenty repeat index,,csort.ru,Сисорт,lukyanov@csort.ru,csort.ru,official_pirexpo_brand_list_api,,skipped_official_email_present,,,lukyanov@csort.ru,official API email
ПИР Экспо 2026,26–29 октября 2026,VICTORIA ARDUINO,VICTORIA ARDUINO,Кофемашины; Эспрессо кофемолки; Запасные части для кофемашин,Россия / российский рынок,Москва,,"зал 13, стенд 1D120",13,Кофемашины; Эспрессо кофемолки; Запасные части для кофемашин,"Eagle One 2 группы (White/Black) — Victoria Arduino Eagle One 2 gr 220V LED (White или Black) Профессиональная двухгруппная кофемашина премиум-класса в эффектном белом корпусе. Eagle One создана для кофеен с высокой нагрузкой, где важны стабильность, скорость работы и точный контроль каждого напитка. Технология NEO (New Engine Optimization) обеспечивает высокую производительность при сниженном энергопотреблении, а система TERS повторно использует тепловую энергию сбрасываемой воды для предварительного нагрева поступающей воды. VIS (Virtual Intelligent Scale) помогает контролировать объём напитка без использования отдельных весов: система рассчитывает количество воды, поступающей в чашку, и автоматически останавливает пролив при достижении заданного значения. Это помогает бариста поддерживать стабильность рецепта и ускоряет работу в часы пик. Независимые кофейные бойлеры обеспечивают точный температурный контроль, а паровой бойлер объёмом 7 л — стабильную работу с молочными напитками при высокой загрузке. Паровые краны Cool Touch делают ежедневную работу бариста комфортнее и безопаснее. Кофемашина оснащена сенсорным цветным дисплеем, отдельными дисплеями для каждой группы, LED-подсветкой рабочей зоны и задней панели, системой Autopurge для автоматической промывки групп, двумя паровыми кранами Cool Touch. Ключевые характеристики: 2 группы • 220 В • высота групп 125 мм • NEO • TERS • VIS • Autopurge • Cool Touch • Bluetooth • LED-подсветка • подключение к водопроводу • доступна в белом или черном корпусе Производительность — от 500 чашек в день. Запрос о покупке можете направить на: titova@trapeza.ru, kulinich@trapeza.ru; Black Eagle Maverick 2 группы (Black и White) — Профессиональная двухгруппная кофемашина премиум-класса, созданная для максимального контроля над экстракцией и стабильного результата даже при высокой нагрузке. Технология T3 Genius обеспечивает независимый контроль температуры и высокую термостабильность благодаря системе из трёх бойлеров: парового объёмом 8 л и двух кофейных бойлеров по 0,7 л для каждой группы. Система Gravimetric со встроенными весами позволяет программировать напиток по весу непосредственно в чашке и автоматически останавливать экстракцию при достижении заданного значения. Это обеспечивает высокую повторяемость рецептов и упрощает работу бариста. Технология PureBrew расширяет возможности Maverick за пределы эспрессо и позволяет готовить фильтр-кофе непосредственно на кофемашине с помощью специального холдера из нержавеющей стали, входящего в стандартную комплектацию. Система HEES (High Extraction Efficiency System) разработана для повышения эффективности экстракции и более полного раскрытия вкусоароматического потенциала кофе. Кофемашина оснащена цветным сенсорным дисплеем, отдельными LCD-дисплеями для каждой группы, системой Autopurge для автоматической промывки групп, двумя паровыми кранами Cool Touch с вращением на 360° и системой Push&Pull для удобного управления подачей пара. Система TERS использует тепловую энергию сбрасываемой воды для предварительного нагрева поступающей воды, повышая энергоэффективность машины. Корпус выполнен из алюминия и нержавеющей стали в матовом чёрном цвете или белом (в комплекте дополнительный красный логотип для задней панели). Ключевые характеристики: 2 группы • 220 В • высота групп 100 мм • Gravimetric • встроенные весы • T3 Genius • PureBrew • HEES • TERS • Autopurge • Cool Touch • Push&Pull • PID-контроль • автоматическая программа мойки • подключение к водопроводу. Производительность — от 500 чашек в день. Запрос о покупке можете направить на: titova@trapeza.ru, kulinich@trapeza.ru; Eagle Tempo 2 группы (White или Black) — Профессиональная двухгруппная кофемашина, созданная для кофеен с высокой нагрузкой, где важны производительность, стабильность и скорость работы бариста. Технология NEO (New Engine Optimization) обеспечивает высокую производительность при сниженном энергопотреблении. Независимые кофейные бойлеры объёмом 0,14 л для каждой группы обеспечивают стабильный температурный режим, а паровой бойлер объёмом 8 л позволяет уверенно работать с большим потоком молочных напитков. Система TERS повторно использует тепловую энергию сбрасываемой воды для предварительного нагрева поступающей воды, повышая энергоэффективность кофемашины. Технология Auto-purge автоматически промывает группу, сокращая количество рутинных операций и помогая поддерживать чистоту оборудования в течение рабочего дня. Кофемашина оснащена двумя высокими группами, сенсорным дисплеем, LED-подсветкой рабочей зоны и паровыми кранами Cool Touch. На каждой группе предусмотрено 5 программируемых кнопок для быстрого выбора необходимого объёма напитка. Корпус выполнен из нержавеющей стали в матовом чёрном цвете или матово белом цвете — практичное и эффектное решение для современной кофейни. Ключевые характеристики: 2 группы • 220 В • высокие группы • NEO • TERS • Auto-purge • Cool Touch • сенсорный дисплей • LED-подсветка • 5 программируемых дозировок на каждой группе • паровой бойлер 8 л • подключение к водопроводу • матовый чёрный корпус или матоый белый корпус Производительность — от 500 чашек в день. Запрос о покупке можете направить на: titova@trapeza.ru, kulinich@trapeza.ru; Кофемолка MY75, MYG75, MY85, MYG85 — Профессиональная кофемолка-дозатор с высокой производительностью и точным контролем параметров помола, рассчитанная на интенсивную работу в кофейне. Кофемолка оснащена сенсорным Touchscreen-дисплеем с возможностью программирования до 3 порций, настройки температуры и контроля расстояния между жерновами. Микрометрическая регулировка позволяет точно настроить степень помола под выбранный рецепт. Система Clima Pro контролирует температуру жерновов, а двойная вентиляция обеспечивает эффективное охлаждение двигателя при интенсивной работе. Технология Clump Crusher помогает получить равномерный и однородный помол без образования комков. Жернова диаметром 75 мм обеспечивают высокую скорость работы — порция перемалывается примерно за 2,7–3,5 секунды. Производительность кофемолки составляет до 10 кг кофе в день, а вместимость бункера для зерна — 1,5 кг. Предусмотрены автоматический, ручной и непрерывный режимы работы, программирование отложенного старта, защита двигателя от перегрева и держатель холдера для работы без помощи рук. Съёмный бункер позволяет безопасно извлекать его даже при наличии зерна. Корпус выполнен из нержавеющей стали. Кофемолка доступна в белом и чёрном цветах. Ключевые характеристики: сенсорный Touchscreen-дисплей • жернова 75 мм • Clima Pro • Clump Crusher • микрометрическая регулировка • до 3 программируемых порций • скорость помола 2,7–3,5 сек. • бункер 1,5 кг • производительность до 10 кг/день • белый или чёрный цвет корпуса. Также доступны версии MYG75, MY85 и MYG85. Для уточнения стоимости и получения предложения по нужной версии направьте запрос на: titova@trapeza.ru kulinich@trapeza.ru; Appia Viva VOL 2 группы — Профессиональная двухгруппная кофемашина для кофеен со средней и высокой нагрузкой, сочетающая стабильность экстракции, удобное управление и современный дизайн. Фирменная система SIS (Soft Infusion System) оптимизирует процесс предварительного заваривания и помогает компенсировать небольшие ошибки при трамбовке кофе, обеспечивая более стабильную и равномерную экстракцию. На каждой группе предусмотрен отдельный дисплей для отображения времени экстракции. PID-контроль позволяет точно управлять температурными параметрами и поддерживать стабильность работы в течение дня. Медный бойлер объёмом 11 л с улучшенной теплоизоляцией обеспечивает стабильную работу с большим количеством напитков. Новая система изоляции позволяет снизить энергопотребление на 7% по сравнению с Appia Life. Паровой кран из нержавеющей стали с системой Push&Pull обеспечивает удобное управление подачей пара. Машина также оснащена краном горячей воды с экономайзером, автоматической дозировкой, фронтальной LED-подсветкой рабочей зоны и подсветкой логотипа на задней панели. Ключевые характеристики: 2 высокие группы • 220 В • SIS • PID-контроль • Touchscreen-дисплей • дисплеи времени экстракции на каждой группе • бойлер 11 л • Push&Pull • экономайзер • LED-подсветка рабочей зоны и логотипа • подключение к водопроводу. Производительность — до 250 чашек в день. Кофемашина доступна в гранатовом, белом и чёрном цветах. Наличие конкретного цвета и актуальную стоимость можно уточнить по запросу: titova@trapeza.ru kulinich@trapeza.ru; 3TEMP PULS — Профессиональная капельная кофеварка для быстрого приготовления больших объёмов фильтр-кофе непосредственно в термос. Подходит для кофеен, ресторанов, отелей, офисов и других форматов с высоким потреблением напитка. Кофеварка позволяет готовить как классический Hot Brew Batch, так и Cold Brew. Производительность составляет до 20 л/ч (около 200 чашек в час), а готовый напиток заваривается непосредственно в термос объёмом 2,5 л, входящий в комплект. Система управления позволяет независимо задавать температуру для трёх этапов приготовления: блуминга (предсмачивания), экстракции и постэкстракции, обеспечивая точный контроль процесса заваривания. В памяти можно сохранить до 8 рецептов, что позволяет быстро переключаться между разными сортами кофе и параметрами приготовления. Корзина рассчитана на загрузку до 210 г молотого кофе. Время приготовления классического фильтр-кофе — до 8 минут, Cold Brew — до 20 минут. Предусмотрены подключение к водопроводу и LAN-подключение к сети. Ключевые характеристики: производительность 20 л/ч • термос 2,5 л • Hot Brew Batch • Cold Brew • 8 программируемых рецептов • независимый контроль трёх температурных фаз • загрузка до 210 г кофе • электронное управление • подключение к водопроводу • LAN. В комплекте: термос 2,5 л • 20 бумажных фильтров • панель управления с 6 кнопками • корзина для заваривания. Наличие и актуальную стоимость можно уточнить по запросу: titova@trapeza.ru kulinich@trapeza.ru",VICTORIA ARDUINO,https://www.trapeza.ru,titova@trapeza.ru; kulinich@trapeza.ru,8(495)956-40-00,https://pirexpo.com/exposition/all-exhibitors/1926,1926,include,"VICTORIA ARDUINO | Кофемашины; Эспрессо кофемолки; Запасные части для кофемашин | Eagle One 2 группы (White/Black) — Victoria Arduino Eagle One 2 gr 220V LED (White или Black) Профессиональная двухгруппная кофемашина премиум-класса в эффектном белом корпусе. Eagle One создана для кофеен с высокой нагрузкой, где важны стабильность, скорость работы и точный контроль каждого напитка. Технология NEO (New Engine Optimization) обеспечивает высокую производительность при сниженном энергопотреблении, а система TERS повторно использует тепловую энергию сбрасываемой воды для предварительного нагрева поступающей воды. VIS (Virtual Intelligent Scale) помогает контролировать объём напитка без использования отдельных весов: система рассчитывает количество воды, поступающей в чашку, и автоматически останавливает пролив при достижении заданного значения. Это помогает бариста поддерживать стабильность рецепта и ускоряет работу в часы пик. Независимые кофейные бойлеры обеспечивают точный температурный контроль, а паровой бойлер объёмом 7 л — стабильную работу с молочными напитками при высокой загрузке. Паровые краны Cool Touch делают ежедневную работу бариста комфортнее и безопаснее. Кофемашина оснащена сенсорным цветным дисплеем, отдельными дисплеями для каждой группы, LED-подсветкой рабочей зоны и задней панели, системой Autopurge для автоматической промывки групп, двумя паровыми кранами Cool Touch. Ключевые характеристики: 2 группы • 220 В • высота групп 125 мм • NEO • TERS • VIS • Autopurge • Cool Touch • Bluetooth • LED-подсветка • подключение к водопроводу • доступна в белом или черном",parsed_official_pirexpo_api,,2026-10-05T08:23:57Z,pir-expo-2026-official-pirexpo-api-signo-v1.0.2-service-product-leakage-remediation,ok,kept: official PIR Russian-market row with HoReCa product/category evidence,product_evidence,new,no exact email or safe company-owned domain match in current Twenty repeat index,,,,titova@trapeza.ru; kulinich@trapeza.ru,trapeza.ru,official_pirexpo_brand_list_api,,skipped_official_email_present,,,titova@trapeza.ru,official API email
ПИР Экспо 2026,26–29 октября 2026,NUOVA SIMONELLI,NUOVA SIMONELLI,Кофемашины; Эспрессо кофемолки; Запасные части для кофемашин,Россия / российский рынок,Москва,,"зал 13, стенд 1D120",13,Кофемашины; Эспрессо кофемолки; Запасные части для кофемашин,"Eagle One 2 группы (White/Black) — Victoria Arduino Eagle One 2 gr 220V LED (White или Black) Профессиональная двухгруппная кофемашина премиум-класса в эффектном белом корпусе. Eagle One создана для кофеен с высокой нагрузкой, где важны стабильность, скорость работы и точный контроль каждого напитка. Технология NEO (New Engine Optimization) обеспечивает высокую производительность при сниженном энергопотреблении, а система TERS повторно использует тепловую энергию сбрасываемой воды для предварительного нагрева поступающей воды. VIS (Virtual Intelligent Scale) помогает контролировать объём напитка без использования отдельных весов: система рассчитывает количество воды, поступающей в чашку, и автоматически останавливает пролив при достижении заданного значения. Это помогает бариста поддерживать стабильность рецепта и ускоряет работу в часы пик. Независимые кофейные бойлеры обеспечивают точный температурный контроль, а паровой бойлер объёмом 7 л — стабильную работу с молочными напитками при высокой загрузке. Паровые краны Cool Touch делают ежедневную работу бариста комфортнее и безопаснее. Кофемашина оснащена сенсорным цветным дисплеем, отдельными дисплеями для каждой группы, LED-подсветкой рабочей зоны и задней панели, системой Autopurge для автоматической промывки групп, двумя паровыми кранами Cool Touch. Ключевые характеристики: 2 группы • 220 В • высота групп 125 мм • NEO • TERS • VIS • Autopurge • Cool Touch • Bluetooth • LED-подсветка • подключение к водопроводу • доступна в белом или черном корпусе Производительность — от 500 чашек в день. Запрос о покупке можете направить на: titova@trapeza.ru, kulinich@trapeza.ru; Black Eagle Maverick 2 группы (Black и White) — Профессиональная двухгруппная кофемашина премиум-класса, созданная для максимального контроля над экстракцией и стабильного результата даже при высокой нагрузке. Технология T3 Genius обеспечивает независимый контроль температуры и высокую термостабильность благодаря системе из трёх бойлеров: парового объёмом 8 л и двух кофейных бойлеров по 0,7 л для каждой группы. Система Gravimetric со встроенными весами позволяет программировать напиток по весу непосредственно в чашке и автоматически останавливать экстракцию при достижении заданного значения. Это обеспечивает высокую повторяемость рецептов и упрощает работу бариста. Технология PureBrew расширяет возможности Maverick за пределы эспрессо и позволяет готовить фильтр-кофе непосредственно на кофемашине с помощью специального холдера из нержавеющей стали, входящего в стандартную комплектацию. Система HEES (High Extraction Efficiency System) разработана для повышения эффективности экстракции и более полного раскрытия вкусоароматического потенциала кофе. Кофемашина оснащена цветным сенсорным дисплеем, отдельными LCD-дисплеями для каждой группы, системой Autopurge для автоматической промывки групп, двумя паровыми кранами Cool Touch с вращением на 360° и системой Push&Pull для удобного управления подачей пара. Система TERS использует тепловую энергию сбрасываемой воды для предварительного нагрева поступающей воды, повышая энергоэффективность машины. Корпус выполнен из алюминия и нержавеющей стали в матовом чёрном цвете или белом (в комплекте дополнительный красный логотип для задней панели). Ключевые характеристики: 2 группы • 220 В • высота групп 100 мм • Gravimetric • встроенные весы • T3 Genius • PureBrew • HEES • TERS • Autopurge • Cool Touch • Push&Pull • PID-контроль • автоматическая программа мойки • подключение к водопроводу. Производительность — от 500 чашек в день. Запрос о покупке можете направить на: titova@trapeza.ru, kulinich@trapeza.ru; Eagle Tempo 2 группы (White или Black) — Профессиональная двухгруппная кофемашина, созданная для кофеен с высокой нагрузкой, где важны производительность, стабильность и скорость работы бариста. Технология NEO (New Engine Optimization) обеспечивает высокую производительность при сниженном энергопотреблении. Независимые кофейные бойлеры объёмом 0,14 л для каждой группы обеспечивают стабильный температурный режим, а паровой бойлер объёмом 8 л позволяет уверенно работать с большим потоком молочных напитков. Система TERS повторно использует тепловую энергию сбрасываемой воды для предварительного нагрева поступающей воды, повышая энергоэффективность кофемашины. Технология Auto-purge автоматически промывает группу, сокращая количество рутинных операций и помогая поддерживать чистоту оборудования в течение рабочего дня. Кофемашина оснащена двумя высокими группами, сенсорным дисплеем, LED-подсветкой рабочей зоны и паровыми кранами Cool Touch. На каждой группе предусмотрено 5 программируемых кнопок для быстрого выбора необходимого объёма напитка. Корпус выполнен из нержавеющей стали в матовом чёрном цвете или матово белом цвете — практичное и эффектное решение для современной кофейни. Ключевые характеристики: 2 группы • 220 В • высокие группы • NEO • TERS • Auto-purge • Cool Touch • сенсорный дисплей • LED-подсветка • 5 программируемых дозировок на каждой группе • паровой бойлер 8 л • подключение к водопроводу • матовый чёрный корпус или матоый белый корпус Производительность — от 500 чашек в день. Запрос о покупке можете направить на: titova@trapeza.ru, kulinich@trapeza.ru; Кофемолка MY75, MYG75, MY85, MYG85 — Профессиональная кофемолка-дозатор с высокой производительностью и точным контролем параметров помола, рассчитанная на интенсивную работу в кофейне. Кофемолка оснащена сенсорным Touchscreen-дисплеем с возможностью программирования до 3 порций, настройки температуры и контроля расстояния между жерновами. Микрометрическая регулировка позволяет точно настроить степень помола под выбранный рецепт. Система Clima Pro контролирует температуру жерновов, а двойная вентиляция обеспечивает эффективное охлаждение двигателя при интенсивной работе. Технология Clump Crusher помогает получить равномерный и однородный помол без образования комков. Жернова диаметром 75 мм обеспечивают высокую скорость работы — порция перемалывается примерно за 2,7–3,5 секунды. Производительность кофемолки составляет до 10 кг кофе в день, а вместимость бункера для зерна — 1,5 кг. Предусмотрены автоматический, ручной и непрерывный режимы работы, программирование отложенного старта, защита двигателя от перегрева и держатель холдера для работы без помощи рук. Съёмный бункер позволяет безопасно извлекать его даже при наличии зерна. Корпус выполнен из нержавеющей стали. Кофемолка доступна в белом и чёрном цветах. Ключевые характеристики: сенсорный Touchscreen-дисплей • жернова 75 мм • Clima Pro • Clump Crusher • микрометрическая регулировка • до 3 программируемых порций • скорость помола 2,7–3,5 сек. • бункер 1,5 кг • производительность до 10 кг/день • белый или чёрный цвет корпуса. Также доступны версии MYG75, MY85 и MYG85. Для уточнения стоимости и получения предложения по нужной версии направьте запрос на: titova@trapeza.ru kulinich@trapeza.ru; Appia Viva VOL 2 группы — Профессиональная двухгруппная кофемашина для кофеен со средней и высокой нагрузкой, сочетающая стабильность экстракции, удобное управление и современный дизайн. Фирменная система SIS (Soft Infusion System) оптимизирует процесс предварительного заваривания и помогает компенсировать небольшие ошибки при трамбовке кофе, обеспечивая более стабильную и равномерную экстракцию. На каждой группе предусмотрен отдельный дисплей для отображения времени экстракции. PID-контроль позволяет точно управлять температурными параметрами и поддерживать стабильность работы в течение дня. Медный бойлер объёмом 11 л с улучшенной теплоизоляцией обеспечивает стабильную работу с большим количеством напитков. Новая система изоляции позволяет снизить энергопотребление на 7% по сравнению с Appia Life. Паровой кран из нержавеющей стали с системой Push&Pull обеспечивает удобное управление подачей пара. Машина также оснащена краном горячей воды с экономайзером, автоматической дозировкой, фронтальной LED-подсветкой рабочей зоны и подсветкой логотипа на задней панели. Ключевые характеристики: 2 высокие группы • 220 В • SIS • PID-контроль • Touchscreen-дисплей • дисплеи времени экстракции на каждой группе • бойлер 11 л • Push&Pull • экономайзер • LED-подсветка рабочей зоны и логотипа • подключение к водопроводу. Производительность — до 250 чашек в день. Кофемашина доступна в гранатовом, белом и чёрном цветах. Наличие конкретного цвета и актуальную стоимость можно уточнить по запросу: titova@trapeza.ru kulinich@trapeza.ru; 3TEMP PULS — Профессиональная капельная кофеварка для быстрого приготовления больших объёмов фильтр-кофе непосредственно в термос. Подходит для кофеен, ресторанов, отелей, офисов и других форматов с высоким потреблением напитка. Кофеварка позволяет готовить как классический Hot Brew Batch, так и Cold Brew. Производительность составляет до 20 л/ч (около 200 чашек в час), а готовый напиток заваривается непосредственно в термос объёмом 2,5 л, входящий в комплект. Система управления позволяет независимо задавать температуру для трёх этапов приготовления: блуминга (предсмачивания), экстракции и постэкстракции, обеспечивая точный контроль процесса заваривания. В памяти можно сохранить до 8 рецептов, что позволяет быстро переключаться между разными сортами кофе и параметрами приготовления. Корзина рассчитана на загрузку до 210 г молотого кофе. Время приготовления классического фильтр-кофе — до 8 минут, Cold Brew — до 20 минут. Предусмотрены подключение к водопроводу и LAN-подключение к сети. Ключевые характеристики: производительность 20 л/ч • термос 2,5 л • Hot Brew Batch • Cold Brew • 8 программируемых рецептов • независимый контроль трёх температурных фаз • загрузка до 210 г кофе • электронное управление • подключение к водопроводу • LAN. В комплекте: термос 2,5 л • 20 бумажных фильтров • панель управления с 6 кнопками • корзина для заваривания. Наличие и актуальную стоимость можно уточнить по запросу: titova@trapeza.ru kulinich@trapeza.ru",VICTORIA ARDUINO,https://www.trapeza.ru,titova@trapeza.ru; kulinich@trapeza.ru,8(495)956-40-00,https://pirexpo.com/exposition/all-exhibitors/2647,2647,include,"NUOVA SIMONELLI | Кофемашины; Эспрессо кофемолки; Запасные части для кофемашин | Eagle One 2 группы (White/Black) — Victoria Arduino Eagle One 2 gr 220V LED (White или Black) Профессиональная двухгруппная кофемашина премиум-класса в эффектном белом корпусе. Eagle One создана для кофеен с высокой нагрузкой, где важны стабильность, скорость работы и точный контроль каждого напитка. Технология NEO (New Engine Optimization) обеспечивает высокую производительность при сниженном энергопотреблении, а система TERS повторно использует тепловую энергию сбрасываемой воды для предварительного нагрева поступающей воды. VIS (Virtual Intelligent Scale) помогает контролировать объём напитка без использования отдельных весов: система рассчитывает количество воды, поступающей в чашку, и автоматически останавливает пролив при достижении заданного значения. Это помогает бариста поддерживать стабильность рецепта и ускоряет работу в часы пик. Независимые кофейные бойлеры обеспечивают точный температурный контроль, а паровой бойлер объёмом 7 л — стабильную работу с молочными напитками при высокой загрузке. Паровые краны Cool Touch делают ежедневную работу бариста комфортнее и безопаснее. Кофемашина оснащена сенсорным цветным дисплеем, отдельными дисплеями для каждой группы, LED-подсветкой рабочей зоны и задней панели, системой Autopurge для автоматической промывки групп, двумя паровыми кранами Cool Touch. Ключевые характеристики: 2 группы • 220 В • высота групп 125 мм • NEO • TERS • VIS • Autopurge • Cool Touch • Bluetooth • LED-подсветка • подключение к водопроводу • доступна в белом или черном ",parsed_official_pirexpo_api,,2026-10-05T08:23:57Z,pir-expo-2026-official-pirexpo-api-signo-v1.0.2-service-product-leakage-remediation,ok,kept: official PIR Russian-market row with HoReCa product/category evidence,product_evidence,new,no exact email or safe company-owned domain match in current Twenty repeat index,,,,titova@trapeza.ru; kulinich@trapeza.ru,trapeza.ru,official_pirexpo_brand_list_api,,skipped_official_email_present,,,titova@trapeza.ru,official API email
ПИР Экспо 2026,26–29 октября 2026,ICE FRESH,ICE FRESH,Продукты для здорового питания; Готовая еда; готовые блюда; соки,Россия / российский рынок,Москва,,"зал 13, стенд 1A30",13,Продукты для здорового питания; Готовая еда; готовые блюда; соки,"ООО ""Айс фреш"" занимается производством и поставкой натуральных замороженных фрешей под брендом “Айс фреш”. Выжимаем сок в Турции. Замораживаем шоковой заморозкой. Везем в Россию. Срок хранения в замороженном виде, при температуре -18С, 24 мес. После разморозки, срок хранения 72 часа при температуре +2С - +6С. Мы уже поставляем соки в магазины, рестораны и кофейни: Дринк Ит, Рокетс, Андерсон, Вкус Вилл, Кофемания Без тпрелок и пищевые производства. Соки Айс фреш отжимаются на месте созревания плодов, в солнечной Турции. Шоковая заморозка надолго сохраняет максимальное количество витаминов, великолепный вкус и бесподобный аромат. На сегодняшний день есть 6 вкусов: 1) Апельсиновый; 2) Муркоттовый (из гибрида сладкого апельсина и мандарина); 3) Гранатовый; 4) Лимонный; 5) Грейпфрутовый; 6) Мандариновый; Закажите образцы любым удобным вам способом.",ICE FRESH,https://icefreshjuice.ru,contact@icefreshjuice.ru,8 800 350 51 41,https://pirexpo.com/exposition/all-exhibitors/2499,2499,include,"ICE FRESH | Продукты для здорового питания; Готовая еда; готовые блюда; соки | ООО ""Айс фреш"" занимается производством и поставкой натуральных замороженных фрешей под брендом “Айс фреш”. Выжимаем сок в Турции. Замораживаем шоковой заморозкой. Везем в Россию. Срок хранения в замороженном виде, при температуре -18С, 24 мес. После разморозки, срок хранения 72 часа при температуре +2С - +6С. Мы уже поставляем соки в магазины, рестораны и кофейни: Дринк Ит, Рокетс, Андерсон, Вкус Вилл, Кофемания Без тпрелок и пищевые производства. Соки Айс фреш отжимаются на месте созревания плодов, в солнечной Турции. Шоковая заморозка надолго сохраняет максимальное количество витаминов, великолепный вкус и бесподобный аромат. На сегодняшний день есть 6 вкусов: 1) Апельсиновый; 2) Муркотто",parsed_official_pirexpo_api,,2026-10-05T08:23:57Z,pir-expo-2026-official-pirexpo-api-signo-v1.0.2-service-product-leakage-remediation,ok,kept: official PIR Russian-market row with HoReCa product/category evidence,product_evidence,new,no exact email or safe company-owned domain match in current Twenty repeat index,,,,contact@icefreshjuice.ru,icefreshjuice.ru,official_pirexpo_brand_list_api,,skipped_official_email_present,,,contact@icefreshjuice.ru,official API email
ПИР Экспо 2026,26–29 октября 2026,ROOMERS,ROOMERS,"Кофемашины; Мебель для ресторанов, кафе и иных предприятий питания; Мебель для летних кафе, уличная мебель; Предметы интерьера; Гостиничная и корпусная мебель; Мягкая мебель; Тенты и зонты; Посуда для приготовления пищи; Контейнеры, миски, емкости; Уличная мебель; Ложки; Сервировочные чайники; Термосы; Чайники; Профессиональная посуда; Барное стекло; Барный инвентарь; Столовые приборы; Предметы сервировки; Одноразовая посуда",Россия / российский рынок,Москва,,"зал 14, стенд 2F40",14,"Кофемашины; Мебель для ресторанов, кафе и иных предприятий питания; Мебель для летних кафе, уличная мебель; Предметы интерьера; Гостиничная и корпусная мебель; Мягкая мебель; Тенты и зонты; Посуда для приготовления пищи; Контейнеры, миски, емкости; Уличная мебель; Ложки; Сервировочные чайники; Термосы; Чайники; Профессиональная посуда; Барное стекло; Барный инвентарь; Столовые приборы; Предметы сервировки; Одноразовая посуда; Упаковка для доставки (to-go); Предметы интерьера и декора","ROOMERS — эксперт в комплексном оснащении ресторанов, отелей и других проектов HoReCa. Компания реализует проекты в России, странах СНГ, на Ближнем Востоке и в Европе, предлагая профессиональную посуду, мебель, предметы интерьера и аксессуары от ведущих мировых брендов. ROOMERS сотрудничает с рестораторами, отельерами, архитекторами и дизайнерами, объединяя эстетику, функциональность и качество в комплексных решениях для индустрии гостеприимства.",ROOMERS,https://roomerspro.com,info@roomerspro.com,+7(495) 478-12-66,https://pirexpo.com/exposition/all-exhibitors/2165,2165,include,"ROOMERS | Кофемашины; Мебель для ресторанов, кафе и иных предприятий питания; Мебель для летних кафе, уличная мебель; Предметы интерьера; Гостиничная и корпусная мебель; Мягкая мебель; Тенты и зонты; Посуда для приготовления пищи; Контейнеры, миски, емкости; Уличная мебель; Ложки; Сервировочные чайники; Термосы; Чайники; Профессиональная посуда; Барное стекло; Барный инвентарь; Столовые приборы; Предметы сервировки; Одноразовая посуда | ROOMERS — эксперт в комплексном оснащении ресторанов, отелей и других проектов HoReCa. Компания реализует проекты в России, странах СНГ, на Ближнем Востоке и в Европе, предлагая профессиональную посуду, мебель, предметы интерьера и аксессуары от ведущих мировых брендов. ROOMERS сотрудничает с рестораторами, отельерами, архитекторами и дизайнерами, объединяя эстетику, функциональность и качество в комплексных решениях для индустрии гостеприимства.",parsed_official_pirexpo_api,,2026-10-05T08:23:57Z,pir-expo-2026-official-pirexpo-api-signo-v1.0.2-service-product-leakage-remediation,ok,kept: official PIR Russian-market row with HoReCa product/category evidence,product_evidence,new,no exact email or safe company-owned domain match in current Twenty repeat index,,,,info@roomerspro.com,roomerspro.com,official_pirexpo_brand_list_api,,skipped_official_email_present,,,info@roomerspro.com,official API email
ПИР Экспо 2026,26–29 октября 2026,ИНВИ,ИНВИ,"Рукавицы пекарские универсальные SN7992 - 432 мм, до 205C (1 пара) — Рукавицы пекарские предназначены для надежной защиты рук от ожогов и механических повреждений работников хлебопекарного производства. Температурный режим до 205 градусов.; INVI Коврик силиконовый 0,7 мм 600*400 — Антипригарные термостойкие силиконовые коврики “ИНВИ” позволяют выпекать изделия без предварительного смазывания противней. Исключают пригорание и прилипание хлебобулочных изделий, улучшают пропекание и внешний вид, позволяют реже проводить профилактические остановки оборудования. На ковриках возможен выпуск широкого ассортимента выпечки: хлебобулочные и сдобные изделия, в том числе с начинкой, бисквиты, сухарно-бараночная, кондитерская продукция и т.д. Также коврики используются для замеса и расстойки теста, заморозки полуфабрикатов. Применяются в качестве поверхности для раскатывания теста, шторок для термооборудования туннельного типа, подложки для термообработки. Срок службы – свыше 3000 циклов. Предлагаемые размеры: 400х600 мм, 580х780 мм, толщина 0,7 мм. - Рабочая температура от -40°С до +250°С (кратковременно до +300°С) - Устойчивы к воздействию воды, растворов солей, спиртов, масел, слабых кислот и щелочей - Материал имеет две рабочие стороны - Сохраняет эластичность при низких температурах - Допускается обработка горячим воздухом и водяным паром (до +135°С) - Для очистки достаточно протереть влажной салфеткой или промыть под струей воды, при необходимости возможно использование мягких моющих средств Проведенный анализ отзывов хлебопекарных предприятий показал высокую рентабельность применения силиконовых ковриков “ИНВИ” 0,7 мм. Использование ковриков сократило потребление пищевых жиров на 50%, бумаги для выпечки - на 100 %. При этом значительно увеличился срок службы пекарной оснастки – на 30%.; INVI Коврик силиконовый перфорированный 0,7 мм 600*400 мм ИНВИ — Антипригарные термостойкие силиконовые коврики “ИНВИ” позволяют выпекать изделия без предварительного смазывания противней. Исключают пригорание и прилипание хлебобулочных изделий, улучшают пропекание и внешний вид, позволяют реже проводить профилактические остановки оборудования. На ковриках возможен выпуск широкого ассортимента выпечки: хлебобулочные и сдобные изделия, в том числе с начинкой, бисквиты, сухарно-бараночная, кондитерская продукция и т.д. Также коврики используются для замеса и расстойки теста, заморозки полуфабрикатов. Применяются в качестве поверхности для раскатывания теста, шторок для термооборудования туннельного типа, подложки для термообработки. Срок службы – свыше 3000 циклов. Предлагаемые размеры: 400х600 мм, 580х780 мм, толщина 0,7 мм. - Рабочая температура от -40°С до +250°С (кратковременно до +300°С) - Устойчивы к воздействию воды, растворов солей, спиртов, масел, слабых кислот и щелочей - Материал имеет две рабочие стороны - Сохраняет эластичность при низких температурах - Допускается обработка горячим воздухом и водяным паром (до +135°С) - Для очистки достаточно протереть влажной салфеткой или промыть под струей воды, при необходимости возможно использование мягких моющих средств Проведенный анализ отзывов хлебопекарных предприятий показал высокую рентабельность применения силиконовых ковриков “ИНВИ” 0,7 мм. Использование ковриков сократило потребление пищевых жиров на 50%, бумаги для выпечки - на 100 %. При этом значительно увеличился срок службы пекарной оснастки – на 30%.",российский рынок (официальный каталог ПИР Экспо; страна не указана),Москва,,"зал 15, стенд 3B51",15,,"Рукавицы пекарские универсальные SN7992 - 432 мм, до 205C (1 пара) — Рукавицы пекарские предназначены для надежной защиты рук от ожогов и механических повреждений работников хлебопекарного производства. Температурный режим до 205 градусов.; INVI Коврик силиконовый 0,7 мм 600*400 — Антипригарные термостойкие силиконовые коврики “ИНВИ” позволяют выпекать изделия без предварительного смазывания противней. Исключают пригорание и прилипание хлебобулочных изделий, улучшают пропекание и внешний вид, позволяют реже проводить профилактические остановки оборудования. На ковриках возможен выпуск широкого ассортимента выпечки: хлебобулочные и сдобные изделия, в том числе с начинкой, бисквиты, сухарно-бараночная, кондитерская продукция и т.д. Также коврики используются для замеса и расстойки теста, заморозки полуфабрикатов. Применяются в качестве поверхности для раскатывания теста, шторок для термооборудования туннельного типа, подложки для термообработки. Срок службы – свыше 3000 циклов. Предлагаемые размеры: 400х600 мм, 580х780 мм, толщина 0,7 мм. - Рабочая температура от -40°С до +250°С (кратковременно до +300°С) - Устойчивы к воздействию воды, растворов солей, спиртов, масел, слабых кислот и щелочей - Материал имеет две рабочие стороны - Сохраняет эластичность при низких температурах - Допускается обработка горячим воздухом и водяным паром (до +135°С) - Для очистки достаточно протереть влажной салфеткой или промыть под струей воды, при необходимости возможно использование мягких моющих средств Проведенный анализ отзывов хлебопекарных предприятий показал высокую рентабельность применения силиконовых ковриков “ИНВИ” 0,7 мм. Использование ковриков сократило потребление пищевых жиров на 50%, бумаги для выпечки - на 100 %. При этом значительно увеличился срок службы пекарной оснастки – на 30%.; INVI Коврик силиконовый перфорированный 0,7 мм 600*400 мм ИНВИ — Антипригарные термостойкие силиконовые коврики “ИНВИ” позволяют выпекать изделия без предварительного смазывания противней. Исключают пригорание и прилипание хлебобулочных изделий, улучшают пропекание и внешний вид, позволяют реже проводить профилактические остановки оборудования. На ковриках возможен выпуск широкого ассортимента выпечки: хлебобулочные и сдобные изделия, в том числе с начинкой, бисквиты, сухарно-бараночная, кондитерская продукция и т.д. Также коврики используются для замеса и расстойки теста, заморозки полуфабрикатов. Применяются в качестве поверхности для раскатывания теста, шторок для термооборудования туннельного типа, подложки для термообработки. Срок службы – свыше 3000 циклов. Предлагаемые размеры: 400х600 мм, 580х780 мм, толщина 0,7 мм. - Рабочая температура от -40°С до +250°С (кратковременно до +300°С) - Устойчивы к воздействию воды, растворов солей, спиртов, масел, слабых кислот и щелочей - Материал имеет две рабочие стороны - Сохраняет эластичность при низких температурах - Допускается обработка горячим воздухом и водяным паром (до +135°С) - Для очистки достаточно протереть влажной салфеткой или промыть под струей воды, при необходимости возможно использование мягких моющих средств Проведенный анализ отзывов хлебопекарных предприятий показал высокую рентабельность применения силиконовых ковриков “ИНВИ” 0,7 мм. Использование ковриков сократило потребление пищевых жиров на 50%, бумаги для выпечки - на 100 %. При этом значительно увеличился срок службы пекарной оснастки – на 30%.",INVI,,,,https://pirexpo.com/exposition/all-exhibitors/2567,2567,include,"ИНВИ | Рукавицы пекарские универсальные SN7992 - 432 мм, до 205C (1 пара) — Рукавицы пекарские предназначены для надежной защиты рук от ожогов и механических повреждений работников хлебопекарного производства. Температурный режим до 205 градусов.; INVI Коврик силиконовый 0,7 мм 600*400 — Антипригарные термостойкие силиконовые коврики “ИНВИ” позволяют выпекать изделия без предварительного смазывания противней. Исключают пригорание и прилипание хлебобулочных изделий, улучшают пропекание и внешний вид, позволяют реже проводить профилактические остановки оборудования. На ковриках возможен выпуск широкого ассортимента выпечки: хлебобулочные и сдобные изделия, в том числе с начинкой, бисквиты, сухарно-бараночная, кондитерская продукция и т.д. Также коврики используются для замеса и расстойки теста, заморозки полуфабрикатов. Применяются в качестве поверхности для раскатывания теста, шторок для термооборудования туннельного типа, подложки для термообработки. Срок службы – свыше 3000 циклов. Предлагаемые размеры: 400х600 мм, 580х780 мм, толщина 0,7 мм. - Рабочая температура от -40°С до +250°С (кратковременно до +300°С) - Устойчивы к воздействию воды, растворов солей, спиртов, масел, слабых кислот и щелочей - Материал имеет две рабочие стороны - Сохраняет эластичность при низких температурах - Допускается обработка горячим воздухом и водяным паром (до +135°С) - Для очистки достаточно протереть влажной салфеткой или промыть под струей воды, при необходимости возможно использование мягких моющих средств Проведенный анализ отзывов хлебопекарных предприятий показал высокую рентабельность",parsed_official_pirexpo_api,website; public_email,2026-10-05T08:23:57Z,pir-expo-2026-official-pirexpo-api-signo-v1.0.2-service-product-leakage-remediation,ok,kept: official PIR Russian-market row with HoReCa product/category evidence,product_evidence,new,no exact email or safe company-owned domain match in current Twenty repeat index,,,,,,official_pirexpo_brand_list_api,,skipped_no_website,,,,
ПИР Экспо 2026,26–29 октября 2026,BONFUSE,BONFUSE,Кофе,Россия / российский рынок,Москва,,"зал 13, стенд 1E110",13,,Обжариваем классический кофе для вашего бизнеса Объединяем традиции и современное качество обжарки,BONFUSE,https://bonfuse.ru,tj@bonfuse.ru,+79261112533,https://pirexpo.com/exposition/all-exhibitors/1961,1961,include,BONFUSE | Кофе | Обжариваем классический кофе для вашего бизнеса Объединяем традиции и современное качество обжарки,parsed_official_pirexpo_api,,2026-10-05T08:23:57Z,pir-expo-2026-official-pirexpo-api-signo-v1.0.2-service-product-leakage-remediation,ok,kept: official PIR Russian-market row with HoReCa product/category evidence,product_evidence,new,no exact email or safe company-owned domain match in current Twenty repeat index,,,,tj@bonfuse.ru,bonfuse.ru,official_pirexpo_brand_list_api,,skipped_official_email_present,,,tj@bonfuse.ru,official API email
ПИР Экспо 2026,26–29 октября 2026,MAXCOMFORT,MAXCOMFORT,Текстиль для гостиниц; Аксессуары,российский рынок (официальный каталог ПИР Экспо; страна не указана),Москва,,"зал 15, стенд 4M36",15,Текстиль для гостиниц; Аксессуары,"Завод производитель одноразовых тапочек для отелей с многолетней историей, который отвечает за качество и сроки перед клиентами!",MAXCOMFORT,,,,https://pirexpo.com/exposition/all-exhibitors/2394,2394,include,"MAXCOMFORT | Текстиль для гостиниц; Аксессуары | Завод производитель одноразовых тапочек для отелей с многолетней историей, который отвечает за качество и сроки перед клиентами!",parsed_official_pirexpo_api,website; public_email,2026-10-05T08:23:57Z,pir-expo-2026-official-pirexpo-api-signo-v1.0.2-service-product-leakage-remediation,ok,kept: official PIR Russian-market row with HoReCa product/category evidence,product_evidence,new,no exact email or safe company-owned domain match in current Twenty repeat index,,,,,,official_pirexpo_brand_list_api,,skipped_no_website,,,,
ПИР Экспо 2026,26–29 октября 2026,COFFEE STATION,COFFEE STATION,Кофе,российский рынок (официальный каталог ПИР Экспо; страна не указана),Москва,,"зал 13, стенд 1B96",13,,"Профессиональное оборудование для приготовления кофе: рожковые кофемашины и кофемолки — Распродаём оборудование со стенда Coffee Station: Выставочные образцы — −30% от розничной цены. Кофемашины Altrimo и кофемолки Innovix, работали только на выставке, полностью исправны, с гарантией. Количество ограничено — образцов всего несколько. Новое оборудование в заводской упаковке — −15% от розничной цены. Те же модели, партия ограничена. Предложение действует до 6.11.2026. Цена фиксируется при оплате счёта: сначала оплачивают те, кто успел, пока товар остаётся.",COFFEE STATION,,,,https://pirexpo.com/exposition/all-exhibitors/1970,1970,include,"COFFEE STATION | Кофе | Профессиональное оборудование для приготовления кофе: рожковые кофемашины и кофемолки — Распродаём оборудование со стенда Coffee Station: Выставочные образцы — −30% от розничной цены. Кофемашины Altrimo и кофемолки Innovix, работали только на выставке, полностью исправны, с гарантией. Количество ограничено — образцов всего несколько. Новое оборудование в заводской упаковке — −15% от розничной цены. Те же модели, партия ограничена. Предложение действует до 6.11.2026. Цена фиксируется при оплате счёта: сначала оплачивают те, кто успел, пока товар остаётся.",parsed_official_pirexpo_api,website; public_email,2026-10-05T08:23:57Z,pir-expo-2026-official-pirexpo-api-signo-v1.0.2-service-product-leakage-remediation,ok,kept: official PIR Russian-market row with HoReCa product/category evidence,product_evidence,new,no exact email or safe company-owned domain match in current Twenty repeat index,,,,,,official_pirexpo_brand_list_api,,skipped_no_website,,,,
ПИР Экспо 2026,26–29 октября 2026,"EQUIP GROUP (BEZERRA,VEMA, SCOTSMAN, WARING, GELPROM, STAF89, CARPINI, TAURUS)","EQUIP GROUP (BEZERRA,VEMA, SCOTSMAN, WARING, GELPROM, STAF89, CARPINI, TAURUS)",Профессиональная посуда; Барный инвентарь; Сиропы; Оборудование для ресторанов,российский рынок (официальный каталог ПИР Экспо; страна не указана),Москва,,"зал 14, стенд 2D48",14,,"МАШИНА КОТЛОМОЕЧНАЯ КУПОЛЬНАЯ DIHR HYDROPOWER — 720*735*1445, 380В, 10,2кВт, размер кассет 500*610мм, для инвентаря, котлов (макс. высота 550 мм), подносов 600х400 мм, гастроёмкостей GN 1/1 глубиной 20 мм, 8 программ(4 для подносов + 4 для тарелок), PLUS SYSTEM - ополаскивание водой строго 85°C и при постоянном давлении, 2 сливных насоса для тарелок и подносов; МАШИНА Д/МОЙКИ БУТЫЛОК DIHR BOTTLE COMBI ELECTRON PLUS — 600x610x850, 220-380В, 6.65кВт, размер кассет 500х500мм, 4 программы 80/100/180/240 кас/ч, электронная панель, Специальные рукава для мойки бутылок и специальная корзина для их правильной установки. Загрузка 12 бутылок, высотой не более 325 мм, комплект корзин С140/C44 в комплекте должен быть 435550 КОМПЛЕКТ Д/МЫТЬЯ БУТЫЛОК DIHR BOTTLE COMBI https://rtstore.ru/mashina-d_moyki-butylok-dihr-bottle-combi-electron-plus.html; МАШИНА КОТЛОМОЕЧНАЯ DIHR LP1 S8 PLUS — 690x800x1890/2275, 380В, 8 кВт, размер кассет 550х665мм, для инвентаря, котлов (макс. высота 805 мм), подносов 600х400 мм, гастроёмкостей GN 1/1 глубиной 20 мм, Дозатор ополас. средств, подключ.к гор.воде, электрон.управл. - 5 программ, PLUS - ополаскивание водой строго 85°C и при постоянном давлении; Витрина для мороженого CARPINI THOMAS TM 12SH — 1239x1095x1300 мм, 220 В, 1,078 кВт, 222 кг. Цвет отделки Белый. Температурный режим -22/-12°C. Вместимость 12 емкостей по 5 л (360х165х120 мм) или 8 емкостей по 7 л (360х250х80 мм) - емкости не входят в комплект. Охлаждение вентилируемое, двойной контур. Электронный контроллер, автоотайка, антизапотевание стекол, подсветка LED, раздвижные дверцы, колеса, регулируемые ножки. https://rtstore.ru/vitrina-dlya-morozhenogo-carpini-thomas-tm-12sh.html; Витрина для мороженого CARPINI SMART-03B настольная — 670x750x382 мм, 220 В, 180 Вт, 35 кг. Цвет отделки Белый. Температурный режим -22/-12°C, вместимость, 3 емкости по 5 л (360х165х120 мм) - емкости не входят в комплект. Охлаждение статическое, электронный контроллер, подсветка LED https://rtstore.ru/vitrina-dlya-morozhenogo-carpini-smart_03b-nastolnaya.html; ЛЬДОГЕНЕРАТОР SCOTSMAN EXG M 87 AS — 540x555x800мм, 220В, 40кг/сут, бункер 21 кг, кубик ""Гурмэ"" 30х30х34мм, 20г, воздушное охлаждение, с системой XSafe, R290 https://rtstore.ru/ldogenerator-scotsman-exg-m-87-as.html; ЛЬДОГЕНЕРАТОР SCOTSMAN EXS M 87 AS — 485x575x816мм, 220В, 44кг/сут, бункер 17 кг, кубик 30х30х30мм, 27г, воздушное охлаждение, с системой XSafe, R290 https://rtstore.ru/ldogenerator-scotsman-exs-87-as.html; ЛЬДОГЕНЕРАТОР SCOTSMAN MXF 427 AS OX — 560х615х600мм, 0,75кВт, 220В, 200 кг/сут, гранулы, без бункера, с системой XSafe, дисплей Touch & Smart, R290 https://rtstore.ru/ldogenerator-scotsman-mxf-427-as-ox.html",EQUIPGROUP,,,,https://pirexpo.com/exposition/all-exhibitors/2680,2680,include,"EQUIP GROUP (BEZERRA,VEMA, SCOTSMAN, WARING, GELPROM, STAF89, CARPINI, TAURUS) | Профессиональная посуда; Барный инвентарь; Сиропы; Оборудование для ресторанов | МАШИНА КОТЛОМОЕЧНАЯ КУПОЛЬНАЯ DIHR HYDROPOWER — 720*735*1445, 380В, 10,2кВт, размер кассет 500*610мм, для инвентаря, котлов (макс. высота 550 мм), подносов 600х400 мм, гастроёмкостей GN 1/1 глубиной 20 мм, 8 программ(4 для подносов + 4 для тарелок), PLUS SYSTEM - ополаскивание водой строго 85°C и при постоянном давлении, 2 сливных насоса для тарелок и подносов; МАШИНА Д/МОЙКИ БУТЫЛОК DIHR BOTTLE COMBI ELECTRON PLUS — 600x610x850, 220-380В, 6.65кВт, размер кассет 500х500мм, 4 программы 80/100/180/240 кас/ч, электронная панель, Специальные рукава для мойки бутылок и специальная корзина для их правильной установки. Загрузка 12 бутылок, высотой не более 325 мм, комплект корзин С140/C44 в комплекте должен быть 435550 КОМПЛЕКТ Д/МЫТЬЯ БУТЫЛОК DIHR BOTTLE COMBI https://rtstore.ru/mashina-d_moyki-butylok-dihr-bottle-combi-electron-plus.html; МАШИНА КОТЛОМОЕЧНАЯ DIHR LP1 S8 PLUS — 690x800x1890/2275, 380В, 8 кВт, размер кассет 550х665мм, для инвентаря, котлов (макс. высота 805 мм), подносов 600х400 мм, гастроёмкостей GN 1/1 глубиной 20 мм, Дозатор ополас. средств, подключ.к гор.воде, электрон.управл. - 5 программ, PLUS - ополаскивание водой строго 85°C и при постоянном давлении; Витрина для мороженого CARPINI THOMAS TM 12SH — 1239x1095x1300 мм, 220 В, 1,078 кВт, 222 кг. Цвет отделки Белый. Температурный режим -22/-12°C. Вместимость 12 емкостей по 5 л (360х165х120 мм) или 8 емкостей по 7 л (360х250х80 мм) - емкости не входят ",parsed_official_pirexpo_api,website; public_email,2026-10-05T08:23:57Z,pir-expo-2026-official-pirexpo-api-signo-v1.0.2-service-product-leakage-remediation,ok,kept: official PIR Russian-market row with HoReCa product/category evidence,product_evidence,new,no exact email or safe company-owned domain match in current Twenty repeat index,,,,,,official_pirexpo_brand_list_api,,skipped_no_website,,,,
